x1,x2,x3,x4,y
-3.4642279921133423,11.525302341108898,9.170473393470214,18.13273347409382,1.0
1.536592332818717,11.467787625013742,4.4203107829886195,8.011600522238725,1.0
-2.096557277410122,7.941957238790992,15.803884044647601,-11.819868779025722,1.0
-2.63763649841286,7.5822542225320495,15.95224676353112,-3.478216174604842,1.0
-6.085391002302078,5.395429431730053,10.176291138424494,7.8900396619420725,1.0
-5.308774912113432,13.506908702362777,15.740194769782068,13.910194822651594,1.0
-1.591517176847356,13.785447496246082,18.647898097424097,12.75184403085881,1.0
-0.8486512120766516,12.553175812849714,19.01847396882303,12.84178685506079,1.0
4.171537334259833,15.022057558943334,17.52368024033161,-8.202669904602619,1.0
0.02127612390284117,13.655863770089754,12.693460031145236,1.964071135195681,1.0
-5.6416280691613405,15.335667775074445,3.005472170505433,-0.5357188457319388,1.0
0.32172893307265094,12.511026702252087,-4.7287653757443735,2.348313715188663,1.0
-1.959543197988996,7.192583153247731,16.12581001063036,-0.3206625161388992,1.0
-1.764058231568864,15.534014435522366,4.441404773794215,10.53892751947049,1.0
1.0484065645686798,15.127950645276524,3.694391815340431,9.517074013443478,1.0
-6.136781651256161,9.842877274516665,4.605369160867692,-9.668600166514512,1.0
6.43368126454604,11.613260768066592,3.8226116037608824,11.206714872006636,1.0
12.067785388294446,14.95942734086125,8.079149803518863,-3.018948856071249,1.0
4.5892508066250315,13.08636637411658,13.165493508948359,-0.274500116188384,1.0
-4.318572384200027,8.065475873904175,6.424175097469408,10.811371202836764,1.0
-11.282699508915217,10.208802902061382,-3.798808530756861,12.144625621169144,1.0
-3.804617106224975,8.083210603443415,-5.837654975995142,-12.329599876992123,1.0
0.33818973934535224,3.6909497506985662,3.6304752394986064,-13.461299556171882,1.0
-1.8751955881289402,4.976850634585496,6.273577974910145,-2.4761620263533457,1.0
-6.424763981846348,10.262425437450503,6.1341421369644555,-0.8132343685421146,1.0
-4.822324893208709,11.724471949171924,11.498537779538111,5.764946548381614,1.0
-0.2656226443840304,9.38191846547752,20.721822448638747,9.011210306696611,1.0
-1.3082067272133062,9.766788077421596,27.118649768567472,-4.423990295142821,1.0
-11.238863925586218,10.486683163929406,18.435183144606444,10.772487649958542,1.0
-11.133492847873384,9.764926657870099,9.870088095899312,-17.79978938516879,1.0
-1.4110119176763507,9.107807882253535,11.031288320798474,-8.909799750865643,1.0
-3.656820600576564,15.546077552124663,14.20239480472863,-31.794254381286972,1.0
-19.915036350839785,16.890646114958443,16.749207306581397,-14.270236011787038,1.0
-12.024849849308886,12.037110666952204,0.6534538644722048,-13.577001145712757,1.0
-3.7532257896216463,11.46567945887426,-0.5235182516702537,10.438414259598693,1.0
-4.679224528835342,11.055804925209895,-7.931318599617768,3.5744323546844132,1.0
4.524300891448854,15.879384256488073,6.173761899121126,16.632143834279375,1.0
-1.7018910639654146,4.675356928018415,4.82083412079069,-1.306676282738822,1.0
7.581331001344739,4.386112542757056,7.991861878070615,3.316923147220569,1.0
-0.9503557191638476,9.484302383807547,14.977970989758798,7.115835848548377,1.0
-4.330208518498164,11.527862309323282,7.666779233429052,20.618956190294885,1.0
-5.326423973566731,11.670043823642654,16.386954290612998,33.476361163795694,1.0
-12.869988196765187,11.818342351674616,14.407081667637694,-4.589797445075991,1.0
-17.865366174917234,8.566281478352995,13.065372793001496,-0.4186216354078667,1.0
-16.633260117906158,6.469186583092772,19.10892154064055,-4.17021575643237,1.0
-18.339317675118735,5.288308748109618,18.072844743978578,-12.658186581165774,1.0
-7.699091597326596,10.33986859440351,5.934879516645328,-2.474187211800442,1.0
-3.3362784841017192,10.543002946877156,10.010756849054477,-1.6811557115134534,1.0
3.715647155991573,8.083285757809623,7.168669852077023,-5.120290010004534,1.0
-9.02212907635183,17.337104373476397,14.574335743838386,-27.753043118780283,1.0
0.39677638714544283,14.363206331134798,13.824509324408734,-12.361697325297346,1.0
6.200059190032936,12.30829173235355,10.900307676646971,-3.6246395970226555,1.0
-9.990539256340673,6.870722239331319,8.362740992667653,-18.283883998216215,1.0
-23.527699230671335,12.126594159602439,8.469141765668976,-12.529224857257944,1.0
-18.90167743895027,12.360231911100293,12.580374880318068,11.042695255677032,1.0
-9.649918056788927,8.656146309925852,25.90072802145913,15.569557091324306,1.0
-4.122237837489256,10.181406276116691,16.94035442253391,14.118356513556789,1.0
3.031658143307639,16.86639275135605,15.679301941378133,8.375393919485978,1.0
-5.194851701467445,15.799024874520697,14.881880661850257,-1.1776548684112567,1.0
-13.370650982820571,12.329881707371305,11.930334803123959,-25.37014071972121,1.0
-15.216572225779581,16.16432040805917,9.742086110610593,-19.13799653587173,1.0
-13.322002919161276,7.917758651538249,7.69626804106567,-15.58567810789787,1.0
-21.06494536428938,12.94082534423759,10.28737932857519,3.1282690987442727,1.0
-16.76411551162931,11.497147105764347,5.757259227405523,-5.362728946513291,1.0
-6.025892079393896,12.551275202690206,6.7737396885646515,-4.517658846868001,1.0
-13.658489533682769,15.092627977341735,13.236208418284537,-23.824682538414507,1.0
4.912714586858119,13.960930459572669,10.035288480438759,-3.5538227328154557,1.0
1.8042608153744162,18.611622314310203,20.96454533556858,-8.628480087850821,1.0
6.084759852325817,21.03051496088333,31.288709613557906,5.376723463796465,1.0
-6.303301827166539,14.814532844825676,15.729876749854917,-11.003978655827794,1.0
0.35433467055654067,11.663209545216061,19.640715524040587,-18.75228236659923,1.0
5.286701717525956,13.066388698668556,21.599803322378655,-33.34260262130461,1.0
-3.866176622545802,21.445466187062614,24.43164860635923,-12.136788866968576,1.0
-4.474305762565514,16.593276972066757,15.146268942227962,2.9281948043511328,1.0
3.4625842177086525,9.763085016733244,11.314728196474771,-1.098224716158681,1.0
1.9299686936903324,9.498358749727068,1.8081974230797524,-14.311172676581215,1.0
-1.168968356098385,12.155986375552963,-1.3068340751695153,-11.013910354583057,1.0
-1.4680295870966105,11.689775095609978,11.359993937434297,-4.007799678983824,1.0
-13.885135548587943,13.593990461251984,5.897284394061078,-13.405490761453805,1.0
-6.2027754171773815,12.053514094820354,2.2719528666147193,-6.721746740067002,1.0
-12.868456995288435,12.016386613438828,-2.3258201295201406,-19.84206220955091,1.0
-13.329739535355678,11.895515527470383,15.468302713970246,-5.01660517900463,1.0
-3.7542995940467656,12.832928675527338,13.422287795164655,-1.8484576111585707,1.0
-20.130825130159593,8.054231489114246,14.419078751014826,4.245521283638245,1.0
-23.057655700837607,16.677637327960426,10.003080498660351,3.436065947260653,1.0
-16.356630093962718,18.403618889808847,13.385969822896408,0.5642282849361759,1.0
-13.25842250657528,11.217832515506903,6.65127586704302,-6.43121891930404,1.0
-14.916196813539,13.26030519175881,17.33522284575244,-16.77423292225153,1.0
-7.925555635394539,11.012511634555329,10.316986986225931,9.453722867388723,1.0
0.2710601953596612,13.3813614088963,7.832786725996898,13.596946533744898,1.0
-5.230481047977912,13.803670305082962,6.718381717265691,7.887467154428708,1.0
-11.815217445457456,9.014594652292285,15.418387598192142,-1.8419492617842694,1.0
-0.5493962736638514,10.977268315737804,13.539062821561735,-3.788089786650368,1.0
-11.357463230727374,14.137199800854974,8.297622561720377,-18.08796245145053,1.0
-11.558589546472302,13.34389686122438,14.513350959367775,0.0013476440756123864,1.0
-9.8849837475669,12.973359366775941,3.416221506172711,-8.898074281821994,1.0
-2.953862255885949,11.494452112875745,10.054992485782124,-15.090832728549492,1.0
10.980147874546114,11.395821533081772,10.933060372020709,-23.30095057085862,1.0
1.418875878541022,10.983194385183547,10.260651519245377,-21.66517968374341,1.0
1.3175030805660661,6.8236171285013665,8.71439751460537,-4.277880540611632,1.0
-1.449616550201318,8.493566554146371,9.770397836453585,-8.997247925002256,1.0
-1.9207060498199073,7.048369489287865,2.2768123886269924,-9.479298833825048,1.0
-0.47829601285248025,13.269269585933076,0.4973180566133273,-3.167025961406617,1.0
-6.617625554262665,11.95978159039301,9.962081054435206,13.399918942149764,1.0
-9.413541316576602,10.383703577406305,15.420656448316848,7.4728031408527595,1.0
-4.001224769553856,11.471275796425822,3.007807063362352,-9.195966659393166,1.0
-2.6902682633107142,10.822262457690341,-3.1183350477410343,-19.022631572840982,1.0
-0.1870525666203111,12.169110726791857,-1.438177232818921,-29.490862938655535,1.0
-6.116187807718044,16.26299719726313,5.811608308268161,-21.144087551478865,1.0
-7.67429400125096,18.756116446905047,12.178362420736384,-8.22117300655417,1.0
-7.367731451162767,14.946357309103941,12.48510270259198,-24.906089952129527,1.0
4.797327422679432,12.412414532747317,9.585267841048829,-24.820896504044306,1.0
15.72514338971083,2.387811454995685,17.742769469408962,-18.73907100253962,1.0
14.19987070608726,0.7069187742191643,20.32085441789025,-5.78659352827595,1.0
-2.6727413742751454,4.1845362140783955,7.06199010298663,-3.015909303788484,1.0
-13.178597593460678,0.9725836983234449,10.58246233175845,-16.78715475393785,1.0
-8.119518815640955,3.7901697744777785,9.36571599650356,-25.47247970165418,1.0
5.111139389479171,1.7566211259462134,2.5883126243955346,-9.589982803562236,1.0
8.670169994723247,2.0477322990241316,0.9270430866655524,-3.671750139230428,1.0
-2.887580451362112,1.4609235463729133,5.0209360116504875,8.863704285478287,1.0
-19.770175510739055,-4.592857095215268,3.3961058435898703,1.2623256470439195,1.0
-12.939226651485608,2.064624060582915,3.381018309617439,-6.8923093668023085,1.0
-10.327851075147523,11.125443650663705,11.131988290724978,-11.23087867683676,1.0
-10.177577188446076,8.92806852103591,2.47112443133601,-14.285108167101795,1.0
-7.173181399109353,17.073604239630292,0.8869289261750675,4.161069500764742,1.0
-12.66621086938623,21.863848112682504,14.491250507381201,11.321716017243501,1.0
4.6924331600925395,20.44435686503042,8.478314150885536,17.511193747626432,1.0
7.15061396017643,20.721719090811575,9.313007229501629,-26.728047816892797,1.0
4.857073789500715,12.97111440575804,21.099639522031755,0.22187551849717124,1.0
-8.815418361498256,19.200394724335535,11.555858775164811,-9.8563478380634,1.0
-14.256926066415684,22.44799880063247,9.56541644488373,-7.688282864410153,1.0
-8.54618045630239,19.373037768204355,9.111553285491448,17.78809568703276,1.0
-8.937558475495528,17.091624157176437,4.426606351594867,11.018678397547612,1.0
-4.680355967952375,10.520093865480822,13.970212382226663,4.842831261836819,1.0
-6.686052522316667,19.662097980748115,12.32260915041622,-3.446150892813449,1.0
-9.797678989748345,16.299036594291454,1.2198932882723197,11.843019232384677,1.0
-8.928959305993859,11.920898983774828,-3.900836049769512,7.109402024165119,1.0
-1.1081030078130145,14.406705530215937,-7.542058399180613,2.09904324453709,1.0
-6.515096567641029,7.6802689299314615,1.5160783905937283,9.548604123827463,1.0
-6.8448518674215615,10.513863518051947,10.465383949409459,-2.2129478761301193,1.0
0.15276941609497463,15.40878390512975,3.691264673477421,0.07469907223316108,1.0
7.780252999879542,15.650722613150943,4.0018499575159385,6.98800273815252,1.0
-16.182741545250003,15.288931865661997,12.158367547504483,9.803436381978653,1.0
-18.253153873009545,15.723319578892962,11.133813647577327,-2.1111303451743444,1.0
-6.85283421402144,13.741877688558223,13.128937660420327,-5.220171899509374,1.0
-4.07293701390117,16.927499145297286,13.135679377503081,11.102686143499072,1.0
-12.897430865348952,15.709264373826963,18.68874108903915,14.29892826788651,1.0
-4.266030189053183,14.31825359130195,9.286871251594324,11.826799185080883,1.0
-11.657532377844595,9.892969073769182,14.148237194451031,9.240300620753079,1.0
-13.301350859073509,16.501204460742862,10.407024362558566,19.06686055145617,1.0
-10.123289198285597,22.92346029632003,16.525659643887323,0.3759720128315731,1.0
-10.647021286591468,21.587304372393163,12.339946426644708,2.6864048544746715,1.0
-0.5207506853569028,24.08803470546861,4.138498870490672,-18.77398084374799,1.0
3.2304886497347916,21.155063168432104,14.02142327790753,-10.527156268333345,1.0
11.196043064173601,19.75106215550229,5.701674690539343,-16.10133578793237,1.0
-0.6219835161858285,22.313272531434016,9.947654420118507,-22.31986077005388,1.0
-16.061622133466486,18.782937958157987,16.79488301615251,-18.76743876763107,1.0
-16.127554932941287,21.49658422169661,-0.7712755830090137,-14.106362138301963,1.0
-15.160781705242771,20.123428504531418,3.39383377091767,-19.007462485993972,1.0
-6.984503608059859,18.860260002585466,8.732376614432624,-22.20117932958383,1.0
4.111045874781352,21.481870740547688,2.1676986620245753,-6.785508702044882,1.0
4.7343362304269405,19.30374375115513,-0.4265547453173868,-5.817399435047481,1.0
4.770177472862495,20.086733159095044,6.580406288658742,-21.97626841152544,1.0
8.331037800895173,20.99734303833583,15.3591418887037,-25.93586066411671,1.0
-6.8135652692599,18.23773520130897,11.186225262680885,-26.402420811373535,1.0
-2.281363433028215,14.554301114076026,10.827955125586136,-10.75335787476186,1.0
5.547170431125901,21.04242473167341,10.871183173644333,-11.305634235296964,1.0
6.765334003551886,20.09895217911699,7.205172656948674,18.25740933854398,1.0
-1.5139044088727784,16.812742460849854,-2.970336347146845,18.440515853466867,1.0
5.702768096564491,17.772472433544117,2.7269184407142717,15.235259320555251,1.0
2.662951738029423,15.752674554445534,7.080239679170671,5.368487024304425,1.0
5.910517460151895,18.134408167878323,12.994321660770728,-4.884139542824579,1.0
0.5478671337639707,16.29921116092301,9.04973507955002,17.36818724691118,1.0
-2.34060263271423,19.32091287398398,17.936211998233407,13.561573104343145,1.0
-7.630971237213769,20.127538404824428,12.414951981447285,19.49442766817998,1.0
-12.454745083815506,18.1617203596164,15.93330406143159,8.912502527524797,1.0
-14.533553646562,17.780714009705687,12.146407795074403,13.632547549413593,1.0
-11.908249552636049,11.426015069661268,24.6346775361748,-8.957989201634902,1.0
-13.293046648944845,13.115968784786897,10.149357685839771,-9.607773268817008,1.0
0.08120835762249268,17.275888497927202,15.13114821795009,-10.6488298119127,1.0
-4.633618608404596,17.801486479944572,17.24254476435703,-9.076553693055573,1.0
-10.181190389083579,18.63049831609096,13.726796146675328,-4.653432548858234,1.0
-13.25238097791544,16.203384063230303,13.055423869707216,8.536845033985742,1.0
-13.121229719433668,16.905229676270082,12.191398706509268,11.042716809542096,1.0
-12.271166324511144,20.0231333703825,9.316069957634035,-1.744881192807966,1.0
8.44168216588503,16.634900245895885,11.978026154806855,-1.6106051550006657,1.0
6.317210148518612,16.85720658167656,12.239466279585129,-9.580494129426665,1.0
-7.464292002162158,19.163882446927843,17.07741617691154,-13.836300023279593,1.0
-15.423097182713047,22.222284212298838,12.200649852878229,5.695218048017106,1.0
-13.087259977001942,22.496209078573777,8.473334245065193,1.9613301246928625,1.0
-15.095162482753857,22.783085172614587,8.35884093651319,-0.9942188259929408,1.0
-17.092370037453897,16.27941546682505,-0.9261667008590315,5.9107802605612765,1.0
-10.933020034447933,16.153322659860823,7.925193727853961,2.1644468280318447,1.0
-6.825293077373204,18.69400542443183,10.076955728368997,-1.6389230217534632,1.0
5.862054787113129,19.67682252421595,9.469021668273584,-11.487224590206932,1.0
3.3376492481461653,13.742451759671017,4.311319584668725,-26.701331609475957,1.0
-16.14847879469124,21.43032986201668,24.615080773055013,-23.84752507566989,1.0
-4.382812981515548,19.27863909845332,21.98565548141294,-16.593085428994968,1.0
-9.904829939321257,25.930887861071874,21.523785209209116,-0.6370257145475797,1.0
-16.25057015196463,12.758139038061843,28.968281749240745,-14.34455686012304,1.0
0.47894203600011664,15.671218601098884,23.430956467177822,-16.356224716548752,1.0
-9.110413371305592,16.323064273247613,26.244845290462454,-33.24757907149811,1.0
-14.477617185547713,11.163581701206708,18.380073662775203,-26.20091534558979,1.0
-11.183551689666182,13.98628097871627,4.43988291495134,-11.419361707858373,1.0
-6.6255614671902965,6.916153436065949,4.901691319600011,2.4469307978952393,1.0
-6.3679063614937785,14.608115662964575,9.885466550985464,-7.933793802995126,1.0
4.631493227009532,15.870994703932393,6.887723652278379,-3.8398927025468828,1.0
-6.167516305720611,14.35832997644932,12.6153221762501,-1.8147352015431015,1.0
-6.508744039196964,16.959760345716518,14.087770159364299,-14.823840756588558,1.0
5.155581912520441,14.564152857515744,9.99645900334672,-15.261135135948415,1.0
-1.5578729125264146,13.55151755757715,4.281025500104915,-2.30009786101978,1.0
-12.8383915315261,18.510307874060484,8.850327210988901,-10.106716352504415,1.0
-15.94303219139628,17.69860768804538,-3.600910566299995,-12.491064009805605,1.0
-2.3569598455927627,16.829938705214637,6.755514406904136,-3.3995081232590527,1.0
-4.479390083767717,14.590461357739068,10.48470582382951,9.408980664005583,1.0
0.5539689870566589,19.681185440231413,16.351114429584342,-15.201309433517077,1.0
-10.264500867514613,24.746836297317934,16.336936186974732,-14.680017912187346,1.0
-18.110829058506223,20.50524759061445,20.749029603071296,-8.123561811456549,1.0
-24.572758497614053,20.598898149262332,10.536264400086619,-4.048919646108851,1.0
-4.518976885085177,21.462430157025963,1.5946607850220715,-10.004932496669808,1.0
3.987924210133645,15.819444819516615,3.558373726212368,-13.175440974578061,1.0
5.780726026280625,12.98234138544607,8.132717075903926,-13.559221053675374,1.0
7.097212146681338,8.02474989454575,18.933299213528212,-23.26341589338829,1.0
3.7309710015275366,12.047366158330068,18.161494013193195,-17.59198696144831,1.0
2.5785472291824956,4.443007626282175,18.854856094841082,-11.361763405811592,1.0
-5.306210398095329,3.612179333329516,20.758501610650377,-9.215668581943,1.0
-8.225595090349659,3.2898400343691145,1.3653652682299162,4.8737633911315115,1.0
-4.869670204165049,6.09585642585057,-0.2760628071357498,-5.402861376334392,1.0
1.0633601825943928,7.016680502096753,12.86572782627202,-9.066427211764422,1.0
3.8793609824651316,5.13692438368796,18.658089052555027,-10.829740390866467,1.0
6.50426963780351,5.895617449732528,19.326531120434076,8.282895745443764,1.0
1.5210815137279703,0.28660682430962114,21.67592889882043,13.740279045368213,1.0
-2.2536352433380116,-5.440832961101696,8.780401442158169,11.40306992929772,1.0
5.803222904339206,-7.710561925039828,6.9064463073865365,-5.109442694096041,1.0
-6.5346597980752,-12.931110940620076,21.39037454752323,-5.500914405736533,1.0
-1.5676111312273306,-7.4026500818283125,13.62520338058516,9.084688247443907,1.0
-5.822002694395061,-3.6922577691510456,12.897431075669836,12.031935103462565,1.0
-2.3508611476511962,0.6512628029158202,18.770842989263926,24.445145930880937,1.0
-0.9770369086097048,-6.686130141880135,7.194792824059927,2.3964710416785033,1.0
-7.654848727838921,-11.507331319706601,-0.38897071843628694,16.920358027610128,1.0
-8.02844284318725,-13.054636315913621,3.6172669390946863,18.86914651322921,1.0
-19.111303035354954,-9.15773512776234,9.80054912914401,-23.477360652148867,1.0
-10.01909595832939,-11.73192471881055,11.688793070060344,-27.89270835009411,1.0
-20.425945163982675,-18.74366991420994,2.0523932176120825,-14.174863309937095,1.0
-14.754302284509084,-14.06588589857198,0.9895232749836156,4.783010044021653,1.0
-1.4786803088049187,-14.598122487483936,21.631668034704525,-4.1864062071669235,1.0
4.249541110735403,-14.129782604470243,18.471879399656157,3.4277990694289446,1.0
2.4451810948400357,-6.653621268827266,9.441592406680238,7.885025163229362,1.0
4.388560276441758,-16.096419586484487,8.034429627691399,-4.407961970222997,1.0
-2.951572878269115,-11.950547434542944,9.272455484677337,-7.5684953051961354,1.0
-12.446574188070763,-18.337247289870504,5.443218686268004,18.444532855176217,1.0
-3.234388842395014,-19.032897906233636,12.18682933679194,4.952823648097819,1.0
10.364523184603483,-19.93125266432896,12.88940935214879,-0.41029274325068243,1.0
1.9667174985583156,-13.885925933774123,9.333335437329762,4.978290484293893,1.0
-1.0753268698483671,-7.702392606685738,10.653129982944971,20.69727764840424,1.0
10.175379675503613,-6.368251908829552,4.239426448928776,-7.1228032526408445,1.0
5.653343974736954,-8.657475051722876,10.954014477982035,1.0082560461152639,1.0
-10.085582751842988,-12.114610066147236,5.727122527057404,4.626767279216828,1.0
-3.3186091768506887,-8.509553632006801,2.2855067083028335,-4.616394154679012,1.0
-8.563894563992964,-6.713745032616366,5.3373224938827155,-11.522466028775789,1.0
-5.357945098324237,-7.862488157603292,6.544574747213602,-3.024753113113269,1.0
-9.797314739325365,-9.406271128298373,4.9901373795205375,-17.379745094075343,1.0
-2.0198778207187735,-12.374500516253368,2.9808904848844593,-1.917984247550443,1.0
6.31516028409497,-16.62602863590044,1.040232124253886,-9.67981221913028,1.0
-5.4146555787049655,-13.789648421446977,5.174329249654128,-9.147565256322878,1.0
-8.25331955877937,-8.363391975276308,2.8675517561682673,-10.61425502521184,1.0
-13.358323847479024,-6.883132920662537,-1.4997628351128736,-10.184379406716854,1.0
-11.158031223070568,-10.925426205053746,-3.8436077137083187,9.726187344437399,1.0
-6.989528594206721,-13.414774800527544,7.7791333363623165,-6.9563065557326755,1.0
-22.59282293314307,-15.707265241985116,12.311768416460005,-16.34848593056155,1.0
-8.774471060126315,-19.014146291709853,11.925395080489361,3.4436129097705104,1.0
-6.042627596362122,-12.355377086627364,14.442513138071146,4.354591987154942,1.0
5.351104776465065,-12.734722193643892,9.381707549138726,3.943542557657854,1.0
5.773180562985363,-12.298733025594565,10.617843380334568,5.297552408653187,1.0
-2.7898353191808085,-13.746091181174656,5.341935734880547,-13.201797698951648,1.0
1.4702667673537722,-16.344588874166064,-0.04715213398785778,-12.771498950443,1.0
-6.198603223913106,-18.28934347918848,0.1911497961756492,1.369290550128154,1.0
-2.5338067458069,-13.167496120363891,1.2892417821321134,-3.3165693172117345,1.0
-12.496001508148591,-7.427082803858421,7.761874107599979,1.3968042093575486,1.0
-10.508515877035292,-5.361213480640034,10.542166228100157,-3.716213074728645,1.0
-1.8068266910518886,-6.4423152019380225,10.816588339789854,-5.137304533802669,1.0
2.433978028546397,-9.774891790328494,15.043979263160242,2.1742837536420025,1.0
17.70628171474329,-18.35246487094456,10.844292930148377,4.687836036101098,1.0
-0.5677368997894536,-10.37395468451524,16.881842397697845,-0.729942263297843,1.0
-2.6463017164528555,-9.780636278550709,1.1792323010401118,0.17139358929937032,1.0
4.928459949422409,-6.554252507611199,4.141887789637911,7.808097532913997,1.0
3.7203744137204486,-11.55831750821221,14.414823341354133,11.605403319904806,1.0
-12.51120553986155,-9.137294777751215,12.336605209196446,22.34861852871491,1.0
-19.924684329979478,-14.681208257989095,5.33353193369015,4.886098994240827,1.0
-7.023129130436005,-12.656036846465373,10.181354882687527,-5.744493701917989,1.0
-12.03309259581998,-13.076612449655912,16.927667478266148,-6.175115149877403,1.0
-1.4877033232660737,-10.323015008215819,19.521136635102856,-7.911871702600127,1.0
6.594518718463627,-9.07877098822095,8.946344097214109,5.133800911724197,1.0
-4.307850309235284,-11.701003584188227,9.312803866801264,-8.091596960860313,1.0
0.8142935310228396,-12.84485187474618,6.655454176010998,5.599382105317611,1.0
9.825468048276672,-13.91913314653705,4.615351089024337,11.438445325106224,1.0
2.535674634722313,-19.912291831050396,2.728869448645134,-9.263634983355267,1.0
-0.14856570485558684,-14.24422715657548,5.13155113599837,2.3294250297110928,1.0
-4.677485791224747,-15.06127452493336,7.519728876874663,-3.7988674101749975,1.0
1.854407157951921,-8.441883641944738,16.529823823935402,-12.142416604985094,1.0
-10.541137369709165,-12.4755851253781,2.61711610531869,-11.461827437239542,1.0
-3.3361020409611406,-5.074590187048841,-3.724404675875048,3.7442145551707364,1.0
-2.522639382478255,-5.596505607529111,-3.044232671562842,-4.410197502280484,1.0
5.390539037150366,-8.220662621535727,10.406601016860417,-6.396288582954334,1.0
-2.4079784157645427,-11.859099298561826,9.875683659475705,-19.303821591278528,1.0
-4.592893402749809,-12.07711978088817,1.8582880054067612,-30.129641221822467,1.0
5.299516234311667,-10.087630314109196,9.443270157341841,-9.19175776401208,1.0
-0.6591127756981159,-13.05561524977571,10.61424127826157,-16.14843772897901,1.0
-13.500920950401316,-12.041419475642206,8.733833069824223,-20.352908368027958,1.0
-11.735203750444757,-16.784049600502115,5.896666005607487,1.2173691103974273,1.0
-4.715501357318508,-13.693138928046489,1.5471200902062412,-2.1629621538141652,1.0
0.0340782901834813,-12.15802614977028,-3.2733551217737658,-2.1395395614460284,1.0
1.153323473976525,-15.838204476326307,4.113564048932809,-5.632738222303322,1.0
5.227657085655017,-12.508611832883396,5.2734366846192255,10.693067043457622,1.0
10.473051243096057,-9.942588502447311,14.677186676594513,7.289319037685871,1.0
1.5447349822189684,-5.838368395805292,3.901724476262771,-8.93177591267495,1.0
4.705921401525211,-9.836971070661827,1.9758699288560502,9.344239675670005,1.0
4.270024233654438,-13.525496817768012,-0.722296731613361,13.381236385351206,1.0
-2.494808675404252,-17.491565198703675,2.7251901500720304,17.41746014021012,1.0
-3.0048268621482186,-15.546463081549703,3.252109348547436,4.203600150509928,1.0
-6.421500905018463,-10.389599953685888,-7.3103730430238265,-3.3031265617007834,1.0
1.4253080737200285,-13.9491914366318,5.610531718872535,6.1999853361136426,1.0
-12.054623246878332,-11.20737388468178,-2.609016278911156,19.194725647910573,1.0
-7.4970367914758,-10.832567004538438,-4.73141159821844,7.482198902918292,1.0
6.23079759010326,-11.3199856962309,-1.507550347076256,11.163313114309837,1.0
-9.21860340196836,-9.283128220033905,8.814508519841937,11.61845319173236,1.0
-11.06635196837286,-10.556476446786405,11.139544482040625,1.1777160409768817,1.0
4.512157094199534,-10.982928759216664,3.329127037004075,12.180437876535974,1.0
0.14691669108476235,-5.246034789904823,-1.2275888255665457,16.142417166093637,1.0
-3.5660498177350615,-5.346200889858428,2.4682430651942324,11.055545198931343,1.0
3.4356376723383573,-10.398294155684532,-0.7542313547466999,9.404957008459297,1.0
3.463514517317961,-15.473084125076493,13.69868080567888,7.109318734894041,1.0
-9.47551064584367,-10.592548309432518,9.222446245344212,3.6974372286753177,1.0
-17.18206195557759,-13.685865224736956,10.28230817989498,-0.5389362888906284,1.0
-3.823265882427039,-7.3321266038892405,2.854832726896147,-9.484563778829386,1.0
-8.728052785368343,-6.294375523617553,3.014451060474201,-10.24828432797007,1.0
-4.2711478341699065,-4.897820000914515,1.4430352987135535,10.025219076981084,1.0
-12.069315795675521,-0.208051297573159,9.824729459366868,14.995104507750174,1.0
-2.252793294448167,3.5407880491805357,13.372864041317047,-3.0161569947646854,1.0
-12.862728887785321,6.703952365758941,12.311432216446388,-10.71190054618205,1.0
-15.633018934879125,4.563181610418586,13.540939693559789,-18.949071695978198,1.0
-13.172795552281208,3.3717332655188548,4.595926080130784,-5.7982819477494765,1.0
-5.667617155495404,5.978874137378839,2.910257213775342,10.036392390218316,1.0
1.82666533287123,5.000896066777466,2.9568207889913127,-0.26500912232326224,1.0
-2.057910545959098,4.069587419455935,13.564754181100525,-9.465794342863525,1.0
-9.135945851145799,2.350261602289645,5.8275159906434375,-3.476736183205658,1.0
-19.152270042125195,5.140118136657463,7.714248310056679,-9.761070041901585,1.0
-22.579261951953026,5.078368086472266,0.41704043022142834,7.271818874714318,1.0
-19.840515205442216,-1.2741361287920991,5.9512355363979506,8.318237707733726,1.0
-6.30740235820748,-1.1431641236867898,5.181132663804634,8.657403893447757,1.0
-14.149263274097255,-10.087170224586652,12.28336009284411,16.350513251328827,1.0
-13.117716911291446,-10.603092618802503,14.581020166883555,4.168088685663772,1.0
-7.193500983523348,-17.04656315508446,13.682598390432487,14.950156071278114,1.0
-6.0271242409720145,-18.866348152545502,18.236517077559284,18.823032729364957,1.0
-8.917516558470687,-15.802205729096684,17.977507800186974,14.976647758830243,1.0
-8.41669744735654,-15.166757945477412,11.11327501508266,4.210990075999414,1.0
-3.779798102228826,-3.0501251265731577,14.476503619334693,-5.03217405507334,1.0
-9.10665254327343,10.185923907550556,13.519028455864857,-4.050751260400499,1.0
-9.556021162755584,18.352235165686082,9.139498534895896,4.192842941622537,1.0
-11.268268095883768,18.422403914132826,3.165453078627016,-14.185819860188856,1.0
-9.839971340802482,13.853219813854349,8.056518957265311,-21.641870080584596,1.0
3.207506350968601,20.300202132181223,9.507412068236507,-19.0889429467589,1.0
-11.706938847563068,18.395904885808353,8.528505593989205,-25.7057989278818,1.0
1.4980653210508121,21.54060308604607,15.60973453548089,-9.132848205767008,1.0
-0.8760606504047219,24.226004654336244,20.127853173585788,-2.0027711184563763,1.0
-15.06406919226116,18.185706337471686,13.440458312693332,-21.008459260906648,1.0
-11.056080999084221,12.81727561706512,10.734305974021517,-21.186839063244054,1.0
-8.665216300744522,16.19286664073524,14.9951231618596,-6.904780150495043,1.0
-16.11089251868365,18.954632655976702,15.240686931517427,-15.799420331853005,1.0
-9.176015191861687,14.848059179122993,14.342613640884064,-9.738021771654982,1.0
-8.913933726214955,15.305859544930106,10.863796518631652,-28.613532355535796,1.0
-4.067811511392076,10.41255136307327,-4.471295889375863,-43.63495065728034,1.0
8.819019363439718,17.09433338224793,3.9098601619393296,-42.31621202523107,1.0
-3.1533347959266074,16.277895850659448,-5.1108788120984325,-4.50491247916807,1.0
-12.175069171668142,20.93409982565977,7.652584881111415,4.848432548259884,1.0
-2.1751131544717532,12.62832425394777,6.692647524071415,4.774275211317903,1.0
5.039350347044035,18.320726668943358,7.650667198142549,-5.062042947614585,1.0
18.19171044997478,14.615885687102654,6.514425833951213,-13.503621751253123,1.0
13.495094957339166,19.780606753006992,0.8263548772166374,-28.362300396474147,1.0
-9.353637348251933,25.28832084114576,-1.2753550785027583,-16.72657647762449,1.0
-5.359416858978398,22.953023979215626,11.517478527849905,-18.196003576043648,1.0
-1.1379941645425937,19.50708724831997,8.962313420822927,-1.1671822157089666,1.0
-5.886356117531637,17.256988728745434,19.64715454333303,-2.9147727966450034,1.0
-3.567100566909587,11.681578390266637,15.633906670271791,28.27516675280367,1.0
-1.8455173592959606,15.711958506517846,13.246252728868576,-1.8096765663786307,1.0
1.2589636684873247,19.811034422951884,9.968199316571273,-16.32235474683584,1.0
-5.546638653056902,17.9652016415976,-0.48094019113482567,-6.754146994986994,1.0
4.1524192033693526,16.19814064138176,6.167437183751616,-11.130739777793277,1.0
-7.920093314270644,15.970450901992892,7.060212113318453,-8.481814861590635,1.0
-8.991476380067752,16.8703220673883,6.6366440920515535,6.572870588410993,1.0
-15.981719623933383,21.412954935628978,3.705287812832845,-1.0907664118472649,1.0
-4.426055287936356,10.514459868393548,10.603567544140656,-4.890549300920128,1.0
-6.822814317628579,12.803550148327538,11.702355197270453,1.7619490865445382,1.0
-4.430062468348016,16.41887287446059,6.313574547436009,8.328849534046594,1.0
-4.3792247967421645,10.622796176914953,-1.3694213256569499,-1.1374028701895966,1.0
-13.205572974126405,15.405732882202276,3.7793664752732434,15.056876839426737,1.0
-9.362863366110963,18.556473074384265,10.005925493589732,19.79040481560233,1.0
-6.2636993842290805,24.380518186777067,13.528513520834675,15.111919315423208,1.0
-7.294194337092124,25.285041022095896,7.485691504670655,-2.1584714135984795,1.0
-12.559477339420592,18.55309352586011,4.00331924452184,8.603223571524952,1.0
-7.464523970985821,18.8966975329021,12.18762827945457,4.906001214932828,1.0
-0.05742022946837011,19.936962611876176,18.73192204464487,1.6584428272189768,1.0
-7.189332098059272,14.802859746479928,14.422096240257346,13.281137249209689,1.0
-12.932442627900794,17.529882261726044,-0.7464653991016821,19.672111374359787,1.0
-22.151821958090668,15.039548554848562,-0.5175819681220561,5.3723116552877705,1.0
-1.1621607751814311,18.45152767728849,4.686453032150069,18.889591763490237,1.0
-1.3364692021969624,17.694721639682495,2.584846276993689,20.031301400305708,1.0
3.0509849117620984,15.985859765084854,8.405042388281522,5.372646897638537,1.0
4.518319395078563,17.947521131346978,4.944839119452304,10.838682240854258,1.0
-0.102852509830619,17.598465259012283,2.826123561686291,3.3156706283107837,1.0
2.678068912178678,19.26756036389659,4.501150825385191,20.328544074182858,1.0
4.219617073894282,18.47718176241637,-2.6261142785642777,23.915306210865158,1.0
-1.229558143255998,18.32311221755336,3.42148405045399,8.415419503173837,1.0
-20.100817924173086,15.51792477182948,4.155351050444916,1.3198209831663945,1.0
-15.998526084174895,15.259917568626529,7.803906983904614,-10.707873530688081,1.0
-20.815562124126505,8.323056327157222,5.682917829835976,-13.982674599617724,1.0
-20.83906253503617,9.681431100032903,18.10047560559586,-10.399217644793831,1.0
-4.04451068243955,13.418212415629545,15.665322703429409,-10.98519102128147,1.0
-4.51747858949599,17.417142403865135,14.560871848206109,-16.695882550369912,1.0
-11.084103820530306,20.805397125208305,12.099966706224764,-13.82413992060362,1.0
-19.11061576127167,20.212709286838294,10.95784149144465,-8.593934077422215,1.0
-25.229826813017148,16.98601504660354,16.655864248932126,19.46207462287733,1.0
-19.053781875415858,18.880182728593752,7.270963612325677,18.192651625608633,1.0
-9.583443841444405,21.340870894199984,5.060834279378357,13.581346642124021,1.0
-0.07876713561157223,18.43769382605496,7.934742093924727,7.241484581827249,1.0
-2.279760616031127,12.66906822051557,14.638470979016336,-10.005071491835924,1.0
6.383686520821913,13.776561190077867,14.968872725213906,1.2787782737137219,1.0
-1.1856008436593966,18.158218995366106,14.308452378107944,-1.3299514801897039,1.0
9.941033941842672,20.880632280184763,-3.270240649259149,-3.0482987195695945,1.0
5.70763911716554,22.849468565664324,-7.767216088516388,-19.48978964862139,1.0
6.873737031756628,25.997159415184186,4.688007800473127,2.4085508654943837,1.0
-6.827112047559353,17.77438627335276,7.529211453024081,-0.3547423358980153,1.0
6.962769608068264,15.647821670473828,6.437261667051065,0.6036538627559804,1.0
-2.3827192379550586,16.695626462624936,6.743789147900904,1.577497063861275,1.0
-20.56654309412906,20.000272239165575,6.6205582305605075,19.460080950089015,1.0
-5.358507867892256,19.334068407901178,22.35163612883671,29.71202800457863,1.0
-5.514677986332941,22.014461504961126,16.094130893837306,7.91758441778028,1.0
-3.275518929410013,21.446237752666413,18.561309709068183,10.50834932879356,1.0
-8.196166304033664,17.152156529099333,21.54905025012984,-5.635168750652028,1.0
-12.322925051623319,20.50317553936497,21.6003523030504,13.010413547532266,1.0
-4.895208223364527,15.689373543344905,23.856735189117437,11.659010058660169,1.0
-4.641187296305329,21.109540959880935,16.3352367907516,4.8779494818022275,1.0
-1.7718587057591144,25.228282952970122,10.702418318407386,19.978667859646116,1.0
-2.272642327020208,20.452277162975047,12.551534062252149,2.587503073982458,1.0
6.639252352784396,17.444567741673897,8.063179945950711,-15.271673269247518,1.0
-0.8308670657753616,20.69583836122844,-2.660104713070506,-14.002231563467234,1.0
-6.922373990155904,18.871891173171502,8.07941178540906,-15.729646736282485,1.0
-6.431218395860138,23.404385108902776,9.611517983832382,-5.586266397655589,1.0
-8.540769179004405,22.341536770347737,15.391145680516063,-10.592177581188633,1.0
-4.54085679059127,16.59896804716,8.32192985054848,-13.777993410915645,1.0
-10.742688303616184,7.7175257570405815,5.384649831613336,-11.113103928145776,1.0
-6.914573798425986,5.986442771062238,-0.08869723625887005,22.631080746004546,1.0
-0.23519488717234793,6.475702960717856,-0.7257533223101946,6.137348534641393,1.0
-3.0379151620251017,-2.1348560547088042,0.06149118639311979,-3.083337657231632,1.0
-9.395161342255257,-6.3100288610254545,4.876518112485934,-12.008147839138918,1.0
-4.947698425125595,-3.5178866598307974,9.615690614287647,-11.447503872575044,1.0
-0.3130885511160977,-1.9671346461829384,7.585739440126424,-6.4544351281608305,1.0
5.282509890681968,2.3760701246413634,15.140276719399385,-10.85912209229982,1.0
7.655829679213239,8.693280251606446,11.190350853639352,-11.8859497029522,1.0
8.232569091873149,6.83449257731735,6.2213309198774995,-25.015589568682174,1.0
7.721805915243134,3.8311938855796805,-10.129464238757558,-19.4261375235573,1.0
10.752223591944169,6.579920823355058,-7.257782879696146,-8.567741396417208,1.0
-5.714268657352733,3.2483103939825066,-12.05120881954494,-21.412450484288634,1.0
-12.410685847656406,-1.3961838649629654,-4.801840483899001,2.6615715833330373,1.0
-9.95934303401237,-10.995653330560456,-8.143207040098227,-6.688854516069123,1.0
-19.347988008248443,-9.007918357589825,-6.461717540028367,-12.392148386539144,1.0
-15.719334196055033,-4.093629763909788,0.7726557263362777,-9.67160237180816,1.0
-15.646939650858794,5.384149535456297,10.3067367231214,-7.381214467506032,1.0
-0.6294135974867636,14.5904364492084,15.806890914230983,0.13872086893394275,1.0
-0.009347559948906792,16.108122371936396,7.272001383759761,-0.9663592662427143,1.0
-5.200534094485568,11.51176104956181,2.874112250382222,-6.907142384050322,1.0
9.169180048210654,11.037822456898796,13.443525988723806,-3.9604285301808595,1.0
-0.41843973496197284,17.60867268157166,-0.10476779103413669,10.730231698358857,1.0
6.908866993560348,17.92273954756481,-2.7615180311983885,0.6518937823948052,1.0
2.1733901366216966,10.554156044302072,10.742686538121834,-4.8719820175623845,1.0
0.4637086492494511,11.723466656353914,15.314390468869766,-10.911360825897402,1.0
5.916256386282756,10.81028996754515,8.284453961885372,-7.81524974646379,1.0
-2.7279414992344293,15.939139525578744,6.3712302790631625,-10.092392447715476,1.0
-10.881899822557237,18.384941594702063,2.4754031149402493,-2.2634619389766257,1.0
-6.338672618071882,18.17113570253152,-0.41903232038700544,-7.676379987263492,1.0
4.621612379124553,17.620754605186146,13.5745388822053,-1.1364637223143639,1.0
-2.9434641364377616,16.664019937915107,16.09533095550171,3.8832427563639844,1.0
-6.348981675252401,18.92954219636259,9.27962380979859,-8.421181315301697,1.0
-4.016462402934378,15.407068520515043,7.892835337152862,1.38049074856188,1.0
11.162789395008518,11.837823036025092,2.7736936923563453,-4.077226549543262,1.0
2.629830048852477,10.024997219662124,6.315225252609505,2.6145577631218853,1.0
0.4033772308926884,11.555027649309094,8.688190477350721,14.297383546967925,1.0
3.3128220178220342,16.047665604997796,18.056325933256744,5.161250489969964,1.0
0.08097669084602721,16.056311351506967,13.635903919803884,7.488409994013865,1.0
-8.274450597614818,18.956382432885356,16.599152018020057,5.0926504011964475,1.0
-12.725882584075215,11.886593200099094,20.37820627433081,3.1872902123452094,1.0
-8.408635238067468,12.86375944713883,12.696371257775718,-0.9629968054838092,1.0
-11.781092791685015,15.282732438925125,6.6784507202396926,-3.21562843300948,1.0
-10.297262737482527,12.312549604015604,6.179607366808218,11.43194860668627,1.0
-12.124142420665537,12.07494067778269,11.341514443844108,6.490342822572622,1.0
-3.680275835937472,11.811047454728213,13.601912215304283,-5.467119557811525,1.0
-9.40631372547504,10.486231305904049,9.116979369189512,3.931033671647942,1.0
-2.5237434005933608,13.337250643019352,-0.33223771432134175,-7.099852211429135,1.0
2.7377746435203347,12.15917669892463,7.8580157159345045,-0.3637334767785614,1.0
3.1346141130078156,9.545633546440989,13.735049938744808,-1.1167657913288211,1.0
0.6785536185057732,9.521149148587496,10.860168399208924,-8.195541597387585,1.0
-16.11252417554612,11.571780586903339,3.405644604117617,5.232923709075565,1.0
-11.583952348169026,14.505251336385687,9.215716668210275,17.05350529926041,1.0
-3.253970716360141,15.097972584811746,9.551317708769522,0.9888728518139516,1.0
-13.001636562040002,12.406275341141663,13.91659466232256,-15.00227813931771,1.0
-17.36801692319849,14.80445533913495,13.675109182918792,0.5005858554951512,1.0
-26.136607234629228,15.600099044858876,10.906747682669241,4.974657871661664,1.0
-20.63836431436323,17.200118566777714,2.285231507758927,2.9256990313150237,1.0
-22.875148926464977,18.529386679360815,5.34131614053389,-1.2021110622855087,1.0
-1.362437277792882,16.149022146932875,9.495061943959856,-11.302931981556904,1.0
3.619726996450269,11.51562934711194,2.2963633984621925,-0.7545430323070512,1.0
6.06903363530399,13.131224689816516,11.747052844560834,5.403940372641596,1.0
-2.584856029243165,11.473124516930456,10.456390753878868,-8.23808101106917,1.0
-0.03396304887336221,13.605949920727907,13.189732837851643,-16.436724047328287,1.0
-7.861608730979006,7.8525033394366845,14.89734648676762,-13.123479154144722,1.0
-9.292617497203228,14.058411379020285,13.627689565294085,-7.9754119660741605,1.0
-12.907650556442396,17.470796897087286,6.9289129458307315,-7.805449334934478,1.0
3.234333631800057,16.916563682409745,6.033052338031031,-6.8659629748820405,1.0
0.6077505665801244,18.331105814300454,10.603941319707294,-16.21498462762424,1.0
-2.4803286386912147,17.223153578669365,8.75941834737463,-3.9081538497342008,1.0
-0.43460148468814186,15.843531529615586,3.82903710709953,1.94932851256049,1.0
-13.865495798184178,15.803361754891377,4.91289323943468,0.9724590139434763,1.0
-9.693787456972114,18.048359366897373,2.985480501567169,2.718972204378777,1.0
-2.867861459782634,21.280571480209197,13.271601113753329,3.2045112857566442,1.0
-7.945869397347539,18.39482356706257,1.9123964741877524,2.5144395928755534,1.0
-6.3270332981489,20.636733234757944,8.491207275096176,-8.33630761088546,1.0
2.80379255661612,16.419209111451963,9.329316936102373,1.1807737044000106,1.0
11.181372431445634,20.848235620104663,5.438323529586182,-5.535726119362767,1.0
2.8367059760593225,14.324864704594109,8.183059405208827,-3.5776668003741063,1.0
-7.835814912678952,8.935143235218494,6.713714777380849,-13.468691374660743,1.0
3.6810199242690436,12.902664146591995,6.11134221771466,10.60633975121197,1.0
6.444502701648583,12.7660849373026,7.264673553103301,16.48634101237125,1.0
0.6445849839334752,14.808165510269516,12.861026696070354,15.510089316850504,1.0
10.773363945920515,22.047489299543646,10.16710486641657,12.86523244482633,1.0
-9.387167126323018,19.110101262675354,5.068119200995983,16.650707732421516,1.0
-8.235836753842705,15.948991273531814,3.308238305276328,20.35933908148244,1.0
-5.48160116783153,15.531360442758597,9.19053833972476,18.463080859923483,1.0
-8.529641327673875,10.29591900710825,7.93151538301846,25.98446121307184,1.0
0.14959445086526824,15.373418262112708,17.63251358949448,23.209792356283977,1.0
11.674565054264672,15.477063911866017,7.604471456045086,19.012930338384905,1.0
11.91259823997946,15.5011130282725,12.660746527774998,7.3881750706969465,1.0
1.5477201615365992,14.584602659339467,16.63557737396731,5.496632128668045,1.0
-10.930180931764225,13.70234539432158,17.40664778635419,2.9276667178832736,1.0
-2.732358211194102,13.059743057879432,15.29685693088955,-2.151726405167347,1.0
-10.65822941267341,9.255326258510742,1.9716498602097872,-0.07328845893339331,1.0
-9.916056915958611,10.91135535680528,3.015455581931249,-6.30829660087813,1.0
0.5113135838724183,9.13386739826576,5.0695749668330405,-7.705225421393526,1.0
-6.124452561393372,6.889218209843959,2.8458187424119457,13.555320017179161,1.0
18.550510479165702,7.860889397826899,12.980277273937638,-0.824446479894527,1.0
10.97844290493712,11.635557346480944,2.9897772973553427,7.899187468847116,1.0
-4.941640664251686,14.003300757853086,9.235135573063083,-9.596653538610788,1.0
11.743157809505291,10.249965783926823,9.758708067163994,2.6417356111040675,1.0
-14.000161518048195,8.372015541862773,12.81393580873861,-9.3234240828961,1.0
-3.261447965419836,6.894620491183532,7.4856379967235975,-3.1967835886475093,1.0
-8.272036166108466,7.707760527919909,8.076030475078783,6.684553904768356,1.0
-7.154697540853218,7.405670903706289,10.63628939844677,21.448129483797914,1.0
-2.9753662308174977,8.360926409264524,10.858740605231057,5.715071434701149,1.0
-5.495053030477174,14.963040894964006,18.934984947397204,-4.681945731251255,1.0
-9.365147024704681,12.047615418341033,14.289510278990942,2.1935168357272428,1.0
-11.410304513341828,6.119745959911457,10.276868072152611,9.90051889957136,1.0
-21.677005755304307,-15.884303647024744,6.871169862786335,-4.520657457704132,1.0
-9.381288569787515,-14.06756201451054,7.812476461077518,-1.8671106993173883,1.0
-14.571811270152004,-13.897785731530155,9.433197853446622,2.511640182047511,1.0
-2.0025715003082567,-13.54771018072758,0.9780348693955734,12.2104977412087,1.0
-1.2246830890124807,-16.392454672596955,7.4563024808665475,1.4043885854850764,1.0
2.4971848222366013,-16.09864386519874,-3.2323208719529495,-19.452416052297412,1.0
-0.055722241883320756,-21.931180405736214,8.103893897132965,-20.568322818992392,1.0
-6.642040050008642,-18.06130644696817,12.073677055371487,-5.442578414009407,1.0
0.20278396925232034,-21.615517616360655,10.311358829511121,-9.05045479484556,1.0
-9.051466737203253,-17.95258031331666,11.988744593944178,-4.134675223381709,1.0
-7.579698972030334,-21.984916027947904,7.979499736753562,1.748630809559275,1.0
-9.225753807700148,-18.16884706106339,11.416355109720525,17.31465942979983,1.0
-4.366036579965083,-18.803796257954772,18.233173944309325,6.2103287731525345,1.0
-10.265114762779646,-13.378250182891056,5.744709119157424,-7.839951945486125,1.0
-14.34275237749571,-15.324803360401425,14.92558567037756,-11.509570910833698,1.0
-9.431368645569911,-11.99230353154036,18.09428777134829,-9.019715715012474,1.0
-3.5165425422059275,-11.523971347369654,12.326944451987963,3.2235632750012213,1.0
-1.4882497328626063,-8.534562821190015,6.088229879046676,23.44680988471111,1.0
0.41067426308386756,-3.9382910713355264,4.521372778651355,7.5406112441814965,1.0
-11.281389426017283,-10.488986594982634,-5.429245543109609,-12.035804941021137,1.0
-21.044484112913572,-5.665504190055417,1.1430424706136644,-14.280547963086871,1.0
-18.574972397113143,-3.2878778006551954,-2.0191063761943715,9.8686335431548,1.0
-10.078487169950275,-2.813458224986336,2.771079929764448,15.584517122289228,1.0
-10.520360216864297,-5.071937209997448,8.68404495298711,9.205834610223361,1.0
-12.246255237956886,-8.697487806585245,5.179370363669528,-9.926446474202114,1.0
-1.110212055381126,-3.291924376602699,13.277093976475536,-13.829929166685108,1.0
1.3301674923214803,-5.9837472030788845,13.140408664007039,-15.36538564802685,1.0
4.549228174308178,-8.279952409527697,10.177719864240554,8.341917697882547,1.0
3.525236744147258,-12.138167731887116,7.012043176432918,-6.6534122931548,1.0
-12.279415944871822,-14.299025306268865,9.147391879893668,1.757782614205464,1.0
-2.174798567697363,-9.357520682796636,8.94172866776532,-3.285759903809106,1.0
-6.776049618737506,-13.352073264672569,1.3761958439496444,-4.949069460070979,1.0
-2.359438059315008,-9.19848695768621,5.914105139608947,4.651625898093185,1.0
-1.4626078800420865,-18.72059662818905,15.67356557785521,13.116356757584187,1.0
-15.293330217227076,-11.531054256000905,20.44724801932725,7.417138709699438,1.0
-3.9522853014734216,-4.414737435059838,18.26486009283922,-11.4697136942316,1.0
-5.919807945896833,-6.378133323179062,13.213632918819524,-21.651551587792113,1.0
5.073791932878782,-6.683013667931404,11.438436817995651,-7.384596448982699,1.0
18.77391135483411,-10.437317526435459,7.660022378201418,0.06450008395530116,1.0
12.370086940528777,-11.123938407368543,16.75336698781918,-22.16514722420643,1.0
7.342803948197311,-11.170080944947092,5.559850302015205,-12.662608346707753,1.0
-1.5069747431227904,-6.413900642597205,-3.2406043627332837,-13.041884737913305,1.0
-1.044315295566164,-9.838939190503416,-4.517733946970721,-11.942636704439632,1.0
-10.770500228528473,-15.084997491802454,-2.8106307848948475,4.524429206759942,1.0
-14.988416077879698,-13.87115389715324,-7.079508872801275,-1.4102702622361107,1.0
-14.043724647472569,-14.583485600162248,10.549803890709523,-5.686985796026833,1.0
-7.277066559489699,-13.330967101519649,-1.3825320221018407,-18.808773139475434,1.0
-11.359162828711211,-13.00002401175217,0.20773908479018566,-8.684651530257746,1.0
-4.4114539248337445,-11.591930224851179,8.44650721417021,-5.171811757601866,1.0
-2.282821641924861,-6.411163540241351,8.900803473844508,-5.478604368887854,1.0
-6.152976273548662,-4.580639286894106,14.543760479352152,-0.3445860620261936,1.0
-12.808203742056804,-6.7460555026605995,8.33216493833425,3.3929887924955198,1.0
-11.542243303182346,-3.754300911737225,10.367966740484645,6.580631547998553,1.0
-5.7003921594658955,-6.371002893665249,4.702869246958379,-6.165931408543349,1.0
0.34551343977459803,-13.744436621732309,12.702681713589996,-1.6010629339445916,1.0
-6.067427112265204,-9.10609067105412,11.413093230278319,-7.975212819241449,1.0
-0.009135924363893988,-5.96278817207201,9.83785500785731,-22.796070406299886,1.0
-12.085359957257532,-2.0637124290074915,18.181148331023692,-3.494122168907797,1.0
-2.8434248422965283,-4.993069320679924,11.215142486922764,2.2922456222160497,1.0
3.0637927612204265,-4.495827500649701,5.954054222365939,-14.851121924832798,1.0
-3.6777625366319056,-6.768237228088135,4.008137563956261,-1.9591745145617019,1.0
-7.642472735973344,-8.25960565275314,6.9147716539598285,7.429296110582808,1.0
-7.512582711676618,-10.349535337634384,3.7112135658460694,10.333166063324562,1.0
-4.619178973363721,-10.59265796120555,6.599336047906309,-5.138877442998496,1.0
-0.8564158740690955,-10.067242498705406,10.852014252227601,-8.174247144098373,1.0
-8.706313372789872,-10.397897681346526,11.054054285488233,-10.002099968158882,1.0
-13.102522996127268,-15.64280865517828,-0.7013118033181591,-14.026331090902493,1.0
-2.8595100540858187,-11.678097929115454,9.543191002388845,-7.168333222762328,1.0
0.9565834391779546,-7.7587380683007,2.877570290765464,-7.713031788508672,1.0
7.3157298383440965,-6.733007761480097,3.219191082667357,-10.130618032519383,1.0
0.46641493585249805,-2.5508027614003397,10.210180695188786,-30.35181374342617,1.0
-13.43211159325667,-6.73715154715956,7.443452333151116,-14.31319122374694,1.0
-9.857886745040643,-4.7722106085989155,6.38323734467482,-10.760075846652331,1.0
-18.186095364374346,-3.277631302393223,5.621014374150436,-0.15492232473262924,1.0
-14.468964140290415,-8.353436498119247,16.55324740792276,2.3700971733135745,1.0
2.5915565285207833,-10.052330686301858,15.307781902663013,4.259298281651417,1.0
-8.129463714181785,-7.854166886535567,11.794707634101227,-2.910065081631334,1.0
0.2888290358992296,-9.49787028143547,18.939744991674786,5.575915736216349,1.0
1.7650987605264494,-11.265178252343794,21.387607770265664,-13.338991551993011,1.0
6.433149153351756,-7.085839548391044,10.138034040156782,13.777265882124716,1.0
-4.4392476308771265,-2.182986659712439,6.639259384843577,28.048544382338008,1.0
-7.240514824327001,-0.015380640343935603,8.719404936352014,6.683341796034339,1.0
-8.907930942539288,-7.409870886971379,8.946284304335379,-6.159393886442749,1.0
-14.169118182544203,-8.220398338791187,4.635582807208058,-5.350194797152248,1.0
-7.921698787863068,-13.181601466740076,4.742484482561365,-10.840767477548308,1.0
-6.054817388617721,-16.924388813621164,16.19568855122727,-0.2394191227196023,1.0
3.4868628203641965,-12.979870062291322,16.88716779074003,-4.920081061810795,1.0
-7.780313808149588,-13.420000761772252,18.285110990881087,-9.020936268835323,1.0
-7.4194950172129115,-10.63384089671227,10.716855568017023,-25.653113417566033,1.0
-10.654489858276538,-10.207069653966727,7.996251753514821,-20.400259419595454,1.0
-18.759462642801765,-13.492804102148789,5.913123367812716,-5.606886206417254,1.0
2.1041434138254838,-12.340413879190708,-3.5547981742372645,-10.694891677393526,1.0
1.257996609354878,-9.72982522262757,-2.2995840589970484,-1.7000498961320432,1.0
-12.039674986627542,-8.202442597939058,3.7808123775518556,-5.126633514205421,1.0
-10.809211740713199,-6.345838858195451,1.042376050258806,-14.394377592343595,1.0
-2.847309700617621,-5.2884875453330435,12.211836235682426,-8.53562897138998,1.0
-8.663361085123624,-9.03728643820867,9.631301791514268,11.375724454884455,1.0
-16.608658016218044,-11.164034650849674,17.351505832677503,-11.842313912719478,1.0
-7.806637806246538,-6.146334453805298,22.86023015156684,-10.87628404468915,1.0
-6.422891369336864,-7.488538568472712,24.584709449355806,-14.681035850741079,1.0
0.42703558347520554,-8.943787278545969,16.415757582053544,-20.020084826400065,1.0
2.708629673272412,-11.635204260971882,7.324238901912574,-7.0900918693044,1.0
4.510044476683808,-1.3030049610885834,3.3006408401520506,7.135256108287619,1.0
-10.301707803001875,-10.106349762946515,1.6527895602343694,25.70514853045316,1.0
-3.861204508109623,-9.967703376017887,-4.348009517497516,20.42287333548783,1.0
-1.8040974114464206,-8.36966517113555,3.0852801924899733,8.061970486306295,1.0
9.97805541055558,-5.770373280639887,10.64424575051531,8.122494865584667,1.0
-6.047542148616327,-1.9413889071575756,10.335142983303502,-4.570002843990336,1.0
-0.9843911188391932,-8.126166315804866,4.954982971243155,-18.670235139360543,1.0
-0.5908744002143633,-7.532064225375075,9.372462076040115,-10.641097282923623,1.0
-5.816856415037713,-8.875648319857062,-2.709708521640982,-1.86061507290289,1.0
-13.400163259866494,-5.6723602316737365,1.624189700412031,-1.8124361481418507,1.0
-14.792429390579983,-4.232051009040615,9.442502745131693,9.54700157560932,1.0
-14.078159063159829,-0.8552054124422301,14.182425199449131,14.794620765982618,1.0
-12.084848161279556,-1.3198814598401922,13.98479369740774,-0.337213949478123,1.0
-13.112414615303862,-6.749986347929733,12.913912725353576,7.57488844540228,1.0
-5.53035710099406,-2.5978119373870565,7.80187289136458,8.74390018556214,1.0
1.3300881101326927,2.0715229776184243,13.727631140918774,5.9670834420715915,1.0
6.920941118497925,0.5477255525494766,15.333579089411042,2.8193337695447576,1.0
12.568143580894839,-3.825759571541974,16.05758444465348,5.54400765866894,1.0
6.709304871041024,-7.439953528637326,13.645360565116054,5.99328439589784,1.0
16.20399005831601,-8.476119577430463,8.382825596877026,6.6166512048931265,1.0
-3.1576180771046998,-3.932026219658278,11.304028575201281,-1.3216212298115728,1.0
-8.150394443586043,-1.8457182521815785,12.669589476427085,13.179714034935504,1.0
-3.0906065194135124,-7.950888281595949,14.78081650290269,17.889354470856297,1.0
-3.1425342867186856,-12.576881891555008,4.959581660838396,0.9202083776869348,1.0
-1.3584538487662643,-5.676352737662955,7.741527633264557,20.80248195738554,1.0
-5.968496969429777,0.4184596307155797,4.19006416306393,11.88651172527834,1.0
-11.119846096300726,-1.3098154841472254,1.4815926254846967,4.684410153823455,1.0
-6.082802011564608,-4.648913232034506,1.2864015581080932,0.8667151375064215,1.0
0.2219909503064268,-4.097913089650413,-1.2141728770258533,21.318206630473075,1.0
-1.7278979828933407,-8.835772024417738,3.773763990054913,15.82377820862804,1.0
-10.55094067928378,-5.131799969341441,5.491393993735212,4.175819650122245,1.0
-7.7248512994437455,-3.865340534940707,10.752173868577586,4.062453228644083,1.0
-6.899064329194667,2.218021596274831,20.023985241960425,4.923027951680728,1.0
-8.661488989786639,-4.370070201599331,14.606715398979155,2.270732909022005,1.0
-21.55550616223459,-3.991510410686504,7.99031390544012,-10.215613930117613,1.0
-9.546914737418433,-5.359552179018655,11.969669169868055,-6.077866367193898,1.0
-13.95774597275786,-1.5347308738393493,4.147499949624576,-0.4507553025337572,1.0
-10.174924350703973,-1.8874714055679132,15.827985481462886,-0.9662662124265557,1.0
-0.08343418062575036,-4.215715061126441,20.634010775134808,4.965231646500035,1.0
3.7029784126787524,0.20805942416753498,14.76898874790445,-7.372710685083728,1.0
0.9574449153737974,2.9247430816286344,14.465122667178436,10.616845329864958,1.0
3.083252193717179,-0.26141948863460995,17.85988059153351,-7.460014146643923,1.0
-2.5024374326799013,8.1304444442039,18.255166241919028,-6.063484301454665,1.0
17.00279927359815,1.705061381726435,10.822753492604662,-2.8464035323332078,1.0
4.70239422626654,1.1549901660241315,6.956379848422456,-7.393902394652632,1.0
1.0422165058412336,-0.23397224801767041,12.80074958487213,-10.208222571222306,1.0
-12.239484671769857,2.748313619795901,11.496661388401659,-15.437023397902532,1.0
-0.31618999743148324,2.0261329629607467,12.087881710671489,-9.003703752310482,1.0
1.9792920217291083,-0.16933377797092153,9.513883029060102,-8.704490862029115,1.0
-0.23365783795700779,-0.03901201581748043,5.291040602294233,-14.526539274003074,1.0
-4.150542903950582,-3.8809966839064365,5.066168120517934,-1.4628987519229693,1.0
-14.145221273217714,-5.158643657242446,13.678399300523502,-15.896961250403152,1.0
-4.906656949808271,1.15922533880471,-2.257285581803343,-9.796960909384126,1.0
-1.7161773373435347,0.5695854957293236,1.3073735474797843,-8.747263623567374,1.0
-1.1853093971331656,2.9406914023664124,15.389784236177004,-3.317517129707901,1.0
1.2050228317000649,-0.7869423349375159,12.990875300817407,-0.8718434329480562,1.0
4.407474565055533,3.0643833601608446,17.138273004442688,-16.949952039694747,1.0
-9.949637843412903,1.4484748180111047,10.925498928975724,-8.693020721290353,1.0
-8.868631534466907,-0.6782256748103437,5.202112441733579,0.6730341624554104,1.0
-7.21770184478679,-1.1585736582457966,3.965747640021722,-7.961536963030324,1.0
-5.250047898849785,4.769004275905508,2.4702904254603517,-17.514400863052742,1.0
-10.021725071004592,1.122662533070098,-0.00729167413680365,-6.485218884507574,1.0
-1.425884595055316,0.9361851885890022,5.264059736223675,-3.2264791174114427,1.0
-0.15309810217096498,-1.6010113188608517,4.597642426443742,15.143800800544426,1.0
4.830187688676789,-1.0124683319651941,10.376805734850533,8.550229599325261,1.0
-1.9921074921420225,1.6218669320616204,9.1500246441225,14.157136867895115,1.0
-6.8063332185866265,2.6666874383793226,9.333801781424624,10.449469203059005,1.0
-0.1914713335357332,-1.4053757844877353,5.8060619620524605,12.58851898995982,1.0
-3.455892138061918,-1.7423668276971176,-1.7922273252806278,-9.956096266421138,1.0
-0.3093406301140762,-1.688900482488818,8.680864087764068,-8.352974629726301,1.0
-0.5277982355393673,2.62602403773672,11.160438294056178,-7.049125165822141,1.0
6.037500783652058,4.165698018532028,10.976628686329029,-4.468030427823931,1.0
-4.535096914477962,3.094528812301048,13.82264799489893,5.88756076335574,1.0
-19.448339673319136,3.886733236143354,18.809057400454478,-4.250576812033383,1.0
-4.551507526191568,-1.6477324284854322,10.436097666262595,9.943595367223832,1.0
-17.188817985869154,0.8449887282399939,11.406097044862921,10.076490314691862,1.0
-13.08115512977383,1.550258612410901,22.417157378876283,7.221269670624686,1.0
-1.7930600887567776,-1.410365977405978,16.107515798792225,7.72279065662313,1.0
-0.9096151888827269,-0.41875247918397185,18.89536668419595,-2.0093947263907648,1.0
-8.619818145174811,0.4266878071246132,13.230008020363432,-9.919769837491394,1.0
0.5131026005586721,-9.175480959288253,12.20648180561761,1.0048013945156136,1.0
-4.000008719238034,-2.722853610794156,2.8712391067067,-3.846534720382232,1.0
2.476877885301687,-3.1231546987258083,5.633259332448362,-6.759219388760025,1.0
-9.408092431972086,3.6195494132678823,9.997809758489907,11.948773599224408,1.0
2.3552608621087705,8.494197984134674,8.981963083172479,2.7027888243631275,1.0
-10.874395103053029,9.558213388882999,12.136831360049666,12.369967884145293,1.0
-9.151012771521454,2.341969939314593,2.2501763928923744,-17.760369853672096,1.0
-5.460217072223326,-3.366853873253061,12.127186415591073,-11.42294947178878,1.0
-13.589677537115211,0.2440229031050717,3.1342621814000307,-13.003452354280721,1.0
-16.95687570897624,-1.9035770361230986,6.462313396880464,-6.138657170293522,1.0
-23.23504432377323,6.792933035560485,5.032054098509257,3.6044888315863846,1.0
-15.264345059380695,3.3510023324572398,10.766407374990862,4.9042337034031,1.0
-15.539245955012731,3.0508416037186645,7.094422723832478,6.996112383506183,1.0
-2.594763496066017,5.287082030950611,9.315165790776177,16.551452669751768,1.0
2.7506112443473145,-2.4381102889576765,12.340270952271833,15.303034162757319,1.0
8.300346995982633,-6.287284682748319,9.364491796426138,-17.827610178632227,1.0
-2.7790344531359072,-2.911490469204068,7.018647845497631,-16.376588067746365,1.0
-1.3749215055240542,-2.2720485669632566,2.3216465745009023,-10.862626816781852,1.0
-14.250562897236627,-2.7830044985633577,5.3548358700039795,2.6023942909980793,1.0
-13.820941160559812,2.5351724314680943,5.4378326563024455,-7.498458261723016,1.0
-11.198084896785753,2.9804222302106824,8.696137570929245,-9.79604892052232,1.0
-11.867378613576216,5.827546355334274,10.571733322671879,-4.297364185907744,1.0
-8.789617296312565,1.8003596336453,1.8873118526705137,-20.011633347866425,1.0
-6.877938203553352,3.8249501178299146,-0.23498528987111733,-8.825139246457011,1.0
-0.8002772888213849,-2.1673791301175656,-13.998397072451242,14.359690393148533,1.0
5.812727518893463,-0.16390093349716572,1.6129456724107731,15.931154099539837,1.0
-3.8811031675521317,0.6401136681286186,5.629113837866857,21.722651179823046,1.0
-5.170371281033157,1.4520047424928388,11.720213703107968,-5.446934748730303,1.0
-4.99489609068252,3.8307078391365303,10.02191870411947,-8.661835414835515,1.0
-12.436739520346329,2.6559385053563775,17.119398169995193,-4.874839142476955,1.0
-9.224220674678705,5.3998048810799935,-3.617690209970493,10.2349779111168,1.0
-13.8651514640396,4.060374022309576,7.351859529817295,-5.616705676904017,1.0
-7.139290085304872,3.613332566353879,7.597255586382138,-15.58871099630127,1.0
-8.075420909971601,8.683120497724689,5.3461069105171575,-19.142650217008764,1.0
-9.023974521480735,-0.29562334122161427,-1.5875120801759985,-15.521212792393722,1.0
0.943362300854786,0.06897694870510529,6.729210989470164,-9.176540865110573,1.0
3.362288756235251,2.031014699066494,16.365686198766106,-9.197280724328763,1.0
0.6902160632083856,0.22137561140833162,7.020290972958481,-10.09752838465425,1.0
9.34734973371352,-1.0815658919070927,8.222413384561158,-3.983221912444768,1.0
-13.825974158648535,-2.0440915198296707,0.1736583896077697,-21.015787678208405,1.0
-12.379001776153874,-0.8686613872394076,3.330533794486316,-7.971764811074097,1.0
-10.92790391168311,-0.4653612455313998,9.469567342877983,-19.695447460933188,1.0
2.289290585756625,2.797250142276172,12.704581409008355,-12.556614607351065,1.0
1.6679225336443864,5.929049310754179,13.21784369703984,-8.24744768322384,1.0
-7.179163772057902,8.474574388595947,8.902291509555774,-3.5477942899258172,1.0
-11.035773452815477,6.525833167933933,13.41042022233558,5.51396079402609,1.0
-10.331158797536133,7.538305824071646,3.8747186668079268,8.266158500648789,1.0
-13.49684143625633,14.686637163842233,17.806377108002835,-3.857398115948696,1.0
-10.46912764638014,19.185738760742634,16.499939593417864,6.577445391060903,1.0
-11.509198403535745,16.416639959704725,12.621331542853152,-3.6229341820558227,1.0
-14.313681393259406,11.733560077880853,9.58547491001861,-11.43069811969439,1.0
-8.956370966490603,19.001063171431845,4.689687089237904,-8.005867782955463,1.0
-11.91604341689257,15.383422959329385,2.74704911645607,-6.293549659476584,1.0
-11.667572510817507,1.4945158289160614,5.255125314065732,-6.954867235198774,1.0
-5.449415998892496,-5.796880678045179,-0.03604849276333555,-2.6827360339093227,1.0
-17.209873427626356,-0.5804223637369947,0.29237758626034704,6.249876193886061,1.0
-5.878879998364815,-3.344544477022116,10.283895297768819,-3.944962332554224,1.0
-10.739008417268497,-4.65037444367273,5.269921494171937,2.745902144826718,1.0
-14.89983858862697,-8.760646552801198,-1.2855720028773412,-3.7557391260740074,1.0
-11.773526227926958,-12.192630641602133,5.57222410601728,-6.465859641913889,1.0
-5.595222787548521,2.472639218355527,6.559833685687834,-3.946472102619351,1.0
-1.3832339654661236,9.680064436189955,2.831991298641221,-15.244927922712929,1.0
5.086339432562167,14.734368121973288,2.5897728853796007,7.121630865799951,1.0
-3.6193346911975404,18.929223999385357,24.62764478578822,2.2555184373096324,1.0
12.869277800964468,16.753226408739128,18.589616112798105,6.573673161215403,1.0
-5.269167271904779,19.528155042422075,13.576064179738275,5.458504579011234,1.0
-7.237213975332675,20.5912364189667,6.968658945419222,-9.517394041765964,1.0
-3.492953880715959,21.499647188215008,13.259920308637255,-17.189974426856793,1.0
0.7331279199994576,12.420379762075612,12.084532427738086,-13.974043355834675,1.0
1.2383327864506062,13.305619367123477,11.075793353971164,-6.019461484701338,1.0
2.4363140432965475,15.578360562540734,7.042554922389419,0.6446340978410676,1.0
2.2572964570808987,13.04617297057683,15.21591986841021,20.517195147290707,1.0
2.109898244123168,13.970903182400086,12.521037513792692,-7.847797207107233,1.0
2.782691664150916,13.4754863571068,16.099470807850857,-4.776389315960718,1.0
9.016252053365491,18.182398717297264,4.796123896750506,-9.424834182925645,1.0
0.4936569383556728,20.939470147129168,1.2583983191362602,-14.642024717887596,1.0
-0.5419984538589206,11.695422153920823,-3.213306444113515,-24.490258894916348,1.0
-5.209372190062666,14.8482808041475,-4.645046550318355,-26.049205355778355,1.0
-7.072125512518175,14.030505435379535,-5.331183412345014,-28.49222619825617,1.0
-15.367977143416496,11.432797560671629,6.148454172766222,-17.802835699387153,1.0
-9.604618897326063,15.094555907453788,13.971569425152762,-18.50142638331162,1.0
-4.808220750586929,16.66535912960963,1.5929990500702687,3.7555481409270772,1.0
-6.202888324350636,11.057033852613479,9.735355589805025,-6.031422542500701,1.0
-9.559865995688746,17.287676506069644,8.79547745952414,-17.517175587671844,1.0
-10.86005306547834,12.632592597835236,10.882011783960783,-11.634887397358114,1.0
-5.225571185274946,8.74778996239998,12.104015914726332,-15.30361939440161,1.0
0.6596804365450764,10.099039731160786,5.883173641886383,-3.6591273274987195,1.0
0.5723137355434567,13.158837872741653,3.700415025841253,-4.222205524743156,1.0
-7.395554498586496,10.866698297397857,-0.17859262692610933,-7.835266931081538,1.0
-4.52628183017306,3.664846763830271,3.1017272457408653,0.5638642609725633,1.0
-2.244102363828034,5.46934745981793,1.17110226784183,-7.083424333871082,1.0
-1.8827703723021676,7.318163238244171,-0.4433368402700548,-2.6601913532845267,1.0
-4.732659152686839,8.003579808861168,9.814590965330051,-14.069684813268596,1.0
-2.3176530481669015,10.46933792913969,11.069069919232916,-13.404999027395068,1.0
0.05556835589365816,8.043002907039892,-2.492450303379772,3.044340602667214,1.0
-7.581631451778423,14.718425625088912,5.361517944303873,7.718099495119372,1.0
6.97442480006942,13.590939962691841,13.146359646334256,12.42464719461647,1.0
-11.033100371997389,21.509248293249502,9.378208043210831,5.968329857787747,1.0
-24.958495828563827,18.902911114272793,3.0405462503651774,-17.874379964031473,1.0
-20.95158534550677,21.379624491987975,6.788070708227291,-11.717407608317849,1.0
-19.6353599670118,16.83906134918576,6.1881686419041015,-13.028051611912632,1.0
-9.989886774576023,22.598340222995727,6.647702935600703,-9.306832394996668,1.0
-10.214220956788125,22.85334385231807,3.5586373140021132,-6.318930036800797,1.0
-12.201649444494548,15.500193528023155,3.426049284699376,-1.5686734084573626,1.0
-4.980979722233445,19.193493528871244,-3.1023011688519873,-2.99862986433068,1.0
-3.154376412995791,14.081150522759131,-3.694602045080214,3.2039498748511424,1.0
-5.306516076940962,17.3981678425446,-1.4423154693088884,-0.07039903914296364,1.0
-5.714814493178973,15.452088727840145,2.4179657705478164,18.983221022396144,1.0
-9.827616211669113,7.9562673350100885,2.9244019226658224,5.877782080587433,1.0
-1.8816293079149373,21.340119112904286,6.897853151375801,12.237387955419118,1.0
-9.023426911329889,18.777783366193546,2.0249061419842254,2.6670016571978605,1.0
-5.718434212219693,15.357722314716211,12.65192566179837,-1.0702093691471244,1.0
-3.7829381857216977,13.014662219730448,14.709082598122011,-10.659489615182936,1.0
13.938106582538111,12.828663412090505,14.214881927451009,0.026998793625830242,1.0
6.678973672348215,14.319601853851108,15.206537113684258,-18.64276177496582,1.0
8.055630716442753,17.211513853821142,7.74621888337181,-25.618735341767085,1.0
10.793035654148786,13.315281532728049,14.199856094557061,-15.376729740688848,1.0
-5.030543846806133,11.54204030801288,13.491963615990368,-13.342168166541533,1.0
-25.24758810540619,15.76506891730713,14.24053309433667,-17.063198572983545,1.0
-15.011721387302273,14.567961254747804,9.587237170989264,-18.021873504372845,1.0
-4.58179549117405,19.472537008010555,13.02482746865839,-13.876907651772738,1.0
4.574033992503076,15.131611225476995,16.267138580950892,-2.5408748780171715,1.0
-3.378188866429042,14.132771220803871,7.467764601017847,1.3403189541580154,1.0
-10.855393724260212,11.137440668078833,6.099147941944911,3.1126105774877875,1.0
-6.818012542328619,17.00697717327377,-4.237505343971945,-16.983361459083632,1.0
-14.804621182272763,15.563806206562793,-2.6212360631063216,-7.649184639211724,1.0
-2.929394311932466,11.856398677600062,3.2849408392787325,1.0719969265915275,1.0
-11.889809200052703,12.366344235394433,9.920994734880086,3.4135660573774844,1.0
-10.387553640900236,9.733695766544558,7.919602672199705,-3.567690565354606,1.0
-3.290298251594664,11.552426236954627,5.479884100821422,-2.403779359179901,1.0
-6.620481743218136,9.659250724191981,5.889318157729687,-3.8458263972147404,1.0
-7.3903032125046595,8.583696790604254,-0.785862374491769,-9.706354524460302,1.0
-5.566430429256101,10.243726352365595,-1.0755122793389642,-7.15037588000963,1.0
-10.613356095878117,12.26857950844685,-7.255636112667744,3.8852854907263428,1.0
-15.332710378467263,7.455531271254391,9.432917397824607,-5.025071405000227,1.0
-18.934335336014545,4.490193817976104,7.971655928969759,14.94006020868994,1.0
-24.45887703225346,11.347475593051808,3.1319713129731515,25.11124361822748,1.0
-21.66781136816447,12.153776171699903,-1.0776052727721925,10.804747954442881,1.0
-10.961596479315574,5.350458824347243,1.7216347869858435,8.616774146205769,1.0
-2.5271088745474337,10.975502802749409,2.1526673097816404,-13.998176464510752,1.0
-3.7491282280848495,10.226625042186928,7.110464727143602,1.1911000709740338,1.0
-8.129447280698617,8.572308656094265,6.458140065414173,-3.6585931708775323,1.0
-3.2883095957304196,16.61210768305353,0.1732302265350789,5.0141208072809045,1.0
4.814469389112482,17.45213335789425,-0.8569323884986453,4.98903439683261,1.0
3.6805075679367185,13.486048932739543,-4.370775696198899,6.115036276686497,1.0
-1.9356115176122426,13.224105178870312,6.964526928207454,8.944429544403587,1.0
-3.2923970294824363,18.290787482240912,4.974156341727953,7.551194938936213,1.0
-1.6353606501672981,13.274702591753751,1.1158536215669042,2.162334714203774,1.0
-3.31475747739405,10.389077410511165,7.312226212646833,29.474557825650166,1.0
-5.211054512904543,10.853131910726585,15.055516925474684,4.495641651287428,1.0
-8.418292227560045,14.257535016235765,14.7796114710387,-4.447544884933703,1.0
-7.421874550899552,14.024209368975036,3.16515963897689,17.71174462420959,1.0
-8.072395981065053,12.187317370812611,3.622454429775729,20.385949715739287,1.0
3.354333440760485,3.7241625106678455,7.084838459335043,9.372681434450499,1.0
-12.40625911266306,0.5609649220451431,10.386081680986795,-5.1437121714108045,2.0
-14.51737286928402,-2.729679875729374,18.896255972506715,-3.0555823262889064,2.0
-16.474776331903243,-2.0226057371978206,20.72673453667616,-5.449026308624287,2.0
-17.619143271232584,4.693758404212018,16.818558296783532,-4.5871115124030055,2.0
-16.678379400580255,6.3035808471577415,1.0694511122575632,-6.5888500072392855,2.0
-18.18081339080972,3.398429264474876,12.991090489552263,-10.464329756227688,2.0
-17.567515311977353,3.2736734007718065,8.736566822774176,-12.23741842073894,2.0
-15.799778206468707,5.4098766622443195,15.44533560744456,-9.373006452686388,2.0
-14.135947755770063,6.00747734551158,3.2975393653461467,-5.557056480199726,2.0
-14.950300339348546,3.561646098177864,9.801994377645626,-10.593494594887812,2.0
-15.844745998556618,5.128542323326569,1.4754332513482122,-9.142318057228152,2.0
-13.541342478309726,4.317335110230428,9.951724241229677,-12.407430647536984,2.0
-15.645927123481036,-1.742485848877915,7.758397172147694,-8.374935931951182,2.0
-14.317305373994321,2.2168511859516666,12.721046108130741,-9.11648412820065,2.0
-13.467906305209143,-1.7263143554988511,16.907452944085016,-6.360646277971272,2.0
-8.345363897140643,2.1093865105214897,14.407409567595764,-6.458795362701211,2.0
-11.65144363597072,-0.6654213598957099,11.034363991779232,-5.932238845241493,2.0
-10.919632362310935,1.3090774492576098,17.84684356775749,-7.53841253725862,2.0
-14.525809662212149,1.838196087638793,29.700722866303387,-12.231943973436401,2.0
-19.272667011101888,4.158809928529564,26.2795911505376,-14.040386778032751,2.0
-17.64052767853475,-0.05304491306982029,16.212549386630325,-12.596546026275623,2.0
-15.973891890549663,1.7450594059347937,23.01626818765173,-11.854327427020923,2.0
-19.062243862738605,-4.550115559454955,11.982205633970757,-11.2087103137441,2.0
-20.04890128768573,8.960378236798483,6.416826951045653,-8.054554989858284,2.0
-14.058972285051748,-3.5444174232600476,9.993144939047067,-10.275246265316312,2.0
-15.065607695858471,-2.6399185086143957,18.613613090309403,-9.123793134662776,2.0
-18.474437472940235,3.0933128132598284,21.856069479046976,-7.689765598504391,2.0
-16.201096191776042,0.5785957597352054,10.026523565629697,-10.010350172293686,2.0
-17.903567881379093,0.45391919341715314,20.84658666007252,-7.1412937370451885,2.0
-14.983320002813192,-1.3442689920049173,18.03696124578712,-7.625778075309368,2.0
-17.798582044205943,10.511203172469262,12.024262486460945,-5.527904433455019,2.0
-16.156526748951528,0.5236364393761379,12.33731722177554,-8.803370949361508,2.0
-14.742142626697385,3.494391947610189,19.28508046896605,-12.497030473993414,2.0
-13.97340705556328,-1.3767977550713464,22.26872244164769,-9.723897815279235,2.0
-15.672945547707005,-0.6317280129392743,16.167363467556623,-10.41852124793341,2.0
-16.939321675688507,3.199845973767917,23.975735296758927,-11.328272270096324,2.0
-16.51299762076033,-0.1669168882337566,25.47276069840556,-11.164667088583911,2.0
-13.78889100064484,5.979269281669084,15.775722241706834,-7.223317700652073,2.0
-15.508989499334678,6.4801064924376615,18.337111087422443,-9.6997687841202,2.0
-12.730834170605174,-1.1272088946853873,7.541458500799433,-8.435791417394217,2.0
-13.686365850801526,0.6752545129764048,3.2440654476380697,-6.681288315693935,2.0
-10.638611287229372,-0.9077429377766482,11.822583701606286,-9.160020189707192,2.0
-11.735672557206467,-3.2028146516102254,12.611021697996208,-9.248805249601498,2.0
-15.431903706315723,-0.06244433587649523,14.734731927307557,-5.562190634250978,2.0
-17.83307048753548,-1.5028794538017105,15.185069379572727,-9.795575161199979,2.0
-16.80599981527427,-0.5577022841310003,25.41705005931225,-9.097062446902942,2.0
-20.08638662668549,-0.4762294574436514,13.310519603648432,-6.883497405858372,2.0
-14.356353362926985,-3.319012435787454,16.727220634732188,-11.710377977086608,2.0
-17.22334935452343,0.9654342089852357,20.57147484236127,-15.236726561924304,2.0
-18.826948726958474,1.2211045069489548,22.705842485937694,-11.496181827799546,2.0
-17.514235863170697,3.144366423824537,20.1245129188655,-11.74024794787659,2.0
-14.958606149293226,-2.4020436226043334,13.73639254706707,-9.053819126211083,2.0
-16.529999403264412,-8.243113591548378,15.059263081771373,-8.261487880681601,2.0
-16.659134801247543,-8.959561109185586,16.82065725412654,-10.800672450561734,2.0
-15.619922961787573,-6.75054842329487,18.337292633395563,-6.554181707565648,2.0
-14.272399876785261,-4.355205105343305,14.241913851116475,-5.615480850072528,2.0
-15.411442933383922,1.0101102280019862,9.653419506663957,-9.393283775522628,2.0
-13.767620850922707,-5.247979001262229,24.163307662755955,-7.597736724590293,2.0
-23.25091085191673,-5.089005855711031,21.524297939969987,-7.218776894225442,2.0
-19.114203743453423,0.26396632323385116,20.432056233612194,-9.100028850665781,2.0
-19.748008913777173,-2.1862702422917053,12.99539320319056,-7.826052053472193,2.0
-20.6779658796448,-2.304770624018657,5.222087463129069,-6.7109509963837475,2.0
-20.887507325133335,3.6467226408619915,14.186820496671972,-5.462098073220731,2.0
-15.384360763399595,3.368849268895101,9.748507800798599,-3.9922458824081635,2.0
-17.159037158704173,-0.9755858636097026,17.70273381188946,-4.554151312721778,2.0
-13.969458773073043,-2.484778993638741,10.467530829856987,-5.329456375307525,2.0
-10.497096646523165,-6.826664698970831,9.163393894803335,-7.6113981415362115,2.0
-11.727678179733655,-0.227527189356165,-0.38718495179017154,-5.422201086804922,2.0
-12.458830308700996,2.334884670710681,6.709605487731534,-8.630211320747378,2.0
-12.671990190620559,-3.387728053177243,2.1301972503780444,-14.022674747599522,2.0
-10.594677664335967,-0.8718659162136801,6.689086942895337,-14.077204069857432,2.0
-15.298775285957422,-2.1421064600147286,18.1113282016513,-12.965006521553638,2.0
-15.074867391255244,3.9690767892838803,16.240723592771516,-6.634231430878874,2.0
-13.395988851522533,-0.0997971847614334,23.36666190944204,-9.39077995747423,2.0
-13.656244448753663,0.6992753400503899,12.339116011863918,-6.099183662122197,2.0
-14.97104221493549,0.4218076164370788,22.88109285520598,-6.817813022902907,2.0
-19.3274704380094,4.135743767564382,16.118567640287473,-8.153539127827305,2.0
-17.072683156067818,-7.15186254784832,20.110090886772145,-8.712338770205442,2.0
-16.320164687816824,-6.997356642664859,26.649210208978563,-7.984527624894701,2.0
-13.698360510709762,4.335357775157887,12.564082092649866,-5.779443654491312,2.0
-17.710387532997093,-1.9200548265020303,19.566033737746917,-9.606427798958155,2.0
-12.849830885504552,3.7695766637669177,3.737910354302656,-12.277126043071403,2.0
-14.386841694496729,5.0422152371298425,6.512397742931499,-6.866997987626796,2.0
-18.763285866376055,4.759865983174344,15.576649914126332,-10.933295173496322,2.0
-16.37871404546872,7.810999588504053,4.00869780576776,-9.81578246697231,2.0
-19.524374170390974,-0.008190216801173378,19.535862568972767,-8.022958527591594,2.0
-21.13068813161903,-0.5874064677605513,2.3807105958147297,-5.941245776883417,2.0
-16.072373815381354,-2.9224183317777057,11.562909067543622,-10.260342951204276,2.0
-15.679630874186687,-5.60566164568099,-2.117912409223779,-10.75004688067262,2.0
-12.836530810989082,-10.121163151805359,-7.036137772128454,-10.085422709165673,2.0
-15.23394492809246,-1.2976344339067254,8.920869323498268,-9.098517193083184,2.0
-10.299141376282344,-0.9803586218229066,10.820293122474407,-8.760660095710298,2.0
-13.309651491290388,1.4626176630283252,15.367874348070249,-9.931381003722096,2.0
-12.030866318805332,2.3684602260508143,16.632215102907757,-9.154972892574646,2.0
-12.036711432323948,3.2651592984463598,14.824169895462557,-7.815118176673865,2.0
-11.874380503753875,-1.4133676920802956,14.067855084671859,-5.424199892685741,2.0
-14.733868119937089,4.014187679096059,15.728526087659704,-6.916160277213669,2.0
-17.14598625182564,-3.399009833168684,8.572542849243929,-4.454962716892156,2.0
-12.641043115287433,1.8841190607364955,9.2795383082398,-8.160226072636265,2.0
-13.697126112956846,4.86485911534825,9.068721034534093,-9.194222346694096,2.0
-15.720794170515799,0.48417928810399435,11.792784298148137,-10.38657282041809,2.0
-14.96515105464856,-2.316451489033968,17.262293440078444,-8.799704620313628,2.0
-15.12261333218046,-2.4562841449931128,16.70571264195089,-7.155298673448902,2.0
-15.016700612415015,7.702146942890945,20.13551748434694,-6.681564451023931,2.0
-14.35934232088651,6.717801894141399,20.603753312445786,-11.926420942889019,2.0
-16.119104332439445,-0.2688191514709213,12.63799174186638,-11.10870860447572,2.0
-13.168043878971655,0.7445671888077161,12.640069284230274,-9.213530299449772,2.0
-6.535461432939846,-3.919807433334993,5.462355875536202,-5.79192375456649,2.0
-11.527759444187954,-1.0477624465473858,16.98673634333069,-2.646453798036738,2.0
-12.041057583365813,6.039840772007212,13.26132628949506,-2.3142759586351866,2.0
-8.664602032426716,0.09628048194936167,20.921480102238892,-8.111332833300896,2.0
-14.146754075683774,1.4001415168126972,5.251726761887926,-5.67236504510544,2.0
-17.346897196739867,6.027444131397697,3.9575030077448723,-7.68194994612447,2.0
-15.152378485914193,4.105863771848806,2.5816011836947066,-10.167810339462404,2.0
-14.580880555268777,-0.7537022795377174,12.263894976086478,-8.703111733027814,2.0
-11.816859579546438,0.49732001190396824,14.171009400955569,-6.985875091335691,2.0
-15.517962515971515,-2.2423000114280134,22.87966689212415,-7.8514476110951925,2.0
-14.03958337492297,0.5887767275249136,18.98677636650695,-7.881977139293721,2.0
-16.831340715932427,0.6852528664950234,25.67410733024977,-7.101341798733367,2.0
-11.432455775040214,5.364760955737367,26.62206975526853,-8.186302795573758,2.0
-11.14865038481878,-1.802493482223126,26.791660177592945,-8.474357845933138,2.0
-12.146430764827212,3.229380861223311,22.625258176743113,-12.053211097941706,2.0
-14.121560803310146,-4.159627277764967,24.444396342894976,-8.728463565760126,2.0
-11.06108238438326,-1.815647275527584,28.199758328142035,-11.556583944021511,2.0
-14.346863016959972,6.3213865016875035,36.44948933814823,-13.592882276416692,2.0
-15.164289068534426,-1.7196525239389144,19.478956405530514,-10.76022124610072,2.0
-14.424137963179845,2.7682360062089457,21.7711657655784,-12.032239937392966,2.0
-15.230434285947712,4.38095674484044,18.779088475254937,-5.8027774407044355,2.0
-17.233613871014814,0.6070691235741288,10.91084504815106,-9.005168790172005,2.0
-14.589417655059709,4.904958830053758,26.671221418392417,-8.71957588759269,2.0
-15.197733006343848,2.242933192255512,17.516327384251596,-9.702746475533413,2.0
-15.420514379231847,3.5138817825730064,19.707431236486038,-5.413660533452887,2.0
-14.369093481384226,-3.476170661141016,16.54271594644039,-5.651582066360821,2.0
-13.58653099618812,2.879357483995113,13.74144464473676,-6.460866789497253,2.0
-13.800028881877079,3.29268798038816,16.934129310265106,-8.861114629798472,2.0
-14.107984494834122,6.644091342015976,14.181485218358509,-12.965808164267091,2.0
-16.441851972932813,3.393513178962457,6.772045846291905,-13.403589869199255,2.0
-16.955810065257968,0.6759723613903363,10.844276231374591,-11.597429324424615,2.0
-16.11927738035262,-0.16023388117530557,-1.188966259251922,-4.850342584256094,2.0
-13.97624556083043,1.368564400627589,3.638892848413757,-3.0987184700104597,2.0
-13.41140180542348,7.424124440089073,2.948674782891043,-7.514915130495565,2.0
-16.875429760943668,3.4967381568234197,2.9487704503895182,-11.167515087608777,2.0
-13.52218399293589,5.8507153954251,13.256476277402859,-9.56149635724092,2.0
-16.051998503458897,3.8899170480884795,12.55544039967505,-7.858256274807608,2.0
-13.98592238362916,4.395377665681309,15.732505420947861,-7.20630386696659,2.0
-19.13320891941268,2.3516489107202445,15.443387217475296,-6.98144812768227,2.0
-16.866127205952907,2.4131890064643997,24.72965305159505,-9.436324563808752,2.0
-17.009235644083542,-1.2177279523515936,16.30021775652215,-7.439520256976285,2.0
-15.910733222200895,2.338936894589388,16.573963386145003,-5.052729744756184,2.0
-19.184370790767684,2.7267012699083684,-1.5060589211137803,-10.574414590861728,2.0
-17.042517600396188,5.937672798851231,4.6214847015816,-9.883872514301341,2.0
-16.34633268256532,0.6499592303273177,12.586177943373194,-8.417004446901593,2.0
-15.801945378670046,2.7159833317404676,10.307019041456218,-9.87125167629171,2.0
-17.000719626499926,2.715851500448498,6.1931732785041405,-7.997827804128237,2.0
-14.595302791751234,4.2949567912476825,6.14980643685813,-5.770370053507783,2.0
-16.412193014502808,2.7122574053873567,13.409388766752738,-9.147729696333585,2.0
-12.695217284143256,4.055975432651725,12.749708536824759,-6.304471053754111,2.0
-9.32208809900576,-2.357100728250559,13.965945953655817,-4.707043028102623,2.0
-11.963369227560216,-2.5119862477037564,13.462194064099888,-6.421445180764222,2.0
-9.665363061437983,-2.5348394170749993,16.296501616124605,-12.425498781924244,2.0
-12.928759208705394,-0.6245588376762208,7.0420131546886235,-12.97585376173509,2.0
-13.088290961540222,0.11903430007111693,11.449798818437953,-11.516133710482572,2.0
-14.544716252255864,-3.5055073694585013,-0.9238824028255017,-9.222643635806977,2.0
-9.25763120488673,2.534897161536871,-2.9365455183404308,-8.459151150151595,2.0
-14.42520147960894,1.9794798947358503,13.477258069585483,-7.204489998596963,2.0
-13.68424473295527,-7.122188984434842,15.746986035904408,-10.342390650123164,2.0
-15.416248201703862,-4.891000878306918,20.114478855411612,-9.121673247284741,2.0
-11.082406719249798,0.1647376177803319,10.824492910230576,-7.9922674362285075,2.0
-15.685600206041451,-3.6214926433799484,10.81438291888739,-11.234880189403555,2.0
-22.884331642279335,3.163166760430141,8.652108990613968,-6.6781919016142535,2.0
-19.800286712067468,2.055080988993989,10.721747071034319,-6.139102708824411,2.0
-16.74330105922669,-2.4340664997858275,17.41622352942304,-10.630069299717988,2.0
-16.12550720577246,-2.7148789315456145,19.486756235040055,-10.366787487994257,2.0
-13.867514964362883,3.5963829742445617,11.731770144219126,-8.442988381217562,2.0
-17.278117258614564,2.696146731444047,18.94002690851395,-8.937522320797727,2.0
-16.38633432349184,1.475828540967321,8.612866832207224,-10.047091532933356,2.0
-11.284323573303636,0.4975027137856065,9.264110515312742,-6.661968684535767,2.0
-14.953973371603391,-2.3325296127882504,10.474567208047064,-6.727468559056531,2.0
-16.426917266161464,-5.239181628002599,18.15024583077132,-1.8128461075124953,2.0
-15.5329022842353,1.5009919051032519,13.565422344840012,-8.546034278027372,2.0
-20.221973183228467,-3.4329274751076984,13.218803059255375,-6.695141999670235,2.0
-15.962671284454235,-4.7489757854700905,14.573631558796862,-8.917760559468778,2.0
-15.400101513244667,-0.8351146130757585,17.445062257275588,-7.302454474294896,2.0
-14.012689362031809,-0.22958520579620934,16.837051079546157,-8.325616709933996,2.0
-17.357048232047568,-4.309828831403959,10.578528305075526,-8.757838890607248,2.0
-14.420729087901243,-2.4152128542646407,0.6762517839478068,-9.913850327669085,2.0
-14.855851262989093,-2.23876960142306,5.4082634826566185,-14.455833539108946,2.0
-14.539974138475088,-1.8445849017479568,-7.811998459811268,-9.675431556805513,2.0
-17.90179642795752,-4.390593754813422,11.489916639980244,-11.418645215962254,2.0
-15.099397139556899,-2.092150158582868,9.153874525019889,-12.947915700759921,2.0
-14.958510114589771,-0.08505941998091365,17.523062154330255,-14.182250014674857,2.0
-16.13639114913478,0.22388365638429852,22.518644459419107,-7.9216651986183635,2.0
-20.637852795336972,-6.01424827809412,23.604886170712902,-11.201599427646693,2.0
-16.29074742764386,-6.653476202904245,16.718176718965815,-9.78504017987431,2.0
-14.168876302093087,-7.251415278022317,16.961689520383693,-7.86482262805652,2.0
-12.912694424739705,-1.2889791075323207,18.041332368725076,-7.279873884027612,2.0
-17.936131391625985,-6.324849135452886,17.52925956670895,-5.850109720137964,2.0
-18.727819113189156,-0.2910778391821287,29.927184453864452,-0.5093415997354782,2.0
-17.915595016741868,1.4531062471804652,8.139977255729024,-4.154618670920949,2.0
-17.96204807416817,-5.963433939888843,8.240928131760118,-6.3282583592919055,2.0
-15.319224416680854,-8.129243963491586,16.625020251831998,-6.311385721940065,2.0
-17.889573466165462,-3.2247880328755203,22.133467255061557,-7.316576243193911,2.0
-19.294587843658366,1.9470516847744803,5.389958385642583,-8.522002951918726,2.0
-19.333104075127967,-0.36651306103653525,6.049068483623472,-10.499974691814245,2.0
-16.09533118281863,-3.2949935208638887,5.681526381167615,-10.02102127504159,2.0
-10.110038573404404,-3.1665966176933193,-1.3836005507828464,-10.427329836128195,2.0
-14.230122176073426,-3.383448003257925,7.651435849695678,-8.896273385329888,2.0
-15.50978448494947,-5.815209267292331,14.952936584886455,-10.348184266763718,2.0
-16.488455870515313,-0.8989612546446895,20.66337363819046,-10.876094725186146,2.0
-14.98624138148444,-1.492819610292123,14.642791986473497,-11.016488229503649,2.0
-13.562726952353824,-1.4837815707985804,13.489433866734004,-6.825530907518407,2.0
-19.378534636865147,-1.5786954947465857,17.89067163185956,-3.838345200185778,2.0
-14.318123866340299,-6.7520622603018525,3.0849407343572857,-7.311898959739727,2.0
-13.827605043810829,-7.151631706218011,7.679788855064963,-6.13271683368319,2.0
-17.78389356244455,0.36401564380819884,1.0385224337324068,-2.3752465990979967,2.0
-14.647996174156994,-3.094784114233736,13.218588549029407,-3.8422729943756844,2.0
-12.556947084146051,-3.6600891195973126,-0.16341635518008957,-1.7698029425890862,2.0
-18.196011340346598,-2.886854607400534,11.936597316969454,-4.404709849981714,2.0
-16.525953507191907,-1.2484011871890281,21.7404265100669,-3.996602559157915,2.0
-15.426156704337933,2.4478835676247117,19.277428939626184,-9.29735156791523,2.0
-13.504388921240682,-2.017028016817242,14.54845022937834,-8.204486581543923,2.0
-14.527438940856852,-3.368043547377443,6.495300163415008,-8.391112857920708,2.0
-12.57959271026824,-0.8464800852974018,13.565787581190971,-6.314544712457688,2.0
-14.201522080946052,2.239792269622883,13.577109452021695,-8.773770417534354,2.0
-18.689202371666074,2.387537393387137,29.939434891953496,-5.155251886439054,2.0
-19.078655088171594,0.8622669825997682,26.265020879543,-4.252518880442679,2.0
-21.48838599053546,0.1598672953179987,2.3566954414768038,-7.000675188234748,2.0
-14.922967426327386,-0.5052560189703938,5.252043941963045,-5.819974832798039,2.0
-13.49919053146852,4.339637542128166,8.96962628298751,-6.761501424587692,2.0
-15.116528413889695,0.5391636484051974,20.241559948757196,-9.508362035080442,2.0
-19.817335540806717,6.166051331280505,23.501456734232768,-7.106988929718648,2.0
-15.838675211180888,4.531485892668924,26.641817660362406,-10.242125617616573,2.0
-14.577793449349498,6.577039047290373,34.390651866710115,-8.889777329959056,2.0
-12.441674845320161,2.0424170210732537,13.507096141254955,-7.73678612308661,2.0
-12.213893063753744,2.8137617913949917,2.6154422893620026,-5.9988904595400765,2.0
-15.68018231600618,5.798031993607119,0.778467069669782,-2.243128011816479,2.0
-14.26448404569382,-3.1249209965332474,4.3388781793861515,-5.021842623678751,2.0
-12.749916490357531,-4.588263508620106,30.551072671096136,-6.456582526488273,2.0
-16.40095420355216,-1.5979881194809429,18.15198720839773,-8.17812169575828,2.0
-14.275725496541604,0.9204108386028473,19.629992789942033,-4.047291704891678,2.0
-14.129243085011499,2.26044690239787,24.6693433732574,-8.517713944903171,2.0
-17.622453186516886,-0.779309706507046,22.52927288835037,-3.1912697027001498,2.0
-14.140444221486392,0.38658429976225306,18.599359890110662,-5.598975127914004,2.0
-14.104102718305262,7.520444577339702,23.57767015967174,-7.343716122130601,2.0
-15.37296910611794,8.696983159694334,18.182077213823963,-6.898970788302792,2.0
-11.39942510296903,3.2360757576106542,23.643561173188584,-7.516525879124695,2.0
-12.459981491802457,-0.23072609449329828,22.861697264529212,-5.649487957323739,2.0
-15.439177257517656,-1.9415593592266185,11.09862758283813,-5.266548953297475,2.0
-14.831979549700739,-0.5441122305785155,6.282407739034037,-4.565978021853147,2.0
-10.00977660590415,-2.476556134629564,21.626039982424306,-5.393126919078523,2.0
-12.615334180533445,2.0627118859899625,22.888227994781435,-5.182471840507716,2.0
-11.25948407734227,-2.981509034145459,14.973773821650527,-4.710170100722921,2.0
-13.310573750409333,-1.0655145128396406,8.307575143415423,-4.199876950895844,2.0
-15.433117725748977,2.021522141083464,15.98680583027081,-11.145003478481845,2.0
-16.359814951802278,1.686100140484174,22.529847299422098,-10.33527619038919,2.0
-15.778614014924807,5.514745352133271,12.743169530073603,-6.0002495101107405,2.0
-14.000221044776193,1.2027303992765372,25.764146149559593,-12.866837455224083,2.0
-12.809692802415865,-1.4633579711448736,8.557853616422612,-15.490636874126864,2.0
-12.091363431531905,0.7302533091084464,13.717706670180826,-16.999395555158003,2.0
-13.556392218612483,-4.583193445553673,17.690439321295568,-11.63160762680938,2.0
-14.790491643343291,-1.4378319868390692,19.409990138759206,-9.993236898746563,2.0
-19.28369990031739,3.1445986127802676,7.9862801909839245,-8.390038186317685,2.0
-14.626596861700229,-2.183171638978577,23.170913544202666,-7.2447291654947605,2.0
-13.952737161096476,-0.2000183295380049,22.82719033620116,-7.52390753877558,2.0
-16.81516043315564,-1.4588595427015427,21.690072448857613,-5.555572630980425,2.0
-18.44787192577116,-0.2782340826136507,25.162284291949213,-6.210525584977855,2.0
-14.775102502964621,3.4572158421188584,9.813491564088572,-10.948252700751738,2.0
-14.491479526922737,-3.6737857517619883,12.834574954454496,-7.443847232859209,2.0
-18.830729029787125,-6.130990810109861,24.527660895314042,-11.403638660426697,2.0
-16.77089191966236,-1.5115811111916857,22.39486567197086,-9.479597896201287,2.0
-17.242134031414984,-1.1588173859723692,29.287785330273408,-5.861966982795521,2.0
-11.006236383635887,-3.197783863335493,19.49601348424123,-6.533843779389722,2.0
-10.658710811311996,-11.005308376549843,11.585752828663264,-7.557543539695953,2.0
-12.61658724842178,-3.557300663260471,-0.11809942008261487,-8.522384380880917,2.0
-12.43170133666831,-2.2748614149120017,7.056878815376965,-6.393577884799912,2.0
-14.094962411853638,-4.493396886546519,8.087053451363149,-5.0614256451141895,2.0
-19.134803802523717,2.123054659324037,14.715705475826582,-6.046270484403572,2.0
-18.554390139432712,-1.700703360275778,12.801679224505238,-4.666239343938397,2.0
-15.753932034596838,-4.486060939492023,11.838812406474485,-6.701455366388438,2.0
-13.84304227228335,0.2745568673901291,16.90887729135964,-6.596643008643094,2.0
-15.192226381049524,4.063947498863306,13.47663392695247,-6.81160141642028,2.0
-15.954073641255272,4.18793855604548,13.789713222353837,-8.42632825293765,2.0
-17.18658268699389,2.3060562514863125,13.515945094719907,-8.451435440810924,2.0
-17.14490637641429,5.39215586660971,17.442367339427683,-7.165817382543177,2.0
-16.409557875859807,6.620666046321339,28.704151346330757,-9.741004661615495,2.0
-14.215348688948525,3.5332200840329393,22.729325742280103,-4.228879906440353,2.0
-16.162692150874122,-6.013040831973676,28.9761524849479,-7.351372931286148,2.0
-14.416324327494303,-3.555852661228105,28.733675835339632,-7.380686795466552,2.0
-16.579278015482718,4.110276031219946,21.47534576282878,-5.412014934747993,2.0
-17.426027575963726,-0.32511374300770335,11.108112805929332,-4.384278573336026,2.0
-19.68888734355936,-2.7638139866729583,24.90899457488376,-11.188653741380525,2.0
-18.71246386686139,2.541182247755141,25.78024929114082,-14.252717950075091,2.0
-16.165211246027127,-1.4160320212387285,13.382365806292945,-10.250910693344881,2.0
-16.942745380609352,0.7062357125244842,17.44189960149814,-7.8373990434679435,2.0
-14.471609642493695,2.4915286117156494,26.808558227015666,-6.172697579870826,2.0
-16.595864071847977,2.522265781067771,21.426776444721014,-7.193246408652974,2.0
-17.783790251165417,6.326410079421779,18.19133798485883,-6.2400587254906235,2.0
-14.933951995393961,12.080937053805137,13.963490029279633,-3.700723743478136,2.0
-13.710364636845746,5.379487989355571,7.40853883990285,-5.062924055407007,2.0
-15.019223604860857,2.068074706748213,8.277200618812127,-6.877559596959877,2.0
-13.296375601324364,-0.9919343849838045,14.43678877433581,-3.8569383706978133,2.0
-12.52121341121249,2.4439165378972674,19.3763196429487,-10.463556501426988,2.0
-16.719231989524395,2.069584591247323,12.664507000802054,-6.387657476465678,2.0
-17.980529964444106,0.1660311342798422,5.6422491410580164,-1.5217266477175677,2.0
-14.252917225086588,0.07294646429683294,13.28747098462464,-6.048104779457285,2.0
-19.831368520295623,-1.2828691192030224,20.109996617751932,-7.545206931481593,2.0
-15.894063685683815,-3.6420423551237375,13.884360602311485,-5.747480495579576,2.0
-15.474178086682405,-4.364975159651115,18.18630177686837,-1.6951621006689965,2.0
-16.50915688595227,-0.7814238433163315,30.665625389584356,-2.5802199270962713,2.0
-17.26384356599853,-6.887306495958286,17.82816772728205,-7.097831177115699,2.0
-16.261193034335648,-8.800730239681473,17.81052666771604,-4.509529304700095,2.0
-12.130569841586638,-4.144448941433566,-3.6140866377327576,-8.134873779012743,2.0
-13.79842994581074,-7.50031925794244,7.580890491793349,-7.186984403914819,2.0
-15.145669697326703,-4.08155888580664,11.312528669850977,-7.018698017287683,2.0
-13.524689190816792,-7.6672172507559875,13.023880424762437,-7.412757824539172,2.0
-17.14929779685516,-2.3181390508949478,16.66673398169757,-5.162894311320581,2.0
-16.554235245117667,-1.776618794454652,24.41706477376083,-9.107099676413261,2.0
-16.550143847010045,-2.1184962672676657,21.503513306909312,-10.41630370090519,2.0
-10.186471342836356,-3.841127925527131,24.818205099910102,-7.795109361620749,2.0
-12.227716169522878,0.8933858024152215,18.606409060474302,-10.960959017303487,2.0
-9.523191466667344,-5.331575830673864,23.83393045471116,-8.870928252604608,2.0
-14.344713647790911,-5.153278866507452,22.123852504405665,-8.984805533264856,2.0
-14.308918659367437,-1.783241599394563,18.692944577420718,-11.710040082865401,2.0
-16.307249146023292,0.7231064384678054,17.42046732094693,-11.063409461650156,2.0
-15.586823768353854,3.7159920325318856,19.08403159806067,-9.288935827337827,2.0
-15.43133478031402,3.290586703919093,17.776572958980044,-8.53860098816979,2.0
-14.903798470357975,6.1390193180909804,15.491756663452984,-7.883636142650432,2.0
-13.50188599623093,-0.6283792004860882,20.26833284811852,-4.747882387116675,2.0
-17.75646375310866,0.7546982395467756,22.89989064231696,-8.041705683742375,2.0
-18.094639593630383,4.789771860535065,18.89110872011714,-5.972096412026987,2.0
-16.665854917392014,-4.277208276989519,26.007847419297114,-6.511346383029657,2.0
-18.62809602870884,5.503351301395666,30.618508807823996,-3.14412034328699,2.0
-14.536392459542794,2.9478816550705313,13.124844011253076,-7.7006783935934395,2.0
-10.422592570712805,0.6064048763478751,10.715006994068897,-8.039680048877049,2.0
-14.383632739527421,-6.022021093577636,4.8394707853600245,-3.2788619128656333,2.0
-16.685485478173582,0.9218319634413246,6.758236448053392,-6.968494337798094,2.0
-18.159903964112647,4.834805514820504,8.496868867767077,-6.965415943090278,2.0
-17.428911656812414,-1.5725030696920588,14.195640390566972,-7.0970722684952,2.0
-16.353885186074482,-3.013422790327849,13.193881414595126,-7.714558882841302,2.0
-16.115889205444542,-0.28452580284403406,6.883330581738117,-6.934640831455552,2.0
-15.304023161700073,4.142164090263025,15.72606580217087,-5.640132081936251,2.0
-13.589678873411753,5.397144332788567,9.66459005006622,-6.67638842009098,2.0
-15.207910718600923,4.816257104697859,9.074497581984915,-4.8954867298885265,2.0
-13.441499949871863,3.2023930193931816,22.88692263074984,-3.5356949076080006,2.0
-12.843441432148262,-2.63777347369696,18.906828746431987,-3.4766956591175626,2.0
-15.061249667928454,0.13734415276773293,9.538682101889542,-8.218023679268388,2.0
-14.538632681322817,2.6708628218848123,11.654548045281079,-7.392689054255105,2.0
-16.089808030114565,5.539813398552669,22.312466291239122,-9.947773935703044,2.0
-15.986828121239906,1.6211547222841567,23.99117766331886,-9.964766654687928,2.0
-12.667212264402433,4.641235574022934,23.836596613881063,-7.42043820239986,2.0
-15.688650674265055,2.2463405252680224,19.112938585553877,-8.572346881160296,2.0
-13.395023340061384,3.714218555563704,13.683385705673953,-5.902612072506158,2.0
-14.880899762135304,1.3919076623489572,23.738635053483762,-8.575066737639478,2.0
-16.53067117914761,0.4770999307579423,22.71705069266543,-7.389075118538164,2.0
-12.384037747556674,-0.7295538956369549,19.529273150303272,-9.739030120330828,2.0
-14.770802106336642,-3.391066258541244,19.2648566766259,-7.6924208623646395,2.0
-17.345249866110567,-5.797300183572553,12.885303511561194,-11.927125896239257,2.0
-16.03679187548192,-5.586316227748183,13.11576011021543,-9.025308196050966,2.0
-10.940988771911519,-5.0644405839950775,14.641507849197676,-5.7122239050193855,2.0
-13.432405321955668,0.07387290069106356,13.019279463116868,-5.824347952994653,2.0
-15.617145279969543,0.7366920514008983,12.554200638465364,-7.419146946542642,2.0
-18.140530092809353,7.920405373367136,6.079249464231205,-6.463832969900484,2.0
-15.073040906384662,2.9503386926110124,11.45230226497886,-7.591496854339198,2.0
-20.40318904971522,-7.032430395626493,15.43092359359196,-6.653521117425488,2.0
-16.89842964826762,-6.105669365044935,12.501293090547279,-8.470402885415016,2.0
-15.021682598245931,-5.162636176325516,-0.10660667943809088,-5.938609029657634,2.0
-14.591236852238538,0.441319069938644,15.451580326606422,-7.3757555069663985,2.0
-15.239506239975539,-0.90127111153773,20.903294192781154,-7.914773708280652,2.0
-11.906735853373512,7.6272498649830895,18.446656941098475,-8.69306835150344,2.0
-15.452758798489011,0.7452602687541185,17.597008188907772,-8.562390932791736,2.0
-12.5864396552937,-1.9932751432639781,10.98824842629212,-9.029727006118861,2.0
-11.769812793699312,5.162174125988486,12.567474384408566,-10.066245047651515,2.0
-14.725599681591063,9.264176047776182,19.638734070303432,-7.295438032231104,2.0
-17.85869636615067,5.770456136098204,14.4031975018329,-10.124458601457375,2.0
-14.616483651505982,1.6200379568002712,17.392094651009934,-10.451101920421882,2.0
-18.551694151935145,-2.7485678536239067,13.452246443133216,-10.12646579153485,2.0
-18.245088223425164,1.5275589100504678,-0.7880019755764103,-6.671208385318855,2.0
-18.92122818909027,-0.6261545622373382,16.897620044052132,-6.527728304727548,2.0
-14.919942883161053,-0.13428119612986422,18.501700927910306,-10.642593872164124,2.0
-15.769197742971407,-2.802135732706357,2.2565383896945086,-10.66651873937667,2.0
-15.909820668808457,-6.59403220827826,4.2723342793249826,-10.73044940100087,2.0
-13.53918604871617,-4.0340133051852884,-3.636519838868642,-10.757848726600201,2.0
-15.110979405577563,-3.8150109826310903,-14.96910390826807,-10.15437432172262,2.0
-23.085496115808056,-7.0765784049110625,-7.135288712302997,-13.066604083565753,2.0
-15.820019865535588,-1.985812521041087,-10.773101156637917,-11.800685863014298,2.0
-14.806232684978108,-2.5541847012360024,2.8055122716050205,-12.642379112172282,2.0
-16.54079935699184,1.6144971028152868,13.66929836327008,-13.78198110039598,2.0
-15.697587850492654,6.654087783840237,4.738067199970634,-10.26411361179805,2.0
-16.788558495386084,5.351276733303873,12.774752617805433,-5.425903071078679,2.0
-10.95886423305186,1.8389454167250152,1.0967706787623346,-2.4391485527274552,2.0
-10.27203761564573,-3.616951670922321,7.409635181475165,-5.756601800814767,2.0
-7.615060661921985,0.4578475226621461,2.8322388682773116,-7.028546692560269,2.0
-11.501568443628688,-5.2607952515202765,1.6032586364223889,-15.708599254564758,2.0
-14.01601647350199,0.22917208746945428,9.12689344746085,-9.493603786746254,2.0
-16.155437982900324,0.056489565583919266,1.0169350773775063,-7.068329359432352,2.0
-17.534316463268183,-1.2258686539530346,1.716634331928292,-9.684373972662046,2.0
-15.246818006939522,-6.083980357564319,-1.534257609332006,-9.558519767255556,2.0
-16.42382756367985,-1.405302119259452,3.65023501233148,-5.463622841167897,2.0
-12.774813430206823,0.06932749926246373,11.07624464646711,-3.9721516255371605,2.0
-16.13451674249213,2.043698973678876,-0.957486827456302,-5.415644755254969,2.0
-11.696190702306204,3.103827972917059,2.693506613145642,-5.544140831767317,2.0
-13.72949237426676,-2.149505376496432,3.7429738666604493,-1.1293425430759294,2.0
-16.87770030910628,-0.051858037903339316,3.774284204793398,-3.0197528801140496,2.0
-16.087867286696998,0.43315158317156865,4.221360982383,-7.373984957196803,2.0
-16.013741671025407,2.1523414013619844,-9.73199109808714,-5.111518403493954,2.0
-15.69939588626639,-0.3142467708484826,-5.054301749227899,-6.993029901748222,2.0
-16.29263651590707,0.7796897435563714,7.342005876068971,-10.678314147610692,2.0
-17.6229588630326,3.505370664360652,4.1699598454874796,-11.694487280732373,2.0
-11.796987397570415,-2.297648340302339,-4.114620967659041,-7.608036485811659,2.0
-15.327370897221103,-0.45974290931854855,2.5046573716054414,-11.14665965820304,2.0
-15.105610981287834,-0.07524371655208162,5.232315164864456,-7.455121971624388,2.0
-14.191724019744397,3.2193852280858923,5.07650400117076,-7.620607491499646,2.0
-13.161816942471168,6.878350178881156,-13.687513221763659,-5.669913401394881,2.0
-15.155820279557558,2.8865574863384027,-6.596798477576608,-7.398069297104756,2.0
-18.073517925863143,-1.4282770436253,6.031372252482905,-8.53873330229382,2.0
-19.108287241155576,-4.424068209683884,-1.2205809848270972,-6.253866367858863,2.0
-11.799518776201388,-0.14300410856912027,3.167101330613985,-8.607262282064541,2.0
-18.12574431652063,-2.4727936131753157,0.8305213524080413,-7.891586250886922,2.0
-14.454745325675999,-6.759603021778751,-5.757058779245869,-4.258699002098705,2.0
-14.831417804431817,-1.1915993668902745,-1.9708938694574551,-4.7614810423007174,2.0
-12.546606313491164,-3.3158068622862653,4.963493489471081,-4.972387407596708,2.0
-19.8491214539741,-3.2524464934040207,-5.504140603408735,-7.155973786369711,2.0
-15.437452082652753,-4.775537025552312,4.026695491618853,-8.410219176863553,2.0
-15.343830796470733,2.171554201814562,5.376447497327393,-9.34179109417743,2.0
-14.106363352877565,2.6242988491964674,12.264837334411743,-5.611110301845428,2.0
-15.515067118987876,-3.0552794340823706,2.646785167395104,-3.1700601549564134,2.0
-18.50633079918691,-0.5078327862905437,-12.893030048201606,-6.1760668631718625,2.0
-14.775749810033464,0.3750833906667259,1.4050807716913467,-7.4960161215523735,2.0
-15.820143307024443,0.965369598981494,-4.734440692489294,-9.097050578530322,2.0
-13.10394906027924,-1.3158948683124434,-9.116104966817668,-8.905923069167113,2.0
-14.7342304246107,-4.263992386251392,6.077311283326934,-9.49738149222647,2.0
-8.660945845536013,-3.78038354895272,8.718485495399758,-6.98714504754588,2.0
-11.175487018476295,-1.4385343556795636,23.56737942605595,-6.8772687389653795,2.0
-12.181326668046527,-0.8264623647665297,5.547381420328335,-6.562455110399025,2.0
-14.655164842417712,3.175824656425903,1.8984119417424736,-6.502753642321992,2.0
-14.903382655222272,2.6266186852949756,-10.283384479491232,-10.937252800368377,2.0
-15.673730317130246,6.960773935043908,-6.53222690846614,-8.728699413680692,2.0
-18.083029300700062,-2.201566648128219,-12.022410344503378,-7.9660622807382735,2.0
-17.908993179708503,5.1064938662942705,-1.7809272968107315,-7.08921249006401,2.0
-16.97102536764083,4.328934207302617,-7.002280290358465,-6.912373236229102,2.0
-15.536371091560282,4.567620257827207,-8.845391199272061,-8.984105255887302,2.0
-14.560381823331603,4.4498448077592645,3.9230717662149583,-8.663389531161572,2.0
-17.178722456981696,-0.31742916328481763,13.146848818601788,-8.083543808087148,2.0
-14.210490354464923,2.0916564553383887,10.245912167481798,-9.008071320665099,2.0
-14.545658451882328,0.20558285928576642,0.8198812602988204,-8.7587974687765,2.0
-13.092004365895463,0.29307721661021,-8.689571057766013,-7.815612078673329,2.0
-15.97693274555943,-0.8014362501898075,1.417988965203007,-3.6976792042978484,2.0
-17.76519706014483,1.2603921048267648,8.798511385279593,-8.014224550190912,2.0
-15.499067747684334,3.2948870647899042,2.821434930411331,-6.6586623709779165,2.0
-15.497291768782066,2.5175773431765864,10.275373602455035,-8.341681749038056,2.0
-19.21759024561275,7.559333044515846,1.1278864606021302,-6.09847839581015,2.0
-19.015549060425535,2.7256883543651185,8.500983504868739,-6.492713337292039,2.0
-13.683168008713404,1.3980634706466981,9.68294437812791,-8.93120970564381,2.0
-14.353143136213316,3.4100378811642056,9.660883425869965,-8.144212685207217,2.0
-12.864088969873638,0.4370654053679658,3.4415484927588187,-6.790865127816214,2.0
-14.769073550713081,2.5805674011991933,0.362070167050641,-10.90759858779489,2.0
-11.601094752361739,-3.7100721625982698,-1.9242606757941156,-10.47967616666126,2.0
-15.905052575438136,2.6885504570897156,5.740901909837171,-6.560740204239966,2.0
-15.073341021211558,-6.089777218932127,-6.317617073608235,-5.908639815283787,2.0
-15.204628310984203,0.08250850872262294,8.432207425027038,-9.775822094337922,2.0
-12.833468489990372,8.837139355879518,4.722605624406407,-10.808690141408107,2.0
-10.893766694656406,3.698635804634136,-0.31479483632090854,-10.310403954254186,2.0
-10.719608157948215,-2.764143374929093,-1.3492079428356165,-12.928515567036996,2.0
-12.295852062249073,-4.036731020317873,-6.814191633092001,-11.233103506500603,2.0
-14.336465810842043,-2.5991685598221013,-0.640394916412725,-9.177771513560268,2.0
-13.807569739065116,2.310096763945869,9.147786661700664,-8.456193055633987,2.0
-16.239772510555653,5.088774822497148,0.33184172996767125,-5.417324348690418,2.0
-13.085506250315005,0.6529114276528116,-4.01837574916415,-10.720214813272808,2.0
-14.528913610716323,-1.538998966054495,-4.872591494772564,-8.219743727787895,2.0
-12.436923951278507,-1.6972414911753329,-5.612278298257841,-5.333927590131802,2.0
-15.07880231236202,1.5668553777940752,1.3996955350525222,-6.588990605968197,2.0
-14.168535832903855,-2.617666585777142,5.503499543285647,-6.297695048583071,2.0
-15.47116319751919,-0.38899952891766043,-7.575864377306915,-7.689070898356738,2.0
-14.185456511701533,1.5325289006793195,-13.589101892337254,-5.326614255822557,2.0
-15.205777465978121,3.25333832705236,-4.571736064282782,-8.520600067598687,2.0
-16.015990273207834,-1.848844746082158,-0.83345810863135,-6.755355570650481,2.0
-15.75511492243146,5.171888273830138,0.06485178181527251,-5.282276536738767,2.0
-14.797927244864567,6.903842968247243,6.777996766458578,-7.508782355752154,2.0
-13.746932627956678,5.447772397849845,1.2770481734581887,-6.75190135464212,2.0
-12.351939872640644,-4.184434285638922,13.45184418684049,-5.862957649558333,2.0
-15.656643230082702,-0.276016564441276,7.8559119512789515,-3.4813370312639265,2.0
-13.308295115264464,1.2786384298538636,0.578313111439843,-6.037747352594521,2.0
-11.636702762187893,2.481589094465347,9.16008555429655,-9.787892663041543,2.0
-14.832371562544132,4.280989969018796,4.54538712815898,-11.665155103771056,2.0
-10.706111166033493,-4.250898382010814,2.6837060264561545,-6.06589063722112,2.0
-10.393744636966618,1.3167987575361997,0.06327159205159116,-6.3269075547140385,2.0
-11.354419471500073,2.9454292390527774,4.035194312939386,-9.228192611309685,2.0
-10.940203511359343,4.321885645366994,-0.6396302781901668,-8.989074851365865,2.0
-13.715684425026502,4.5860659638074095,0.08002315551228845,-2.352028551781075,2.0
-12.782564470973037,5.452235416867781,-10.744480253453624,-6.17637970052311,2.0
-14.976734610401833,2.6019999308146033,-4.659330899154125,-3.5467263309862895,2.0
-17.39949869326892,5.131558733350291,4.370780851505665,-7.363628868741092,2.0
-14.741448402310834,-3.549460839422286,6.013705182471841,-11.23181496969868,2.0
-16.226238044845644,-3.4496021263264165,-4.422125558060975,-10.026844544441419,2.0
-11.577104317253063,-4.117451969544637,9.068681217388857,-12.865770956909019,2.0
-14.94931962316091,0.4920014015869336,-0.11446863446627553,-10.85577344685981,2.0
-19.094478617951246,5.91556659558437,4.208635216187963,-10.046816093422798,2.0
-15.637491356681148,-0.5487592782689956,-11.236981650111744,-10.538909158756589,2.0
-13.373023521226258,-5.0543401855737375,-7.829900692182977,-11.394895631778464,2.0
-13.036624441195748,-5.589718720674957,-6.670548577418243,-9.24652655094323,2.0
-12.12560490183309,1.3064927778582194,-12.257185415376064,-7.5433333134582,2.0
-13.2965303816097,3.783801238371242,-7.642837284208185,-6.828432891811455,2.0
-12.388169530477755,-4.0774986272582545,3.7351338443396855,-2.771827669180354,2.0
-17.605272992949143,-5.363761391176155,-0.11370336489948096,-7.687385620080504,2.0
-19.3516101568488,2.5935711671007495,10.870533352760742,-7.435521739201762,2.0
-19.165028534729203,0.9647467016421569,10.468261989223675,-3.733390969192222,2.0
-20.16982764033093,-7.134810069522677,0.07909131080182608,-9.363893777867654,2.0
-17.19080925736229,-3.2429310375176383,-4.912063067637326,-10.250373584029091,2.0
-14.986718238952031,2.983863736574026,-2.1447971571029227,-9.003289227699653,2.0
-17.37320661661785,3.541228170259218,9.076565161702366,-10.600246680543531,2.0
-17.01475534286307,-0.12054013931211105,-0.5207658618618431,-6.911862480718845,2.0
-14.990320105655051,1.7977375654380678,3.711297578557169,-4.764427310034428,2.0
-13.989280105516096,1.0859041001644083,7.394612306022648,-6.109520143992115,2.0
-15.57431052174819,6.52271928100389,0.6418869559306613,-6.351589638600333,2.0
-13.749303466871359,1.1666151240048412,-5.908991733350383,-7.423210609929207,2.0
-18.07270652246028,4.978557105474229,0.0001271520173009577,-5.6120527705425935,2.0
-13.923775102089898,2.079717621863791,-6.414937591369339,-5.349531110881004,2.0
-14.805057935716013,-5.488900502924001,6.685312497963089,-4.766073682231499,2.0
-14.134467819722499,-0.9049807088757187,4.123119752010632,-6.180408817476071,2.0
-12.233703296910797,5.8440572221450715,-0.0009329971361404787,-6.120448854408321,2.0
-12.606787727944903,-0.03259515518371375,-6.628808446222765,-5.152699526182052,2.0
-12.219455038882476,0.6100947015448313,-3.602787637647367,-5.108110598297642,2.0
-15.20208158408872,1.440524047048053,1.164498510663005,-5.064276213794484,2.0
-18.49021615784754,1.3367742825044553,7.581178043669611,-8.471600693975233,2.0
-18.245835237248222,4.425924472266356,3.376826366904848,-5.149428278054593,2.0
-21.14136167235599,10.101667890474644,-11.389224665219405,-6.551437123811989,2.0
-16.451641673054343,3.7923262790507444,0.4821390745893033,-5.3073062049049184,2.0
-14.135589803542182,-0.6077930693199569,0.7198810637089756,-8.723577092019958,2.0
-16.57829707242474,1.5938203448205632,-6.705580181325705,-8.443964720217267,2.0
-15.95251603009691,-1.057218809069532,6.823506574141511,-6.81301813013934,2.0
-17.427904038833688,6.1702318671567244,7.21309029142915,-6.109075693360888,2.0
-17.50320051808946,1.5815968595028318,6.926061182381341,-8.143142539172997,2.0
-14.810099660204552,1.8253096311106272,8.192441063294101,-4.75721599074498,2.0
-14.496714258513865,0.14332868004739485,5.701194734577164,-7.9881460972951706,2.0
-17.421812080737656,-1.1798276553718932,2.134262262701948,-10.209011795705738,2.0
-12.237859756350733,4.326232771950032,1.8688294572207713,-11.507342566192825,2.0
-16.754831102604413,-2.5264301201762205,16.197620250467008,-11.826181401518944,2.0
-13.95863201718005,-3.560297281080965,4.0873754617579,-6.086585282504956,2.0
-15.196010427014693,-0.349036418862648,-7.9242873127493425,-5.911419370042095,2.0
-10.454114575390477,0.06738111784052125,8.857609661886753,-9.580015974992694,2.0
-13.52142492639092,-2.7754690818785783,18.010524701309297,-6.8011700471527075,2.0
-14.38028016428267,-6.477138721861013,1.5264430819541972,-7.840576586586036,2.0
-12.51527785506811,3.2530108874436534,7.564792252324513,-7.398895413220101,2.0
-12.445705632896464,0.8651713810556059,8.583779120616565,-7.04847718894196,2.0
-13.51862884299258,4.457936599036001,-3.508176126264794,-6.199705548560411,2.0
-13.589031833179773,6.486802600637403,-5.780974811817595,-9.173169450416278,2.0
-15.270619899432987,6.584191347748106,3.698497115295181,-9.584359754585046,2.0
-16.736469312986998,6.731468548006886,4.866236320714987,-7.529747741883144,2.0
-12.618091751411715,6.414231227831982,4.317756318797288,-8.56646234093567,2.0
-13.692599019311553,3.873980134259737,-16.731996696932352,-7.717174781855673,2.0
-12.911499202280922,4.083715971269832,-5.103940767954242,-2.821058384661096,2.0
-16.791770069629678,4.08391098990307,8.207375222074344,-3.3998513078432335,2.0
-16.714191787952206,-4.362547130531721,6.896507894077546,-2.247550281483476,2.0
-13.75844253529371,-4.0667506614118585,4.299158345233568,-4.278806699780426,2.0
-12.952974523354964,1.0416228680007324,19.67788948097126,-6.214402641218619,2.0
-13.90018020188482,6.698137352085454,4.824836994920517,-9.601347038997327,2.0
-16.341054737276473,3.803804376112943,4.544317091112175,-7.90134299807233,2.0
-21.168378052542124,1.4506853187065791,3.4620614904155413,-9.488185174532296,2.0
-16.881593083036254,8.793280539224487,15.011776838809379,-5.3639294887986635,2.0
-17.55637183198889,3.4964170904726553,22.362322837602598,-6.047595248819659,2.0
-16.526327722769885,2.8575484934344635,17.549734603065104,-9.381572882628442,2.0
-16.284799809220818,0.6236694747411266,28.977853823477272,-7.115843546585827,2.0
-18.879556537221074,-3.5938405107640565,29.535385298225325,-7.644569618273477,2.0
-13.405072389875164,-9.436381396220375,10.045014162312679,-3.7268000451809575,2.0
-15.155517536932608,-6.6305158460418046,17.927796970315164,-4.222198178958076,2.0
-16.605600433205243,-9.05144280289219,9.823544845388767,-4.571263783768466,2.0
-20.330511310168745,-3.4778590743545426,7.710585443822139,-5.2237273714152135,2.0
-18.053505365289894,-2.398118760288534,11.412125490715031,-8.784617929702188,2.0
-14.935709108269352,0.01797473591785037,0.5708065735449939,-8.54678751474403,2.0
-19.071727942685726,-7.198600310461544,6.172607558366351,-10.065444501217423,2.0
-20.996429126737098,2.083529638231807,0.911862320187184,-8.044566902240014,2.0
-18.860338125543038,5.068877135317813,4.561640886590114,-9.618494959678817,2.0
-15.426309937034647,4.643981875554055,7.221042756564009,-9.095315397398428,2.0
-16.364332737123625,1.304171231213534,7.676826614235868,-6.396192093116747,2.0
-13.351713640109395,-8.06491604799482,6.1836051907808995,-5.769550140760414,2.0
-13.24863306149363,-5.318294148893679,17.399091364510404,-5.706920743146188,2.0
-14.149317013960506,-5.569740594223579,5.912520050641379,-6.731450236842925,2.0
-15.106663263509702,-2.397186823922977,2.0171667106258586,-12.874913554968423,2.0
-11.136154033987376,1.291832887967185,-3.9217480289839326,-11.274301139851815,2.0
-12.712194482059159,-1.8267232552702293,-8.44698703920276,-10.740840760239237,2.0
-10.552401610599063,0.1565051375623241,0.9462416027711358,-10.634088804355942,2.0
-8.82431076878836,1.6413195299841898,-3.9909271952905616,-9.350019564250326,2.0
-11.77474839183223,1.3626712239978058,7.407155599330647,-8.141140864310312,2.0
-13.746165941156258,-2.549934710871579,8.07221119946949,-7.669163301535355,2.0
-17.136953113959418,-2.2873374275069596,12.744164532943259,-8.632308930542015,2.0
-14.668613927870567,0.5071359505929753,10.496893620590559,-9.43581053955295,2.0
-13.367823703303852,1.1928840283358297,10.556184686118565,-8.719250423068452,2.0
-9.892733607201905,4.581229892420766,-5.224556297341529,-5.2963752558226735,2.0
-9.865989736698783,2.22582513402775,6.1549728627003635,-8.30321387072602,2.0
-15.973093547514466,0.5158097626645839,-3.4257910084370113,-5.769457484672726,2.0
-16.49348515637195,-2.8125616002728266,-1.8716436101735727,-6.960525886953257,2.0
-15.138896354139709,-2.0655567785987934,-3.053388586003596,-7.048763240079643,2.0
-18.459066462232656,-2.3411485032239407,-11.244114676953433,-6.9047067967383295,2.0
-14.840174005388954,-3.172182820938141,-10.894677236129617,-8.701809436676182,2.0
-16.786970098402975,5.206980660104353,-7.3840870403350305,-9.511272820586656,2.0
-16.942373844649488,2.315764844436456,-10.39885955871084,-9.789094062065601,2.0
-15.033656400855955,3.381082205335046,-7.1694776975165375,-4.5266874299959685,2.0
-16.914424694435308,1.8347107348873588,4.229134804256269,-8.405413500239879,2.0
-16.57042972511417,-1.8270947125383938,15.181741345270357,-7.080637300186465,2.0
-19.527270479637906,2.569798274826569,4.023070373021719,-5.410482519785407,2.0
-19.989153172763693,-0.4603834024551978,10.055322772585706,-7.979901362678295,2.0
-14.259071511610646,6.274871468723847,-1.644258889763492,-8.335739950615514,2.0
-13.06540910959628,0.7207577434662178,-6.277977972012768,-7.896831783409323,2.0
-11.3651762188157,-0.3952795638494988,-0.6120593295126366,-9.044360978580594,2.0
-8.239216840590332,-1.8428137699859537,13.173684418030813,-9.874040514835817,2.0
-11.805794418380987,-2.7078738711984487,15.083330051305845,-10.579858681132883,2.0
-13.820782196897838,4.991053366681138,0.652243686968923,-10.066918998310179,2.0
-14.382608733315173,6.630289159595904,-14.441496189854915,-7.316721218787383,2.0
-10.18099509221063,-1.9092795342772122,0.9062780830104824,-8.893594872293985,2.0
-12.059746638067361,-0.987239408085988,-1.972494167440244,-6.266410503030432,2.0
-16.97042542968913,-0.9787658225414719,8.139450991441285,-5.376314968420488,2.0
-14.77770851102598,2.0882117481054463,4.05664938334757,-12.139221309079296,2.0
-9.266624997856027,9.030891613180062,18.147096243437062,-11.558536962300984,2.0
-14.61958074942591,4.242607612718354,-0.456100882256556,-5.537086342076842,2.0
-16.288193524990504,4.587637030893331,1.7528074705164918,-4.839277065944116,2.0
-13.007887791947585,-0.30158252156734694,-5.680799736443199,-8.156854517826783,2.0
-15.548077486685063,-1.560264571282895,2.576917718667348,-10.604437354908642,2.0
-12.299873780010596,3.154854248474605,8.7985841252094,-9.34581403468732,2.0
-17.549331213210223,-0.25729181659782174,3.85199132768537,-9.714789977155025,2.0
-19.617467829947184,-6.248253930396115,7.043265551170783,-10.562049012879447,2.0
-19.275210639645973,-11.74729287876368,5.831156000184059,-8.460658875185004,2.0
-17.001607039744393,-4.247972891309316,7.234433292840032,-4.196438866992272,2.0
-14.360341192766162,-0.7586433464896802,4.4089568586662935,-1.530567606856267,2.0
-14.332988453198212,0.7390297897042641,-3.3409223750856847,-1.8136613116310123,2.0
-13.352394452162756,-2.0417394247549243,7.2024065050973425,-2.2284680935126957,2.0
-18.910442946722455,5.746293676248277,11.603253961468775,-8.68356215702038,2.0
-18.014965057257502,0.8659127607360512,4.574897744972244,-7.93176705843862,2.0
-15.97153624833905,-0.7932434216406926,-3.202813108794307,-7.5810443071246345,2.0
-15.249908861048269,4.591422916030809,11.68916028005076,-6.063913655753282,2.0
-15.343637109654786,8.696793593851298,6.201554944421409,-9.403890764909196,2.0
-12.264344073810197,5.971386886696811,0.8443434770699236,-12.734386972332352,2.0
-12.32454411133832,4.322441891875308,18.956684690260165,-11.829569785598103,2.0
-12.645781637518922,5.650120095327258,6.7469420146034995,-7.616202619061552,2.0
-14.845081395633061,3.620985565358929,-5.486729022591479,-5.640420814786854,2.0
-14.146052900019551,4.863617250949341,-2.603873453327086,-3.953583986770753,2.0
-12.224434122245547,5.126968462328525,-1.0600804561404145,-11.688392010210048,2.0
-13.447424069903398,0.9546898621515416,4.042769936236709,-10.995595427012203,2.0
-12.076833496350453,-0.6282630916337164,3.908605022625738,-8.892629959049872,2.0
-12.08733642757011,-5.111695941130606,3.838622589613439,-6.635357243187665,2.0
-14.265585297088798,-1.6680129845217433,2.4911413606394155,-3.9203863540081234,2.0
-11.696789328301,1.5137456540652288,5.74485410253153,-4.5104913032611025,2.0
-15.685522355361417,-1.584487975143806,10.394002433099308,-4.896141110299267,2.0
-17.480032459989644,-1.4767355894937528,13.451611063684929,-5.354993527746712,2.0
-16.68648874162284,-3.661226241081782,10.154257270346491,-5.557892457531947,2.0
-18.4035398654481,-7.2966268874295075,6.936222667177589,-4.739744832493531,2.0
-16.720634233273955,-4.672230113963487,9.074090863216743,-7.9808600607540665,2.0
-12.851988802721964,2.1328406150621713,0.9356352351312482,-8.948000357632882,2.0
-15.40644603029172,2.123861217566696,3.1905736656602737,-12.132783497657801,2.0
-10.658829306358843,2.6874445074626623,11.66122407362121,-11.22317273435818,2.0
-12.35545608057641,4.194231243144145,-13.899641802009935,-12.307588040164951,2.0
-12.203587330058731,2.334304301754716,2.266799818587224,-10.296987882087922,2.0
-12.771167129480297,3.771088786315809,0.1226988042308399,-7.157381696913731,2.0
-11.190889212102324,4.126173909694177,-8.151308319397918,-8.42627845624278,2.0
-14.510244607685571,5.226760773456015,-0.128861314542827,-6.150883078515432,2.0
-17.358277878408916,5.246240784448809,16.262289055852232,-5.709670931235861,2.0
-13.310356553014312,1.147180717305425,9.945531769607262,-9.673667584285347,2.0
-10.628538692159246,-2.308899809768641,0.9460498372900128,-12.70597465890131,2.0
-11.892537238655724,3.4205912781677252,6.316933598283159,-11.385197724632464,2.0
-11.640889868148253,3.6159162767437354,16.965741599131682,-9.37319074712262,2.0
-10.754618184178945,-1.9880081695656877,20.455444438440672,-10.13420516923972,2.0
-12.051490834483074,-2.273386103664624,0.21769879357568733,-6.110528982747798,2.0
-16.88124164272879,-1.469112567160572,6.706904217946551,-11.050668961448835,2.0
-17.401903239147515,3.260277858348789,-10.202400301288368,-5.770290769314967,2.0
-20.90596839857401,3.9877742254039754,0.7144704213717514,-5.979178318886048,2.0
-20.12859078069817,6.6285242239291655,2.827781056652592,-7.045564215088834,2.0
-9.260474943278282,4.821746883650834,2.472273672167205,-5.457740229150414,2.0
-14.557122937419638,-0.4855916323079852,12.190237372033465,-6.3496847807804455,2.0
-18.355503802321483,0.056584854222318376,8.03725045213835,-8.22255528579636,2.0
-18.63265357441415,2.4248126959381895,12.754440195129728,-4.780799772293905,2.0
-17.60320639560949,1.4063062362388439,2.47059616843241,-9.658543304443993,2.0
-20.30195472924687,-8.356158906093862,8.82558507368822,-10.525767688942747,2.0
-21.086722311958894,-3.4858083277936283,7.21748088966544,-8.739120991446391,2.0
-21.08139550335774,-4.360611388031755,0.5648908926471428,-5.462729625899281,2.0
-20.369940893157363,-2.9043734308171514,-12.615051935160333,-5.849380464512072,2.0
-15.063043308614576,-8.922646216457135,-8.140720194116358,-8.208667240929426,2.0
-15.118235288943115,0.27675222508222097,4.689385000225748,-8.883216407832515,2.0
-13.665547525521681,2.9991155017058055,-0.14774226195230966,-8.013267569047034,2.0
-12.850419568406956,0.005688842622103341,-7.237107313365307,-5.611229508905321,2.0
-15.514169546816323,4.900301884995535,2.6221694317373356,-8.839463224249773,2.0
-17.34603888358257,2.205120870398046,10.447528410695861,-8.578983430577825,2.0
-17.30795029067805,8.184778362906767,8.116110296425358,-9.783050204381778,2.0
-15.630812234780027,6.529316832598396,7.908957543761242,-10.309003250010694,2.0
-19.583779667575378,2.785588495231333,-8.94051903957116,-8.718110912663114,2.0
-16.05545230291058,3.0169193821085476,4.562547778961377,-7.104714470569156,2.0
-16.207627847789116,3.423521582300232,-3.412755400476337,-5.898615514133848,2.0
-18.382480280119854,7.9272091330685095,-1.9735510360158877,-3.7960076860435614,2.0
-14.128744537683124,3.1159488182807533,2.4248605827314993,-6.1214031585295,2.0
-12.691891314264485,3.6883582096752643,-0.6509187786470925,-8.149343956823277,2.0
-14.899653352404535,7.914595528318993,-10.222945040263847,-8.21898960147585,2.0
-10.733805717929938,3.4794942502452963,-4.431796963111393,-8.321739957232541,2.0
-10.96000445289757,2.2011830876424168,-9.799756841231762,-8.70482937283623,2.0
-12.193013969642955,-3.8842695396902918,2.9604430034339684,-5.931307766618907,2.0
-9.507808623221775,-2.3333203309011745,1.7756408406269135,-11.745863775379217,2.0
-11.374614715830113,1.4929955971396378,10.249048901696533,-9.445070401427657,2.0
-10.74129298104888,3.1761738814369704,7.362425411628029,-7.007480245309199,2.0
-11.98753809037428,-2.3106203950855657,5.67479285363084,-0.14833910155204144,2.0
-11.11271297760174,-5.89517282199972,6.662280278010284,-4.673975229853429,2.0
-8.923085484780849,-4.6013460313410945,10.004348237040679,-1.4419904969940456,2.0
-16.40724748636451,-0.14315480894759203,10.395653713897259,-1.8474092717075674,2.0
-18.38584890795257,-0.8901174246173278,12.717538224877817,-6.067483160539523,2.0
-16.296006290254255,-9.024299350464581,-0.44055133000482094,-8.948895350592261,2.0
-14.900383830703195,-0.07113270524250903,7.5415298463029705,-8.078829819829938,2.0
-12.822185244897984,-2.401715885752264,2.62544356651763,-9.7609265497735,2.0
-16.83784947049641,-2.560956095450091,8.668713028588035,-9.984615836179612,2.0
-17.786650140412355,-3.269448132084581,19.775152260320702,-9.841329258059876,2.0
-19.056588443263625,-5.473991797968522,6.254774797937506,-8.635210513050193,2.0
-16.660714650236898,-3.2591692203929874,10.410479070924426,-7.255140274167179,2.0
-16.663275600965562,-0.9765230787192424,15.12463482171388,-5.34755389442783,2.0
-14.569678426937731,-0.21526242663368422,15.469070325171092,-5.863060332759366,2.0
-9.73748156974289,-5.445277134520718,14.427304416659048,-4.237096876775139,2.0
-13.377575939696325,-4.005103515231815,7.185978680186047,-2.758969406251902,2.0
-18.404927191264292,-5.012790886867839,-6.50916815210457,-1.2973330667812535,2.0
-17.426553811255214,-7.8464801546165,-11.330497788484438,-6.903406940209955,2.0
-20.530151601439847,-5.2320171090331025,-10.580112819857888,-6.664832832207937,2.0
-19.093110881739527,-1.6488117329953962,-0.5317306836150282,-5.8048247199858185,2.0
-19.603944610707792,-1.5777062918671656,6.3269446058699685,-7.034868903284543,2.0
-21.133853288577285,-0.4946713459112799,17.680036164050286,-10.344629392542034,2.0
-16.839588657523755,-2.489098632386106,3.5281388705964685,-11.310838627699821,2.0
-11.656525339636913,1.9543360287332336,9.543433971488597,-12.256962197119899,2.0
-13.109047262120173,-4.177636703069346,1.2273071667659647,-14.262080988027073,2.0
-16.411927973391105,-1.9009129576401498,-3.766199346994461,-11.893039124536852,2.0
-13.833338444010641,-2.336019366988019,0.745184992422578,-10.355071954306894,2.0
-11.175230217432096,-9.58615445744185,-0.32974637698245335,-10.628637511296482,2.0
-15.97669583748797,-3.799964780072535,0.5618820978469707,-5.87127869569448,2.0
-14.192352297155594,1.4620680490593758,-6.333613646947258,-7.1736436135195785,2.0
-14.402313058132718,2.826318234140915,5.733932279344195,-4.067915769478122,2.0
-15.146343737041393,0.29227833548507465,-11.269936358430728,-1.1020409160577431,2.0
-13.346489408463242,1.40446822495493,-5.773920649326965,-2.3032700210680552,2.0
-13.886012735607645,8.443077270646603,-5.830814296614358,-8.772069819367138,2.0
-14.836107098761092,5.149428165814174,-1.2170461809094055,-10.986973856804523,2.0
-15.351261882098994,3.1318640758138176,1.8939245398187876,-9.122999273061863,2.0
-15.078271411618983,1.5626743051478773,-1.4626888900447748,-8.7111392590457,2.0
-16.599438485852772,1.7880513715924928,-8.647156683241434,-9.430425655473204,2.0
-16.0265456242132,1.1847555708730604,-9.053825256740133,-7.681838788169574,2.0
-16.462953713110473,-7.644556199954714,-6.5138360221375455,-8.497624609863667,2.0
-14.968030223101726,-6.5990954226676575,-3.9491256823128413,-11.536907188883774,2.0
-18.901414880688808,0.08536443745727018,-5.923609133037572,-14.754077933471454,2.0
-16.212838246057448,0.7076345613587895,-13.41396714094853,-12.887743473371064,2.0
-13.523621874974673,2.394712808359276,-24.633516542145788,-11.988142209309535,2.0
-10.457120914896615,-1.067060142775134,-18.44365322568821,-13.309575448442935,2.0
-14.999409910013561,0.8059017124490091,-15.542923400903863,-10.726949032612687,2.0
-17.03192875519022,-1.9211832538094082,-24.99689291544691,-11.289836339063015,2.0
-15.700369622211715,0.6271070883427599,-16.590548867106047,-11.098020539900954,2.0
-15.314059888018864,-4.309201726837605,-21.860178332178407,-9.871189207279604,2.0
-15.553122838292019,-1.2724464653634393,-11.959258287896475,-10.593759491158089,2.0
-17.935344769768705,-1.0430474738028697,-3.5379809949656846,-8.098315213995983,2.0
-15.279971353789838,-4.233714230444896,-1.323903946572142,-3.733886837494978,2.0
-15.95779936384946,-6.343782250763421,1.9049482069037906,-5.935940538615428,2.0
-14.765241946238032,-6.273120534478417,-4.6630206754381405,-9.537012089426987,2.0
-17.842992639603178,-6.503325171921476,-9.8217863590851,-10.813251873864948,2.0
-16.16694962166576,-6.5338472523891165,-2.3838828322329206,-6.175886857452424,2.0
-19.21373471123794,-2.79294892674386,7.236530059441587,-8.886231516348465,2.0
-13.310763158095076,-3.615481605720742,2.401793011622988,-9.469263094982354,2.0
-15.758018510886272,-2.6273474756415722,-8.264160579674762,-6.278505436824424,2.0
-14.089655024206385,3.0806688322336697,-4.626617694744615,-8.744243453239333,2.0
-11.709491289539812,0.7160608344679695,1.7460845244175172,-7.5709831330042086,2.0
-9.076325985938894,3.497684440479431,-11.667730783260033,-3.3617379032030197,2.0
-11.838888267885551,3.868333208760726,-3.006616920943557,-8.66788599799115,2.0
-13.1271685228243,-5.615320695822113,1.115442454903067,-2.0469263157790847,2.0
-16.37071972739483,-1.0531144627752185,6.910118767280576,-1.4510675737498095,2.0
-18.091814162765456,-0.3882703246045469,-3.8331058181631024,-3.9009226489799627,2.0
-13.937372874018516,-1.3112194894609495,0.44178043414022716,-6.52287881256999,2.0
-12.401918594695601,3.706445033031895,3.2695698951557595,-6.503291772769882,2.0
-12.123365970477689,2.8152831481988043,7.53874341304417,-6.917189266430224,2.0
-16.164419665913314,-0.7593735256989461,7.487460313704647,-7.464714220958077,2.0
-14.475277196965044,-5.729186254445424,5.840851993416045,-6.3469938636238155,2.0
-12.301981542278615,-0.5504739426910099,-1.5322378366057494,-6.032128943222853,2.0
-13.700115477043568,2.4945682922962362,-3.0900599066411956,-5.855785914408484,2.0
-15.928790482002475,0.3728037513597431,-2.238384774841705,-5.408384752051986,2.0
-18.882177568066155,0.6299127201829591,4.292614114497287,-9.01808464543991,2.0
-15.69139704201986,-9.246764921454021,10.216335209722128,-8.357764258825714,2.0
-12.907530996380194,-1.4741670750540785,6.461128901325213,-10.588563751203004,2.0
-14.139081729450936,1.3422095327461303,5.210718897408236,-10.08096248881579,2.0
-12.584720727781638,-5.634089210644745,0.08418905804275045,-11.570042581210354,2.0
-17.56748028231028,-3.469766136521253,0.4414864985833775,-7.328746508504706,2.0
-11.752382738645897,-8.450516780629684,-4.013091528743996,-7.095291843408176,2.0
-12.718425361924343,-2.032827007882177,5.70493940316285,-6.0332870863419314,2.0
-8.718768014102139,-0.8589769143524775,0.6181974038114029,-9.981878706718271,2.0
-15.59704467584193,-0.5310025545528666,0.24201916814032787,-6.631844641688955,2.0
-16.52741633911163,-1.4120857660406765,-12.86385836033225,-9.989180948647228,2.0
-14.523348631425561,-6.055737866367387,-8.010513662052277,-12.944255853063334,2.0
-17.363390289838588,-3.188042500288759,0.7037069637503226,-9.138213729042166,2.0
-18.385050366317138,-1.8515337164851908,-3.8109077030782292,-11.330873035835818,2.0
-14.27051671958486,-3.239608710289077,3.252471817572172,-12.367186856030788,2.0
-13.603501967993216,5.026408296965971,6.248402246287937,-9.356755761437592,2.0
-18.371365096919877,-2.1440528901524782,-4.522105172111742,-14.98322804166597,2.0
-19.48965645202303,-3.6772823599233506,10.238990173700067,-11.029553391619839,2.0
-20.402662373592104,-7.300911693630612,5.775599103747524,-8.62930192436902,2.0
-16.397350368393703,-5.0911022990894,4.836835122234498,-7.98735558296424,2.0
-14.513852854416555,-1.449483705500231,1.430103666576283,-4.573469386349515,2.0
-16.383624482403363,-5.852057216178107,-4.951177342074569,-8.033270071991794,2.0
-11.50419168963741,1.9654946540575629,3.510529885151624,-8.398492916691861,2.0
-14.747459755834177,1.985678197419117,-3.9283709491266254,-7.270315349316576,2.0
-12.638498243042706,0.7871721576404986,0.553040277937904,-5.732257683124715,2.0
-16.042511088724574,3.7261715621315594,-4.5284641363440405,-6.515075354683458,2.0
-13.236468990577091,8.245184006472318,5.580598344119533,-5.3096312802689845,2.0
-18.537018630025244,11.624498399660272,7.645929781100814,-8.806801294717182,2.0
-15.601168699475627,7.865975789988705,-4.460982353840633,-8.168364271368816,2.0
-16.58228099293443,6.698759284599564,-11.741381779191375,-8.463658470747344,2.0
-13.972739092348784,1.328858388088293,-7.750106407279361,-9.963031645174333,2.0
-18.197141823337656,3.0304496230339386,8.368526489324408,-10.197658286364335,2.0
-16.92144193864906,6.0304669927068115,8.09148257788082,-5.456143023609876,2.0
-15.224662993293888,3.124053598921967,1.7626098270455,-5.475667288354698,2.0
-17.04253614939076,8.251806025096439,-4.3065718551129635,-5.416008992490266,2.0
-15.386689646897164,5.857210934948542,-1.8252915429748837,-7.4514116007465345,2.0
-15.49466094871054,1.6878169294843968,-7.018475951115256,-7.870577660326641,2.0
-13.27771133277824,3.777104017009343,-10.668880148529322,-11.41493121713481,2.0
-13.89852350156293,2.034020191643026,-6.277587338167978,-10.517027303893167,2.0
-17.49096832335406,-4.883325155828776,4.338910044549991,-12.01622226377062,2.0
-13.168939245358338,0.17113409150234338,2.157189653083079,-9.442360248244173,2.0
-16.424920564514085,-0.25478674527595624,2.808660785701878,-9.289021043157305,2.0
-18.717057543989668,-3.4841058645982983,5.7631922653942,-13.137702971641792,2.0
-17.262843254658165,-4.076474169693393,3.5812778263864558,-13.619032965673608,2.0
-17.78441927837923,-5.271991393783419,6.150701242290732,-12.14248322397388,2.0
-17.523127684398972,-4.474757244445653,10.029997392058931,-9.160448262753576,2.0
-14.56822191915471,-8.320572937524656,-4.783044176411211,-5.916842097812324,2.0
-17.053674835628133,-2.526194491156591,6.1584813581726,-6.846154856236787,2.0
-15.435077959871174,-1.4450615662035298,13.344003393200131,-8.041491968651021,2.0
-15.188794429908388,-3.4035614127912686,-2.1760172631323114,-7.072332444531814,2.0
-15.45965023604494,-6.0214865387596195,-2.079137168611208,-7.1703159867367665,2.0
-13.843544466564213,-3.624689626777279,3.53646006632577,-10.624196352499807,2.0
-12.579960531078148,-2.269986177494274,-5.659785091803875,-7.605353309729649,2.0
-15.784774766496293,0.695566530991764,-7.8739065189431745,-7.258888852574122,2.0
-17.72067450566111,0.2872616874560826,-8.356482182881575,-6.729143265817464,2.0
-12.545374006479873,-0.40358505077956885,-4.862971605023921,-8.685931276121181,2.0
-14.687856846682,5.644716558556382,5.598593551903532,-8.7996918708766,2.0
-17.18723044573982,2.149370627279951,7.6970323821131075,-5.914594652031402,2.0
-17.01912867411103,0.14690428062386895,3.843095945619539,-7.101499745255242,2.0
-17.38157389068733,2.456421461363676,-8.077900373928783,-8.733958192146307,2.0
-16.841912122739267,6.870085028342462,-3.62853278740247,-7.041177290990029,2.0
-13.98121539204718,4.977668025964107,-0.7098512705541937,-6.685423682761868,2.0
-11.27892293217284,0.8650392438213554,-11.61658977956095,-7.2657733978991335,2.0
-8.221790071950885,-2.6901406296129475,-3.625884978552679,-8.728548481023976,2.0
-10.43923636642599,-1.1705126698806803,-2.0037815902106093,-6.5752188519992085,2.0
-10.972172227943496,1.382891936047301,-1.5222645264594545,-9.176525938480086,2.0
-13.643825374496824,-1.2241534533089715,0.009313632111465964,-8.13536938392191,2.0
-12.652991823723976,-4.712169059330614,1.6605659103321342,-5.9195931921483185,2.0
-15.200677792914755,5.409150926935109,-4.656760025241542,-7.531100257627989,2.0
-15.484119697518015,7.306313843808937,-4.659276135212936,-6.0299446899684686,2.0
-17.10290557053859,-0.6208295510406011,9.979638792242712,-7.091869148441589,2.0
-10.125765887632502,-0.9207638192123511,4.046773891268898,-7.386617082008584,2.0
-14.06000996916396,-4.152042132811786,5.147628233267694,-8.016247821185262,2.0
-15.2044194256965,-0.4774672890139404,0.7207123449723896,-7.237141993787226,2.0
-15.425508983168289,-7.619292030419995,6.237045677890594,-9.922690976168111,2.0
-18.71778854686523,-3.2273347392216083,4.698274238765914,-7.67896517385376,2.0
-16.596184832467646,1.0972890736971772,14.178973742674394,-10.783381206979218,2.0
-15.50371643423429,1.8161862198273586,2.7726589175659035,-9.430699267981408,2.0
-15.357050362328268,-0.7582064561691633,2.2354985221517696,-8.747777237506202,2.0
-19.042569701355422,-3.59551333638687,3.437243004163478,-12.969782006923074,2.0
-19.61584456805275,0.9722391784801161,-7.9684962937608415,-5.869587872310178,2.0
-17.41234963497451,1.6397334745421404,-9.133143374300179,-11.419574662253492,2.0
-15.274889075976924,2.3260468211640135,-12.367810260355242,-13.870925972184029,2.0
-14.095729042998045,-7.271661064376907,-4.869363377381199,-13.959000795122268,2.0
-15.756831036064108,-2.907020834027687,-5.006141942535551,-8.406663171713172,2.0
-14.852900885162368,-2.7819273540818266,8.338839830948794,-8.780835265070984,2.0
-11.232600290338745,-4.86491539721912,9.146996282383045,-8.98580640756235,2.0
-11.127094066776747,-1.7487976822623832,7.915732874570412,-9.354211207306275,2.0
-15.057995061709061,-9.424684032435994,14.940580289245121,-6.611414668492959,2.0
-12.687885874725854,-11.578663244706718,-5.928442845160233,-6.628324003793832,2.0
-13.559051159386744,-10.114950793458199,-0.9959308120636932,-7.756681352775932,2.0
-16.921510164955016,1.5433968843546704,14.45599482799128,-11.366187804330474,2.0
-19.790885907157826,-1.6492904315616235,7.5484832680683915,-8.059523253796822,2.0
-16.41728192957982,2.9505496076186417,4.229336568053636,-4.966479475037841,2.0
-16.373755691068478,-0.9859413065589244,9.416057295413953,-4.8711265873139284,2.0
-14.570042159992449,-5.495409709539606,-1.3590165999305506,-9.710791650462923,2.0
-21.197931428147957,-5.779855869931556,3.722446366238974,-7.194097727800076,2.0
-22.498196079225696,3.431078195108992,-16.825806705263386,-9.027770044886209,2.0
-17.371842058881047,2.9263253487442458,-6.446501384282647,-8.66790294906229,2.0
-14.31618260984568,4.366248170175866,-11.815851022358126,-12.82498045053164,2.0
-12.297719167450273,5.041212950718656,-10.045959495652435,-14.985845455065855,2.0
-13.337434437452442,1.262720675948327,-1.0321544902294288,-12.157272899083837,2.0
-11.514167679511011,5.079146424625405,-2.8252944183785234,-7.966356897858811,2.0
-12.759777651007477,8.522973987428593,8.316898636378097,-5.132371010095289,2.0
-12.562235545764793,5.8620880074911135,14.82543821720005,-5.741770593368621,2.0
-12.2405436458704,-1.8093157946024485,7.473288560003457,-5.131258121419725,2.0
-13.425642232054294,0.7087341609002578,10.177430089717973,-4.04155937148575,2.0
-15.062456693276504,1.7155523487808648,13.197478830204314,-4.742684183330105,2.0
-17.586712391391266,-3.381933659838268,15.274305622484166,-6.924399234712567,2.0
-18.346745353191327,1.2376656669112216,6.152363797837723,-3.638456300067981,2.0
-15.290103560200194,0.45346058778907183,8.67809579853034,-8.639855890723384,2.0
-13.021509395344328,5.694898593966734,10.32744829675013,-7.201057541774027,2.0
-14.968255787236396,-0.27441179839024743,0.6280733501646658,-7.482268046225801,2.0
-14.692763313275012,-1.4738653093047134,-9.167960981259181,-6.997743661862568,2.0
-17.75971145946142,5.594147773212502,-10.985498134260103,-3.1638827372070146,2.0
-18.450739333604183,3.362020259069247,2.36522402764395,-6.2929437180965815,2.0
-16.24368785224727,-0.24412766327251778,-4.103542035851859,-6.721445112839101,2.0
-19.427471049833983,-0.7578935448679611,-10.521949370193788,-5.014067691697883,2.0
-17.22005078187031,-1.643029376269503,7.021913592981452,-5.664766206904291,2.0
-17.392445404736456,0.19297987512457704,5.971835505306661,-2.227554076600031,2.0
-19.508363146770137,-1.2991745550751805,-8.796966290215002,-5.953717844131355,2.0
-16.410497240566883,-0.26847833490019224,-11.436787044137043,-6.975387595287047,2.0
-13.790550940313986,0.25379043473047913,-2.362845593999449,-8.209275662408555,2.0
-18.820794881124126,-3.5704082517618976,-8.306117789769072,-6.771277437618389,2.0
-16.60988486722621,0.24918211077475272,-2.6946701609891353,-9.394989799442468,2.0
-12.724470848375251,-1.1115206417284889,3.01815863660774,-6.882219855407861,2.0
-15.647205933453833,-2.184915063168248,10.386695996408033,-7.90450179492315,2.0
-16.291805449445157,-3.2632315202004873,6.172754346374923,-10.03513390406835,2.0
-14.942490677529866,-6.084712939120684,3.3345388828591016,-7.776724611025334,2.0
-14.647745932858218,-4.214842725660951,2.788180926211246,-6.9444675919110885,2.0
-13.496870922421888,1.3487759578144574,2.8778487722897053,-7.601949489515059,2.0
-16.55449616501202,-4.117991778145225,12.837249228394967,-10.837378332056613,2.0
-17.163543419150045,4.2093343177282225,7.178706905631093,-7.891132060408233,2.0
-13.67082070575952,0.8770434360028985,8.77544534920181,-10.796733877599106,2.0
-12.466184984934634,7.145763386572183,4.393245853237014,-12.005221197223294,2.0
-14.047612910615001,-0.05900180114386622,10.406094616312993,-9.192219513419225,2.0
-15.887044585222721,1.284906875707787,5.555657003097229,-9.2631741839402,2.0
-15.0523897686353,0.3328722200020344,-4.084667611331017,-15.365135301940123,2.0
-17.25208501385117,-2.5454542709364874,-5.361250406204373,-12.646851823425934,2.0
-14.413722299949386,3.4182694643835383,-7.081633340539263,-11.515401148565736,2.0
-14.986639721553743,3.649604948185969,-11.380513193663658,-9.989126746985331,2.0
-16.243976491059925,3.868120578879722,-2.446837079842023,-8.480853964027085,2.0
-10.139055574595965,3.062169347999436,2.3856627023389527,-8.219705211974627,2.0
-16.13217174845465,0.8872198326267153,16.807681502564918,-7.525319541604864,2.0
-15.942852208068407,0.9786098084274709,15.558774172824629,-9.254436021436307,2.0
-15.092858896736315,3.964508119069452,2.315582168442915,-9.755329055996386,2.0
-16.55879318321581,-2.815508501372662,10.164084515486614,-7.416693818294264,2.0
-16.122091107366327,-5.264402620433189,8.49663041667191,-8.569836788870132,2.0
-13.016006057844123,-3.262717828684575,3.0854525404244426,-9.691262383794362,2.0
-16.471407742994288,6.762165158908141,1.5799335170238193,-9.89591340554876,2.0
-16.186604491033727,3.735211997468593,-0.4762461607853514,-7.442568809193951,2.0
0.4178134051992348,-6.871028042497389,-0.523963370900479,4.871217499623654,3.0
4.959619542457084,-2.231863324332174,5.907552790457665,15.221152041077492,3.0
-2.130152271437413,-6.522339234170337,4.454358160985863,10.34276102026417,3.0
1.2571590089152327,-5.255990754403566,1.6024919506147137,2.28418462120077,3.0
-10.658510283215316,-17.582219635513674,5.83053230956077,-2.9801276185942123,3.0
-19.64314250093772,-1.2680709431412325,3.398967573618287,9.234700998420054,3.0
-7.585755497992674,-4.523606121365517,-0.9786111769358561,12.173850087963931,3.0
-14.296229516982171,-7.464747905710479,-1.4773655637839456,14.971893778496707,3.0
-21.40283574366466,2.4402614316291276,3.8281356829345796,15.899278766049616,3.0
-14.821815091074965,17.835700139985377,0.7582139579075609,12.314239576141524,3.0
-17.32160456561008,20.518668488747345,1.8119859352094974,-0.4154175926580921,3.0
-4.62604558474067,2.7576385733188573,8.512861809808047,-1.8143994131793464,3.0
16.454683377297556,-11.266547183700045,3.083080787202406,-11.597459972129473,3.0
-5.225494087093713,-3.4360823650558396,2.846843685283734,-12.009398676665317,3.0
4.521812899752922,-13.413903875163296,2.5802993339647475,-12.205518991000018,3.0
-3.477619762255575,-29.186567583988243,5.219593155136487,4.524701342888187,3.0
-17.77713178275268,-17.10351364263734,4.91605094131953,6.688377014056103,3.0
-8.289062097932103,-17.36843258900886,6.592171388542163,5.264559414516005,3.0
-17.758245175139752,-23.504985722262347,4.044911594190184,5.117910508116124,3.0
-16.96314541164942,-10.67196650613192,9.61512558579851,-14.469267886777294,3.0
-23.442386077983812,-12.420623900637352,3.170931874372292,-12.351785863518868,3.0
-6.714561844931542,-3.9859873027232324,8.103399560555978,-6.038306141356245,3.0
-6.002792750690647,-21.384425545024584,0.04805231083923678,8.383213393087242,3.0
-9.029682939549431,-0.7695457100165974,8.29715660318934,8.378399765259475,3.0
-7.531745562772521,6.067573770225501,9.004681557055758,-2.2580300599304426,3.0
-15.112874860451226,-6.413090789810975,1.3842792534428328,-5.977484980342209,3.0
-14.895104216068328,-0.9830103756862343,2.5516531488955265,-10.319009948243172,3.0
-27.16137001925805,1.8275975600050547,1.5952036277115338,-5.874083586194368,3.0
-25.674145982387834,1.4522181530405476,4.9661174615022174,-5.829940863996797,3.0
-5.198159074401342,13.507894296852985,7.855993271825441,1.1098221037060028,3.0
-17.594937913547078,-4.183673963495107,6.261251731939301,3.2222184359023482,3.0
-5.241146706611021,0.653695220513697,6.70329518347472,-6.571744191351051,3.0
0.6815552419684048,-22.616812209514663,1.1971543184497477,10.585919380444137,3.0
-5.161279764585405,-19.498322468622238,4.621166304568485,1.8843077834861082,3.0
1.6642609058987983,-10.685434665604001,4.409561511496936,4.770467648693865,3.0
-14.225738093086697,-0.9740745619337581,0.8847925664170475,4.755343988924249,3.0
-18.08325124113306,-7.504347961560093,3.42658964635858,6.049638071158426,3.0
-16.635598628469605,5.1041429368367615,5.894448057752234,-6.28379266461425,3.0
-7.136391121919228,-10.643764907294663,5.146513442494457,6.121254142398666,3.0
-10.624828238385422,-11.750899167104176,2.6507655966183274,-2.0932696190533697,3.0
-25.268648979371118,-7.341840256721175,2.2322283034087484,2.778034324026624,3.0
-20.945846448285288,-4.50173082239572,3.5819681351260177,4.187081001749684,3.0
-22.278062105516405,-15.018848588697402,1.8390480725196277,13.913502539608528,3.0
-2.0605192611924608,-9.769108535576663,-0.17269449377719148,1.890752607922403,3.0
-15.700782050690483,-11.822768734620814,4.022915635281179,-4.81989394872643,3.0
-5.037318801894516,-6.18520686980051,2.8757757697993718,5.934278756356038,3.0
6.194001885801995,-12.86222107346067,-2.70994531552949,2.5723396138365393,3.0
9.637174049267383,-11.82449828979179,2.3178500074815394,-0.8292912593865398,3.0
1.6281042983317109,-15.587682501689144,-1.7787003269760175,-1.0956681637342212,3.0
-0.9530214837486382,-19.082228925860612,0.3627461943918653,19.903290648380732,3.0
-17.167710167749526,-15.231510893131237,3.4605280106724123,15.017205909363962,3.0
-9.215775684685752,-19.324864290902887,0.9002453195101174,7.742299845799656,3.0
-2.4559588636928327,-11.826249701597257,2.0692181517133497,-3.730204084256009,3.0
-2.173759961006616,-1.551784705344887,-1.7936505019058098,-0.7871478657841262,3.0
-12.571774805864354,-4.726726597778342,0.2365498395701744,-10.659283916023199,3.0
-20.68882650870656,-6.765696951802211,-1.287082324088364,-13.294710197700283,3.0
-25.329792165298393,-15.255983788031992,-1.2040806068906753,-10.973729558067546,3.0
-20.675337174781706,-13.376928528313128,1.0540137740780335,-18.3218338135192,3.0
-24.869795091011056,-9.154651001291127,6.920405940717084,-12.335712973745995,3.0
-25.972766940875292,-23.01682016322265,4.869907304253495,-6.408585614809825,3.0
-5.0247006314468585,-25.316766936429502,6.969568075592968,9.720260388368239,3.0
-6.65166523810099,-18.691198022005935,5.705275583996852,4.725857004211802,3.0
1.610006497020441,-22.192865421575764,1.4704228950654123,-3.298682177993078,3.0
-9.333461672739718,-16.909679989564815,1.0510900338833988,-13.684070863620883,3.0
-15.538765660067146,1.877943708857397,3.20673878145264,-11.929476564336289,3.0
-25.705010323799186,-8.424223521495419,2.7415240137328807,-5.056094071102411,3.0
-23.724373067495762,7.759779222226486,-2.7541289900583856,9.482190463670479,3.0
-16.399629336054453,9.706959779224487,-2.1791276889052242,-10.228896485451997,3.0
-24.457747896276672,2.1036132330658024,2.8090892148535875,0.33073882265243015,3.0
-16.56852381693272,9.263007706104462,3.823971463211851,-3.0220533689358913,3.0
-17.810641555276888,11.318092564998661,6.527773621171546,-7.113773459961659,3.0
0.46448815548889577,2.4739123947294566,9.243466492147522,-4.7034518785456685,3.0
-8.439753384783463,0.24822965806453556,11.525839378706777,-10.604967293630654,3.0
-3.763344847484057,-21.955060209463667,9.516034935302681,-10.882204379874839,3.0
-16.08159622917566,-17.04342227760311,12.404821689625944,-11.579247876479803,3.0
-20.613910597251355,-21.67101844285377,4.607569007906797,-11.668782390708218,3.0
-15.188810316127247,-19.1894353796388,1.2347627703034325,-4.667283108095418,3.0
-2.2736155788332226,-4.328543008039612,1.1754288927062064,-0.09853173739665522,3.0
-6.959152535906478,-0.12345271407232161,3.127001941796433,-5.269242508403858,3.0
2.9675604364254884,-4.051806608148672,7.577362196295599,-12.748571415766488,3.0
-14.388875130042702,-18.14639060909814,9.328165895540984,-23.833597074940435,3.0
-30.57316916502358,-23.643721397366107,8.592066191027525,-11.586675037026636,3.0
-25.368764658578417,-7.0773322686469395,10.038516941090041,-8.320635230168627,3.0
-24.96613879399981,-5.430048876985055,2.5123963609054045,-11.930395858687632,3.0
-17.606711974841524,-16.527073921799257,-3.1543843512453096,-1.6526857471324892,3.0
-4.300734083829623,-34.46763658106688,0.20420753995734997,9.500607996932937,3.0
6.643711461993318,-20.920884530400187,0.2995413651886585,6.974600387332115,3.0
5.206670170898654,-16.745360187423366,-0.681288947472924,-11.691572249484457,3.0
3.5431820886717897,-9.345622553453573,3.9108380802353517,-1.8462145520324977,3.0
19.31272380511227,-7.190272833553531,1.4566990618140214,6.855903147167281,3.0
7.688590955499757,-7.464510500457801,3.1724730199615543,-5.944133170162346,3.0
10.269504578839383,10.072896508390196,8.395552548285702,7.047302903636725,3.0
3.9211943153377264,3.331776880643055,7.703057229096719,8.900328130497053,3.0
-15.3179639382255,-9.52069891029112,5.593034005055371,14.842343972516368,3.0
-9.327026347162104,2.1936362221137524,6.335384053572278,19.266597309917806,3.0
-32.32051109297646,11.930767182266194,5.275103126556788,3.1975573584977495,3.0
-18.76400528919085,-8.471924845207246,1.8900057696400414,0.739909647975475,3.0
-9.645944344088996,-1.3795635195940452,9.838195870912553,-4.695059105942919,3.0
5.1123202771427,-3.5255652813345204,6.771839452457365,-4.947629274838398,3.0
7.06233449302702,6.183676679382263,6.149558298806557,10.22553129306596,3.0
-16.625791942262893,8.379103672358688,6.608712080157533,-4.062670714065643,3.0
-7.927181940992412,-8.779638442812141,3.004048004951793,-21.56212492498823,3.0
-24.495228575399366,-9.513493985587216,3.2607308552277225,-9.931609643627832,3.0
-7.68830324995203,-10.29785628553941,-1.6880694049887464,-3.972885643009887,3.0
-12.115177863634017,0.7484548042298469,-1.3810687802196946,6.627217140147567,3.0
-14.486611409549612,-2.5204241737848196,3.0553359984079425,13.603663926380992,3.0
-9.446039789705129,-2.083597885413039,0.025259930367036887,8.86797934228158,3.0
-19.476936855692287,-24.891393258598892,8.40793309224676,1.0506116123616502,3.0
-14.773101211098108,-11.164392270452453,6.393185002245218,-7.230103092301517,3.0
-20.572685454598105,-11.872884366637226,7.104269991639166,-4.490917108689224,3.0
-9.578912786366097,-8.103145016179576,5.5462999321563675,-6.904680305678785,3.0
-8.29120263920712,0.8766002398585302,12.457958350035499,-5.25258972501654,3.0
-17.45230393865909,7.293616871768364,10.427830285276318,-7.675671969223282,3.0
-10.062383955038106,2.05728825487682,11.58234504021582,-0.02599579632902027,3.0
-9.949420114746903,-3.3893556432273897,7.403845529795128,13.169175080365573,3.0
-20.779495541206355,-23.331699910348988,2.392259722978278,-11.376126324651658,3.0
-23.404061430141592,-14.621381705801165,5.967218811236218,-6.237110067746229,3.0
-13.700889290656399,-1.733438611348169,5.312678453838385,-0.6460687121937827,3.0
-2.7154936123567426,-10.732716488724126,7.5649707363114125,10.39741162281968,3.0
-9.040356507788163,-4.985383780339445,3.6905027959032726,5.981753977163119,3.0
0.3315623642233083,6.633757259639231,3.99676516299614,-3.3693456395874586,3.0
-6.663013310138306,-4.414292361855789,1.3170497462629474,-13.983909812624047,3.0
0.20092211875137922,1.6332349837282187,2.0186917102692408,-15.797021701772415,3.0
-9.838883479244418,-7.565543286275029,4.2500487419692,0.3695338087228439,3.0
-5.916775504555727,2.7588312503800783,10.259277529054426,-0.8456514931246648,3.0
-15.634496951365087,-30.141528810530843,7.242012692194126,4.431964868659192,3.0
9.465836302613376,-23.59162677302168,0.2537492528988454,9.407879101966426,3.0
15.813200364755973,-17.629895141846042,3.9133687314481644,5.782854772477152,3.0
-9.751778431977023,-23.06575714905644,-2.591618351870035,12.904675964522111,3.0
-32.16094739818561,-26.787174584657418,7.296424125013372,-3.202257319691712,3.0
-27.541361819709408,0.6002999690769233,6.941953405885499,14.362138597719166,3.0
-23.228778871397957,-8.22757243057506,7.231412041807343,8.047919073355182,3.0
-7.5213429755912165,-14.723810009334997,4.707738520780694,-3.2616002360464744,3.0
-1.6744309764961955,-12.631984565170253,-0.9721150868763866,-2.899815470060965,3.0
-5.091302928361014,5.175658852104456,1.865482434597218,-15.515641278090735,3.0
-6.778479496965454,4.857956077859969,4.428802126982314,-13.819055372304902,3.0
-0.5586412919499697,12.409503098010127,2.0487870367384855,-6.559885135901573,3.0
-1.7637505552711907,-3.5593907733738286,0.9810824811240282,-11.78011484386786,3.0
-11.00936145943175,-17.58188369381914,2.7084502500459258,-15.734072884315555,3.0
-25.199877671148734,-9.34968273021057,4.787994462421265,-13.609380772546224,3.0
-18.69689052161877,-7.060639627698324,5.195480844756647,-8.522625971059586,3.0
-14.802144902131623,-4.721261840311729,2.4198459425427763,-6.174400137204486,3.0
-2.1026611616691167,-11.854945645892936,1.976192299831344,-4.884144932319287,3.0
-16.47085365437406,-9.354056961048414,-2.4153405499200673,-11.605244020136777,3.0
-21.112072186232908,-4.117401781621844,-4.092003209161561,-19.550132802237407,3.0
-12.278815294530318,-6.664576527711494,-1.2914043456895747,-16.772660425501662,3.0
-7.981243098488472,-5.732630211039695,5.628051068628661,-0.38472919815599127,3.0
-10.30306275921676,-3.9702543490133007,0.12838898642154817,0.16749777527548249,3.0
-6.114561288899732,-3.6036275075994935,-8.113184838707348,-5.662322700990961,3.0
-12.418148388706857,10.997562698344396,2.5177569879055453,-12.120259207970113,3.0
-16.178869336395223,-3.8216221561309567,4.656722045484756,-3.0034920106856644,3.0
-24.507646770010524,-3.1965589495004716,4.44401513651165,-16.897506138149204,3.0
-14.56052250505798,-9.236469868038856,7.170332448792889,-6.378045812918416,3.0
-15.131585333109241,-22.872462349600003,4.472720631811857,-5.028228458422172,3.0
-11.1339740453139,-8.010744349327405,4.268274719747724,-3.0655835733576584,3.0
-10.465280862548333,2.649594492484571,-0.3171181591301313,-5.253717406055181,3.0
-24.29379870401818,-1.3237554722152196,-3.4053697944730414,-10.408033199862716,3.0
-2.0317076676627366,-4.360682017097012,-2.165960088080947,-8.95631055888524,3.0
-8.59668444468748,-1.1058549602754137,0.4143918885808282,-15.258100163301357,3.0
-23.381441058632447,-3.673964781040315,2.023039045276098,2.2728501810527,3.0
-29.635443455956356,0.02944875452252127,2.0809266679610765,-12.871764859083582,3.0
-26.561916430865523,3.8282626074033033,2.5532318462711014,-12.712968829514248,3.0
-12.841284393808282,-4.825635799944504,0.25823888948657725,-6.455558894130329,3.0
-10.195114217763761,-3.809970071044958,7.9687529179090335,-11.723215847484347,3.0
4.1560007750618055,-5.202352527563201,5.455336620589794,-8.75119201095482,3.0
-0.5435775091554635,5.632617386404535,0.17562320931385123,7.050019578599688,3.0
-12.164809133107692,-10.056221801030683,8.629701385974261,-5.965522097071476,3.0
-24.62853120331831,-7.097972894573167,1.8282815623199093,0.3820783033248012,3.0
-6.218042010637941,-13.555091200520167,4.574649986881194,-12.62702841335389,3.0
-7.61208590753443,-5.597713469315549,0.7501897664102062,-6.508470994135344,3.0
-17.63918486919374,-21.941834392780073,-0.511957601241189,-11.499023404816414,3.0
-7.254285918709431,-13.786963062713538,-3.199789835221443,-18.63656861528854,3.0
-17.710550689645547,-22.623693877180298,4.771203566867557,-21.26677751433762,3.0
-31.227180014029273,-29.527342870256312,3.399911885239673,-0.9151304883876472,3.0
-27.42700923077735,-31.036820312450047,4.1180072871970985,-9.02673258783548,3.0
-29.20075866043287,-16.93285947065779,4.744093466726431,-2.359333496955343,3.0
-33.991246295372534,-13.989904894152538,7.824959419283415,8.288689640974656,3.0
-40.37746967749157,-18.431268272918405,0.9443693396275745,-5.1823094895497945,3.0
-16.479337514203763,-3.4272719713416526,6.271461457476878,1.902218633514007,3.0
-12.425699630505317,5.148922579354381,9.810179553967236,-10.499615866529663,3.0
13.611247645878311,-0.2614874649731207,8.535245267003338,11.409456409014885,3.0
-0.9454022311494512,-9.179112106400929,7.398193042400635,7.466524773278327,3.0
-12.108659838748515,-7.930414354418668,8.119746846158751,5.284467906698257,3.0
-7.154661251397873,-14.08372750886383,8.799323363478951,3.812092186093556,3.0
-0.44718172088760966,-4.304111763053871,10.971437567324111,-4.246905088563963,3.0
7.599932208592608,-12.746537879806382,7.644270722284593,-0.9263737022112355,3.0
-7.797292307100685,-16.184573731289756,4.217662245345516,4.810348950937479,3.0
-14.968624602098942,7.494766604738707,1.0380207463399358,14.932198207681774,3.0
-2.030281731872938,-19.603262039934336,2.4801030562307367,5.619469514776592,3.0
1.6000463680791182,-12.380384366410453,6.460609530590532,15.006273112442681,3.0
-2.48698564187589,-13.644302023039645,3.577500210368886,-0.971466157169185,3.0
-7.168547570112867,-39.26483355675365,0.9300041641815726,-3.0409975368372075,3.0
-5.541754882289888,-22.91521982661063,-0.6949882933269049,1.4853815578719463,3.0
-0.29420877840342285,2.1127706039671708,4.686731578012653,12.792396075357729,3.0
-1.2345707624580058,-1.541632688923448,7.710687050688946,5.668556207620343,3.0
-1.869781283528365,-14.456585448953373,2.1552428917674544,9.796881764932932,3.0
5.094637970660113,-0.7593882943955279,-0.7075941308127491,3.8067265290524492,3.0
-0.7534857363671446,-5.786247840885558,0.3830908035752376,16.22173368203241,3.0
-13.717697317913446,-20.99065168725429,5.032712168411072,13.59886061523581,3.0
-5.911009465817166,-19.166441256299965,4.269656884124636,0.7198891653843154,3.0
3.5049950058638206,-32.509260116682434,6.649888793830657,-4.975321183253611,3.0
16.168070889305056,-23.20634879617787,2.0404057746769158,8.742362111841572,3.0
-1.9389743654891296,-4.712667204948383,2.001340060521004,-5.8950091244690945,3.0
-11.694283954880486,-4.651855491919735,3.5711528022371346,-2.776706037816587,3.0
-4.744232526377527,-14.284712792830792,10.281435650525804,-5.235190891527285,3.0
-11.50094043940452,-38.24838258741107,11.813835511375832,-4.950681841950407,3.0
-15.831140957900647,-49.41458522393414,7.970141321544624,10.415727698220486,3.0
-15.96760760557689,-26.124161497020026,6.502748090097275,3.7675229485025117,3.0
-12.653545895334474,-34.87278229062811,3.4650876978484275,2.629440677753719,3.0
-18.02935072622057,-13.00920224613068,-3.7295596042152974,1.0218497333329228,3.0
-8.88495557175089,-17.019738602686047,-1.8408570101538726,-9.154168179317848,3.0
2.532740333384786,-17.04795783521086,0.15816168491514504,4.111459343769322,3.0
-3.9696539863332405,-12.567182332055811,5.2740337539391,-1.3093433170967348,3.0
-10.576449340536211,-6.03520364993136,8.228064386395516,-7.526400781019544,3.0
-2.437624506580777,-19.028738422734673,12.8753053732839,-4.388613380682342,3.0
2.544794183977726,-13.754852279271175,10.85834968186106,6.464426923442232,3.0
10.748296598558444,-1.9758579727985275,11.959004987549804,-4.699243204343826,3.0
-4.67905492874696,-21.497728741090317,11.611562489381864,-0.6163961362339749,3.0
1.9780755405657242,-12.599809355834356,4.560771613330886,-18.43523834407433,3.0
-0.3800991449012674,-10.767102337536727,1.173124094973356,3.9366067321363922,3.0
3.037676728268348,-19.919087968740868,3.304952192100461,7.174485252616995,3.0
0.354389272260045,-14.810294547271203,5.6920291773302525,6.502168439858897,3.0
-8.482084002798727,-8.541551158423978,8.138140450584036,-3.282043693223338,3.0
5.8323021549473495,6.491474014212056,1.3327122006485306,-21.333081072776864,3.0
10.78032555273959,-1.8876917343253856,9.300091513621393,-24.589254513884082,3.0
-3.521843487198169,-9.648148413933184,5.223425661956667,-2.4329864702774175,3.0
-2.2921368091732663,-18.20369953876531,7.810549566269165,-1.6503195295525317,3.0
-15.184602816272715,-7.179142338646454,11.717378402334946,-6.081821205875731,3.0
-7.731373025158902,4.001895352708942,12.16998862595252,-2.972700542285644,3.0
9.194720502399125,-10.89253479894205,4.102682779508923,-1.45638310202575,3.0
-6.357316927946397,-17.604818367052463,5.455881668582323,-1.8022082687819698,3.0
-20.18992568830699,-14.411106839622052,2.8180571164762376,4.549812875975855,3.0
-5.40255285852696,-14.704152904355576,2.8480199071503973,3.477044467880915,3.0
-18.81674731219482,-8.471072445645609,2.2015567048051814,7.441605692734483,3.0
-12.217780392892555,-13.590735706151168,-0.9592062820737564,12.671489397890527,3.0
-13.408835029670305,-19.26969705548149,2.7755320543888797,15.253555285480568,3.0
-19.447482978962366,-3.42368148112008,4.977476470507541,-0.42798759619462556,3.0
-23.892452367743765,1.3599045550741407,3.8191284906826715,-10.90751298865044,3.0
-9.246857773620018,-14.413186979561972,7.750607596385079,0.8081152070435762,3.0
-0.15922035362607279,-14.99893681943974,3.0369424996388763,3.9375860700598904,3.0
13.152674574724005,-6.843606282703712,1.4532336859915653,12.859714345914922,3.0
4.337833202719036,-4.161381523152803,-5.332799933138908,2.8396042434927273,3.0
3.1224629613730954,-8.995211692908804,-4.822651634139158,-0.20744360483888935,3.0
-21.611646181696667,-21.730797627081866,2.0664856760210015,-1.0931139209468193,3.0
-17.89776722769757,-32.03906358962516,3.242396289718377,-7.69036217164739,3.0
-3.318579584984862,-32.436372261548364,3.5612202676096523,9.443798521969002,3.0
1.505022289303323,-21.87051112628816,5.617163730106346,16.328858784436463,3.0
-0.700157948649629,-25.71354323091154,2.300174380696858,9.970695306641673,3.0
5.527937802674677,-29.45196801144791,1.4281951195210163,3.469593478273015,3.0
-19.01528824565982,-12.837700805972894,2.2774173616485793,4.690289618660832,3.0
-19.72346903096571,-7.418636326106872,-3.531070659454853,-1.7557182529737934,3.0
-15.850309140486846,-7.541998632447175,8.725953168360698,-1.6219083063922102,3.0
-1.93048254848871,-6.920103635323807,13.616129850156698,6.260513459175948,3.0
-3.3942926777108156,-8.889240896939139,13.047781255787282,-3.276668534986465,3.0
-3.67057910625374,-4.5691007355882665,8.970408567935896,-2.3817253890231376,3.0
-14.820136762957473,-13.436944726287365,4.611888650344904,2.6617570743232113,3.0
-10.863256151230853,3.080574011037303,2.258823648326926,19.565955139289457,3.0
-11.250280012109585,-6.9671571321109695,6.4367548232842084,13.4707105950773,3.0
-2.0833596116634876,-13.131362641891673,6.779066670904112,8.803326519529572,3.0
2.7259706401450874,-17.116585616535716,-3.7212602320863732,5.4557639610990565,3.0
-5.7368227149251965,-26.158781514786206,3.7103347316182003,-1.300094517591428,3.0
-0.9283395846547684,-17.09276896078216,10.134122764750703,17.72480457858845,3.0
5.700442774946081,-16.613497675951237,5.115229504449918,19.202600140160023,3.0
-9.30483184406133,-21.35918038637214,5.8823975541082945,23.95396900959547,3.0
-4.719023664450457,-15.299157332895007,-0.775670621825066,6.623882087927474,3.0
-19.599756346622915,-0.6482888301101326,5.117463573426348,0.7602000513395364,3.0
-5.468898183029717,-8.884433124763984,3.296380311191378,-9.11747922940755,3.0
-1.8419813326402226,-9.757527213580882,3.987621024368739,13.219451347461444,3.0
17.241566303659482,0.12014449643505287,1.1656797847065978,17.599110477351005,3.0
6.708011570655698,-4.509151365157642,2.2367966447278054,12.224454135503155,3.0
-2.127655035230805,-5.519472491813478,2.4876212636633275,10.013356690870813,3.0
9.503252119199297,-0.6986956828239279,0.9934319128372446,15.88692697370358,3.0
-11.239083681307568,1.2017562185798818,-0.5567754592701046,-1.5313577257457336,3.0
-9.03370977098831,-23.539940483848156,2.6977251007757217,12.336249167886336,3.0
1.3797117231543066,-18.683144657253305,3.5369065735003677,9.334818936533678,3.0
-4.181423940833369,-0.09953037953288213,3.3028159940163664,17.138724615716093,3.0
-16.151943572204452,-29.877579879988723,3.266474121157194,9.974734893388888,3.0
-19.192821600427497,-20.193941026542902,9.248877444591596,7.222511926978017,3.0
-15.330086938394434,-21.493566536160863,7.286311732819497,1.615387251110194,3.0
-26.353335748858566,-24.0499166193788,3.0654881577972333,4.722778609851017,3.0
-13.265996799622897,-17.01172897114713,-0.48622233704486106,13.532864400616214,3.0
0.016666160831533716,-11.216846472157664,6.075790615758155,13.051115412054372,3.0
12.535517415475004,-1.4740013494666009,7.540859011874545,23.5419920121131,3.0
-13.620483079115413,0.10027548727199331,6.3173838723198,17.69003501978925,3.0
-15.830243333203947,4.0878570298671555,1.037190968892184,8.616681422337239,3.0
-11.625535652195989,1.0835830327785452,2.8612359875185773,3.4527985975885125,3.0
-9.96231123972368,2.76920575776073,6.451895597041444,-0.3116089595649596,3.0
-3.045562208400778,9.861577160510333,9.42684564171245,2.3010144047511787,3.0
-2.0701600256573904,-3.9420942879182093,10.362190601780709,-1.4539648095198707,3.0
-12.088081497917782,-11.977047581840573,4.350300748455746,-10.161288139424045,3.0
-1.940982099129649,-31.14982022645296,5.756502631810604,-1.8177103307756912,3.0
-17.53961835017197,-18.129308344263293,11.111535124207633,-5.563868300656926,3.0
-15.588530935674978,-39.45592566632716,13.957807894191745,0.46236181639521234,3.0
-28.655776097719226,-17.72149514662977,11.981311973741406,-9.49378361275443,3.0
-26.96887786690067,-14.895508711607324,6.091429055422019,-14.799651744094422,3.0
-10.17749332798688,-4.950774167350833,6.307946461377595,-13.90047985215611,3.0
-13.954482354807961,0.4735491505971332,3.5513803735527345,0.33972076670116547,3.0
-23.654922958794547,-3.594673200896807,8.63313916735881,8.212434900022048,3.0
-25.85974202941248,-8.421415376364946,8.304861115572765,13.773773241136865,3.0
-27.580668450965277,-16.675498877671217,7.7082124455860175,3.536943780573524,3.0
-29.296779104442766,-19.33462349733358,5.1944498727424,7.374083696171843,3.0
-4.556757469196205,-36.92692394812882,1.5753469926339985,7.8184971377477215,3.0
14.999078333082153,-31.48105757559486,-5.063920044353072,10.535459606662103,3.0
11.49168096790751,-36.17890096203833,3.320713040572275,10.9695277597191,3.0
-3.5851682829008045,-17.423111164615626,4.832791715438226,6.334714571545284,3.0
-18.482549346176114,-2.90922741243739,2.3991509391299224,6.68921014088313,3.0
-15.461677211980012,-9.653647088987222,4.115350472104864,14.216178131225893,3.0
-11.457216464046278,-15.75176745702375,0.43319223827953923,19.977021054907823,3.0
-14.914415450802721,-25.32540482644311,4.702794813037648,15.470945765643394,3.0
-9.531019952225419,-15.704666168782973,3.3404347190163644,13.33769476751279,3.0
-7.415492550199933,-2.7622884986373197,4.2825911866947495,20.356089026842298,3.0
-6.846981549475345,0.5380446350269494,2.3439022308809796,24.631154077471493,3.0
-15.709325655022555,-21.90151560051467,2.29587096535013,21.023022857840825,3.0
-17.549592195508218,-19.640401325825906,1.6532733389695835,14.707004199520346,3.0
-3.077135002402228,-5.181132169448173,7.5613455550615685,12.037596976656262,3.0
-12.864166047092041,-3.6459613443357455,7.947588425349547,-0.8958980145557875,3.0
-6.74039582619273,9.504652477044505,5.702548976602992,-1.963278906152686,3.0
-11.330264170766197,20.081930126674145,7.618101444783708,-4.144082703856733,3.0
-11.060161611863776,12.506812594449194,7.448139566754942,-8.455232884761967,3.0
-2.1202448257582978,-4.602717983735444,4.014164889001502,8.626604340484635,3.0
-12.30812095008487,-13.148214413902448,3.7646354600478014,-8.940314396649326,3.0
-17.746174553643705,-23.35510312413445,6.471860377910716,2.6642310891378678,3.0
-20.0128858598247,6.512606529777102,5.608204395082703,13.388106290109835,3.0
-14.570850979433231,3.4591996726174603,6.339618319058102,9.256651611406589,3.0
-3.184322955450045,-15.806491323401717,8.988862635808054,9.114006802573863,3.0
-13.43349010790406,-17.097996439794827,7.156956168276373,0.2827655543838201,3.0
-3.274644917149707,-18.781032213094587,9.053319551811702,0.8223696255792126,3.0
-10.059261408048789,-18.828383684908754,4.927191912860547,2.955148148583252,3.0
-1.1570034273701388,-26.45839616030445,1.3303229389652078,11.569522172161285,3.0
-0.6841273616358894,-14.259274026942816,-0.3531289494528116,15.326683275371671,3.0
-4.4710913476687875,-8.224917556466131,1.6094141145544345,3.003796679731234,3.0
5.550290249060513,-9.231997771145483,3.6142794515007948,10.878649226285216,3.0
7.26794586159512,-1.9147196276621798,5.897921544543927,13.265340554482913,3.0
0.6636345124374596,-11.059396065625485,4.864647372559681,27.028220803301497,3.0
-7.985940753316901,-11.712584194631852,-2.713487814759132,17.705373384653438,3.0
-18.765362223269815,0.7538556969168049,-1.7884829295323312,10.301023171959558,3.0
-39.988359227847226,-7.4957472352402315,4.127816575761788,19.88092557212929,3.0
-25.791715740688737,-16.37624699726232,7.278439733663927,9.850032385494256,3.0
-5.999428822431042,-10.81607078927781,8.338962251230452,15.019175658581783,3.0
-5.424846153456683,-23.52232950847281,3.0993748888268766,16.23312745399712,3.0
-4.452002831257317,-14.083620887418414,4.1774213979070955,16.613583943830093,3.0
-4.378992580056216,-10.05610354119601,2.8751062354110433,4.170117846387038,3.0
2.097139060410994,-17.8434324396669,4.709858470055477,8.662274126248995,3.0
-18.932543764047942,-25.14660896633387,2.5920706238360123,4.419521525849165,3.0
-8.86178838949192,-25.875423340389045,1.206510619833514,-5.993094064517044,3.0
-15.983709716876824,-7.770716834760794,2.3101847655192564,-0.11116794618299508,3.0
-12.689136996885662,-0.09196737462376614,0.4288621498924785,0.01873188583395624,3.0
-0.04204260059218612,-3.0983236523942055,2.9726073178561023,6.347809477505269,3.0
-8.669196679727918,-6.197211297114429,5.670531574775132,-5.302336976860489,3.0
-16.24985395078445,-39.59651156439905,3.744865009467102,-0.4597774951409681,3.0
-7.020628540668578,-25.564982290352965,9.070995401248998,-11.451732392330296,3.0
-29.86937084555023,-20.13813141997154,6.78332512468531,0.8755787568072493,3.0
-21.56262376776883,2.644035259461887,3.701164977178181,-2.5517782089140244,3.0
-2.698456950863555,-0.1697938164833328,-0.9585930933877238,-1.9565323913555872,3.0
-1.64151195453295,-3.688206721477785,2.1021964035103817,3.2713151775015605,3.0
-8.79078123404842,-15.932012586601882,2.384732842880738,-4.160309757390168,3.0
-21.141145396905756,-22.75432665433135,0.7801200166041147,0.1251127533866162,3.0
-15.609565229617285,-16.246550125957643,-1.9195508161735786,0.9766071681218751,3.0
-11.229243229711638,-14.932171512623889,-2.526893925218855,3.10700275760821,3.0
-8.509035382929715,-9.231601164020656,-4.46860270535104,11.84534515799289,3.0
4.35177983713352,-10.648590323983703,3.2349128223916064,-4.809048281561662,3.0
-13.325450483644865,-16.71978231229194,-0.565860004234144,6.822227495694123,3.0
-17.93857474116483,-9.378901010181174,1.4109603041770153,13.09146322880838,3.0
-21.22929220416279,-2.8551876825060383,9.53660434899981,11.856067840292944,3.0
-20.730899672369,-9.476662224373657,7.474822099449157,-0.8730700764527315,3.0
-9.290452925862906,3.489362278916172,-0.052510410503692206,-0.5761022559014171,3.0
-9.340548352893991,5.086652801163547,4.558069285023624,2.4717864205124815,3.0
-4.822663382972747,16.79094909642284,3.5534594794305367,-9.883042436280174,3.0
-0.20940153024556452,10.012036935597685,10.075003287901103,-1.1153989157580995,3.0
-8.394803228687095,1.4849625230181083,8.758736660981924,5.853470464348296,3.0
-21.357973090939154,-2.6657393936545244,7.6562463207154074,9.769446141603128,3.0
-16.54852422906473,-3.377444857804048,4.338530251887802,4.442263795555286,3.0
-2.058987582054428,-5.2920463575571555,6.644372984220905,-1.3606863028103566,3.0
4.788617569580479,-15.311924818319278,5.10180734375021,-0.45363572855892365,3.0
-17.312335303031613,-7.027403057658324,3.5692227554211926,-2.0621553929740912,3.0
-15.336603666048081,-2.6133790889678075,5.435354315969685,-1.838468438377431,3.0
-2.0158025432778404,-7.514371065269341,2.138620696001717,-2.38784469720407,3.0
0.2008470519483181,-10.60430133439432,4.9065837322323995,3.841154077899363,3.0
-2.695739191793753,8.287932726587446,0.4214264857840653,3.8667120431930027,3.0
3.897056548573319,-12.708569126196972,5.6688457438309525,3.6177383635039195,3.0
-12.292036693990472,1.8047182433175766,5.916436125807625,1.392742236110557,3.0
-4.643234501503217,-13.136848045163081,6.432272531603344,4.666411236088003,3.0
-9.657065795107867,-22.83256507726214,3.2674622360186647,8.84040454112196,3.0
-26.0790240853898,-22.254073731941524,3.81164208920073,7.79193428086649,3.0
-26.49445008508957,-10.465654175826936,4.980493381787428,9.476707923679466,3.0
-22.56966409988687,-13.178796871899902,2.0262167314313912,6.63474567193947,3.0
-20.761332291163335,3.6579075414334055,2.358421618957328,3.6583998401461617,3.0
-25.316295468012015,-7.228716083194071,2.3859048626435317,15.736486019469151,3.0
-13.161264873738876,-25.155214658105606,11.386305436203633,21.35505200069989,3.0
-0.4746959973526348,-3.393016961205749,6.719105013557866,18.935164454497937,3.0
1.036953312201339,-1.4931532698181882,8.621452248126062,8.235950476749386,3.0
-20.593834614029554,-2.677854549925386,8.578910151824125,11.881194605323634,3.0
-11.176624378435356,-16.4787773056143,7.214522646901511,21.907564931360124,3.0
-3.7669444961449035,6.5701935304376455,3.6952940454851224,16.990699284695758,3.0
0.18604270892687147,7.341272990083882,2.120804706064919,24.969511908333672,3.0
-7.927197198506345,4.888227057198341,1.3304184913757293,23.3045633418739,3.0
-7.16717262034543,6.715637118323375,6.604021393671005,11.018256295712105,3.0
-20.614705913913348,-2.2959980408401783,10.013385202614078,11.659119926964614,3.0
-14.598513528460947,-5.192437091025885,8.077087255502187,27.15763791895858,3.0
-9.966029346048966,-7.12968876031639,3.289574241144858,10.89896453941385,3.0
0.5971016224041534,-21.307453068776745,4.294277096426448,-2.5363448862178792,3.0
-11.014512002148713,-11.659173124326927,5.894002993111702,7.558409082652009,3.0
-0.2697222114066884,-3.405138699318556,7.586588709945259,1.1569491348206258,3.0
-10.26795336258523,0.76685252500471,4.6601529313646965,7.55161332531682,3.0
-6.250972529470947,1.051205295339246,6.111815442227629,4.428071598355705,3.0
-15.908053858617496,8.685379870630046,13.121531822199817,9.789930514137763,3.0
-13.02144539345527,2.367822280324315,10.7257401681421,13.015944729281925,3.0
-21.123944469657353,-4.261491216796749,11.202729122309194,11.88933184743298,3.0
-8.027083971777355,-1.2826982896327586,7.291347195242451,12.789680524748972,3.0
-10.99304235256255,10.809577424287497,5.718268358404897,-6.2308804594992875,3.0
-17.042587763803056,0.04230928202595585,2.3949302475167675,3.003415603880917,3.0
-6.405181854854547,1.7575156147360045,2.7449927028098764,-11.395460857751958,3.0
-6.91020402866677,4.764705838331314,3.2560894944781396,0.46038220033160115,3.0
-10.21529448199495,3.602018982296501,7.181989532501463,14.979012099448099,3.0
-26.18449713591288,3.290528164465556,1.111786035533319,9.010752091216592,3.0
-4.962666355504093,-7.078824835079011,6.850123917408749,-0.10053558521539241,3.0
-17.741423582492107,-14.037754703365131,4.041149555821901,17.951992697311614,3.0
-39.69774169362048,-25.225267870552972,3.430181003340196,20.055594275263083,3.0
-24.992666318305012,-24.15023611413944,3.577363714672959,3.464777476260359,3.0
-39.546536849309334,-14.01525005177005,4.333657221874768,-6.030425694235795,3.0
-21.389299845767972,0.6058221248182782,-0.12192856574220717,8.563037172970674,3.0
-11.212353238354787,-13.981979335818107,0.6559036226363504,8.380157751278063,3.0
0.7484428852771643,-17.780130839535644,0.7351819619196795,0.1558818133770412,3.0
-6.089211681274199,-17.755969061838012,5.54920746416915,3.805074539717757,3.0
-4.461643994399216,-2.8993427844135553,7.213077434244333,-6.996008945241272,3.0
5.41391860609137,-26.073824254337154,6.818760679913747,16.673936905544437,3.0
-7.363433462330074,-31.709896916308224,10.384463580738792,-2.5033829303223083,3.0
3.139196204255029,-27.9081634808649,4.629289318326935,-0.33275180342301525,3.0
-3.151434665180834,-21.63362651526061,3.468886792825103,14.119638123871967,3.0
0.5751852212140349,-13.651153515367914,1.4743254630497564,6.3113799575061424,3.0
6.438621598881258,-14.089147670103939,3.460643818291032,14.339332365018866,3.0
-10.044646685920899,-9.393123277905937,-0.3326584687261658,10.093638274616794,3.0
-17.359248293993247,-15.214538117953602,3.536341748830526,11.341474778567235,3.0
-18.173754297579407,-19.325870949783823,4.9340257820821805,9.331094635611711,3.0
-17.17587761164054,-13.357277101173741,2.376540485059219,15.380921428887463,3.0
-12.038417548778778,-1.1937777225344135,4.601331080590867,20.100739048673177,3.0
-14.23706573154209,1.2009853514813678,6.4539658962389,17.759434813582946,3.0
-10.607313246033652,-1.609368483982296,4.741231975890482,11.422762297840393,3.0
-23.15820185296023,-5.0316180605515815,4.5908818001393685,17.973003344523555,3.0
-24.16921580223265,-14.69562503444375,6.617485839008484,15.049893012745528,3.0
-5.317107124996798,-19.737016585770597,3.298944159047932,15.614286550813935,3.0
5.405358381206096,-30.48510617887782,-6.1696155052447335,5.042830000457614,3.0
-7.328889350447552,-20.79778071181722,-6.89723551327846,7.112636735512254,3.0
-4.84829840825415,-11.814736419331307,-6.552256169445899,0.13820628956851078,3.0
-7.170035558645777,-17.597873174161503,-0.2716221582098113,14.155730223656333,3.0
-21.493107431341823,-30.6539249142403,5.91622562558619,14.549105820685714,3.0
1.2360522835612553,-18.545444122930046,1.0492575629502028,21.697169724642652,3.0
-2.316530371548594,-10.934863295182875,2.3819957521273776,15.90325104797074,3.0
-19.26824035424071,-1.816441818190448,4.03537422171875,9.446840656006119,3.0
-9.29206336695967,-1.3281353781009457,6.677766793577264,8.658190751710025,3.0
-11.043660521332749,-20.47624905648999,3.346111479989273,-4.6402776981215155,3.0
4.773658069840613,-8.29438801363644,6.372342808268994,-0.2548657091111366,3.0
-6.130824328170431,-10.165033191820225,1.8486300559611282,15.909371940930521,3.0
1.6485413664142712,-16.061080075395616,11.39358720443705,19.374583433853385,3.0
-7.332777224352247,-0.5379383508882665,-0.48237575024198787,8.537906112208379,3.0
2.088942632833949,-14.521202328674287,2.972487043024196,-11.12706594509973,3.0
-9.400627271288796,-11.386956642723302,5.7448706636606675,5.70042001996352,3.0
-12.50428023494495,-6.192176474458465,4.552521904820546,8.380412865790612,3.0
-4.498636463876673,-6.842189671480285,-1.3457929575221854,19.99155236554913,3.0
-9.504780992673247,-19.021652580933214,0.00212676287030078,23.424595891466407,3.0
-2.5566231852301406,-21.54804596202041,1.1068410446994676,19.772923070943786,3.0
-22.652799732457268,-32.16984050258755,-1.6315812230530704,22.988380543473426,3.0
-16.069254605149453,-25.998050535418848,6.916096816499383,13.049601664586556,3.0
-16.81593827595948,-24.41954783268634,6.646770339658938,-5.441626157951347,3.0
-16.822117672165533,-18.82899615078822,4.248482251391769,-0.2786648833820369,3.0
-2.6607619632397057,-12.253743832966567,-0.7277147244462867,3.322609485207728,3.0
13.598080624318829,-22.767277349975082,1.2190606004093114,25.723084155170657,3.0
-9.545634668325713,-10.346286756559376,2.6669231421510586,15.300870607215264,3.0
-24.931828035959953,-18.600258899165404,3.1751211085100044,13.050629149802829,3.0
-18.199512807134287,-4.39315364890017,4.676901084431684,24.745466195033682,3.0
-13.47329296307926,4.291959655392241,6.333909987981317,20.239200740691984,3.0
-0.3544627373145488,1.742760477062149,4.727301033447816,-5.580661860741887,3.0
-27.19168175885295,7.098531949763495,5.545517319616316,4.263638649012669,3.0
-10.998125692000539,-21.198599080724897,8.412757124131428,16.09137680459937,3.0
-9.074666201038534,-9.85151493130509,8.501698153146158,-3.99455759711571,3.0
-13.699864862565775,-7.820878399764627,5.781525211033385,-1.841586455214948,3.0
-4.12090162119576,-13.27273625233206,6.4186684043845865,8.751651983940084,3.0
-3.011856647003229,-13.547947078736314,-0.6937191062496622,4.843141615822299,3.0
1.7321107550659107,0.4188274355618571,3.0176427940357717,14.368006260425172,3.0
-16.166035541852438,0.5398220808010796,-7.150452464044221e-05,12.490291310715836,3.0
-13.608554207831595,-4.809641278303753,4.546820188452802,2.4774256497216016,3.0
-19.923588852920815,3.954891851986625,7.419162663576869,21.68447194927215,3.0
-13.640660533644418,1.3270805353927386,3.319024597379842,14.327415346889481,3.0
-13.26555347297644,-3.0082038810828555,3.712360378226125,6.855649500155961,3.0
-14.12125492168008,4.989612946703955,7.402484133707098,16.987980203174082,3.0
2.4740300292367436,-3.4854103259340166,12.545167047142993,26.26234224008272,3.0
-22.78494546196487,-23.41254918157032,8.847316920526143,26.619778048607223,3.0
-22.748232475203714,-10.310664784603468,5.069818264873467,18.33314595214828,3.0
-4.7894784155207075,-24.154865104328234,-0.06535877067168894,16.42763759364567,3.0
-3.5829431544907044,-34.13477903357931,3.861105164837994,12.367528128146478,3.0
4.817637051762876,-14.133039844823102,5.579311749742686,23.70841033312015,3.0
0.014145073065425784,-17.94784718526607,4.41946248803447,16.85042016455666,3.0
-9.74214132023476,-18.38797201675847,-0.6574587248802022,17.3878924815354,3.0
-8.795220386340842,-11.676929509317631,1.6293777327161303,2.6130604822229913,3.0
-0.022912675008180727,-19.749064451644415,4.924528506479084,4.14671970143833,3.0
-4.62993460938967,-27.046699430180826,4.446435438783611,7.454121482122074,3.0
-0.14471704312094857,-15.452148105016985,8.922581069630947,6.291358560331789,3.0
-22.73682790106725,-9.981180759052084,8.8792954960722,9.13900583805916,3.0
-13.365419607558692,-15.476337652725121,5.3584068580624535,18.944873332323034,3.0
3.1297960305827424,-10.556318491763836,2.6403349642889458,15.31201020581346,3.0
-11.568036393640716,-23.756692206703978,2.8319373049494683,0.6242439735842016,3.0
-4.80748311066339,-16.683948491289172,6.701331382615934,-6.645038880586627,3.0
-10.285325041894623,-3.092566083120463,9.22056334763299,7.448693872554915,3.0
-8.87877288923907,4.562001226822073,7.567045866352637,1.1029177765123017,3.0
-21.56820704407769,-9.325327232869524,3.779481609320197,0.4733069576428779,3.0
-6.437871597756425,-11.346919556349699,4.758392926311434,7.405156368593667,3.0
8.50337534834707,-8.414559081132676,3.9359658925614447,5.936124997922238,3.0
-4.510521085842177,-15.301534766090063,0.05591533655320635,-2.556792728003712,3.0
-16.388297058932142,-9.667815341684253,4.592294201604219,-1.6507215865615468,3.0
-13.229502257824693,7.005132728836173,8.622713569255685,-3.2298191684787376,3.0
8.053444866555758,1.5290525051623467,5.873239582464978,-1.2980831984951067,3.0
7.853238179236367,0.9490672280627077,-1.1012901411798346,-11.629143976060337,3.0
1.046353263507097,8.219862709662259,0.121907866940691,1.278125639807059,3.0
-5.914015762155286,-4.163784329105759,6.158498594884876,10.218063672222996,3.0
-11.853078645680313,0.0958953293896041,5.223737808927315,16.085777316871614,3.0
-8.327030616257797,1.6275188482824063,0.3341090130272364,16.195413153166697,3.0
4.345831100613086,-8.80562539137447,-7.632863162025992,19.64574751793846,3.0
8.998035719841388,-6.334698905180193,-8.003264682466703,13.27119732578592,3.0
18.52888814420004,3.02315953342692,-0.22638366217383776,1.7793394937486413,3.0
-6.346821942016062,0.6601288993833787,0.4374524086112892,6.319717080381541,3.0
-10.248602925396874,-17.338060049883953,3.6593861781678694,-7.653877832782802,3.0
-8.48188953740117,-20.516910726051968,-1.0327850422915874,-1.9182870911603713,3.0
-0.8912294958939366,-12.413136760715204,3.4380731951335655,-3.1831894958678295,3.0
-2.7370138749415434,-18.382463326588802,3.453743861743237,5.402402761307716,3.0
-14.591458029809907,-2.9026655676545197,2.2281643801967945,15.39877921673309,3.0
8.838054940260832,-1.3549495293528935,3.5627896780523356,9.158780677172912,3.0
-15.070154352925885,-9.28397175286982,2.1795820243568653,7.279516206422699,3.0
-3.0858304186560748,-10.167445885709482,3.417904929987229,12.031706843907552,3.0
11.444510063591878,-17.70562652556437,-0.8679448307334696,13.265262110488022,3.0
1.6160439670909468,-26.71808964775186,0.7273968887758904,13.466341245027955,3.0
4.612299763967521,-3.6554865335954636,4.412130390607046,-8.919341838943014,3.0
-4.878520106181181,11.294516103304517,1.9239092990455258,6.138874946562812,3.0
-10.794988525462188,-18.99352190521104,-0.8042746568417913,17.148863521608646,3.0
-19.97465247278427,-13.194134804475755,3.9391193605324144,11.837596107968615,3.0
-23.616268889267204,-19.065548932890067,3.6305129717429407,8.990806874320231,3.0
-15.342460762957018,7.103630192507812,0.22424131365882127,18.22400462267368,3.0
-11.0127521518406,3.299572834897607,0.7942762609301077,13.04108215230289,3.0
-28.465942187783572,-6.126427949722077,10.472499991476456,30.682449879672713,3.0
-31.710897752148334,-27.086764586205142,-1.420934630460601,19.41344352332181,3.0
-24.866358059745018,-0.4079042239008732,-1.6125153768262337,11.020469888602367,3.0
-26.63405528276233,0.742784466648323,1.669998300409076,20.36240377959928,3.0
-24.846305667101362,3.041090482637613,4.202778209012187,9.9570873748481,3.0
0.8952235473757701,5.135322087731055,1.4389339892010988,7.993198970912237,3.0
0.534453517433608,-4.96525997723152,4.41769382219583,6.6361477781276905,3.0
-1.3160740868719794,-17.924174622128437,6.498063622753344,-2.262318611867064,3.0
-3.5421287870095677,-2.0386790055618578,8.968969180304128,19.819501875143203,3.0
0.7508278159884458,-6.6593943466516805,7.494498911202228,29.468927075516266,3.0
-18.2873790361661,-5.006614798637739,9.46813522278931,24.17779610000465,3.0
-24.824004827964416,-17.859583711272208,9.207619544757915,24.673104054756006,3.0
-25.147399635351057,-10.24447272856831,9.864064753265769,16.6363133625502,3.0
-9.41515590022393,-5.663986731094785,3.9407486236582017,12.536681781507198,3.0
-4.324266208454887,-11.394726551756094,4.737193685074551,9.20603621687133,3.0
-14.791534039253659,-11.674722444405093,6.982604646616862,11.598144960526353,3.0
-10.904230915404028,-4.195742551702914,1.872035959407862,11.611282683935832,3.0
5.408381815142111,-17.03150693642339,-2.4562718297347406,3.7389382465210446,3.0
-1.472381077469238,-8.99760963475117,-2.6131169494695277,9.052927889064762,3.0
-8.375194826650203,-8.716986524166144,-5.094016907960207,19.23985743826022,3.0
-18.285416496586347,-9.389221434511278,1.7525811986510824,13.037173834896556,3.0
-19.16358535045078,-4.933342418783502,5.002085702495331,24.4667772736232,3.0
-7.886773936416587,-14.568381833530324,7.50224959295412,8.37830966668718,3.0
-14.527573148393415,-13.83912800198137,0.7476195242488761,4.61917275084949,3.0
-15.248562535881431,-14.147575145003529,0.31968784038703557,7.524709469905288,3.0
-16.275256659409415,-16.250204421929844,1.2012303006830551,27.603865439621302,3.0
-16.66813882515872,-15.625198859613242,5.355256307219081,33.53524034974705,3.0
-10.963148657347704,-11.175284538035633,5.490805602854761,13.649960814249598,3.0
0.09114048766310923,-14.144135681119872,9.221540388032132,14.2079094444642,3.0
-8.551768407980326,-21.786707979920966,3.87227483504416,7.520356798404898,3.0
4.776884237910311,-4.789155000400459,5.572373379276822,15.84313978020705,3.0
6.52894453887021,-9.297986259976016,3.9170257679455016,16.392667423914055,3.0
-7.090325941818162,-11.38971949308776,3.5439833621451395,25.642328327202463,3.0
1.5379272671547106,-16.007486802858246,6.959696516454422,17.953192332059817,3.0
-9.263572671212906,-20.580461539103222,2.2311049894978234,22.195090175276693,3.0
-11.805514510635433,-7.5107528671765,-0.12492061669996213,29.307014389532615,3.0
-26.243925264719746,0.4042767108389338,-3.066062675686491,24.65820888585257,3.0
-9.905733150072027,-2.5697030645827468,7.085264340829658,17.94307150385817,3.0
-1.7685883950232228,-12.077568052187173,1.1091158759397168,5.5187520415519895,3.0
-0.45514095011912126,-13.931736340057222,3.404933899947209,3.838294309706935,3.0
-17.56070546634382,-33.05498002474799,1.607136592882907,13.38256149812635,3.0
-6.340235935563921,-32.106137665115455,5.226031147048891,17.253343269494238,3.0
-5.893607400354517,-29.54717084278741,10.513310740960637,15.265287533564505,3.0
-10.9138469158364,-22.566694039729963,4.294430065383667,36.74446631288659,3.0
-13.808814706055491,-12.454693052112738,4.346491374131695,47.16419321831714,3.0
-2.313741175308536,-25.43579059497673,1.5788947728010112,33.19045995642251,3.0
-1.0379076230774889,-4.607480818512677,4.239021303442122,24.85982423882036,3.0
-9.842970310072278,2.1971565141171547,5.86995493645577,26.63842613754584,3.0
-2.905798648515127,-7.36621598199701,6.114957568392736,21.02167303490497,3.0
-3.619131837173253,3.5028651851107906,1.0195153842668414,12.326700087539205,3.0
-9.919610938456184,14.664555131272811,2.4664236216581363,7.649343944155019,3.0
-0.6335522626733727,6.836933746033418,8.137039797515076,23.09543314229824,3.0
-10.507212784243064,10.832043817901177,9.451659363773228,12.544381888601114,3.0
-0.6398707194837865,-7.550184486393473,9.511081755413976,12.685280614380275,3.0
6.692437603992244,-12.076327551486795,4.243907291098052,10.84749373530067,3.0
-6.463299945107529,0.4273507368006726,2.003808576235343,29.872473290592218,3.0
-5.107159997920663,3.049419755638951,-1.5385312938691453,24.35129191026779,3.0
-18.841390796663127,-8.523146605226891,-4.51537872336963,22.61538427781596,3.0
-15.938956231947516,-1.3609359064043307,1.5413468869805453,17.869165268096943,3.0
-5.603142124884508,3.080396867714576,9.67480318217968,16.83570777254981,3.0
7.487026400649741,-1.0511952149474197,1.1188012538770367,13.347008754053242,3.0
1.4764594463009821,-6.087462884970059,0.7956880994760196,17.5879598516937,3.0
0.7438759132815687,-15.739429262533292,-2.5750706705762703,18.605489107095725,3.0
-4.683775047807723,-13.193712490691812,-0.5479748932979298,31.299847960288343,3.0
-5.086946294070237,4.888900689199561,1.3153042750538404,26.421621888560104,3.0
-15.073183815194488,-8.994836671102846,0.5283892597634918,34.08290164225913,3.0
-7.581035590664483,16.56791052398497,2.306305783326601,38.193248148911806,3.0
-5.158560692741187,5.390876255748961,1.1111045513818427,26.54384430157389,3.0
-18.87535526849046,-0.5165793212384031,-0.9614310939792554,8.380701548468846,3.0
-10.867019102431478,4.594157443771689,-1.589463852352586,25.241170465816985,3.0
-7.6785087512941965,-10.78282531542682,1.4418029825512921,42.566531661035,3.0
-22.64220677065054,-2.1711780503777245,1.6695080664085316,43.398586271065874,3.0
-0.14614417474349217,0.705210077891012,1.8681351245247033,22.976063206857884,3.0
-3.5992522815311094,0.2006196608360482,4.881594314094123,18.313853372165593,3.0
-7.890269830088544,2.6752436623398865,5.303483172711061,19.41469284977913,3.0
-4.173776891234139,-23.422844356019645,9.69444266932959,16.766951316629914,3.0
-0.4371369629085571,-40.56154988351824,6.134907948671435,15.334453352286914,3.0
-10.45323273537444,-30.824974325244646,0.3351447778882979,11.74968826247266,3.0
-12.903047370202797,-15.984114822318375,1.6438425962732652,12.738488439109105,3.0
-19.958205370057946,3.4278158528846063,5.555460699288827,16.148705702460276,3.0
-29.368726542765373,-4.3076214219358135,5.2408029539421115,2.937103132113041,3.0
-15.11496518409119,-0.3668677538084637,8.884240473018094,12.882484598128574,3.0
-5.697740286081391,7.120222390170754,10.191094544764685,10.199895608488676,3.0
-11.642352575164201,11.962865782923398,10.458999736151014,5.563631357141453,3.0
-20.709791578026913,-2.603182166162048,1.433980638952744,3.7301019135002242,3.0
-12.234346424784789,-2.661217371092344,-1.5081499071073177,19.42709238681259,3.0
-17.267062506007818,-9.007104843312828,-3.639921350122351,21.188926429388033,3.0
-23.702576802270897,-3.458185539048783,2.191435676199136,25.399829182109997,3.0
-8.43114586805518,-11.373986503627862,1.6202991290052315,12.157858383182987,3.0
-19.433806682176034,-8.700692096118939,5.713331032850784,14.643062760464547,3.0
-5.342169014429185,-0.4790448947388217,6.986853070508707,4.301465807767213,3.0
-12.676354442039345,-18.747535512201953,5.704625552299019,16.146888099464512,3.0
-8.200365852859022,-0.2965857733309267,0.06959480279590036,11.676008954063994,3.0
-5.781068790012668,-3.9073837594756,-1.5193971571353266,13.224163370365634,3.0
-2.9380762801498896,-18.11461864492318,-6.817607821779263,30.889120644786153,3.0
-10.844981634230178,-17.169734939653548,-7.837699293960712,31.603782455622905,3.0
-25.432541152574352,-30.460348929438275,-4.475501491788343,21.34007053014678,3.0
-36.718208438015395,-7.95542919175173,-0.06462851410165249,33.80767346825333,3.0
-28.540275217304593,5.067922432901575,2.5051294224958713,27.986499075723167,3.0
-26.65195280941415,-10.030551713311294,4.074696769176633,25.291229706941156,3.0
-12.524088953147878,-9.121619579022711,8.375559313303636,13.917543315106508,3.0
-15.601912485515612,-13.412466322730427,5.301084848162364,17.184021415376108,3.0
-16.444617552581224,-9.656702217339598,-0.18435638565191548,21.021061720678354,3.0
-5.39430856603805,-3.5711584952868454,4.546877209354623,13.781421548800457,3.0
9.676962231089071,0.18792793107277284,1.78841893899962,23.494258617994614,3.0
4.241371125883349,-13.055160232357991,-1.0452763965645353,5.722578224778234,3.0
-8.978849122601927,-15.357949232396765,2.4578612017788823,19.04577429103281,3.0
-5.83581907990267,-25.29147478656435,4.795429795290947,12.629444807708712,3.0
-7.451655168441999,-29.539531195848646,-0.0822235866176726,15.166283593677166,3.0
-4.51188009354853,-23.84559168227647,3.8418973996873227,10.588875988498982,3.0
-14.428232352892937,-23.466660033590294,0.9243373635873007,15.273785680959957,3.0
-24.993556000587247,-23.19406098290031,2.4923460680410305,15.59830689692704,3.0
-2.6442962722279404,-9.208992592016621,5.720533199051966,19.915616460642255,3.0
4.554972987583502,-10.442371304791505,1.1870153167140902,23.03823400187897,3.0
-4.090467045889593,-15.261154196162716,3.7100931171816467,18.020858171998945,3.0
-6.503237837459459,-17.724823356409463,1.1681283245066085,14.4485547318372,3.0
-18.620916491950116,-9.592766402272938,0.881569912424601,11.146282304510315,3.0
-22.53396518812824,3.6085664952353973,8.002469542020059,6.884314756936529,3.0
-7.068024855142188,5.037437173101516,4.8360236518857915,25.293908939364826,3.0
-6.070023909230737,1.1733190666350914,5.045901763126576,13.614322216306785,3.0
-5.889634991173024,6.341562582128002,1.8401506622905672,39.21279562111005,3.0
-7.510741812948198,-5.67240424386347,3.025107831878735,37.13187819323473,3.0
-17.350911480853036,5.781140820103457,5.933866656027176,22.4337556074386,3.0
-21.45135625054366,-5.668618391777704,7.838667745752861,28.260217938106774,3.0
-14.701883902680308,-11.333274505728811,8.816577181498166,21.701517715074853,3.0
-17.458490451502044,-22.4069878547935,8.830273202238917,32.91479397937002,3.0
-20.759659005375106,-16.932035921321393,2.7038813474020693,32.443386412619844,3.0
2.1269581027316153,-15.344729709485936,4.620235746152183,20.052392051490653,3.0
-5.106323772636066,-4.7771738694418175,11.00085110038831,22.364734466278147,3.0
-1.047722088835684,-9.268045021039141,6.38359067007471,24.09630698673926,3.0
-13.541887716199863,-13.196408468947233,12.403283170156536,31.426534237267518,3.0
-12.105179778951012,-22.640014199682582,8.694510699800883,24.989456569109493,3.0
12.14555953249613,-22.335544336359725,2.8079108081963833,24.901459749296134,3.0
7.344677975271416,-13.197555009016234,7.162955415670334,17.222119797748586,3.0
-8.97395988023916,-15.770549990433908,4.351886117382194,14.095671323221982,3.0
-11.73597689518079,-11.526438989696956,7.004239373734043,6.670384707983924,3.0
-19.820942389683612,-21.69262584589751,9.730326427547615,16.25782485590652,3.0
-12.555627312297833,-3.3715972734307282,5.540671271982793,5.312149034234626,3.0
-10.942926107660654,-15.517495876094335,5.267735178998263,10.998253903075476,3.0
-25.29522181567321,-13.444956569257647,3.450936734824875,2.0656494724542185,3.0
-25.524265354774997,-21.544835047331762,-1.439938645330233,23.463482120750953,3.0
-30.001143440548017,-12.939074304961071,-2.0309868604292736,14.589379719305056,3.0
-10.82329400393957,-2.706913201824693,-0.2496286828905192,14.402434449849999,3.0
-11.129006715183642,-3.5452063413334463,-0.9206322794857709,8.876914287159398,3.0
10.312709049811271,-20.708949581311202,1.8906468666604526,1.590412843846007,3.0
17.34330085296943,-11.22465549092265,-2.114735252501526,4.224284955695197,3.0
11.652204807462919,-5.146134227449066,-2.2128990947068443,8.504565054073858,3.0
-10.001957584630098,-9.285911273196103,2.997504149955768,3.369249706120989,3.0
1.8144282800611649,-18.61912516623312,1.2631385144809557,4.779761166447116,3.0
4.766686505123683,-17.767902916621942,3.4748603818510935,5.854803270688542,3.0
-6.749409308594824,-18.06508341721681,1.318203081168962,6.059990024244392,3.0
-3.9849878749194847,-24.428239842206278,4.702843866880445,17.420114621357094,3.0
-1.1437905572369016,-18.940825160645282,0.7337790811187976,19.074293630630958,3.0
-12.605640303400543,-5.665238292477838,-3.0470004448609815,24.673409800668935,3.0
-5.498170890975296,-8.454651562203034,2.842120911481406,11.59962507931222,3.0
-6.5223853066857576,-24.848635672427314,12.83872280471779,16.982482300328847,3.0
-28.146451913871605,-21.244005957301823,8.480908480360593,17.190477815782188,3.0
-2.6091574918803904,-4.42862497185793,6.468866761516095,21.145423105844635,3.0
5.8047992484439215,8.937710045730732,0.023717611755582624,18.98017673207098,3.0
-9.366739250471868,-2.3862470419862474,-0.5547671682735964,16.235662083977967,3.0
-12.868523028511143,-1.536461108098198,7.548621614022569,26.335627817307774,3.0
-17.51837053844586,-6.5168692750642006,1.9198976546690272,28.217476150617987,3.0
-0.9106246213970808,-6.966655600781759,3.7532058522551743,29.202689718215602,3.0
-5.524948389939187,-9.529628320455764,-2.7167627343616996,30.940770464107246,3.0
4.170055971905992,-2.8323747225251914,8.28043152671068,21.412064046186252,3.0
0.23298934078807587,-3.736536728518992,2.0591594035109786,20.981654562611155,3.0
-6.097891753420482,-3.1539321274499166,7.3836476505726285,25.542088192616667,3.0
-13.989975844028253,-6.349545762734174,7.395241864598379,18.23680847104814,3.0
-18.348932006936213,-7.7165655167649625,7.94180555355887,14.338936724953296,3.0
-0.8398414864596289,-9.117490589132679,6.80983927895165,41.827036928825606,3.0
-18.740665699040832,-7.06173026513159,10.9019622123466,27.425867889614445,3.0
-7.014922293224213,2.6640220756453346,5.115235272247201,23.070410595255225,3.0
-8.815784191665852,-9.15459673543664,-2.0302915506952877,-3.7668916420217506,3.0
-10.164889712979527,-13.509145733728266,2.505618309323563,-1.2761421566940854,3.0
-9.42976684255248,-12.909045648823199,-1.6987812431988352,13.442353940756195,3.0
-18.34025025261483,-7.14071555902609,4.08222537276556,20.107960668487003,3.0
-11.534310191416878,-26.134828657596117,3.637078508517839,22.783243802579225,3.0
-15.371158757884261,-17.822257369614256,2.1453337030832187,20.477744214823634,3.0
-21.428510094426976,-21.775985197502614,-1.5849680119202452,27.605692844666045,3.0
-14.404815634696261,-18.342774064120903,1.8072417313400915,13.032247467859282,3.0
-17.0741581848153,-17.598525344031657,2.7243327303194644,9.661399875632206,3.0
-7.257649411627106,1.9295557372386618,3.6708434097650144,12.723579268916058,3.0
-13.505900946824047,12.971134499953596,7.460356555336926,7.889112387927192,3.0
-26.31527258436401,-6.675054214475676,6.706419400716836,9.824114395951748,3.0
-5.659622903248314,-9.950103081226635,8.031166463884698,7.565198062462626,3.0
-11.373045432295536,2.2222896996270647,8.05745472197993,10.74462013180227,3.0
-20.92050751719912,-3.266975844551598,9.60953229200909,7.3169456520623175,3.0
-14.698777064571756,-21.664511262714534,6.754191927853279,10.256267302082106,3.0
-14.902324430112998,-15.501064308488555,5.631796303055285,3.390085786226612,3.0
-18.733552667718193,-13.785930658312978,5.45050214393707,13.554859909559756,3.0
-5.07711612714544,-14.425888080199588,0.4374179126195503,26.77191015142431,3.0
-16.08207836440384,-5.904893272583753,10.095190077207938,6.998286190575545,3.0
-19.364630568810398,-18.395724845397975,9.831827961395772,13.265627252753838,3.0
-22.386007481489564,-30.571999337918164,6.357153702069077,24.745882841952856,3.0
-15.23264735900709,-33.640081154429836,8.024508114488343,25.66105243017646,3.0
-17.764380770493702,-21.892550430666056,8.968150142792044,12.418644834127704,3.0
-22.41679547585212,-26.74225638634618,4.3169934272963735,32.11137416668667,3.0
-15.375246878592698,-15.802098971929563,6.512836985834724,25.554909816883455,3.0
-10.35348789850918,-13.967710188995415,3.1454074791218805,16.12979034655088,3.0
-30.458687744035192,-2.6136265172424054,-0.32369439019603163,25.35965865465138,3.0
-6.454081413364792,-4.674904775288635,0.6233099025335034,22.168191884225127,3.0
-14.205025095484539,6.452498709132107,6.300784255962183,24.5121753150466,3.0
-6.78504282800981,1.684608271812948,0.27435785530480894,27.586571295826968,3.0
-13.113823693717453,-9.020144976545522,6.646214288906538,16.446872470462818,3.0
-13.916077741109268,-9.29200340462821,11.128650839481175,3.5356408031199393,3.0
-17.27352500987767,-8.89664467051126,4.116392312123256,16.30306760853147,3.0
-12.382059712999457,-6.830774012948678,7.070560494523539,12.320896209111783,3.0
-12.29889518869406,-20.89475929779583,4.93112349323423,16.144849730336187,3.0
-19.412509334397846,-21.15508346739039,2.075751543329872,18.584078356169762,3.0
-27.854813876676115,-11.002500829820422,3.1290235977756007,11.464713454665532,3.0
-12.595719676309095,-22.9942466726446,2.1844597485052804,10.37153774630033,3.0
1.0135217134814951,3.369537091074644,3.8507107674042755,5.361693500369288,3.0
-11.005472024217012,-0.7248021232632063,-1.418271438044263,3.6463357528424005,3.0
-5.623223837029521,-12.474798098313212,0.2199635467646761,13.947578524162068,3.0
-2.6587111844670357,-33.66021218584946,10.624718708641176,22.35114092734537,3.0
-13.347970101231144,-44.88187494289325,6.1148493849770595,21.520749376720673,3.0
-16.486222452192266,-23.888412215684422,7.8043679014423635,20.692876391356815,3.0
-2.866609495959196,-33.32572908120987,5.394114178466283,17.39096730889225,3.0
-11.64626769221956,-13.30011117150055,2.283973084281878,32.935872529814375,3.0
-14.798220003325923,-5.761061005421609,-2.810808869920027,27.10431692299286,3.0
-10.852795622384988,-18.083939090497395,5.4340607942103425,21.251810232265676,3.0
-0.3607324480878562,-8.196881212315583,-1.7117733137923086,16.6346429912951,3.0
-1.1388940012540392,-4.198792513487286,-0.9566680215645287,13.89878865301311,3.0
-18.26138774094106,6.912289722089742,3.5302845355531476,11.0965303200716,3.0
-8.264924809693785,6.400651087465137,5.627595054453052,17.94086358861856,3.0
-0.4430049973969137,-8.692382033815543,1.5463933095420845,18.431506607305344,3.0
-9.378776782043715,-15.003393166908813,-2.6777138468345205,10.919925255875267,3.0
-3.966883224442558,-31.363719188599678,-2.0782538870472123,7.076556195434733,3.0
5.719886838370218,-15.825031407967003,-5.043597025699959,-24.61297439536375,3.0
4.369751498619692,-30.334363128039605,2.3728380957567308,-20.722070837715403,3.0
3.1488688169770427,-25.25800013468731,3.996392462059892,-17.417975915363282,3.0
7.532079182057647,-10.671477963807806,7.739114309901138,-8.052292694163313,3.0
-17.69452454540992,-7.900931874606282,3.1146356894743077,-5.179727109299191,3.0
-7.945696710837209,5.566877545855063,2.4481194923652945,-5.115139859070095,3.0
-1.428515238866698,-6.434918729679536,2.6702885846913555,-16.427294620474722,3.0
-8.677157787840553,-3.905192893929388,0.9834137900071871,-9.31179885588,3.0
-9.16150066298906,-10.707275891001753,8.551356875488834,4.148124799949747,3.0
-7.562599195656512,-12.550116551388319,7.973600713767861,3.177327355475045,3.0
5.256673028884904,-13.763643909781766,-0.7077709757681889,6.146820316267205,3.0
7.321513948541335,-16.693112847190342,1.6467860819203308,4.905614746784104,3.0
-3.9538365400666375,-22.378169511944094,2.827926849039205,1.0422453062909862,3.0
-0.5522923888417051,-18.168554618079746,0.3622569533208697,5.088349277496709,3.0
-7.674448523968636,-10.48923500552858,0.20945659091643476,-1.6436416026957663,3.0
-19.80455478384794,-9.515101977066,2.4467767092064023,7.260583179010184,3.0
-18.190024125068692,-3.6164367237579036,3.1917012014732298,6.994116054353185,3.0
-19.06263333609448,-22.416412664306154,6.006372544568576,-2.4541530800145304,3.0
-14.977405254876647,-13.342677410870657,7.214761099950374,-1.826907433314962,3.0
-4.909642728219721,-19.696847180073974,2.192217126157338,-2.2202763689108975,3.0
-2.1682268735164767,-7.431610640836413,-0.6706572234075665,-3.2777904085364407,3.0
-22.635471659871236,-11.028770996469051,0.014031903673684454,-3.4558991665458536,3.0
-23.50237489378509,-14.569762093570345,-2.9084957174201604,-12.5474853068576,3.0
-30.152332679283532,-18.225940916239665,1.7274217434330374,3.245466790340467,3.0
-16.609055402237125,-15.226920095783157,2.0948424430955246,0.5378911429646669,3.0
-24.233909591544773,-16.873953971188996,4.357043280156163,2.153789024017966,3.0
-16.111514019624696,-19.495703639708363,10.788764293324867,6.058481207674452,3.0
-11.912578403641538,-5.546359274997562,10.678869694200163,1.9308772698340493,3.0
-16.856220114134615,-13.778775655666067,11.578919960885552,10.952083663990653,3.0
-14.942130869195445,-18.01035513820896,6.438164036950916,5.332455261306141,3.0
-9.433924433020461,-0.45840927415431265,3.0453810989127534,-5.91710591986145,3.0
-8.659999236379845,-18.905673431341448,5.377971907287448,-1.9389043704007265,3.0
-21.481073733389124,-2.78674744191696,6.30127893887667,4.59485643507871,3.0
-16.7046971151176,10.63404285457484,4.629139377056136,7.322939949911412,3.0
-38.86540513669179,16.08582075728404,-3.0520700668609164,-6.672090448874986,3.0
-19.117866234888616,-9.65711596441562,3.6076941560475047,-3.017983601962917,3.0
-19.394198128039143,-14.962934940537567,-1.1034772886375528,-12.183803988353379,3.0
-9.873103319440725,-13.607023111986402,-0.8597863919334228,-7.848005836564335,3.0
-6.246933008306408,-16.028595616521823,2.1809938106436526,15.667470034425723,3.0
-18.35745517667408,-12.875105684371464,5.09309207021621,24.127439451047863,3.0
-8.293835227833657,-8.005608285329028,8.023835383923327,12.923302231257658,3.0
-15.258966463812136,-4.120319410621268,7.961823777066618,-8.202691696013417,3.0
-26.470144799142837,-30.593582754998046,7.197629642494336,2.130340324918039,3.0
-27.34938934785892,-25.39153611244582,8.010106915761536,-1.0702863115041181,3.0
-19.450775604130747,-14.369793114138465,8.320273025241027,-8.499127319393583,3.0
1.270036381863184,-19.204840665618494,4.716475422286747,1.5526879068125279,3.0
-8.475805293237046,-15.982056730356128,-1.9653357227426849,5.424479385991814,3.0
-14.03507491804991,-21.682528989115944,-2.37151271971361,-4.5921817936727205,3.0
-35.27096292566848,-6.829188256463984,-0.711227082069025,2.7119191542076138,3.0
-24.13055684170073,-10.409336943131269,0.0611115792198742,2.9382180227103945,3.0
-13.685807219963925,-9.479132502028389,-2.977650921723599,-0.4337928645437088,3.0
-4.676562019101188,-14.427516612473376,5.413318120134532,-0.43806344480118486,3.0
-0.5109220816437894,-18.653220161819714,6.523278989412623,19.701304318128408,3.0
-3.72075938742546,-8.776102879224394,5.615633976798834,-9.536905765291095,3.0
5.792752723859618,-20.676290221686187,5.268810093761306,-1.7025169747893272,3.0
8.923711970133297,-31.87892171362261,6.765741887847991,4.54085895328947,3.0
4.920707920670159,-23.960485124900146,6.837732923306746,7.4860088915905045,3.0
6.922602817454509,9.171989223147035,3.3683072038661983,-11.26153852846813,3.0
-13.636289362510881,5.037200056544198,3.338300059971957,-2.8035376551213385,3.0
-6.670203672693213,-1.2285364318035814,-0.5067051760947079,-1.0477418790361392,3.0
6.66077977752078,-13.47994644021223,6.089836708525054,4.723802674306813,3.0
-12.154242002219975,-8.636765988154242,0.9357447503273131,-0.11548733709053582,3.0
-5.65885800424382,-0.5314860295003534,11.063909620837302,14.921468346174413,3.0
-4.58721932893264,-0.508655451007141,6.061913704911813,18.56080822303927,3.0
-18.148579431941986,-19.905631593915768,6.1012541417132296,20.435296309269592,3.0
-19.868873193797732,-0.5399751277391545,2.363399462596794,17.861073500337096,3.0
-30.270683445764735,-6.788497219393742,-1.1390196917172215,1.1075010862462067,3.0
-26.711355018351625,-9.53737553242337,3.5446600847045966,-6.251035260181502,3.0
-19.225024836645808,-9.731752348557292,7.216233649824092,-9.026890839066287,3.0
-21.99368377183692,-18.719580140983012,5.707604836293624,-4.305935155867091,3.0
-15.160256180269691,-15.252045163760217,4.630075209777157,-14.27585737209999,3.0
-3.8050428636902933,-5.363630287991067,5.530905035611154,-17.05019268583526,3.0
-21.799351194405162,-5.694912274991885,10.993881247992924,1.8513058001233937,3.0
-12.593312482547638,-5.842339677260126,7.528912031365238,-8.890403294943708,3.0
-5.40975110494063,-11.130472623421765,4.18303960618475,-6.280531744275169,3.0
1.2104068987177108,-4.895213202211746,0.5403585898049998,-7.376072085342756,3.0
-5.757373831533182,-5.690142459025931,1.4157071320767547,0.12649975067853703,3.0
-8.040339053406267,-32.416151193935264,1.3875634387356879,0.8350812772385563,3.0
-6.904222534136604,-17.774210780032696,6.489505420039196,1.2009452790022301,3.0
-26.681553459977174,-49.753789434527384,7.386960086226482,6.751705788710048,3.0
-17.113885546211474,-30.77270669320864,12.550311678530374,-3.9740587295326093,3.0
-23.958134521246482,-32.30380444388686,10.34912287155656,0.16976193519954386,3.0
-30.16648271380345,-21.342824929644664,7.896127750456065,5.342351187238835,3.0
-5.783794946727401,-14.155537982055844,6.574593763417804,8.362398173461862,3.0
-13.975861701368075,-6.288507047551774,10.931918581950043,14.859083050032057,3.0
-3.3535176096914077,-6.528435676335539,3.757409932136215,5.434469365914335,3.0
-5.88817840753809,0.31150414792313796,4.226723561663233,5.744354583216867,3.0
-6.743740160310455,1.6572871628026995,1.3308903926014741,1.316590298542995,3.0
-11.23162760041147,-13.675376464884433,-2.484829719846389,1.8569780665583355,3.0
-21.878819804227028,-17.471558728248958,1.1023398034320941,-1.3399528906159404,3.0
-9.611962124937254,-9.230484914305404,2.564586907521244,0.580747691595124,3.0
-17.219357276634824,-9.305211183795032,3.668040687035912,-3.8739961587600207,3.0
-35.36455914621509,-14.595659107828547,7.9569723480040375,-0.7926739578317927,3.0
-22.775683313899073,-19.18764510420437,7.880745982639901,-8.953455595219735,3.0
-8.15733624497631,-25.238769550882466,6.324995683352856,-12.353767943403236,3.0
-13.941202819190925,-8.606505637514847,3.033822689678865,-7.169052673834583,3.0
-19.364805873767896,-19.047763298733912,5.852074078531795,-21.30172673788807,3.0
-15.436947316325817,-21.04379532344715,10.51759008963634,-10.33009682815669,3.0
-5.617336955819971,-15.649320660228677,9.954272400810767,-11.661418013513217,3.0
-11.253074292652535,-5.916269722989862,7.6283103372583305,-5.985572545799066,3.0
6.091291394514965,-2.152035168688683,9.285440826735295,0.4150710089175329,3.0
-4.2421648560789915,-7.616890397009427,6.5414696212213315,-11.130157289874067,3.0
-15.970278071132599,2.5454073458364412,8.117024633925663,-3.160306725777802,3.0
-16.962381169740183,2.400500239856318,-0.9762906634635447,-2.6339882410874353,3.0
-20.499014655112532,-5.975617850004313,-0.4974052880648099,-8.61644388518571,3.0
-30.04974708876714,-13.550748337520044,0.8183996026959663,5.478020146825261,3.0
-21.597500384597808,-18.856333283735104,-2.1272904575479985,4.36092048698066,3.0
-10.522482260150518,-35.16899781121346,2.3497679629252497,13.515737374580812,3.0
-8.663147919864358,-37.39887158757195,0.9619878708213592,2.9458092095312804,3.0
-0.6995302120474456,-4.7544878254008385,-2.3292003338120955,-7.411409411879204,3.0
-11.330489945623066,-6.260043144891997,-0.8346037224631471,-11.101487566814583,3.0
-7.218116967757231,4.696927831516337,0.9205048185884239,-12.71524669208734,3.0
7.0079541510764,-24.972232069054268,2.909291470471124,8.44091590659397,3.0
6.255729986711142,-11.253267312945374,3.6599331076582517,5.1660968390157755,3.0
-21.367219184113075,-14.698113608655914,12.446519609222609,-6.025582788373591,3.0
-14.594751374260362,-3.575186057040538,12.522911930637328,5.5968106319952735,3.0
-15.999172665427361,-21.422493715237906,9.353632671155495,9.017337797348844,3.0
-10.150097890804437,-25.429466686159692,3.3949470741163728,4.1759928077187976,3.0
-13.559906714645422,-15.445289805723178,0.8002454730840762,1.6421517059220314,3.0
-18.345787576021213,-12.13076847509155,3.0064633167126718,4.006619074532752,3.0
-14.51020885554334,0.18683114063053985,8.883954795276708,3.7985647427635434,3.0
-16.20796205754211,-0.2695783473537321,4.802197552835555,9.41775128162643,3.0
-10.18478452002177,-15.357514902342379,7.360862992250462,12.006632780121379,3.0
-2.7231844354287276,-30.984811040009262,0.7833707701648427,2.9865936073876296,3.0
4.453704550353049,-17.0278672694419,-0.048087629301323265,9.030833141978277,3.0
-10.660536314578701,-15.898487859261483,5.3500802705842965,4.576407029577276,3.0
-14.619896326924202,-4.1581943798560115,3.5124829064260528,1.2727680473539449,3.0
-9.518219823641951,-1.2818519561904047,10.76610243989995,15.272816488135687,3.0
-2.530862343047019,-4.517767733967698,9.770952304195701,-13.876233656754657,3.0
-10.06617936483881,-8.45863387556972,7.935259628524688,-16.40762922480873,3.0
-3.9409185669297564,-9.19552515447321,5.956515885206812,-5.830382198778436,3.0
-8.179596805307698,-7.68837471221585,1.394860869316365,-6.089781979408011,3.0
-2.5651725175683824,-9.068974666050185,2.822025555043747,-6.918583690069742,3.0
-18.19647177844622,3.586019680527045,3.341993651165347,-7.514940122262563,3.0
-5.900295312268435,-10.593072018466607,2.6364382836636775,-11.530220064570226,3.0
-9.756524521338687,-11.695532283479805,2.3374366640721953,0.7277799450917546,3.0
-21.988853259434254,-4.284235002971556,2.7230778631562282,-8.81414167924436,3.0
-26.564875563106852,-11.269749682947955,6.35722145123942,-6.376352228648284,3.0
-37.95519183550316,-16.835512238073154,2.554732641740567,-2.167628775007543,3.0
-30.56227341406185,-13.76866901765976,-0.5743525080183534,0.05767792155788953,3.0
-45.812247051995755,-15.103240210913896,-0.06613279511323356,-7.222632175759952,3.0
-37.51497224781018,-4.447452680312893,-1.1379730514471262,-2.145909006393668,3.0
-15.977888281455126,-22.946100787171744,2.093675828303886,18.07244601376206,3.0
2.392705440949058,-10.201689019504515,0.5453413571440437,8.802724152622847,3.0
-17.181425292162167,-17.988715084010046,-1.3096491954698193,5.253031244655338,3.0
-22.258243345242807,8.088098827806052,4.497703446721687,7.674988196549152,3.0
-8.209087507754813,-9.925015692479978,3.3137842994074775,13.918929679383544,3.0
-9.488848328430189,-12.007816236946404,0.3858298850513444,5.901750125546444,3.0
-17.865203740038325,-11.173479705748605,3.5769640698083713,3.4415419667779137,3.0
-10.943882966509515,-7.438448294350641,-1.8840518550982543,6.763683762217836,3.0
-6.378990752380892,-13.906231031764028,2.5046327855133983,-3.4520536966391244,3.0
4.235709349570563,-22.79339247354608,4.491852457376944,0.33820273346025864,3.0
7.753328391398586,-5.560216620351326,-1.7851541895331149,-0.020949814529396704,3.0
1.1790223103682962,-12.630882690311495,2.4021342560140764,-12.730131762489814,3.0
-7.971265416598117,-4.378299051420502,3.184383589910779,-11.76517204555655,3.0
-12.38298833989632,1.5244716961422586,7.279846135276847,1.9944475223031428,3.0
-2.300739919236184,-1.0393592984009654,10.094766457643665,-0.40043886205242263,3.0
-16.543118675954865,-0.07110931323624836,8.138172187013621,13.894729958285346,3.0
-16.045898052313547,-14.534434011924308,4.2529167373377295,23.638409153024043,3.0
-3.962823311827017,-13.815709210366624,10.7499191145094,-12.486323318570184,3.0
-4.567617133578329,-3.5940385472271363,5.384805688089569,-9.303401102361104,3.0
-10.86274950846854,-10.602065464733066,5.556856306364372,-2.2761224980946873,3.0
-8.538503619811484,-19.57983042613249,7.317029475387029,-0.7122709546427393,3.0
-15.925799325873667,-27.78800010533282,7.1113772585471935,4.196582399049981,3.0
-15.008513047091558,-10.38715371610046,10.898131500511615,-1.334269252923062,3.0
-18.848302777606435,-23.460747468299473,9.476664609286217,-6.959802133914278,3.0
-13.80612644797949,-29.532443158286156,8.750630884619707,4.400124472975989,3.0
-5.942018123121031,-18.27555947264011,3.5624393823533453,6.9271260068677165,3.0
-5.076377488115399,-9.199361448676143,5.053504213377473,11.17407142334904,3.0
-2.832559615148387,-0.8414463978455524,3.195021770592358,6.468034759996125,3.0
9.987748103531931,-3.5943663631176266,6.051848391422035,13.606610696809092,3.0
2.1865756728994157,-0.9785970468407186,6.80339989953314,-2.7181455640987755,3.0
-5.117492588905696,-3.92047239849097,1.6550711551427961,0.7698589671687124,3.0
-17.51733921229739,-10.384789929571511,4.893971087909919,2.7043130014239125,3.0
-7.740023899588527,-23.422555028377484,4.295462940437099,1.4491112726610973,3.0
-8.228909278698541,-26.147239674873788,9.70223818724076,-10.822812558097798,3.0
-11.986789498901986,-10.093629855177621,10.768406717605757,-9.257235338117146,3.0
-22.529651293608907,-19.369252893653474,6.382208908721944,-14.721196125220958,3.0
-15.085947883103856,-16.647428391700373,10.381923989902045,-10.963609630509065,3.0
-3.486415619028481,-12.67347189017064,9.262642821312628,-3.3984854978433434,3.0
-11.671192680611238,4.308217791027373,4.461421696288157,-10.777719159913325,3.0
-6.939450287127013,-28.143273926695606,10.655299526233318,-21.20270467164333,3.0
-25.126974300670557,-17.6837639809996,14.34128051103177,-18.01842900417894,3.0
-16.261697582297955,-11.562965637832274,5.172305868053352,-9.970254458834223,3.0
-37.52456133562171,1.281566480750362,-0.7981042633396753,-10.776468663466108,3.0
-23.090359830547722,0.5414375955981363,-0.02887221535116047,-12.667327478021985,3.0
-4.167917419600364,-6.449379533001363,-1.2015514668656033,-20.615575927953643,3.0
-2.2278100645124503,-27.954549446798453,-2.4100558481753396,-5.2182361610946515,3.0
-11.81235986777872,-25.951773576264607,2.0233141285534533,1.886397807544327,3.0
-22.77537257160745,-1.3474302287058784,4.546834946137918,-3.7453156839257726,3.0
-2.289062663016228,-2.0508625034126133,3.9573739974522857,-9.813392451931257,3.0
-10.379263877268928,-2.028047783957483,7.941643637966153,-8.567946484192134,3.0
-9.457243468956243,4.761059177173376,8.96498983847378,10.800690265300284,3.0
-12.296072438753882,-8.638324341966229,14.264117701234522,2.5483234758468734,3.0
-6.128775007974763,-3.799597987496697,12.29948544792046,7.669063162776503,3.0
-2.5818559618121033,-16.394676385632092,7.165678915031949,10.310470161368617,3.0
-5.28653327619968,-19.39631937429514,3.1385988339536866,15.61991404289634,3.0
-12.2139380598043,-30.548890821302436,1.776805416936108,10.653055382754815,3.0
-8.890341312302738,-15.891515358367677,0.7697084487361141,23.102785915602563,3.0
-3.6969806144934285,-18.961646999151604,-1.493473504960673,5.40144175043007,3.0
-29.210696354115033,-18.446895149725705,-0.32652140112563277,-1.5414043877607373,3.0
-18.267801145844945,-10.301794392898161,3.729587494888314,-0.24754865976811224,3.0
-17.146901057839592,-2.5404694504364134,-4.005767610478019,3.4916512483584916,3.0
-21.14689429457666,10.262492126786004,-2.0213055271861773,13.612154150377057,3.0
-10.42060449843877,0.13152229540884797,-2.247320331329856,11.592935405347074,3.0
-6.815100682227843,-18.243547252294068,1.7951454555799944,-0.3965222991573816,3.0
2.6736998360186686,-23.173672349134876,4.20970951716215,-0.26108854453494956,3.0
-0.7432190895968853,-19.291852593572248,8.226294211024406,2.4362699890292716,3.0
-12.301275538530211,-20.1725027324527,3.586430089860307,-5.179609054174082,3.0
-4.832396543971176,-31.128127724410227,3.5336304928146305,0.37432043020774053,3.0
-17.422477478400506,-20.882605658487996,-0.8803197935920588,5.724573277319861,3.0
-6.319440211390053,-19.60076946533823,2.301823731147028,-7.847024953410416,3.0
1.7937423385046625,-11.488018802368602,8.132913968688195,-6.2213114243836545,3.0
-10.474737391758158,-7.938498954522641,5.1853457160733205,-2.273060891417683,3.0
3.9699073056286984,12.805752686829624,5.953106034703702,-10.852900639020044,3.0
1.3431837665887798,17.077921860931227,7.127778988732777,-3.1159542677714023,3.0
-13.094353948736028,-3.643186362119681,3.31378244248456,3.9219542213413034,3.0
3.860556082733968,-15.108548653785528,4.177083930865143,-3.2128258241964542,3.0
7.3261067804544595,-8.058977522237944,2.9372164793476156,10.827078694073744,3.0
1.662362058481543,-8.003540599610083,2.5853850278315194,1.0435648975172076,3.0
-5.512522127298519,-11.896598593987704,2.6913010259209567,0.9364735314178878,3.0
-3.8186691540983633,-9.064096742104253,5.908396010434472,5.760164061944225,3.0
-10.453384583529024,-24.016862553906115,5.784900917187369,-1.28591244745505,3.0
-2.7469339642912,-13.648345568715358,7.886650131605124,-8.570097766736293,3.0
-30.025437507431405,-5.048507407128542,2.3014564298710325,-14.706933148859207,3.0
-22.31489405827901,-10.51675059202448,10.732036036759332,-0.1381151039519044,3.0
-13.696611213906632,-7.130989487273686,7.125718063134798,-2.398971689098608,3.0
-6.009103990799915,-1.9883551147210499,5.650546754953094,-2.89560559301486,3.0
-21.9451563813379,-3.0044705626121138,4.142478441784188,-4.202186268673862,3.0
-14.152173830237803,7.0519821730597325,1.8609730153025286,-3.6191995389069302,3.0
-13.668987592353416,-8.065026306255351,5.189518875345961,-2.1652680495816323,3.0
-21.12854147012123,-8.586391410763433,4.159215878476913,12.240787620818036,3.0
-16.301613728032905,-8.580616568484302,4.254518731516216,3.470424291400046,3.0
4.091481617899365,-12.478938424605532,6.099172397653205,-3.043463748529419,3.0
0.22193191338738316,-0.2055382354541937,3.4630610344310635,-4.448508047783427,3.0
-5.333873949372975,-8.290936446913985,0.9323693328015166,-16.053547139887282,3.0
2.5921150785674882,-9.330313676621712,1.5733691256052071,-15.942844027758508,3.0
-19.084097602732122,-26.091190811009746,-0.4964883465083334,-4.850081293879254,3.0
-21.25384440032552,-28.78523407703509,-2.0755409475650044,-12.251113163537429,3.0
-27.061493975173214,-16.698803299855264,-2.3399758079797457,-19.720984120837848,3.0
-11.388932802468226,-16.983313828960206,5.124073491388821,-14.245752455867315,3.0
-15.659686078235868,-5.652849319587588,11.134031265460118,-16.002405536071876,3.0
-27.107622913917545,-8.452913333651562,7.1244635928827025,-19.685578090440522,3.0
-1.2986856567029665,1.747149303786757,8.92316217485807,-14.995657656132018,3.0
-9.859240478081837,-1.44409152998728,3.425714202535884,-1.7530673807277077,3.0
-8.20754528739057,5.608196288650883,4.962971182327552,-20.027182933054704,3.0
-25.17451939814945,1.3362872720240109,5.577620359436821,-11.115283519492149,3.0
-21.082259399822874,-7.0775478773131,3.9896923937777684,4.367649552753722,3.0
-19.77873703866443,3.8409890913578604,11.111795307282376,-9.104202414431487,3.0
-25.00446004786718,-8.661893140218542,-0.6868415673319734,-2.071777929930739,3.0
-39.747366200315525,-24.12322253682367,-3.0335097237861324,-0.02753281997373147,3.0
-24.24862379718106,-16.918351572749806,2.8465178811381247,-9.588576680278726,3.0
-32.27127856275317,4.594474758468872,-0.7600162447931949,-5.2075244040306545,3.0
-16.673394650810838,-7.0157012555823375,4.845920156957006,7.838829345977229,3.0
-3.353632397364899,-9.054588854376195,13.212847374227819,12.834135476441798,3.0
23.90498245811031,-3.8917142188116967,-22.546047245989072,-3.5594041687302624,0.0
19.84027282099402,-5.27660828597598,-25.543582370685805,12.350343715871862,0.0
12.098561600461775,2.409664666779285,-31.569588219079897,5.695240847268041,0.0
15.793635268602456,7.217653703475743,-26.2116348527005,1.2641981209887527,0.0
18.446818857853113,-4.225260593015644,-25.496123688124275,6.81999267465978,0.0
22.73759950123131,3.055583461216175,-25.12531277125067,9.335009398396094,0.0
14.146154545885237,-2.71767004184774,-7.672422415944096,17.528490231164874,0.0
13.62338296831264,1.2257110047478923,-15.930043946316964,18.03849752010827,0.0
15.68686779112717,1.0781369097684304,-16.171304610636014,-5.676769129292131,0.0
18.512053859829933,-6.486622560559345,-20.351260696747765,20.48665656554818,0.0
20.94802642034304,-2.2109877178302795,-18.60422936708996,1.6423089582453083,0.0
12.859903921098326,-3.140338052264422,-19.878351580151055,-4.02802854353713,0.0
10.132392558257418,-6.813428171032671,-21.473201666567242,14.649589794466225,0.0
11.272713445969188,-10.219674987684575,-19.093772555297736,5.783978191332969,0.0
11.259962139503443,-6.3648352136520625,-21.923616496389933,19.45134755089634,0.0
8.006893372083375,-7.869799388302272,-17.24495304873817,13.847762457515147,0.0
12.368477115174286,-1.8567158266665835,-20.890221410953544,19.11383628388962,0.0
8.810360653086905,-1.4959312946370495,-15.02923570501365,14.674508954445997,0.0
21.38387192851746,-3.477664671893051,-18.596571108724216,4.320167355543051,0.0
26.938370353138573,-3.7865957016069913,-16.62797843088485,-1.1273113575029416,0.0
23.498946959738134,-2.5612853962392763,-19.217643390633228,2.7422116363832583,0.0
29.000227594845093,-1.1155826793828867,-20.979290965684225,-6.844677303312629,0.0
15.463104275911508,2.5120863421307664,-28.03638950580666,-7.707786731362437,0.0
17.91447644259199,-5.821812388442938,-25.40576028328166,3.181844892996491,0.0
16.708069486379976,-6.314621556258321,-17.54917921170372,5.622898157874262,0.0
15.990174272740019,-7.312259865903857,-11.33112459253259,5.066473342937054,0.0
25.710280441723263,-4.446490360965727,-19.516952375946016,2.517218042724785,0.0
22.104291438948827,-3.854611572048202,-19.582787636318475,6.820268508897207,0.0
28.01947627833086,-1.701094200056665,-22.219670841665955,-6.019683652934736,0.0
16.41849911003637,-8.471063345341072,-16.462574395868174,1.2041282618613813,0.0
20.770461352510946,-8.414152972071198,-9.962138222090143,3.229342008140204,0.0
15.326343354373746,-12.330657406818995,-19.902926651284908,2.69710123089349,0.0
17.697313042867755,-4.298334219016506,-21.66417587364088,-0.1472719211535518,0.0
19.492058356298188,-8.91390958153563,-13.60703226146818,5.808419304776729,0.0
22.359556608124166,-11.668385346270234,-30.00089013459288,8.378499896988929,0.0
24.677008938948696,-4.06341560901084,-16.14026748214708,9.017602056194775,0.0
24.80802263176625,-0.47376691827576434,-17.230955720633393,2.2313234633443866,0.0
22.947916293573588,-14.141601181174275,-27.455102353667673,4.013864115791704,0.0
27.966634789648218,-8.326929723184207,-30.405491751289517,0.782433429737575,0.0
25.41246405742835,-8.427107751869691,-24.116103709620365,6.01529654596761,0.0
23.04618325661953,-16.707528790132113,-12.61531547806995,-0.615834278862569,0.0
13.731422766137786,-13.7925098287609,-11.748448880904508,-15.762572337195248,0.0
8.156464847189405,-3.9022826474691925,-23.190925188534177,-6.534492517407104,0.0
8.283700931585386,-3.08932635478922,-22.666495749502648,4.468251289727469,0.0
14.452980612135736,-1.146326500070989,-13.700597186621412,-3.6231080575730967,0.0
17.926657496908582,1.3298011654725812,-16.405313374795703,21.04578747965363,0.0
20.424313375311556,3.399146305347735,-4.103925577871234,-6.850632955848377,0.0
22.476329823775327,-5.034707919024925,-14.879224363897205,-8.152735938024886,0.0
21.931274636928684,-2.1875385803072693,-26.359533603655237,-21.814455201472956,0.0
20.573794317795002,-1.3761905490725308,-21.56287536442801,-19.589071447443843,0.0
18.642411547841064,0.700633840981737,-23.87007136212912,-5.670668908603967,0.0
21.61060535030372,-7.227970248870407,-16.58557172169719,0.9273882367561019,0.0
13.787074121657822,-9.319147585423789,-18.38772817372886,5.698669280353883,0.0
7.314309242894284,-0.3096664911983371,-18.367112540771412,-11.988926541181053,0.0
14.243929532010576,1.6654003588221897,-20.006885727610637,-9.15891586796508,0.0
6.84055495685079,-1.4296872947377561,-20.39289347254213,-15.95446319049662,0.0
0.3286864496154558,-6.002005954015307,-17.50424672100312,-3.4049933678470277,0.0
-0.7383027387899495,-12.716212699247405,-11.13456900527032,16.522178912920644,0.0
-1.7629354548712943,-5.356623547048704,-11.426640758427322,1.5860910877172145,0.0
0.6925347432567787,-11.089703747359113,-9.857671935611,3.6287910237496215,0.0
0.1636273036375976,-15.659806566611202,-14.646932034404625,-6.277593700397995,0.0
-8.091521216111888,-15.763483553627422,-24.974799350091747,0.15149853224605803,0.0
-5.114869307907868,-12.447104016685078,-17.86951827607952,22.438462568586075,0.0
-0.6321285789401911,-5.825972935344807,-24.947164991290663,11.051153057094377,0.0
-0.059954049850904134,2.8989568063885605,-18.009482115957063,8.445254693738363,0.0
4.138993197000436,-0.3075962494373652,-15.152860540975972,-1.6846412951432195,0.0
-1.5557453820259681,1.4894296109885206,-33.026338651838955,-13.89161348554383,0.0
-6.610419438453415,-0.044935854564427835,-31.51841691825602,-5.204718457378174,0.0
-1.651634425032355,4.611374355525456,-22.656247132490343,-2.665512616866619,0.0
-4.545766327817278,-3.355411176097241,-17.375013790576133,-9.214014425851436,0.0
1.297333324237533,-2.2966579108807927,-13.01809879114079,8.188217236496762,0.0
6.529700504798788,6.3754658555231405,-19.31009374383205,2.348943398583439,0.0
3.1481825974827924,5.27561678444129,-5.354900819424945,-1.3106393972373462,0.0
6.944886947189411,-1.0222000473402684,-9.684495926164614,-15.89230038563003,0.0
6.719656191223493,3.361073196279073,-14.959664840930827,2.2288294330128244,0.0
5.369131693985789,0.8669764371441344,-24.09323067998608,-15.554024276020106,0.0
-2.2848909563481477,1.5981718882864655,-19.44627295743726,4.8410558473606695,0.0
-2.8099418224706074,1.2984551542101865,-19.70130069994151,-0.7044906513524398,0.0
-1.4884267235049213,5.160091402795938,-26.452785931172762,-13.781734302588477,0.0
-4.655440372236207,4.687251710180199,-17.728081118761146,10.011032702662062,0.0
-2.6204683788824172,4.579878059427939,-16.85411901730257,11.231521515548657,0.0
-1.2162558816497264,-0.6050590474183819,-16.80081392599713,11.438156525715497,0.0
-3.8040962526386775,3.7955491872840983,-20.60315629697718,-6.871843330563961,0.0
-10.700265254717596,-2.298932778545117,-31.26203270956168,8.14048534438634,0.0
4.435466761605793,-0.17527752763912896,-30.82670045691087,1.47847246575871,0.0
2.5310449792202947,-8.531096741657114,-23.671594358460624,-8.586809134533102,0.0
-1.2260896403301988,-4.612317697493314,-11.91548284156887,-1.9691712064655729,0.0
-9.039011252251546,-8.823054780336353,-18.074153510380206,18.524866248837544,0.0
-8.742263204024407,-0.7294566291183799,-23.194907280258622,13.54512808557444,0.0
-6.837219523791516,-0.5510012518590452,-23.07831791473283,11.478273976524747,0.0
3.3606640106930454,-1.499892643086028,-19.553314485816816,-5.008536542566788,0.0
10.27918251870529,-3.804057231147426,-24.694293552118648,3.4430837661596456,0.0
15.660562898117746,-4.969058764834459,-29.28414723515749,-2.2102934110299257,0.0
16.303157526106993,1.6000113397247517,-18.477731965424216,-5.032380323701423,0.0
15.583423680185918,-2.2844164605042434,-17.666844609278733,16.619372411796004,0.0
14.277679751243284,2.9139141849969254,-11.261482115715335,-5.144411729925817,0.0
14.897363686936984,-2.7455965610623725,-18.29946172566476,-4.835239367915196,0.0
15.319396022086773,-8.21157601463886,-20.386500099686735,-23.62432928671438,0.0
16.662799974458068,-6.142340577855119,-13.38099789778352,-10.596322871379444,0.0
19.83487474095826,-2.7685612597170763,-14.703984854216692,-4.465210037317561,0.0
12.815321472722456,-4.851457584200553,-27.50772548408724,-4.6699776736761525,0.0
4.286396733468072,-9.383724927067714,-34.95822483961926,-13.304768706139686,0.0
3.7386222176574346,-11.703336042327239,-30.464176805917553,-19.397944668036676,0.0
0.29338986110565246,-6.329234432055399,-17.631117432505675,8.53272557281598,0.0
-5.147309957668377,-10.578255001442,-16.113366719299986,0.3341971450324126,0.0
-0.027161709899123032,-15.013487906928747,-19.532834286194543,-7.365536990320955,0.0
1.0285335484961198,-0.40013672501522946,-22.84834592552575,7.1745224167791415,0.0
-7.481536099476237,-5.849623676513962,-27.35448573388599,-0.8123241938457837,0.0
-9.025764845087137,-5.512294033482664,-10.54977550956155,5.581841897127193,0.0
-2.7071036404994127,-7.774316204271112,-15.134319165349426,18.273266015230593,0.0
-1.46676991078541,1.4166318286836423,-17.784393131216277,27.39377474074897,0.0
-8.04522930915306,-3.2778199614486647,-14.971078182472379,27.743787863865073,0.0
-10.814906818037034,-6.2002818225695115,-15.619372537625328,32.58025626992241,0.0
-8.072268112828423,-7.759457141494286,-27.87639127030839,20.89520911292349,0.0
-4.415107654713559,0.7671429419021807,-24.516237746612926,13.787582083587903,0.0
-0.9804840378533681,-1.0964364183605864,-14.650106048910706,-9.637104202682423,0.0
-0.18762993367141867,-4.607637132435313,-24.952495314463405,-13.442843523159627,0.0
-11.076039271051645,-9.72261615245816,-36.16548919187925,-11.358225310178451,0.0
1.2725025024562946,-9.649302415962072,-39.001294182468214,-7.722583862330367,0.0
-1.9903827727082186,-12.672117963885867,-31.716414186383957,0.8824219730005387,0.0
-10.552392807518569,-15.27080279990161,-24.955220233721217,-15.41142376157841,0.0
-9.67290152035423,-13.309073742297556,-25.2790417226369,-26.565925191574504,0.0
-8.254438722570823,-10.25157052059098,-25.168647478132613,-5.777430414698815,0.0
-3.464979887489041,-2.361326851762733,-15.346318231389205,-1.0561558649003107,0.0
-3.397777926719386,2.9284203632788794,-13.794120037269343,-9.175521259451893,0.0
-10.23428640236743,1.0023296014124718,-14.943087485224387,5.416789070997636,0.0
-8.85268213192237,3.887076981654677,-26.470103196692374,5.384165551433048,0.0
-15.614850686926061,-2.981516429210999,-22.825927729529848,9.040438819375074,0.0
-13.544102035696454,0.6820465473503017,-19.760013008928812,12.972187972241388,0.0
-15.771518614766224,5.468207525349916,-17.42637556644274,0.7657443676691251,0.0
-7.882010025360021,2.8474384947599543,-14.067933189282918,-12.572320816981678,0.0
-10.563871244183712,1.2921048877008934,-19.22988130329124,-11.689512391585732,0.0
-12.576505861872475,5.920476480204514,-21.13520498612277,4.845244751381867,0.0
-6.052165204225722,5.6220004523989004,-33.91817798421019,-2.7262633981529643,0.0
-6.442844270758905,9.874405208878795,-28.85247629842185,-10.581052714400714,0.0
-15.02726006174354,11.928257471103699,-32.10308375475469,6.3281031081533445,0.0
-14.858849712639142,10.315130022414692,-19.981230624935638,20.812044583829618,0.0
-6.808884230079753,-0.22819819520738438,-16.480984299989565,4.993657937635658,0.0
-7.434618163023551,2.4305383537046628,-17.183833851592972,-2.679774311363206,0.0
-14.61982614768144,8.554685159321977,-22.011555769654695,-13.679051528132288,0.0
5.141982837704985,1.3718607706327033,-15.105703865477192,3.766770400620053,0.0
13.497649983900459,-0.42459042650936296,-18.735893673539596,-2.640354248350774,0.0
12.041147301009268,-9.718321222721666,-16.605423582872636,-2.8539381214521446,0.0
9.885031257286748,-3.9943872997618675,-14.80318550810387,5.285167601549163,0.0
10.11560000077258,-5.3336031894847356,-16.699904834597845,12.131860742449016,0.0
21.50241599369351,-3.9352665907953,-21.30578080202024,8.282375414242903,0.0
7.414430269377806,1.698048172400568,-27.538450485141123,-7.755730101097006,0.0
-4.495047533328853,4.176158945570193,-23.568437248851744,-16.679680281159136,0.0
0.8570685184753307,5.835360886781183,-25.63823470251228,-6.818282776977685,0.0
0.22079436843629852,2.376570053275967,-18.18630539818859,-8.657224976500725,0.0
-7.879326079311581,-2.9943506278327274,-28.203258761112252,10.43626843946921,0.0
-9.391430306354579,-1.3657823110076457,-29.043292840973777,5.604400909175862,0.0
10.259944959583656,-0.21644760280110753,-15.808179259246025,-0.9757962382129706,0.0
9.288635336306243,1.6540475066039517,-12.335567236015242,-1.8593894359783476,0.0
19.965606406651386,-0.7949765579494681,-19.01700101716184,20.081804734833195,0.0
12.361441965304325,-2.6686178349565646,-9.340910924873082,7.914312420434082,0.0
21.370502011310677,1.15544526111342,-13.774773810514255,-3.989255823555788,0.0
20.36769712419118,1.3883038692949796,-10.065263235664183,-0.830597165801167,0.0
14.407163897443885,2.7836906858120214,-11.83985015420309,-17.46749493431478,0.0
18.175408110260236,-8.174496375469477,-18.587723638747793,-1.6000741529303788,0.0
19.996721071711356,1.151867275703382,-14.684359502383892,21.261686631434255,0.0
24.66639331257408,2.929642960704431,-16.792533451485273,8.697024281292185,0.0
9.105072236232246,3.7934699030014833,-23.686554154759005,8.971762806807522,0.0
3.7047616838249375,-0.3449108840476516,-32.83192190409878,-1.8925049318295444,0.0
4.468451161351124,-4.94855485829943,-25.207027720448934,-1.266179475053363,0.0
10.669679141197706,1.7043705266059603,-13.503457560889796,-3.4114010272958883,0.0
18.758908720667137,-12.139118476988159,-15.160826247192857,0.5611220705011029,0.0
19.30600717150913,4.732496482982066,-7.923615379684496,-6.256070039835863,0.0
11.058581503933132,2.6616733072637686,-15.596307391758806,13.644772203496668,0.0
14.428180653018128,-1.3677363438254724,-19.027492563149103,5.426448289688572,0.0
16.048635177556218,-6.350022843721747,-10.089040472832842,9.520978206991174,0.0
15.970575579337742,2.386204981348734,-11.258625803725696,6.684657108381995,0.0
11.566655486602592,-0.09326739924006766,-16.038342929915686,-18.64912286282838,0.0
1.6291009811988868,0.5938611312877855,-16.286526840903218,3.466680041425777,0.0
8.628280753769136,-5.551698202675262,-18.31315292712696,12.085599694634908,0.0
11.115114642874929,-3.0441397822877736,-15.667045843476261,3.578072237804819,0.0
20.312297362209794,5.902551978712024,-17.72592107103074,-6.198298351546747,0.0
19.231985441305987,2.5303448637852624,-22.365308628816884,-3.382393239851753,0.0
23.362619871337486,0.9666459871260784,-24.187147965713372,4.420979179172496,0.0
17.045394252772493,0.2034397045221792,-20.70233744542554,4.409847364455247,0.0
21.526903376470933,1.754552365273125,-11.936734713199058,-1.7901960705014117,0.0
6.96011000054233,3.978559950455397,-15.881495137668015,-4.863352493648005,0.0
9.69803769165381,-0.8368525680316825,-21.514726125197047,-15.710712761376161,0.0
11.766570565110907,-5.048577713543173,-15.111748335665181,-4.486484823704627,0.0
18.41428525562804,-5.306736520415059,-15.468803465109096,9.965307635570127,0.0
10.751159713919936,-0.28944148472794873,-16.955929448763804,3.7263444176191016,0.0
1.3197940493763252,-0.4044617689545933,-12.664951951967225,-4.597902934458752,0.0
13.413157161163838,-0.8154478797405842,-16.638853146431682,8.34949986448401,0.0
13.898166196102352,-2.0321283141063953,-18.222067115308718,-7.9104873822530735,0.0
17.51884327677798,-1.0902653703743748,-27.149012908380023,-8.233894798045878,0.0
8.842998668001112,-3.309000610422274,-35.190159625242536,0.43548300220338376,0.0
6.845841932027592,-7.2599943223003045,-36.18448691505496,12.457105548577417,0.0
-2.310206076231116,0.800262763295196,-30.0547196006171,8.323999711057105,0.0
-11.297153533931098,0.9285889783637189,-32.44214189866051,-4.478334574742677,0.0
-10.26291301460924,-0.5639198577324462,-30.00366438813156,-14.484456351986864,0.0
-18.521073133979044,-11.340223806974265,-25.049751477474192,-10.262657936811625,0.0
-17.326144919625076,-10.410032072169185,-17.534730516739323,-23.431249685541886,0.0
-18.828618474684234,-5.211270105187738,-22.076004523048894,-15.37316751645629,0.0
-20.619534940894486,-5.938782532240205,-23.658033282244773,-12.079094896052274,0.0
-18.277214882222086,3.399693917746404,-20.67728899052728,-1.4303253438653512,0.0
-25.615582773533042,8.8951959677037,-30.176481396445727,3.119892717990192,0.0
-16.683981085032933,18.40703536504404,-22.969476889040507,-2.611958791930523,0.0
-18.538358300240308,2.994921350368553,-26.124902739267732,7.042836652219128,0.0
-26.627934461477324,2.627505570808013,-12.324588361304581,10.118215500539305,0.0
-21.08684800346424,-3.144577837916466,-9.352568305926535,-3.7804479642771316,0.0
-26.364078666998267,-1.8941312569420823,-11.16133272871691,-6.608586370861776,0.0
-20.225059006742413,-2.2527480687032457,-23.2745925487303,-9.034542428462764,0.0
-20.884547548586248,-9.593915876516615,-22.850441373958063,-24.80611738481562,0.0
-18.415569174952918,-10.52454463652684,-15.548326629855957,-20.75635696684109,0.0
-22.884989093690788,-15.106365430618705,-16.39888786248723,-19.454256596596796,0.0
-22.196820680035536,-8.51466228468653,-15.211718291485465,-11.505277307812344,0.0
-20.944948589807844,-7.062121484760189,-24.219692954331844,-3.8354327172102347,0.0
-21.144512932698344,-14.610942298090876,-25.149480717661135,2.20927335667774,0.0
-17.071811015191813,-16.84756188529326,-31.76785670301424,-2.871206195472605,0.0
-19.089461353958303,-8.993787451665561,-27.711732359262847,-17.93180427304713,0.0
-19.113438194894982,-8.062590962529333,-17.220140111900516,-12.716518058087807,0.0
-17.767331716695278,1.1648459539837654,-8.560688055438076,-7.528975914102958,0.0
-24.34839216521709,2.9869725941257093,-12.767005700200261,-2.777777320865188,0.0
-17.858379435438497,-3.144724667064076,-19.156292192757814,-0.10864216805668425,0.0
-19.740998669867935,-14.127293784011332,-7.4374348436029045,-1.948480708157397,0.0
-18.424646174585803,-9.90564816705448,-3.879385443673689,12.17031745916017,0.0
-22.104270834669983,-9.470959394861746,-6.871283139673057,16.658882848554043,0.0
-24.90138206404749,-8.233377838025495,-15.048820620185792,25.597341467453354,0.0
-22.723118067081664,-0.813854112799982,-24.146482209050422,2.136627663476915,0.0
-13.357812961819704,2.8992300210205872,-16.69068799271695,5.397895927007304,0.0
-19.665727467592525,5.394782040484145,-18.639105881913146,16.333170752491743,0.0
-14.109824130718614,2.000598221863574,-27.77534959216419,-6.62768406076041,0.0
-12.036239025774396,6.452341579828285,-10.624285810730449,9.958975942943747,0.0
-10.732337872918011,4.1428736571128075,-21.71998224553839,-7.6362474146147425,0.0
-8.27257037747534,-0.08390242847158724,-15.424580598221606,9.763303926462301,0.0
-9.672841985464899,-14.256878483129494,-11.685082363794066,-1.2229478514026129,0.0
-1.7190038459399564,-3.3888148255652335,-11.102934985295775,-9.411057183004466,0.0
-2.1239700086944433,3.7697740063348144,-11.937714000250583,-1.59048005043132,0.0
-4.8603879168573405,-2.2725038159775766,-17.944085251055725,-2.5886716670081102,0.0
2.184023181605645,-4.253874883021057,-10.463910178387078,8.75146752092365,0.0
1.8753067342378067,-3.1161137981906046,-22.499403757941312,-9.003983799384866,0.0
3.9554481470158036,-2.846739100377881,-19.73251753015052,-12.177361556527355,0.0
-5.491711706901331,4.216078354839114,-24.478324774890083,-4.275487874136314,0.0
-1.037114476490413,-1.4844455842198527,-33.244414374047494,-8.127167303471893,0.0
-4.411467918997523,-0.07673394795286281,-32.34435516684507,0.008744848824341567,0.0
-7.954335846907255,-5.398708903702592,-29.41388264294784,-6.85316840155703,0.0
-0.19436848046560007,-8.820101249006894,-23.530283523251455,1.826414179477545,0.0
-0.19277453544459422,-3.7556709489116296,-29.31531633581873,3.971997641981243,0.0
3.3409867491646454,3.1118308753372306,-26.10922321649964,2.91004819455273,0.0
5.123761374311459,-6.652462040170116,-20.59470839595024,-5.680957730900468,0.0
8.668949759713616,-3.5549052159131005,-24.6945780382383,9.149520768206504,0.0
6.157697493425382,-11.71224611630702,-25.54478365978945,16.614703298617133,0.0
-0.8981384390958675,-15.019135086015565,-21.867659391264674,5.061435613980333,0.0
0.68522481596731,-14.888197373292337,-21.5613596690365,3.9020622683781823,0.0
5.0682582495775215,-10.716320438245829,-15.895602335550151,1.4555233564264443,0.0
5.576887021007449,-6.3485448231703305,-23.479099669614342,2.3963530029511517,0.0
10.608643648831485,-0.7746456765855343,-18.419809110632198,0.5397266129007323,0.0
13.383833094418463,-4.58621772075804,-4.145720814758846,-0.48170502911482815,0.0
11.843988230752586,-5.5671746841644305,-6.43061457587212,-1.944367606793869,0.0
3.485665380483155,-3.2365245216435024,-16.194359362202658,-2.2363521621760847,0.0
10.623036509157302,-11.166180171420876,-19.632340833930467,21.340921481427742,0.0
11.69689795488912,-9.310978193977526,-25.345296965217607,23.236468991506673,0.0
12.898801472052284,2.886154328159299,-19.356097574243062,6.697029874635531,0.0
18.360171516701612,-3.1147432389764362,-20.15967998845653,-0.03216933067905181,0.0
12.056787231388014,-8.382715053075183,-24.970600730770258,5.7861666907953895,0.0
7.297196406868546,-0.7518532954385688,-17.82414813023592,10.675910495248342,0.0
4.299326475586604,-3.373715133224266,-24.304223717241086,10.118341702043399,0.0
15.12391803761059,-6.162665424708473,-27.411174916907903,9.042403086641107,0.0
14.543600591065182,-8.550640768016216,-26.249118373991227,0.8914810503461585,0.0
5.677575430654185,-10.633616576231095,-24.178509940811736,-3.1765767012288397,0.0
6.733292139546277,-12.535282202073077,-26.97334552472774,-10.4994154590775,0.0
3.372029585117866,-10.962958485110683,-24.443593040356703,6.331970086583569,0.0
4.768614469425905,-6.098369283392223,-20.22409891347717,-4.099970032093238,0.0
2.2155618040393232,-3.3359793498878654,-18.16436079421086,-11.203814353311245,0.0
7.902419228773776,-5.6412096798319755,-14.56588356198743,-5.482676695890422,0.0
5.572808689616064,-6.382745158431,-14.444133985573345,-4.181664429020082,0.0
-15.193899444682787,-3.7766723537342965,-25.143197389981907,2.2263106040651346,0.0
-21.524082882282844,-13.40447314306359,-21.485193369375306,13.555907813821687,0.0
-15.950131249252099,-6.263918659857033,-31.086094626288585,-5.575431826242771,0.0
-15.260938055393511,0.5335176881822554,-31.638351955509023,1.4301233519258973,0.0
-18.63320223911897,3.8863716238363883,-27.90532210406931,6.262231035817862,0.0
-16.02062972789989,4.530785208321227,-20.784591512238762,-2.3059125821797752,0.0
-15.98329754442646,-2.9386704949440445,-21.30048986295639,-2.8004904457237143,0.0
-18.084183619772986,-8.15611192295814,-19.29733972253003,9.202712714043006,0.0
-14.218460435969181,-9.226366038554453,-21.226042115295286,-1.6660137901667254,0.0
-8.8765979915055,-4.98403659150575,-31.131893392252508,-3.950650743380572,0.0
8.360832443856168,1.3148928316689532,-37.55333232648257,-1.5593347776684316,0.0
13.622656630646357,4.253724670615675,-31.226267798810042,-13.638300559044,0.0
7.184114763896332,-0.34691749982676034,-33.014718453376005,2.3850857284949507,0.0
8.37717766158519,0.33971043164026105,-10.779774006342404,6.143321094389455,0.0
5.7438868820453575,-9.263064315487602,-20.830488526406004,3.7227659247279306,0.0
4.064118581012236,-1.1580208289384033,-22.411087244519024,-7.278605797709077,0.0
-4.858432008931616,-4.213728789969628,-16.96839981542199,-0.35097638474415227,0.0
4.362532383136873,-6.149739128380788,-20.00634818540336,-1.5395900968170233,0.0
11.230362621511988,-7.896662767135,-26.707882276605446,-3.1742998398326767,0.0
8.638506241675433,-1.5716872757350049,-23.84726702642201,12.443375470755921,0.0
7.365662577921132,-6.104560433621238,-26.793297240833347,15.625071910189018,0.0
7.132852953115369,-3.361225064879637,-27.488283101227623,4.238167988115039,0.0
13.464823201682073,-3.0404685164425382,-25.647700425681492,5.8223217335038395,0.0
15.031826713410073,-11.847060967255791,-21.34398896549139,13.610104870408144,0.0
12.570253785837638,-6.694736036104673,-23.710729502875637,19.819984403175464,0.0
21.093863527992205,-1.467336706760103,-25.55347755763653,15.668303937594935,0.0
17.532993959655922,-5.622641323953969,-18.533512416154537,11.984057791926205,0.0
14.43074509887778,0.8966381567793484,-30.104928674833086,-8.257095099606847,0.0
5.182164913098966,-2.2333812329664737,-17.7642209026051,4.1823559050657,0.0
9.181157236450579,4.646823552228731,-11.697268423590394,-2.3850228122431556,0.0
13.26589644475067,-0.5286670275270229,-25.690730158123205,12.294311491153998,0.0
11.144848689497309,-8.1698633537745,-20.12745302992685,1.0717999572377046,0.0
2.2000097543016723,-9.639139566607422,-18.820241409322787,11.395784512871682,0.0
4.941813593326767,-13.386402656990388,-17.982174325485058,21.91254487653635,0.0
2.783284880640508,-3.8374297438739577,-22.41468907102068,-0.9469033960875306,0.0
9.242276941573955,-5.828815657123041,-25.814553826820358,-3.5267244011944676,0.0
-2.9770731387264036,-9.805582472007474,-18.539074237376507,-12.66356649816402,0.0
-0.30638462253002885,-0.08218752452055744,-15.624840064738702,3.585224319562376,0.0
7.709340226577322,1.5158055555210483,-19.127528738960166,16.377522926901435,0.0
7.58327485069179,3.7922344326865147,-24.384979077234053,-10.437885117630323,0.0
7.2757966287786076,2.4592135434697697,-21.475436521787245,-5.996706687595701,0.0
1.6512992193612899,0.8804322842741925,-17.807096542281116,-5.411540444159994,0.0
3.3186542882573473,-6.361582547420872,-19.741315571441135,5.587287711570546,0.0
0.829920658427314,-9.4243072234269,-23.84003443964303,8.333470716505394,0.0
11.782199408598675,-8.417842773885578,-23.380786128886005,7.313015753984843,0.0
14.14845772159402,-7.709453406302023,-21.41254682733309,4.998181115183256,0.0
8.58609545149083,0.30494325101451203,-11.780712045661463,4.904720165901452,0.0
3.0256405606827013,-3.546837433806267,-22.76976774979675,-1.0600010604877208,0.0
17.80148905853104,2.0509131667248717,-17.864877310029865,4.886558098970342,0.0
17.829818386031228,3.552966996395683,-14.294733454283662,6.948247977158143,0.0
9.090783014101358,0.030085310965123124,-24.869686531389565,10.586710992462738,0.0
11.06475315652997,3.880368228622972,-16.318113292824613,10.923009337847645,0.0
12.598923240124861,2.513419844938573,-18.377782491177243,-2.695953274184283,0.0
3.9062807131414408,0.9210426414906461,-20.064000316066817,12.945546862556103,0.0
-2.724901392998979,-2.7311539648829344,-18.53125493162639,22.71485559383025,0.0
0.9804515789365702,5.389578470667711,-24.453621114861026,12.047236955291464,0.0
10.562095565400416,-6.630902170333949,-22.347641399597105,11.024417348543903,0.0
-8.074931937927223,-7.344784497570743,-23.583460989788854,27.64676976728196,0.0
1.9851624166789699,-8.988770399748255,-26.420153887151912,13.820546400622291,0.0
3.8224346392887307,-6.360544741515268,-25.907316625649397,5.916631240752921,0.0
-7.9481162636733895,-8.196469408037492,-30.882457354663554,1.8660224810165613,0.0
0.6065714361462804,-4.491797400896663,-26.676125896830683,-8.970251381484491,0.0
-7.89217583343623,-6.189974884544764,-16.51102198388999,-17.495765160933324,0.0
5.518541084142944,-0.45544003293453983,-19.16530584019185,-10.292398628489707,0.0
7.728986614474314,3.730885585977051,-16.159487816405324,11.752675763424076,0.0
-1.5963054140292314,-0.6760073210651278,-16.020712059249682,-10.90782196488022,0.0
3.079801922290512,5.717240232188263,-5.75243320102437,7.986787614659999,0.0
11.237921146332175,-4.045792667242825,-11.628202741005222,-7.849992102581943,0.0
6.863477124768769,1.7255147820437635,-17.38505934416897,3.000213628164171,0.0
4.198539517505296,-0.2357666478135636,-20.80750740803267,4.728502522366428,0.0
4.3756672291474565,-3.482913633295032,-17.384609192953814,5.491608119119439,0.0
15.951854314945471,1.1794183561360834,-9.600568370066428,1.5809402089826636,0.0
14.988844708764113,-0.3882258988601568,-8.886052440633424,9.323675753033589,0.0
16.801309513607645,-5.335618212315707,-6.959089142808061,14.005629684557746,0.0
11.14584361461024,-1.9351624497416902,-15.780670242370203,8.78464793787467,0.0
14.734586752331655,-5.292441550809797,-26.46282248071563,-5.920891695130355,0.0
17.44789532955172,0.7270754574971208,-25.96886954180903,-4.261444553201459,0.0
20.03863314154241,2.0123234191014054,-14.22662933338759,14.726605267593538,0.0
2.8198173402760727,-5.468478151688129,-25.931620355393317,4.403658319559328,0.0
14.062836897575071,-3.4223650817010203,-25.34551718389975,3.4286722945800396,0.0
12.371412476642192,-2.1629609923720947,-21.219220328166635,1.4463243165481634,0.0
4.374039066535821,2.17668998476152,-13.319681978121208,3.0599180545082145,0.0
13.082876789780356,-0.5726432523722385,-23.001966996653074,0.7545266780172681,0.0
7.775192837724269,0.8686281216568599,-13.648044035835191,0.16307601616681922,0.0
11.744871451658081,2.8666324968208237,-7.314343759505519,-23.28485950082084,0.0
19.497406404180005,0.9352968454532169,-9.421038905075896,-21.814542835636164,0.0
21.80444758745865,0.5895829963799017,-17.64195419535059,-14.443733981353422,0.0
8.007008657654275,-3.3575969852485694,-23.26055746261187,-2.1280185816187673,0.0
9.787026718401869,-6.026609277102642,-26.348344449041797,-13.923829584712038,0.0
4.006932212220828,-2.4705930025415457,-23.126545225283735,-22.872534309146882,0.0
-0.13851025485530277,-6.109069823300756,-9.482515869656691,-9.601424553850684,0.0
1.9791039558804178,-6.137976592956174,-24.274755915117705,-5.145438885460733,0.0
1.0102072250950922,-11.804074113781132,-31.597649766862624,-5.180636394965559,0.0
4.577131007255032,-5.8600794768975035,-28.915555406334843,-9.160654145911874,0.0
12.621840114649897,-0.2010924097220279,-29.166808467510847,-8.549108124324276,0.0
4.358263604128153,-1.8668970381047478,-20.657163506457138,0.13541645837580335,0.0
6.770594980491865,-6.394440803833614,-17.84011003679026,11.926609137995271,0.0
10.078319213311518,-7.169322696815828,-26.88192890945097,4.529284346435666,0.0
7.0873396947886445,3.2004493828987544,-13.368991208285163,9.02677518990179,0.0
1.5669469564171514,9.588326415782728,-27.64710379052721,8.926786228096054,0.0
-0.3621904498288062,16.122302756181618,-30.01843294887302,7.82708194954985,0.0
-4.830159961492259,9.530435643853481,-18.581801616934936,5.274184302336459,0.0
-4.78258984577614,4.455113138952006,-17.513561870519176,20.20528511240424,0.0
-2.371336516371107,-1.7906863796641894,-22.19894464421069,3.6618293752213433,0.0
0.030122368754987194,-1.5047703956652994,-24.831629739964217,-23.444428193877865,0.0
-1.2419060690097925,-3.7111504752040787,-30.17517119923056,-6.184996575499464,0.0
-3.872984017713394,-1.0793221643996418,-20.583982473923044,13.841470857729329,0.0
-1.401979664770813,4.047040466698132,-9.498740536318165,21.067427701427164,0.0
0.07829549409866243,-3.8342471590655656,-17.713789768074367,6.634967732101825,0.0
-2.6303064703537054,2.537517718617679,-12.575838528993765,2.779650317638403,0.0
2.5663686885033794,3.6792981396521682,-17.60937149004896,12.46413310161303,0.0
1.170417199684919,-1.561693874285063,-21.744025495843665,-1.7145937854423465,0.0
-3.544362006220955,-7.155533218521957,-16.33060796049912,-4.142613363746152,0.0
2.0016342134356537,-4.0285901736574,-11.527364522263069,-3.071384048389552,0.0
-4.20223065408095,-0.06639581072662182,-22.04331971151489,-2.398002453263377,0.0
-2.245969446655632,-1.2550161058438132,-24.61886772769745,-8.940079954020362,0.0
8.73876944529852,4.382902522727338,-16.240407201697145,8.956186730543784,0.0
3.963859074629975,5.902133829565581,-25.47455792127382,-0.9955136289416133,0.0
-2.7996524468228494,-2.7261040225992534,-23.353244965054255,9.994337810654134,0.0
-5.293519980417833,-0.774489520816734,-27.277972345669788,-1.0780514496826439,0.0
-4.447869831131106,-10.951818170422943,-28.878482981417367,-2.5102411296376026,0.0
-3.562669916678062,-7.253867138082026,-20.276459068136916,2.398731415549741,0.0
-3.7853600870044386,0.09969343715260282,-26.29198534528573,-4.871957265508692,0.0
3.0857180067631056,-5.065269030059924,-22.88254822765643,-21.955437170659508,0.0
3.2871622695020855,-3.847154149864524,-19.315927092159182,-6.293430004584587,0.0
6.9139730868451315,-4.152747793965204,-22.664583325473295,-6.3187479634670485,0.0
4.717781338082831,-1.4560533155678033,-24.442525721003285,-27.397013171069055,0.0
8.343736003493316,-3.4862605660593164,-23.323698851655266,-16.534962462175802,0.0
8.85969461653548,-2.5400180577155913,-15.044057667601194,17.162314854576955,0.0
9.31077436047869,-7.218620155143842,-18.239068324623723,6.3573889368261005,0.0
9.00835875868279,0.43226287291522514,-18.976956693585688,5.164342956137826,0.0
8.476698250599739,0.3554346131807469,-20.12074987054795,6.461384633526926,0.0
16.465973389031298,-1.5741161627509221,-19.414291356921943,-10.045225962619693,0.0
5.7149685394648975,1.899311638192394,-17.04848750219519,3.132424413397281,0.0
-13.012799319239335,-3.4585258141411472,-21.212685456459898,7.304642036640213,0.0
-23.623862313449322,-8.21624842674801,-14.421434641967362,14.567117729753603,0.0
-14.984855562794156,-5.3025013915396,-14.71838167171746,2.7075968279292377,0.0
-6.078650394297275,-9.307054741526006,-16.836445674962206,12.11620910658709,0.0
-12.8195192809121,-4.5325559153183494,-10.29730648314213,-6.5329335493023635,0.0
-7.5291702582689926,-3.6656150678528037,-17.501222987891946,-4.273951472506363,0.0
1.1528745528247573,1.7828588591264465,-18.23348669165422,8.725984681215484,0.0
-12.221397217121655,2.3968185950861685,-28.471935192893014,16.97506815440283,0.0
-10.999853043640398,5.433751136758978,-24.06599372898532,6.840620939030556,0.0
-19.341974184022135,0.02796826783397499,-17.97361488600938,6.89244084911512,0.0
-18.272257996646967,-1.5529705847111397,-24.616634402699315,13.745507622151532,0.0
-11.300912466284478,-9.353730940026729,-21.851693966750815,14.33101703794765,0.0
-7.517692434763928,-5.481975386951274,-21.884159073403474,-12.800732087942054,0.0
-3.789500933738564,0.23903686465085983,-30.120824402310504,-21.59249893929895,0.0
-7.03593868114115,-0.0947891221957482,-28.361979938089476,0.6280202614652719,0.0
-6.641442976828419,-2.1972090527412496,-27.798560058685677,9.482616934738724,0.0
-13.028839919288963,-2.1284251081632277,-19.509645384121118,22.359192246614736,0.0
-15.234326678898,-4.082658780936277,-22.21029723596388,-0.6675331330412515,0.0
-14.312060039940402,3.810111639061583,-18.41313610325095,-13.586433646808256,0.0
-7.430059783983815,4.231741822626479,-24.522305356475847,-8.451815081948466,0.0
-5.986428371317724,5.413736056802165,-22.21972922367207,-12.03221443665093,0.0
4.869600152056647,2.4585581572472077,-20.90348452771465,1.2374555676156298,0.0
1.2330707077179777,-1.0720724760766576,-19.64338252646102,-2.338273097201764,0.0
-4.587063503417604,-1.80632472306247,-12.760299787787298,8.121606875714814,0.0
-1.8298457419338998,2.0865930926822944,-20.418074944205905,14.014960257558249,0.0
1.7299159481939181,3.40490117644309,-20.769447643261657,5.492956872619244,0.0
-5.2852835644428335,-0.07193445071594207,-19.614590871281603,7.802797646233297,0.0
-8.497140882880915,-2.7895832806810934,-21.554587763915467,-12.206213673811893,0.0
-11.493352862736216,-3.4695668089995357,-18.454180094576166,3.660623585075709,0.0
-19.091890401818368,-11.581613052352477,-24.736156278273853,-9.422277326684434,0.0
-14.442577094069847,-12.098348383217958,-16.23667866833354,-18.18995589069705,0.0
-13.253453973482934,-4.6887147726778196,-15.401357874544034,-22.996715489784517,0.0
-9.224928198723568,3.0580415327616217,-14.564275820670574,-23.656284750856155,0.0
-15.622255431294985,2.288889455142751,-7.722721791922213,-7.370800170315314,0.0
-12.830237592023066,-2.8719804343075843,-16.803098710597467,6.541647143442187,0.0
-14.17506952418745,-4.3974466904917975,-18.48104357782519,-3.716513715978107,0.0
-10.163552364076955,-8.018900314963064,-10.480360618752943,-12.79264519330374,0.0
-1.920564743562645,-3.869656543652934,-15.077741091563524,-16.330312422298814,0.0
-5.874617312636453,-2.010067614483331,-5.013846362391217,7.574861278792431,0.0
-11.588440759804568,6.289014508173342,-8.282066983419917,-2.4813860927835307,0.0
-5.081220158115917,4.238680670700029,-15.176470288411927,-6.005733335936277,0.0
-0.10599907829522826,-1.2597736795910566,-15.63778118741675,10.903898765745822,0.0
5.9706040341549365,0.6076011566380446,-18.842558637444117,13.846085431867088,0.0
1.4626708107894224,-6.043661361543277,-26.198681818686673,15.655120383410143,0.0
-11.892971831893071,-5.13261417611707,-16.24005639899092,7.934874259419285,0.0
1.188463158811548,-2.292755574544396,-19.279611658842782,7.847521705220833,0.0
14.82056342449602,-1.7514366815699025,-14.911060504510651,2.3108438690214843,0.0
20.00201390638732,-0.8464114640382882,-15.875932083319537,-6.266718245581325,0.0
20.47262906932039,-0.09936180458764055,-18.410008678378485,0.48924415007144084,0.0
21.506151100659448,3.1448438134660472,-19.679627022624853,-2.7963363304660405,0.0
28.30717511487957,1.2571113054544611,-24.56288098610882,-3.7467173376581417,0.0
4.9643317048774085,-11.133567530633695,-32.33262095917367,1.1486376192921437,0.0
-10.456607283928415,-10.11902294290277,-35.61330776331769,-4.303857158866055,0.0
-12.92966782597902,-13.141786714633263,-26.66440547210703,-16.80111792072723,0.0
-11.014203153011064,-5.144432140374841,-19.25815286311018,-27.523453246229153,0.0
-9.363832452504726,-11.27128709310918,-24.580406998414514,-15.146714790709504,0.0
1.8271512831474492,-5.8617851118999855,-24.084409576774963,-0.5823266087961372,0.0
-4.711583592654426,-1.5134817687826407,-15.84566926066644,-8.129174584547101,0.0
-15.151260024308547,4.4090723606523605,-25.507199074882458,-5.808529224059949,0.0
-7.092688364878456,-4.325934512193589,-29.071535974408732,-7.976145087111412,0.0
-3.310812832493605,1.9537330275013471,-30.77853788443388,-12.064417404909229,0.0
-11.343457956911909,-4.187438730561901,-31.76476242915335,-16.490640603499042,0.0
-10.039135627309228,-7.100336405350895,-27.0510056330016,1.4830496322596716,0.0
-8.99178510872692,-9.765606211471301,-12.930082034156479,-1.270964837044243,0.0
-8.111824740607034,-5.026336837843367,-12.227582901013237,6.653516952074259,0.0
-12.67895492364611,-3.3885058483533634,-9.906436947533379,13.188267439204424,0.0
-13.82139849069804,-5.428494005709082,-13.78182561930572,-16.079800374906874,0.0
-10.06067495314831,1.3923328735105862,-12.959507591218701,-5.525221732360271,0.0
-5.896491156620399,-3.9887631775223493,-19.097117684122452,-0.7350726309564175,0.0
-0.23717561744085014,-0.032129756065615966,-21.89826194676022,-8.348670787441712,0.0
0.24376464121022146,3.034728826901915,-29.3959375708532,4.104147769867747,0.0
3.886892524545164,2.4916172793456273,-33.990568146823165,-4.151539737016337,0.0
-1.4764972057674712,-2.2895033708998014,-33.218078278083674,8.26079011137304,0.0
4.735971533064371,-9.815829700225706,-27.683049870000833,8.942401805856225,0.0
-1.5149687703903112,-16.199768638730603,-20.09060167732153,-2.201977064849544,0.0
-3.113516057942704,-7.573462213776872,-17.593058343562873,-14.7334743356384,0.0
1.3098933290693329,-5.127032449544394,-11.955260006119136,-11.161357213291282,0.0
-1.1894170472840238,6.497414373167191,-20.21270746403979,-9.075913350491533,0.0
2.0266363795790157,6.9784207605861255,-21.374492265856,0.1722018319403089,0.0
-0.24067540440134083,-3.680688981750038,-22.56774215822989,-0.7405125280908522,0.0
-10.038828243540518,-10.197788573671037,-23.29333675637335,-8.153300136375906,0.0
-5.856150954142729,-9.344167227063469,-12.317102776660835,9.00430092793918,0.0
-10.843478418528457,-10.746427397946709,-12.193468939171069,20.154594516026897,0.0
-14.083860433249873,-12.203451801144492,-19.35476701772593,9.943362615035813,0.0
-13.37511034933411,2.870394712407683,-29.589414623602615,4.90423529291955,0.0
-9.066855178925074,3.0685872162631576,-22.16706106433496,8.73030940022008,0.0
-7.257174866996765,-0.06372294077694995,-17.289555119505078,11.902331715443351,0.0
-5.825914979333211,-13.298575132219995,-21.283010138216216,15.070130436362135,0.0
-3.311247070038129,-14.107569252134136,-23.79520064447483,-4.532019093306597,0.0
2.404891253676843,-2.741313084645367,-21.179591024494744,-2.3960553540845067,0.0
-3.872987463125514,-4.855945126336803,-15.147736048223795,8.131289279763784,0.0
-6.670008995158041,-4.384265051922761,-18.57238624002477,-5.107329367980956,0.0
-5.145955061731147,-10.063725191608013,-17.199066939558268,2.012309481835187,0.0
-14.676627926037249,-9.645094802288485,-22.462821064205365,12.143838450287275,0.0
-5.169407525592115,-1.313114040124057,-18.945928677309126,-4.151081882370563,0.0
-3.4316375516218427,-10.521991253945593,-19.241289629871915,-9.701736139137827,0.0
-7.2438764622218255,-10.34814613854075,-11.699070630087007,7.143158248960357,0.0
-18.928471216961952,-7.039963462369572,-13.37124436261521,19.691500797672553,0.0
-18.43462126128569,0.8992412264781808,-10.683148541687242,8.916361625366964,0.0
-17.031286827101482,-1.294621487098834,-11.01710285874383,10.202864789559978,0.0
-17.287826706649266,5.279346767275431,-18.899692124870775,4.774775324270725,0.0
-14.832273560607092,0.2754667512779352,-19.9067596518331,7.785084799808775,0.0
-19.658610941696097,0.8829009158210277,-13.051418541315769,9.90511145175221,0.0
-13.606559747152161,-3.1620726865392514,-22.423731543307813,17.427760316343303,0.0
-12.934523579063836,-1.4321224058222368,-18.034641932782367,10.131879615679868,0.0
-14.553143444783396,-11.45990438772297,-18.774651853186107,5.401723715652473,0.0
-17.302719391974833,-8.387234639320734,-21.928910841963898,-4.507149180151596,0.0
-16.02218734765686,-6.716295905390485,-22.850765820061614,-4.989007062820512,0.0
-19.995219503140333,-4.372331900833824,-30.92493052086928,-3.2359355438610438,0.0
-20.409123717677495,6.869744347022494,-31.12883888609866,-11.127704988919552,0.0
-21.514621446324593,6.258883721287892,-29.278367087519513,-13.339095683440448,0.0
-11.856557126412593,1.8188393926315158,-34.66171465284725,-9.643596658798183,0.0
-12.208740869353218,2.964997673999532,-34.13477517622324,14.806117149338533,0.0
-20.65833465292153,-3.405040119364748,-23.268809030132847,-7.679545294776684,0.0
-18.73607511995278,-2.28477634364489,-31.81499898803331,-3.5748162120499787,0.0
-16.565560578402362,1.396387475990829,-18.95395375349312,-6.351474205956844,0.0
-20.00507071694076,2.219813190264377,-20.970764225692395,-25.865440927185634,0.0
-13.570296819019536,-1.561617624331566,-11.47199632381086,-13.25192042897223,0.0
-14.822706511592484,4.76083143638371,-17.92616355243529,17.852955186018452,0.0
-24.85247223990458,-2.857360009250068,-22.055889678919268,12.542868242106945,0.0
-17.376380724549982,-0.8579636664907526,-22.12800568747855,18.81719169744055,0.0
-16.399546585319975,-9.646323237583927,-29.051010455662023,9.47954316121298,0.0
-19.225485785585082,-6.025850144949073,-27.423126241554606,0.9228163163043703,0.0
-20.087451108555296,-2.727195569372822,-24.47856415845211,-10.0861210028195,0.0
-26.16279909463233,-5.472984176286337,-25.1877107904224,-13.417479279188335,0.0
-25.9340768875484,-5.95963143555838,-23.822610744253126,-33.18138154315755,0.0
-27.763648591258825,-4.4316229081279985,-16.610745804228102,2.8824361408349137,0.0
-21.730569472460083,3.9067835293903235,-21.84438897788007,1.4231565693649273,0.0
-15.761632472952083,4.044348145806448,-21.898047306797398,-5.38093655921841,0.0
-27.758933215683264,-4.3041106851781015,-22.434227792821005,-8.964031787285549,0.0
-41.55640872663433,2.92780679536539,-26.355190349646655,-10.417225588955821,0.0
-30.628894643712812,-6.011999430543263,-12.899489271741668,-11.072620371018584,0.0
-16.201068169889687,-6.898904717558662,-18.039301104406455,4.640275746347959,0.0
-13.808945995919775,0.9602743857411236,-9.874789932776281,6.641217075355829,0.0
-15.027760409156302,-4.492004858672356,-20.468875591426887,18.417451525089696,0.0
-17.144227290392724,-4.514396433333388,-19.973169234652037,5.453853802352795,0.0
-10.187006956837592,-4.117463729870945,-22.220903985945885,-8.60043314131839,0.0
-19.939185408661054,-0.5824433213589095,-13.83591198407736,1.7449901391959224,0.0
-7.459087388931255,-0.7398303941858533,-6.530930734490468,1.0906082028085142,0.0
-9.077274751558734,-7.7842322189005575,-12.454910020727942,5.9801637413965185,0.0
-13.214725242243276,-4.827229625711197,-14.218185487858726,12.978566635045162,0.0
-9.654158554167811,-7.199259794604459,-25.671514550780525,-3.508730210978075,0.0
-8.473373718026048,-1.2225904067411588,-29.781135175352098,5.102329864235651,0.0
-12.576198686362751,-5.868944684174459,-27.724495487201207,10.366937006603882,0.0
-10.371390400445296,-0.9443809022046139,-19.147136232901733,-12.26076177761997,0.0
-7.559022325718731,-3.822120411060922,-23.80127644275626,-16.200086505269958,0.0
-18.87440925984997,-2.2092118107223175,-28.8462241400183,6.746791003715934,0.0
-10.986754437459876,-2.6282724728880393,-36.61658170186685,-22.262439703471525,0.0
-16.858134416873806,-12.028322609831827,-27.69388880333495,-6.919312694565364,0.0
-15.32328478955851,-5.921239375306772,-23.509124021055253,-23.249426017020795,0.0
-17.635112687029995,-7.811638936071746,-23.346972871950555,-0.8033764529135685,0.0
-22.74405550902158,-4.627779350293297,-21.67903982379276,-6.435454198220781,0.0
-2.958102423568773,-9.901990345961487,-40.37714778342264,-8.081374769728306,0.0
-1.100913398433555,-13.072390691725083,-22.01480794928219,-21.120954235208124,0.0
-10.54084417388136,-9.737639600234822,-23.200403092780775,-12.985994042733621,0.0
-20.201700998300886,-3.37786581320918,-21.9600150531687,-15.53865926257836,0.0
-17.820426525002702,-5.738590153775167,-11.251030380399477,6.275082248138676,0.0
-19.12555808491185,-19.289398105262485,-16.244888917150348,15.088585147448859,0.0
-17.289925660833024,-16.128667041128928,-30.808916461222992,32.15478465076956,0.0
-17.765267447977273,-7.53059294489236,-26.52663664838616,0.3009907939153855,0.0
-6.782027212159729,-13.968610870311089,-26.688944744928694,10.99265131189397,0.0
-10.56623042594249,-7.91426309582382,-23.48583633440117,-10.84736047239883,0.0
-9.82548296370048,-9.344295959200323,-16.757360814509,-1.818765367604109,0.0
-8.34888201138962,-9.15671757763301,-14.607279701753724,-2.8211337593311336,0.0
-7.182361518048131,-11.199923043255128,-19.297377689943772,2.3819215884774314,0.0
-8.546331544901296,-12.055867354585178,-21.953894774958805,1.3675247481273418,0.0
-8.01660843186832,-3.6410251827261244,-21.45602199465401,4.658004939560001,0.0
-17.799731830988804,-1.0202551790402108,-20.253823063238535,15.820803098155267,0.0
-19.976637369987213,-5.457758147736659,-20.970770437441704,4.176097717404989,0.0
-14.472567529448034,-5.590962492748411,-30.77755984451211,9.637837388070109,0.0
-10.694915920736037,1.9585779681190019,-26.71574618528736,-3.2263462053819962,0.0
-14.617121381220258,-8.168051594077106,-24.30981493890186,8.593423864742633,0.0
-15.184907859605248,-3.052411855479712,-18.77439874271805,5.1731952969993555,0.0
-24.137994216118297,-6.4764383874623945,-16.436042008767245,-5.718550017221527,0.0
-18.82078734158261,0.3296553474136652,-19.73803663120038,-12.441269377836441,0.0
-15.549491426269627,-4.675699750723291,-19.826923888305352,9.899946924885814,0.0
-14.990709299881846,-4.209052951608553,-17.206792464683105,13.539038853615706,0.0
-15.338537427738665,-8.58298342676439,-25.45076803113594,-7.501496296832131,0.0
-21.72042173834868,-9.740429698235879,-29.043794348445388,-3.411836941919319,0.0
-13.740625578266075,-4.100860889665396,-25.621847083144687,2.3935656202441944,0.0
-22.21874468582425,-0.655697020290332,-19.647756264026462,-6.2480119174483955,0.0
-18.321840364224048,-1.8184984365321744,-19.895547828031372,-14.056075601103931,0.0
-14.665004360267165,-3.3732276749930072,-25.79142254313865,-10.21508203869301,0.0
-20.746796667059147,-5.653353135578675,-17.658238021138292,-12.442694978680844,0.0
-32.64838528066055,-0.8356616620018077,-24.901489993007253,-3.5387811215998908,0.0
-26.83150838806611,1.2212072957237337,-14.688296042781031,12.991478816660505,0.0
-23.853193893417586,-14.039024417691898,-18.49486698757616,22.543663103513495,0.0
-22.215419620930057,-9.797536657441347,-32.13567326700384,14.154300387485975,0.0
-18.24801706444718,2.4797326831336086,-28.13309480740245,19.085823071865615,0.0
-15.033843413711502,-2.278183754541872,-29.23691936142431,4.542979651751224,0.0
-8.973646962837563,-5.134752482159259,-34.32905035887113,-16.889995096979387,0.0
-17.010180302024022,-10.899436909634062,-12.749011425675558,-20.052180403702472,0.0
-23.906948215630273,-5.033012371133787,-16.496759932507683,5.761623478805674,0.0
-16.631533119637695,-14.41064322676199,-15.46711692881971,22.127653332878698,0.0
-21.632430118198226,-12.275784832675448,-12.482352084712023,2.80417422451011,0.0
-21.93164522527123,-3.053999174131589,-20.987831612978702,16.72334703883022,0.0
-16.706900347689626,-3.6109234237101315,-15.44222821042245,4.5121321888269925,0.0
-13.047128685576068,1.500789784295999,-8.632964877298885,-23.608876042585315,0.0
-14.96425500773671,0.902771318879422,-17.928940666690945,-38.929049935868136,0.0
-16.72712919766138,3.3627004751082006,-17.640460546907924,-13.928664471412187,0.0
-15.90695766870519,-2.152052916919809,-16.81624727274579,-0.43086724882381855,0.0
-11.990018488816304,2.3127107890968905,-20.927645543768232,-21.04074621039966,0.0
-6.9931533278005595,8.759591475477821,-20.35575840891308,-8.324088479092918,0.0
-10.819161115288829,1.3838838816452084,-21.165082475622842,-6.031246842826952,0.0
-17.87619065036213,-1.9005277086319798,-20.652459776867346,-15.693362267743336,0.0
-15.956208712991447,-8.821856191730927,-22.46752926251697,-9.885563924467892,0.0
-21.50882093598161,-3.1829460168085344,-19.17556593722511,3.1323945490432195,0.0
-16.70623467127139,0.6697464692755579,-14.793092196546525,14.341848516168662,0.0
-6.426942607421571,3.9528335564591637,-16.841624138396597,14.281919048188387,0.0
-10.434994027032554,-6.535541747051487,-18.565647714672366,3.109589016573304,0.0
-11.892366150256503,-4.226194068381111,-12.49055745398551,-3.9592096104820333,0.0
-14.83090645718305,-1.2054755619056379,-26.295432267133304,-4.2422978880965765,0.0
-10.601318464292557,-9.064848237940804,-20.073162391589364,-5.167709236204047,0.0
-16.33796044943219,-4.61324552673689,-20.931513034816334,-10.043808559827397,0.0
-13.263774901695381,-5.655598631759314,-20.12488579672473,-4.428350273017057,0.0
-17.2917921620483,-3.4870172279153344,-17.40534003832587,-1.271008997435498,0.0
-15.762163303482989,-7.1245824069713235,-15.682220715597301,6.692857107195845,0.0
-13.626172266212869,2.0699979584997426,-13.348506584317454,20.99906943301144,0.0
-19.426061430033275,1.4888524153588412,-22.1117222020503,-8.255003082606603,0.0
-10.86349591657313,-0.18217835877046973,-31.139290838970645,2.595480440366259,0.0
-11.54440187927544,0.49510455936459863,-22.25418336369445,9.296085752597797,0.0
-13.67503387994408,7.993699177566606,-16.575554600077098,1.3964411796452427,0.0
-15.391274383874359,-2.7024624545734186,-22.778789073219862,-13.06093429282219,0.0
-13.160631560456876,-7.067688090046849,-24.626643965457365,-4.27516881370274,0.0
-13.272389295391402,-11.160369950403839,-15.075014957715108,1.2181336893504966,0.0
-6.6542248722012705,-13.973656854820447,-19.483646169110028,-1.9688504669133424,0.0
-13.055258305288431,-3.07598197030386,-23.020123401588073,10.21637302498516,0.0
-15.351161501792973,-14.183336417121303,-24.82347892591921,-11.140390069918073,0.0
-3.76224222496799,-21.139086288522858,-12.574149609149053,-11.088293937682055,0.0
-8.367277827120034,-15.22706568459724,-17.19538165879934,-0.5728600009521976,0.0
-9.122332123318687,-12.05229025939976,-17.85567747214766,-7.231174337176404,0.0
-8.078819992563416,-4.5042809425768064,-25.688228426905596,0.7742044008555995,0.0
-12.277720197930659,-5.157610783290504,-23.171404272140315,-1.5617106049733995,0.0
-13.19794987957756,-5.268756476576159,-12.871619051543204,-3.2752990306525263,0.0
-19.192318920694994,-0.8722411065346765,-14.666255959295144,-6.78539039006055,0.0
-20.178096906670024,-0.17442542339094835,-28.018406271140716,-11.383480353851642,0.0
-17.662402116852228,2.3431999507436734,-25.358783822482696,-17.56375641632851,0.0
-15.007811826469059,-8.313705652091047,-15.586174108961277,2.695713279885383,0.0
-14.54440631689646,-8.471932383899768,-31.141072254598406,-15.090812325602913,0.0
-3.50690809233558,-8.460216824826073,-29.430542522920177,-2.4806118559250923,0.0
-9.270046231280721,-4.967949362202619,-15.11164185920171,-11.2578546801555,0.0
-14.036460551843321,-1.5121587453109626,-16.853538603790415,0.24335996856592068,0.0
-10.73568849435404,0.12108280191696696,-25.765415182294255,-21.1313641268111,0.0
-10.512688732124506,0.48076679995743943,-19.316830065271255,-1.4842195514268859,0.0
-2.6455801086481845,-6.856370538741809,-11.527199359373823,0.8388083345762265,0.0
-0.6195688248984164,-9.791485185281132,-10.795646098424228,5.6730811270151555,0.0
7.194553640336261,-2.9818510502817777,-16.174273886942714,8.347505395535295,0.0
9.85447477257334,-2.8954708239764075,-29.64675240514029,3.5186154599077537,0.0
7.237708079727032,5.545762822528314,-14.95805315113672,-2.5584024771909633,0.0
10.173245203114309,0.10011106705037487,-18.541803777473692,17.05213872917429,0.0
6.757088179526953,6.193499821048718,-15.58756149890031,15.036200018401281,0.0
12.108657846995003,1.9051750232510636,-3.328315636987849,13.423559321662099,0.0
13.024166784565907,-2.467378380120871,2.419928722649825,-8.082131569693086,0.0
7.279174475304982,-8.841988393546988,-7.9913611977845775,2.0445796906827876,0.0
6.381244521969529,-2.3611411105630156,-23.55082620249002,-7.01393939525496,0.0
1.537959479960918,-3.823332781709624,-24.344434132493287,-10.989744294675935,0.0
1.6034335669992874,-8.748963732683142,-18.323790899359018,-11.628602382199276,0.0
3.8859313484035622,1.2633139022033317,-19.126307826633475,-19.618336691146407,0.0
4.497583209986269,4.136511150811997,-14.423786661072343,-5.38227416518579,0.0
13.93611921005882,-2.493958150595737,-13.4426108624986,-18.302303454850787,0.0
11.81692346779084,-3.7136299203044483,-15.031049751925547,-8.393963945419427,0.0
13.653811751258118,0.31402544420075706,-10.774207654740824,3.4946837053522803,0.0
7.85199887145817,-7.199766668996198,-15.253436082942725,12.427298916575023,0.0
16.97535049182239,-12.791139126048384,-17.334656730320365,-1.9862193403983603,0.0
13.846791572080914,-7.8786739485976405,-20.069091098727757,7.057551815718378,0.0
6.421582426634416,-9.239956904450008,-24.1144553733911,-15.503132383498524,0.0
6.791911686315357,-2.7723261798990197,-25.63026770852287,9.022555261891801,0.0
7.755939416118311,2.2903491318765345,-26.5382125607699,-0.29302379040287807,0.0
4.019596514848586,9.367513894105404,-24.221895461213663,-1.8374517235448913,0.0
12.224231888196517,-9.186245745000491,-20.519879332492334,-2.636874291004303,0.0
-4.068602786659334,-4.913571463032443,-19.173751676908545,-6.713048576623068,0.0
-1.9089776729368921,-3.7813756639703593,-20.276062380126767,11.328879282152437,0.0
4.129883703939793,-2.4522363632003614,-21.56793942534249,12.685718758205812,0.0
4.573487933936033,-10.66742963661573,-21.215185007572394,-8.015132193745622,0.0
9.79873773385803,-4.337193865047732,-19.817386199495978,4.500610106620053,0.0
10.686765112977017,-6.50117845165288,-27.320391083361947,-11.148201423726789,0.0
-5.84243716009875,-4.0379346156624045,-29.650461374654594,-1.7613427808907458,0.0
-8.369217463189852,2.8576134979824457,-38.5359004298877,-11.425436877207224,0.0
-12.105775966361282,1.3241380114192036,-20.77951035902908,-4.950898857793142,0.0
-15.735854076809588,2.656649108550575,-19.660937766411966,6.454038043638491,0.0
-10.929808619576896,2.861374457252283,-12.33683871582094,-12.282751668481296,0.0
-19.108064081310257,1.4765976203810516,-21.04405879121674,-16.613336474321642,0.0
-13.150469401689046,3.8836678796004804,-19.687308957271174,7.287869207304248,0.0
-21.819023061112652,-0.10852628553264099,-32.843105265778945,6.645289860969546,0.0
-16.34923651899015,-2.231829081682605,-20.210637583264305,19.372713913096625,0.0
-9.618322482226864,-3.6209254758517,-11.674184243517962,-7.159272754524688,0.0
-18.505305271480367,1.1888981515512436,-12.126828056746799,-1.294896113141791,0.0
-11.646564069738902,-0.18955320584232105,-9.188541737443789,-15.242227641391052,0.0
-14.744419705057386,0.40985882294833,-13.195789765501633,-16.830360626337978,0.0
-16.376904571273265,3.12258770452286,-4.756395177981188,-21.582247577626916,0.0
-5.175126717320266,-3.542980364045651,-16.739228050596317,-7.160061626621091,0.0
0.055246161392122906,2.0548794116468843,-17.672715059850596,-6.67463555891555,0.0
1.8073837818012741,-4.80390129996297,-19.13103550209359,14.795601739306996,0.0
12.327510611080653,2.1030296440617904,-12.836024261980226,9.837977732276538,0.0
6.398689705062532,-3.5457048895845844,-13.495741413536415,-8.314692087120765,0.0
7.398511487110909,-4.698814059804305,-23.39736752452617,-8.66294697700573,0.0
4.008379255587516,-11.741617486374583,-21.950595752725807,-2.7226704331414116,0.0
-1.1693641035849343,-12.375891646352189,-25.447446002727965,1.0921932148547748,0.0
11.858816092203554,-3.857887157420184,-27.781284807735794,-7.300694623587152,0.0
11.560052455195795,-0.48954713899095825,-31.453727149501717,12.479042977304891,0.0
11.398451720553378,-1.790121367055074,-21.997935812391972,0.46168492701742214,0.0
12.72914870167164,-5.855712116676839,-24.815492611663792,-9.955998724423837,0.0
14.080822438807186,-12.093610451122178,-27.70145747160625,-12.733804037442129,0.0
5.786003888966092,-3.7912457675457154,-26.769666478754726,-16.8844257269459,0.0
2.144130986514769,-0.08990909307303419,-23.57970382871209,-10.15690096851316,0.0
8.422701421013745,-5.988612584691561,-22.718584404186316,-4.145547627156381,0.0
2.275436375445478,-1.4830282201816625,-30.792563130958825,-0.008564554724902695,0.0
2.099584320908205,-1.1576113798084173,-22.611155733596444,-10.282823859643281,0.0
0.23103871343063798,-3.7262541223387196,-29.022395212836933,4.392074200002062,0.0
-1.878531953216699,-4.545397652493275,-19.943131516066533,-10.353219002777532,0.0
1.2227550107526604,-4.099005752829704,-10.78461541283816,-5.633226143398865,0.0
4.970136664094117,-9.739020107698439,-10.054320024269952,6.248320347919767,0.0
2.3465951985961464,-5.440796922764199,-15.680778480847737,21.69092265241376,0.0
8.674548296468467,-9.566899833450275,-14.84502465975018,-1.516265945097908,0.0
3.0860428503453,-7.816875651354714,-21.642233671261536,-6.199073908844295,0.0
0.8678214379027155,4.726449874995941,-14.836418704132953,17.173715305756495,0.0
0.42778078764174143,-1.1653013595044497,-17.691190465614923,15.710211512202724,0.0
-3.600646351565747,1.2175047925596498,-13.926643704787036,25.71276432987537,0.0
0.35272013096996613,-5.186264571128525,-22.146964917765096,30.150660329076445,0.0
17.29592610312543,-3.0676689193071325,-27.50624895473307,6.069202560855961,0.0
14.861546177180166,-3.5799722145666957,-28.550498202911204,3.0887291698972903,0.0
13.909537697984256,1.8577135191986103,-18.988352511559818,2.0881788866318365,0.0
0.15051126962432804,-4.640931785055484,-25.149364135333528,-17.735967020774883,0.0
-7.5983257095021495,-2.333873119114921,-21.638329326426312,-11.387598064447378,0.0
-6.565997059463786,-6.537122313518029,-19.574066878270997,-17.31891435170207,0.0
0.5641106312435018,-5.132905171921019,-10.372598491235635,-13.349400550708566,0.0
9.305757015439871,-8.332890342076883,-15.244513071796144,-11.420906123151592,0.0
-2.1310450542164787,-2.2806642924198846,-22.430499325516966,-4.178598628542023,0.0
10.668366783660092,-9.277873817774658,-16.423816915230418,3.1912470572180833,0.0
18.95562939786942,-4.3574034195851725,-23.035034832549712,-15.224364256392182,0.0
16.89174129803658,-5.650281785073593,-13.702746867782082,-11.663941589854389,0.0
21.92215003480621,-3.436518618640243,-14.417991663459258,-2.1801217080050543,0.0
18.70476836464201,2.013508116378569,-14.881134829755833,18.115946958005154,0.0
14.063332437983808,1.2605677137845035,-14.357610774318545,9.344278905512045,0.0
15.38859762049276,-2.3034589386269504,-9.962591702517539,-13.832750168818349,0.0
18.78403288360757,-3.3549973370012256,-13.907742587562879,-8.007967579909248,0.0
16.391611662632226,0.4505250972550332,-17.19052965725816,8.506947007419456,0.0
17.150986933679313,7.055587134282655,-26.50195456159943,-12.712479194707583,0.0
19.63588515496459,12.246521786160068,-24.126338520166986,1.1597397328598054,0.0
19.026891505270704,-2.899508664068702,-16.86985908461105,7.076012045469492,0.0
20.290434035291607,-8.359117329759105,-10.22331125096688,2.4377354289013073,0.0
23.27562025924901,-11.86641520962758,-26.969076702555107,3.7987705484205527,0.0
17.03075782062973,-4.706634929213287,-20.41075581946316,-1.1334239834957067,0.0
11.309759215942824,-3.2773835247038594,-21.289050035754173,-7.651377220782608,0.0
13.423149252540549,1.2666038246946476,-30.733388935490783,-10.162326805513842,0.0
7.718145743631299,-0.13749913753028498,-25.678347824525762,-23.64387101841923,0.0
8.46683101262763,7.644533460957036,-28.426371428616623,-17.735579453243496,0.0
16.60444307609434,-0.6264099466180089,-24.433570512314997,-0.04862868373750018,0.0
19.949336180059284,-2.801051410786242,-10.132441173234744,-19.141049243716648,0.0
17.858170754061646,-1.0399986190231525,-13.051277155906972,6.450992154469057,0.0
19.536030504195477,0.5867450359861897,-15.256742021718475,-2.7560901235838378,0.0
13.58645670018084,3.268046480307887,-26.035152886421066,-4.2893614638252195,0.0
3.1264759357306104,0.9269058896795219,-28.09225825811718,-2.512772380894484,0.0
15.436511152789674,-1.0642656592965762,-29.79013631676361,8.723393523628742,0.0
19.541512484719085,-0.5221009517062418,-26.62076392983425,5.678257282505741,0.0
20.308407885524947,-0.7475127265713644,-23.26835979196492,-13.22190688022232,0.0
19.67567609640436,-7.356612546922783,-29.095907227743112,-8.666772380542287,0.0
18.16907394378616,-10.729818612877235,-22.44885677208511,6.16256853004883,0.0
18.341037843582633,-8.52771004562172,-29.486361207704086,-6.033953705935984,0.0
13.250728195382319,-7.365418486691166,-22.257869678963882,-9.872906483776173,0.0
2.1969164438220865,-14.923130492682912,-17.60285140306642,-0.379482675723847,0.0
-5.454932709619366,-24.76226855069102,-19.292939813660567,-7.78828909694375,0.0
-1.1521770043914061,-6.137189432971255,-14.026630353250592,30.565847347645843,0.0
-1.703620375700594,0.8173861525710571,-25.290593511700134,-0.8235224777750885,0.0
7.63593503591264,-10.989303990025867,-17.756024217736414,3.471194484046976,0.0
10.326572416916733,-7.4725392188952044,-23.010154047376755,0.39760789059253066,0.0
2.0972488422979527,-10.349804839521084,-18.31702073337887,12.053573972600013,0.0
7.690246511137511,-4.5164538887860814,-22.407524663616666,-6.150657738199801,0.0
6.916349027219585,-2.8073750455477295,-23.27458103997982,-10.569681883931567,0.0
6.315786415581048,-6.219112157189935,-21.781917294620087,-4.610119922379614,0.0
7.039831052703309,-1.7910351130179951,-21.70321523946388,5.783654245854883,0.0
10.81710693273688,-0.023093289282229534,-23.993504234451237,2.2129030034695822,0.0
6.286743220219524,5.227442778917161,-23.910786829665135,0.7032489243336917,0.0
9.160774522030813,0.21506857277204006,-10.05509925137505,15.646172256540359,0.0
14.72629103069092,1.458242702065661,-16.722538583771662,14.387786840410927,0.0
23.191389720412865,5.601599422188655,-12.023286301760624,5.061973934450589,0.0
28.54036267345507,-2.6233378737037563,-14.795278571113776,3.5424554968500193,0.0
19.504280527225927,-3.494614578367933,-9.047296959735556,-6.228716773677839,0.0
21.289601320743145,0.2953466320260073,-8.778424399310524,-6.349068977251203,0.0
25.831639288551216,3.4448646003809498,-20.594976717051555,11.592202189325567,0.0
21.93873413061816,7.571451960755699,-24.707135764597954,8.535436285204774,0.0
21.81915572762428,5.258073118286412,-26.404824607819418,-20.856395240840257,0.0
18.52925754933451,3.9749428780377243,-23.625065138839425,-22.06823363201308,0.0
22.698533038697718,11.074615426111981,-18.637498428802033,-24.694757718136124,0.0
22.086687240909775,6.148798691205704,-14.810913771103294,-22.76070888285261,0.0
24.715691425565456,2.2948530354896755,-29.13294196785582,-32.755799930731314,0.0
22.682941860795435,7.417225600017405,-29.038136494157634,-9.116389126616147,0.0
19.116699200766533,4.7206209185829096,-20.553731038349888,-7.364820178343035,0.0
20.47761997774587,0.3423060446601083,-21.72460098768253,-7.477212293101884,0.0
18.09285298568694,-4.532680172331286,-23.64843347502627,-23.504265760725062,0.0
27.76571008211768,-7.304900791885617,-30.64356981841992,0.18381861809298083,0.0
20.828810059218746,-4.163204524983359,-25.17514177293603,20.63164628424086,0.0
23.788041444477344,-2.8954149489660765,-16.48506272094509,0.1739578188169384,0.0
23.236363299556682,-3.923920790578756,-19.451574331918774,7.371699453382881,0.0
25.895202596366254,-10.294457194996777,-21.928581543168157,10.014653181547626,0.0
19.61462800686589,-10.100195240261097,-17.17190302243894,15.684745649825233,0.0
19.37031338617589,-1.6661338670163817,-19.884951874140754,16.062895123260525,0.0
20.1100715527121,-4.518103780226223,-24.548223472045713,-12.060447410976774,0.0
21.079413439863377,-7.805536182620402,-29.551097420033038,-12.24863496923563,0.0
15.031619475165634,-1.0968823878663656,-24.5788534729384,-8.551245004233323,0.0
12.031086231597941,-4.556228110117643,-20.26057305934588,0.8587930777948456,0.0
13.543410335897246,-4.621675387472547,-15.290016835717998,9.123628299557309,0.0
9.179343947256914,-7.293587263940967,-22.261809839788764,-14.026306325273833,0.0
24.908664825684703,-12.651038092580587,-26.3609073007598,-12.980206817179642,0.0
22.747557755952393,-10.778620068270312,-25.20007969101483,-7.663345994599746,0.0
14.231386581750401,-3.1557784932165287,-25.117539569206293,-4.224556014572091,0.0
6.914245734351855,2.482727203331241,-22.92381062935313,-0.24336080118645942,0.0
7.136489568555002,-0.16060969476105535,-23.269525565224107,-1.7450570349708991,0.0
7.315342535111954,-0.995779280893158,-13.734377186787958,-7.899469080305022,0.0
5.547019933242124,-7.195206204019075,-4.873798348606364,11.99222176775664,0.0
2.465048053412426,0.5630149495444212,-18.607288961464008,-0.0067250128623035366,0.0
-0.21046160849463114,0.8662362356670203,-17.699371277225634,8.80728749221207,0.0
-2.7976285003772277,-2.3162505982999937,-21.798613306102336,17.553840886808747,0.0
2.213750139003971,-4.924708679547281,-23.15683935432616,12.953113126537627,0.0
6.423332816088144,-7.837705420692063,-16.23469084498092,-3.3039836161138467,0.0
10.640307222129818,-11.599094094970454,-17.557657737274813,10.77863330244162,0.0
1.8861940666474446,-12.27927027752628,-16.007502305421106,-4.48551492205437,0.0
-12.579268495933146,-13.133734524561817,-15.335432368743456,-7.013102964185887,0.0
-14.761286895973381,-14.605169188480856,-15.920824810503142,-22.641540878506028,0.0
-20.419415087665417,-11.95635661571332,-23.149170035711645,-7.016617320339005,0.0
-22.847537640431305,-4.461876537098123,-21.19458048398333,-1.112394008004916,0.0
-14.11649120066211,-1.3501359688912782,-14.90081978492373,-5.411379526036821,0.0
-18.598472070301103,-0.5108388888926139,-18.414336785309537,-4.923295258237687,0.0
-18.118108276560335,-2.963347105990369,-11.479124760289741,-0.394674589626943,0.0
-9.677195856699615,-4.038055629152936,-28.88425633506552,11.412637939015138,0.0
-8.809170184777082,-8.207371646844905,-32.58848712131846,-10.166848718958466,0.0
-6.362367807752326,-9.4168042878247,-34.87458586028316,-7.1519862688775016,0.0
-3.567284408567273,-5.900884960254841,-29.22296113533112,-18.308897736817514,0.0
-8.414005856367805,4.373984759320593,-12.047863576574194,-14.959953043889003,0.0
0.5216328937084127,-0.3411981417857451,-27.736738898795945,-17.052868242667774,0.0
-1.115754616833284,1.204237146335333,-26.894999668196967,4.434966004645121,0.0
-9.797951661872904,-1.3767689339284706,-22.025741205908655,8.822053881677784,0.0
-4.3473882908442105,-4.397300071342421,-21.493415668946067,4.208716831908811,0.0
-5.63606151505,-8.887712225070436,-18.994998633448784,8.833206165228859,0.0
-4.499949701929044,-4.056387149219546,-20.616210380523306,16.18422469766304,0.0
-8.764107465604532,-8.439645119534598,-17.4440698396577,17.15021562031023,0.0
-5.073962062141343,-3.612363510793833,-29.284809715311965,-0.01439740141665169,0.0
-5.72756787348099,-7.473697383616869,-20.356047588838813,-0.22869911237483231,0.0
-6.02331575855432,-1.7494613506040215,-25.455808352186835,-12.896962443705396,0.0
-2.4240843747626672,2.254718246548104,-23.441104827540133,-11.379678195118395,0.0
1.1688990167573827,-3.9529607658688746,-14.114620532809038,-17.056348001840277,0.0
-5.035687648581831,2.6130980330574776,-12.731545038288179,9.559449378281943,0.0
5.329957849664675,2.122752922474141,-27.829019963824578,-4.74668221029782,0.0
4.617041493793632,-2.3800590295230917,-22.405707478009017,17.862922840913093,0.0
-2.4260813071763465,5.103804921507378,-25.373300694515734,11.01108068501875,0.0
-3.9468452453903833,0.44637861652515065,-32.955112308938894,7.884694861588324,0.0
1.642397686431998,-1.5358235073580495,-38.964808119710185,-6.924544632351781,0.0
-4.524474978393915,-0.16950711208868885,-25.433499535748435,-19.10100860425643,0.0
-5.269224618786075,-1.4754146548908804,-29.773500772852078,-16.628720163647326,0.0
3.3847861908554746,0.8878958655591773,-26.587109230161303,-0.6331694728443082,0.0
-6.284064856474347,-0.16253842330684143,-26.78992451145806,-8.166543201073592,0.0
2.817209632118084,-3.2530331210039427,-26.600506687543877,-1.4648494365985592,0.0
-0.28247833901178065,-9.274373530065573,-11.469858448975703,-12.542284198951691,0.0
-6.746908532780404,-10.548585461996904,-26.647728892543405,21.67480594912363,0.0
-1.452670578858454,-13.483023026118808,-23.912151304496298,8.710253892614265,0.0
-3.5970266154297073,-8.268858329248015,-20.332886961149065,7.475726436459777,0.0
-10.082218458968578,-7.184930825212787,-16.533015513081533,13.617347785352372,0.0
-5.746534487218646,-2.311737951432406,-11.986195577668196,14.26316441222746,0.0
-1.1765133713921343,-1.6010164455928053,-15.035009075299499,13.044302618069493,0.0
4.65509753964864,0.672859715721184,-21.77189949795536,-15.37884466359333,0.0
7.086692472573475,3.282580597146241,-22.0767425698047,-8.923739031479752,0.0
-2.8774864400459363,1.628637825760447,-21.38997021167242,11.62994330990392,0.0
-11.516729254375608,-11.079399515844344,-27.260906983213367,-9.23328920429746,0.0
2.8178331780664685,-5.947979504665672,-18.918459004972377,-23.923634557630912,0.0
8.625997087376213,0.9364901593495898,-29.218007159727993,-8.363031643153425,0.0
12.677612671259922,-3.7907169075881813,-30.715532180722203,-8.100003418027315,0.0
11.297735115878536,-6.882171861209841,-24.372257425780642,-32.08340210019904,0.0
18.440982558830086,-1.5500974240990288,-31.797546006766083,0.09009251618316316,0.0
25.07288709802574,-4.640139272733249,-26.08913963702471,-5.681079244542974,0.0
22.58569482343688,-1.4130448131305213,-17.17728374369156,18.668741412554986,0.0
25.178681745063024,-3.3364149020032716,-28.515643774242893,2.1789872175773284,0.0
24.25973402367962,-8.054362763327322,-30.366944128174094,-3.5699800972382394,0.0
21.575234067205855,-7.850177386038337,-20.3775852855645,7.346064048657979,0.0
22.51687836977088,-8.867470759223348,-21.241418552124024,-4.621930841162557,0.0
17.805818804998207,-4.576435712453167,-13.021151089190997,-16.20302903933549,0.0
21.879727038378334,-7.6905059655504635,-17.620258533476,-10.822713363173177,0.0
16.808345206219364,-3.110450938375958,-19.25945512668958,4.29114543366221,0.0
17.615960921316088,-3.7218062069607805,-15.053231669637988,5.035659104278124,0.0
21.18846372419679,-6.177717447107618,-29.943192780236885,-1.5761640204239553,0.0
22.455143709640577,0.3307784829008209,-22.856364739790408,-5.145955301753588,0.0
21.568007846375423,2.664550886541572,-30.048115514421198,-20.147567235746422,0.0
22.31418824209777,-4.429254352114015,-20.732371177122197,-7.125364534890188,0.0
20.530693054055146,-2.4469618887358786,-24.417813782619557,-21.303739304960423,0.0
19.51234333634514,-3.6160825567129615,-24.874161413539596,-17.21218869096267,0.0
13.957325281179159,4.314590523102083,-10.550023316795505,4.502845208769122,0.0
23.665706006765184,4.612787145931446,-6.680570128316072,-2.4053549036572415,0.0
29.79579152531413,1.8937017702357537,-14.484547391902183,15.294985456808508,0.0
21.323176135991382,2.936115958636006,-20.998469002627502,8.667103275280489,0.0
18.48352633926096,-8.861896921962527,-18.42355865927307,22.786994700566353,0.0
18.79510750203188,-10.897872789506945,-24.283121891505374,9.51104153695547,0.0
16.292252579090242,-14.943354777841407,-29.447657689217223,28.13675193901664,0.0
14.556710172849364,-4.504272043807461,-25.92571254449507,16.80781882935078,0.0
23.644705472636613,-7.087441552545296,-17.430913293038632,25.816933653844046,0.0
23.3838588340843,-5.818869033839567,-9.23397236724076,10.349863145966133,0.0
24.425092505339123,-7.620525328187335,-12.547498549437861,9.620671394361654,0.0
