x1,x2,x3,x4,y
-2.2106783690581726,17.46077498785789,20.937946925336476,-9.273097126390317,0.0
-4.062390297863168,4.551155689858373,7.375160206969273,-3.8406046811557992,0.0
-3.7416711362199986,-3.5240003221153877,2.6485584994070175,-2.212288750274819,0.0
-1.9410576204523475,7.418792857532743,8.48765616595444,-8.489612752286165,0.0
-4.879810931622228,7.756036393820317,16.19537022370083,-13.388882722972042,0.0
-2.8089195609144193,-0.8332201111365012,17.840247749374726,-15.663321128444093,0.0
-1.5029488899324184,0.9649946343197222,8.39940008250516,-12.263489545079839,0.0
-3.6599031419194317,-2.4620212962871046,10.035836344778282,-12.978526923175988,0.0
-1.148704720828049,7.933849504175663,-2.9410696176733127,-10.792805420734553,0.0
-4.553217080104309,0.3980780702323965,14.273222225624195,-12.1546439014233,0.0
-3.222904914745154,3.0352481281489023,25.511923795082893,-10.432932083939983,0.0
-1.1540277117207296,0.2508996541907067,-1.3993446121183926,-14.551412959755828,0.0
4.0769263239856635,-5.214266813236702,-5.089281987551007,-10.733852861370174,0.0
1.4010773140234885,-2.4371578479979146,-5.098595176133427,-9.712609509649234,0.0
-1.1600064302824624,10.241407500533738,-5.711163676022462,-9.523082591381826,0.0
1.862799807765852,6.3068894938542375,3.172171934021099,-18.292949810440618,0.0
0.10716652822600581,11.783102751617271,-5.387359433960913,-26.71116708463257,0.0
-1.145462768242409,-2.4969414131284697,9.478700843826957,-17.391851695091376,0.0
-1.085178509215285,5.810995545066119,3.18018204296348,-7.671850836370947,0.0
-2.937200439621818,9.297280141338897,5.0002470149852,-6.283020630354371,0.0
-2.134433925770418,6.340571585573706,5.844275585546663,-8.567659090745012,0.0
-5.198364326881024,5.516981580814649,16.366303658836422,-1.8744263409017492,0.0
-4.338232383866172,10.221289471602805,11.01094519290064,-2.7411934976566137,0.0
-3.832727135448254,7.406528070897759,35.08519812882064,-7.031645635870493,0.0
-2.9859413248353013,16.47085446365945,11.014911296842108,-9.650148568376661,0.0
-1.3961546249102188,9.469784020779297,7.278828294146841,-9.470214767686244,0.0
-2.2925695916192215,-5.160301422574269,-5.461562665369156,-8.016630372716667,0.0
-2.386314325487249,2.875747991155115,-7.623123146883096,-11.197214672509114,0.0
2.0673098512396195,8.95000516284819,-12.946213520407873,-8.58325580915885,0.0
0.6562332716113101,10.639912271792172,-13.558361995656103,-11.166522772165681,0.0
-2.1127330944705913,8.902963878004902,-17.675387641338194,-7.278173338020614,0.0
-2.8364001493903865,8.664732986202669,-24.830823256884926,-12.519357814622573,0.0
-2.3426879255385105,6.778865273072449,-8.162867201635818,-13.946421522429276,0.0
2.0624802037731937,3.769875610817871,3.691446526916076,-7.330434054263172,0.0
3.056551665571802,1.551539537958468,8.719455423469352,-6.985680574100575,0.0
0.41293637099662517,-7.04605965166799,8.764691399608049,-10.584806981404705,0.0
1.3265803596883328,2.386901109619647,8.368090035727922,-14.78013912063663,0.0
2.0229002153450653,-3.790438442942034,15.439566662019391,-16.65781411968168,0.0
0.6530474267099136,-3.781837551069607,3.4473686127662067,-10.028981868845367,0.0
0.7459997625226915,4.029911154222589,11.478473543971408,-7.572606075791786,0.0
0.6613892431136623,6.08653658088536,5.696018881978448,-9.587845832180728,0.0
-0.8181045097007107,-0.9668939994573678,6.057902476293037,-9.95328156994448,0.0
1.6381146827639077,10.87130945047537,9.628245467713972,-4.183892871576521,0.0
3.586491441697714,14.069405712691848,9.105182861179111,-5.3409508612759,0.0
5.133363113018487,11.33009787792562,11.65819871574007,-7.817678781152193,0.0
2.731817385708305,6.909737922826533,1.1442179784587865,-12.033198518850176,0.0
-0.7736650247198118,-1.1090993527711708,-12.361377213034475,-8.84523944122643,0.0
6.798245474051485,3.359702283438886,-6.547262600668978,9.330580329962542,0.0
7.067537705074322,0.9770366568417108,-4.7050793162296465,15.463454420533356,0.0
3.9888405669413203,9.143334059462767,6.0235198952657205,18.250862826841235,0.0
8.882434027705683,9.351169373664828,2.6592170112184133,21.522538208701054,0.0
6.639096140868931,7.573111228302106,-3.530325211036207,18.224064247525618,0.0
6.343395103138513,6.552818041760942,6.602858508537943,12.697377149687478,0.0
4.819405240888667,12.7447860635511,10.6797176346587,9.186469323763035,0.0
5.836067203480378,3.4725897630937044,-10.238377124585957,16.87844834182161,0.0
7.293304518707191,1.9401769379977818,-2.4621975871929145,6.371661719690131,0.0
5.852096182464126,0.09901870341618313,17.546817372256754,3.2001351236576365,0.0
1.6393523623953699,-1.80487484208042,8.250594948615683,12.939892810747509,0.0
2.331454235858272,-2.8502749269247074,-4.533874414964523,16.977511387046523,0.0
2.855705455407281,1.0910192880682077,10.783772093615182,13.590499575745302,0.0
7.470855355092438,9.510855448662518,8.601745176297548,17.050824365816514,0.0
7.1548339997251365,11.451644228603438,26.288323517426043,10.560245047828008,0.0
7.229274792787532,3.0016893672243565,6.8735730316960595,9.986123000637441,0.0
6.413079097904176,9.866028298254468,4.95519163278591,8.314380136381919,0.0
8.366639632465265,6.501889438331971,13.359492890050301,11.036039785097596,0.0
12.960091303171794,-8.785405266130041,7.2680107972348384,19.838584130153276,0.0
13.193086140710971,-5.17933411513131,13.018623581060176,20.28239551898652,0.0
8.858083935476596,-1.2865768094739076,18.901059581391166,16.203496900971814,0.0
4.698576537925012,2.400261511960386,16.630295610099473,17.9467536783003,0.0
2.615402688758526,-4.772869937426483,25.541358108292208,13.993118051392319,0.0
4.885861486220354,4.129441335901337,8.837507061087491,16.211666509204193,0.0
3.850358800582984,9.401755917667392,3.2784715082809637,19.93017850698901,0.0
6.860684767954371,6.696183497527341,-22.37446645767278,21.118661201823855,0.0
7.986190584499861,0.7304711773460166,11.265889718621043,25.419981770226038,0.0
8.830986744367275,6.873278571885335,-11.649421364514785,19.596436193316574,0.0
7.7544588700323285,1.698020667200045,-1.553985842918208,20.407907555246315,0.0
6.0407888948126995,5.406470174363349,17.672798890388066,24.84197475775061,0.0
5.233030594162675,7.689065546026452,24.258127802997038,19.70105095877497,0.0
9.004497982658856,5.72734940103079,26.243622712622948,25.107110859559324,0.0
9.782833833578502,5.811346689680183,16.336868710829727,17.089794905037323,0.0
11.91791675836064,5.849650697170476,13.838418427267241,14.819785342856369,0.0
8.511099774218916,5.829876499619568,16.974000026054995,16.181417244526262,0.0
4.7205589553828595,10.307180748949417,6.170249477609587,24.477791314585634,0.0
5.268875552540081,2.3060354373541863,11.276236979799716,19.532445101877855,0.0
5.263234114559514,3.283159673016318,6.406465515836695,19.017224852466487,0.0
7.73643780807577,-0.2448844728965378,0.3595307908972698,11.692763487573444,0.0
8.814791084761037,7.740040216731873,15.49520850678018,23.54606744123042,0.0
9.128199264790533,2.7612015032053145,3.2259343885741947,16.74317291367169,0.0
8.345863663536832,-4.329126100967819,-5.336233975236759,22.719427823553538,0.0
6.034509367568192,0.46315293348336073,11.508338538697616,27.59318540497868,0.0
8.27238562714068,14.089453724628983,7.876350196432903,28.909428081068718,0.0
7.863517531614314,11.689342853472924,-1.0396276052073965,23.171164936613604,0.0
8.75175497968798,5.837053644627392,-2.3107483593080964,24.50789278472485,0.0
8.96795368408197,5.257626238991912,3.9121451811852097,19.445050738248874,0.0
14.500509137504501,-2.870087699854528,20.23897967590858,8.10643768810929,0.0
14.15563516995077,2.5625574128525526,9.134088522153474,6.1920076580025984,0.0
15.186140744904346,-3.474394180182246,4.83871901725071,0.9875394533777309,0.0
13.9872203485251,5.068976849602608,13.184271258401921,-0.27123081303809293,0.0
16.890262422877104,6.410422347516664,27.535777613066486,-3.821387956038004,0.0
14.17823448067518,6.124387011278778,12.6606860458888,1.5854522978868593,0.0
14.647040000773892,-0.8077823298224298,-5.431051268936878,2.653571930008497,0.0
16.112137205529173,-15.918975334378688,2.6976684173235084,1.5608666292143056,0.0
13.165514516478009,-7.471343621166085,14.798082227933524,1.3122451326634148,0.0
14.494923442943408,-3.5193127348914066,1.2281432448951897,-9.081935083676946,0.0
18.549472871666154,-1.9239677337464425,4.708212779530088,4.203584091470505,0.0
18.822583211481266,4.056565412685967,-1.2785329404007886,0.4269682472332661,0.0
17.43511492215171,14.264356574693553,3.1317513451405556,1.8699009590867193,0.0
13.784955191850079,1.9345706965232718,6.305404909716936,2.2859628825303444,0.0
19.098812861541465,6.559362060583259,-10.428402617798405,-2.484165975212987,0.0
15.696078707071829,6.074118084052669,8.368321844469651,7.833963827077772,0.0
14.109809797274243,10.215121670845207,6.314175901480274,10.092409816195186,0.0
10.900696189229382,4.740648406755957,25.252025336226023,9.018026929819776,0.0
16.618540808662534,1.0542918683672795,28.092164792833955,-0.5406912849241468,0.0
15.147652611551822,0.7530550061128962,7.82357041654415,2.3220644608756436,0.0
12.372886675385793,1.0300897985084605,18.607984831067558,3.818625533804791,0.0
13.526112042604273,-0.9824774940653538,16.07184114288907,0.21251805667105006,0.0
16.71543701411542,3.471504368113154,5.703959181453403,0.20313661243050563,0.0
16.13980211650383,-6.6717884784368655,19.397032449216475,1.82334206550455,0.0
13.618692586785562,8.450741931424353,18.65696707531853,-0.012236704249839914,0.0
14.001422738373934,6.6397923367192675,1.0865398354338347,2.2521640261704805,0.0
14.781967125857067,1.8821306976969114,-4.196405837786672,1.7717448716429907,0.0
16.966987347151825,5.067288874589119,-12.45471410103925,-1.4099653448697076,0.0
17.124446764801025,9.85948230435081,18.36915503411884,0.4265868055167399,0.0
14.569722434455622,-1.8890325043773952,8.150707582768613,4.91414142690157,0.0
10.884099327788634,-0.07133404567552759,-7.3170423427363005,-2.1856701156519165,0.0
12.214189513741584,-6.082291987490633,13.134676552101475,-1.197027604068909,0.0
16.570215215328506,3.388834593039021,9.821671201724278,-5.262535773352523,0.0
16.19789980123748,-15.196043062574347,6.4791617141137,-2.678358787888797,0.0
19.31584634367472,-8.077893542413513,10.066439136807793,2.2416755437572946,0.0
17.054586070542463,-4.459717381614361,10.030080282458282,8.343191744672426,0.0
13.081676872516388,-6.750901530688395,9.784975363587762,0.03888984441802501,0.0
16.485701780448156,5.115256392451118,16.006750327673302,0.6419038699617992,0.0
15.803996506483731,-6.589362421841924,29.389922511621688,-0.6659974902240546,0.0
14.813769419693605,-7.263490705551727,19.370202522853234,0.6339609572952101,0.0
15.283049307886635,9.138987075011176,22.851457051090943,3.628308048125259,0.0
15.775450669319,-0.5103467466354177,19.18832079301174,2.4331967856314636,0.0
16.129872019708312,6.0607233246120735,12.24327069180646,-5.487069720436443,0.0
12.54414984417493,13.859977009435285,3.924289274120248,1.4172945703775484,0.0
17.154324659833748,3.3401671415137306,12.453923736598723,-0.8252105090953021,0.0
12.387441108205092,0.8217028969107876,14.598171259097297,4.242092005336701,0.0
15.131923584210321,2.5410719704058673,4.790894290053767,0.5653794047623348,0.0
-2.586195436889211,1.4990504129696856,-9.8854027082231,0.6800139618711531,0.0
-8.77558788178376,12.750953567859458,-3.122268504953731,0.05711032517660275,0.0
-12.54961859903087,7.980175304947313,-4.442819561943803,3.1045636016023153,0.0
-13.784194745566442,3.4353721636897294,3.501213393343459,-6.0368371120087065,0.0
-14.520464759174912,1.5945240746327753,7.768539448220081,-5.6398587307303,0.0
-13.78040039697049,5.409841589377896,14.618830128278198,-1.133713705489233,0.0
-16.610770167439334,-2.7856874022116065,8.493320115715697,1.0661918526010326,0.0
-15.85111984014094,7.227834763171366,-5.199932406399365,2.175687810690114,0.0
-16.658626737497872,-1.212928211880819,-8.348161233980369,11.324931642743948,0.0
-17.640064476237136,-0.1510875937974454,15.184097305216167,2.9174314100416763,0.0
-14.06642596392404,3.5520154144090954,12.128138519857453,-3.448841454586126,0.0
-12.867414465244916,7.08630544391602,5.572188024484381,0.9638101762376302,0.0
-14.273949238089106,-0.35542899165640485,12.595580275280216,-9.40373756034267,0.0
-15.932330954198337,14.992302055758909,3.0000021947536157,-4.337353758850344,0.0
-16.892538589987044,5.281394155282039,4.969998743933515,-1.4021034097884177,0.0
-16.179922871211772,6.637783136641579,5.290228319915976,1.234881083735476,0.0
-15.047164586270652,12.81262913148609,-2.7002090744077547,2.4403306718235998,0.0
-15.750805332304147,1.9724825587624024,17.679682616958843,-1.551516792705749,0.0
-16.479491853029018,2.4786379324144434,8.045436777438663,-5.916250948026395,0.0
-16.04093799229077,-0.7111392854944354,1.6094141089924427,1.2450377964424417,0.0
-13.069758631141914,-4.013804061667088,-8.929333850066477,1.1327998428512471,0.0
-13.998936384188339,-5.966735009150605,-6.1063091175292,-1.9128945594681812,0.0
-14.896436859665254,8.292344149372799,-2.1586348154380763,2.0267655392031187,0.0
-13.966273474529903,10.83479526633197,-3.619038278394634,-3.2862276647486945,0.0
-12.492354243126373,3.1902100498037935,5.579550693112066,-0.6476683328416324,0.0
-17.003196292289513,17.433347110799268,6.50421642235577,-1.6895068249509624,0.0
-17.9249636799875,4.42827011807092,24.956637359760524,-1.356580945406872,0.0
-16.325344829714812,6.901931501752582,19.456614000740444,4.126683403374667,0.0
-14.836511261313943,13.280501176390148,27.95455011564498,2.4459896209267726,0.0
-14.198170437786207,9.56675788645386,16.1621000917903,3.443100381114242,0.0
-14.090930373226263,11.51838269425657,20.714110028922697,-4.561203275742804,0.0
-15.399169729183987,-0.19359281889878166,8.529299464850583,-2.576192934017605,0.0
-15.355600931801028,12.911482097931259,13.214228636705048,-5.2890356024092275,0.0
-17.12044653248865,11.882868854734305,9.255567296978004,-5.273382338872815,0.0
-15.469756367335,13.373386080144016,20.493019522508874,-2.012375551374766,0.0
-16.570405634416097,4.599323621374904,16.221166196500008,1.7642269048729948,0.0
-17.349188291699175,8.909817198910709,14.62352608300898,7.6346038982071835,0.0
-14.519351775169849,2.183909490690061,22.534469863895254,0.5387324320921003,0.0
-16.245992548215362,-13.50551676520681,11.456716264259844,5.808309387964162,0.0
-17.731156945994744,3.4617105899036087,12.970120870413782,3.1647362606621012,0.0
-18.570580763037178,6.753605066087241,10.815813279202667,2.5964044622664275,0.0
-17.866789940796775,5.136406352935936,16.61810635046764,-4.315155489664105,0.0
-14.501949095567209,0.4008179249669652,-4.03242056684193,1.7422617130272755,0.0
-17.88963853030316,5.696432956602827,-0.11149346292086904,3.8711620384759664,0.0
-18.933220243195574,2.392988097309386,-2.442287300930433,5.8297370923880845,0.0
-14.00476672207993,13.18273585016578,8.775006144026781,5.798493914658314,0.0
-13.680868777290044,5.994464539531208,19.983418381064915,4.686288441636966,0.0
-3.031597387807004,-0.7520783411350735,2.791397483411674,10.815203417871812,0.0
4.009767337078786,1.1009288086116047,-13.197546117447857,10.701071077310788,0.0
7.127379371936428,-1.7365669218102022,14.997478369520739,17.032784352652726,0.0
8.288841833272157,10.727673854473915,16.20790110241185,17.384701126511313,0.0
8.269240274536717,8.36687083714392,17.019654477369574,24.264907556115517,0.0
9.649304948593588,-2.007477151045131,30.225976357275737,21.297569655690083,0.0
11.059849007592323,-2.020247901665845,36.13150139960452,27.125148401190852,0.0
10.327176241212792,-3.8583719460538575,30.280203230884148,18.92493856233105,0.0
9.347091302483403,-7.3539831380427305,14.457330364447637,26.995659314358065,0.0
10.983731645774851,5.526240720267211,3.051041901944604,23.54210781896092,0.0
15.06968529579527,7.487074268241293,13.800483061618158,24.35808418881692,0.0
11.7526008612031,4.056730049377233,-9.6880304019987,20.003712593429253,0.0
8.430428591597494,8.673534795806322,-3.2831785520190486,18.54283286216167,0.0
8.108672504033455,11.028550990088572,-8.064933179708337,20.30097031276635,0.0
14.89328971470875,7.466765424592176,1.3437641753335647,17.062631113423254,0.0
11.660696033932467,4.29474607018935,8.51477949855737,12.529996664084063,0.0
13.595706655195368,2.7243813331009497,8.732529106129679,24.34128523173663,0.0
15.542144359564109,-1.5331785046910513,24.20701710872685,18.408957437778746,0.0
14.802647537108975,2.813515317817748,13.067569315475673,24.08707203004964,0.0
11.625737989944708,4.9646830796587125,8.736292870681098,24.079330908447226,0.0
10.19997994759403,8.128104354151537,0.07510954839617234,25.95814732887081,0.0
10.543079217107234,14.901184990569792,-19.971739996637844,22.119605157550414,0.0
10.082353694304986,2.4561422818845244,-18.297923497485886,16.818739048662625,0.0
11.55207212507404,6.619775637713733,1.5921090624204206,24.65231390604181,0.0
7.979308829673279,-3.191862975895642,12.889350044967895,19.282869146662208,0.0
11.114508641081374,1.0676775830351604,23.300031335957634,15.385586606395794,0.0
13.520160916023588,1.560178783548099,19.090340521074246,18.41137922927829,0.0
8.06440666364213,10.777746938305219,13.630507439157622,13.43878790413008,0.0
10.367303355245786,5.386439215042003,14.196123633998624,20.127618741060626,0.0
8.43862002854059,-0.4394661425135249,-6.745820168584267,13.43156275420635,0.0
8.336495712835472,4.6531400820654,0.08032260616886955,14.592996002403591,0.0
6.458312268898435,5.12773318931723,-22.736105483167417,11.857655322349432,0.0
8.373442522202781,6.645991250468105,0.5570840113611961,10.236869693173904,0.0
15.068995002487966,3.1539338205138607,1.4883628834522176,13.558470294259312,0.0
16.91165260177444,4.381746817687348,16.020946488538275,15.033660703130124,0.0
16.320039201528495,4.650366048643647,13.959669050211879,13.275257594111709,0.0
10.047706199757645,0.20598532235785427,-3.344386277934619,12.418793824146501,0.0
6.302407392777512,-1.741494809852008,-9.74751981916327,7.076520415572968,0.0
10.302907648607,14.93930802943478,-0.520908556672735,10.658478054449256,0.0
7.720470411404781,6.421389249058738,-17.21097075246359,15.5806038765925,0.0
11.151111238427987,-0.8003137183831792,3.7849898754862954,20.536566914372862,0.0
10.731705267795647,2.052537088113789,29.822406328400277,14.444771732900213,0.0
11.114847146383555,4.233440187456801,23.62244912744581,19.273671602546887,0.0
8.620265242603253,2.3326241648183537,14.678445609019494,24.206103242824984,0.0
13.514860424218492,4.741370445964428,6.495545225609797,18.488746632938998,0.0
15.141801252893949,14.950772217959873,3.1969290616455,12.950364786535989,0.0
10.507754570473056,12.389740089713943,-8.044382842266746,14.671298535246354,0.0
7.314707057725221,5.0632984611305645,-9.54354301274588,6.072377097622644,0.0
1.6300561871677135,8.675458139560632,20.42289846935567,6.968573335908292,0.0
-1.6797686285158533,4.206720796579532,16.58500776540115,5.37805402677275,0.0
-4.543831614428247,-0.28470412517125465,18.736771560956598,7.17516062880888,0.0
-0.9434196843862999,-0.11243819977157599,6.421000082702257,6.528417555521823,0.0
-4.362646857644124,-0.30350332475552777,8.34778390429465,2.771855974938892,0.0
-1.8952996751226983,4.289446384144522,18.60069794691022,-0.9414182297252558,0.0
-7.422531075226728,-1.3754433704354683,3.5720566728722147,-1.1569952589129135,0.0
-7.231526969254889,4.74224419187399,-16.658063450427857,4.333756684229668,0.0
-4.576480277723213,-2.666500768000553,9.201350240878403,0.13509744652029543,0.0
-4.537852475132954,5.260789212360282,9.817418883312737,0.4945325834573726,0.0
-3.7540733757169873,11.621718773239115,3.95255444530721,-1.6070828280417582,0.0
-0.17966874459811022,6.420477016124146,-14.211993339183225,1.2199186158090147,0.0
-2.2108722259247835,-0.16585634746210287,-4.106789852482446,-4.88696840331477,0.0
-0.21459368865255168,-8.369083998404543,-12.063620377102918,0.8519359161546225,0.0
-1.9376045290144275,-0.5599188720365857,6.325838843604936,0.021199098214976342,0.0
-3.9218012125923516,6.765208972891918,9.418667520525593,-1.3028848918493452,0.0
-0.283834267995152,5.769986533388149,9.532424512655583,-4.656528983805843,0.0
0.32221310303520756,6.087280352520488,7.304146430107296,0.13183332726259112,0.0
-0.8194174430707055,0.5351314544258656,7.208511117747863,-0.4161458079977589,0.0
-1.5509031294901339,3.0589073455540126,7.921083798057527,2.972014221664072,0.0
0.3095518919639506,1.148910346982503,11.393140068405113,1.9189992497913937,0.0
-2.0906783867340297,3.974194669628297,24.941157714204344,3.5462864417695235,0.0
-1.2923323938117974,2.7405834228631516,10.655042725400072,2.4051486154423456,0.0
0.08121194291406475,-3.101116022456778,2.8173949549227455,5.709830132090467,0.0
-0.22756743429306825,-2.6220482871115967,-0.27072375311070473,2.8017702727307006,0.0
-1.817845882566607,-10.699778594900902,-14.725636232524748,-0.14431018173168253,0.0
-6.151115041369877,-2.820142250645982,-6.478694615880853,1.2223968414454363,0.0
-6.387665270051676,7.128672678057378,-6.771036925262327,6.971314448705025,0.0
-5.720745747958874,5.1244300188690435,-17.845690429132542,1.2653314156608793,0.0
-5.606201075737255,4.672827031806317,0.10234802344657368,3.3782398975050927,0.0
-4.030105052996927,1.620830992433973,-13.892443147192534,0.2453444725265992,0.0
-2.5709141471060373,0.7581876413803104,-4.879312582359545,-0.9954426518282582,0.0
-1.1854813507590694,5.912757721538929,-2.396645032756222,4.679011946220317,0.0
-6.029367129095888,-2.327162714423081,3.75766223113935,-2.303833714828328,0.0
-6.374138873566426,-8.645826067976312,-0.29738741974400185,0.08810845186941774,0.0
-5.085143810437902,3.8498539625808794,1.6953156212986382,2.2853755070726685,0.0
-3.361535924673731,3.9760597371345905,-10.629023675083648,-0.4781501881685326,0.0
-4.0465849660890365,4.231292170533623,-0.5967925017728586,4.695705906129042,0.0
-0.5223740241989345,15.16667110375003,0.9475796018807188,-0.5914399117965727,0.0
-0.6543931544451529,12.792912094739041,23.76186250337446,4.125531583051007,0.0
-1.5126983253102337,11.36523895641632,16.866942933752835,1.6929363130585653,0.0
-2.665215829922357,13.578975377994873,27.40740351103696,-0.1802229828620383,0.0
-2.7339355121442503,13.805525554624188,31.5964932526694,0.15428918101211597,0.0
0.1698957530049796,7.598563364803351,7.475544350892763,12.469177490645784,0.0
-0.7891673778457573,7.904818766011164,9.969638580802844,8.826671146921719,0.0
1.5957589492909388,6.0000248678485475,17.525909553228843,-0.9189464972321624,0.0
-12.918130088296198,14.69537007898732,29.552226289509164,8.71779435017659,0.0
-14.200721807834938,7.042753691422664,9.201840584248677,10.455628127549142,0.0
-18.891321382525522,10.577587997658375,-1.0048060772871228,12.728726311628614,0.0
-21.59694502745718,12.5516624370113,-1.441124422534262,19.59976850291035,0.0
-22.734354202206134,3.7014436063705727,-0.05990052102524501,16.004017041466298,0.0
-19.88795397375871,16.862002981786034,-10.055294947732534,8.753839128444326,0.0
-17.75259171058711,12.945767749679419,4.149372015629194,11.358528402940076,0.0
-18.275128376290848,9.23075295967952,-7.5708668161392225,14.995265600819327,0.0
-14.535091444378978,6.584609574803221,15.48631495242926,11.613713849019799,0.0
-12.60458639605256,2.7996260283040635,31.11057997320427,12.493287352277138,0.0
-13.430868950671869,9.162627737240275,21.955324026183355,11.142779133301733,0.0
-11.582894439424908,4.681005201402334,14.162465440801853,7.422361931121554,0.0
-12.507642760204789,17.109605560707273,9.445717778476865,13.769288234214965,0.0
-21.42228356991904,12.927761288854537,9.01063928394229,8.992979502746424,0.0
-17.53521990552731,5.649034419349447,-3.7245878126996423,10.365170693740952,0.0
-23.828887314761225,2.7109765899434146,2.350515965648693,9.731945952600555,0.0
-23.612846354260814,0.09818583427911354,-25.90457321894821,8.240715404366327,0.0
-20.988823415528202,4.395929238089729,-14.508802725780026,13.032208516759011,0.0
-21.072867112984408,3.832051448018377,14.965450719995118,6.172402081839345,0.0
-18.810182669943433,3.9421052268224717,11.382036630996001,9.92446597230527,0.0
-14.602246465876647,4.7393475131353835,-1.0212325487521747,9.900478682291913,0.0
-17.621662090342458,11.963986854007576,4.02918039658762,14.715550784325647,0.0
-16.594009149542742,3.5432946701576964,-3.8072106345621304,24.69307091785416,0.0
-18.617958312568497,-1.3171994127264703,-0.9794154247057709,25.25716505384378,0.0
-20.783078295047886,4.787446360562866,9.335645420849962,15.51932051918276,0.0
-20.444235572571415,0.161603197574002,10.905077072250872,13.011083197834843,0.0
-21.856022007037318,4.019500144018589,9.765838218874558,18.31761255540802,0.0
-21.422449246767655,4.760818056011654,11.611509999331227,11.829384640311229,0.0
-17.22676720134703,2.4705711409838997,15.034491067257182,21.773840324234037,0.0
-20.234157344304187,7.215979960934606,17.427382511983158,18.393466209713914,0.0
-19.294649516702385,10.508898072319878,7.5556426760197315,18.017301507325215,0.0
-19.546321106880637,10.8160610872616,15.60945706009615,16.01379074244526,0.0
-15.79612217686933,6.369526381427248,8.446318831757475,9.791346990056125,0.0
-13.949460783985327,18.649370389415754,17.396314341972154,14.442281922886902,0.0
-9.530410665299872,10.175340813260046,9.814394931424069,11.002960792411905,0.0
-13.021976640339165,7.81480401628824,24.329868284837637,11.503873594223837,0.0
-14.499999634311484,-3.22498383969293,12.696417372764255,11.071096479110727,0.0
-14.54228228088688,-5.280312858698374,19.549794592464707,11.212879718480455,0.0
-17.02249785733977,4.539290592724534,17.692751978935323,12.860651118956355,0.0
-14.014873477778686,2.717418605087917,2.487106954316009,10.303991505603376,0.0
-15.325551799944945,7.940411335306391,24.320253246564842,10.127056846722713,0.0
-17.379538880868513,11.003881471072644,17.54144535894678,11.097227461109044,0.0
-16.805169855474993,5.444521122316052,8.147911429053856,5.901648166266973,0.0
-17.470165057833373,3.1107336316164633,8.780906440672528,8.582477149659123,0.0
-18.12242954453096,7.035310387123298,-7.163183474729494,10.589760370672618,0.0
-21.66298247870374,-1.4313703568492349,-4.2382908643133685,14.215636320103851,0.0
-21.2285014955715,-7.875953742131559,-6.317134826019715,17.920472941907978,0.0
-15.871093972812467,-1.3916663857167713,7.740514761639953,15.423957930429243,0.0
-13.867090513490414,2.931678094421855,3.969138267988411,7.798778149014516,0.0
-13.09684480710582,4.436039673589205,-5.923665860383535,-2.200468752408306,0.0
-14.073701497634916,4.079744999493997,-12.97508894113533,-1.3229533731668353,0.0
-12.305664066194673,8.853368570078272,-15.994245849771408,-0.6979167203880001,0.0
-12.45443114210495,10.923985759308827,-4.906851346301355,-6.69718927260586,0.0
-18.643504967882084,3.075533571680518,-0.3088149422605593,-4.546126051387748,0.0
-20.797622546992756,2.5666354825534703,-2.6170485396295406,1.2509426188942558,0.0
-13.269374874493963,12.323279585702053,-6.397557241541672,-2.338632967230138,0.0
-13.63685274119111,13.207927255263195,12.509341931908624,-0.2748991513556429,0.0
-14.438931483838182,6.847617794220968,-26.483002094488143,-1.1577583011906776,0.0
-16.522008369790985,3.372691657429667,-3.2517987695001436,9.570288269520105,0.0
-18.588440977651256,2.1349345215114286,11.010177510304244,10.08094482566501,0.0
-14.618875967128375,-5.571340543144455,10.025059819844913,4.042985746843997,0.0
-11.316365726155084,-8.218179165430081,1.144827663473123,-5.70846513379785,0.0
-18.179533999576865,-6.958817155921769,-3.271337469073204,5.927736709163023,0.0
-19.092492194700124,6.478566692710162,-4.807186226323989,3.0451152729036615,0.0
-16.33308395318148,12.049869171172228,1.6474095596053235,0.26431663582684717,0.0
-15.06771806687274,12.210127522504047,-6.438953206291282,5.074713326576906,0.0
-18.530304220160666,5.372458117591428,-8.448867417006126,5.971438633267993,0.0
-11.8051424489636,12.72030335779344,-7.4106312774612615,5.9305464869186055,0.0
-13.209829305734182,9.005307642907251,-19.5656710716168,-5.220624563751588,0.0
-16.32005855300007,3.0866832624374214,-1.089561219161539,-1.1319257222207062,0.0
-17.94439558110774,1.2733746165001754,-4.681820655816965,3.943242472993887,0.0
-13.766621651096083,9.538744503247074,7.9218820023156375,13.449036889853943,0.0
-12.46316024848879,7.023318398840847,15.519040800118985,8.943285882483558,0.0
-15.765425559311211,15.0581052515283,0.16414170601799238,5.553881910714067,0.0
-16.55158204668301,16.593324545997433,-15.135340894890552,-0.7867665498561598,0.0
-16.879552728973337,20.273939513242375,-15.560499502043104,-0.869619709362225,0.0
-14.659382474551709,14.94258404442889,-9.488680767632548,-3.91816001903861,0.0
-15.796688499137863,16.481975571119023,-3.8497023480161108,-5.583982795264032,0.0
-15.693626291554907,13.416602331278504,11.9102628464993,-4.423725613152188,0.0
-16.025821426784784,4.255834181833404,-2.1859632241075655,2.3881970165102433,0.0
-11.087770779015425,5.044792984309621,-2.607044883647479,4.462555058992052,0.0
-14.602985668828891,-1.0511887448609185,19.131666834093306,1.2772260167827785,0.0
-12.791672595001096,-11.076222347709214,11.097368190514363,2.052158326216965,0.0
-18.267551987936905,2.5099261775259603,23.756047630676985,-5.824760334842791,0.0
-16.307834444906465,2.892801411846606,21.004778021989033,-5.413663653085126,0.0
-19.88587635371444,10.619603529462376,18.49139599678729,-1.393947018389595,0.0
-17.966162889912155,1.6262583141860754,8.329789206480399,-0.023007933142143777,0.0
-15.206151823217086,3.854939154779471,13.38286424772101,1.1613723659599606,0.0
-14.912162040717584,0.8452055055377179,29.5283361638265,5.424658363980713,0.0
-13.163595506576026,10.246223533135487,10.797549536193337,-2.994585993893488,0.0
-9.332061622310043,9.58849075026188,21.222966306607766,-5.3059035501510845,0.0
-13.197542467109452,6.700093156884665,21.246369664357417,-1.4975688756129006,0.0
-15.532338867098069,7.391472811959159,37.311572312332274,-4.9731988012172135,0.0
-12.192940585296641,9.65398700261333,38.00119075657801,1.0587480308086876,0.0
-2.559225055377227,-1.8333263661237025,23.246455157677822,-3.301406608060449,0.0
2.637388442970067,-0.3657815060437475,7.410536959209939,-6.822013220941474,0.0
4.98177337019549,2.132685621462689,7.376747225291907,-8.638356754618732,0.0
5.764790079389956,-1.524974465889427,-5.755370038890568,-5.464827741576372,0.0
9.017638294454256,-1.2565808533518954,3.811527694156182,-10.33702179812025,0.0
9.76036252956585,-7.348622878672181,-7.02715778475036,-2.4533003592244658,0.0
15.34785326797012,-6.980337096061741,-1.5872691069306182,-14.01344368357419,0.0
10.784790275563076,-2.1423536582983087,7.682383581509666,-12.833517293059797,0.0
10.5356053977219,7.148871726539355,5.8553244165220235,-8.583541533953827,0.0
7.837798837571212,1.5523676505903399,2.2084851041299656,-17.24826675226349,0.0
7.851848765604473,4.323922154864942,6.267839110439819,-18.486270698808404,0.0
9.02990759371198,11.840214190812612,9.944933978787539,-11.198945499512645,0.0
9.90654051354245,2.4060365878727974,9.213796816780704,-13.059003342653241,0.0
6.640437937233621,10.03213589753502,11.247136292568872,-17.07351336159392,0.0
5.184704919805253,12.480715130029521,0.2968140525433576,-7.486898405022511,0.0
5.975583833884631,13.482400255685606,3.152630927880808,-11.865954566966181,0.0
8.40997297032019,12.494163675442364,2.6756725484918764,-9.07510724757071,0.0
8.07710434892077,5.144937117274631,-0.821087963603194,-9.569830112780245,0.0
12.243944062232238,5.1244473594568145,-15.30110921564959,-10.603875146839197,0.0
10.891694733509071,6.27795646490087,9.007354435320194,-10.503701614538395,0.0
10.116884015790887,7.659144568931723,0.3679735443114116,-11.719177539665528,0.0
10.959545240922246,9.536134242995661,-22.353017721663083,-7.530001317936494,0.0
9.076026785645524,10.997623003732752,-9.875282471647147,-5.441132684283913,0.0
9.066012768130955,8.90732617037309,-1.7270779645859546,-9.463347304159859,0.0
10.450313527630922,3.8300436289258264,-11.311045417899372,-14.752248735145479,0.0
11.545853756789509,10.623306386523799,1.6404863338423161,-7.8847072427353755,0.0
10.987820842690383,4.275625427181855,6.003451119678387,-0.8384789104299166,0.0
9.714367448861504,-8.688086092161843,-14.247374256755702,-7.016775278359059,0.0
8.799279971036773,0.022960776811832062,-8.86101181100324,-4.063516269251414,0.0
5.860327321757502,4.842957580466301,9.31674721969069,-9.089467357639684,0.0
8.327044267689864,9.31346532354837,4.8499490283924365,-12.942634778489769,0.0
9.240075916947022,4.387870053776631,-12.574799821289172,-20.12105415799734,0.0
10.532004801860694,2.4491151290447672,-10.513746040516635,-15.469793324576973,0.0
9.98052691789618,0.5382001557608018,-21.43062373063413,-15.58220457902356,0.0
7.729274083826998,4.50003287954105,-5.781631255809508,-20.725275315454933,0.0
12.364935033842961,-0.290643275752831,5.894856130963149,-9.218786758244642,0.0
13.56875076318473,6.293372332444527,-3.0558046310916853,-1.749801025705242,0.0
14.523716637881707,1.806905730063277,-14.393620869466035,-3.4376846171990536,0.0
11.118804930369265,1.9043104631767118,-8.574019354458546,1.2760894898235637,0.0
10.330954851031304,5.454084521813696,6.227290725553171,-10.891924092651198,0.0
10.063603966681434,6.508019765257516,9.262868180028622,-10.596673366289597,0.0
11.23836082290643,0.9645837887835961,-0.08891995361603655,-17.84844368533266,0.0
13.046694260333531,2.304295782984272,13.385564002655792,-18.56260761363126,0.0
10.407518100467744,2.1948098340582542,3.218981467758246,-24.013571554859944,0.0
11.8212029144236,4.497804136675356,8.76221710102951,-24.026982875991347,0.0
11.206254434600735,6.497599647777851,-4.558220044758763,-20.957358544231624,0.0
10.873569949144557,-4.228859478585898,-12.60045706347743,-14.51115352012239,0.0
5.273022430471357,-1.9938038647491254,-1.916831571671463,-16.47849164955493,0.0
7.339576714632876,-3.1404855211466587,9.450661089912252,-24.62655707717692,0.0
10.220083675678847,-3.5681753294077727,0.5746634158849742,-27.59977092558875,0.0
12.400740759120467,11.863224649996003,18.589404189537042,-21.76607066236667,0.0
11.89777456497134,2.1619476417401104,16.066571474874976,-16.94706425410417,0.0
8.093445827268635,0.0033102244579238382,7.172821343115146,-18.779550780949783,0.0
7.763623645032814,1.3278828398659073,15.910407529618956,-24.394628885710777,0.0
13.46759176676949,0.2437165409380413,17.133211840596573,-18.66288652026404,0.0
8.437469526748801,-5.34650293901856,29.62796522090559,-24.05972722417199,0.0
10.057222749650098,-10.74465075689268,-6.884589593913688,-23.241910933189082,0.0
10.281334893357386,-8.1407432282566,-7.208040896880261,-26.98573859161415,0.0
11.831263143760626,-8.149222206905247,-0.5799092886709403,-21.900703553891866,0.0
9.736408216072668,-12.759807490656275,0.14430705260405396,-16.83427712753152,0.0
10.015603340485232,-1.0123800884028444,-18.534014861873928,-18.3140657981848,0.0
8.558983999594785,0.5157679140422697,-11.411422595525245,-9.66211064309538,0.0
13.194005646282319,-0.8651847486209086,-10.093878866695347,-8.23359582304166,0.0
8.865408134593329,-2.165605809378353,13.568107709345641,-14.69680728246619,0.0
7.203997037912339,-2.3185869645525106,12.052306120100196,-16.675095129675956,0.0
9.735820850026519,8.784723604316834,3.603655608858693,-12.290564840210088,0.0
9.665892919057928,-1.0253670734585096,-17.23107664246321,-20.705486964735385,0.0
8.268066134991098,-3.9524590200569123,-4.674268010089546,-14.436335382221898,0.0
6.935165392243317,2.003913583200462,-8.023966167718385,-12.403894180331559,0.0
7.396694612371179,12.16125791063481,0.6845139268934273,-26.285063020526838,0.0
7.277422148580321,6.219224551497399,3.6995129404310276,-13.335430407737041,0.0
7.543441125874516,13.520197703909135,8.939531065022884,-12.525889858970526,0.0
7.964477415273226,2.3645850301959994,12.109998125788538,-18.56213648792409,0.0
8.522925800680701,3.94820997738937,11.898400222102829,-21.361310883644435,0.0
6.942093285941851,7.764909731829509,9.143583493816273,-16.009600833401386,0.0
12.445863032688827,14.174203258782265,1.1972664228293644,-17.90915044078724,0.0
13.726398333604617,17.651999963157955,-2.6193917202772674,-16.167730608794084,0.0
11.905492976751368,9.365406538057755,5.132325341447741,-13.369886905549578,0.0
11.734612153371954,1.6272683586391512,5.893229143564462,-14.82002634628009,0.0
11.972747385894674,1.3821288503010791,15.419930030466316,-14.990017580939224,0.0
7.714039654070024,-2.521235824894203,37.07852711941618,-21.20517914333022,0.0
7.770040337587568,0.32420975373823024,35.838020782694414,-21.45242214322195,0.0
7.211763615811785,1.036362914497095,23.52674012058464,-33.20851337284874,0.0
6.52983225066642,-6.113769764868105,18.922184499204214,-22.999723794307954,0.0
7.991305421546383,-5.499428211304818,22.316207167110175,-20.977820579822243,0.0
9.308800563014493,-3.2937728498584344,23.29705810450306,-13.692743113401143,0.0
6.7060651597373475,0.19344794741542692,15.376163578565283,-16.293996565203866,0.0
10.196184906580484,-0.46271840148833343,9.084342853165406,-15.211342061044608,0.0
13.773633009043374,5.024748303534277,9.297686097303231,-23.012400032205385,0.0
11.55154865253611,14.597639008941174,8.27463363356745,-26.321201209182558,0.0
9.024590467994994,18.238296767697495,-2.2477799362008177,-25.257387482037682,0.0
8.704338368354493,-12.153577063058261,7.258014013615382,-21.43964616962161,0.0
12.045872509611435,-7.330490866927468,10.72142491595195,-20.1798661702282,0.0
12.203538645011005,1.9278667069019504,7.778194091618756,-15.309885382080138,0.0
6.539601093160174,9.30069308447017,2.9298906989417652,7.602883453021769,0.0
5.431302534484662,2.0902815639224963,0.4578779621569229,10.118800616559202,0.0
-1.3100567747834277,2.6106708160736103,6.395524926627793,9.066114407936816,0.0
-3.3441776868855193,8.387491378089749,-2.710394860377658,14.231439884935911,0.0
-3.0008911461982017,6.85814270502807,4.630780017961513,14.605099047960865,0.0
-6.278210551558914,0.11052741536979749,-0.6061111012043803,16.14351017315177,0.0
-3.9901190828969755,-3.6987412248718847,2.5061763677485307,21.145209988478513,0.0
-0.0936700872579257,4.488854155537433,10.876745972739004,25.349980582229065,0.0
-0.5082549291120959,9.506167209203369,13.81185624008023,28.029991994411517,0.0
-2.324033077812744,3.065022299594734,9.442605360316984,23.455914589842514,0.0
-6.920144648059853,1.0918534900674568,21.218061527221334,23.76612996202843,0.0
-5.53627481685346,5.898584499334465,11.422642261153978,17.080143490939097,0.0
-5.719301879899282,4.210368268273323,11.000767812724018,18.927291806563204,0.0
-5.393892653807644,-2.2946068815717906,20.921906255161097,11.256834551910242,0.0
-5.73278817570708,-2.30572123756864,16.612117537882405,20.57921842101573,0.0
-7.388519487212527,-5.664208082846621,4.074513816510877,19.638180145790074,0.0
-4.382490135199795,11.207000680229854,12.325561211228017,17.807422032834484,0.0
-3.531001936957267,3.1115875573027454,-0.38455046235894486,25.841158444915852,0.0
-1.7594532863056864,-0.9400701860672749,3.4401292467787288,29.58285261959094,0.0
-3.991737510854878,3.1844329170346666,0.7131119053254587,19.28310749743603,0.0
-1.4623544993481952,6.076082485452693,1.168367314671901,13.397831991702681,0.0
-1.4091960241630532,16.940886245491022,2.16219500543019,20.796548352824434,0.0
-2.111035205348134,8.737445409038706,-7.988042163888034,19.565690003954145,0.0
-3.330766241133667,0.8546483200278412,2.7932119799904154,24.947029408414494,0.0
-2.730618842907006,8.54721940880152,11.969018327023374,23.3166693980746,0.0
-2.8920940520306284,16.657093508796617,10.22820106762164,24.04453480981325,0.0
-1.2248732376538705,10.634028367086959,7.180754964972955,32.001464574520625,0.0
-4.919626438893527,10.311731951285882,1.0535744885410612,23.99158481121076,0.0
-0.9151774095919265,-3.6404061491565063,15.842674524655745,18.70929510581809,0.0
-1.977882312042571,2.7365117239950525,17.695859531396714,20.33067965513858,0.0
1.132931569061519,-3.763695074977946,31.774337859666637,21.115446929284886,0.0
-5.313039643150416,5.092326197462692,15.48443622904209,19.48225472043862,0.0
-2.0513817969144323,-4.475985379704268,19.421939599186896,16.231281521171407,0.0
0.7378707783408296,-5.772438086061858,20.91510087488888,24.9309006855367,0.0
1.144705636814944,-6.191121865200934,5.574504696186134,16.86586079236874,0.0
-0.24589132781621137,7.358848125133447,8.218288814356676,20.658462114573915,0.0
-3.5596194396462986,4.928094958528808,13.54608851614459,17.592960431073042,0.0
-2.361338538886444,4.961571221252714,20.478995869497552,26.822720080798998,0.0
2.0188886019948575,1.3572974802653874,2.17754586109099,19.71455975384412,0.0
1.77025738955847,10.845258891398242,7.4464619526675895,22.7403227795111,0.0
-2.36466731875117,12.089962675358827,10.748746105718773,26.75573439473496,0.0
-3.8073303922201243,4.856908779251393,-4.417179349239145,21.050614979499034,0.0
-1.9987199126326545,2.2645087256286294,3.4318731880308944,22.046104839825496,0.0
-3.7003972919057393,11.293567004487363,8.997074840354191,18.81930826674308,0.0
-5.759674910620484,10.827733965837972,5.009600337706856,25.829169076520408,0.0
-4.135062776455275,7.083342609486639,13.865168051954747,20.034157521919884,0.0
-4.95909776852335,5.87276615646618,5.5531304657680876,19.41257070572047,0.0
6.92765156661375,4.047080802907801,17.05514425610567,11.357606301067142,0.0
9.938931101002057,11.792605535177875,10.86078852614492,3.5638189771980473,0.0
14.371658209560758,14.192529725751228,-3.4873424029022013,-2.7711860940455613,0.0
17.43890906226268,13.419120717492435,2.9577619699410573,-5.172494097405784,0.0
16.778644592465405,1.7584614902548514,4.020107728480155,-1.2138406616825572,0.0
11.728684112091546,0.95757508995408,23.441307015253756,-7.047374446667851,0.0
14.79270498331446,-8.23136469324957,8.270526704109557,1.7347772069961027,0.0
15.207559226456205,-4.972549762170907,14.886377466587078,5.550098282427412,0.0
13.552683596244918,3.934878359038305,4.432007072672902,4.828887298803076,0.0
13.872352749611016,6.379506978924615,4.359559077138614,0.8096703482955135,0.0
16.445700780674667,4.736043652560545,-18.7026612759463,3.430786574042874,0.0
16.532936754023048,7.276945147533606,-15.787975215581522,3.6000856737679614,0.0
20.182195988410108,9.708551304139856,-4.154691162679317,2.9609165644405677,0.0
19.68104238162794,12.707582903223809,13.140439473283779,9.813577812638957,0.0
15.73367727892338,4.158105523474125,2.067118921704319,8.620542535012216,0.0
16.45558102550532,8.026083274847629,14.406151893475595,3.339408541409683,0.0
18.123835510595875,9.941989063946766,-2.108251373290974,4.919529654484355,0.0
17.081217531406143,1.2885263241356624,10.709927022612902,7.01198478054611,0.0
15.364154065119614,4.706793073683015,8.239491170718516,5.1455939042504575,0.0
17.40914905579305,14.323458132998258,2.9732304275060906,4.726608784695224,0.0
19.081386954744705,13.001255691534286,12.67452129534242,-9.329827506312114,0.0
14.283575148421995,2.5220902576965982,-10.400274565043187,-1.4316504130851841,0.0
13.973318183624713,2.3435963598488856,6.642441293613194,-1.9385300994771881,0.0
17.497283862446462,8.955664342938014,1.3029591947142838,-2.282682337932277,0.0
17.7814045766504,4.641097750747176,6.0371305131670745,-3.2682482117385625,0.0
16.952070521551466,8.238711099880943,13.537501143874435,2.3893669504166946,0.0
19.489199321710462,11.142403385291775,1.1610412451115648,-8.999326261266335,0.0
17.479074163257327,16.670697184735626,9.531244645881696,-0.8352181950860182,0.0
20.08230608855058,11.090625951420467,-2.70884948549343,-5.229064572381285,0.0
21.49922904091798,4.753947266513216,9.034843163212921,-2.6423414192975088,0.0
14.980682864955233,12.659294269241794,32.459968360271695,3.1495909582554606,0.0
13.138870951782007,0.20251528746112513,34.650784328533106,0.9057930249901875,0.0
19.570895947117933,-1.8711689466135812,18.831799717045918,4.85061740336103,0.0
17.621317740136075,7.208358582320297,5.0530630628954825,-0.01745971159698767,0.0
18.186118222597898,-0.010329125444213494,4.711676737179218,-3.8150088930552117,0.0
19.851180705249757,0.49898074182378505,12.693956276404318,0.9463183210981363,0.0
18.943045772762545,-0.6777104497519573,10.880354072358763,-2.584323749371796,0.0
15.811262884315127,9.185970214331604,28.314817798018343,-1.6647508230583679,0.0
16.313787217267038,8.35015254710159,23.864366986036618,-0.5490648217046887,0.0
13.020513287340723,5.774768423321176,20.698097564189283,1.9519592254240459,0.0
13.43047073531547,10.102734854217623,16.48808602367416,2.7808310780072536,0.0
13.205722315939397,4.337954289827132,15.294108962358091,8.13468256532915,0.0
12.667951315288398,5.920675681680069,8.721705623251674,-0.5456230787870362,0.0
17.40475931075394,18.239400676942743,2.0702697957593355,5.982832354531417,0.0
16.830920380945457,13.379720252945209,-4.881877481078593,1.306124660633583,0.0
16.17799342000925,0.7647767225992097,10.188297623844983,-1.5682471446811852,0.0
19.092473984470633,-1.5275228725151475,20.481037001355958,2.5893139715128055,0.0
-0.41312350284095434,-1.257564747032336,10.966732906553379,3.7899750741284377,0.0
-9.119359651491656,-0.17692333237383373,9.839831564415718,0.39052044675366737,0.0
-11.536966444638969,-2.543708080427951,9.085104452672947,-7.609318503267655,0.0
-16.467437327550012,8.006844989444033,-12.893162313637223,-12.136231472530365,0.0
-17.065243752922914,12.71562918948189,-9.762896635858892,-10.62778095102572,0.0
-16.27485184819488,6.604235819435264,-26.578379965307928,-11.233397245857258,0.0
-20.479873088256724,10.33275696323648,-17.188676694902682,1.2366290134091837,0.0
-17.84384927201755,1.7111668229278578,-9.16587426069169,0.8341030250837678,0.0
-15.256399595076896,4.894505321092167,-30.6185779486282,-6.341265396081361,0.0
-19.71420464175563,14.211907779527099,-29.09747069952797,-6.6855911943046635,0.0
-16.493781812597106,7.908421067271887,-13.843268199549627,4.826640422881339,0.0
-16.812946608312796,5.03774603465855,-11.341178235100815,0.8535920319314823,0.0
-14.856441005071977,3.3506393645926202,2.285194734778414,-10.282828041874824,0.0
-11.2483884475187,3.0101011959188506,25.231470907486703,-11.705505419239099,0.0
-15.23315468754086,9.438450398352904,24.18746271285964,-7.201487086600936,0.0
-19.690322431701986,8.206253217889278,14.030997272163145,-4.22336604459172,0.0
-15.255424123182575,1.1589863901026756,17.004560403070037,-1.7720369591738585,0.0
-19.795595100233626,3.698752566896144,12.015624037789813,-8.358853921809724,0.0
-17.740588345829636,4.540258574499707,11.836126037045593,-16.46955854239934,0.0
-18.20694217662954,-0.9633632207002227,6.154042693326248,-6.340013416355969,0.0
-13.976254971502827,1.6935100219225712,9.374895214338936,-7.680879675166688,0.0
-19.52608947582101,2.9036610730049954,2.922309510574557,-1.5958095279308706,0.0
-18.45844128137801,1.815284659559775,22.254646183222228,-3.9639446504406575,0.0
-19.29899556916497,2.441128704613304,23.08880461200529,-12.529102636400058,0.0
-17.204399992461433,-5.029097465803211,18.439367463151054,-13.407326264004993,0.0
-17.720657195211388,-0.7318711141368932,6.696237959195425,-7.814994254794064,0.0
-16.358840763536207,-8.800611715354613,3.0131277424842047,-10.481477931876967,0.0
-18.116820501129723,-7.633008329975077,9.3204887140677,-1.197935780834115,0.0
-18.382075636237467,0.9378232255313779,21.1816340231032,-6.662972797555195,0.0
-15.465051687698406,-2.155241004950673,35.75680118122934,-10.549062989526174,0.0
-14.024731067176502,2.9234216259319483,18.956649403854804,-10.919238673603681,0.0
-17.4873370057213,4.94955382916499,12.244839511075737,-13.288904793417569,0.0
-17.90147973023802,7.243438268492863,13.77582437964708,-7.057618413019792,0.0
-14.786966045585219,10.886726727524948,6.169171153992631,-13.823070892935752,0.0
-17.307817635447737,9.652879845009345,3.6534270473416703,-3.271367306041359,0.0
-18.355777346299867,-4.144806746795025,16.32360528236452,-8.995984604772449,0.0
-17.953924634963354,-1.2267326210717635,21.835627333546036,2.6327458724693695,0.0
-15.674378194419427,7.999684982615993,27.447453166340857,-4.315059361264883,0.0
-15.977539644325788,6.481612273824128,30.503222050076875,-10.276308694504634,0.0
-13.8373761139115,3.7573924945688653,14.21618125848666,-5.242688583707575,0.0
-15.431252886807306,1.389180665467775,-4.458946095303318,-7.029058118725855,0.0
-14.549216514703646,5.581317454035384,-11.3284737270129,-10.823586613418456,0.0
-14.21033799560828,-1.664643335806396,-15.255219048784706,-7.190982287411337,0.0
-14.689107566450119,-9.167021722697418,-1.030789524539081,-1.3089839823129745,0.0
-15.552313535533653,-0.24337692060791127,-1.9925104737450443,-4.3461961695043465,0.0
-15.210453097260316,0.029585113793095363,0.9331541113903743,-3.151087801500504,0.0
-14.670573357008163,-2.5765874872201993,11.94645530182572,-8.443180618050686,0.0
-15.591062623854034,-8.8118660238827,13.817410884030839,-6.528034887696725,0.0
-14.01625259566763,-5.842765176519169,9.611046381523431,4.0306715658742425,0.0
-19.22768733140372,2.5252625016843364,16.98199593058734,1.4329989959822123,0.0
-19.52957406005716,1.7579685120714856,28.197374295323105,0.2611657488213487,0.0
-19.580906967805912,-0.670376766353648,12.625851401227788,-1.8026799840900682,0.0
-17.777492691248288,8.686551000589734,-4.121324800596034,-3.2918055215565536,0.0
-16.149093251784482,5.204477301476582,0.20611315455207269,-3.1994346480131184,0.0
-19.785883767771626,-0.9115172925511486,8.810707859104086,-7.056855575637529,0.0
-21.19260046951257,9.481993830799794,9.714433449970034,-0.794645894844296,0.0
-22.72858934894254,7.998517342672416,6.032325619058939,-5.553551078209368,0.0
-22.763880858958483,8.414584552752567,5.726895283872871,0.6868797032420252,0.0
-18.061470989929,3.6133590882907805,-13.508995745378414,-3.937023263208191,0.0
-14.780714010878516,7.269385891603813,-8.009985599987498,1.6606492935942434,0.0
-14.848837529478201,4.1534136673081,-6.772385761460548,3.8561096495440785,0.0
-14.47240336724188,2.62295670581598,1.1215325594667496,-0.3818962651289382,0.0
-15.595940155585378,-13.476487126062754,15.854970073642676,1.7497117494706234,0.0
-13.303841888172565,-13.458463838248493,5.677315527193062,-7.00612827981352,0.0
-13.60363765166706,3.478423019193885,9.302764096891904,-4.618214987523326,0.0
-14.97943214825639,5.867781554033406,6.9134070853490295,-2.1712448800956454,0.0
-20.592171885874713,1.1442460463621318,2.9766632283130123,6.346164616257338,0.0
-15.766510025994362,3.3677656524393216,29.66593896341419,3.5386562525352656,0.0
-14.277648382181528,8.252105640604936,8.923706605834235,4.0059609773868115,0.0
-17.945970698340183,7.349736527302614,2.217715587417209,-3.3481517606669224,0.0
-16.74654198339309,-0.6791830410023074,-6.085035623384988,-5.912215018782337,0.0
-20.51735860839336,-5.572028543277362,-22.153963465288808,-0.9966036339318718,0.0
-21.95437980353936,-3.254163139709293,-4.025021615080721,-0.3653184620180663,0.0
-19.531594056630468,5.777290161077698,-14.865423579294896,-2.240248307917742,0.0
-15.21344324789328,8.157526092967357,-7.117602654874,-6.871597262485471,0.0
-16.542459421387996,-3.4593618043222003,6.369739106400994,-7.375590826325527,0.0
-15.741474448741334,2.8625177956263523,-5.0022621787947665,-7.0565716063798964,0.0
-19.30287113433322,13.589313057046791,0.7548136978453299,-10.018246838677552,0.0
-18.941547600939227,7.362823986256499,7.05765937739881,-5.851200268380124,0.0
-18.078782741972518,9.981252851802095,14.849261308055045,-10.705294985677494,0.0
-14.109250329761174,1.3954732899958024,7.6864921681405285,-8.53235885787058,0.0
-16.64137775633643,0.5338457000718488,9.152657682927138,-10.649468251907633,0.0
-18.15506931215102,9.976392823992512,9.350085473301126,1.812469881226289,0.0
-16.280760034436423,-0.19181868732943563,21.000409852809266,5.163782382559595,0.0
-15.778617774713656,5.257166294236382,22.166300438616105,6.553480867674032,0.0
-16.063895184609198,-3.0496900459883625,20.51727097925244,3.196662304435856,0.0
-18.07953465723891,-3.6081806464102617,17.05911571472258,7.747956230370985,0.0
-15.909026698834325,5.638127928254205,2.4766391244053585,4.161640756466753,0.0
-16.742833438596787,4.7182789178382025,9.18946026191259,5.344712867983093,0.0
-21.42469423048845,4.700745607041864,5.536566035030164,2.5736885172501225,0.0
-22.079027279374138,-0.3057857868987579,23.052652172569744,-0.6815148737377111,0.0
-24.77395505128397,8.825900811898425,16.00533874937573,-2.080591866251227,0.0
-20.22592644696926,2.5023522914766874,21.584117869393236,-3.586429678238178,0.0
-21.421405812359062,0.8501373071625542,12.84593299106357,-0.11158303813015458,0.0
-8.211576298849616,9.130741141423218,3.2355807442362696,13.63646866127385,0.0
3.9513983726461213,11.793330134260634,0.18075427247228237,14.304243909955233,0.0
7.696276534077618,8.22151564897457,-0.23774146569596155,7.65242822938842,0.0
2.600759339502181,12.530803783616287,22.99837260685943,11.939110627750846,0.0
8.066596496465163,12.779659927890169,23.5545640242418,12.973702853024712,0.0
9.054017041521925,17.22418871304204,32.681825819149466,6.106517578927412,0.0
9.557699070755541,14.702760134307285,-1.9615352449184176,2.1988256957103545,0.0
8.472542705433064,1.826779166221281,15.049516933907217,4.478444582288002,0.0
6.148069612651163,-2.129726741873598,-2.071759976075885,15.274127308980262,0.0
8.451566802969595,2.7391212857152096,17.84629871485385,15.974219838921066,0.0
6.5604828068937575,-4.198855479901541,36.03083011305853,6.003264077845872,0.0
8.200418209513566,-5.076137220912619,28.818568846986384,0.14189964484865136,0.0
8.628177803489214,-1.3333024810086935,26.751483990552316,-1.299634791428315,0.0
6.363043198667427,0.4122383852676781,12.99217585286144,-2.910439571962087,0.0
8.128861433819633,2.4210091573808707,-2.582291365336148,-2.347048872921996,0.0
8.982318903761483,5.952237932212677,16.015584382483848,7.9296978103659495,0.0
7.390033726767985,5.855541804490075,17.412062993873477,6.298137916803123,0.0
9.114863100150663,-6.889729579509552,35.71365645180174,4.22657741515516,0.0
10.425786320518519,4.674952592867742,24.785858195701316,4.5508444526540615,0.0
12.35587116590056,8.905053888593299,16.2429042191957,9.444641691028052,0.0
9.525589401743746,3.4029930387329865,24.626522839027892,6.549634460642329,0.0
10.865012356549581,3.6308527222246134,20.056175736040213,10.359529226670771,0.0
12.324630040459152,2.7616402201881916,26.96027718946679,-1.0562476347601208,0.0
9.003758993144043,-1.0736092127983978,29.621923957787075,3.2698825284435005,0.0
7.714050519206188,-8.478047365090116,7.927223668614445,2.1312900365063445,0.0
5.656024300351658,5.668470154340846,6.223521010063297,7.610264616506005,0.0
4.514213373220468,4.955300697392293,4.374577901780423,-0.06309039395867977,0.0
3.207325379852172,8.302598871084609,8.506049533559006,6.343450432245701,0.0
7.714738973321893,9.210744199624369,19.860289211511276,5.881060483261587,0.0
9.090396754113378,7.106711016896026,19.4515623811006,8.797350930815291,0.0
6.716499249285518,3.0251637503177466,17.935529898396858,2.663861686243971,0.0
7.29869972402449,8.026654236939704,14.113771588678663,4.176519468030383,0.0
9.621266713868438,8.732240502302512,9.197526022513403,9.636802573263925,0.0
8.215991909290256,13.24923335863512,11.968166043695186,4.864526572404994,0.0
11.149777366086774,6.3006675134192545,-11.354568828263739,11.784272747516836,0.0
8.100924157566716,11.40531812807414,-4.681903662491571,4.350311333051684,0.0
7.324433427511066,9.508650379133307,12.410459082834942,8.052660347249986,0.0
7.792011181416381,9.628008985372468,7.742937536963437,13.772752566340142,0.0
7.482628524376657,11.533935843439206,6.815885223246614,12.656225515257367,0.0
9.987624744612447,13.316561487590494,11.744520704439886,13.935230840550169,0.0
7.080461753428681,13.650035122090243,12.985996824413732,9.270461504379323,0.0
10.223375785167061,9.144951388027785,10.65656156464809,9.67199759752967,0.0
7.242433547471741,6.295826547059976,19.827087498761447,6.4157188141469454,0.0
5.758048849141685,7.547977850680716,18.964660233491426,-4.989112925284252,0.0
7.858008715034263,10.621669397248152,33.62594310307288,10.672770780159066,0.0
7.506447573558294,11.187351424514471,22.26223109661241,6.3582338202875075,0.0
12.552800801117304,12.216825520779285,7.679325200225889,11.995273273943171,0.0
6.016375549462753,12.23555767710491,1.845384085271915,-2.4637695795366614,0.0
6.865533614244422,1.3128691764979994,13.676424773914004,-3.531690735793463,0.0
2.0308142045121658,2.6653623968458566,4.985002574512469,-9.037577083091435,0.0
6.184581449300293,-3.8069518607160306,7.621421677251986,-12.073900861861262,0.0
4.8308678128164075,1.7055367869213036,11.482192736104333,-14.253959481752748,0.0
1.1649273227801142,-1.3347242584554895,1.0273583759092482,-11.690646931115293,0.0
4.732766133715883,-6.3482820433585045,20.563056146754754,-10.53451765456659,0.0
1.5451242530408775,-4.03215939876035,-9.194406101154382,-7.126370802087925,0.0
7.372137091953162,-2.4767524318043463,11.420217789472426,-11.862121076749842,0.0
9.76077340101062,3.5760738821675604,3.769433434040179,-3.7028919949532693,0.0
9.065111190109814,-0.1637581035717126,14.947090582933784,-14.405591916043923,0.0
5.924357696549659,-0.5894587554826896,-1.6588735039838394,-13.25174877808648,0.0
4.149981464453145,9.106590820475237,1.41182407281571,-14.0851482493448,0.0
3.474483230023089,5.626164258893731,9.850952116239398,-17.658965352824328,0.0
2.5812246591146124,6.810176159030399,22.620240634000865,-20.474507406504532,0.0
5.8074301470365945,16.918103260212753,12.919618113616384,-19.52416262530252,0.0
7.248469037476474,7.743867563262747,24.270021272476818,-13.251134298105605,0.0
6.828264150023193,-8.83295621211256,27.486543524811346,-13.286914814928743,0.0
5.758369676095662,-4.7456810944804815,15.563707461272397,-8.246582914828508,0.0
3.436477555491359,-2.8104649867370055,-3.368626671220749,-18.55402871429727,0.0
3.7657659066883524,-8.569939836173486,-0.4343142678976548,-13.989384606851646,0.0
5.226549645580009,-2.257626105007269,10.128107922922016,-17.072232591716357,0.0
4.502112130225821,0.12412819790352003,20.859980241495393,-13.468402178433092,0.0
6.875655174140448,5.203220419878582,13.43998981860873,-10.562512993655925,0.0
7.282533076781465,11.491543904261945,2.335106920671559,-13.6826149231611,0.0
7.917467923887193,8.423933803465363,3.6738671298157275,-19.46138406483859,0.0
5.5910300737272225,15.71981781593631,11.325527620697933,-12.933995233504902,0.0
4.585907794091013,8.186375935076363,5.66974009580316,-8.870079304209778,0.0
1.247413700170409,15.055108996910814,14.232082631631037,-10.499355832289348,0.0
7.5077622400306785,9.393032752318854,10.568202713527707,-16.936372176018004,0.0
7.70172737853938,3.794849003602362,31.973970183504555,-16.67463594875045,0.0
5.338642288944895,1.5599161385412508,11.587783772713824,-11.950382601029048,0.0
6.96368401892061,5.679848211700741,4.59747261271287,-10.093536283700855,0.0
7.215433013367575,14.055953620438084,1.1273862130080303,-10.667088736022105,0.0
9.082069472554235,10.929556283434415,-3.497200907754916,-14.760950866491083,0.0
7.206803622824728,3.834690729359842,17.612927161880084,-18.204802194833515,0.0
5.927370431817501,5.485154294365508,-4.386157303587165,-10.909125202279597,0.0
1.5138861758893816,4.519544622010937,-1.1669990759429663,-11.816203161968515,0.0
1.326042318454634,-4.210848121612189,3.375595044464105,-7.44624034816882,0.0
8.153869201386442,-0.3034189554870541,9.049081641553585,-10.62943640943216,0.0
9.066088166163489,4.584942790765852,22.097953089495366,-6.182868771313851,0.0
3.4308053196686763,9.529150604191603,2.1072845175751747,-6.263297408826668,0.0
4.93609245398493,9.217628654095588,-9.792933094968662,-6.9658607885830435,0.0
4.928568655993178,3.0717036937647535,-10.336319566133032,-11.422355136596728,0.0
6.478385372737961,-0.136802725774966,-5.108344322333512,-18.60366844568093,0.0
2.837271039422715,3.9927417774156373,4.82825039882128,-11.421719737465077,0.0
9.547951713068976,10.465508091014138,0.4229572309469165,-18.0134662990127,0.0
10.5397002765713,17.648169140894993,-1.6968079602188704,-5.116515543958581,0.0
5.959238302622893,11.870263440740295,0.9974214667206986,-1.1107504579817933,0.0
4.8321052811175464,9.570106528156547,-9.304361395529002,8.245599937784979,0.0
5.909782104231258,9.617112932264835,17.529375122888755,3.5853836108066233,0.0
4.5067778350944945,6.430699139597811,2.6414073652777983,7.478319964905257,0.0
4.963612838796908,5.343704425850174,-0.655434509660386,3.963086134212454,0.0
3.754898844124246,9.341558197294846,6.095870815568897,2.4066638099218363,0.0
6.452203905502023,17.11759197063357,32.12486783064969,1.4294451255694274,0.0
8.915638420130794,2.301231472684329,26.99881873354243,1.702661758770514,0.0
8.401911449364354,-4.747467001697897,9.356262776705432,3.440861190384404,0.0
6.838847635756386,10.279278509576901,6.846665931802954,1.8313273636648726,0.0
7.5431132585915535,6.403190625371444,-11.746974193238758,-1.6163063592977718,0.0
6.471430583784318,7.013493662894399,16.036666800054462,-0.9461697167513101,0.0
3.080589287498019,0.43189738218099416,0.41724316057818367,0.6444886699639589,0.0
7.4824053281610565,0.5791801541017509,0.437887102897756,8.56904428840129,0.0
8.206182373382903,5.286343849073278,3.4497990171480617,5.1516840126936145,0.0
10.122130814272705,-0.8575192178932882,5.107907292660945,11.942685146301809,0.0
12.10174799758833,1.998066312309061,7.801656102397664,11.026771954390565,0.0
9.792074721372858,0.26842292015464286,-8.73617348266712,5.804308531571726,0.0
6.680356670684347,1.7858196903070593,-6.434791327115516,-0.4188531948746128,0.0
5.435072147083703,1.4078992195568918,-8.392510759281965,1.2313796619858595,0.0
2.8773226500192943,6.0201208030053435,-3.653007223402649,2.95481815980558,0.0
4.853898621211915,6.083239756849463,-5.0147716399463995,-10.239443844868276,0.0
6.059516520637711,3.994772585297932,5.4726831551252015,-2.0805879537681484,0.0
3.5235527177399026,3.4521382634921247,17.22392414780755,5.57423628533331,0.0
7.506404366918785,4.125726890209407,13.689210185165113,5.715706576968045,0.0
8.963754125488954,4.004964611049176,10.962246343435067,6.364096408827572,0.0
8.58975647007196,-4.757668580187806,19.337755459695007,8.014206819914502,0.0
2.962667490138593,3.274557764173534,24.270302860049995,7.452550387239995,0.0
7.268008353139674,-3.890405401136941,17.744263392366896,-2.0389460669579065,0.0
7.1862320596910685,-6.724974147899168,-0.5185001568428071,9.01036564397097,0.0
7.3832480864937375,3.349910433076353,12.75438540913196,7.468529020187853,0.0
8.752962179318454,0.2848354905154107,12.812834331813661,15.578047345219957,0.0
12.434258011998189,12.579709623705991,10.084160767463198,13.531494305478247,0.0
12.965573838497757,10.631736414839361,16.035363822499477,8.461397353341022,0.0
5.641538144892594,10.511805816607588,12.752512198198108,3.4988334407844617,0.0
4.049631453103732,-0.28177319127098777,14.264711715483564,1.0693599717492575,0.0
5.637023028293919,-8.703016750066569,17.86813586567777,1.1687465965922943,0.0
6.4700409530981435,-7.175309094981292,14.115793511287858,-0.7508601380377069,0.0
4.333658948471228,-1.0805392344497466,24.162575842757775,-3.5143311872230125,0.0
6.839097212360892,3.130880478803297,2.6311238709614226,-1.8491368452363268,0.0
2.571834801259116,5.053740578138799,11.92434217473684,7.961295891239189,0.0
7.340616111484921,-3.3005322635975816,16.63167399363568,11.342866769192504,0.0
8.488136024254768,2.919081018479808,25.816168804752014,4.507310975398751,0.0
9.126521760395535,9.76002604243497,19.63265379053752,7.621249683196612,0.0
8.692523111401501,6.796583299281679,23.86675529834782,4.32284800531383,0.0
10.433780720773365,12.092253228551051,21.53012014171638,11.900000615001412,0.0
-2.180830956645964,2.180477835670346,9.250277652482326,7.649125490516282,0.0
-8.115446529947071,4.437999229629295,-1.4746868040362529,0.7580863685628914,0.0
-14.513557853624699,9.135811092740699,1.0786583353909736,4.265907332166169,0.0
-15.879308354382665,-2.016371309669531,-11.955252665463089,1.7215737643581441,0.0
-15.17875349810444,-1.1107165266776953,-12.50465029921366,-7.5989333689477085,0.0
-14.31609895652265,-2.4678238803384325,-0.5037816182970027,1.318628039266546,0.0
-11.216141753001612,-5.157215081180808,3.944025926981885,-3.3992168045281224,0.0
-15.311698751317719,-5.577912215671323,7.440106389924561,1.9153483039281751,0.0
-19.50561224037555,-7.70410702494884,25.637595449725197,0.49305975610104635,0.0
-17.614818132714507,1.1682987196819852,18.566995962194312,12.616441344171497,0.0
-19.818644829615295,8.819669517303689,8.20741412714516,18.674330706396823,0.0
-19.90941507185399,0.5720049984821203,25.94427467945775,7.369843044478972,0.0
-17.74003600126981,-0.07397794751071096,14.08682845884648,11.403044734531083,0.0
-21.375406052609144,-4.084444456664258,12.441776954997193,1.7785178900245064,0.0
-15.573475953423346,-0.2658522133813155,18.982068615367858,4.510176245183543,0.0
-12.187591827337924,2.021528633332381,7.575819313654842,8.981593351680976,0.0
-12.500156538147303,4.7941485602302265,19.27880714718011,7.307858364015935,0.0
-13.322936034312196,-5.026619079575931,7.45527327656257,8.057698022623809,0.0
-11.539774904815989,1.6026258609088444,-0.4921283321478338,3.271071716768619,0.0
-13.209207974734703,5.602695167299988,2.893766378850402,5.136679320667152,0.0
-17.546575014903663,3.1361733630752324,4.003431811229406,11.368883316068066,0.0
-14.418738196239165,9.082068864472165,6.418035131899337,8.152985566115923,0.0
-14.673707442558975,17.500811758262703,11.351490819418839,13.81127799702629,0.0
-16.635468878169196,3.122069616087388,4.699373397984225,10.476558091532233,0.0
-18.30417445507284,8.412989385343103,-2.5163866653484224,13.310000094931455,0.0
-16.237221638489434,0.48311534649295407,8.197903854379877,5.503176629939571,0.0
-14.688892382636453,7.986376249388049,9.624103948327292,12.142752055527813,0.0
-17.017830097153325,9.769822504120599,1.4332078580913177,20.269529161133093,0.0
-15.1538014167661,7.625885450206322,-2.583897039300531,17.24514306555914,0.0
-17.590412154408398,10.626833673651031,5.847510839685954,21.317181713908617,0.0
-16.05702008289279,3.741349082174134,22.414326775044316,12.580532967444027,0.0
-15.039294920914536,0.04342329108789489,-2.962601327365272,13.703634655097808,0.0
-13.418403158406887,3.7145835397404197,8.5355489505694,11.469551937032787,0.0
-14.607181146044276,3.995201001802185,11.302118912781705,15.204186218593227,0.0
-12.555870003118422,5.409723225944888,18.820618376881313,19.988634639512185,0.0
-14.044614164289182,1.36197767040104,17.573010567032142,17.914229370309272,0.0
-15.60798421308177,9.232586029296208,4.227045953497943,12.514672219619271,0.0
-19.7660297371848,10.95229131268426,12.019645575572603,9.4449772988179,0.0
-18.269703199571268,5.4525833332365625,9.148548602064995,12.689650980260716,0.0
-17.987502096117552,5.406428333256482,8.438701137812346,14.957442761146147,0.0
-12.16224141502399,7.869985757167976,-8.611031188162553,12.657298786895822,0.0
-14.840425037673967,2.7089973406723296,15.348281554949809,18.370040079693705,0.0
-13.76642142443816,-1.5234041813107417,18.947255551949986,11.86507921391522,0.0
-14.814654721228496,-2.428960885537636,7.547377352196347,17.470189911664455,0.0
-14.478987526517557,0.17228495200753446,9.661418521473713,10.00562225917341,0.0
-16.220931862002278,5.96144251879994,3.857674372343146,8.24315362766615,0.0
-14.134208672628036,8.677799585833927,16.925358845473944,7.470354201960412,0.0
-7.100984608498681,-1.2668843500811828,-4.40529258796127,0.15507739954436603,3.0
-9.397436640652375,4.662931774172562,-13.329319298585816,5.218149300801406,3.0
-13.060645012896465,0.8880597639267624,-2.0014835272470934,6.842832801529758,3.0
-0.017696667828762003,-2.966117925784287,2.9846134866613063,4.566988396967014,3.0
-10.386142951596572,6.5073938132736,4.3237287777306985,-5.657924713997935,3.0
-10.064333362291844,-1.2398687811980655,-5.460077851796145,-6.544779825946239,3.0
-29.84494175237059,6.063992645933429,-7.452507044009941,-1.8658910644437574,3.0
-22.210613344236712,6.496245055785829,-3.860756911426046,1.8350555258916117,3.0
-16.46598753234605,2.471196984776561,5.72572108991325,8.133823081732865,3.0
-12.71432142674415,4.419021972504966,4.467462576694396,17.695680568242732,3.0
-19.830217349520026,2.692624363599532,-9.98701628935133,-2.864704465430263,3.0
-6.469253454580224,-2.2537244856860323,-3.90166007013899,-14.474636925483523,3.0
-11.017664561740144,-3.1485501753475766,-3.476399080050016,-4.089982715354675,3.0
-4.019702377183258,-17.329937699004578,-2.1280886471102365,-2.2565216617755457,3.0
-11.979115102839808,-13.259673608826771,-3.6227685438042556,5.362560464993907,3.0
-6.34709529133143,-14.443702151054055,-8.92478751753427,7.633682509205619,3.0
-14.967700649930656,-13.093319018990098,-7.2597143585791635,9.810918151378495,3.0
-3.282247065289294,-5.737143869592995,-13.976938041167234,-1.6966452443920308,3.0
-15.383023071950083,0.2374519400877455,-13.15097500144628,-8.024451050437623,3.0
-4.778570735735247,1.6877442742024318,-10.6417663652419,-11.221904702978861,3.0
-11.87079395484631,-0.08146329292189725,-12.408625615777876,-3.7460156215410487,3.0
-7.215683583481976,2.3490920536030284,-9.100186145100624,0.5482819355566511,3.0
6.192327352330292,5.058678769994428,-14.381603058497392,-0.9716425128854009,3.0
0.006618487680004392,5.2355362518743105,3.775151740286371,2.3615658662442796,3.0
3.584144356767462,12.886022067473506,-5.07747885635069,13.057538020602474,3.0
9.315166936894851,4.262465394894786,-14.954349355299389,14.243746557550788,3.0
4.256461266766557,5.481458441553199,-8.084946995391672,4.819797971756076,3.0
-2.327006372514642,1.4678037482061994,-7.899352988290415,9.19987244941001,3.0
-0.8833496200334814,-0.05036620580571893,-2.6707626590011326,0.5827906717122913,3.0
-9.648401153689864,-1.9784096188601636,-12.080496209282105,4.687839331576961,3.0
-4.117283628390478,-9.824700236541386,-6.713019563904988,0.4911722672079013,3.0
-8.326050695206725,0.29391350972655417,-11.58436861420746,-0.11495204680685545,3.0
-5.407821123370054,-14.831575351404762,-18.68904923801425,0.17989420524946542,3.0
-10.115460025343456,-10.29739915459373,-10.077868525027238,0.9934971501747705,3.0
-11.508945272027493,-6.081925978505648,12.925042951002037,3.9160846519032373,3.0
-8.264717074402324,-19.17666472808041,2.9635454462601523,-7.84823036603642,3.0
-16.827523418435955,-7.929227008826796,7.874948618344526,0.8201574102112765,3.0
-11.333915489918013,-0.1726365027890806,1.8658382589038673,-1.732939275722016,3.0
-28.332847634227,-10.633166889665178,-2.455635841103991,-6.9341849932576825,3.0
-26.79427010011723,3.530807045385816,-10.789263659883304,-2.123690165380764,3.0
-11.007537578133537,2.8996100436126175,-0.33231718526859577,-3.743967291711173,3.0
-18.513771288367828,12.150095484891049,-11.38080682819505,-1.1959773020554003,3.0
-2.3361935844649206,18.472583971885125,-9.747347576665806,-6.8541098587400615,3.0
-13.947980701295219,9.320085886841417,-15.231279561431354,-12.308409611342526,3.0
-11.96218793757627,-6.339914239729046,-13.161407638088312,-4.8274504096311865,3.0
-15.359506159311334,10.27187332210828,-6.458102590663138,-0.04904036746225471,3.0
-13.380035539080039,12.083999707597075,-4.872026298604009,-3.640983425001784,3.0
-0.8918774237326441,0.8277165813087803,-4.509618802774373,-7.310135600745161,3.0
8.777473472070628,-5.564670393766306,-11.663378673382033,0.8961076928926541,3.0
9.838592188806462,10.858939966669007,-6.168767177171684,-1.9630016031011785,3.0
11.894050590570508,-3.2156660774660777,-6.993669207405665,4.494637463713744,3.0
13.88421427045852,3.992394040197212,-14.03512914661453,3.102702169338164,3.0
16.81303456410716,18.415488502690735,-15.574587009910356,0.5688789504950631,3.0
14.538714765693612,10.20116403775141,-7.178130806049024,0.5062445116162424,3.0
21.166504855280635,5.608631258524137,-6.221377271224022,1.3458401573294707,3.0
16.60296752285306,1.4691823157658472,-7.106580855775295,-2.687971446512978,3.0
5.405380896197128,1.76371483342592,-2.6841380454173684,-5.234578366410696,3.0
20.291925580332283,5.824800166814164,-9.50913862789703,-0.61561877774855,3.0
32.56726956677004,3.453346128397075,1.1600991254913389,3.4465852749105723,3.0
18.433193349903902,-4.667102550916639,-4.211201488365078,-0.8605199152645069,3.0
20.143086884626072,-15.72357562385007,-1.4413165281326006,-2.779827465794705,3.0
21.779516296692744,0.34624631248669635,8.129869200126748,0.8484840713500628,3.0
15.124310823612367,0.3510293191860807,-8.159173456532105,5.6616708625339545,3.0
22.33523053729917,-12.830415670035816,-12.08401967820993,-0.8245742458049715,3.0
16.561740020244006,-9.996631363639832,-12.295491157122667,1.978001529831918,3.0
18.11282354003611,1.7537171675017493,-3.525308272428603,-3.0010515677487977,3.0
19.657791751224963,-11.840495732781235,-2.112460399929967,2.4540102202469614,3.0
24.45884815164761,-7.039340156776694,-6.760208821843976,6.07828606892368,3.0
17.483630131618753,1.2210431754685958,8.6216247558392,-10.091789183057946,3.0
5.840073724952987,6.851225060439061,8.629026217242764,-4.854850719660334,3.0
23.827820537491046,-6.385923918950268,16.206012478796318,-11.264506450215183,3.0
23.68013339846525,4.038253422395065,10.344594904760779,-7.410349463715488,3.0
13.676146353383391,-1.239051298715327,5.978039131185787,-2.332567854709552,3.0
11.052478507596431,2.1254213979123477,-0.612595881869467,-1.3264974970463257,3.0
17.951413176671174,-6.564039737593776,-0.674528791840336,-10.546040467811338,3.0
20.3608102608664,-20.211401481426606,-3.2069241522486296,-8.455251196700555,3.0
25.515548648453226,-4.57896737534671,-12.987434396716845,10.413752508964555,3.0
23.3864261771815,0.13553103021476498,-20.018669568515065,3.9048392339797995,3.0
9.851182570233407,11.272483164120613,-16.866994357031736,-3.1265924557600235,3.0
17.262972743198723,10.428519970697726,-7.00406805933688,-0.6393042290563671,3.0
26.00855032196386,-8.2465362489937,-0.36936188981685936,10.19061632079727,3.0
16.16760784129142,3.196913722144213,1.8294535570088044,1.0851966230585133,3.0
20.746566904007587,1.9202672592111525,-7.769050042447269,-2.089567930088413,3.0
22.60184277536256,-1.0033054387122036,-20.975541086393115,-7.170394625523526,3.0
21.813886871627176,-11.269204425822966,-10.59024788200054,1.5717397322769366,3.0
19.571588277790745,-16.867701881905553,-15.943953403392133,7.492627298092941,3.0
24.027800224889024,-5.590976227212772,-17.654059756648966,1.3003195652248811,3.0
15.668687960873175,-1.9510117314247868,-11.5945562672225,-4.43778389706131,3.0
17.624906105236693,0.7613292897212585,-6.102633399467701,-7.361955970433504,3.0
19.76316933529166,-6.608313697693324,0.7833613269891906,-12.191439147469323,3.0
20.74823104271721,-3.2369330053720535,0.2488100779573248,-3.03970994428923,3.0
12.27306615731813,7.320755883158396,-14.131718165840756,12.034107451923118,3.0
11.71176059892958,11.033890878769745,-19.40269058732767,2.0500156077818046,3.0
18.648007881235763,18.613704381439916,-18.63529322932298,0.47212113742814654,3.0
5.907047173678349,-2.2043888282395643,-12.736513039569012,4.181068537686318,3.0
7.825549812191505,5.806984118367405,-11.8690199724345,0.5456099607662357,3.0
11.508790651765475,5.333482587689638,3.254370969020487,9.431173455199431,3.0
-0.1527466949448737,7.403951236991903,0.5832093417615098,-1.4815992379879086,3.0
12.92954783237031,6.698716180204996,-17.60724625422125,3.7636607535561053,3.0
22.023958592802636,-1.1038511979921268,-21.42652527158203,4.650074840456364,3.0
3.9311162199810745,-4.3751286924497474,-19.839607724182812,1.0748485171598925,3.0
-4.647760930970402,-8.021320670195012,-6.697944482267108,9.08942303236731,3.0
1.2039279928624786,-13.501537090478664,-5.1119744541418575,11.28482834537661,3.0
-5.643562344990694,-9.513769904431607,-7.63817921271418,3.124323393412382,3.0
1.3688563235098874,-12.511360847190005,-4.94199206475697,6.018131411221063,3.0
-3.059996770847461,-11.032925587359067,6.082932968950131,5.198924172957094,3.0
-3.288562292413866,-9.579210860814701,-5.301900495372794,1.5958429646599377,3.0
-0.523665641195457,-8.534345073718995,-15.724823436232036,-5.2362091658207905,3.0
8.573938916122893,-16.51310316742588,-7.613525467336511,4.2096613223978405,3.0
6.256605747875252,3.974672274094119,-11.129117041613117,2.375588031082823,3.0
15.76561645897498,-3.711902387444057,-4.814837419467735,-4.352269174452982,3.0
6.651817701529196,-20.32213007188701,-9.317477438733519,-5.106126612477484,3.0
18.272019662643142,-1.5053420773314574,-12.642344895219368,-9.174369617892769,3.0
10.8111180036044,0.2522921663781985,-15.259969382304615,-0.5416529970360306,3.0
9.400990935083815,-0.27681638610622983,-8.295896926255624,3.8789716862900496,3.0
0.23574232443185394,6.3359214453126285,-19.356625966087762,-1.9965318822037261,3.0
1.3661497759966919,-10.358680093985278,-9.629754026282388,4.560921766538897,3.0
3.372086713038132,-4.608196287025027,-5.103457966177974,-8.348540393960494,3.0
-3.550728867140661,2.0575683613616578,-13.526139144429521,2.4169109685220533,3.0
-6.4746022949476085,10.044726099905791,-12.484137524597164,-3.0766527874485625,3.0
-3.317424127666321,9.462117728554066,-21.08611396056287,-3.585684479433056,3.0
8.507538418935876,17.418097679580562,-23.575918092572735,18.254996633032476,3.0
7.187806484428496,13.115240144192644,-24.005494130463376,11.983368778568739,3.0
4.453489540379112,11.724880922806086,-27.929869970215766,13.729417134165208,3.0
17.958520721620893,-8.099192561888813,-33.79044738090529,3.2570254099819445,3.0
6.362181792918405,-8.237384343836416,-19.800621175018897,-0.7276213491631944,3.0
8.804555363848865,1.6282849849565828,-14.415328203257683,10.9862248722168,3.0
12.233610576520611,15.806795114458438,-32.464728068300914,10.782197774949754,3.0
8.302468096436039,8.178697796299526,-20.164280717366847,10.011021466202838,3.0
6.018968266256986,8.81114034059047,-11.939521510990387,7.089853399938299,3.0
6.200042511164085,-5.360317396374605,-21.4245609999156,14.808260492268642,3.0
-2.7475893248260896,-0.5779841075652659,-15.659081349667265,11.88260379595598,3.0
-0.6691644988856729,-16.206599164639897,-5.3779880336618495,1.9853953758554272,3.0
2.999118852763077,-8.837164187535208,-9.367888380741652,7.874140977794971,3.0
5.415121949447888,7.663896173357794,0.9259232621686331,3.009957183714806,3.0
10.176334349871206,-3.9638794703495486,-11.314640894281013,1.6436253013040663,3.0
23.36316736381447,-8.623408647396975,-9.812497866164495,-0.8998713482268723,3.0
18.28317056724184,-3.689057976048789,2.661983179188546,-1.6225246012885082,3.0
18.4604933389485,1.8025983526681921,-0.5841188763002823,14.00129052492041,3.0
15.983151598140791,10.227356119001785,1.6382106837398895,4.594257949387099,3.0
1.3620594991372554,-5.771874292865449,-4.916636229994325,18.352196518424535,3.0
-12.929184901912691,-5.600714446653885,-17.10379836867383,-1.8305190976880494,3.0
-13.138476096541615,7.253664863700381,-15.110209923486618,0.6340114734803752,3.0
-31.021786139886302,8.429811747656583,-12.913319124251998,-4.876649982346736,3.0
-23.053939287052334,-7.473313488145941,-15.134662909902893,0.806303976672953,3.0
-15.815888368364623,-3.0734444023342156,-14.96771864075497,0.4581380384646341,3.0
-25.18355467265697,-18.921360955289728,-4.8939946130294825,-2.5415602130650075,3.0
-12.871440797942302,6.787522242942286,1.4574283730871596,-3.063949166700254,3.0
-8.229537314499066,-2.091817124213317,-1.6374527218309325,-0.45026627318879076,3.0
-16.072569314610625,15.840014071231911,-6.96298516675329,-7.929905610023312,3.0
-28.28160182532766,8.99479180674463,-7.325615544797515,-12.513230248743472,3.0
-27.628160227988708,-1.4107164545808841,-14.26103691293712,-13.063371451057073,3.0
-33.542646546836174,9.906979425148648,-14.916592620150222,0.35758069383079905,3.0
-23.41120621954974,11.011452306078139,-12.66386353650625,-3.553108952000265,3.0
-17.468401846364653,2.5069082440160706,-4.173243061899924,-4.660439655237582,3.0
-13.547951859518356,6.971631286301716,-3.903208864979111,-9.84500310818285,3.0
-22.064747844544982,-5.803960769111823,0.7743921865098349,-4.965563216456525,3.0
-20.076955981833912,1.73310967031976,-5.827962905331303,-15.540341663624622,3.0
-9.105378827782694,-9.747275729920586,-7.62986001763419,-16.44980534724217,3.0
-22.843841826424676,-12.140021338421157,-8.10422814460392,-14.899738301601882,3.0
-13.56075160640343,9.489555509477926,-6.768217427494951,-9.260391277231172,3.0
-17.008059494285085,5.905000497920625,-4.054004825732722,-18.630449590270132,3.0
-3.6087152635574107,0.3119429589529643,-10.682978737113187,-9.843776340021096,3.0
-12.526990746968178,-0.9889763758167378,-16.220065279675893,0.9410600085718959,3.0
-23.524874796999825,12.398219089064675,-14.671658921861075,-10.571989156113457,3.0
-9.154496310969826,-6.0708957976989915,-5.259346407367959,-3.003105979926535,3.0
-8.943575874692272,-8.61881625372826,-7.618567554189668,-2.7689774147529076,3.0
-8.742679415620294,-12.41693205770559,-10.017217854911665,-15.094192068726642,3.0
-15.865880230960837,-8.00827399805292,-18.82319296882934,-13.137474599740283,3.0
-7.530489948694769,0.3940051782266205,-13.506041819881615,-14.422658618530404,3.0
-9.578122180846178,-5.737171271300779,-14.068502914024254,-13.318430279199069,3.0
1.488285888697927,6.002987927160754,-7.350510980063172,-13.092439479335521,3.0
-14.342915266495663,-1.0715095573426132,-8.202917762237862,-14.37932004515582,3.0
-7.195038519746279,-1.0058628690210467,4.547270290330751,-16.733337099398398,3.0
-17.703196385931882,-15.343663511734915,1.1453520931853358,-12.657452693318916,3.0
-26.476108094056876,-3.6666719125881793,-3.2323785905244145,-1.5023635585510497,3.0
-20.844228015892707,5.326792677215071,4.536089575155668,-8.076408474261868,3.0
-20.0140439411861,-2.187676069280643,5.564364647014808,-3.413618444972422,3.0
-11.357321112122943,2.606247737694608,4.39729890594441,-3.793731124788067,3.0
-27.0670644214394,0.6696209234958568,8.178817892855337,0.7151819545917864,3.0
-17.577668687894565,4.2808406647915405,0.9573218909333807,6.363405710918051,3.0
-18.86130332458997,1.3582552602512559,-6.308304228389883,3.6983022244436254,3.0
-24.413320690897002,3.440483321699848,-6.066334722136265,2.8753582464027057,3.0
-23.922683894410188,8.603476484933884,-16.85765473320346,7.293712566750351,3.0
-15.97895806956865,-2.2640029889420235,-4.6088630408482665,-5.165012522371198,3.0
-21.822367062855772,3.191488876150653,-9.424042871763813,-1.3335861662284092,3.0
-16.319991952498466,3.637287004044559,-14.231967205405287,2.097507321515243,3.0
-13.67129422945287,-2.481488954112313,-10.02015911461989,-5.403538261229638,3.0
-7.619029134849065,-1.4647424195964382,-3.762944704401191,0.5526809180551977,3.0
3.5316631760933266,-5.909955047006745,-17.313072694224687,10.623826093961553,3.0
1.7991708043026655,-10.780410577797578,-15.521572940679736,11.412539145048203,3.0
5.1760784845811685,-16.681710561564053,-2.455530586114424,14.016134181115152,3.0
7.595655902447936,-2.7414077513946045,5.8302626758286245,18.524725229440577,3.0
13.448521843635717,-15.522447480829504,-2.4698380768264006,14.828207388741685,3.0
15.788522338706839,0.5269514590792825,4.237061687914121,1.3744776469959143,3.0
20.204297850849034,-9.348150403142927,12.028667674431311,7.507780847618255,3.0
7.512472330121801,1.2712242775092477,-9.461553421689096,0.8067764082202746,3.0
-2.3074771114985797,-10.771454530648418,-9.80588309528157,5.964363149398741,3.0
13.350714874734255,-7.400254939462082,-16.128703349580274,11.500896967876825,3.0
24.901780404198085,-8.888135187504751,-19.475509348529744,4.985271017694988,3.0
20.968246692263982,-9.419014169326237,-22.626340896042507,13.113735353617948,3.0
17.98726463353254,-3.8349658096232693,-26.137873132752652,1.9633482431957407,3.0
21.836467932140298,-10.5590136810954,-23.087092288086353,16.271382330694667,3.0
15.900306920391818,-9.27659529524475,-28.953007453071784,13.201355789668527,3.0
22.197150437146767,-1.7787986721759683,-15.868357725333508,10.980441260544357,3.0
25.05465967274596,-13.981691690527327,-10.820086750213584,-0.01536821226452556,3.0
25.155209796772805,-13.470252459385396,-18.333591629704443,9.358058225352458,3.0
32.28947534188955,-12.223920493413967,-13.095772481282655,6.161575082156867,3.0
22.822877234527496,-6.041214550475162,-4.302051258420393,6.24173375678301,3.0
18.44878159257637,-9.48360879869239,-17.33346515005176,19.118683759097557,3.0
18.769492699882296,-22.16316254786946,-19.43974925846878,11.693953624428094,3.0
15.728909036605934,-11.045737352896818,-28.16850403312055,5.051253221700245,3.0
7.8068019884977655,-18.639451317100317,-18.145453460067582,1.3207055116233022,3.0
12.77955976767668,-13.486572623667431,-11.071915294165073,-7.244291530091118,3.0
12.383063317505593,-4.591364583268532,-0.9256725191492423,4.203413566058021,3.0
15.410003632217581,9.510272231328726,2.2578432317099537,1.8847014650621556,3.0
14.410781434059315,5.729809894944936,-9.145715356338304,0.7397085662756693,3.0
19.915371683078185,-1.0407877384269058,-12.3998865968275,0.4910686591362339,3.0
14.516168898797298,-5.981960997754751,8.924100979512858,6.830368037203649,3.0
20.932074881842112,-12.781695491366307,12.787688543890926,13.118363041641985,3.0
26.01760355227194,4.083683295238335,2.548664790134815,13.209488808384222,3.0
27.817308776125806,-4.808575813031813,-10.505220613232991,6.5476874532356,3.0
25.917968913496765,9.801966227752326,-23.126909943517756,-3.468305417779569,3.0
7.961806093670493,-6.335669061073108,-17.628289421865535,2.460891807904721,3.0
8.834513192733164,4.7718968306079095,-12.450741316558098,9.684218678320413,3.0
14.161111375424294,6.839233660416349,-11.870129634936568,11.543413816238052,3.0
17.03345788828718,18.53774093482948,-7.07381377437275,16.50335940479801,3.0
34.81952837185953,15.217538010536742,-3.7009592245025367,7.787125872773872,3.0
27.610554954847096,7.242943936156833,-7.376271538536006,14.333817036260207,3.0
20.888151099297936,7.748495342313374,-9.203091607418001,18.28015363444966,3.0
8.091337828968078,0.8849275870949187,-7.331017570170723,22.340474640486903,3.0
0.18060568532944465,-1.355623126184847,-8.880892027087217,9.594703992475312,3.0
10.368295669704017,3.224914222942039,-3.1898532248627696,13.108070313054295,3.0
15.552380678902868,-2.40541639801413,4.16566100118308,9.160606812555454,3.0
24.718929296480006,-11.113163061750384,3.4143598435510656,13.600719116531224,3.0
31.338094437272705,-7.991250458040851,-3.053467953262074,7.392176866976788,3.0
21.826998570840313,0.026850229553375016,-9.642494354297048,0.42181379958197907,3.0
18.991176731253738,14.85422743947474,-12.63407501735734,0.6668452249651073,3.0
12.204610688817011,-1.1230840424243889,-16.87247184130053,-5.077349137577679,3.0
0.020147701541620933,14.394638677492253,-3.242184123318057,-11.049069815764057,3.0
0.30662383884696975,9.953428745995389,-4.582033370921733,-1.6323353951420803,3.0
16.4314213609429,-3.058277150953729,-12.328660824162089,6.967325879942132,3.0
13.148402643051035,7.570678636170257,-8.48397670342795,1.5610330705868591,3.0
22.16602067311077,-0.342394913299227,-7.210123568721158,1.1623986896729397,3.0
20.194621125939165,-1.0207505912557728,-10.80545714062888,-4.144632818516794,3.0
19.712989250796447,-0.06989487164793662,-9.055403406099344,-13.86248294018118,3.0
15.260718481621655,0.8024346415802244,-4.640089084912553,-17.029834408746872,3.0
14.473121563601396,-5.598092483633106,-12.895777568961426,-12.2800120357385,3.0
12.784498222382428,2.155790195912255,-7.406470833933055,-6.952557510156954,3.0
10.340693578956735,-7.507499752084527,-5.836374730770115,-8.217205440479876,3.0
14.630759464659837,-9.103236451120194,-3.838732632210011,-12.588872314882028,3.0
19.12093167685938,-10.847166181349188,-6.17848214766345,-13.568091572048928,3.0
22.023973387560403,-2.6546741574132517,-1.5765955339708055,-5.610073397419675,3.0
24.04476413350769,-1.4941241732710555,5.961187813955878,-16.52153689412479,3.0
23.388453582583786,1.8310508925925153,2.4975577853149353,-17.150301220134544,3.0
16.79446321555048,12.677341770963398,9.496468863117265,-7.569482497776205,3.0
19.74726556684393,13.079925603051517,0.06972764921768349,-2.8325175054736573,3.0
14.118708244640562,21.206137355369755,-5.111051917208568,-12.039559924686504,3.0
19.39391152700761,15.547847765162235,-3.4196251640320474,-10.193144469505471,3.0
28.27982917570536,1.1959352200631659,-0.8289407141831737,-9.55792083221613,3.0
41.56046595894921,-9.74897661405969,-4.542801965961916,-14.420404947655536,3.0
25.93799189326131,0.9990476400337485,-4.020268872966297,-9.44808593296753,3.0
11.325827079233354,2.206482187274862,-7.255440371668065,3.0782152906841613,3.0
17.35291986988562,-2.997073516625062,-11.172023104071702,0.5671137049130017,3.0
16.45060274809254,-13.131038260739187,-12.226613320759375,4.171638520424465,3.0
8.993033181147233,-3.0393745974778414,-13.91181341689422,10.556580070335889,3.0
21.200779597910206,-2.0818398105964624,-27.045483882541113,-0.44493515786290505,3.0
16.958375178540155,8.277496644989734,-15.985189415043994,-6.8073422760266125,3.0
7.746677484532388,4.671603775277019,-12.381199883251032,-11.239906678368687,3.0
15.479742179376581,-12.498982400352087,-14.92152380896891,-12.55999838408599,3.0
20.953992665200243,-7.082831769788115,-17.71881658640414,-12.990916269349214,3.0
25.793599884623212,7.214731153246519,-26.47565192782107,-9.464226560426454,3.0
16.429980731478516,2.2496870954359784,-8.510027718723752,-3.417968649496184,3.0
24.261244155364334,8.823202527215678,-7.898529272025204,-13.491338498986389,3.0
22.49058331708461,13.203927424914642,-21.456864653768832,0.5114205966114378,3.0
13.843515711239094,8.838711260329518,-15.489208896538788,-6.4780921964189115,3.0
16.26653744561024,-19.631408810142858,-5.082224145972594,-9.905741704959722,3.0
27.375382507345027,-17.532872698837643,-7.200953802891243,-8.711770526352932,3.0
20.91375809454152,-9.8732681790046,2.5103484869314334,-17.65005010373017,3.0
18.473248378644453,-2.0947989372885036,-7.253574781468046,-9.135655055241216,3.0
19.176184326403256,4.1755169077909455,-16.090311503119604,-6.4374312742955695,3.0
13.67314601277572,3.3801579601371174,-17.219275837267016,-10.509282100425116,3.0
0.5346949840830355,13.990455717006608,-14.89536560772087,-7.480009823570404,3.0
11.576481530943191,16.40746966981859,-8.251343684467612,-13.72521192506424,3.0
14.413877777890827,16.47511528682299,-5.853224733484181,-7.1976537598089685,3.0
5.595071635760906,5.69021747969561,-8.714463114768584,-9.339277449995436,3.0
4.1056647487344575,9.739768684905023,-0.8698312641601094,-11.73204408077244,3.0
5.703525174716003,6.583709604395458,-3.576380776877491,-12.95000719957212,3.0
2.2043121974700055,2.618014537090581,-7.029992638965567,-17.79669915665439,3.0
11.18793475563758,1.969125551023553,-3.0845934022356287,-10.794265505958379,3.0
11.263232080898309,1.740644855723525,-5.5442130757813395,1.2757629703179139,3.0
8.017118931304468,-2.4763107783700646,-21.78204466751225,-4.079433103488029,3.0
15.872208567748057,13.43532485976969,-11.898858412443552,6.4984354403044495,3.0
5.528116944422768,7.9381341848357305,-14.597844950598216,-2.565974964758696,3.0
-0.7711580914145735,16.504957054574255,-16.500256823647806,-15.664594944797724,3.0
0.9205050727571105,13.911833618419369,-15.538176761485307,-17.021621465829217,3.0
9.59753260183408,24.030094193319947,0.4076114510385658,-18.122344996878734,3.0
4.575267298987869,15.855078312310507,-2.941399307815548,-14.081347613891953,3.0
6.466498756176501,1.4986175435769065,-9.992270705378424,-10.882870965416613,3.0
20.982146508483453,-5.421707748309019,-16.743663433185816,7.223970774737763,3.0
34.23382510229719,2.2306696690554717,-8.776463621172681,-3.6129309784577623,3.0
20.149067391057027,13.09563806843969,-15.041614639104967,-4.562380505381897,3.0
13.139415078047307,8.430793129909961,-22.133652487962248,-3.8434995876024716,3.0
-7.501241115968622,-0.5217722262443436,-11.882005673677806,-7.157328002070016,3.0
-2.117050506921915,-4.567299318418624,-7.912097178968453,-9.745946893075713,3.0
2.2239855157899058,-2.444822060863614,-9.224061296517055,-17.141093507099534,3.0
-1.7862021878014924,-13.969353295472246,-12.26603331910248,-8.441655960240247,3.0
13.032411150841696,11.539312408012826,-2.813538826239938,-5.118201580153533,3.0
-3.844038199240898,27.79300867835773,-11.705670180027942,-13.275980530469656,3.0
8.220082231487039,17.43191076720753,8.600470287296847,-3.701046952038387,3.0
16.495810790246356,4.811936267020941,4.115571457336644,-4.738499138796373,3.0
14.044692817900948,19.053459493205686,-0.3593493522914928,-7.063987676493584,3.0
9.104880419227817,21.62690715593404,5.870434506882125,-1.2583594675153567,3.0
5.934459229938492,17.94901638518091,-0.14213456542268643,-8.665557205520766,3.0
7.316724450289241,3.253963291480401,-1.4793961083703309,-5.863595433552695,3.0
1.9662930012841922,2.8976473944448466,-3.8767945748494963,-4.001689964697185,3.0
11.306332606485471,2.504598002030003,-11.956774095807406,-1.4589295429005116,3.0
3.9634206415845368,-3.1885022696792724,-12.150252171081025,3.6042666515187545,3.0
10.107853027540523,6.569025434613254,-12.939427363893735,-6.540791723329958,3.0
15.242549264119404,0.21257423553988097,-4.907824564518795,0.1262147759115182,3.0
8.964554145472746,-11.223707346336228,-8.541228963764988,-6.735938768857751,3.0
10.589678548001931,4.2041994782800565,-4.371604075936012,-7.501699152146422,3.0
4.429042692037384,2.594113689271626,-4.909995218176142,-7.954298351615223,3.0
-1.1032259700444733,1.5762155473010844,1.3885216134034635,-6.735720483995811,3.0
3.0541363066230325,8.170400989326705,-13.253366449995395,-4.296592636353963,3.0
8.61000313934375,-6.902463020959344,-13.625835461500404,-8.57471656870814,3.0
5.769776896762193,-2.954627371407823,-12.581564857254287,2.3152927317602288,3.0
7.945220239465221,1.8656049406548316,-10.662901699096686,-7.352893786508802,3.0
12.250776342335017,1.7084115883874693,-3.0476275498295617,1.1956884949102946,3.0
14.032422380861197,4.670408996328517,5.116837715122329,-14.068783979432794,3.0
8.96369263707956,-8.532849515257759,-0.15348446191594745,-19.22512057545333,3.0
-10.014018189180385,-6.907393944170546,-1.0395537849761947,-15.78549374865316,3.0
-9.227677025658181,6.669862244577752,1.6974468377691636,-3.7351013032598424,3.0
-9.610783613695203,3.988623836381594,-0.47231833766445463,-9.391457732139136,3.0
-6.3142022368375885,22.60314873384031,4.335298527040892,-10.530015180926227,3.0
-12.091576946107185,11.834646304462826,-12.105646536822265,-4.903602230588827,3.0
-13.64682419074736,1.2989282412405077,-3.1997339199278603,-6.356469191397803,3.0
-12.223312720298924,-1.3859024238035573,-3.272533702588997,-1.7397901023548243,3.0
-11.452033734747438,-4.97198927034354,4.792066417839309,-4.091422327065482,3.0
-14.26766138054808,1.7622818496629238,6.776007790381264,5.491277616559146,3.0
-2.7866449081885216,-13.087143721756288,0.2530029814669028,6.7748821897571405,3.0
-4.7170570040736814,-2.4095287452797813,-4.1765115190257465,-3.502045910098089,3.0
-7.621727224295249,3.3509043001884633,1.0089428534494762,-2.8130113077561294,3.0
-7.005815200046367,9.444079385339244,1.6360416855251134,-9.740203314689767,3.0
2.435133980152562,1.3074655744751245,-6.480255510206517,-9.27117189601385,3.0
-8.452949184379916,-5.539442528954231,-10.77535058580155,-3.8477148103439918,3.0
0.5148899606566686,0.45651572570035315,-2.97145795306092,-4.02155510500838,3.0
-8.772620262461245,-3.1462708286440626,-10.266834338975116,-7.6959036147937265,3.0
-7.0049962778844925,-5.755304447024296,-5.173044264080275,-5.646448955632647,3.0
-1.4162626100186408,11.597646160060457,-2.4851114405172314,-7.954621391504383,3.0
-1.7881955806354055,7.103914156042908,-9.962836557221319,-6.5568753699298234,3.0
2.670690106733792,8.251885568600326,-9.418341976108564,-2.5482732914894495,3.0
-3.5253932469010376,17.97924360123712,-11.09621978190847,-6.579411429491687,3.0
-8.924994036649395,-4.269265921916645,-5.221283207268658,-8.566189522020766,3.0
-2.928144624789367,-0.6116185081598122,-4.896485010550757,-16.519212135285635,3.0
2.6984506449383163,4.01393598787713,1.4790132805640264,-14.723762166601263,3.0
5.156474641937211,-13.413862407729512,13.926257383497742,-2.5684325411994218,3.0
-10.995821105411222,1.7964085886767025,2.4143882531680365,-5.443443392621797,3.0
-0.24674193174902026,-6.389696562553368,-7.193908411437994,-4.3305758789116595,3.0
-1.3634584445859983,-1.6308810514007601,-3.579831714336364,-0.06200416764926997,3.0
12.872792045302766,-3.3243574023075984,-6.602630279026087,-5.720649077566517,3.0
15.099138869872974,5.708708993528442,-0.46567935879859235,-13.663049036923784,3.0
17.937347493451075,3.4112878532376083,-4.997631465472417,-12.97254065964118,3.0
-1.5691704802044728,-0.3431766405005625,-6.422740847465615,-9.171764279436717,3.0
-12.915882918747371,-7.630833368482927,-6.842761526046177,2.735818519580813,3.0
-14.906305585716435,-7.854116745201656,-8.59438358039386,6.387159945742464,3.0
-3.986060355819748,16.190010220864117,-1.5251878735472513,7.506982700847122,3.0
-5.877900327681529,4.341521426707519,-11.025006980023047,-10.94310066951063,3.0
0.213849450883969,-3.774261771609088,-5.455322939638739,-1.3000687823477959,3.0
-11.64978037398171,-15.630140882114572,-12.667571403597092,-3.403234226566174,3.0
-1.0243144254481171,-5.174978435427434,-2.209864239562889,-13.609972300637274,3.0
12.081123924330354,-6.8383120684179675,3.311119526560262,-7.379285720402289,3.0
5.22438217839699,-9.960796325206235,-6.813776086722179,-9.482837081716342,3.0
3.8871839307119007,-14.517091884601644,-13.494126620134262,-18.674861913820923,3.0
7.832831741386305,-15.41472113238017,1.2895121531435332,-10.841644797291842,3.0
2.932648192980175,-13.08128827976515,-0.8789515173177516,-14.93671030326902,3.0
-0.3993177805118109,-22.69891688650886,3.0731991234557223,-6.566958219839737,3.0
-5.192975306372853,-14.742788999850054,3.846877732354659,7.660774958726404,3.0
-8.619179290020115,-26.461693799712826,3.2489576459255485,5.0761637218665,3.0
0.7071900026992499,-17.8361590618731,6.183155054422986,0.3630593512168563,3.0
1.2401092395358377,-17.511057560629613,0.7133932487331367,5.9475244589838745,3.0
0.3119052008949925,-9.415668000546326,-7.675465502029136,-2.2849365718883816,3.0
-1.1914562449613655,-4.451131231656394,-7.71445249903852,-4.145091215671956,3.0
-7.18295895668385,-3.825539120043078,-18.885797904963617,-5.779909602305082,3.0
-10.61900414143524,9.756612739700511,5.24866183720629,-4.4603419445255446,3.0
-6.285190706458137,5.027716585570756,-9.548726400714266,-9.768303020724414,3.0
-8.304229749598917,0.2222269585005492,-5.6900889485821065,-11.584509814068078,3.0
-7.338891741799182,0.024487960357841843,0.4676080722886038,-2.60183149647572,3.0
-3.6890209501866624,-10.2816531301999,-4.0722758602966715,-5.789165530937399,3.0
-4.404252968162402,-5.986492837925902,7.336969402912624,-11.69485614307928,3.0
7.397505364271364,5.507150591292614,-2.8972006526758554,-8.062547430085038,3.0
-2.1963966683119986,-15.234874375334662,-5.999623366787319,-3.194207601406161,3.0
-0.4505542422281278,-12.840846085305028,2.3262185517657015,-1.7035555525667416,3.0
-0.5531896284629207,-25.852395371628134,-5.039945778530788,-9.86738143921265,3.0
9.05917172060393,-0.8294926930457533,-10.20252012657049,2.528716161885556,3.0
0.4164429351200416,-2.9936518898769306,-7.593429558891022,-5.469146586994012,3.0
-4.798984142239247,-10.704725023211552,-14.613938672699884,-6.156258826889328,3.0
-6.820718554692031,-16.410694856703614,-5.637153812603888,-10.474440730662131,3.0
0.6223471787675772,-18.23012818535405,-7.110209081749215,6.4823685886835785,3.0
1.1250738977776749,-10.910530527777844,1.405563507996857,1.6293162670749153,3.0
-6.157436776320495,-7.34239020474339,1.892682711907307,6.742571364260857,3.0
-1.4778240091247556,-3.527893346679482,-0.49909447368132476,-1.0033682200275416,3.0
11.78677032687156,-5.586733095025605,-4.753188672352175,3.950012616674445,3.0
-2.1785382257401347,2.1794656086266184,-11.959623820412169,2.419035918188741,3.0
-6.067926098241202,-1.3594801910518852,-7.16759744062701,-1.9990261398988682,3.0
-13.788689958560772,11.029398702230255,3.478068256786882,-3.1046929570101645,3.0
-2.7394485683938283,5.757479278154623,-7.090772298239061,-1.7748055825651994,3.0
0.09040164941874895,2.1178582336839966,2.9044304447115294,-5.790923780017356,3.0
0.630764564932982,12.183533566301568,-10.085465384110018,4.749550126518015,3.0
5.929147923521185,-9.609173057649402,-8.049907972945022,-0.11093868398230455,3.0
3.4321781790547705,-3.3675417074818097,-14.536342400364587,0.24137743805717493,3.0
14.341921750271933,-0.6064605546741735,-12.348287523039517,-4.178591491272378,3.0
12.230472158089233,-15.088459078772505,-16.157441305326603,-4.819910931590089,3.0
8.167172790945983,-12.26848703218173,-5.652157854827923,5.4320534082895975,3.0
-3.690590411432762,-3.428629290461925,1.9096899316653158,4.714829691942914,3.0
8.2038399637773,-2.117783718287182,1.7596254587637081,0.4546834268227611,3.0
6.2861673004346805,0.27949873383153356,-4.770278901408744,3.8934663685548587,3.0
2.575454197637423,-14.20807932646549,-5.492713616282296,-2.223632463205761,3.0
3.90967091040853,-8.499814775607664,-8.360399664026602,2.7462545559087044,3.0
4.29682615805679,10.992654496297629,-1.9381562652050732,0.5671470085535115,3.0
2.5814942000506553,3.330228467030379,9.650106999973518,8.575390501192127,3.0
-7.24750545486175,8.215375971767939,6.421987606198963,6.885090844324718,3.0
-8.23472501426697,-0.8221994446241914,-7.7741908285769625,-8.30711148832991,3.0
0.08292051461423622,5.034023997385193,-7.672999672437961,-16.012540230550155,3.0
1.069381269707896,-6.497045317087402,2.3479804890454155,-15.818473480721,3.0
-0.7588931795679716,0.7721606344005563,-16.083442383692322,-17.07268310732428,3.0
-1.9053419614798188,4.90628992626641,-10.92888428893679,-9.289443521677399,3.0
-1.495104448641836,-4.282606537129223,-11.495265458678375,-9.232959144405596,3.0
6.82475581683151,13.754504435395516,-0.9255473070755276,-8.221731528290329,3.0
-0.3530724955177442,5.13950022583249,-6.902302918769341,-14.284307408872316,3.0
7.470683651481176,-5.911881534480087,-12.295657423091948,-12.454599215486779,3.0
8.600108173894093,-0.9980333542053823,-17.312389780339167,-13.24597918794786,3.0
4.161486679671272,-6.3249773315864,-27.288865773203568,-17.31419650584777,3.0
3.0681992267673763,-10.75776088025767,-27.341969596818004,-24.453948534865248,3.0
5.926453316292206,-11.750200800667795,-19.434905705271515,-22.69105304699644,3.0
0.8492191720130366,-8.65620475158329,-28.183363489100493,-20.232031247614074,3.0
-9.813262605081032,-6.8177518348094805,-17.70716449475574,-20.559297278815333,3.0
-10.251346741450913,1.611822653692407,-16.92664395196484,-8.391055387525528,3.0
-0.7446457188644411,5.750530538029086,-6.531783088297484,-10.739128345059552,3.0
8.467879004251204,7.0301316757129735,-11.239985195558868,-20.006610325563962,3.0
12.01178373428652,19.332766181434543,-0.49938162316519463,-25.835211537511345,3.0
3.3241201001312533,13.551918063589387,-13.120515240680684,-24.487586537117046,3.0
-7.479038712248535,7.702643352847025,-13.321393161563641,-20.15429021122481,3.0
-5.933195863265532,9.3516068335937,-10.965090442192011,-13.033484495973712,3.0
-13.750379252009754,10.202839962312602,-13.515423753399606,-5.513197693733046,3.0
-10.553387671785448,14.720435334828101,-5.499755462083797,-20.30126373001753,3.0
-9.635411901822076,6.129915430565291,-4.925460620324542,-17.366948137039902,3.0
5.452913306865689,2.237331031788237,-8.19689258568737,-16.0942676978211,3.0
-2.9775509851967925,-10.218040014036433,-1.5381820922192273,-20.894643745638177,3.0
-12.00302288668367,-8.750462095720179,5.216320023149043,-18.047896933135192,3.0
-19.218892663714634,-3.3649804929815694,-2.4709186681348303,-15.507018154443527,3.0
5.0404019120480825,1.2789852910386466,-8.288546808318165,-10.513194626547971,3.0
3.994567345485833,4.563355341970462,-8.378392762161495,-10.446285629723087,3.0
3.1828893008645247,-1.050424261707224,5.515601699540962,-15.934231451621423,3.0
6.768653297901339,-11.540974246770698,-1.4864058432251461,-15.189271556360204,3.0
6.465427436890181,-8.51743474208263,-5.193503985524111,-13.482569501700954,3.0
-1.7117254542801599,-3.7658254725332276,-2.713875316431741,-18.446476891257348,3.0
17.10543085626614,-2.9823543009392823,9.44501181073637,-18.911599269213063,3.0
16.072207796901967,1.0226626894191027,6.0075470592897116,-2.789104221443573,3.0
20.079504021189457,-20.165355212068942,-1.755051816904186,-7.172106582248649,3.0
8.910677474161858,-5.569077545445479,-10.486583456242187,-11.302203565678282,3.0
3.1626070663625008,-3.1699901559287245,-5.065679946464958,-12.618065918637315,3.0
2.8491965839417555,-6.4531563336059286,-14.34570153186506,-15.297905923401071,3.0
5.39182622635446,-4.628039275923974,-3.1626933902851917,-14.155648814708691,3.0
20.151487237574454,0.11338920173712985,10.074841607420337,-22.84677673892292,3.0
14.94825002736091,-2.223375134350771,-12.79002072329999,-2.5853134997123135,3.0
12.949197970084082,2.721536287088413,-10.813401165710507,-8.367255272344831,3.0
16.634572660318174,1.9219320250473917,-14.001315712693586,-10.289649006252166,3.0
13.937081833687573,3.4737967146341218,-13.907590791701635,-11.190207661087783,3.0
2.6115021163411143,-14.822055582036565,-7.644646067411835,-3.1804291684957686,3.0
18.748952278365408,-18.66415082018495,-3.0280935065675667,-5.52130634971599,3.0
17.244428699607052,-20.668658053405288,1.9853609895889637,-4.740702112861707,3.0
25.423672980355757,-7.212453400232595,4.869682057191154,-6.9945659029536404,3.0
27.462245752908196,-1.9739686723701202,2.2690115230946963,-8.56295050093047,3.0
26.340298142885047,2.130778764145862,10.031612452664078,-9.067210290733312,3.0
16.740979191910817,-1.1817346707978356,6.54110718988148,-9.361404255208125,3.0
16.531033017389817,-2.100115178411857,1.977309050807353,-12.980449670669893,3.0
16.02546411691493,10.475627301389542,-9.21500727215664,-7.159653772264946,3.0
24.20129382515683,6.8107372470614305,1.1106449733334678,-9.100376939504619,3.0
29.87076356375748,-1.3826102638949587,-12.997472912801001,-1.1342641876179682,3.0
19.04403613897306,1.2101017797335913,-7.975068259161276,-15.463240184529615,3.0
6.934729475246776,6.511826200011297,-12.915379151598842,-12.698250213580327,3.0
24.92530697072219,-4.1318962330952855,-13.242154468432345,-12.07881236989268,3.0
19.607737179473727,-4.646873429133317,-12.190954921509304,-10.530630973317239,3.0
22.36092296021522,-13.3767257980213,-1.018185191145398,-7.273477896060838,3.0
22.065348021788658,-26.26293679266201,2.5229620802268355,0.9632563612915624,3.0
21.85231224436697,-10.714406820030119,1.9662657004013795,4.045707385633792,3.0
12.103359713921094,-7.46527040705492,-9.783756478444392,0.1374890182923556,3.0
10.11229219085464,-6.67090902339392,-12.272830758831134,-5.0154114795697,3.0
16.618083671719468,-1.3292050237271962,-10.990928855683716,-6.030155276761835,3.0
6.21375376905036,-0.8435628023675594,-13.373296793908315,-2.790826273520267,3.0
13.017550199946015,4.544796787363403,-10.87324282488931,1.844872923497472,3.0
11.215040542074762,5.84181007087653,-14.769868766194776,7.168284604153608,3.0
15.987293192223415,3.190919882493222,-14.60636409054797,1.769879473753384,3.0
11.278761110543144,5.820435564376238,-20.96512088220506,1.1751687978053134,3.0
1.6459536841594495,-10.294256146742034,-11.669365324221198,1.9184348866504337,3.0
9.042365459636109,-8.343384333872802,-19.74160962593546,-4.405967337217193,3.0
22.341630957408174,-6.902811142925354,-11.111049262809225,-10.635511852369973,3.0
19.051817243139894,-5.708835606537753,-17.06421345176745,-9.68370628316128,3.0
14.905138309877897,-11.424624483481615,-9.319818270493117,-1.3114818545057714,3.0
3.286961434579297,-5.652694374638607,-6.425023963657703,6.870393573791135,3.0
6.277055166215913,12.011472669960904,-2.1324155756128365,-0.16609754164071067,3.0
1.8192295076166882,2.88581057095078,3.3174576400676794,2.1205884450071695,3.0
10.389949221057993,-8.385714055164037,-0.5301509172442573,3.014262183819581,3.0
14.973812194014059,-6.651621284882275,-18.057713755903464,-8.429430165244048,3.0
-0.036910180443496365,-5.174897033725282,-10.840774589483686,-6.963451926752169,3.0
14.030866105990366,-7.720585291137352,-11.327068716420321,-2.2267401155367157,3.0
10.336911548147096,-0.9649206008818347,-13.066308021017695,-1.1834246189493718,3.0
21.962010729514034,3.3607544843970647,-7.338901188761678,-8.275754168613414,3.0
16.080661336653336,3.720483850491746,-14.769232592170237,-6.442831499197673,3.0
20.39968636000274,-8.388332357743753,-19.51807914879918,-7.739014864021665,3.0
7.397344762915511,-12.629771086651706,-21.682789266599855,-14.416538506067889,3.0
0.753713949163755,-15.98811435506088,-6.056347628074047,-15.805690622823274,3.0
7.3373041718557115,3.936876714943088,-2.472834984545102,4.426122157935463,3.0
14.543200359822716,-11.252634424557009,-4.116027647683687,-17.0159748112813,3.0
18.05057309130685,-11.188573934971842,4.458426718797947,-6.7904470522002836,3.0
21.812299384913377,-14.341230015444767,-0.02535568521686571,-6.8697690049346845,3.0
5.24049567816951,-9.054567466728042,-9.52314825140547,-12.979769314021905,3.0
8.319342049559904,2.336485188691145,-13.90550781165705,-4.551617419117221,3.0
11.414369558026959,-2.871629816751994,-5.6100859056191315,-2.1629422698304923,3.0
11.65783317438288,-16.128969153689017,-12.245291209329336,5.207437266517866,3.0
3.3440758029734505,-16.31987954137096,-12.045649912121291,-0.26291881318659005,3.0
-5.362333078618763,7.375407828983074,-15.400179934025257,-3.0699651621992823,3.0
-13.518176687204939,6.47897789432788,-16.890957196817578,-4.847726502064152,3.0
-2.45400675408777,17.724083615114438,-2.1322849547476057,-5.863271527890683,3.0
-0.6768820566490978,11.229541073231339,-9.56860240857077,-2.8084540874492694,3.0
-2.0179371847178764,-9.62665169234639,-13.000778796696435,-4.7250797523199335,3.0
-8.254570429548128,-8.760239843877786,-20.15860995501485,-13.73999265960226,3.0
-2.909573999693171,4.013675808342432,-17.4310206340473,-3.654893811330729,3.0
1.703532850407397,0.16470704223635035,-17.781507302089697,-2.1927319015292546,3.0
-10.726184511451134,0.44287145498513514,-0.8436383768055791,-2.291459300885192,3.0
-12.960123318847064,4.6820958075719545,-1.3309585185547634,4.2820015982502975,3.0
-10.57309302758248,3.1896388115133636,0.4574956648051387,-0.18854099851667439,3.0
-3.1674691127997794,-2.061561476012097,-2.1852755253818685,-7.881720236833484,3.0
4.7982938722661554,9.531326749220494,-2.9383831578402138,3.0024398561814714,3.0
2.8766108587019277,1.6390090599393745,9.986003327478125,-7.457571783613705,3.0
3.51161873123517,-2.0233739298908717,4.721638924673441,-7.56014737651701,3.0
0.5663765771283398,-0.2560056223596625,-8.313285157818147,-7.911639000835111,3.0
-5.950605638588812,4.762635606931351,-0.9684739905404696,-9.187947302365778,3.0
-10.482986061814962,0.7986673953768011,3.381190669469409,-9.38776827266161,3.0
-11.04636446615229,-7.8428719172622445,-9.18439164593704,-8.371343506529612,3.0
-8.121102702836275,9.553277261384256,-2.7471837845724156,-8.463775899096056,3.0
0.9979300701450944,11.751277209558982,-9.307733875978565,1.9660444389696736,3.0
10.565452214379658,10.463534743447095,-8.05636391363592,1.9616146991744854,3.0
-6.752573378853397,-4.242956170396711,-11.369926139258753,1.955317515105242,3.0
-3.885049450653959,13.668663677216163,-4.877647554378392,-2.0217349172440877,3.0
-3.629248453750633,2.5851147125811282,-1.3037558082141318,-4.278498658681763,3.0
5.512243788305991,-1.5987382386389153,-1.792803400180203,-12.522004813840189,3.0
12.349716030680659,10.224648231922263,-7.335362172808075,-5.494747224868948,3.0
2.811256724322085,6.837335466709806,-10.214405107408774,-11.546975986127428,3.0
-2.0085919246821655,-2.903849789188533,-6.308486031823886,-8.47862309752587,3.0
-3.547407865581084,4.545134703710417,5.151461884993784,0.36654668367737964,3.0
-1.757169854932493,-4.01208401428678,-0.9476818964987741,8.260656878927602,3.0
-2.7756306151058876,-5.314872195445188,-16.91444736799263,3.959506728560462,3.0
4.012488106939043,-5.598908743504426,-2.625573869229445,-0.4840163028872322,3.0
4.013152074848,4.528493278431028,-5.584782788457422,-2.563014809749647,3.0
4.21139851122177,-3.8903104936194572,-9.839883210827432,11.34401279045942,3.0
-1.9855814521792445,-2.167706201698607,-10.319274576116065,4.64122735889025,3.0
-5.566900492262426,-1.3615211637115385,-16.476574988761044,-0.6136380301122815,3.0
-1.413240594526152,-6.248023504259182,-0.5395450908771231,-10.356221363202106,3.0
-11.340377362780083,-4.073966432974494,-6.78045795940932,-1.3061971608747367,3.0
-7.299581010656705,10.562356520674157,-8.263765622448101,2.539594059510742,3.0
-5.208434284772393,13.041937278428977,-18.806151039097465,-2.7709533599594067,3.0
2.4385056121659012,-5.818652288572305,-21.419577106397664,-6.332548080743491,3.0
4.557723103581495,-5.480223830680366,-8.369721120786801,8.822288394827794,3.0
-4.721484487714893,2.5204002374823826,-20.44348304213512,8.298308668146259,3.0
-1.7199928204666175,-5.3053522455962145,-13.474834391916763,13.702765888434293,3.0
-2.467851426304195,-2.5657665562878824,-16.313585357880278,9.758536325747048,3.0
-1.6211163540527158,-0.17792357888996557,-10.070802922989985,10.411059308753822,3.0
-1.9886538731642807,-10.045375684484975,-3.471760512251447,9.127852044779647,3.0
5.8200676614982285,-13.104078794622293,-2.9565224855374463,12.379677601028922,3.0
2.352673199389667,-20.650382737275216,-8.177515918258742,8.704939065020739,3.0
2.8195842963216275,-15.340263934080998,-6.078600390530913,12.41234397388515,3.0
18.99628601953381,-13.60753200936487,-8.130550976519883,1.7233001878242042,3.0
17.875882025026748,1.1725940830847557,-16.64486583653901,8.23799475430534,3.0
16.43788667440481,3.5435538302282,-7.168955282300563,12.99590420038394,3.0
15.239062506486277,-6.64912267638615,-0.392261339405759,20.052826968324325,3.0
13.872946232537826,-6.426600098406132,-6.886820451610658,16.45335527252306,3.0
17.487530715363082,10.301929348020373,-10.775495866935794,14.592855633292684,3.0
4.785271211782863,-1.968326050800297,-9.832602701958368,11.6505335160036,3.0
5.713271570009384,7.989870633428609,-0.46467792262639085,16.98154181289953,3.0
5.668304533891683,12.320924885430083,-9.328681078146165,20.430038353347754,3.0
10.002843294305404,4.382021071329784,-8.107718736331226,21.368956060193955,3.0
18.109686610492943,-13.740790930860461,-8.323078490760711,10.496127833979713,3.0
-1.9462343380539622,-2.3876990063305055,-15.194180443952153,12.857456277015281,3.0
-8.946905976970756,4.101777312404242,-19.655900358876124,19.40113409855975,3.0
-10.733145019953376,-10.012049751297411,-3.8184988468081276,8.021651751630086,3.0
6.144422277890319,-5.251322961385224,-13.290626345354276,16.34071597075441,3.0
18.813089670902787,-11.272224175511987,2.006496787656644,16.99707553578797,3.0
12.356278174882167,12.395271203977455,-0.45054858004673015,17.605808980599107,3.0
17.597845482762416,-6.2884711682023084,-19.08246535684713,15.882267681233296,3.0
5.127194805081597,-2.271588782577531,-5.3109599516684325,9.195864937210967,3.0
-1.1886880195796836,-1.4087251684648043,5.661184808314374,12.367583475937899,3.0
-7.781807034000024,-9.455596288926317,-14.788916832053042,14.486191238501544,3.0
6.577592277463081,-6.9744401247013394,-4.162602688864825,22.954408687757386,3.0
1.941349245067522,5.216669992803787,3.8479637776947344,19.51804438463413,3.0
5.610486137773293,8.764105216579221,7.679658440131037,17.64098740226839,3.0
1.8738078849661788,-14.910101441042055,-6.139015874611132,19.14552364051784,3.0
9.671643937458754,-26.092842025794084,-2.4508389495853944,19.031694933713982,3.0
3.813993684508347,-30.553058818304994,-14.65854585363304,23.076581371848853,3.0
1.391445305805465,-22.650792163177172,-13.473422084328135,17.897436042822527,3.0
0.37017555692672577,-15.30108959493422,-25.374917751763288,16.09325179691366,3.0
0.1991622967167057,-14.586922283937154,-17.641121234963084,17.11231207070075,3.0
4.325646836639068,-20.939702245451354,-11.408348289030812,21.659017638536632,3.0
7.104404153619098,-10.706715595128074,-7.01768674137966,19.21593843959495,3.0
10.607887405659138,-7.805313764233521,4.958726902591558,20.802174411525723,3.0
9.740162089987786,2.80457185999043,5.162744932019544,18.30287220835935,3.0
-5.346470095449037,-4.9611411241155805,-3.733542045592431,22.595564593504307,3.0
-5.500366710288695,17.90565978404345,-3.4000411734044667,21.826746047537576,3.0
-0.7956604384337336,12.252812057777223,-6.1860485940903525,21.44836983873763,3.0
-6.337953267681479,0.787113088838455,-18.40658398138329,13.322778409511365,3.0
-19.22552205467436,10.05059119188799,-22.151781531832277,23.62664388005508,3.0
-2.236716003337409,-0.3096170318449434,-8.092474032146965,25.723451002842914,3.0
-10.384234402423228,-8.74096701944025,-0.6284901226657738,8.570673900545628,3.0
-8.30920648204475,4.177239405342212,8.142742852357133,11.924523969616082,3.0
-5.831889457935607,3.0498960861066964,3.868329667435102,6.447045922001372,3.0
-6.623278643245327,-4.058970088825262,-0.17060787023206458,3.395518698841612,3.0
2.5829687528477066,6.036535351962862,-6.640621794775235,7.717526220572141,3.0
8.226164403512358,4.412218906954131,4.275701288719106,4.786514009210577,3.0
2.4738654167223313,-5.361486243782654,6.583686690536623,3.169339110812714,3.0
7.535016681834507,-4.819904839338678,-3.1984633165555283,0.3616553436382022,3.0
3.96497691285286,-4.456045343173758,3.7876142037016693,14.445298429823847,3.0
14.17598390169641,1.0183670851106124,-6.39576336207705,11.347073349373053,3.0
-13.021859180949168,-0.16276765833808948,-11.633214576881029,11.739234184310876,3.0
-6.450798242346069,-4.742308773436074,-13.619265152761358,10.546236081095783,3.0
5.9527120653670655,2.7642553833778885,-1.3557261277570447,3.957887582593842,3.0
5.8847725166939,9.941760582283376,-5.326021587667817,13.206558295850446,3.0
-0.364360871427861,12.426664956000279,-7.077033106487367,15.466313182546813,3.0
-6.2085474912954215,15.966214869000593,-12.118920203113447,14.203885735226455,3.0
-7.653358079788656,3.645493427638434,-17.346734811584483,16.39031152450837,3.0
-4.364832418568407,0.5749881746479022,5.687674238341238,17.25835973806792,3.0
4.541048544323947,3.2985511466442516,-5.638410715896103,13.510736235740275,3.0
-0.8699893619127967,5.137323111596837,-15.936503991240336,17.372372627998892,3.0
-0.6996068740844926,18.96584784623223,-19.72370225053234,15.789213105173054,3.0
-3.3371432545302797,-0.38688420219439035,-17.52230044286289,24.22493326642231,3.0
3.3515220358637086,2.497539738529701,1.467650944857878,8.837502193108879,3.0
-3.8930393004064476,-13.67691323981636,-6.607253265225174,8.791169422198813,3.0
-15.37293404672364,-9.81066364731686,-3.4342704385777676,10.50674063629657,3.0
-4.429559925963702,10.462851689990867,-7.697962397942904,20.75158198275333,3.0
-7.110326109274107,15.374287645289813,-14.526429920929425,13.214918851200732,3.0
-7.570083561247367,12.18331744372147,-17.213613649852277,13.705319688614521,3.0
-7.9860790385683655,20.854022582525825,-19.450451508780002,14.523137351133057,3.0
-6.411026608774211,10.820959555195067,-27.742320913817775,12.177866992705841,3.0
-4.636496532967477,3.729684059438638,-23.923894785679643,10.464215016193943,3.0
-7.035144573158352,5.882001408673226,-18.957359620235806,9.785068501805084,3.0
0.03840433730210968,14.788779818954984,-9.003370718959282,4.61777380399467,3.0
-2.9066493179008326,3.9750874736233337,-9.360325863859988,7.692943921114189,3.0
-3.324681855591057,-3.9948998379270337,7.353033044075528,11.196941734912436,3.0
-7.131314006574603,-2.9032849932804616,-9.308693517387999,4.657738505811336,3.0
-9.94836767422522,16.640721565952546,2.795709951873537,1.7448242497078565,3.0
-9.999543442850012,4.57211755849974,-2.8608985825343867,2.0625305659055524,3.0
-1.0326311184044643,0.3312034448383805,-11.166070108253688,10.199181576913947,3.0
-3.579685792889425,-3.0852893211394266,-10.226932843869307,13.804305218397799,3.0
-11.506772296622692,2.370701759236301,-14.585785236818467,16.865189768850186,3.0
-4.8618066526298325,-7.034932700834955,-8.116293340465205,14.513867681974991,3.0
2.469934134482016,-5.103001214167118,-12.920103638837134,9.293032222691128,3.0
-8.235927337530166,4.803388408855327,-6.380938462375953,20.23759497170425,3.0
-5.109629277238792,3.385395917914591,-0.027855963276762763,26.653932470652038,3.0
-6.428891210200546,0.2693245245074376,-5.30254236847655,9.563845891599271,3.0
-4.814140939504892,-4.961368513552504,-7.782313504806392,-3.009413133889483,3.0
-11.175026030493736,-3.92241091066753,-3.7826785943251764,-12.877373522361198,3.0
-9.292969337501031,-1.2147584302844119,-3.3237459374867027,-14.839323620512062,3.0
0.5567871764675423,-3.9263938888430436,5.122781542874115,-15.81704677404251,3.0
-1.9461699317553927,1.9741631304773826,-2.2203209652335953,-8.774784122241568,3.0
4.642113951600121,3.958673813872098,-2.211617547926404,-21.029523420720437,3.0
-2.549413417826412,-2.240601468459872,-8.029237636029078,-26.86258911038344,3.0
-9.343992646800677,0.3621482358496193,-16.7333384799369,-19.488349156874204,3.0
-16.71515284638481,5.310372411346113,-9.105738754704783,-16.422022567396763,3.0
3.0484438910520515,-8.298183143776113,-21.96584911709141,-16.372858182797863,3.0
-0.69812849985429,-6.0627380663435275,-21.455261579927974,-22.30131190514124,3.0
9.98775495858797,1.107464487392996,-9.461548614075856,-15.910979177794818,3.0
9.499477002290762,-6.313849671729781,-3.0925757778211134,-13.766969998188925,3.0
1.472471143498387,3.0463519086400055,-12.278583119135517,-16.509308807862702,3.0
-3.464528304643491,2.568137352246019,-7.663645950503054,-10.87003046717598,3.0
-8.767717878644968,10.297113860528924,-12.144544217737833,-13.590643094007037,3.0
5.309257721793353,12.906270001778225,-7.97896262491337,-9.345643170392187,3.0
-5.909052950162419,9.44255973763739,-24.18683459674545,-21.70242224812426,3.0
-2.630799100947465,-1.731878556339972,-5.91528321377969,-21.824498122912487,3.0
-0.6842348179887017,-0.24267213774530738,-4.218445857630795,-15.65998117230922,3.0
-3.6299473423779984,-3.4178733861315553,0.26027110500759854,-18.710628911868504,3.0
2.74680882465906,-3.0088185791256317,-9.560445683080571,-14.731084149092036,3.0
9.558299514338351,0.517314859385479,-17.522766409239864,-7.61328747959649,3.0
11.524531479911808,-6.820387139816743,-20.68551536137725,-12.642308471668027,3.0
9.16410567630091,-2.3573713934911797,-19.592839871877437,-16.39506413995112,3.0
3.510079141931673,0.0081111841035586,0.4772440077480704,-16.14542059115387,3.0
12.105244536972863,-13.776909286475544,-3.2564181733352573,-16.608674504193175,3.0
10.164920721349898,-16.905608861825144,-5.713802196698063,-25.304388428432315,3.0
-1.0304852317231763,3.4488271256174663,-1.465911916016786,-22.011023721718104,3.0
-6.400320589737414,-2.426938546058984,-9.63998573448815,-22.648091767914806,3.0
-4.945718736822112,-5.910766145031883,-16.980362489585545,-23.47339835524768,3.0
-3.6987362364411878,11.405668718407883,-15.791660403939607,-28.661072901665218,3.0
-11.759217978550275,7.073801264935016,-19.130548068236834,-19.373486782352252,3.0
-4.361027089390098,-1.273344412981681,-12.320366357872583,-20.273985914123998,3.0
3.72887033419668,10.688817430933572,-2.576041139950963,-22.615977704190605,3.0
-1.6605953308440906,0.057406072488699,-4.570856040822158,-15.171749416084253,3.0
-4.130964251883294,9.75235646704937,-14.096956628177567,-24.444735724332567,3.0
-15.062305106851483,7.41110731798047,-19.977341292220338,-31.829481683748558,3.0
-6.435203299141831,-10.25576902932724,-12.540469789276546,-28.185177381080806,3.0
11.85529644429376,-10.919948065695491,-3.789867374691613,-10.82083640999415,3.0
7.994849133280623,-10.740273892116772,-12.469014366466197,-18.457848547383442,3.0
3.8095052685782442,0.9454557647679056,2.9483346890938265,-10.760513225958082,3.0
-1.6182958828719074,2.105856823897301,1.0154582630958542,-17.254639441507944,3.0
-0.11998448403524775,8.913526086275274,-3.2806521697386115,-14.479400050102939,3.0
-16.471567482877184,-1.5876740166514551,-0.8407712903710873,-6.610370609651795,3.0
-19.078968235138376,-0.16177772435691473,-9.163794651228727,-7.650856028063799,3.0
-13.284822486360957,3.1597595869056505,-5.536602767842947,-13.331768731071964,3.0
0.9385246103055129,5.118349001536695,-12.317240527081946,-15.639626088273857,3.0
2.184625484728108,-5.551168134322009,-16.764237318861266,-19.794341851361192,3.0
10.626913578201064,-16.273771906830802,-0.3758172909595938,-15.005370908000417,3.0
14.965197857870873,-20.870735889809882,2.0254866468989654,-16.199626521957963,3.0
4.447102288414362,-17.2306901429916,-6.333223186846427,-28.797884131757847,3.0
11.425188536384471,-13.068909242615101,-5.13343390983479,-14.021817818508854,3.0
1.770844477540126,-6.0798010720063465,-3.8473360664748837,-26.106673420660957,3.0
-5.20618440557107,-1.456731055378516,-3.9033304488143794,-28.978046427846024,3.0
0.9838156706388954,-6.413641266490361,-12.753527751478517,-18.594576080769905,3.0
6.723764746776954,5.570044527438389,-4.8878323555623595,-20.249191403744938,3.0
0.9686025691035498,0.9120292251378235,-10.047093914497788,-21.152897030397053,3.0
0.5631596812271789,18.29996466762586,-6.88667723856176,-18.02771967688638,3.0
3.590403983527209,4.235115726942015,-12.58217623242933,-23.502888043034364,3.0
-5.878560511644621,6.039397230346047,-19.39307672704572,-21.05438675175798,3.0
-5.9448241694827235,7.773029943944103,-24.250380642572537,-28.54016698423529,3.0
-2.2896231728080334,-0.57314496087157,-15.785806900049284,-17.325025679787732,3.0
-0.1779654688373713,7.460310724680783,-15.147591428021384,-17.402269755159438,3.0
-1.6364166166285183,6.178258053818727,-16.35128698175999,-12.824991359252994,3.0
2.182321700226522,13.347080879193875,-2.4528610349903364,-15.717930918346154,3.0
8.691171149549234,1.6640460349016246,-5.194968006589601,-16.86359215138552,3.0
4.178552455422057,-0.39816430832157135,-6.172391392235356,-7.9477929700021335,3.0
4.961386809112043,0.8092464744996737,-16.227220447049433,-9.749360367355486,3.0
3.47470082835532,-1.2983109657600318,-3.402325172110758,-19.6186183394594,3.0
-0.9248666230849785,6.942701078984547,0.7255274247241825,-12.017764080768305,3.0
-0.41922271849987,2.921768013117483,9.016079254777425,-16.865800879626907,3.0
0.7734258069519755,9.917695331538148,-0.10117998782421544,-24.213069912360034,3.0
0.7585883113356093,10.139575186070621,-3.3247696696632536,-14.084203728802624,3.0
4.337525001347328,5.480934525745344,-3.3030960924079196,-18.91321214385536,3.0
11.916085725941196,-3.9396938502123025,-1.1614017161356704,-16.810710649090048,3.0
3.24296385832763,-0.5818794179475598,-4.415649934117105,-12.63098650927161,3.0
1.1154100839782122,7.1644026745190015,-2.9409494993953693,-23.378955255061275,3.0
3.5376342812535695,4.06687901732462,-9.280976637634335,-24.762747703181684,3.0
-0.27800526198032127,-0.021128004693719227,-12.697690377059342,-16.388178865537576,3.0
-2.2730700645871607,0.1175143222103312,-8.385640245258195,-15.676804792296686,3.0
-6.05322633916111,-0.49837402787093543,-3.9539104038087305,-23.95859219941235,3.0
-7.923705236771747,-4.547797392484808,-16.932641556182183,-21.73126560454623,3.0
-2.7590828869798862,-2.9531231798539244,-15.382450324177015,-29.532828957319914,3.0
-12.133914365958685,-1.9093950714484929,-1.475325449417256,-17.71100617273624,3.0
-6.261730641334891,-10.56673589224151,-6.702303834066188,-14.961216155755087,3.0
-4.524571589532242,-2.7940667455514205,0.0751325607144846,-15.012452638522202,3.0
6.483575129076227,-5.593688394700703,-13.905024813834018,-19.32211381349595,3.0
12.545833145710768,-3.8570960668884524,3.523799352766456,-23.92220092361199,3.0
23.717196570599395,-6.821035387745299,0.8241920772828157,-11.359528282347126,3.0
9.74937093068991,-5.097114840537503,0.6792233219342552,-7.971676910995612,3.0
7.701250415612263,2.962822156976868,-9.354937494483798,-5.501646816499928,3.0
-7.59426715436031,8.35971623433342,-2.991835289418029,-12.920514079365699,3.0
-2.2438950917164906,11.114367616975649,-15.003673859191744,-10.238995824625238,3.0
1.5418176976917544,7.370807737537419,-4.65278550722276,-10.411244160783546,3.0
14.694970392301553,-2.0810894999806617,-5.317513385544814,-14.987390054386923,3.0
6.411559884639544,-9.85057728997902,-2.8666851524075723,-10.55048575017863,3.0
9.723688829210111,-11.486582432109147,-15.736236211316278,1.0916043845566765,3.0
8.050484426776418,-5.521748544091677,-8.454098085979007,-2.2554062955699186,3.0
3.010868090535385,-7.374319306902949,-0.4996221518586834,-10.090032564387393,3.0
13.190831653417831,-7.210331492542314,4.453878160537995,0.7656971233407539,3.0
19.138452570851044,-9.480406307800353,-5.140749471322458,-12.156395232497026,3.0
5.533295555227786,2.171658879652804,-11.584213651205678,-9.143093906356661,3.0
15.731356813337689,10.393595851347909,-12.349640528881446,-3.3543940521156386,3.0
-2.781770276516565,4.749793329391483,6.038184850348837,-3.7018172636415967,3.0
-12.284860599868379,-3.856187538923052,-7.408153561250967,0.3069555855846353,3.0
-10.607039966360013,-2.24168408927686,-9.486120019228721,1.755787320309591,3.0
-1.720006385506883,-8.91832674024847,-0.5681123694728942,-2.1159927882759386,3.0
12.403667620522333,-4.467166215932318,2.7437431688252394,8.007570058737242,3.0
21.12419477098212,0.3098462668998927,-4.42316980355457,11.360380363392089,3.0
15.698093539282263,-15.643313282674773,-7.5665000409869645,1.1749372750413851,3.0
28.32313562856444,-14.27090282911616,5.159686902968873,1.424061343194941,3.0
19.641743594908974,-4.167877169751307,-9.108045035915229,5.829202264583499,3.0
7.536958343750617,2.2238171460439045,1.6113650486046387,0.3777896323426162,3.0
4.1739815573736845,-2.066007067749198,4.001486428212698,-3.778989257841645,3.0
-4.123099400142622,4.082376589951375,11.150270150228357,2.9193633339365537,3.0
-10.798113013294353,-2.3473582659342584,-3.280812118634482,7.460172909844337,3.0
-12.186218105897709,-3.505201466860696,-11.443062606352488,5.605887802822866,3.0
6.325141413875265,-1.9810409631327237,-11.335999087442232,4.404977002226303,3.0
13.325149427737191,-4.658525153286847,-6.695943151948715,9.354340074719989,3.0
16.16320612691681,-0.6697699691640233,-4.004191976719516,4.3224298984590295,3.0
12.590828297713461,-5.987344364980983,-0.1400654616581507,-4.300095883723072,3.0
12.54576567544384,-7.183146938718938,-12.018158097862917,1.0283984323008757,3.0
7.047016319646264,-15.609362848810335,-19.42389660384798,-2.362249537213809,3.0
0.7354200322573814,-4.177977868284088,-15.114130578420994,4.59312944765535,3.0
10.451162459728113,-11.32528212535979,-6.694791214760114,-8.58277577757983,3.0
2.5327100579958133,-6.570338214048146,-8.138198753655049,-6.569278225549411,3.0
-2.5957980097564253,-3.3428442260986055,-2.4263135463581476,-0.47393302941694904,3.0
-3.332767506130841,8.495501417842974,-11.793657022026965,-6.527084586038193,3.0
-6.927005711659987,-1.5943883708428195,-4.084089339224972,-0.46370352725430974,3.0
-1.4120259060405749,1.4101004875108942,3.593156203953916,-3.496547724687236,3.0
8.656565210299288,-4.119750237499027,-0.4568499924400127,2.422611114981434,3.0
14.862699830244248,-1.6684828258339266,6.353475221751657,-2.3205970164040024,3.0
0.6849565369231514,4.471822892538107,5.135061511537995,-2.8604054224395594,3.0
-1.6861455242292518,4.819991396573199,-1.8717336392609534,-5.9285204409058245,3.0
11.783926733621414,4.894925139185295,-12.741831001977882,-5.733293508712432,3.0
24.597093342509652,4.534427049175845,-5.207554396763496,-14.026498810980272,3.0
20.64565567581533,-8.8079831943908,-0.4734314710021734,-6.997509267353779,3.0
11.49669314780313,-0.5667121633321379,-1.4775795970213759,-4.500621129472088,3.0
12.873078040367133,-12.079917011900791,2.3329938288361705,-2.1207886277654358,3.0
-7.6565365544092945,-3.2815420906658295,-12.997050899953305,4.746844284933141,3.0
-9.40378689823369,-11.222638772752816,-17.859569453290113,15.730260458999885,3.0
-23.45494283454213,-3.4539119016977775,-5.812776899881779,19.259798635574896,3.0
-15.653487542438365,4.799302799185902,-3.528688576566285,33.16597246296814,3.0
-13.778088146560458,3.8052625043108,-1.621154194536187,18.006651924563165,3.0
-16.694819408242957,5.0624199385240205,-3.241425050392942,14.65509526008557,3.0
-16.326998099427065,17.377967738932227,-6.707369835203439,16.097485060736318,3.0
-18.611300817699195,3.9211426864786807,-5.171966880201134,12.16751731181826,3.0
-24.88250669630869,13.58519945278222,-10.531762815150337,14.258164744159437,3.0
-13.680067081868483,-2.2014173156890617,-2.0479092832977326,9.76783638899999,3.0
-18.020594438508848,12.245333443819376,1.8775564015235897,11.571483053667372,3.0
-8.690866075797082,20.117625911963053,-9.039939638900687,7.514086128564858,3.0
-11.103029628300426,14.303441864731168,-6.156323391904822,13.73483550467029,3.0
-10.963431580679366,3.134379003683752,-7.749900241547991,22.339191920453082,3.0
-2.9934269762129126,3.2406607666802847,-17.474134288469198,10.832563554160831,3.0
-0.17812937912428595,6.059326239428644,-12.86305452203543,16.175220685339248,3.0
-9.154263167089933,-6.249056153799231,-10.710460316785628,21.565922429022535,3.0
-2.348098799152466,-5.796698251555708,-7.024289585780677,14.725819407000161,3.0
-7.773986173598504,-3.012481134030939,1.5151971965433155,12.938539182461568,3.0
1.0168500548245403,-4.855294623787795,2.7247555233982435,13.278798160012796,3.0
-2.058564136932892,-5.834708597466848,1.5371974983528016,5.400311085793828,3.0
-9.303687752134689,4.678384196028292,2.700397207970962,9.122541897696692,3.0
-16.262829286318347,4.323578595287418,-0.5324479588672473,11.884773095054731,3.0
-12.647241303311471,0.9104225076507801,-12.18980633751313,12.040167304401102,3.0
-3.636691597249852,9.802922967801944,-0.7251436884405766,3.8171177400433383,3.0
-2.524240887424691,-0.31260902522710443,-0.6950652356843838,13.63733436249887,3.0
1.1867199597459681,10.176855235331876,-12.008054876813418,3.722159364303069,3.0
-20.367760440696276,0.4824448029288799,-13.150148553503202,15.282975257885667,3.0
-18.095124418584483,9.950277709238092,-10.192385713323517,18.294909454771176,3.0
-14.637552316407653,10.825528608047103,-20.950453068414795,-0.33275834085714884,3.0
-16.765612131535075,-0.301305688503795,-21.137833099523586,2.736824425806496,3.0
-18.01642956553766,1.5380635252289352,-14.285286242476364,-1.1741054469844894,3.0
-20.185892155485174,-5.582742231593237,-18.32175078927763,9.086519996759318,3.0
-17.77184413091544,8.084544304069752,-22.211267342323517,5.233561142011515,3.0
-14.57462663350967,5.6979005292950555,-22.798775661139352,4.710773209759802,3.0
-16.393983978551105,3.3868958374579314,-14.512400903995777,7.114440933923117,3.0
-17.376978759048196,-5.540107310865295,-16.09568364822279,17.09330944920296,3.0
-13.565059356133482,-6.469831970919947,-21.557654184991335,17.529219640328705,3.0
-10.259113045280541,1.4397947338347863,4.267257784909775,21.43089297755626,3.0
-12.3501209228039,6.752349618379367,1.1025991899636285,14.164169456447862,3.0
-1.5432720177685422,-9.807103018914148,3.4554779453392444,12.18968769552226,3.0
-14.853331483466366,-8.67531292676833,0.5813127221051158,12.007471381126578,3.0
-17.270081524241267,0.7576382104574515,-6.832167740891692,19.807981656706644,3.0
-3.3149097388555315,0.6717143281464688,1.97981603711726,9.938563380052369,3.0
0.10510229723271536,-8.010252976457464,-5.7638235063585,-2.3412499301964296,3.0
-10.229540207418012,-6.206882757332405,-6.174686824747353,12.857925567111593,3.0
-21.44666933009687,4.417084710694153,-9.307810636902717,24.133441435104807,3.0
7.385737761555394,1.9673452789250527,-19.81465177662481,-1.827425810520321,3.0
6.07858571103677,-2.358761523100697,-9.653899466727312,-6.701039762760253,3.0
16.875322716950997,8.714252328756608,-0.2423273448823844,-0.951109583660235,3.0
8.803617833417647,13.972588961945128,-3.715415412942349,-11.797757254806472,3.0
9.929834759680354,-1.256397413770073,3.539572056536122,-5.902177746541909,3.0
4.964061792829888,5.139279162554021,7.954317689376124,-11.643245570191453,3.0
14.643167546112666,-0.8276618763920843,6.920151726573266,-11.84623591892297,3.0
4.715015799952926,-8.545964128863169,2.5251719877220786,-6.3380743076478625,3.0
9.690763657961233,-7.469365986679861,0.6397568440944488,-12.410095335474542,3.0
22.533825680261895,-9.723370388805595,8.986574580054615,-10.325111240788658,3.0
28.23247726543204,2.397463888159087,-3.9945079390486633,3.3886084385377107,3.0
42.43852773506815,-0.8347036963049832,-14.219580302261518,-11.396508189488717,3.0
37.01574692103236,-17.314969887616577,-19.936014868365447,-8.93475795938949,3.0
33.55984387373651,5.159922561843674,-9.194672787395358,-19.6829806225919,3.0
32.46938079958748,-6.576040894502269,-13.764706886228922,-18.847961071433257,3.0
22.760637045366593,-5.318450763145574,-11.126075625011982,-16.12623562550975,3.0
18.889973304473735,0.5964108272704377,-18.35666457993054,-16.436046360258537,3.0
14.365297913893668,-7.452039989398107,-3.0731090502879574,-17.736766573663488,3.0
13.824220675253812,-18.0966685937994,-1.6771005923244608,-6.991204394948113,3.0
12.906698014393292,4.668845965185443,-3.3337918613205892,-4.046448939419484,3.0
16.76352963445777,-6.17137797073824,-13.456121424049973,-9.827397959044603,3.0
23.138002426558735,-4.639429037658314,-8.911001002780324,-3.3667607978235408,3.0
28.60030855366943,8.279095994676451,-7.205739478539362,-4.42931263180912,3.0
25.942281647577662,10.16483780340256,-23.686778399134703,-2.8713990271331182,3.0
15.991357644199422,1.1731642206981994,-15.495006760801424,-9.126870969119423,3.0
22.383345928535448,-4.596169872472575,-16.757855012324008,-16.108755920240466,3.0
22.751313093079894,-3.7440676654517597,-8.919078534981008,-12.824977952009379,3.0
15.864451354265757,0.5631262275165301,-16.00021400235328,-15.699269057086019,3.0
8.498347780836951,-4.196798919368361,-14.633183552914401,-5.192563347374922,3.0
8.991979853823517,-6.344164027962197,-2.441152116592735,-6.065174271935652,3.0
21.028241873896903,-13.730247264714928,-2.039497642342699,-2.6902644304846177,3.0
26.707038227542224,2.8584200199244263,-5.438254941478244,-7.313795063369345,3.0
22.26989995833857,7.072694837106893,-7.034449061059621,-13.737510130068234,3.0
7.896236120167261,-3.975065262729412,-11.116103763375063,-14.218841500100037,3.0
8.292454344661923,3.5987527406271176,3.6796949392371836,-14.960686449100637,3.0
17.719445550379657,-3.777491907705018,-3.2341901251591505,-10.25762030297539,3.0
21.450691128282955,-7.8287336068858,-1.0958814428464274,-4.097037439514926,3.0
37.73349618169094,-23.676885825826517,-19.396299911772765,-13.281674573553634,3.0
31.492070973572307,-14.267181126805259,-17.751886402047163,-4.601728359704893,3.0
14.678605223708535,1.2656397602054936,-21.8198399350866,-16.158492064251806,3.0
16.657468585013355,1.8081512561897393,-18.92506039733584,-12.447716321798682,3.0
26.77097088883363,7.069064112725581,-3.004365543686017,-12.955702505972049,3.0
20.948636708080997,-5.512026042340141,-4.346069604393022,-13.505387937957138,3.0
16.708010878263618,-3.59347310140999,-7.578022771195654,-1.6045901809977865,3.0
19.956798409881774,-8.890517378551511,-7.536060483753614,-2.0946774018947685,3.0
15.253805855474125,-1.4883733899359468,-7.475553411796659,-3.7334427951807045,3.0
14.942178398549151,1.7535080611775555,-6.337988209101163,-5.57510960836375,3.0
12.756783690269511,3.90916733511932,-9.76703725800051,-13.622347776304466,3.0
2.2450966495135525,9.908468835002001,4.52043023565155,-18.863148001581912,3.0
5.944465387062703,-8.597125596610166,-21.734083183167805,-16.30772583406358,3.0
7.9714946707281715,-7.324178278230237,1.2482023586794009,-17.316342371939015,3.0
10.472285729736683,-2.709138200650148,7.170894418749781,-13.351492519798347,3.0
6.501962903286058,5.523770713274766,-13.029092111426099,-14.336121003842242,3.0
15.991908671146,7.321081644784664,-4.5682305002386805,-24.6465302537181,3.0
10.25266414804993,6.676805214907218,-9.446733901215046,-28.041526868392133,3.0
8.642625852929093,-7.191182841794287,-2.8329508054282764,-26.409545795337817,3.0
1.57736567985034,5.987922072571525,-8.846684673738585,-18.71661207517171,3.0
-1.4608742402049075,-12.240860869306184,-7.391257513248874,-18.800557161056602,3.0
7.08247887842287,-21.92990622014847,5.720183431826865,-15.306837395418329,3.0
15.133362006114222,-13.918989082787274,-7.724687325356648,-12.204161392384496,3.0
19.209784580792714,-18.862683873078378,4.149698389703408,-11.228176362925023,3.0
20.904940935402998,-6.12546307839901,1.0051645462760206,-17.491541482818192,3.0
9.411907932608894,-3.951680209628391,-0.9546334007775759,-7.67038400902679,3.0
11.194537378337825,-3.5609115366708046,10.521988656482234,-18.968840982809184,3.0
13.25432344143446,-0.23197476274397322,9.277770584549351,-20.6574893217545,3.0
16.058095638512587,-7.286551023087867,-1.4342122117785685,-26.21285893518244,3.0
17.201376349338545,-10.416462336797332,-5.129934286839547,-22.43181936307377,3.0
15.656083623667312,2.114391300062991,5.215500333843487,-19.12402677570441,3.0
8.065076847413984,10.458326360779717,1.2511545397697055,-4.5382396884336575,3.0
13.434997432720404,19.69502532357727,-9.854090039835093,-5.334526126545896,3.0
6.344045746475115,23.611031145455062,-5.41594108448859,-8.687986362995671,3.0
-0.8262482183744613,10.375961933570947,-3.4598069356674728,-14.805797994886085,3.0
2.3504652975415086,5.273371418264013,-10.86036998920613,-14.832182923382591,3.0
3.089703510286821,7.800233625435569,-12.454468828785316,-9.286251173429083,3.0
-2.2923383346832686,9.149559334259955,-2.897840753982671,-13.04568122933626,3.0
-1.3063059836457445,3.77127828342436,-6.706510719135588,-22.36120628841187,3.0
-2.2976847602325225,12.07822831571962,-2.488285881110249,-19.433754338862865,3.0
-0.12625720173787336,15.928035037547202,2.5722213558867484,-13.945976897211937,3.0
7.752723872824994,19.678540510871173,-1.5598349753649763,-8.511552624323958,3.0
1.4409356557660784,4.2609343852128045,-12.361512780816131,-13.553976709786072,3.0
-11.317981539265006,-1.7310365898389952,-5.976970089485825,-16.510411183146374,3.0
-5.516397481948674,9.50182521032279,-2.1643096139201896,-28.77375198925358,3.0
-0.9486863947647635,14.925703520301933,-5.572221919189281,-23.913987515780075,3.0
15.371445524494893,17.16809976251346,-17.193530944677605,-21.353594142982885,3.0
3.1898989936491997,13.133016820132347,-9.595307154414826,-24.030202205968827,3.0
10.55385343472187,19.38185555146045,4.6188703887343046,-27.577298421243704,3.0
29.30985083830486,3.956681603681009,0.7941769740773346,-32.43144446301566,3.0
19.24685942783946,-5.922770868854618,-3.1683827734798102,-24.371280256695776,3.0
23.751111259067304,-2.8893163019729124,-20.201572453944117,-27.14857804447077,3.0
3.4796236868583996,-9.836551138703596,-13.720175105641538,-21.97409045780684,3.0
13.870468954081316,-25.805544934605102,1.841783848755088,-28.151011804494935,3.0
12.460168700229747,-19.377329443490055,7.022453958770415,-17.852613480243242,3.0
7.435614964195759,-3.4408632414026554,18.208996434591832,-16.658237019803245,3.0
6.76418594932616,-2.0895033152326974,-0.1654157137812149,-14.485440640239302,3.0
-9.866145648892555,3.7198218909998797,-9.878686508184881,-17.436832517842085,2.0
-5.131595241239996,9.771093938223695,-21.346421653881734,-12.300797796371192,2.0
-10.796786593501677,34.73177485205072,-19.74114805333109,-17.072263790189705,2.0
-8.731854696021626,31.625816271536564,-4.44322703508677,-17.627137672219582,2.0
-9.253449102287593,2.4713728494572518,-17.581254208207728,-12.938095586693564,2.0
-7.363700517540825,-8.903810970650635,-17.562319349243282,5.499493337390322,2.0
-10.644038084625628,-5.817086463251016,-7.735923282262458,10.120266349665915,2.0
-7.102295315144883,-8.37416276691481,-5.867248375258692,-0.07583017140444781,2.0
-3.1726692188843924,-9.239742692750353,-11.461466731555578,-16.197455639979513,2.0
-3.7890044423955933,-9.583104971110998,-18.292262527898345,-0.13831668407644848,2.0
-7.541481221384919,-4.449021462590313,-14.242511369376784,-3.112486056236257,2.0
-6.74151706805564,4.238377016227378,-18.689774857185864,-16.967892714466686,2.0
-3.6909258668082106,11.479541889814078,-9.611816541953303,-12.132474866841141,2.0
-6.115493264526551,19.348318877145218,-7.242503617460988,-9.85904548487972,2.0
-6.581070629388336,14.75122877859301,-10.12699269214268,-11.487164512115847,2.0
-3.8610529923302925,17.70608004643365,-5.802078254794351,-3.2742804514157626,2.0
-6.11607479435681,15.202544706392896,-7.3944443164702065,-16.736804566130452,2.0
-11.20905759123107,12.22422972011117,-12.035276112838414,-11.281697238474052,2.0
-8.553848017020496,5.385189653918226,-15.294696416534595,4.5625871118467405,2.0
-10.012322436921593,10.208456032847623,-15.089160976361768,0.787516837292584,2.0
-6.32886260618409,10.150894359621642,-14.680235621603464,-0.8044182337042156,2.0
-8.458041693388138,1.1999057370517852,-21.51672830877185,-0.041061697567599253,2.0
-4.798704837926454,9.69495666902705,-16.55927563427918,5.334723582011929,2.0
-5.796614185403799,10.512302703745826,-20.952166844994814,3.612299084138135,2.0
-9.16333805440281,14.058977678821691,-21.124612677856135,0.5572157014341439,2.0
-7.735630665218243,9.98279290070908,-7.927481155583439,-4.2522960434247405,2.0
-10.299345681813476,7.03528362123426,-1.1677150668288192,-14.003387712201322,2.0
-13.42535569846739,8.496569639524314,-3.6766054730386655,-9.667734370682442,2.0
-14.33044878411974,8.234933590379141,-2.1653227308772482,-21.598209170389183,2.0
-11.221255379629884,8.710230813845925,-1.4202549655385077,-20.396440875334534,2.0
-7.201679437499588,10.926515399841032,-4.179800504122161,-10.12827586841819,2.0
-5.2750900307302855,5.074993270746965,-2.463154767712436,-16.873199025500078,2.0
-4.273708614172467,8.970410108358536,-9.704097887508407,-9.598690124819967,2.0
-5.061527983084304,3.7965567184622504,-6.872414067795052,-13.24201938287014,2.0
-5.043029620929997,-10.921752991862473,-12.396728437548118,3.009825433176829,2.0
-6.333980920678185,-3.086751666116572,-6.5289743410362595,3.6863981558831336,2.0
-2.681257494813047,17.64537224523827,-11.601771578420603,1.2910330895128626,2.0
-6.401615469234956,3.6693961289358485,-12.777075606332787,-4.901277960648526,2.0
-3.6923440169510355,5.194933466669716,-5.849457402955301,-0.01896106963964317,2.0
-7.024534581548434,10.95041049743373,-12.008666555875733,5.972582862845131,2.0
-7.416409545734808,13.418165853734807,-17.29030178041078,-2.8892106628265743,2.0
-7.070515243110267,29.56507780299894,-21.395943741536993,8.309050358173259,2.0
-4.878693540552917,9.990476341292663,-22.79601096409207,-17.872595099264245,2.0
-4.950892692803187,15.265519505890152,-28.481353608574995,-8.872857447912624,2.0
-8.789115744733007,20.470686692618255,-23.923934448070106,-13.393104537389707,2.0
-6.202486714572332,30.814893886512145,-12.069868441253078,-8.994501818912752,2.0
-3.7636457021378167,23.759521544676097,-12.298078621322071,0.7180257933364063,2.0
7.608642386114377,9.427683328983,-14.106891772182232,10.917640568467643,2.0
8.584724979597102,-3.386804422674181,-13.918481771335948,11.9307651919869,2.0
8.1570407145172,4.62895522574716,-17.506833118546623,17.08813570064411,2.0
10.138449311771947,11.47534212313712,-28.13712293022358,11.059581654426395,2.0
14.791645679494577,11.474240176695659,-21.163636109635146,12.304691201692085,2.0
17.351043502329098,11.494898610815055,-17.0882881496285,15.810523300890376,2.0
17.982424041067283,6.944549499021795,-18.72044441275073,7.818580056273474,2.0
15.972638595948112,14.590157678597397,-16.056828318885483,5.062690263972573,2.0
17.01790159766834,32.68174200292259,-12.199634974042512,-14.372785485897783,2.0
16.32152389683904,15.392263392184118,-11.825545955532588,-14.353431007011547,2.0
17.19212704752268,3.6460803382366764,-22.78146426845891,-9.212914825345203,2.0
13.698813124808611,10.235658790504878,-20.155458156126638,-8.116263888537105,2.0
18.23427691950426,8.737685307033143,-16.528882417464263,-14.190995442390896,2.0
19.900927382666808,5.010065289096936,-18.228317154103692,-14.030090763265942,2.0
18.286422257521977,3.918284627162853,-14.391348784405064,-1.5518542448953134,2.0
15.955544760716842,12.772638568845935,-11.445268834954662,6.222587103479353,2.0
15.464442035812038,5.038860633594332,-19.966939328136757,3.5204734460719322,2.0
15.256484458076699,16.45509496980217,-14.859933313311512,11.477753088750543,2.0
15.561666767928601,21.306838605160994,-11.053674771119567,17.441676640799695,2.0
20.923868936513152,1.319466706326459,-11.061260612621103,11.848400787880113,2.0
22.788473001609397,11.276739587405338,-8.401215854831477,-0.9429276076480395,2.0
20.60954041222069,5.606899739096898,-5.036686130207102,-0.7478222907408938,2.0
17.12981011200831,11.837244638370588,-7.07884188137715,13.426635799210231,2.0
16.784170176886665,1.1642686559377164,-2.6472809383460794,8.135652022832167,2.0
15.079073675006857,3.815397049948161,-1.0792479724712263,16.549227878470106,2.0
11.488717540952493,-2.3068658597895215,-0.6707508745589585,4.880460398764356,2.0
11.567138591347497,-6.803154302235791,-4.522234153366745,14.760793665878214,2.0
12.6263257706083,-14.667098315129326,-2.31790956632912,2.823851932102334,2.0
9.029615486626248,-17.027734474664726,4.747449608801219,-7.1606015587374365,2.0
13.016809283119114,8.256387596127798,-11.000494269533846,-11.735816452177755,2.0
15.388713420423716,16.97508184736091,-10.091655226549324,1.0352797726896288,2.0
14.050573924376803,9.735309667131386,-14.58478686647471,4.123676585481151,2.0
17.063014541777058,4.245668427620274,-8.596008869880984,8.162341826010445,2.0
16.309284686920538,2.1644943844758533,-1.1096217222270903,16.34145478112869,2.0
16.000011674571848,-6.2415198090889135,-3.5808916765194243,6.712316920846168,2.0
17.14731663064532,11.0189872494134,-6.420207378807444,17.16472991612084,2.0
15.038034844195497,11.05520326121252,-14.579728286999556,7.470783312835526,2.0
12.51249049132128,3.4358879270193157,-14.238292144171714,5.081994373817845,2.0
15.048697579945681,16.694177986824826,-14.235858963234694,0.43014048200440325,2.0
15.42662677430309,11.749838755025431,-13.680473709757429,-0.7937868116067026,2.0
16.69684687496276,11.937092329580022,-17.254465918762225,-0.6191423006647323,2.0
17.05555401036006,13.725441180242083,-5.229336658431532,2.4249823233465047,2.0
14.339010399043074,10.15353197844039,-11.62639710629876,-9.780608367580209,2.0
9.326390063482041,-0.8960992012383651,-10.663482630081512,17.816695740223697,2.0
12.598753147651122,0.18646552795512328,-5.546582735474817,20.056769140752944,2.0
14.997331282854283,0.43321218708374687,-11.923606085038923,9.802236126582303,2.0
15.639394206178693,17.15423468409384,-13.051377569214196,1.8347014699206312,2.0
-4.090787511883292,11.355326590265083,-12.299384076048089,8.501698751032134,2.0
-9.547479902492588,12.489035215673669,0.47363696448643866,-2.3019285828627054,2.0
-12.29242232399319,9.758880629811364,-5.838259471920432,-4.320327436069315,2.0
-18.180113679306018,5.958184089091338,-5.98399506742296,-3.7607588764680457,2.0
-16.067882842173532,-3.4947934508884826,-7.254139933568928,-2.3982702838294436,2.0
-16.766493755620246,3.0005425952663725,-7.8298946787584915,-5.639518389700948,2.0
-16.72920517682737,25.261787931762534,-15.937035870558024,-15.009421164957404,2.0
-19.372425011695395,18.98593401579579,-12.91832334093728,-6.448276329146728,2.0
-17.745664582660922,20.088722950921493,-8.049106529048263,-17.565458260887326,2.0
-16.199909540723876,18.96605630537301,-15.431430947355908,-4.46309314775038,2.0
-15.817733458670201,14.544300647049937,-14.757276053091072,-26.279790786060353,2.0
-14.861534673516367,22.87612943035083,-16.499342577010378,-25.046750879042737,2.0
-18.258497747586148,-3.692168069629708,-7.1049586264198545,-12.144459995833127,2.0
-17.065068604628763,-2.7719591891548205,-5.428161897244745,-3.192606251989342,2.0
-18.963877803701884,-3.5963186410312282,-10.096177259659605,-9.918800515607238,2.0
-20.062910452534894,12.766870601184436,-5.008628247955163,-16.657610564969424,2.0
-14.656561081163442,4.211981562980368,-14.084776767336939,-17.476595435431165,2.0
-16.7858708816361,16.801090998667128,-17.296120197032504,-7.8810206697716625,2.0
-18.85774805110138,18.52140507490767,-20.50672628706338,-12.515302034710826,2.0
-15.588705802108732,29.432074487978007,-7.8599898338717065,-6.79965606537889,2.0
-17.93371306887074,19.80913997289586,-4.369127704898265,-9.372536670480125,2.0
-19.31429228013512,11.421814271494192,-2.3566342786056644,-17.246336279326208,2.0
-15.61423277063331,-10.875979493756528,-6.537740932658419,-10.304897418600358,2.0
-14.417223368125466,-1.048728930705252,-10.421761630034736,-9.474483905422339,2.0
-16.264096016485464,8.854985830514632,-18.93774543212379,-5.782330153653907,2.0
-18.8882485297507,13.677369500745337,-12.236518215628678,-6.860243687467698,2.0
-20.04860055695723,0.968342541517921,-6.768619299323432,-7.898364203181044,2.0
-21.348650912690438,8.186397186444374,-19.531469534998287,-12.465251449229157,2.0
-23.071027784813843,19.20682199013567,-18.371174079301404,3.261612527846877,2.0
-19.033419401132335,-2.6203656480468585,-11.626487805154714,-12.932531549951523,2.0
-20.738642096450157,6.738062218821035,-19.16146287206403,-6.511032710033579,2.0
-17.706506034514906,5.483562138079187,-8.053584468393383,-6.695735510568622,2.0
-19.065333791468195,23.441502464528817,-11.429438674575184,-22.084043417571664,2.0
-19.975786654525805,31.474474285601122,-9.588364201398065,-5.736356725249903,2.0
-14.7311135557404,-2.215383740279629,-11.526895338786986,-11.08392018091634,2.0
-15.44337944281053,2.0475119239286386,-10.778695334056255,-22.518104940336464,2.0
-14.714797988718603,10.927847704049798,-13.281745903211913,-14.94421778061988,2.0
-18.378687814589775,6.742828019305893,-8.414516995466176,-21.21474577426322,2.0
-17.46688608204789,-9.396495506142566,-3.2549405902336663,-9.462287260260355,2.0
-21.523254277543792,10.725059741548344,-11.054756976347395,1.0973675535702374,2.0
-20.44924343145836,4.487893643862851,-15.054050400850297,-10.565347604510817,2.0
-16.97707737180737,4.715342941416534,-18.079441306820915,-16.670388496530173,2.0
-15.642036124842228,-0.11752480526511633,-3.277896160048769,-33.22767520952599,2.0
-17.149479071997124,-8.945377467581942,-2.4035442637543616,-15.247972977830083,2.0
-22.238193483125546,16.90276303945738,-0.49696739581319704,-32.87162782615709,2.0
-17.691995815631312,4.035210384855542,-15.846706863373925,-26.077921438407287,2.0
-13.52901537400949,6.890694971881709,-16.489805990880264,-24.06543771361065,2.0
-5.533312755495434,18.944115342854264,-10.496510633589637,-26.918361803893703,2.0
3.051177694281864,16.355381339942443,-14.351890489727175,-18.457870729102133,2.0
7.620820797943459,30.366627894966143,-7.794655418756003,-10.990863270646628,2.0
8.833000836056106,5.604510204637222,-13.827012078525708,-17.596846667149826,2.0
9.617779080812792,5.234263272223256,-24.00508332267384,-5.524169125547216,2.0
10.301482105812775,7.707462807516102,-13.861255409946494,4.926340026931159,2.0
12.946791204580506,11.556476643395872,-10.32291719943289,-11.774499161031741,2.0
4.901822914166699,22.596888291268165,-15.99165784527191,-15.354286200297452,2.0
7.763783808349173,13.3594171970989,-13.602210643942724,-16.674723103672186,2.0
8.899670173011845,19.44256847190524,-19.859534776453998,-24.623710982829827,2.0
7.735135539061609,21.296129245732835,-13.254328601034217,-25.583352395090294,2.0
6.411229183710686,22.519355498087158,-16.984036127491002,-8.303321875748825,2.0
8.746768928710287,14.606521393578596,-6.983291492777095,-2.494940179987651,2.0
8.830519391630066,14.469224880961264,-13.2403912990861,-0.9612868446708616,2.0
7.065243219014397,19.43245639047109,-19.860059952297338,-8.191075172915344,2.0
9.78959470875431,-1.0595657121115307,-20.75634135009932,-15.424746073879529,2.0
6.856127105984724,1.990285489271749,-8.442492256680369,-3.4100495267938964,2.0
10.169604825969476,9.064466891763555,-1.8275010846694055,-15.248343247963865,2.0
6.394942263032291,-0.7593820465699817,-4.36535201830404,-9.995054598556093,2.0
6.884196529820888,3.8319663715711814,-13.993266169675579,-5.289124113069763,2.0
9.025768209025895,8.359092119852463,-10.211789064688006,-4.104015983451742,2.0
13.363176731713613,-3.264750082822794,-11.966052491014882,-8.184894129986834,2.0
11.309565754991024,11.317979230742829,-11.542233567818922,-7.868427539636159,2.0
12.740730114189256,20.698007517089966,-6.828610197240248,1.0583733510585045,2.0
11.735255881071382,13.159009918754155,-11.894283922335633,-0.9210601822889855,2.0
13.341951970416476,14.634126780440173,-1.331623481652298,7.732570636381394,2.0
8.700133397441654,7.91620814263245,-8.849224055764438,6.307963574107057,2.0
7.830250777845347,-7.758847019671532,-4.57291482873467,-6.428917911006821,2.0
5.514214334430193,3.75483479098366,-7.766539671565976,-0.19903863856183523,2.0
6.674975839100911,17.686608453779748,-10.216198725968551,-9.316628077561214,2.0
8.358712552883722,25.97370810978756,-2.6521192406016167,-16.177373305942776,2.0
7.206666820120464,28.256156110869757,-5.245015184062591,-9.944565646223865,2.0
9.952351056157115,21.64099064923716,-9.47644175527405,-8.854125446870942,2.0
8.95704243149992,27.561080790443206,-10.46842182760602,-7.122000343984302,2.0
1.3992520269246302,17.884746081758458,-0.6522807917295657,2.274037235925525,2.0
5.022485597335919,6.404464229047196,-2.325705196587398,2.107622437864949,2.0
9.500563332795627,-6.499543244731575,-0.011915833406300536,3.9668308864851696,2.0
7.411524578495937,18.339714031863323,-11.663811265059291,7.705834721914161,2.0
7.062473516338212,23.33435890655472,-6.72906106699015,-1.1364197630718254,2.0
6.184529743390889,23.205568777987953,-11.764256782274352,3.9590616979495223,2.0
7.632614808508481,12.809905214802265,-9.43935205933165,-11.695913168466491,2.0
6.345854822487125,7.695904945255505,-11.487809956427169,-17.614704668627397,2.0
9.38480879753456,13.059559209170688,-14.047686213439704,-4.631665528780039,2.0
10.5576645949844,15.471058487747987,-2.2380400470333512,-6.9046874455003024,2.0
9.248000528226356,24.25505967462928,-17.33334893587421,-1.5010233220328095,2.0
9.721380709077996,21.774971243268876,-19.477702223979797,-7.703799947733281,2.0
9.794421076374826,12.309175417656698,-7.777295893852463,-12.209109970030942,2.0
17.85880047918296,12.432094634107104,-2.2126048947497834,-0.01139096191578659,2.0
20.712041492157567,-5.426994125700347,0.8321970336933076,0.3839408561605433,2.0
19.42945451428238,-6.209750219388963,4.337436981133644,-3.6225472793045492,2.0
18.68368664116415,6.80738742979824,-3.403780397384196,7.431258651805811,2.0
14.757822154621646,2.1211055382195445,-1.4120489864540033,12.704890353770391,2.0
11.112729388750866,-9.329222291553146,-9.109680963280713,6.785472151427752,2.0
16.91126646290442,7.907837446555282,-13.45949510880839,14.681492471208395,2.0
15.438645058064182,8.671728575090105,-11.457883230042295,12.894365216568978,2.0
15.180826052820674,-4.83327130573635,-5.071204011577539,14.055589386167046,2.0
19.675186141483007,15.122878839527557,-18.557157504511554,-4.474350322880976,2.0
19.380242073219822,18.67531060566393,-19.551676723550017,-5.687130027191978,2.0
20.050945274077346,11.732926164438947,-10.492355869659837,-7.297209571706031,2.0
15.653524525658712,21.644318493231616,-16.71343407758131,-0.024362176582223505,2.0
17.903738982703885,9.144166219017494,-7.241822124382271,6.23219191253761,2.0
19.981328802542702,0.47915238883932076,-5.314507546981312,3.5008779551422884,2.0
20.819229712554204,20.173280422592462,-12.19819793613481,9.423298043286483,2.0
22.266438872143755,26.634886871303788,-10.9578354418012,13.759315474764925,2.0
18.97137414963829,21.853818013007697,-20.05963531451646,-0.28553835621835444,2.0
19.787785175587928,7.152501732058315,-19.563358359206198,-19.212031917994896,2.0
18.74439241672828,12.645460706280211,-14.695971006543235,-11.719491116323544,2.0
13.852672785681307,24.750827398277117,-14.542942145165158,-7.310374718128685,2.0
15.535152303031232,18.653019181392565,-17.91523290895548,3.6647325053562034,2.0
16.871314574976758,6.200553605092392,-15.787003208845647,4.019599057583995,2.0
21.303272458287594,5.268747773054015,-3.6709884168816886,12.870936728413225,2.0
17.654257097061894,10.805832242132286,-15.237490144686118,17.27004783833209,2.0
19.78291456147995,25.1039223658733,-17.046070300216854,20.62866710492235,2.0
19.82724140102781,12.132596094347742,-15.552124903545156,19.224401734524488,2.0
21.10460975684149,20.735799897131535,-16.50314610545079,15.400493236939095,2.0
23.263388728892576,24.762733327324106,-21.2164481267005,2.1510748749561133,2.0
28.121266165794033,18.19542139523901,-9.748712361368074,16.528092383626873,2.0
23.253173235840887,13.128193904232356,-6.521268967163612,11.580758697254879,2.0
19.36109758615214,22.772468611041567,-9.656585354997274,-0.11486454470178087,2.0
18.55465146145542,9.05852660510467,-8.837267037968637,6.408051081933394,2.0
21.416908591524088,17.70531361973757,-9.578165935117681,2.265200189336002,2.0
20.478873269449647,-0.03963649296496108,-3.2900878115846073,5.156780251797579,2.0
19.788452090281094,31.33307507322925,-6.519609417833114,6.116571061529844,2.0
21.032449771901046,18.98302183812367,-8.022681585646275,7.866602237300218,2.0
21.9858875919927,9.326322922565062,6.953639154991011,7.9920604582969474,2.0
21.43438088801716,17.397094984348307,-8.174055214851972,9.290203643895905,2.0
19.189789152149533,13.854707992195955,-4.870231361597219,5.824236985268068,2.0
21.33422604001561,14.86904307109393,0.1945076463487787,11.064034325225752,2.0
19.693477467799642,4.194420013259002,-12.47039825510544,3.9441399069375556,2.0
21.330196873928628,15.816300206918925,-13.027912970911853,-3.6861303508770273,2.0
18.533520852975638,24.056967875794527,-14.912693075501837,10.560723059299853,2.0
19.41939218651532,5.857491226340347,-4.375005821641621,8.551120842623543,2.0
19.810118475841765,13.694417004025691,-1.3851928955300261,9.215015816933915,2.0
20.78413394290198,25.437573385681503,-6.4788710524817255,5.879171586070851,2.0
8.677049659417772,19.084011353461324,-0.37227876016024997,15.189742109974995,2.0
3.20534915045115,14.324855478617305,-7.340592598905502,11.011175028172168,2.0
-2.0225571886437397,16.291501855672067,-10.827741828953847,-3.132466929984112,2.0
-2.2121848043501404,15.817645413364673,-14.544373834471822,-9.136100362944287,2.0
-1.8747465677184199,16.852182679799554,-23.350010148522035,-13.57800063862817,2.0
-3.2491068720907457,1.4800991842534685,-27.098649554020955,-3.3237447739703785,2.0
-4.0396242120842665,10.879760575235615,-22.840393132538292,3.2819539901112513,2.0
-1.4608704198896354,13.553046651432783,-22.044782676659278,6.684080827156182,2.0
-3.1895581593852604,6.193056915453273,-30.36460100721788,0.40454341035905106,2.0
-6.016961860703827,10.11959927979321,-11.783192373274984,14.979735655231003,2.0
-2.4870844374348624,10.732573780753821,-13.254842442559863,9.506020677870088,2.0
-2.251913829004353,39.113206533894825,-10.507055142883072,8.565366557769847,2.0
-2.7165335564606474,32.41130338189056,-13.103561291633133,-4.664124181633833,2.0
-8.265581703045177,15.542219130491475,-18.008196857091832,4.5239187475113365,2.0
-3.0945387983095984,3.7630915943053616,-8.782552505778234,7.239242938763848,2.0
-2.2706447818123756,12.401493453781164,-6.3020724613114245,7.373775152006894,2.0
-1.0580448212666456,5.063843309790412,-21.298206023128422,-13.010838839373521,2.0
-1.6536646936821995,6.554304692964342,-20.66502384370598,-23.577701598874523,2.0
-3.4726684148638443,-6.254734527309446,-21.20822666326668,-16.273838643421605,2.0
-4.584648449338329,10.563329510048426,-21.1175429729153,-0.13069266615070685,2.0
-6.110834509202884,3.1415223174610185,-10.887274520057328,0.3957140464518112,2.0
-6.218506828588131,11.770872010345308,-6.779076670869225,0.8733235916217108,2.0
-6.5120636218283146,6.520475066300888,-6.086664846089969,-11.73613351884414,2.0
-2.959720687995902,-3.774741585336974,-10.18747167941184,-7.30570425024585,2.0
-4.588253614450611,10.374558359084965,-12.724021190969092,-0.6314657211753705,2.0
-2.220876886327194,13.251016376473618,-10.91285368069989,-15.848073686766792,2.0
-7.131810090267827,30.683536168757314,-4.483181520030076,-8.837297340975496,2.0
-5.453040732429351,39.15102307773434,1.2386465616622377,-8.273611969783524,2.0
-4.534926374453917,15.890713864513799,0.3615632129734374,-4.943970455658018,2.0
-4.160090564812854,22.436115705115473,3.436442129869299,0.8317097824300497,2.0
-2.014610277842716,3.149480116005165,-1.3183735961233811,4.8111253911558975,2.0
-6.171898762257899,12.95739411358677,-16.602870373053626,-7.913485628109873,2.0
-3.4077602793530044,12.052929170447683,-12.901131821042968,-3.707167798091607,2.0
0.613739659366475,2.592442133323039,-2.763490566247354,-3.840165911018792,2.0
-0.3716355654447294,16.39952189463893,4.506420539931194,-11.569635955372235,2.0
-2.27547180876052,27.46595698953267,-5.8038964848020935,-27.42394843624309,2.0
-7.5093990022477835,35.60435020237328,-9.466203615754782,-9.652645563395975,2.0
-4.751867008125499,9.022877394336765,-1.6238050395700911,4.3550603532141015,2.0
-4.660725679905211,6.014126906207483,-1.0339493414778413,-0.3677592606712814,2.0
-5.113831541625387,-1.0344936104808689,-1.5532478617714585,-16.950547753441466,2.0
1.3041913030150838,-7.550157970882953,-11.555094220461227,-17.907210693559197,2.0
-4.3993299316679195,0.2515632690500951,-3.795360145902234,-18.201626851504198,2.0
-5.9538317675463945,-5.705883204686764,-9.212220810052061,-15.605352640753699,2.0
-1.9282060429835306,20.383012048951436,-10.749818941106204,-6.480867185373783,2.0
-7.221737759399398,32.69949569252458,-6.44973651058951,-11.743682383202442,2.0
-1.8399819161141395,35.66787578196835,-5.8676367103744616,-13.23585941511492,2.0
-3.368782968187785,20.443014866647268,-7.325912943164807,-2.009532643502154,2.0
2.228735006159281,-3.406833687851538,-9.921056271993283,5.074102469908329,2.0
3.844793693160911,-5.937931666154217,-12.525461615308982,-0.7026579491817735,2.0
7.735973859699933,9.100184043246745,-16.042628338282185,4.653460371944119,2.0
9.828083182860528,12.953161195612346,-7.6996658210432924,6.163539236555011,2.0
9.815783372480148,23.89400289238375,-15.78642921596563,13.952987024589042,2.0
6.609436220351016,15.240972122729124,-4.832560279402921,10.936621202550665,2.0
7.887368999927739,13.778746844527461,-14.904621273842862,11.638464093136879,2.0
8.460134042689113,23.99849797014187,-16.70829068663509,6.018855277005307,2.0
5.973770265305975,16.464848627756393,-16.30315070133644,2.749946474333605,2.0
8.204257187792454,-2.600511248131193,-21.468936411737634,6.558207037336037,2.0
6.299977475985422,-15.606552319333318,-16.78072858779111,-5.042072783200599,2.0
3.55849699471146,-15.90855936936418,-8.211572694931625,8.623602783525236,2.0
7.9825226688146245,16.18931475930396,-6.9861381765264055,11.949174129434375,2.0
4.088639912328392,23.09446262258478,-6.760735071737191,8.559607023013754,2.0
7.182891905769828,38.56036003188255,-2.2729289224399167,14.494054611415663,2.0
8.407437757007314,20.73252574589374,-13.2806004998132,10.205339448761379,2.0
8.177921037720987,18.509813227588587,-19.156055474015616,23.68364385205323,2.0
7.526542046336064,6.546084586569945,-17.64867679357515,12.291379805404066,2.0
10.664978630573415,-2.1521073238432615,-7.859508562385456,14.764632042045447,2.0
9.841717772735503,-1.2622612952790249,-9.786536528157953,18.923670121448144,2.0
9.165780709503327,-14.913095872551224,-15.684768371741384,13.372021179836844,2.0
10.34520554989689,-4.851727522199056,-9.065693151918717,-12.945705767748628,2.0
8.998467355924777,-5.3494525512993025,-14.789362205093212,2.0811505436453737,2.0
11.30272896113059,6.689792361095508,-19.098908053223916,15.344392138245734,2.0
8.879561715616646,-0.07640335615435934,-7.03824974647784,18.46016781823117,2.0
4.214643440700779,4.270442075985368,-14.9809799072914,17.380740966733487,2.0
6.135305073048434,-3.199445281441495,-13.380556838639528,1.3962079543687542,2.0
7.380548730622296,0.8299329121803123,-10.786124022766103,10.486409962536609,2.0
8.07076312624333,17.69507651639193,-12.991071726657982,17.28010545388478,2.0
7.095779881100248,15.439409560775893,-14.489424015087772,16.51944772541594,2.0
7.707831620140156,-0.11505970314208191,-18.116290647661987,27.000654336450246,2.0
8.248242492480356,-16.214625468054187,-17.922900241609128,24.26791388768742,2.0
6.648470625108284,-5.0560671925946,-16.582970756225446,22.366999857047556,2.0
5.776941676778188,0.5382794269889963,-16.666601007965316,23.077487497857852,2.0
6.210819691161029,15.093191504830529,-7.228259665332388,12.846311410795181,2.0
7.665316154446364,19.191560751726513,-13.002281511914362,13.950044905723317,2.0
7.163166170859414,19.557414464492716,-4.6616920352563245,11.318052534415603,2.0
7.740110504542423,32.130361344096514,-3.438553946694867,-3.1208013730331814,2.0
8.254632093546345,20.274385465111703,-3.834358815607694,0.6575348811539339,2.0
8.29072790132684,4.105601223710412,1.8697220698918082,8.885198690778942,2.0
7.6660100946287555,5.445805232826029,-1.2869463112725281,13.556619404253073,2.0
7.199746947220409,6.221703116412099,-3.5427461908841664,9.59832136508501,2.0
7.503781047670266,19.092386243713662,-6.19731698067696,28.340545003985717,2.0
8.409075227875359,22.119398218999905,-8.803535837041363,21.987802516972696,2.0
6.488331391568499,18.08787744064496,-7.253176958466295,14.943592751754988,2.0
-0.36425550014587493,22.078799372321654,-9.46956881581647,13.9256012636031,2.0
4.396643340929826,11.186803420599325,-21.049133782552687,10.182496198504436,2.0
-2.828995979205371,12.009699715627649,-12.34917148964291,-6.277124935600696,2.0
-6.149761565801015,16.511800088995262,-11.419791650207664,7.356728597729089,2.0
-9.448593850969539,26.573983960977564,-6.864149771484408,1.4067245561687334,2.0
-11.415308143021225,25.784546533293785,-3.388169308885101,4.664854942632733,2.0
-14.594345156374755,34.751929604058155,3.26157343029179,9.379286948240104,2.0
-13.68158466805054,22.00127507498773,-4.687686118693632,25.99728103331443,2.0
-7.971945738743358,24.504799534588866,-6.32953573216308,25.271817410896595,2.0
-9.400229248617203,2.663733080025736,-4.412552386917417,21.770445646741514,2.0
-10.527132240682096,10.236463691855171,-14.239645383968584,1.8787973811605343,2.0
-10.531226120827348,16.22325147414241,-10.874446030890986,4.102467826225352,2.0
-12.717557910205322,26.823879503059686,-3.8938294911152083,0.1133205040521661,2.0
-10.682176663304103,22.419049483441817,-14.55365157850456,11.634923537472046,2.0
-8.364068886791706,19.41028784174091,-11.575473114468558,-3.5746625652347532,2.0
-14.120185463374082,19.950608738128288,-15.061497139331008,-3.3131342465720497,2.0
-12.266115737244327,20.75056979784164,-19.23542873482006,0.8079541790739224,2.0
-11.049342647405824,1.2902314687498677,-14.119039933712777,-0.43714811550104926,2.0
-10.809577335286457,-3.5726645866113387,-12.555585475561067,-7.3524144310572535,2.0
-7.239587856674583,21.477777522917822,-4.8313932346079005,-8.31129085650963,2.0
-11.588106230691839,3.815978547755144,-12.266625037366769,-19.513257562364373,2.0
-11.70292754960402,7.825374977511,-2.3392720902637865,-8.58967818132725,2.0
-12.562840702185085,-17.053092059799766,-9.035301807482771,-8.688432304098846,2.0
-14.445026508094395,7.342135883249279,-15.540806306704473,0.5682658810989283,2.0
-11.772821215961763,17.72238451100219,-4.205925394068389,6.976688025540888,2.0
-9.677706177279465,8.550919553751575,-4.860580946894766,3.505866740441676,2.0
-9.370057260391247,18.06860828000673,-14.281085970034887,-7.111336952189413,2.0
-12.6281179192224,5.493498399979016,-14.534075502910905,1.0843046491063657,2.0
-14.656932364970261,16.644120644365803,-13.599401767488654,2.755684911161616,2.0
-12.138002962307059,9.800162377444849,-8.799412045409667,10.16113451368523,2.0
-11.451277324844417,0.9107823070071994,-3.8848939115327257,3.3886415396347367,2.0
-8.222744040884129,12.451912966677778,-11.386515523362618,-0.1306971383690989,2.0
-11.902212617581608,2.5396223680607513,-11.796810732567515,-1.04605395412014,2.0
-12.19890213198889,14.057623261713681,-15.591215999013412,6.93928694035134,2.0
-12.480048724046496,15.48144823592904,-16.59986626750834,7.818586615770668,2.0
-14.28012598953163,25.039237848168874,-10.737053424091693,13.593101572756579,2.0
-13.044417977970452,21.777056989624327,-5.81046871162188,7.324914501130986,2.0
-12.911655539983485,3.2647937201924933,-9.198664741743757,-5.056669443291478,2.0
-13.141475921891299,8.562165203816695,1.014319797914112,-5.84437568528643,2.0
-10.315656071219511,-0.0730284130410972,-5.462659559349537,8.20846049534617,2.0
-12.773066548927568,-2.9270405328855,-3.416376097030712,-1.1346254591854366,2.0
-13.83621167020883,-2.183630475854267,-1.6583765877447947,8.38181444844888,2.0
-11.610070303017187,10.312115076575525,-4.348753968363997,0.935424328750122,2.0
-12.492243060447521,14.28559824338764,-8.504198296271243,4.249327880765501,2.0
-11.774398357643824,-8.710323199515338,-5.129103762678792,-1.9221671718570652,2.0
-9.471967855643715,-8.18707078165329,-12.740918881323084,-11.895738444404229,2.0
-7.948738457028046,-0.02199464795114814,-2.2820162840657403,6.542100854267724,2.0
-8.534163325000353,6.08726945511999,-0.0814306547758914,-3.543054282047001,2.0
-10.533042576855074,2.3640347054093738,-2.680356229994823,2.856643991352069,2.0
-9.385375197568912,6.674347835195013,-12.987259399009211,-1.091242779349805,2.0
-9.74770020086926,8.5966341879808,-16.103925652593837,0.7668986764916657,2.0
-9.305770082428847,20.320605791937197,-11.684414989738062,-11.497870723335812,2.0
-6.936862536948216,-0.16240422902081164,-15.483297640756703,-13.408674472936706,2.0
-4.983548922718393,-1.5298991736340053,-6.7473581722129,-11.473258482411007,2.0
-4.639188595787199,-0.5323406952464094,-12.47598276558994,-27.806712118546084,2.0
-5.757431360221741,19.30268405412211,-13.242480861487785,-24.738446505556553,2.0
-4.542806990392203,26.560008051733003,-12.80634963893846,-18.8648899569989,2.0
-8.307412731883106,10.194146725673741,-6.809577697629422,-15.345598455405693,2.0
-5.2135841810949834,10.257462944938741,-8.01573723639875,-32.249271622932625,2.0
-7.702739605654421,5.9900219206061065,-3.4860873960006593,-22.10648632336939,2.0
-5.256705679399183,7.186405324943477,-1.5855929730009173,-10.30269578432513,2.0
-7.396526302785288,-0.9295123709095865,-4.406969307231954,-18.047320945990126,2.0
-4.290388177254496,8.4909657752077,-9.587544836849734,-19.03047565125082,2.0
-9.581668445327587,7.2929221587949735,-1.2031278739547613,-12.197198937966952,2.0
-6.547591865762277,-1.1897771263780426,-4.375162803507045,-23.63841851197849,2.0
-5.538161894589172,-3.611584677298458,-12.974348541775473,-23.361942704920995,2.0
-4.757306436264626,-29.72647928166969,-6.271715630826192,-27.89342197738783,2.0
-7.251890344967648,7.062736062358052,-13.300058788216079,-34.255187445072735,2.0
-3.8171037370220744,5.01100342122327,-15.376679223859114,-25.8796052902691,2.0
-6.097810958531295,6.717362583813223,-16.888211034019925,-17.350495203531175,2.0
-5.7367869422940805,1.9306928869115039,-13.139279870401037,-18.70226032001934,2.0
-6.058328032004458,4.789402460025036,-28.60802108557224,-24.72325580240957,2.0
-5.566653944553367,-3.3419757884778107,-10.240379748185667,-13.29007320581451,2.0
-4.464677519459441,-6.297000314808822,2.061510072083114,-28.354375389640243,2.0
-4.86190998268215,-2.548368131442223,-6.56959890733966,-36.582631638914435,2.0
-4.211349314662355,-2.0552806831687365,-15.644195892371659,-27.060843702153164,2.0
-3.6369785403830366,2.0646079640485224,-18.314502903419395,-15.403664360983655,2.0
-5.035959966731802,-1.1507298110771416,-16.629164096471435,-23.132055472620976,2.0
-7.074299145650473,11.959879124748042,-15.59544593734761,-20.69198312425216,2.0
-4.427201566493283,-0.033595689274736884,-8.928220211443694,-28.57855726924354,2.0
-8.733204206441247,14.89649095055655,-8.049766127148713,-16.384871321793455,2.0
-7.786122880384889,16.965151512107237,-10.974197938268249,-27.621987144566354,2.0
-5.462803538205367,17.22834214818874,-8.294184197760469,-29.36809950699496,2.0
-2.9078884166377494,19.987649822694603,-4.067685528570366,-28.21053566070179,2.0
-4.040500415777263,-4.8472650563632245,-0.11289943058183827,-23.794124446992104,2.0
-6.4843820682705315,-6.92826140032053,-9.044173620251211,-23.492424169437953,2.0
-7.23828734600084,2.8982057577086433,5.116893601592526,-31.172335594272177,2.0
-6.838447828400911,25.257277599693214,4.033245129983776,-22.08221111718085,2.0
-6.715994552593738,22.148577378013854,2.151468187985609,-24.70818225740308,2.0
-10.401731710586214,10.702927208139844,-12.510363784179628,-9.666153985500525,2.0
-8.148317604996631,14.421667733652498,-14.730313983159654,-30.47590098295175,2.0
-11.64034712995815,18.139531326914543,-5.985806392054092,-33.55833244908385,2.0
-7.753178279369592,22.549291678922746,1.7819413194811116,-21.56379723486355,2.0
-7.347525612703768,5.506630732038499,-7.546125537974276,-21.66351806671442,2.0
-5.120538351997956,8.2166809493841,-3.6896662084192435,-17.267774763875313,2.0
-3.7172314447730828,13.6525870384292,-17.697031869281684,-18.82214612347598,2.0
-2.675224012201978,-12.982407606198862,-8.582786031941353,-0.0991951468024248,2.0
-3.977371852753559,-14.66046622676704,-0.8288807201392752,6.473436018058917,2.0
-2.488527592849914,-0.7197118096236821,-2.4869550004038956,0.180613196025182,2.0
-0.15241403783014817,1.8443139001268332,1.6391337394592798,-14.547174663147256,2.0
-1.2508710287452884,4.447157032673859,3.0350147939820893,-8.139354000334984,2.0
5.173551656401255,12.513087264108465,-2.5435353323818317,2.177124322219462,2.0
0.9941178109368671,7.606027293103235,-0.9373660524156042,5.6866228541524695,2.0
-0.0982182494741427,12.00690147544509,-2.4886812178492184,-1.4822434573185177,2.0
0.1460095022385165,19.404227622690083,2.7157146404692423,9.60525225929284,2.0
-2.73362616047645,15.99995802482927,-11.278713037903717,14.909584187378256,2.0
-2.705292373263544,17.01989110103512,-7.986896823586619,15.19404835736928,2.0
-0.7677836028584967,24.1111786271169,-8.084208112819871,8.574258127769772,2.0
-0.9953187680449013,15.250287926716645,-15.19529936535352,22.14183151097829,2.0
-1.7440190455476934,8.917540308803149,-13.217472968555615,11.480075711654084,2.0
1.21604942252484,4.559179547061421,-8.581125857193433,1.1192267420931845,2.0
1.5206545766984996,12.75556311882238,-6.731640430312508,3.2344537854057496,2.0
4.142888483465451,21.81576404350981,-15.976572285785078,-0.1376751560831906,2.0
5.018037378745412,11.416850146291198,-11.013531027707213,19.15821137408564,2.0
1.3310645288743903,-1.2093346154047726,-9.819443857738651,13.524773872740237,2.0
-2.484788050406167,-1.5010357242424952,-17.989111960987536,4.782990430755838,2.0
-0.9693066324932409,-1.6142043242630741,-12.88107857807557,14.248433084332767,2.0
-2.4322686254645536,8.107541313511339,-19.580747604054885,10.162327615208543,2.0
-0.7403127856418523,-4.934184952774688,-12.69417190735706,13.303363922039463,2.0
0.6035269212451477,19.929687334095526,-16.137799631625345,15.33269636069968,2.0
-2.2047392535013035,6.483828487148611,-10.094035488425767,7.000884022467431,2.0
-4.593693474616952,25.741449027431006,-13.723933226051717,-5.356462565495004,2.0
-1.0112309171795417,7.492463171579182,-7.787257956587264,5.609122717073745,2.0
-0.9075013484914063,-2.3775973787012887,-2.6444936332942692,-1.4004373375815966,2.0
-0.4525831489134138,-4.802878850344683,6.630495183754771,-0.07853113776923681,2.0
-0.10408099748185728,-0.03754095997005358,-8.762131011251586,19.723469420677244,2.0
0.8126929807478251,12.899697007522498,-6.919829202906824,16.910770054146084,2.0
1.0447028818377937,35.59695245902344,-4.343104753646459,15.948676636118805,2.0
-0.8260281213104768,22.04489540097488,-7.6829854120117815,19.138603490617975,2.0
-2.7118349713210996,17.04571601606914,-1.0209501375189518,12.873012382671929,2.0
-2.812929574327896,0.6471389089239992,1.2758959378753278,17.274375956642317,2.0
-1.4125458305033471,14.52129144033793,0.11933848557213622,28.360817262529707,2.0
-1.4568220240023464,-1.9027423351607702,-4.70606448980531,13.856842442554935,2.0
1.0817941889320384,8.973433586789877,-8.026812467159921,-3.6183928071273446,2.0
-2.811475690289173,-5.2442859915225295,-12.441826285899786,-11.795121762541802,2.0
-2.6042871970699384,4.821074172670515,-10.733251049778858,-7.011313394733524,2.0
-0.04848798992482828,15.503711812793336,-10.313423073120685,-0.7060597612265251,2.0
-1.0573815871210361,2.4210270484903624,-13.223509193700922,14.260606278052755,2.0
3.433217689016193,8.832296744842104,-10.65040959733199,12.351055417414432,2.0
0.5175406893549936,11.31229059828703,-9.810624617060487,-9.343594725509176,2.0
-0.77571313377419,33.25979622410586,-3.908391615621416,15.189988278752457,2.0
-2.776447881615617,14.358694264732662,-7.3883200052015745,13.994544002169029,2.0
-1.5231428207158646,12.591051506127084,-10.224047322937388,0.09303840953123999,2.0
6.875720859920614,16.04448488507932,-13.249086200291199,-0.6080929391794285,2.0
7.624051592071162,4.8910900987295856,-25.006517391196212,-17.648386414099498,2.0
7.212933766543169,16.376527279873095,-8.755189874259196,-21.305815693074674,2.0
10.293451444624132,-3.757440631272619,-11.623632310344025,-10.263303023136034,2.0
9.335855630731702,-6.430768623600422,-12.722901043948653,-13.549742529172512,2.0
10.782862034135228,6.401797407571926,-6.514042063250972,-13.84775937142402,2.0
13.659916521278708,5.04134260111928,-3.1459386920074532,-18.876909176732756,2.0
15.134735440812028,19.170057170796525,-6.6751210064754805,-7.744481652967233,2.0
16.091250835051373,27.12029712604592,-2.7547851829905223,-12.345814615780373,2.0
11.251329861075892,19.44483124707172,-8.859713277518136,-17.55819293685478,2.0
11.43485437376365,5.850121223804154,-0.019268204436151848,-16.101955399291278,2.0
10.84280412177416,-3.3803234716564923,-6.479221776614205,-8.129229841587883,2.0
9.359491173600999,-11.65935990140942,0.9738037275011013,-36.05715373170076,2.0
7.973131592860055,-6.024590997461548,-13.199548520415982,-17.425410278683863,2.0
11.068850745175208,12.930628669086548,-18.884538136113015,-19.987662517785623,2.0
9.847439471506695,18.043775589922028,-11.751885261806695,-28.84923052740751,2.0
8.661909269962539,7.972664517866418,-8.28050768266246,-14.239882556385723,2.0
11.033464536765134,2.8732936616015623,-6.991140750739407,-7.142294978343587,2.0
10.740969704665547,13.015246166757223,-4.893186619748926,-11.772885982214259,2.0
15.122475444831629,9.46084265205599,-4.4414994428633205,-17.435961262115836,2.0
11.960428911301166,4.424987634163118,-4.502955732300299,-15.797898318293552,2.0
8.039820370250268,-11.340331933096175,-9.801303643196615,-17.654959444624453,2.0
11.287565466456883,7.946218171812309,-5.262221987448193,-16.587648695065504,2.0
8.454651174406816,14.852092051048079,-3.4015358857394844,-29.9484491770805,2.0
9.635322011740158,15.296830458127058,-4.4958278404151795,-31.175893234452417,2.0
11.337618743359288,16.687819848512547,-8.832810609223325,-16.499424418244587,2.0
12.257498092436004,22.29189422606489,-11.767272355531095,-19.579479174963545,2.0
13.259964682716427,23.498804294327805,-15.657379511591225,-4.694100494236053,2.0
11.896887239271061,28.63035813371546,-12.789520202357725,-7.363523947537381,2.0
7.616559748831532,10.387177587864057,-22.34402681285033,-19.10771201873013,2.0
10.918481105551784,0.45893774663227127,-9.327695921881645,-30.494317875949267,2.0
12.80761508473654,16.065887119533276,-9.555043230380448,-22.887635806363058,2.0
10.795834843849647,17.33508046670229,-11.04555642898108,-22.30769423617471,2.0
12.51967351193985,14.990769673064202,-20.269723389138548,-34.64421615808163,2.0
13.07466427421104,10.570691172020853,-23.43363700356739,-16.19563282780059,2.0
13.838491351092546,23.139314139344215,-17.948364218964684,-8.615529093007666,2.0
17.804600763869043,16.326357585073325,-21.113298259851437,-20.43578648650537,2.0
16.230110858085325,3.7623679506030907,-16.39141856172671,-24.618791905917547,2.0
13.434030043829916,-13.701572686305083,-20.524837541076504,-22.356339309820164,2.0
11.24807735338885,1.2778185256142063,-12.597399621022513,-2.8956902076789035,2.0
9.103588023956725,15.794340850315328,-12.1473815953856,-10.491270649193602,2.0
7.427125103567564,13.301867884939274,-13.881639320861193,-13.106700806582067,2.0
11.246676944734977,29.31781124553386,-12.639080362678861,-17.072059065728624,2.0
14.089060653914148,27.668912390286728,-13.444717884986115,-32.834967920919546,2.0
11.174418084992617,5.695125046808512,-6.680906131129678,-23.7736476515588,2.0
9.49035952764961,1.981904587952771,9.674022706835647,-19.047436102390975,2.0
12.870510208933133,-7.930587883601627,-2.429458472143586,-3.6138922827206716,2.0
5.436448969013782,0.7576488273320354,3.36804773719736,-7.274695632048797,2.0
-1.6148238078953134,27.973908178687857,-1.025088510582627,7.934576663057637,2.0
-3.2286727459525197,16.71244273233541,-3.333732395502789,12.370354143799329,2.0
-4.500157419491419,20.344970901948095,1.143036624853755,17.647022075442763,2.0
-6.345443025975991,30.66168734455993,-9.110009947078872,15.08644538842532,2.0
-11.603148507331875,15.678401620578722,-8.410271782832924,19.859835196160915,2.0
-9.702577876680317,2.9341214055804663,-12.841077682914609,13.658245576601189,2.0
-11.077026442462337,6.495247018484655,-9.397782395551332,-1.5558233590565678,2.0
-7.486111710178777,-12.992433933311675,-10.706042191987573,15.862793818976591,2.0
-5.02696612779908,-6.198842877483102,-6.980347150011586,15.957351328374195,2.0
-7.500269361406366,8.228116862585559,-12.022072297229405,13.991861727462895,2.0
-7.188946844186338,2.931829531544247,-0.9278683697393877,13.390335889049041,2.0
-4.302479789407263,0.09741202558915418,-2.9390899329291944,6.005187460275266,2.0
-2.8530028717548435,11.062281627634746,-4.028489563608561,9.710911432582016,2.0
-6.014327418969023,16.75416558034011,-5.477450762806027,19.59348168293935,2.0
-8.17732291591763,26.38738668461596,-6.351798678407453,-1.6502870279926185,2.0
-9.423274632424667,15.9362516330117,1.1284758237662373,8.22619520074926,2.0
-9.32196708818828,8.59793658622337,-2.204166514268336,14.031954719346011,2.0
-5.623585136835207,10.431131012860513,-11.85146282328253,19.323920967093358,2.0
-6.749612587886478,7.6004985692513305,-11.379363990200456,19.208624093042207,2.0
-8.280219948407865,7.718506396700176,-16.070283820938627,14.51406364577219,2.0
-7.870554784373536,8.6049745161946,-4.265980508895126,12.67714969429798,2.0
-8.724536840640175,5.320732913357899,-4.533300383666801,18.734981516738248,2.0
-8.36451959994708,0.7214317333621363,-4.83876318404009,15.396017328819323,2.0
-7.164147868729279,13.447822763002069,2.0105894060227847,4.748185575222417,2.0
-5.7669914396742,15.863532099884418,-1.9732384966046759,4.5929414328916325,2.0
-8.676192524185886,20.543079573152255,-9.897165741895284,9.07033337473509,2.0
-5.589933516406294,8.094763896277897,-22.886344056822118,13.656010354548252,2.0
-4.593211903056821,28.886565176334404,-19.77887241406092,16.08488762517792,2.0
-5.206569259058701,2.050700992505769,-17.68373436543713,17.757942727828496,2.0
-1.108397536607793,5.923260834485322,-10.709077480878436,13.688797080294886,2.0
-6.526006031496239,4.436169697744602,-16.27171449200718,17.450237572870304,2.0
-7.579872726715689,-0.8549411903256563,-17.24440213572214,17.84388793910206,2.0
-9.385011856677508,3.144678157369461,-3.3019522476497145,26.586112589495336,2.0
-10.067122755414774,-7.352143229242628,-7.414640539488909,34.27388758783733,2.0
-13.196351915722847,-4.842398086311348,-5.007380927425642,29.45011944378011,2.0
-10.967189529452233,20.541058334645864,2.3313451943833723,24.145338832090907,2.0
-7.305516447133866,19.18192600372228,-1.5133085609264167,28.317369050827978,2.0
-9.193780305866486,15.769438565583453,-6.067885861273396,28.887058879473038,2.0
-4.206117683147968,3.1294987940524406,-9.450761060347151,13.446529283966674,2.0
-3.142989665346367,3.284698842965163,-6.186872225764353,18.66357217288722,2.0
-3.475301798876571,10.576129110134257,-2.7843585728851554,2.849005745734729,2.0
-1.3556378589243803,-2.7595433781463026,-6.599765453994104,9.41608186911833,2.0
-5.166510195902371,2.88568643389916,-6.958971233711515,9.56050576540379,2.0
-5.585783919518249,13.338838421023414,-7.1753308656407615,6.143636419253433,2.0
-7.661431348441809,17.4557190441315,-7.629293608602987,0.3217693546982474,2.0
-10.8227286037951,17.18031371039241,-12.15064149012423,4.5573684816375,2.0
-2.031568051895041,22.094607928593724,-10.366526417799907,15.39399099906722,2.0
1.7287455393678641,1.2731812270632439,-12.6582404572675,19.868169716879017,2.0
8.552412151349479,6.185545704312309,-1.8485885595698868,19.14973775390275,2.0
6.831028752229268,11.862531769937409,-6.305909427263233,16.113377293825565,2.0
8.92629137192296,7.288948258077232,-13.596284013687285,29.600528144923956,2.0
14.563900279750866,3.1941217947495737,-11.372906003457617,20.650833941832445,2.0
13.202333664801808,8.205062396642205,-5.608835171075417,7.426196054887647,2.0
14.23430356374172,13.158002238176508,-6.21041271422448,12.165332535694814,2.0
11.734167391687139,11.946259869660482,-14.310848392294194,15.512899853437313,2.0
15.052567788616313,-2.01186624980833,-15.237868824701367,11.41134124512298,2.0
16.871980992071183,2.5110703472550817,-9.588812741183961,2.7219067741414467,2.0
14.14253557344543,-13.592507393204642,2.7599568587018126,9.15105799243716,2.0
10.43662971334594,1.5913762520238937,-19.46850739740941,0.30487227758316404,2.0
13.412050697042561,6.087693150164547,-20.62045712679473,-0.25401139805053674,2.0
14.257224728397613,12.017199741623628,-8.970204743732973,-3.9286992018124884,2.0
14.281569635819253,-0.4148449977304738,-9.724903775565597,-2.6175655286099992,2.0
14.954765755161585,-4.402185349569809,-17.06806190609715,13.656419659156263,2.0
13.67698596090739,-3.23466509224136,-8.847654869477584,33.689475671981256,2.0
17.873794392300187,3.785739496050576,-5.987757104366855,43.96069981181737,2.0
10.382896892829054,16.715482771162236,-0.42577171476414577,28.089199037143786,2.0
8.634821585516114,-10.624640846734685,-5.084891865675049,21.935075927276085,2.0
12.886150910666187,-6.920461788001935,-12.818969228529568,22.428170546634014,2.0
15.068326257328966,7.852794437961042,-1.8736573455674996,17.29296329036147,2.0
14.17744882833114,11.564846808145747,-2.6325886598789356,13.478712837209299,2.0
15.111836201163724,7.388536327351957,-12.314996661006242,14.583417644802086,2.0
14.322425529616472,13.213514832122243,-8.63343837315913,15.789491285885957,2.0
12.765348313955249,20.013576097931004,-7.184216129305428,13.832381680971237,2.0
17.06682057984797,15.548682066486872,-4.909302117244499,4.912337027360078,2.0
13.154658676193032,3.7311873307733343,-7.008188840107809,-0.752040335144887,2.0
14.851731212877699,9.721437865160548,-9.158483224737658,7.988835879621046,2.0
17.01969614194485,15.443262760751086,-11.274884747442835,28.961417803125926,2.0
15.669236175565374,32.4664388291728,-15.919893926182157,31.541091276450942,2.0
14.530544408353263,5.202439644152035,-19.807575231766098,30.40919054654993,2.0
10.48700929660719,-7.232624382449938,-15.561123482515073,28.73953525616473,2.0
12.692712387524473,29.841957992530162,-15.40848465937659,24.30085804351876,2.0
14.210165566075437,16.859447178198714,-2.47132408386886,18.708517570197316,2.0
14.249521077437358,26.39693828422757,-11.564136856799102,14.25016405612777,2.0
11.21266241876973,21.006211687627694,-1.9372609447563072,9.392414948606636,2.0
11.196722099962082,27.17392832473809,-0.22579859736851748,17.114170487681402,2.0
13.99929771267155,6.892517977371391,3.0145278519323186,33.842085326137465,2.0
16.89841311873275,5.000107039131347,-2.2391260369254837,23.963787054056674,2.0
12.83285748180157,21.912187286862157,-8.944814703540066,20.361990902052824,2.0
11.297535491117863,11.79296735833159,-5.920202487437425,15.807937883677923,2.0
10.259505717065622,-6.547995770530953,-15.293974439593683,10.936764985420265,2.0
8.758937966726176,1.6013367884177097,-6.9942557668279655,2.88407776737618,2.0
11.907251035242322,-1.424117827096068,-1.0831622608536158,0.5191551553638831,2.0
12.464881023211138,6.59951210630911,-8.666568235134921,7.371146503820699,2.0
-3.1788086867614935,13.27533495327756,-15.908273051162478,-4.6037729731199,2.0
-11.937097840922085,10.438418345601214,-14.888664194005559,-2.3478960024609528,2.0
-15.626655567895225,22.26828934184593,-15.297192477974571,10.817232835685093,2.0
-19.00997953757799,20.252509991919524,-13.988855670193374,11.661469134117507,2.0
-22.645760593914833,11.117438628922173,-12.44703067960066,22.295701410194063,2.0
-18.70144230452433,7.648820435273473,-3.809039924752878,16.5899168523795,2.0
-20.146369691398753,3.4804277469787595,-9.289171403269282,10.77113926763387,2.0
-16.006261848009665,3.618487355888188,-22.448471448473104,31.893373945961763,2.0
-17.922458583228973,-5.940811238666479,-15.859805682734425,21.121001615707787,2.0
-12.839466215505041,-10.148732948188295,-17.39808448662021,17.92450681557827,2.0
-15.18190329296995,1.3086498938658497,-15.208636818309994,18.02677267287948,2.0
-17.996551691515926,15.369649431905618,-13.16297413161908,14.10753470795966,2.0
-12.848162361176962,-2.142971193764023,-19.763603599871892,20.88158170018811,2.0
-14.91692535960982,-7.582339304588363,-17.246126730821192,16.585262991076863,2.0
-11.664623181397182,-5.88054980256087,-4.177365578423283,11.417747954818873,2.0
-12.77115801822582,-9.65991626536679,-5.25226482807787,19.333620969019393,2.0
-13.075652587052147,-3.1819689615740323,-1.5454491636580183,14.024590030240967,2.0
-16.636734360793536,-3.162705047809755,-0.5017806123465594,23.9229492241247,2.0
-15.03605160585931,23.572883057055883,-18.522627303268568,16.735078995231998,2.0
-17.59472616908206,23.623094611652505,-11.217733585123467,4.610124810309549,2.0
-13.616636966228793,21.46445003637443,-15.619210477215965,13.58097857478266,2.0
-13.185209545088304,3.6059523882790074,-4.60846306987442,10.939055306623287,2.0
-20.246891458836323,9.963819698203825,2.5542199274485515,8.90179214739544,2.0
-19.12769909915376,24.964278084738176,-6.283129487545849,15.470549938788018,2.0
-21.361666247446898,24.47201667150504,-4.933005300603323,17.48502828566556,2.0
-19.908069419329475,26.077675757760602,-2.531962622871575,18.490699942487808,2.0
-20.614536870655876,16.920705225379557,-3.753222881091415,14.941912814674666,2.0
-16.559106450829216,3.1997690441543103,-3.4618908630432257,15.063396056771811,2.0
-20.094265891679164,15.333714428988495,-5.819488932925049,12.632608893947728,2.0
-17.03578199122345,18.51104304413864,-12.686186048838508,16.84136848747471,2.0
-15.443160196839077,14.518359345849055,-14.565901774907644,-3.9018490065116858,2.0
-17.94591555091242,17.439936120886966,-6.711759387204824,7.067688428789712,2.0
-20.03272868523561,-1.6936276956720313,-5.277757875054326,14.187763592667837,2.0
-20.631263430758043,9.408318801278604,-13.712145753930042,16.119305892010075,2.0
-21.83004578666488,-10.91833941914172,-3.067973632564974,10.41095922259013,2.0
-20.66896574368777,-7.4722869463023684,-0.8373621416694625,14.655460155087837,2.0
-23.430511004642977,-11.92491392429335,3.8740861256642463,24.754147871062173,2.0
-22.5263884163135,12.590230250414239,-7.862907987556577,21.26582476281271,2.0
-20.052893989954903,23.698010610085035,-0.603392121278727,18.323136930393446,2.0
-20.09282312950959,23.560563946269053,-4.756853825281237,12.698969648084246,2.0
-19.15807230850904,1.395380070436806,-9.357802123957851,16.282734601455335,2.0
-24.54063027584833,16.3305339735593,-11.173005126334122,12.626932289061635,2.0
-23.898957378339816,10.655539739088347,-13.54425006849257,14.196588903210067,2.0
-22.93505519265697,29.114708555003254,-23.305286262108687,12.926380075009448,2.0
-23.633433351938944,16.69097124969938,-16.655641201001032,3.8512640114653376,2.0
-20.176176104169897,18.951086253687915,-8.326895810436085,-12.749411072565989,2.0
-17.239187693652788,7.395623642220083,-10.33862935998804,-3.833892558318407,2.0
-1.2396258651752694,31.850377466112725,0.949954914263401,12.107073662400477,2.0
0.6633493786674407,26.233814687813474,-6.265431980533154,13.093439058173278,2.0
2.4786722643287558,22.77015173982401,-6.934355080526498,9.465818266865321,2.0
3.4804846270195533,25.16261861161449,-3.185738724517906,21.484157515345565,2.0
2.1684923270760006,11.675121050843163,-10.829897461982931,16.683863848438424,2.0
1.7748285922955596,-14.03396256121681,-8.096831925348583,11.77899021563331,2.0
5.19384225237255,-2.4062212704734485,-2.5012545255249323,4.571517389143363,2.0
5.80923558393607,-10.322254620514228,-16.20318879763424,9.247565864167777,2.0
5.133639426996953,14.182053600290438,-6.936780083671066,24.307032278647014,2.0
6.540967461260301,28.579694741714757,-22.146056106763744,15.689443595042011,2.0
8.934714743146651,25.229054146816814,-24.47598221635112,8.128118312318112,2.0
7.314306455459065,10.252830496500884,-6.832561508077045,21.41213420381966,2.0
5.28718575129602,10.093407504833682,-13.202528594109403,17.34835389617118,2.0
6.809571309079646,3.0338675164803077,-18.3478197305983,23.48883587673349,2.0
9.257079540290299,11.253478211712743,-12.023965462153658,13.7721869159196,2.0
4.9824309197610805,1.7571963541216222,1.9741361273387827,11.133661192808193,2.0
6.794745450308268,0.9108968868679579,-18.389121252989685,9.02499491636933,2.0
8.89494129497277,7.574757109716155,-11.84520719147287,3.6589255514437866,2.0
10.158235436003165,-5.875307951609907,-16.494707076809853,19.578315621555525,2.0
7.53208388980317,-3.215654478196649,-5.128516556969134,15.303124650774096,2.0
4.999307705631702,11.88452427224028,0.659972906632019,18.13739202386987,2.0
4.448464390120528,13.340230224342209,0.25208223446949063,24.18085709157637,2.0
2.324550452080085,-3.5143308121746912,-1.9395620559877553,16.605109144372562,2.0
6.229869281607522,2.1189987855391657,-8.450486723502753,32.877901446830194,2.0
7.118705525299461,9.376297254973462,-5.843463113016474,20.917448466069875,2.0
6.375164052847943,12.674865248066927,-17.47157221043004,6.5703105997537365,2.0
4.69324477542117,25.502566936727312,-16.091059493956166,3.686471082427132,2.0
4.210740417137487,31.366233391350853,-10.925910822376444,17.21189528801899,2.0
5.008014402839976,22.16502182813292,-4.9095338875047485,20.11728373448154,2.0
3.4371852758074013,18.690693110176838,-17.36320559011791,18.046092084739282,2.0
6.1366338743000615,26.905789036286112,-18.1832633985468,17.6422753349217,2.0
9.553095915513293,17.955494261163505,-6.868704722182903,17.034599008957176,2.0
11.740034591869115,3.2527679795155997,-9.87264697976828,21.336059005630304,2.0
5.7742105569154045,-8.434592777884736,-2.1333908615928605,22.444504470024846,2.0
7.27184105737551,14.177016443399143,-1.2462113209746493,17.88758752525794,2.0
9.495194051853407,9.496881437977379,-6.890033901679926,6.358684753095204,2.0
7.708042800266497,2.7917900277239376,0.6122279023359365,7.4842212317185215,2.0
4.98128719987579,-0.9866213552241998,-5.9832054878807135,3.429732074586802,2.0
7.6339294394807045,-10.78839847840512,-0.21138299903723556,0.32385247735657785,2.0
5.560672318578794,-16.658973206783074,-11.286379438046474,6.7620891975739355,2.0
7.48330539455791,-4.830562322355831,-18.406532956035292,15.0771497591778,2.0
8.3419959649641,7.3314271761926495,-11.489452522071097,2.222666173466772,2.0
6.820380335153317,14.824208329565906,-3.0228566997056863,-2.3110990891375573,2.0
5.8072003314377465,9.002050313230868,-7.742279327573327,-5.920741386043128,2.0
7.617850985218072,5.144330628489568,-11.372764325673042,6.139740750317168,2.0
7.768221090294431,1.621946577920593,-17.090851498972604,13.929575669770585,2.0
8.71410925680228,20.023925151433104,-9.68232501280305,15.836699713357945,2.0
3.832746934935122,13.168734810601425,-17.69607555597092,-0.6806159363742621,2.0
3.7422260102253784,9.419621625671509,-15.644851344730082,0.9637952041517241,2.0
1.2490476347832824,9.826443986057381,-13.219638473880128,2.5829336539874634,2.0
0.1922148411589918,31.388274398280906,-11.831104622864093,-1.1606713888792242,2.0
-0.4104754738235461,6.309671768821643,-12.670818150028373,4.721416346051921,2.0
-0.4230811461958752,1.4001219394222186,-8.377716971147521,-3.5838046055985657,2.0
-2.44619458512412,4.279354892934025,-8.675217337386497,5.6885072052173795,2.0
4.136536453268885,3.6601715527461636,-5.021678674585645,-2.0304552472963704,2.0
4.404879178841511,-4.164212928273127,-7.5423000777363995,1.0671171615008639,2.0
3.909320425107962,26.215573935879387,-9.987780692266973,2.768159460495114,2.0
4.520767102929286,18.981740938780433,-11.255920553850697,-6.96324229376163,2.0
0.6703615979835856,5.307248715514978,1.3803519922844858,-15.724928863300576,2.0
-0.5209406908033358,0.590356980534839,-10.927354386492066,-7.6385992806614365,2.0
-0.6786497450794193,7.535248185185956,-6.2322479781638895,-5.343878128476119,2.0
-2.991082197093819,7.269044412449933,-3.699956900899897,-12.103722159602267,2.0
-3.2758863746958586,-12.298228626719972,-10.441139037338235,-10.703806460290446,2.0
-1.0949864615445255,1.4431109350963274,-17.774976574764693,-8.41051825310972,2.0
-2.0529068247086566,0.7668701511119598,-13.816773459669433,-0.7681441090451071,2.0
-0.7291691735240016,6.08156744833881,-9.305163194751412,-11.436975161388844,2.0
-4.465726974941895,20.964488479478906,-2.0033654062021764,-27.890158467235096,2.0
-0.7199642459288591,21.91522391092943,-20.887651376068934,-12.451570543730114,2.0
4.934555843755837,15.332679263694299,-22.847181273412904,-11.489048953741174,2.0
4.904381276293131,17.20341689134904,-12.962982942786486,-7.1924668551423405,2.0
-0.5982854111673466,14.903394354282579,-16.40561323246458,-21.418808599207246,2.0
-3.9467077098791004,30.016262873789806,-29.5816683874891,-19.851084193031486,2.0
-2.850431632810628,11.029613227940903,-19.51764829783696,3.4505251049075323,2.0
-1.0834026249375832,17.433742054160927,-14.373533516116273,-10.313676215138214,2.0
1.1578485825828897,19.94454838193434,-21.528993727303472,-7.12461875421663,2.0
-1.291285975694366,15.656750124231493,-17.75340900253692,-1.9589387973727597,2.0
-0.7918467582553435,15.71620792250112,-27.391871226853866,-1.954789469399966,2.0
1.2856443362502503,6.512581788609356,-20.758224033812475,-8.018192028670104,2.0
-0.9284858984203983,7.262388825844106,-20.175557483741784,-1.2928101115775634,2.0
0.04789597578927984,11.971389912494509,-11.424650887408633,-20.230819623207474,2.0
0.7191188932162628,32.28756879393181,-14.275663537535197,-16.107961185517723,2.0
2.3235294711088286,35.753484303073066,-11.751203447406223,4.606111283522239,2.0
2.658345236364389,26.588104314227863,-16.675505412399442,11.149410724686941,2.0
4.718102682216029,29.528402305489163,-13.307993745500202,4.165940785486137,2.0
-0.7611732636976642,26.107039335811876,-6.8633775194456845,-0.28161555504361857,2.0
1.27175088313568,7.261833369347064,-12.089492650024827,-3.657061938744272,2.0
-1.7698216242820524,4.301406810000018,-9.763315861979496,-9.325029394041067,2.0
-1.2601610619430508,10.671456660978437,-6.946002946544136,-16.49581169656224,2.0
3.7034200551428618,11.761327667625007,-14.06635489884341,-1.5243526431745034,2.0
2.5779693291688135,26.56929648117437,-17.858327165587383,-6.87759036949764,2.0
4.08746651362361,10.290295870923082,-11.486474837126856,-1.452333252042454,2.0
4.458550600791149,0.025406263264097007,-13.191551012214122,12.763145575625835,2.0
0.7600714986306906,-13.841026662881381,-26.01856054168575,10.049494682099679,2.0
0.9679550388724136,7.2859409621787075,-18.950439594951185,-0.44408767435742114,2.0
0.6949465897953667,13.074400054325471,-11.508279801935565,5.143049420970609,2.0
5.466247820039724,7.673827343130619,-7.177834642200188,18.742611811367947,2.0
3.9607537592528708,-2.542033113427082,-9.544165833352789,0.3815810407039195,2.0
3.087569474212061,10.647376326156559,-4.931650500590667,11.917166767460117,2.0
2.330034547722447,15.346341254700906,-4.100864322955607,-10.483214481697793,2.0
2.3251116067666184,-3.6899657037209486,-6.990142382781916,3.1279333439798007,2.0
-1.9032716716795268,-8.754093232394933,-10.833011615153728,1.260697788688617,2.0
-2.4536267015620066,15.343429147002787,-8.532065043755798,5.224786064547255,2.0
-3.2437419546109587,17.975688629955552,-5.550978712463389,13.14809242432731,2.0
-0.8648883422255146,12.807980961678442,-3.6637966736423415,15.839743723174145,2.0
2.579108347047049,16.537931807760774,-5.3145621660690985,10.690524857511445,2.0
2.9876223513828597,1.4820089667671095,-8.849926907106594,-5.132492189583272,2.0
-1.4041491247391622,-3.8006292546169966,-8.677833330622681,11.098657133885558,2.0
-2.258438852123003,8.47212159911892,-9.536326327089114,1.0716352868663996,2.0
-1.2166961604753577,20.7742084830765,-8.266818560994409,-6.872479349209188,2.0
0.7997267752112664,12.73147838403895,-2.0816481562294955,-5.223077945914459,2.0
3.6979772341605353,15.372932346970305,-6.288963340035718,9.173800989073705,2.0
1.8588035010051764,15.455727525377018,-18.499782066550466,7.131506462225245,2.0
0.5884387347651441,26.38987559207986,-18.924664202584307,3.8733428179438434,2.0
-2.0899000865654433,17.08307911259698,-8.347135911301484,-5.796313276083287,2.0
-1.9360988529468135,10.430394277467801,-10.639057172601198,-8.498226037452202,2.0
-6.420568060202457,21.87983361103876,-1.1366407741533289,-3.5944099554360065,2.0
-4.937124790591012,23.959232033459376,4.534135817554924,7.459506814389541,2.0
-0.34001053875101805,6.425899427017457,-0.5454914554701169,-1.476420860839017,2.0
1.2916157586973465,23.19018119507092,2.691046337738687,9.682519860398138,2.0
-2.4440379091992117,19.20034769035283,-6.87092599923865,7.097234440907591,2.0
-4.745071933307054,15.07234960606814,-4.7640759799981325,-6.463945136583703,2.0
-3.2419511971046036,13.95433215842802,-8.369125533667214,-2.382147907272894,2.0
1.795136000480534,7.043583822906282,-13.146345111917949,-2.816769368515809,2.0
2.128224127863955,17.513171988679545,-7.145881193166092,-13.526050744464278,2.0
-0.40373521902436427,15.925590346973374,-7.198937751619842,-3.1984651634038226,2.0
-0.8456236531849772,11.216012678274463,-6.351152813815205,-1.5689480260284183,2.0
-0.5766754225538693,2.214003788526174,-11.562409372604563,-1.7018117229412155,2.0
3.693597701720023,-4.5678466775122555,-12.198339254741041,5.544013222825763,2.0
2.0069350339133125,8.149543700928096,-21.438914102918257,6.807579261639518,2.0
7.464462758203243,23.324104160105517,-6.132813900686891,-9.847910847598277,2.0
4.067865688600776,15.178099676524976,-19.796248287466817,4.527763437309899,2.0
2.824977641567441,20.894886481932975,-12.82061681528835,4.3225469251964554,2.0
4.769292876515516,13.306200961198648,-17.217171338428837,-2.2438879152295037,2.0
3.4659622226141282,9.71939943388075,-16.883241319020392,-9.300009109830032,2.0
3.7979719587596623,4.1781173488841326,-10.894098105370762,-3.743306268859322,2.0
3.294218538116413,15.164539279714468,-5.215302137557421,3.181096705094605,2.0
-0.23866333395622474,12.98555481554012,-13.938610848757595,9.100938236104573,2.0
-4.943537092640531,2.690148935701604,-15.2772830205481,10.26122419658545,2.0
-4.250161821021254,9.136365136739046,-14.076296313669879,6.2922150441071665,2.0
2.1020479743707536,6.456004409677281,-20.863960305618562,-4.5699175738718445,2.0
0.16247133621453735,11.81494717515378,-23.387143288956445,-12.984516710516337,2.0
-9.984211324814257,11.683594380687877,-23.67459198798014,-16.121425299034428,2.0
-15.66525670866975,14.243970367806806,-9.067116880365678,-9.599253417393378,2.0
-14.360356549068902,-1.8235685654980287,-6.035335433975882,0.10721902600169919,2.0
-14.371076114525565,9.986113004973118,-13.511616112447037,-0.9022451872892905,2.0
-15.720931252535241,16.52976589640805,-4.6294073033533785,14.976881499034643,2.0
-18.125502284621305,1.7617525836324437,-15.313487971723028,11.568507164732871,2.0
-16.79645866323483,17.285341749120303,-12.921847942772084,7.279091336255571,2.0
-16.346444424331004,5.596985036194162,-11.581989003205292,1.9407562879347218,2.0
-14.154738395828065,-2.01813951983271,-11.478499404165454,0.52364498648714,2.0
-14.570462393337333,-14.310024617382716,-5.351316128441265,9.896753328315889,2.0
-14.133285856109019,11.152917581338427,2.890058867874397,0.4916525939124381,2.0
-14.483760468561506,5.4501038525943,-6.34141511900544,7.235773879703896,2.0
-13.167715570667514,4.826028658111806,-14.206225124951068,-1.5943706364195518,2.0
-15.735798416026242,-4.2874919419734345,-7.325573298928692,-2.4242658780976334,2.0
-15.678462807609016,4.405310444120355,-9.50187484003967,5.331792709349319,2.0
-15.122347108097738,16.698814431539216,-13.878759203689679,14.655081915508461,2.0
-19.197987983975047,0.5602542877571931,2.338540804848618,27.823424343551018,2.0
-20.273570856156276,-13.74030375995555,-8.632667764093561,17.03540304109412,2.0
-19.598909183708095,-9.198969343378181,-9.764106288554729,18.36893186870975,2.0
-19.445406428775836,0.32068521573836595,-7.461845112709098,16.942819050730165,2.0
-21.765343255037912,-7.676499150107224,0.1500797364479276,19.47736088810762,2.0
-21.732843859431565,-13.626070652078695,-7.419341201200201,6.070873070622229,2.0
-23.851826284142053,7.652993585538691,-4.645570891958609,-10.517592094430738,2.0
-22.757439541661924,19.43339428487733,-9.944800256448378,7.166788506469835,2.0
-14.958355604084279,22.345177658905797,4.062403476825571,11.749316119469473,2.0
-14.64068606033313,8.884403553971627,-8.906401452328431,18.465551973922178,2.0
-15.784626157352113,27.488447295168406,-12.177012890982244,9.112476015708086,2.0
-20.07854140317475,19.606180080811566,-5.364916985787751,1.6219131182243096,2.0
-16.654559089322213,15.469039020459986,-8.446514330680266,10.431190726060539,2.0
-12.926734476440721,10.778121674664552,-9.411472485183296,9.592236302794216,2.0
-14.961387804814589,18.338085921736358,-12.557396640822112,16.51218012971956,2.0
-17.428143808081995,7.616802036567709,-7.711328609316231,18.595257654727753,2.0
-16.01987745805778,7.172173726256148,-10.268258900018026,12.556916438971669,2.0
-18.874866684883628,14.133883526730473,-5.546051962972948,21.97303212294888,2.0
-15.16594759796478,14.090997530792265,-5.84082017309194,9.325179353330363,2.0
-15.411176935469722,19.537821342066884,-15.67470934512281,8.40191099486767,2.0
-20.629315477779656,30.25902405792069,-8.770733192087421,14.63681712292491,2.0
-18.25478927323373,15.420409936683715,-13.47246569032818,5.339539362625679,2.0
-21.159354168496627,-9.187143934017692,-5.347410256959443,7.827007254665624,2.0
-21.670122207775336,6.987977239213034,-3.4710768091957895,20.390460889880256,2.0
-23.359239201818724,2.0527227349786337,1.0412940461171072,23.484309007173195,2.0
-19.38431703853365,1.1209892474733927,-6.282055854286717,27.538025281622396,2.0
-21.897301640161935,16.923520826062806,-0.9054244015272044,14.782719206477008,2.0
-20.1525310550597,19.910767179804225,-6.082986030062431,13.31608778941856,2.0
-23.124969847262395,15.642632857334158,-17.327493919150665,-8.535700406336364,2.0
-23.108500611957044,11.900421703470519,-24.6830371584943,16.42172611069927,2.0
-21.44974055280757,2.378950301423366,-8.474634095507753,9.102962685458795,2.0
-13.659847850497224,3.5720448485616956,-8.974439492792955,22.212274900798384,2.0
-12.527856272449004,13.087820187734101,-6.240350685984158,20.269419528202683,2.0
-11.628944757752306,-7.533468241148807,-9.054054335621295,27.530220393627687,2.0
-13.602795891779225,3.9609056139089978,1.5432448226223565,13.027928422102804,2.0
-10.201771734528911,6.721448386195263,-5.406567467717803,15.521613955408228,2.0
-11.905577319918214,12.531414902052097,-13.175837454551083,2.220704576334132,2.0
-14.288747797071615,1.5577728929550152,-8.350168775701976,8.289417070087786,2.0
-14.02450273880832,13.650680247785786,-14.504721500275885,12.845719374708048,2.0
-14.235979131259452,10.175683251555554,-13.941479558236857,29.21056963675162,2.0
-11.047684971566449,13.78869601014181,-2.2928038090021126,32.88954929417629,2.0
-10.66078126214084,-7.682856809606881,-4.845768400213104,25.82312884162593,2.0
-10.21708449004301,-10.429641316573157,-5.431815693095012,16.30111568857584,2.0
-7.864544722660447,1.7716939713831472,-11.682018675691836,11.41508789715995,2.0
-8.420163657110232,16.353457542694294,-10.941064085045623,11.160059770226672,2.0
-9.276274110837651,2.2107539164289314,-9.450183475545465,24.231051716046323,2.0
-7.6738339383654255,19.669675003144935,-15.12658009564879,30.094817609761833,2.0
-11.08667851965645,29.716472012925845,-8.595537851988134,26.717357653919738,2.0
-14.837695223550742,15.382979841912395,-7.605536317412469,20.533746539201093,2.0
-15.331042326642134,5.518577908880532,2.6955247193313117,32.05636642269018,2.0
-13.68443170794087,10.700217997532988,-7.202009128993958,21.838331620004894,2.0
-11.97873188075662,2.927070490358987,-5.796297157253926,43.76254177776481,2.0
-17.437955466920165,9.379489369133212,-5.114655169336872,26.431257293499275,2.0
-18.061500099271655,6.0414256139979265,-12.493600760466554,34.02766681078368,2.0
-15.891485200677835,18.927413045811857,-13.061608447135992,13.87316836327156,2.0
-14.179662449420597,19.558442139303892,-18.204439500049425,20.012466426040856,2.0
-12.59267044375917,10.349958879357938,-12.740522520476002,20.110812412559252,2.0
-16.66149865020394,15.897037551236522,-11.118683599365543,26.75296711510137,2.0
-16.954136057380264,6.336922890051389,-8.877744512529816,17.660288956036347,2.0
-11.940837144326348,13.102238844027697,0.482595587940315,10.29370879890989,2.0
-12.937423095955253,17.07491202951193,8.784065117026262,24.388150936373,2.0
-10.909086293650498,27.996520710728632,-12.450614046902665,30.0980925091716,2.0
-13.303022504152235,3.690979573371761,-13.168013119443776,24.471777023237674,2.0
-10.871752254620871,4.3170812382371375,-10.417204981343518,5.383246396614005,2.0
-12.967165573713954,-3.2279652990940386,-3.620907586545788,6.544999951590331,2.0
-12.636680722365687,-1.296788430179367,-10.1735444782558,-3.1590315489870022,2.0
-15.037591505578266,-5.65610278102662,-9.20890710588087,5.446483633789656,2.0
-14.318730378654738,-10.263054050614532,-18.607520715420495,-4.152281457132503,2.0
-12.163358582736631,-9.037027675234848,-4.965271468343462,22.95718213890971,2.0
-10.702887635732326,12.016919021212827,-11.664561830448307,16.947577402696794,2.0
-14.31043077375353,10.153413925669284,-5.097503661333733,8.430739895499471,2.0
-13.562877586275004,-3.336633230475896,-2.6246157721254293,15.012399005179386,2.0
-11.673984427352906,-1.436338296892437,-4.969847330751495,11.546273296736954,2.0
-12.984087618156824,1.3709804627279105,-2.1791897708503756,10.079068892785013,2.0
-13.269431602404516,1.9575444100132504,-3.2251558404447147,12.221913627048371,2.0
-16.720496508129848,7.258056138469318,-8.70313998576367,13.530010309494632,2.0
-16.10885993061543,13.805244242049435,-23.074661198744952,16.376892843600984,2.0
-9.479398421316898,9.643863952473037,-7.6595681227439,32.31139280815827,2.0
-4.620923043513345,0.9838847059319409,-4.523708397826503,-14.403801919047769,1.0
-0.8351318930784037,1.4797714915422884,2.286726792781193,-2.957880716296975,1.0
-16.908791399965683,1.3574895149573276,9.084950867462048,-20.556955807610418,1.0
-7.5199545301435435,0.49115630562142165,2.106255113859672,-11.041663787858315,1.0
3.6798968347210987,-0.4860502027891297,-2.905780573490853,-8.00643755031844,1.0
-6.094408808013025,-3.2212925040891207,-2.713679426546327,-17.309367523929236,1.0
-7.3519871509095776,0.7510877621305729,2.2118553345296923,-15.96649552635185,1.0
-11.252481181298085,1.7195906625086064,-10.714722206311837,-19.12482048238847,1.0
-8.917235924039236,3.229502016520944,-17.679551585068516,-4.444405693555682,1.0
-0.9686912538327448,-0.34598377543923275,-17.82081196253495,-31.919352372018608,1.0
-14.581541841218808,4.64305641919208,-4.359390897336157,-21.309059852390394,1.0
-0.13311309327425924,5.126611592040151,5.037335033076415,-12.529810790145019,1.0
3.3163739230066076,4.439172212057427,-15.483448999847708,-5.522402684991286,1.0
5.2004562321755765,2.2119586295020937,-10.909053964416056,5.091378996851432,1.0
-6.844814576733036,1.3002010440818235,-20.747209432718563,2.832230589503931,1.0
-0.5254319727157206,2.141331835718761,-9.053236628280624,5.008689505202916,1.0
3.532741763356295,4.755951680162759,-13.673867654396533,-0.6138667610471131,1.0
26.57328134592754,4.990492636703866,-23.02234094708639,-11.915295469519396,1.0
-4.6087056473051025,4.459876720858733,-5.082718144920504,-27.27696204142851,1.0
3.701923475375711,-2.159441432445347,-12.993606809538292,-13.172100905914656,1.0
-0.6034624662757357,-3.5526309521185175,-19.29258940543375,-25.452635446459734,1.0
-7.275799363057292,-2.080283078452241,-10.724995928005107,-17.658621472338453,1.0
21.397349529903266,-1.0659300060741743,-12.25661020988632,-7.233557538542485,1.0
16.148021175125198,-0.521789802569818,-7.895946055703807,-9.790247227536437,1.0
7.9385738083694655,-0.298881620887987,-16.6462209543196,5.947859736603455,1.0
5.274322341130377,0.6249263455201342,-3.777305601701256,10.27793266907782,1.0
8.165098965078464,1.1168125733666923,-9.134317566708654,-3.0902023648364922,1.0
3.30626497295862,3.4319308056057776,1.3238430886995385,-14.369563655371515,1.0
0.8787911331838423,1.9309521745865257,10.10068093385994,-15.430354317799665,1.0
7.855275712028032,4.763793522732936,-4.235479505875514,-0.8446439810665822,1.0
6.146567124535679,-3.3612052843458384,8.561453988578322,1.6497487613132673,1.0
-2.206804740643914,-1.0661590862492905,-0.7458367631256557,-7.24215170850781,1.0
-8.846099129022441,-1.9920458845845448,4.788205678280778,-9.166797527361517,1.0
-11.775209343043112,2.710095002067666,-3.8755583338145705,-5.090420665763807,1.0
-17.499159924416574,-1.6915141453150664,-0.609762510671711,-27.502840813516226,1.0
-12.200239018467652,0.24430388153075144,-4.544938797562219,-10.503844162404164,1.0
10.412570024561521,3.4345538106082523,-14.868300343284357,-11.58048055743392,1.0
-17.49945253371143,0.7091001340461498,-5.943771772828047,-16.65845393409866,1.0
-25.723040009503407,-0.016764957936294067,-6.143274361134645,-19.87374012657041,1.0
-8.977125332294397,1.2530439919237957,-3.9724935773074,-24.397239384714787,1.0
-13.412767523086032,3.1926927259224502,-12.976253202873243,-28.714309892944797,1.0
-19.76298207886884,3.7598204305280296,-9.48599709310346,-13.547993652583784,1.0
-14.462673675779808,0.2666974545437102,-7.335829205985785,-22.948985311662938,1.0
-34.395739651402714,-0.9743030879784484,-6.155532863362359,-18.087194530082417,1.0
-4.561724170034371,1.1655147879084433,7.162232425184374,-27.28093714494091,1.0
-13.368981868650526,-1.3675145471649595,7.8736863712578895,-31.95228735770822,1.0
-19.53289142561715,2.9844012600871603,8.90090152105806,-13.941998942490443,1.0
-6.583831441212634,0.26141890279526514,9.513022732109171,-29.20754701963938,1.0
-33.6747563810036,0.4019639325528723,6.2577356725663815,-13.639657549199551,1.0
-32.90382573046577,-1.7858129742579196,1.1565920198739112,-6.096036613376365,1.0
-13.250407672407476,-0.16204177461523805,-9.180058223223638,-6.596941462103745,1.0
-19.38075479724329,0.2907482231493663,-1.6382460859313834,-8.125803623487567,1.0
-3.339392573407162,0.6537555371820474,-14.176217760735062,-6.2983416199367035,1.0
3.525104246382284,0.08665746556863047,-12.0535990327023,-29.060107269854964,1.0
0.7365317744000706,3.528733482887801,-17.812231306666046,-13.662984675240182,1.0
-11.105866059807536,2.553075837067881,6.398228278874073,-18.33233477958909,1.0
-20.872391904451877,0.24976100522120825,-6.268121575325253,-23.364236779281583,1.0
-14.884828809843611,3.0270323073140495,-9.792693649383637,-16.50073797190635,1.0
-13.621708928613158,5.325544162800727,-19.693056847802232,2.3514756389264093,1.0
-13.079943223698915,3.189551483666784,-16.959855959115945,-14.90247644752261,1.0
-1.7509612383986628,2.2895378716162096,-8.922521991786818,-25.13378925688686,1.0
-16.698883029007124,1.6189308273517156,-10.456939604935194,-9.153462339304278,1.0
1.1613717694651235,3.40060557118127,-10.455238571944141,-13.262888970749877,1.0
-15.77631925181186,0.5937793223085883,-12.291102425839412,-26.599161864381475,1.0
-25.073681605584532,-0.5025814919222729,-10.206372256795163,-28.115593980404974,1.0
-21.18023310386685,-2.694818789257903,-10.10288772061899,-20.615896039012878,1.0
-3.1007235639291153,-1.6394561181163128,-13.51532138065249,-32.40615093602364,1.0
2.1150548210312685,-4.201587433615435,-9.245160300600986,-47.52202063932033,1.0
-0.3745612683349968,0.4396551687119934,-23.082071312148145,-29.331976658960144,1.0
-1.1356542635825457,2.79284878362132,-17.76346056179858,-14.150343159528774,1.0
2.665447993246108,2.00347695506071,-6.874132492912551,-20.14159389967419,1.0
-6.405492779239307,-0.5950504555514491,-10.77416329865779,-22.73394122663529,1.0
-13.892385183187093,0.1472675917609092,-11.418568638418243,-14.51790302942514,1.0
-3.249705539001301,1.400018261859205,-7.171713788111546,-17.997238502548058,1.0
-4.408181135426213,5.267425143661528,-10.1809761017112,-19.609832304199674,1.0
-19.477900473451335,4.8671805214996,-11.744381320010474,-12.779968237470385,1.0
-23.581167129461758,7.412382626819825,-12.643965949102569,-26.404446222161326,1.0
-37.57755587722943,0.1256350780570581,-2.9367635961740612,-26.91440067099739,1.0
-32.577919242168,-0.8760360190134,-12.159984268349824,-27.17677010100122,1.0
-32.24864297762153,-2.3083730737650225,-16.231578314380133,-19.615450056083528,1.0
-16.929866903343637,0.36503251543622306,-14.646510043513732,-10.770476866653985,1.0
-30.502256228946134,5.717077297658115,-15.77947692322375,-13.580228887163369,1.0
-30.00705845789316,6.4492825796947715,-17.796460530746465,-26.139402718100655,1.0
-13.948773335854122,4.234348293267537,-15.686120552966392,-24.844599434960053,1.0
-12.29235220868673,5.0928340293398655,-9.353328298019271,-18.34576555526435,1.0
-20.47530196741756,6.853764922756105,2.574886087917873,0.6384486281551638,1.0
-7.02744414629089,5.155317240257462,8.385385328458018,-5.267350274461224,1.0
-1.230981226166131,4.69264146849061,-4.891213018930605,-17.757907487132186,1.0
-8.332915294357653,5.312094042511228,-13.9270160878058,-34.66505164507468,1.0
-2.1927518129302044,2.4197730548181093,-16.691046546611865,-37.78334373292507,1.0
-29.10870042916313,-0.30049465479803994,-3.3992673442360237,-22.23543866659628,1.0
-44.72887323260612,-0.7254122541373309,-0.5853977542147826,-25.599638271727315,1.0
-42.42908608720833,0.3317655259812423,4.887509201845455,-18.780507090106386,1.0
-39.59620886174912,2.2180637071679974,1.338691129128705,-20.632341881216863,1.0
-7.658032155673181,1.696599419809341,-3.9247571967027692,-10.579551193750163,1.0
-13.970426906463953,2.8555989199990703,-15.08098461349163,-15.96762875773943,1.0
-15.793226654025606,3.7152875387328623,-17.13353165311479,-5.368684813724145,1.0
-29.58809427524362,2.753662213515625,-8.127890474220486,-0.23057900745189208,1.0
-14.099964198730333,2.0800700807041697,14.966985402940937,-11.007983781914943,1.0
-11.936036310701017,5.923541025386746,7.933234662469225,-27.689622477280672,1.0
-27.211374374119867,3.453046046766072,0.5666353920169263,-13.119346717325053,1.0
-15.989059491831352,1.789387007751228,-9.089243233797173,0.07340493095919776,1.0
0.10188795822508112,-0.026183089432828766,-7.702565694677156,-9.172889263133909,1.0
-20.122370993569405,-4.882471073982961,-13.370784562754753,-23.649221593181522,1.0
-23.446414130560463,2.3140333480860376,-13.123315688176273,-16.29201830583103,1.0
-9.072657138843056,6.2548944831035005,-8.643036019749665,1.4936256180247982,1.0
-0.3228951425631603,4.42701577244461,-13.53946958798472,-1.5147219146811342,1.0
-2.8115051471829178,3.069332318730104,-9.787815748290559,-2.8732558122368843,1.0
-18.58047284393419,4.097966421597988,-8.804189616854423,-6.194830988274435,1.0
-24.953241773448504,4.1489057919986285,-6.70349411927664,-22.298052531242327,1.0
-5.205945407927106,4.668362477148927,-7.826873985042946,-22.24142874253075,1.0
-18.360007610697778,3.182802676070258,1.017789909427738,-15.71326517543246,1.0
-5.864885678856352,1.6427258154047752,-4.049053931189927,-29.080751544842858,1.0
1.118070520483061,1.9173737668494284,-4.5526700684247094,-24.56759403945324,1.0
14.886114223208311,3.6344905852268115,1.7753130571824602,-11.258115663809866,1.0
4.910775352068656,1.8268573077578227,11.41453005326018,-4.315950334909497,1.0
-7.969357095790874,4.685952009605002,0.3530824058082729,-10.413398839960806,1.0
-14.38416865647108,3.8311738211380586,-3.4787172887656643,-0.12339530220894623,1.0
-26.632615527487054,3.279497045801012,-3.9779979438328072,-11.009918968871423,1.0
-26.708799686605122,0.8171637934226827,-10.213213300751967,5.289604331292599,1.0
-43.225268786397464,2.8884467193594694,4.282232271679806,-1.7550544661351042,1.0
-36.70269951494264,3.4198888727811485,17.702319063864206,-21.623116620267353,1.0
-18.323620336008442,2.5171127048670345,16.558885745390622,-12.896451195954285,1.0
-11.343172243870775,3.6289638733447074,8.240052921721585,-5.5188919335414255,1.0
-23.89871389479153,7.900949431129126,-9.042300411057445,5.923613329567612,1.0
-37.06584968050986,1.4061626813234844,-3.8097224545685173,-21.568099063559956,1.0
-23.99473161722677,1.160432605324485,-2.9319542676898704,-7.136637945699158,1.0
-15.87720951951173,-0.18643924082925278,-7.596382562253663,-13.705922760009013,1.0
-20.794586296783777,3.1747607713500368,-14.937482862920799,-0.5381783004401894,1.0
-9.521610279552522,-0.7778515283441196,-8.0583288309718,-2.255355835081887,1.0
-1.5107844598820073,-0.8011525471551644,6.394551549147288,-17.805657884025344,1.0
-5.213855192757386,-0.7140500388441717,-10.66230295894125,-30.62217077050786,1.0
-23.24112404836695,-0.2149682696103139,-7.153206211227916,-25.45672071751095,1.0
-12.351649752935046,3.0201265244277726,-11.309566246267867,-24.00020732268372,1.0
-28.94710032028747,2.0643032930362195,-5.421791407947529,-19.31839774418176,1.0
-30.242946270887085,0.34810955761783946,-11.748592999025687,3.0191163678140756,1.0
2.681786271994813,-2.0908910897102806,-8.505545774769507,15.957343732623748,1.0
-10.093770880704444,-0.8681060376197176,-21.26240116509197,13.479210512469589,1.0
-7.636954326316969,2.132750197561903,-26.76752878325035,14.028547859212862,1.0
-13.450888020766858,-0.08302665723947067,-14.296345519490139,14.207023895297475,1.0
-11.49371756938144,-0.08867992314097739,-17.749607497775433,19.870856836003906,1.0
19.369106054764806,-1.2532811589685815,-34.64438226709653,-2.1228622817129903,1.0
19.60732194122404,-0.13273282345089032,-29.667491464140102,-7.913008701921902,1.0
24.17623659651328,-1.1641330057378247,-28.860220481545944,-10.432101656184923,1.0
32.071257182272184,-2.230474364189833,-12.255813706083254,-13.023165016635641,1.0
25.74431355975968,2.309495844179848,-14.226912242431922,-15.676294856977485,1.0
15.382591365676877,-0.08637655659539933,-25.257424582007808,-2.8343476542819364,1.0
24.731171391391467,1.8063831340591763,-18.575249187190778,0.9537515909368928,1.0
30.780081827331248,-1.4959889005707696,-7.366446154464338,-1.9711575903618126,1.0
20.08852173782895,1.7334522543166582,-5.070467912148463,-3.0608815604904294,1.0
3.6410151391482977,2.2866728336074793,-2.340864562225783,-8.3811021802362,1.0
14.605175152806462,2.2817705423140264,-4.1787793832447875,-15.600722431775992,1.0
12.72319824298701,-0.39757483364281243,-8.110480479767505,-15.525902151765681,1.0
13.235945403898102,1.308455754175679,-8.584503360723215,-20.684883214706883,1.0
11.243151251532288,-0.03803840047383544,-8.133730992958402,5.541023725484335,1.0
9.239197786847907,-1.739233493166142,-13.330550631877411,8.163651610018125,1.0
3.4267609481347403,4.1404206467012585,-2.699986572648809,1.756571398545704,1.0
25.847634800257605,1.9381412753703464,-7.8765723549624695,2.0697552278297016,1.0
8.062367765327942,3.318490659538009,-10.473380938599956,-11.54347211074958,1.0
-5.145508727122933,3.9503682181632365,-7.869049247044864,-14.06738482451912,1.0
1.1512191041515738,-1.8748689040402222,-6.48885597531568,-11.60421786413912,1.0
3.9044150910389748,3.609026870205368,-13.077823988041622,-11.517978156504789,1.0
-8.988693027260727,3.058164529359009,-2.2775050551839113,-7.336463992192584,1.0
2.3265371917119655,3.9104856625876105,-8.31389294192561,-7.332553439082409,1.0
-6.3356802491472575,2.2441826909241973,-6.58155552155442,-14.312994105333578,1.0
8.987590034625285,2.8107155048867867,1.526357315892695,-0.40537515947510183,1.0
11.490776855157344,1.5921142907368357,9.241691745242663,-4.393880999455034,1.0
2.6566453416452536,3.2391409179352504,-3.593933845467241,-9.980783684584908,1.0
-1.6673012968143652,0.2434444508626612,6.98460257249608,-21.469902419806026,1.0
13.306289391042927,1.109284495089271,11.811736394555076,-19.491161653594016,1.0
5.6736523747179435,0.7723301207644857,-2.3082448921597933,-16.371855453528426,1.0
-1.461607542199883,1.6290906479386484,-7.055328253169396,0.21502099840105515,1.0
-4.445803289218345,-2.5689862954789295,5.464075476317499,1.784864827164105,1.0
-3.944267676043313,0.4779336698944481,1.3389800372894687,0.7300030082366513,1.0
6.697931279617796,1.001911977385173,-8.884639636284934,-9.216573627786286,1.0
11.584403395126143,4.94082374974004,-29.91114915033421,-18.78641577990232,1.0
7.070071282544092,1.8220742564339671,-13.36066839895214,-14.225631080786425,1.0
19.122688637263977,-0.035548495288356796,-19.317887206407132,-6.555725989065419,1.0
10.443165159826158,2.175103494377913,-18.50015431923659,-4.398695671483323,1.0
5.757550642269914,1.8574030137180428,-10.369284457671712,-8.96454906104567,1.0
10.63968458993616,3.974825424424206,-6.862531521842853,-17.08402066651772,1.0
2.2335006842507625,1.3071461115727852,5.0727219779366175,-15.317987623793604,1.0
13.539372147551033,2.195821736527736,3.7091355172666294,-4.744583992905623,1.0
34.83097838263319,5.580608591497711,-7.506017085826169,-16.79982894571884,1.0
23.756181390073962,0.02873466316041462,3.9010639182466846,-18.721949374651977,1.0
31.735142599593978,2.093432701175014,-2.985157228136666,-18.921860654924117,1.0
17.145805598956272,5.390310302131764,-8.620513403222837,-8.86273860731655,1.0
14.472056572960277,4.292520565433383,-13.409343147420756,-5.096017561198298,1.0
-14.174574012055054,0.5000102903825969,-20.494877381461542,-3.7978363090145915,1.0
1.6585430692314116,-1.9734112950356462,-1.622669368806827,-5.867582131282251,1.0
6.161235296773476,1.5824713630017297,-12.155993354299351,-10.19198775243804,1.0
3.6986829597154216,-0.44075995747607144,-17.96553528508244,-2.368267332321219,1.0
6.842333115938555,0.7804466001389755,-0.8449918901815163,-0.5218516407088583,1.0
-6.391390766587305,1.583077096978844,-13.131053468943964,-18.430262266952965,1.0
-24.469580542225142,0.9353660121534588,-9.81333818204999,-13.417549753982156,1.0
-15.17175932230576,-3.7149241958756507,-8.057365955117051,7.497216302480041,1.0
-28.83007636647754,-3.679906177125919,-14.080022793555823,-5.745611580092472,1.0
-26.561550156024737,-0.23494542326922074,-14.292244221304859,-4.397715404898456,1.0
-18.730206285631745,0.6548230606101921,-6.959585198719278,5.19061791011687,1.0
-0.7262752508884702,1.7018265525154037,-13.56956131749359,-0.9913094075105189,1.0
6.967147921614405,0.07037993412640997,-1.0429994396665698,-33.97751886618745,1.0
-14.760354274271709,3.7746642282428944,-3.141055193913788,-29.279255818097134,1.0
-5.336653850891031,5.029775598489147,-10.943646305787029,-25.088546879801836,1.0
-9.087969230606946,1.826536576050571,-13.658778231692242,-26.10077868738397,1.0
2.5151014829943135,2.255990307022909,-15.344133427264607,-2.774945903796165,1.0
-1.509083011803467,3.125444179886207,-10.80420972026976,-3.8193681971539846,1.0
-15.971601563887944,-2.289491290363442,-17.065938258170476,0.22212488485871162,1.0
-11.234808194683893,-2.741366417896586,-22.3893751499026,-9.378708108316216,1.0
-9.87838825108547,-3.162119824015525,-21.161242326574325,-20.263490516176255,1.0
-7.567930537356752,1.129436786011973,-6.104249203149034,-14.708144583776791,1.0
3.9890259969667774,4.686408106970971,1.7348922151242077,-6.037371347455902,1.0
-15.396365868764331,1.6776934670599035,-4.502681080265477,-12.901157866969326,1.0
-13.47605920053339,6.77631013612043,-17.473733386671316,-22.1276328070273,1.0
-27.184923005788807,5.055378210862405,-12.79459997996068,-14.692010321751685,1.0
-18.497371662058494,8.40069518621147,-1.0979912687516489,-15.713534372686961,1.0
-21.86298480437001,3.630368786071406,-9.611921201423211,-15.997822331669802,1.0
-11.926988958792077,4.786078159247283,-20.89179579057027,-14.227185836701697,1.0
-15.996335064672527,-0.8125810483222633,-15.397725764486815,-13.876996311341864,1.0
-23.135486557593296,1.4690114073069815,-1.6080081680269913,-22.517333721671005,1.0
-24.678533847351176,2.1989820321300857,-0.3168348525476965,-16.029690243602175,1.0
-35.80170090067763,1.2168741593388066,-5.649883237196509,-11.683723883535968,1.0
-25.8939703787404,0.10415365341637561,-9.883035657127907,-26.113621257262828,1.0
-33.1541533538594,-2.646126956518,-17.960219337297055,-12.943172715639111,1.0
-9.750366824366255,0.15851044732495245,-7.5940840194291805,-10.664149020714715,1.0
-12.302941663503216,1.5040619761413334,-21.822089185771475,-13.310509063874656,1.0
-6.299979271167404,0.6772140704723646,-22.52931846174686,-5.842609647826244,1.0
0.4047653661949404,2.391313386848737,-26.46823257390114,-21.16392650231509,1.0
-16.61605835342971,3.775472955549525,-16.375078284758203,-27.713052473840303,1.0
-35.73026441765528,1.989498528963072,-2.9024849174086995,-19.19234227606346,1.0
-24.49003776304086,-1.002340355838773,0.2717072115170396,-24.369385657458388,1.0
-49.176070873191065,1.2252402469653156,12.912708346837714,-21.13292387822524,1.0
-34.25745589337639,1.679898492650038,8.027494726091064,-16.736624423558837,1.0
-17.781385979881634,2.6093433484571675,7.456751411003648,-15.089790990619822,1.0
-26.676144635880853,0.8710375131908557,3.3777700837472917,-21.23384933076584,1.0
-15.3514306218634,-0.3964972526200916,1.3032029919347323,-26.511109554433013,1.0
-1.615975037531049,-0.1123188909245798,-3.5698577443724773,-27.1699434324997,1.0
-6.567740263910974,-0.7190627717295907,-7.754947842899782,-6.768910492563234,1.0
0.21634284435248663,-1.03619817168234,-23.103560018671637,-30.112580602719078,1.0
17.318783140247554,1.6812073681784783,-22.1387799759529,-29.74254437738837,1.0
7.693959520777989,6.89839689637885,-5.605766538173466,-2.283903110889292,1.0
-4.55732228863529,5.256695790582418,-13.783570453349212,-3.56655380802924,1.0
-6.329569664189014,3.1786720516576983,-12.86457409862286,-0.596039817547291,1.0
-15.396389657399741,-1.0661178059629801,-0.8134165238564481,37.27432477997325,1.0
-3.941854304118971,0.802766439807447,-12.724109455244111,32.33476153766432,1.0
20.0104532642491,-1.0841328050649883,-11.68295488654742,19.250333644551727,1.0
23.457850641651117,-3.045005001313051,-17.650741079276095,21.25833106867415,1.0
22.447202800096154,-3.025161287155284,-28.578153962053605,27.964354972064726,1.0
6.35884029771862,4.497983764021185,-19.097899248258422,26.726340853996188,1.0
14.938016308911097,3.0902572240628525,-28.11694789244285,30.197151221560496,1.0
9.402673442869144,3.5085821840309155,-20.593460844014384,21.668439505454018,1.0
2.4796160281621247,3.5871031817702037,3.3296465362816274,41.42337727103392,1.0
12.768842938532016,-0.17396090182668322,-6.5079480052610155,35.07539552261392,1.0
-10.70902874617641,-0.7099395696761315,-1.906794940579923,19.768280277103422,1.0
11.965104443449611,3.4307901267624548,-14.71195130875049,4.177176441295085,1.0
17.775092063356176,2.737278069049522,-8.965072294493837,-0.026611021830758252,1.0
26.635436728441817,-0.05104015990641453,-12.355847169287435,8.635423889968862,1.0
14.189132485793415,4.903195785165409,6.0440816709831635,14.475502616774774,1.0
4.162560786768731,2.3646571259239226,-0.7278745332361201,8.599547123252425,1.0
4.767799924124047,1.0307838770976883,-2.9574375993016853,-1.7306727314924135,1.0
-10.314867835972876,1.8599723115584734,2.990991059142689,-2.7427031695675375,1.0
-10.779841490233636,6.062344304959344,10.304834336602047,-6.149661321710713,1.0
-27.292182095612613,1.3576575390854342,-4.219243214012623,-6.81207401219644,1.0
-7.201628945899131,-0.8110686644850285,-9.836893584884914,0.5426705188911836,1.0
-1.875368546030229,1.5552191488524303,-11.54131234434183,22.06629844697581,1.0
19.68841679027777,4.207287695438122,0.36275804089315145,13.773681860400846,1.0
20.51653096347135,4.120417037468311,0.8202041995775211,2.2020575993041636,1.0
4.185340942787348,5.301858241726385,-6.589910682935585,9.405987873773697,1.0
-3.4541434929286643,3.015631008898996,-17.287558851392,14.875987615618989,1.0
-30.171982113734096,0.6849534641790853,-28.599618909052236,-0.38270254912949,1.0
-21.834792973307913,1.933279373002354,-21.575344789245413,11.564714971178027,1.0
-15.337214151370848,4.972412350611966,-9.700515323243504,1.423720265537952,1.0
-2.5612762301599505,3.0224489936323113,-13.65910409506991,6.211516430394506,1.0
-2.3306391188743647,1.414653632504931,-18.7202236491322,12.136223519903076,1.0
6.840548838073778,1.029178393690779,-10.520363336269586,19.487667277419067,1.0
23.304233417908662,-0.3377511783522871,-10.010174498252995,5.82896606962937,1.0
13.628497743955881,1.3587579567891872,-0.009531639377538426,9.710743543637651,1.0
-4.885340807711275,4.60144038522492,8.763646160586118,-2.9072693277448085,1.0
-5.532222734774243,5.371668568902432,0.5120026252671135,-26.444967005312343,1.0
-11.997757563339576,5.886208769850549,-10.52571975716312,-7.837836105242106,1.0
-11.212334371813347,3.316808816793584,2.2228040442797816,-5.2725772364185755,1.0
-13.109013841348535,0.18927321304829858,-3.161256605743532,0.8821934052501135,1.0
8.238424568848306,2.5774944105284163,1.1084402749383062,15.25453363569112,1.0
-6.359448807220411,4.476761257415014,-0.6764707506910623,3.7570821329755377,1.0
-7.7945506161848686,2.9389710088428727,7.980027660177857,-10.6237683386239,1.0
-5.564871991261748,1.8907988060623455,1.5330231081739383,-22.036485579574347,1.0
-12.622332691519162,0.09611749663790525,-3.048721260370716,-15.11638598356194,1.0
7.9060984046229414,1.512952715144183,2.6513861933114233,-20.827555472745388,1.0
-14.56624462246441,1.7471504109169786,1.0084446001311256,-25.646563484743666,1.0
-3.107182759414,2.669903329559781,-0.4610253619747544,-31.248512283103874,1.0
-4.89009720540453,2.33658730481037,-8.380497634171842,-20.211884420259086,1.0
-0.17885651307511452,1.2975915654958095,-0.3526130037243025,-26.682415945377635,1.0
-1.4694381012887323,2.1291331199371704,4.665120123871895,-13.37289598924756,1.0
-17.82582245903992,1.6483413987411026,-11.188292690402628,-18.35447758110961,1.0
-27.195515976558767,1.1727293537136343,-16.789465588803324,-23.189148843032665,1.0
-6.958318590685722,2.465585930352154,-13.870176233239583,-12.494287700799807,1.0
-18.23694913847553,3.1937735505403904,-13.92656548848121,-8.956462537541118,1.0
-20.3505406851442,4.763316996597823,-31.406509740072988,-11.92118328591626,1.0
-28.964331356027387,2.701014753857401,-30.68074664702354,-24.832183095945123,1.0
-21.452501454235954,2.819036290525467,-28.89413919768463,-22.10789790613152,1.0
-7.218659924333252,4.003202346700025,-14.270754780940443,-28.60338554381407,1.0
-8.246357737334318,3.603704049397159,-2.4221000555939862,-36.451741014696864,1.0
-0.7700484107803707,4.692427604605418,5.2704740243066475,-20.229631592715503,1.0
-4.641298926170146,2.2806410335310616,7.854977969331619,-27.470360932977258,1.0
-4.310091123777987,-0.1482879706058119,1.1335072030445426,-4.1700245350305245,1.0
-1.0775795976275901,-2.34332940912095,-1.0388528931091092,-2.6424711744774214,1.0
6.811702081382734,1.150241516161254,-3.9934059689808628,-5.480668409732535,1.0
-16.574795553267897,1.6602603533171285,-15.523812177998256,-11.600938737983233,1.0
-24.307576007441348,4.4632722999892716,-2.5516592137076084,-18.94676866337022,1.0
-24.15771585686127,4.864503334462167,-14.6432681488168,-12.267353662750343,1.0
-29.121392577602563,3.6772394885644575,-20.590256390474458,-12.61903814924961,1.0
-29.798560513469944,4.553155479617344,-16.947486768649117,-9.329972352470001,1.0
-37.19281390343794,7.580726186086874,-10.159854897120063,-8.234364898317619,1.0
-23.962207838519877,3.9408894562519494,-18.717471919020852,-15.976816796493802,1.0
-22.06133208897749,2.435282348307484,-13.179742391583021,0.5674672074640696,1.0
-23.139493833696452,-1.2999197845130648,-10.924932174485889,-17.593441248716402,1.0
-18.04275004133072,-0.11110442374702179,-7.443126993453122,-12.896282857094125,1.0
-16.40168836036694,5.026836011761562,-5.997901313886224,-17.78488084049538,1.0
-15.655400653985708,5.974016854711955,-14.584753506780121,-22.926434082528786,1.0
-20.53839999764908,0.9113726085745255,-12.620195358813758,-26.41478152310229,1.0
-31.830169849750117,0.72251591598541,-1.3387286231700584,-6.474929854489647,1.0
-8.577302193363904,-2.6204912054108416,-10.869389317529311,-11.607526252423803,1.0
-14.080081284684242,1.418251984154257,-12.694371689764994,-20.277623062514728,1.0
-7.985700179601597,0.4061915344595378,-17.630791373746625,-26.598397411800068,1.0
-4.188721850561045,1.753936527911404,-10.401687084551412,-15.016232365445227,1.0
-5.93266276119536,4.485077209044754,-8.660842395760904,-9.478076687362634,1.0
4.56550240812016,6.32812075078535,-9.360732062255419,-11.378142734821298,1.0
1.8755275641619242,4.760815742891557,-10.966935943964293,-17.79229108346139,1.0
-7.7057720666081835,5.660742005703663,-18.123537979631827,-19.109096742820952,1.0
3.8664053879648996,4.631360242874237,-5.7298279883959955,-13.585771083858049,1.0
5.68780263672504,0.9510663787401212,2.0015730599615775,-6.789341363064228,1.0
12.739438334676258,6.108748068489705,-1.6693027677679364,-0.41490812215371786,1.0
12.649077153686125,3.9120207824036486,0.7750242227480353,-12.417168778766442,1.0
22.98168910223409,4.906788990020706,-10.485494175790695,5.644472308107309,1.0
19.026700803073474,2.00170929880246,-7.946721531550982,13.141685790620281,1.0
24.691261623058146,2.620538689255394,-10.202707603975977,12.011031432943922,1.0
27.17707251434144,5.855109475270137,-16.422047196601312,4.942791131540563,1.0
26.25288535294787,3.7754518164344937,2.3792743780568095,9.827286226331859,1.0
20.97969861305878,5.458470638335088,-17.059413953807233,2.0855392415781147,1.0
17.7372403065019,3.467468174997582,-17.658143679079906,-10.034270065979007,1.0
7.583429270556417,1.730147496282288,-16.790680230450004,-17.793601860653347,1.0
16.762159900770722,3.7280330025392283,-11.68577484191417,-25.506146395072296,1.0
21.510460559126344,0.07878887496157017,-17.387233608382374,-7.156749393630081,1.0
14.582131434999017,0.3684500493061975,-17.11136073914345,-15.163054269736882,1.0
24.00400146702196,2.7549595366770716,-10.566550395205585,5.690002897458474,1.0
15.954706804997565,3.7746439257458686,-3.0583569296303654,18.618230131136023,1.0
-0.5778842994106981,7.510232111094964,-2.594186857832856,-2.310034241747841,1.0
-12.275255506631272,5.096164853721733,3.7409925035946188,-18.72037502776788,1.0
0.04192106771505344,2.5429719115238463,11.506722605203045,-18.92186833144477,1.0
5.1888732394995065,6.123879179967536,-3.53039572869318,-4.769863726062849,1.0
9.450673182919216,3.3755848725011695,-7.122546194115638,7.9410357542838215,1.0
26.694443439263065,2.1067287409420596,0.960092157644417,7.995138816296114,1.0
26.51480330613542,5.448817123834308,-12.775097396071786,-5.192413186110736,1.0
23.175134936202543,1.1229066493814792,-9.19860641196663,8.508474898423643,1.0
2.2031082413473637,1.686323945409773,-1.1866318808331808,2.9956800487075537,1.0
9.25967245634969,1.2958700488844874,-2.6902290140327416,23.29940629673456,1.0
-5.830221352749704,-3.986076449224613,6.381882536936972,12.986399220421776,1.0
3.0361941832051187,-2.288901504790622,3.91985355532411,8.868834624802691,1.0
18.013496907930985,-1.3481060599153598,-15.056160666805551,-0.6950246518028358,1.0
23.907500568247976,-0.4555756921177472,-9.17425986313788,0.8933821596899758,1.0
12.273528700720252,3.380328866964768,8.210412434973946,14.547152883333998,1.0
11.39058045736203,3.7925584569335222,4.192111129568197,22.422399010043854,1.0
19.361530000094866,4.104627966753763,-16.311723748456284,17.83385498367806,1.0
5.587731854819082,3.531736575536493,-5.273309327040147,15.464479723505018,1.0
18.032436553690534,2.968366051480785,-10.494267034089946,20.434166456927006,1.0
9.921228436395799,1.441841278428164,-17.656472474324516,23.796454976128185,1.0
21.722365338493585,3.8881456619563934,-18.422688488505116,17.941373415434846,1.0
16.306934444620858,5.208464685725201,-8.078874206956105,11.424125668762015,1.0
-0.9184719790173617,5.533911459110277,-13.684404565771509,2.9574270762767325,1.0
-14.535562037385027,4.144552497475422,-17.666083953861257,16.240078562206893,1.0
0.4926675168604877,3.642770205039536,-23.56910513112519,-9.12936381541428,1.0
0.7510341450466242,3.330559453912204,-3.2090381136928565,5.8043876954089795,1.0
-1.0233244058406559,-1.0167373841636533,4.578229878761104,11.192175651238509,1.0
5.447691617438569,-2.997253804745829,4.851017678945761,1.3929686053666241,1.0
7.37225486564615,0.5270630668043426,-11.335410816323353,19.067821989200716,1.0
8.900052061703938,-1.8975933348008498,-10.06451921893827,18.311796005735122,1.0
16.038023881195272,-0.3345359693881038,-10.722493741802996,7.1722864188478805,1.0
22.64528465749062,1.702972404360342,-11.166836277793955,0.3579397002224525,1.0
17.109243995219657,0.6805430076616252,-19.39389819964081,18.062425498504346,1.0
19.76215097619133,2.852825365215069,-16.247415989632987,16.880648314586537,1.0
29.246708728680794,0.30245987885073655,-14.505354666608735,9.412106707683193,1.0
21.96751447958372,-1.1374491517837868,-11.327800221652975,12.173286928522797,1.0
15.02932481747969,4.131866552201643,-9.943942117245472,16.089202436852606,1.0
7.1898883297765686,2.3111892869635247,-8.890320534676638,-0.8086542002971564,1.0
21.553370941520914,2.2399468577167942,-10.158629023664894,-3.073159928422301,1.0
12.293258666066192,0.43200557921332217,4.587859253897097,3.035557545550543,1.0
17.261457841557462,-0.26863559045791663,1.8512141655844498,8.30051387649264,1.0
18.897088102353237,-0.07901693152487299,6.119117255548581,18.551260158378582,1.0
18.20650230559335,-0.712533212484405,1.9168490601286408,7.250888210698617,1.0
25.636888415885537,-1.7005644159980027,6.656366655024346,-15.915931740242936,1.0
21.77830182630467,0.9967871860127024,8.012571243619439,-15.965806812109784,1.0
14.77875500148444,-0.39212578171683155,4.841687701690045,-10.728358536032003,1.0
21.203491402079884,-1.341653157856545,0.015859706894242098,-10.742837080879998,1.0
17.11249839191124,2.5266340650758505,1.5007651605271919,-17.482379485205882,1.0
1.1886092651981972,4.551885133397048,-8.412343554431704,-13.806567855636082,1.0
21.16297013323714,5.519215901370737,-15.40183854864095,-0.12572068663538083,1.0
37.29794941427624,5.064801467586741,-5.618736705433831,10.504989538696599,1.0
29.952815293365738,3.856693441602341,14.156557408644305,22.85975022244489,1.0
17.681229011815535,4.452809687863491,11.1432928136932,5.293495662063689,1.0
-6.867321704274794,2.1146193317347604,-2.0813157087641905,5.149036640475472,1.0
19.916179535945975,3.486588188145851,-18.662776902543357,2.8985430812319977,1.0
18.339678664867538,3.060044735267382,-2.92506313409298,-3.7374622864227733,1.0
30.39855376725221,1.3212558763646927,5.360828442500695,-18.51054468192009,1.0
43.14103891158084,4.806351465159013,0.5218029339190648,-9.138970073434816,1.0
37.51871236025778,6.606970386463901,1.2541046310766628,-3.262647753696289,1.0
45.953052354036984,1.5723700643454372,-11.435409382362455,-3.7309689188638036,1.0
30.340759917992713,-0.23903843300044114,-18.660056475863712,-8.656346012487745,1.0
28.864479422901773,1.3790056300143587,-14.700275612652659,-8.824560662423563,1.0
39.706899266628945,4.864144889500929,1.112961161795206,5.815672378248856,1.0
44.92391726624423,1.61933337308403,-10.430513644012997,-2.305860386477384,1.0
23.64523450573676,-0.31876215113081974,-14.09664066912823,4.040748535859313,1.0
23.289424566239433,2.400304077675246,-15.877996659329098,10.935906857586037,1.0
35.70954125343561,5.320489469622988,-12.068254638559111,0.8995402388250029,1.0
36.414237207898296,0.5997634361711048,3.594742702944382,-11.373457202768781,1.0
28.809811607111953,0.3865533514932129,0.282537772316271,-2.1645054353531936,1.0
25.084045284627308,0.29564879191006166,-12.894490586213454,-3.611894755113452,1.0
21.901083251525744,-1.1032203495879038,-12.548916361295497,-4.023849475005779,1.0
33.46888161276732,1.25820968413603,-10.997535409634693,-0.8222515182192236,1.0
27.663686827648284,0.11668445621053136,2.6045014403006874,7.260238203237513,1.0
24.054647792322147,3.591499050972871,-1.3858146204844992,-1.520061669988939,1.0
27.923627194740284,4.893312627584903,-13.578515564755072,-1.083817830642463,1.0
23.485114615915034,-1.194366031857932,-10.661079352832573,6.054216972792859,1.0
31.692799585391132,-2.6337513422181886,-6.332223389898148,-4.42645583953158,1.0
16.063918983818056,-1.9715961083015845,-10.342178070815883,12.369961120217729,1.0
21.5330025237516,1.4249895872132252,-16.238623382773834,8.666304030048291,1.0
14.414722383596985,2.918261007377251,-5.202597926417777,20.604472120191048,1.0
27.976459417317653,4.450386215623865,-5.120068208449924,-5.663415374807229,1.0
14.992196380780314,1.439622712282553,-0.413107952714566,8.345833520513423,1.0
11.47680778431813,2.953636815455474,-8.118655709350717,6.574684592721688,1.0
-4.7106044572767445,7.0304250586485155,-8.144675684139067,-10.03536980426836,1.0
-11.799628053989391,0.5263143424598344,-4.345996574805241,-17.562516887933782,1.0
0.941032891117775,-1.7795236099228569,0.1540066142813865,-4.337694760094962,1.0
6.3665167116995445,-1.934101162471129,-9.212488509428029,-13.33180379862377,1.0
-2.309013115870574,-0.6500244074893518,-19.23175749496823,-4.184990717808176,1.0
4.193178552696192,2.675892091844173,-14.487036530592611,8.834300158311407,1.0
8.129754701739845,5.383813130065762,-20.518177826528785,3.143984540093177,1.0
7.451934698779846,4.657116670115683,-24.953175250863385,2.8944206614927177,1.0
8.242251183102315,7.718824672012042,-25.693616953131922,10.541538055326143,1.0
10.945114627640885,1.620444363580078,-19.986538280551144,3.1066168384966275,1.0
29.24304461125256,2.9857428513639923,-17.400636349173507,2.6929972396922244,1.0
6.5863771918223035,3.1800066727718392,-16.857748996240055,-19.729153754431323,1.0
31.84658415785504,0.7137640506925378,-15.510593240861363,-9.33240191536664,1.0
18.013489894059195,-3.8306292397877737,-7.960300315883924,-7.331142418428629,1.0
7.507097954272261,1.522582958486562,-4.793460562597335,-8.571978274133278,1.0
-0.950175440512643,3.5820060835301373,-10.69516833062751,2.4729676977160144,1.0
7.034037974805381,1.9016286131021052,-8.905476979517173,-5.510505876786157,1.0
10.205639313735627,0.419923358097751,-24.446273340658784,2.5831385566568708,1.0
16.39509624088606,-0.48934888585091807,-6.949243740941823,17.92081209008031,1.0
15.463044510912349,-0.1688852111356911,1.0938042921393887,11.941813767987657,1.0
19.949416790615345,2.684060760693222,10.466151566904413,-4.252455458940444,1.0
11.510288118632388,3.2138709857288723,-3.1296146126668676,14.487646407294113,1.0
14.259415278395212,7.232113429125452,-4.105624391645386,4.698887079618883,1.0
21.466802823061872,2.973906939151907,-20.32855707015507,2.2586740086849995,1.0
21.62700282842396,2.895979177665149,-29.806607723039736,-0.8473597546374716,1.0
22.615427533886205,3.961588888878504,-16.93065784319959,-1.2800970938287852,1.0
9.664132862143212,2.8283221345115197,-13.618833339414559,11.823518932485747,1.0
16.692578793562546,-3.282638727077142,-14.747837583861992,19.748123375771847,1.0
17.246677653603747,-1.9454329837851194,1.9183445774946577,-6.270943800583319,1.0
24.354696131419395,2.72028620197967,-13.805111936675932,13.652582719650706,1.0
18.053279010480626,-0.8639617921464078,-17.58963542898301,-2.9374813129937767,1.0
6.818697225546228,1.359314792144535,-10.544050395118548,1.5316082455699092,1.0
1.603280073275446,-0.8690961159719445,-7.16132005871461,10.08669007908275,1.0
-2.2817444626820906,-3.6297545028492566,7.447684099959024,10.52831601072195,1.0
1.5928799874130908,-3.365413856802335,3.5210032075380866,0.8114463236784424,1.0
3.312161796170212,-2.166410415592203,0.4104475309709068,-5.04334517920649,1.0
15.698308803264617,2.187749161533275,-5.365769445746308,-4.712638861488834,1.0
9.278040633738788,3.534706153025386,-15.670271027548555,-9.138080169323718,1.0
20.307114488790134,1.9251888778553252,-7.597730152604897,-5.4603988306905356,1.0
23.342215743181516,4.672323428707411,-9.085213883902611,15.105864809837792,1.0
16.37940243505516,0.8048563168830398,-13.848991129045691,-6.147787091119021,1.0
16.7592123854034,1.3683004137930235,-7.988285403154809,0.058844238526062576,1.0
-8.821593073353613,5.134890327656129,-1.0518736410379645,-1.437036899690451,1.0
3.342764698212319,3.579898594522181,4.4954774828744455,-12.558823881375915,1.0
3.2895512899281094,2.5648686832136267,-11.905445206415482,-7.05152524228987,1.0
-10.330254631627554,2.3526637855909622,-30.084014894997082,-0.7659107861553194,1.0
-17.057811820045725,-1.8916731241794555,-30.89833320446666,-8.177183929866645,1.0
-25.059358766021774,2.472420701253669,-22.88816105798402,-7.933098146951181,1.0
-11.342840526673205,5.3917276912014165,-16.37769923747257,-10.786401563547408,1.0
-17.927879405326514,-0.6254144308142453,-2.245581807420019,-12.590943571611863,1.0
-27.248825818504294,2.0171222969425404,-29.00666457446841,-0.26624222895311966,1.0
-12.890470809031529,2.889583152270906,-7.658050392598492,-23.889099202968925,1.0
-19.442233448580886,1.2514761119179776,4.16257701407009,-22.63429694510994,1.0
-24.709092668952636,3.3641959072847936,-10.757432829890025,-29.049882546743095,1.0
-35.96897763365273,1.3145977904838546,-2.92028278612106,-24.399621548666104,1.0
-14.487313386611905,5.54623619013637,-4.609070919279745,-20.15140886275558,1.0
-25.192860482092858,4.578707268829343,0.14433650620963978,-33.890902548492065,1.0
-19.510853137650656,1.70018006777764,2.2282167696264428,-29.51237834114639,1.0
-28.893451456342817,0.7988651390604078,1.8325489244696178,-27.38942247256363,1.0
-30.030619138614817,-3.7599132600637213,10.964262954942136,-28.061886692836765,1.0
-32.22581010492476,1.5046966031475801,10.223692417407834,-29.709134125496703,1.0
-14.531365202157733,6.3006413114714785,10.552174430723012,-13.88600535409417,1.0
-23.56408892238519,0.389174122890106,9.6633014912678,-13.890537997237434,1.0
-15.948557062275121,1.8794282016059116,-3.2394246538610423,-5.564405446746,1.0
-33.34584365921668,3.828327369536517,-4.747915556102527,-18.13081408379945,1.0
-18.078540941644636,3.070714122436616,6.277774563340115,-14.894514242387197,1.0
-11.584935679145785,-0.42226692856039616,-6.690786936297608,-22.62365018802438,1.0
-7.040916259718819,4.753680492356991,-1.072009291012707,-15.656238639263652,1.0
-10.626876297220875,0.9131910193954749,1.8689288886619684,-9.518168942670801,1.0
-15.657483350673337,6.026285774967791,9.652759670502904,-10.454777059624334,1.0
-23.478747434237004,0.5616424844814283,-10.823047749668326,-13.354892311377172,1.0
-31.175762917590088,0.01690433656033452,-26.835409957797232,-4.797235103432714,1.0
-31.40867965581922,0.5314464102813088,-18.933705346295156,1.6905774136429192,1.0
-29.72293461079493,1.6018842301159326,-13.838907589261716,14.686287001597897,1.0
-15.82026574602325,-0.13205989713657118,-12.969308042159739,-0.7982140852218018,1.0
-25.88030812073778,3.741483566713292,-14.18080816903613,0.49435564909563645,1.0
-18.032272272335383,3.276266099494234,-24.83469290147409,-9.707467004694049,1.0
-17.27130632468821,4.080725241726996,-18.23377405466396,-12.97264169604207,1.0
-30.953951305385168,4.873635684927528,-6.690433430726498,-3.3911178091655287,1.0
-16.288565165705258,4.8988402953568695,-15.046141929611471,16.699460637785236,1.0
-20.644581152578873,6.835900923644122,-1.4293033204789625,12.030112126029316,1.0
-16.29706228378147,1.3281080169599047,-13.37110035568028,3.837939185528029,1.0
6.376661271193326,1.7916033269435507,-19.603945918210464,0.5330908826469773,1.0
1.9205912335975652,3.35297092313971,-13.811780977676356,-17.748517794805622,1.0
10.363158413896487,2.982569277760836,-18.52277619090318,-6.019590866357923,1.0
-8.245610706239033,2.828973455168499,-11.553973238972167,-4.4377822116056365,1.0
-25.45603520741999,2.1814144532521285,-10.165521112325564,-3.268654264429223,1.0
-16.188928389392053,1.602806601088654,-8.391742001312025,-1.154672433655474,1.0
-30.22687677678494,0.1080493388542092,-4.177116561521414,3.4060900486518975,1.0
-24.264508454499172,-0.705600200321916,-12.650831182811032,-7.1487430849961875,1.0
-12.225984507749523,1.4093732701938844,0.9793189718899757,-7.329976838458666,1.0
12.653478051041809,2.04245919348254,-5.388270190129511,-6.552528430244807,1.0
16.744858725553513,3.8020898012985476,13.62751768986827,-2.319137728473084,1.0
7.729891672408263,5.289833918989492,-3.337685103720892,-12.450560041380326,1.0
-2.524800132125259,8.01263760922846,-13.295006230955952,-5.516212279849052,1.0
-27.70213262669985,2.3443351006107296,-5.442757051831412,-8.444334518060398,1.0
-33.636138434421255,6.8824318036126035,0.629510701344068,-18.650683395672843,1.0
-13.980225766657687,5.151243127783568,12.561808051761382,-18.15177953849607,1.0
-19.629146842273016,2.0582807045902487,5.0093402865208345,-2.096270045297402,1.0
-9.589089758779199,1.4770889403667944,-3.762269831839004,0.33718687173851336,1.0
-21.35521799121285,4.702565237038158,0.9432649019586805,-17.265685222936668,1.0
-3.0167279341230016,3.1731262362974952,-1.3519335777120205,-18.421538003298206,1.0
-15.506409743018839,6.207254964516835,-10.46429906857871,-27.918865477669183,1.0
-11.727417465877082,2.5203195257090454,-3.2197827748263474,-24.384891620561426,1.0
-10.670697737272965,6.030441494839248,-6.062792925621783,-15.681657221485768,1.0
-10.276611839932105,5.263341732324733,7.0067150785536905,-25.262457589209482,1.0
0.8753049147030847,2.9545507385285417,1.6548910769551046,-21.914167955271108,1.0
-0.745070739878928,3.383274879127712,-2.3349796194898618,-26.87329324513371,1.0
8.9270524696738,-3.48888592523013,-11.696754209754197,-14.796801782821095,1.0
10.792140862654744,-3.829825181301262,-8.518296374137245,-10.39765768605612,1.0
23.33849001205678,-1.8675462915437826,-3.8017277509128187,-14.415241488284561,1.0
10.068187610883996,-1.8098713603179237,4.3333729327811135,-18.574636147469555,1.0
-4.383986685376648,-0.8688043325669013,-2.5351072740809286,-29.19542226684688,1.0
29.4000018277568,6.389494988456394,-3.0186322761244107,-37.031977739054284,1.0
-13.001019225845953,5.909416327316569,6.669517625913922,-15.947408004383032,1.0
6.766444056824496,5.829697497488368,3.7052843187862514,0.1425828596909433,1.0
-2.0964000329210695,1.3157980841355923,-9.361670201668133,-6.823411287914075,1.0
7.469431662076291,2.22257688721596,-3.138471835711094,-17.845528545444424,1.0
-9.360044869989082,1.286046997552462,-0.9385827337415016,-25.716099436433694,1.0
-1.334818308400736,1.6523204996875203,-1.2400017534097945,-36.37174904056368,1.0
-8.07529996925486,4.097703583783801,-4.701105958934183,-10.894996853451985,1.0
13.754404203196433,5.6301019054516,-7.499276320461487,-21.190314186227273,1.0
11.717476531501777,3.905405722946493,-4.402922324033323,-16.040090177010114,1.0
-5.298032160163948,3.533981086980577,-10.266428578080516,-6.496832380584223,1.0
-7.320245861686816,3.1351989713407846,-7.544145787200172,-12.302611566052262,1.0
-13.872714103347903,0.21901753860022666,-7.568116337651472,-7.620394107016345,1.0
-8.852474832628145,1.8610810855642437,-9.514517434750235,-7.942241086498919,1.0
7.96187256375079,-0.07605737968549287,3.1027064315304376,8.082262642538929,1.0
2.5825164587750056,0.3517173136817735,-7.910088974086596,-9.727578487737393,1.0
-5.700427113338991,-0.7998440794337922,-6.042672006985107,-9.320866030717875,1.0
4.357992085986647,1.7910648370134206,-7.437739958494334,-18.136671812091308,1.0
1.6961516221463748,3.2666393799419353,-5.26332474746348,-29.814606711770036,1.0
8.51717259492853,2.6521956068426613,-13.090164418418773,-16.831496609887967,1.0
20.508534562886922,3.6807289228284437,-7.1636730695731945,-27.042858382948253,1.0
-4.979420377847033,1.745047972148925,-6.874264758488996,-13.240376051510657,1.0
3.4880556807345044,-0.016649564954482554,-24.33648246913597,-18.266109928712822,1.0
1.8467622799842718,4.340163968507294,-17.417355454634016,-12.157227005002385,1.0
26.541785475963405,2.034636453089866,1.6094520028830823,-12.438635283572864,1.0
30.220334862283842,1.4857111312881086,-3.4250012461827755,-6.009226963849791,1.0
15.554503392358793,-2.4260874965768418,-8.526346961537731,-1.7631927335101683,1.0
24.012968177566343,-0.5510489088625605,-16.383785264148074,-12.18267343773977,1.0
11.844724225824347,2.7232141523055073,-2.176425983374757,-11.044981289536565,1.0
18.49238403767489,2.7863766787014486,5.884872162928697,-12.479535287644538,1.0
25.75425813787907,2.8027526611035225,1.015665988276265,-13.649816961079924,1.0
25.138274156439653,6.188622618737563,-10.390497730227287,-22.201957965597895,1.0
26.8452996123756,6.598241384491196,-0.4727330706865476,0.37775197955889084,1.0
22.562659398447003,4.457844721490996,0.287679659280351,6.76633706707403,1.0
27.91984364117387,4.335072586352588,-12.547624759394134,-18.104613799656324,1.0
20.59819021633617,5.116504081159709,-0.7504130479549405,-0.8371734655377132,1.0
39.01234489213056,3.8956866506211894,1.5226780599956484,-1.9555999849724106,1.0
36.30137773204726,3.3916375032156068,-5.863763814882006,-7.830343912238252,1.0
27.799736636951494,1.3744463439824637,-5.0099709007654525,-0.07915130836837747,1.0
14.38275257115022,1.1061286300786897,5.2451073389024785,-8.659748760820076,1.0
13.364902431869579,1.8691994897408017,-0.47196905473153805,-20.810254733714928,1.0
20.686181906969203,-0.7324915247221149,-12.30367000535561,-3.0558559876413236,1.0
10.043490669011998,3.528790368959475,-12.65598010200926,-24.13428641706829,1.0
32.72917361392604,-0.7529309837853313,-6.571762192465246,-10.18442483584509,1.0
23.043325253422605,0.6006447826900909,1.1940991853277385,-12.855663529651519,1.0
19.25564551851228,1.2352419621476085,-15.59227300873779,0.016711295785627023,1.0
17.099952551645135,2.4491890924393354,-10.258676078246861,-12.794539731075249,1.0
13.266182728702896,-1.182887999644794,-0.3614054923462646,-19.46986251798493,1.0
8.437339969008708,-3.0837500057665936,5.177400910413521,-2.7975049600446145,1.0
16.577842907307254,2.3010952415726003,0.8588219893712079,-25.378764034689507,1.0
-0.7630336244570834,8.623996672328655,-17.579725094692996,-19.720782867848108,1.0
8.678492862317073,4.610574354290379,-8.814175210546308,-20.544265047247936,1.0
5.034728589587209,4.664818745861382,-4.272981432057354,-17.328015959269983,1.0
11.658720965667891,8.50097337975139,-16.859591306499404,-17.988173704675397,1.0
9.08176589032578,2.6624194302755426,-5.764548304265369,-37.82221026135734,1.0
13.737143393716487,0.8934227837883393,-6.517161052135676,-21.765785015523512,1.0
15.627923485575376,2.6578847366378673,-14.772515971762749,-14.943938123395498,1.0
23.055265737582992,1.9027005273838684,-2.874325778767578,-11.707612139308694,1.0
26.732625456550473,-0.012713181121900341,-4.228719528565291,-9.712448467616717,1.0
27.674903046841855,5.604337648246556,-2.889924819729476,-28.971233855983613,1.0
26.69592258359487,9.066244800959558,-13.498795066503266,-36.579382603759484,1.0
3.5034625845500997,2.24737740310135,-24.312594827636552,-24.725220918560133,1.0
6.93417927983613,-0.8741039995335742,-12.659103478366209,-39.698553845179184,1.0
14.606042471861718,1.5670872769097457,0.8290867718079618,-34.799763266196116,1.0
20.371567295542757,3.479926358078603,-12.98061819633838,-14.910107535127606,1.0
14.744823789878158,2.7131854304224223,-10.660810029701317,-26.56431758581803,1.0
11.52689916705883,0.24564795220065605,-6.756572326983662,-21.985445439697514,1.0
18.684851109671833,-0.6908031373693548,-10.16130815525189,-24.635698168628466,1.0
16.211198976026754,3.128348240440987,-5.895938038299988,-25.96907706778047,1.0
27.564127768298214,-0.18279662735456603,-19.320020469600042,-22.851793979684967,1.0
10.614037880932045,2.6177110455910055,-24.39947113913879,-1.1396644792223358,1.0
19.528737327038435,5.4035416792244515,-10.316030620346275,-7.112970201657379,1.0
2.6043253340994337,4.039625767554638,-15.581790472480527,7.031969843016823,1.0
9.272453575008516,2.75843261217497,-15.760562726624235,1.2564282118809498,1.0
10.319087421833569,2.772321784728135,-10.797799317382502,2.6461405265885922,1.0
20.545623506280673,1.9060908443881164,-3.087154868774469,1.2684368233328236,1.0
33.377437076950024,4.418131161978514,-12.513517078168444,8.554949754868623,1.0
22.711125269029914,4.851979676324419,-18.578730591822985,9.193788121411234,1.0
29.174255637643753,6.5034915505487625,-31.35847770353749,0.24737597597228955,1.0
6.572244319830094,0.8142137040478961,-21.162897814849185,8.33294903377973,1.0
-4.025735874016327,1.4152492595864399,-15.386457616880165,11.617964065290582,1.0
8.350187666255396,3.847843661094947,-30.687907646581614,3.6636804004747425,1.0
8.158581945081917,4.609598123688876,-18.83888083541472,11.6802653027424,1.0
29.625126632187673,1.3085195298605083,-14.432599603279868,6.0317744960994215,1.0
24.92195396814207,1.5620011653875352,-16.54439770861434,13.496288475819675,1.0
27.88939959309648,4.313269399163961,-18.297204379373156,-3.9809356427589027,1.0
20.540073603889077,7.775040008806458,-13.601633330225704,17.83069346181051,1.0
14.469093906144751,5.259368155136447,-3.946602228296868,14.631570096945598,1.0
0.6304236746573526,4.983233079407965,-3.5995566419090705,15.413136837696133,1.0
11.032491425083668,5.053136058191477,-16.558901310162895,18.065979936119348,1.0
16.0187602961423,4.13850864294797,-21.977690773629973,20.37587904018742,1.0
19.732119023937486,5.847302974655951,-0.34052834737928306,22.457325460450573,1.0
11.65099136528947,4.460287146114326,11.96150782733465,17.41293073419728,1.0
26.660056252590778,3.1344441909787237,6.422709890951035,24.660968500300427,1.0
21.620423153389332,2.321241027024211,-11.098141386873587,23.075948937194745,1.0
19.713919315564354,0.7724545511429065,-8.35697235513259,15.538398993123383,1.0
24.448601236185386,-1.1289362859111725,-8.888125955836092,19.976751208078145,1.0
26.206307910043833,-0.29814586058611936,4.149032497275796,4.132787471118775,1.0
0.9617761617140488,3.6153194802444224,-6.539556672671356,20.637400997759777,1.0
-15.110297622617828,1.9966163654123172,-6.668146981740632,11.786053274796666,1.0
-1.6573521426261841,1.2443697336378272,-19.262200490305823,-0.7435462257471084,1.0
2.409476790178097,0.6137566246836885,-20.93829339793109,-2.9255756519777236,1.0
-2.793691513931842,3.6905351933995303,-11.992382913881816,4.421393864824836,1.0
-19.236239419848697,6.35843860805169,-2.5150706149222515,-2.752650124302342,1.0
3.6918014665566226,4.394860689921349,2.243074714748639,2.170656250046143,1.0
1.3967719938955199,1.6862204700685988,-0.1611796784786268,9.795132874343441,1.0
8.666295455991177,2.289488292792328,5.008415591342389,18.666729744701815,1.0
3.363921471977335,0.9640269951604132,-6.364833149142385,9.01403210714172,1.0
3.181303368733909,3.885361217780443,-7.64510825282105,16.615801593984756,1.0
-0.7547090643816556,0.6826517660289568,1.1351052703443059,16.6867542617043,1.0
15.338404590243751,0.8335608824320474,-1.7270999928676365,-0.9463718310601559,1.0
5.129527330040851,-1.546245776534937,-7.210844163267873,10.598519005042045,1.0
7.018434379250965,-1.638709835285348,-6.301622785363511,18.000016895149457,1.0
13.067798135540237,0.4896787537022732,-7.886443497647626,19.838248148768784,1.0
2.880646822275514,2.650089606151653,-6.574004887599997,25.12526293707944,1.0
3.8715762124662483,4.61255861033516,-5.406612550248674,16.62461498241775,1.0
-2.15690872234466,4.163186988347488,-2.455577980070113,13.221206102930905,1.0
-14.521003648457114,6.971501307751925,-8.820461279649535,9.883827561094195,1.0
-8.041410507889946,3.031750875428542,3.1830654063150714,-4.4245157141993,1.0
1.027463612065549,5.627914422339401,6.170678401789378,-5.98687664691813,1.0
-7.928465325553594,3.968690866262441,-7.459157336332604,7.096178509077108,1.0
-28.056997608626233,1.4946571850942394,-4.725674350988157,-1.0767280046152212,1.0
-22.447781977753504,0.7054827790996442,-20.007183817864686,-18.506662356356856,1.0
-9.184993501406476,1.965654483961682,-26.200781621309936,-6.97636261577258,1.0
9.660260602963618,1.4976989655584911,-28.97007497539826,-14.72940752339718,1.0
3.129119130707064,0.47672961831037797,-8.30472677874915,-13.96754976352364,1.0
5.694036005349128,0.0616206535629229,-16.230138463236358,-20.775364105988363,1.0
8.998484746463731,0.2760770802512553,-15.639406606015555,-30.785073994533576,1.0
11.505130865663867,4.4527078179035575,-9.803831229844786,-7.631217773210316,1.0
-1.3245664009737688,2.041733038390887,-15.003552697763379,-11.577354852433155,1.0
-2.8360328948259195,4.083594710314655,-11.022875111874084,2.2650607404518883,1.0
12.589537089428443,4.720583438094495,-1.5407676888732205,14.323601281073326,1.0
16.451298135915987,3.5015367430055204,0.7219347839094512,12.21264852033696,1.0
0.3662623796296307,0.9220971417326662,-7.439036351533347,2.2958401390719105,1.0
-10.39293590601738,-0.388195474198215,-18.707774279204617,-10.957390631267343,1.0
-13.995975305393838,-0.6598477619773733,3.3422249527789365,-18.227779884156018,1.0
-9.711987761365341,1.6472686372599894,-1.9024730854601621,-16.165744589351924,1.0
2.7092379608249635,1.2143628407766651,-10.406565914862314,-9.263619774097151,1.0
9.292637958128832,-2.65397918859001,-11.672937622361019,-12.081286488006835,1.0
-2.9508873461623155,1.3099748527627524,-12.45977906361307,5.370364161395508,1.0
6.53178326552837,0.24827452489917823,-21.222597977420552,2.41148234500983,1.0
6.288533300563212,1.1830935690641335,-13.244247977059075,4.313215011636032,1.0
0.37705661120707923,2.066348272321015,-4.4740148477704125,-22.362355613932696,1.0
13.641870186083025,1.429403841988945,-9.462735027227613,-13.216134081053735,1.0
0.18371224078904547,3.547117035560766,-7.678083075338417,-12.806228120987456,1.0
-9.70037197431435,6.914976932171509,-10.019597187620498,1.9144074980149384,1.0
-12.018346657429477,3.2221992859706137,-12.493660770501425,6.286651920164882,1.0
-9.064935300419727,7.074252654765052,-6.354924024868049,13.316656133189571,1.0
4.322335721883794,1.7599820924218532,-5.67308410404063,8.094978267415225,1.0
-0.5827853217627474,1.0376072541905343,-13.044701004651671,2.665578361821456,1.0
5.959353540955821,4.2449496622404235,-9.50679979708444,-1.2382749701712215,1.0
6.545512759487423,4.005164383028397,-3.8143908972697305,-17.608856574163568,1.0
-6.736409956807166,-0.5375886393673031,-12.357362084607875,-14.017962448887353,1.0
-10.672913867918329,0.3826397891948773,-9.948268598405782,-19.833450128788115,1.0
2.8285239930709825,-2.7633875745189496,2.9217563308263808,-22.252653569844817,1.0
-12.34543647320497,-1.622950012704455,-7.750112008938842,-11.931524179741338,1.0
-8.663178758287785,1.9065974108208468,-10.351016539447276,-25.057040624166525,1.0
-5.786869039967781,0.4220046857887292,-5.852560506178708,4.200931500984747,1.0
8.957520896288996,0.9922530560278844,-4.286984818002278,-11.71050325737248,1.0
7.407196896315974,1.0434089192880531,-10.263571511776679,-18.8025974456676,1.0
1.3180667554906202,1.0267241497152808,-5.204508398838628,-1.7952630615648664,1.0
-1.8737446970085188,1.175522653388001,-10.560770078809233,-7.278247030674594,1.0
-10.850765457803343,2.8660723348777704,-15.925696060068953,-4.362088007145149,1.0
-16.762819900563727,4.354979635621776,-29.177552441033562,-19.49702771650809,1.0
-6.254984932125076,2.175866068655334,-13.293279649883404,-13.99247413075725,1.0
-18.479408769886817,2.7668081810197735,-8.947181393145488,-9.395241067044028,1.0
-28.127833424434197,2.943050444666535,-11.210848778931393,-5.144003121143409,1.0
-22.217451818409216,0.8542117224498189,-5.112022161770579,-18.811552240691796,1.0
-14.611781067292963,3.864746091929643,11.227083329549988,-18.752323719033104,1.0
-5.61480410487358,1.156834796223348,-1.3212206749077442,-11.250381517885856,1.0
3.5751795763633507,-0.9408883005954201,-2.2292385767914675,-0.8862668354729033,1.0
14.726184773735795,-0.5897026368523068,-7.9437712761490875,-1.7142265568416697,1.0
6.896651491699501,-1.5467361059981897,-0.39450683199737924,0.03998341896664215,1.0
-10.847769948650331,2.9744735382427336,-7.391196353886165,-3.3613673803793676,1.0
-12.984234439293123,6.632558763518452,-12.771966586286297,-4.58383383903452,1.0
-8.642301469254992,7.406064877990909,-5.68665794130918,2.9500683442423608,1.0
-3.333125999089699,3.5011782622081697,4.398286863276942,2.4401045727699815,1.0
1.2423575366397417,4.0804486633220725,0.3899881809779888,-0.26335744282869866,1.0
-2.1529459311906023,3.1761921786649587,6.673446096705071,-8.739592605762338,1.0
9.631529749061821,4.662389658305389,12.524771909704292,-20.584683476296952,1.0
8.556029320802644,5.173912288625459,-13.131778264712882,-25.87090792567194,1.0
-0.7043783853106143,4.543141797829763,-7.822874919968918,-2.9086345455446487,1.0
4.832217851800905,5.007203668031229,-7.0031704657101805,2.6515129686008927,1.0
3.2109272429271547,5.744618176874971,2.880967754178026,3.7963525985336855,1.0
13.932796007544349,4.502907786806436,0.7186258334825784,-10.062275860834024,1.0
3.4966667239555127,3.283206876794428,-16.668273931291925,-4.971484577437122,1.0
1.2166803910972526,1.8787224803281024,-17.280370888598284,-5.0857269860835395,1.0
3.2722314951145357,1.401898121233361,-26.1766683265067,-4.339258285290905,1.0
20.90940414224194,-2.758102980766829,-20.084059433715705,-13.672230994927414,1.0
7.963621347363007,-3.7859516022189403,-19.28880120507048,1.1875825330134173,1.0
0.47450252509299773,0.3088582718345848,-17.53235726637471,-15.731116061122485,1.0
-3.5846372246940814,1.2713899793513301,-19.809836810182695,1.696388507330389,1.0
-6.820777514172422,0.017402351366184732,-24.944390507032168,-9.218914069046928,1.0
1.9898534545221453,-0.3451431178885698,-24.192200891964603,-6.0918088705549085,1.0
0.37325930987385014,2.1591887758444495,-13.563485977140314,-6.551672035920514,1.0
7.247648796441092,4.0155268946793345,-14.471929553157615,2.2934588133420726,1.0
11.831919957275986,6.07082586712897,-16.132694698174966,11.348282821806734,1.0
9.819518303308234,2.524470981267178,-23.355819041949612,3.0360188460762454,1.0
5.691692247819082,2.435300165197267,14.668729135717108,-7.205757840204218,1.0
8.288757945323418,-0.8365854350824007,8.717199487953797,-5.417289254504103,1.0
5.690616108354101,2.6339224973920543,-15.381967651756193,-18.484299279982974,1.0
0.6042424468266905,4.055858511132777,-20.481958676887857,-14.191143524257644,1.0
5.307632363298964,2.239808499469221,-6.470519383980683,4.609448882453859,1.0
4.815489771074353,2.7974382774878173,-8.461715840931426,-8.857291165188453,1.0
19.43781118420284,3.811355298489975,-16.605912874581893,6.228310563469588,1.0
3.999755168381431,2.912381872557928,-12.40059839092867,-6.190712411103161,1.0
16.297879057867828,1.4352715730579362,-17.61470295430631,-17.18306439019128,1.0
3.8053476164977775,4.612831995547511,-12.44839828504313,4.68206808128195,1.0
-5.32373319230546,4.543071130460624,-15.744295842760858,-4.588271343760615,1.0
11.667559563675281,0.7177262300154519,-12.382403948557076,3.4824946329918562,1.0
25.5193996279623,1.1335127499033875,-15.840836739061222,-3.972319281297894,1.0
15.409221074605437,2.799166915856778,-17.219369250785604,-16.976166712474132,1.0
0.8301507106366679,4.849426152065426,-11.758890989564982,-12.711707204960927,1.0
8.448375646771607,1.3409730252566774,-5.494003913111319,-23.438779711389984,1.0
14.27959351667829,2.756008801011015,-9.090906128263414,-22.85516828669957,1.0
11.163390499513977,5.2848112345057725,2.306470378649572,-22.359970371527773,1.0
1.3285450823858067,-3.0421091405291265,-7.72979141825517,-25.45977839742581,1.0
2.2229886430066066,-1.671265023538545,-3.356746566610272,-17.843640005393794,1.0
2.6659437024102766,-0.3687863948864454,9.678959053069864,-16.246081827461808,1.0
-17.596916807082426,0.4724434993439468,-16.127396810736936,-13.877828269107894,1.0
-13.625380011853766,1.0292600726527503,-12.44002153129022,-22.01919557285272,1.0
-0.26865618982849737,3.0400936240149434,-21.292712016432077,-21.145793452061874,1.0
11.63705054308414,6.260737304344584,-24.444987666366877,-12.839855269800095,1.0
3.076554844906099,5.362394562275801,-15.145906820230604,-4.450838972334903,1.0
-8.806068665356259,3.7063459547808715,-12.936180864948277,-5.18704065125642,1.0
-8.39142299087366,5.981015181655019,-1.8036599304045842,-17.380962973354812,1.0
-13.223928932604405,3.27092236274809,-1.5293929466472589,-8.037655412406124,1.0
9.47382852470389,2.57933807804552,-0.8999440290036165,0.5446296554360348,1.0
19.160463826501083,-0.6778373953992951,-6.676176055182097,-12.909185278768593,1.0
14.661319124844187,0.009992830930483976,-4.470489277213272,-12.469003291190981,1.0
-10.814753118290552,0.19843802979607572,-13.311282859719126,-5.081284677265703,1.0
8.31854198641377,-0.4926575530402655,-19.756507123368934,-5.059985746451117,1.0
-3.5349735460325373,-2.5785116243653428,-11.619635165634193,-12.54827129913441,1.0
1.7365936528491366,3.677156141521861,-6.291338717253222,17.20862407271035,1.0
23.028080427161626,4.2281956953831346,2.611749316562496,9.20400599898663,1.0
30.877676380804743,5.193702772521766,-2.7347184012145798,-13.147188054659543,1.0
3.320336976267704,4.688831332781426,-10.557055896624147,-15.626109316530608,1.0
25.906023386746575,4.685594045752065,5.211970864714685,-25.447977961036834,1.0
31.79084234494537,1.3259407974927995,-3.914883993803306,-24.565793201195046,1.0
10.658653180278261,0.9122527622130165,-14.734722007478045,-13.988134417073784,1.0
4.9711223357303,2.095215461115151,-18.56537213688056,-0.7110101434548977,1.0
1.1079641790076895,1.8840123781348588,-18.523425434134076,-15.017911672159375,1.0
-4.32672545071011,4.368423912265606,-12.556989622884572,-15.776473790890837,1.0
-1.7943499514278916,-2.5737138155916117,-12.03327327749264,-0.4485209617636592,1.0
-1.6616308209719488,-2.197106370262217,-11.289582533295581,-11.965295285417257,1.0
10.696363338849583,3.140991541283737,-6.881275898889587,-10.133831402364603,1.0
13.592415648297468,2.374491345634037,-1.7529093678901226,-12.276329993550966,1.0
17.271274547003966,3.614098233501487,-4.974710034325842,-16.924538735735442,1.0
-7.6742798995425066,1.3739400072680947,3.9615739554453526,-14.417238822475328,1.0
-4.978718345847453,1.4005509439597188,1.2960324914175905,-9.528099665999214,1.0
7.324493347693119,1.838021751208177,2.773750127296553,-20.15699707343704,1.0
-6.660385806996768,1.4463507487226506,-8.224746221222448,-14.018511706149575,1.0
-8.378736533876824,0.07079034129007444,-13.633909876039404,-24.915889926201604,1.0
8.21113423462089,3.9140117171523485,-14.688488119037547,-13.01879491227989,1.0
5.764103252884176,2.192761982199965,-30.055024749636473,-15.919026788221805,1.0
-1.024063535879316,4.2019971417427575,-8.012076781880136,-16.203599713311977,1.0
15.276865813818134,-0.2067694970872873,-4.272539536968751,-26.396141911785705,1.0
17.071855371659378,3.846789652837842,-14.663813472300498,-20.95812177752677,1.0
22.035096339661894,3.5623669167726124,-7.8892457141191725,-24.018229661864083,1.0
7.461995630310275,1.2921386076935821,-20.587670981121633,-14.701480664410099,1.0
2.6599059052408283,1.0205678906133524,-11.236051264817668,0.32206591436577714,1.0
5.307315683227273,3.7481843510912496,-0.10711573800381924,-7.707713699893959,1.0
-20.031014183777383,3.5316052139143763,-4.780161687790345,10.851524357552108,1.0
3.244337125163581,1.8230724990761846,-6.833073987511625,19.240654230431186,1.0
-9.018191128905258,4.467358646514604,1.2481362931843591,14.329844083992864,1.0
-14.160894160926231,-1.3843148273164678,-13.384711711276905,17.662284365226622,1.0
-13.764935729704181,0.18552088382676957,-3.131505997351997,18.98384624982817,1.0
-14.629067458117035,3.688045155463756,-4.750241258857457,14.43592157660597,1.0
-24.083612643480553,5.419093861475469,5.542162466635467,10.270308920640101,1.0
-8.134391494034361,2.121473511782703,-17.928703965957368,7.3282784383322195,1.0
-6.197073030430225,-1.5320802849842643,-5.774827998827252,-2.4652539981670696,1.0
-14.857214333748546,3.1151257332415154,-8.939212166806875,-1.8989910017446894,1.0
-7.315013697211343,0.5288038597882974,1.3375037172714679,-6.495113404707631,1.0
-6.750187276640564,0.3548282572423924,12.795666976521446,1.6958971412252506,1.0
5.880516100015933,1.5206285654697198,-2.322117428123527,27.816104519107537,1.0
7.695346235484124,-1.7097526576259945,-9.727093954728659,2.848659088141007,1.0
-6.388835139694718,-0.6395162535381989,-0.14632248451070584,7.339104332889986,1.0
-9.261430243477218,0.840283497397243,-5.7577423600706155,5.196628536646152,1.0
-0.9491246657205412,2.7752558727911074,-3.5588994975273307,3.3477382369801454,1.0
-6.054343139140361,3.631852309961521,-20.232452499076217,6.000802162552974,1.0
-23.764471725446178,2.868200989222434,-8.981325529565833,2.296015533544373,1.0
-31.41831653426713,1.8515797463995232,-10.399234888626232,5.325766575780329,1.0
-13.908984244891444,1.694881474833466,-11.054547124471645,-3.668887282616522,1.0
-15.293189631430687,2.684236850513635,-11.718423363436493,21.02999197317615,1.0
-17.535133297488855,3.5960566791962356,-11.761278913315667,14.199477730304915,1.0
-23.414674525955057,0.02829364623320063,2.0819457272256328,14.16333343890815,1.0
-13.272287397915482,1.493446386409313,4.266692568428903,26.242676063514075,1.0
-25.661027211668596,-0.8487857711508013,4.980264679523129,19.883999818580573,1.0
-7.1557960045317675,-0.1350213665242439,9.909690061889782,16.35656973980057,1.0
-18.39857174928738,1.920082320165275,-5.233577729152826,17.120652691668074,1.0
1.3717891926857533,4.349851275020676,-7.468935742357096,3.134710068148509,1.0
-8.933853525224812,1.8845474867974237,-6.545508036172315,5.955545787125169,1.0
-12.15550807366193,3.7737327356781547,-9.333178528137815,12.034921635896705,1.0
-2.536875803868165,5.862773500731727,-7.3249908771172825,18.019380592575153,1.0
-2.727455491444747,0.6063119264646928,-8.01936157794592,-0.960802311724616,1.0
-8.10615352697674,-0.21170330381832692,8.371159501253935,1.493807755333707,1.0
-1.570390580151508,0.7739704922071877,-6.25783209155185,0.16288334041452757,1.0
-19.385349119427765,5.152140253367593,-16.81293124031571,3.9768742046824013,1.0
-6.9236430234685065,5.856545954544323,-20.090433921302278,8.524912234853268,1.0
1.0679939788128232,4.026550518556267,-7.798809041471927,20.871217548477855,1.0
-14.602444851113091,7.157619249986981,-8.91256975925079,32.15408999138501,1.0
13.417418200757846,4.031946724279365,-4.907235966019947,19.208724721961907,1.0
-16.01710715201707,4.3489561591289,13.995038607175259,28.365917469379,1.0
-7.590750274771403,2.5155685810530066,-4.452516509350008,27.313875663718115,1.0
-28.819583148384304,-1.438664181977462,-15.082089807824548,23.549512759615173,1.0
