x1,x2,x3,x4,y
6.581112326278212,10.826500779891642,17.814882849842757,-5.740944860537475,1.0
7.179685570847717,-6.843085543588517,16.16504648599469,-1.869110888734662,1.0
5.790672429255122,-22.32448609843871,15.247537256285936,-14.194031846468292,1.0
4.057829020721053,-1.499658650399803,14.104884604997538,-13.550326874435665,1.0
2.9916058349991754,11.214242919974978,15.847772496323305,-2.9770900233378033,1.0
3.931890741362028,-3.525508397558804,15.097882477710828,-14.532130888253251,1.0
2.578373125925259,-16.876903032949745,15.528383194351829,-21.739081622710643,1.0
3.5322456047838804,14.329649130695447,13.555285242732431,-12.158363885554945,1.0
3.045877383414892,10.438643313190695,13.5003646692722,-12.718630605004346,1.0
5.349459451126748,1.655311911754498,14.603086705360395,-8.231833867499386,1.0
2.468960716034054,-9.581655525066765,13.812868798728259,-12.209208661172271,1.0
2.5643278511290934,1.4413952670447916,12.57454253715838,-9.620474409207862,1.0
5.182713519415016,-13.113823309778084,12.966248063026539,-8.107419290270059,1.0
5.298954308213,-4.609040064417378,12.856484023289212,-9.828276475209204,1.0
3.1039519475145436,8.118107751810786,15.026663691210638,-12.741277417417024,1.0
5.589200517267777,2.250824539463304,15.471449994660519,-1.322178269656419,1.0
7.245397891931618,-15.671115918140616,15.5471743970688,-8.443999680189085,1.0
0.775753992040559,2.361952618109399,16.769246973769725,-2.0167734038695952,1.0
4.957128937554564,-17.790480041058814,15.321610340792398,-8.446668134174567,1.0
6.431685861921718,-12.31402051362156,14.120353652413772,-9.045207939439962,1.0
4.367819021106393,10.806350160563436,15.20883894898489,-26.708790684161556,1.0
5.521550921402676,13.58820634903974,13.594553525382945,-26.271793679537083,1.0
6.745166362037111,1.5841551555187507,15.450070501321926,-9.495450759296824,1.0
2.0959921928147103,15.166486312636767,14.445847806582892,-13.081840301737824,1.0
-0.2962925091041291,23.67512953936883,16.6164468246387,-11.627348476489654,1.0
1.806065121050188,7.339794416902143,15.290141234262943,-9.722053081986909,1.0
3.3014087992204963,-4.791539767345888,13.899934713943644,1.0518569157997568,1.0
2.4930404001066253,-5.926333522198713,14.26321593399115,-17.114426901901805,1.0
5.708556255810929,-8.204463085236414,14.233209874460144,-16.427120637571033,1.0
2.1659823576644115,-9.266536541169991,13.198428135246006,-21.094156578292537,1.0
5.559880399525028,2.5085270984153385,14.504023816722388,-20.147626983636872,1.0
7.304991405765127,6.874982003578557,13.562063614934026,-17.390137673200755,1.0
4.240467178648774,21.126956289287463,13.730716058194187,-11.449335937455208,1.0
2.0372656951169805,14.873737699830759,15.354677431078223,-23.02236940142819,1.0
9.615200143242573,-1.1810767890191984,13.959412418067107,-15.53360131344107,1.0
5.813554302702112,0.4794332968155751,14.297189541542362,-14.643019939251506,1.0
5.868656574075322,0.09997757110569006,15.965760039625675,-10.443394487740726,1.0
2.146675920225893,9.358819982227935,16.1788718179626,-6.513613430808645,1.0
5.712398357008945,0.6100332870907734,15.043876837353531,-16.466309949003776,1.0
6.140685032909633,-10.097489109237108,14.532075039072112,-22.382716802998573,1.0
7.91226831756794,2.579361695396495,13.71529614454774,-16.302688311117123,1.0
3.79313189753175,-3.382636320569924,14.23298794188391,-19.502022120778026,1.0
2.3134605004390125,0.31512563023324436,14.067861093980495,-20.78719243042282,1.0
4.232427877971173,2.7112711756505914,15.881742210641972,-21.233275295101926,1.0
1.7497473606670888,4.338277394548996,14.206601281924332,-25.339984281625252,1.0
4.900065611567372,6.369463461959558,13.066201881166805,-15.512133277051932,1.0
2.698773879733919,1.6788495500280674,13.13957024221646,-19.782546092837386,1.0
1.1752310161739077,3.173460495335732,13.635457200996571,-19.993378287305752,1.0
-0.30479716902133136,1.4809081647163216,12.556786555718016,-21.5240475108212,1.0
-2.2266235645299215,2.6309125930410993,13.50552147901198,-19.749317070244715,1.0
0.11922093025878788,-7.86891340542811,15.553542646613918,-16.48621157994969,1.0
0.4280062213848499,-10.117058488146604,14.690731398250138,-7.0158565386091265,1.0
-2.9661208795939484,-9.529309649813783,14.584136043359914,-0.7898889689046986,1.0
-6.837130288990311,-5.55603883423653,14.07639770650247,-4.141252020834947,1.0
-5.958176969724903,-16.147407706830027,15.528766186916341,1.0497908598027,1.0
-1.2210726737891888,-6.825979573408153,16.71833833121285,-4.536469906156477,1.0
-2.078359084318626,-4.169241172215706,15.220105859035833,-5.093700593347668,1.0
-2.227958307402414,15.397095033096214,15.156950698626046,-14.172538649368457,1.0
-3.46953649671729,9.70984285315583,17.291247380410894,-9.398598392892795,1.0
-2.1810366335259808,-7.038428543914796,17.47749835455423,8.813748765129295,1.0
-2.167775711841136,-12.315609377903334,16.488895924071635,-2.820923641112368,1.0
-3.1595088408746617,1.577060581825136,16.523718649308183,-12.315541490430487,1.0
-6.775501451405151,-0.6775744332291964,16.084828508293803,-8.86729127255728,1.0
-7.25066681059071,1.1971359981469445,18.59277294536272,-9.151745234504608,1.0
-4.368009216919651,0.29680866005512474,15.64054961029682,-14.633352379270036,1.0
-1.7395861132030528,2.8494052946680775,16.505278365643182,-4.775751793155143,1.0
-1.3437542094613277,9.213581864210454,16.215664482446897,-7.563404187643355,1.0
-5.513704614793001,7.043683338510255,14.25835236968899,-10.3635733982296,1.0
-6.157963944224324,1.7277531298742197,13.98550437730181,-5.720951995752782,1.0
-7.042382001440101,0.06255124158915848,13.800569820848004,-10.565053674739945,1.0
-5.530108082594724,8.598676460496694,15.948704753865888,2.747629950807743,1.0
-5.800062299972616,8.510350906832667,14.418914621490828,-5.7491221667319525,1.0
-3.0373063291075293,-13.826288333298988,14.672608980632706,-6.702007230018557,1.0
-2.6083358806404675,-9.351189758918096,13.348024471706088,-4.301740016205774,1.0
-2.4318209014053758,-16.053036815736746,12.518945291085398,11.353089253264617,1.0
-0.8128821964234927,-0.5221088226889106,14.104955285798917,-9.970889964727036,1.0
-3.0121054484050944,0.7112970327240364,14.537966643406078,-2.7828122922171588,1.0
-3.0589164305644645,-11.455538650326051,17.000136451766554,-1.9421494984585754,1.0
-3.948066622706637,11.513201574742325,14.948636978289548,-3.4281926521034953,1.0
0.11051954573968104,9.836894655861762,14.136689747713232,-6.140682801849149,1.0
-1.3108828193352118,-0.7622685948179706,16.534822359452907,-6.77235431505942,1.0
-0.3590277602369121,22.27248554177246,15.043291481693704,-6.734352137087537,1.0
-2.6132821482085795,12.523090831641422,16.329349427899075,-15.38106978216099,1.0
-0.2918481977878735,1.3545470534783015,14.054169534169684,-25.388062522994087,1.0
1.0131414748768677,2.566134285231528,13.846108169647247,-13.557302975623358,1.0
-0.2854100848616925,13.156143118974164,12.903144711414853,-9.972229667100933,1.0
-0.7131750001042652,15.683518605170532,14.639401288443198,-7.146217546898002,1.0
-2.990505810518841,7.798689815496578,16.86812952455531,-8.596822384138076,1.0
-0.17001633756691792,15.813010123833237,15.180289384148356,1.0261793960942684,1.0
-0.8090238767290838,10.478194976729974,15.333412707672753,-8.30356999636978,1.0
-2.498938894339534,9.086451425498145,15.436560990184354,-1.7270150145510805,1.0
1.450901062458354,-5.1887031327367055,15.604646275808392,-0.2857593924725219,1.0
-1.6319830067224141,-12.41809403520715,17.03762564449052,-6.095974860972762,1.0
-4.059703381287159,8.107011143729551,18.160717735551582,5.179670023406869,1.0
-2.136537602281478,14.863869891226832,16.32589087495738,5.8987564901981155,1.0
-5.557545281311664,10.155516616337456,15.8610242233446,-9.58322005905736,1.0
-7.0020768703420835,9.538917831556207,13.886431415659912,-4.63413270781001,1.0
-4.76903585988945,13.88526327701396,13.526798917398192,-8.055189838910362,1.0
-4.02630664925938,1.6600656621196714,13.185519045176694,-15.412544424862535,1.0
-4.132854537902292,7.78330941534671,16.5017886029133,-19.721247140807073,1.0
-8.372720388724845,20.913576134578097,16.948484120622048,-16.024470912200083,1.0
-13.700751653643785,11.263304424131853,15.503453387665841,-19.866550285331478,1.0
-12.893802608618309,4.607184803654756,15.444893764957861,-26.068475273517063,1.0
-14.482993909651647,14.424212630890173,16.708523109028242,-5.744758409026469,1.0
-19.924303989522613,-9.266366492275214,14.450401821358446,-5.385832857546067,1.0
-18.75263546329966,-1.7450716978098342,15.55402287898114,-10.013768163522927,1.0
-13.104551042478983,14.247999772413532,14.155593399326229,-18.00449193496475,1.0
-17.526224984617244,12.205950568656835,13.639004330004768,-25.28784326879074,1.0
-20.060735618360937,-2.676990127735963,16.137739478806168,-29.707060801331266,1.0
-19.450211600784378,-13.862005448237408,15.535042942910456,-24.052838213790487,1.0
-16.978208988886504,-14.85120782923551,15.084475223345743,-21.29611439577923,1.0
-20.808140689790484,-0.9166517065735964,16.31251862120154,-10.50941232838299,1.0
-24.27587330341854,-8.98200395306038,16.85107813115804,-10.470637602492761,1.0
-25.50661662667585,-12.193222502168133,16.275031003762464,-5.227750422839593,1.0
-21.98520379816262,-3.1164265468134413,16.296005812976755,-12.134119057428855,1.0
-22.339930788644264,-3.395020025152152,15.553263439433373,-15.743901570372214,1.0
-22.557841448311144,-16.460240998048068,15.428107150510547,-1.1521993812681712,1.0
-24.267654790126457,-6.25563646956428,15.4749609476371,-4.65286328428655,1.0
-20.696009239812582,-7.82401844970261,14.84432258680446,-3.851207382008308,1.0
-18.48828357677525,-12.360611703530465,15.61156105317029,-5.513175937943184,1.0
-17.627969173293817,18.5079593490207,17.00600085818272,-11.754869579099324,1.0
-20.150101517207286,-1.6128728411062836,15.48316515037382,-9.173047944761404,1.0
-20.283697319691477,-8.913159306253377,16.059405836766807,-15.169054133754848,1.0
-23.270593841241805,-13.10631085262639,16.972832679459003,-19.941157082344162,1.0
-25.783745553521218,-22.019368474026184,15.907838926756654,-20.362405737802504,1.0
-20.654488732758445,13.748129823494102,14.758382510495181,-16.524103287870155,1.0
-19.11096993946665,13.21047905879401,12.465651950518586,-13.600534294263756,1.0
-20.0869694808355,-1.056633271605088,13.265473247694972,-13.845524288973909,1.0
-20.593696324148,-8.619178337937218,14.106512188423247,-25.534626694673946,1.0
-19.795873610705442,-3.104047524474965,15.938879326167417,-21.289611113365766,1.0
-20.655260918227036,5.71425195017193,14.957246498636213,-14.075118844444335,1.0
-21.232120993447086,22.57617532536524,16.569513431863648,-10.526629540271786,1.0
-21.017010954661036,6.781254049727165,17.99106798342418,-14.25335425687138,1.0
-21.324517592001477,-2.2168176204713146,15.39093117333242,1.2546972319821315,1.0
-20.726190847567185,2.0661325688177574,15.498858637200826,1.6555802977754617,1.0
-20.92243581515224,-11.24442101795092,16.586333761665852,-13.34567074452493,1.0
-18.28283463029821,1.8752011403516824,14.676732844397646,-15.351504922334001,1.0
-19.722872784719225,1.9328856252471054,14.849717087869623,-8.115620714823141,1.0
-18.881546519519965,9.023023181265803,15.289245113935051,-6.671423895792824,1.0
-18.92115156727137,13.75595111956506,17.235852794145547,-8.740072072883448,1.0
-19.395622232453555,11.8962001289769,14.89847597533018,-14.030989295730492,1.0
-21.24497273185862,5.710607480959134,14.439965863172796,-7.5326824818117615,1.0
-17.27383092001658,3.535159378126968,15.458433412960288,-15.525147776381154,1.0
-21.830086293184962,1.6159063600181716,15.409376987750493,-6.070943698743457,1.0
-19.034267851872887,1.264482834008663,16.0250957958882,-7.929695012802048,1.0
-17.92485035564421,0.8907002183683943,15.461278334949993,-12.718480401834361,1.0
-16.86214617976224,-14.797511000186017,12.89388446488226,-9.170607108742242,1.0
-18.159601851455033,-3.4191336966664023,14.95012019852959,3.040199167801557,1.0
-19.042334197931925,-4.84576505978693,15.813038002533078,-5.255097562475415,1.0
-18.52161693634417,-0.03640875146710343,15.910023446772641,-7.424715585557794,1.0
-18.171838047108963,8.26154553784789,15.833082157182933,-0.3329421574819378,1.0
-14.77890163643874,21.167627719879064,13.368765843737542,4.1732716317645036,1.0
-10.253419050967443,10.045119854978138,13.961337676716115,1.0774883096899845,1.0
-13.460791180824582,10.52088318161084,13.53306668871126,3.7791122392442142,1.0
-20.667193847547317,-9.616298580522137,15.699173035898696,2.191498563778171,1.0
-18.64726984630488,-2.976151645680358,15.975342039050663,2.1979158470995106,1.0
-16.833221443281314,14.103968384194268,16.549912939513913,5.300239397424361,1.0
-19.45074120792055,1.8674246811365558,16.75294150133423,6.807335078201232,1.0
-19.86128773856261,-13.662030104641262,15.271051907110804,4.104713081046688,1.0
-16.994069351735302,-16.27632370717916,15.194412902556621,7.822624520246926,1.0
-15.345811582760456,-17.440842135325205,14.9090016544865,-6.122505400225155,1.0
-15.561173061545574,-11.62969694539748,15.010061162921472,-18.353817211013062,1.0
-19.325033245472,-5.026957107295432,13.612513223470717,-21.630719257042333,1.0
-17.652234156375457,-13.940390686326214,13.596399529141049,-6.46940803085685,1.0
-12.954586943899834,-14.518562456076973,15.349024116549403,-6.235776704539954,1.0
-16.11596919480574,-5.755243195747072,13.16214122976011,-0.08395084264849872,1.0
-19.388071381118166,-1.8964894698424402,14.325537714665373,2.9584940935844437,1.0
-22.23161941134184,8.138109074402717,14.466153181801657,-13.223142014327085,1.0
-16.171211394702738,-1.892300786822485,15.859363840579583,-10.251256927677257,1.0
-18.80696092093149,-1.011428537454154,16.10281798054632,-5.179169728438932,1.0
-17.24922212585554,-9.243844579725986,15.490106115723052,-6.059847453422924,1.0
-14.552688931071742,1.9496875160096567,15.336719425798442,-16.845123102218704,1.0
-16.49652647175068,-11.633700839596454,15.871817990337613,-6.560218931566023,1.0
-12.519102251964046,0.6215916168823448,15.453119096768248,-5.120806842158129,1.0
-15.431143701360496,1.3173976277597639,15.4178643271108,-12.352812498527634,1.0
-15.949550254020117,0.9210497069559036,14.904350732889286,-18.77946014459186,1.0
-13.688639551150567,8.286887655991595,16.33435323302224,-28.107697451004128,1.0
-13.949559637043247,-17.404007805698246,17.679443971024742,-22.133939720122036,1.0
-12.761438595672084,-3.177182968633006,17.623709956672393,-19.325181340945434,1.0
-16.284190683888554,-19.427136373034738,16.20543726274552,-11.576633127892542,1.0
-16.818398215398158,-7.7529665695049275,15.31198023740872,-2.207921472341902,1.0
-15.037695152799694,-0.9142741538473595,17.663281638808545,4.28075897740418,1.0
-17.193603615229648,-1.4509032538286655,16.709902038764348,-13.031919050979804,1.0
-13.201686828701234,-6.1067286286143965,16.822512736542844,-4.567294352800148,1.0
-14.00995365473884,2.735496948880219,14.192187914162012,-15.226433925730976,1.0
-16.70073480440499,12.658980910458128,15.637098662621094,-1.6300377102478223,1.0
-12.518344012666926,15.554478771624716,14.849692298178894,-3.288857944299657,1.0
-12.312162503082853,11.360228160160453,14.13234171730895,10.156041525281744,1.0
-15.688414487550284,0.5167857450219988,15.646184368687118,8.308698251740793,1.0
-17.549948371162856,-1.03512300020947,14.416039580947052,11.361108767974532,1.0
-18.124762489122045,8.587653013632538,13.849624169447022,-6.980445527998345,1.0
-15.974463186645735,5.483095493709316,14.145421050698497,-15.389242702134355,1.0
-18.897315571390088,6.362764994549226,16.094532635663672,-6.026094064122683,1.0
-15.818887830510542,0.17569294091320398,14.848996774052445,-8.490030940880018,1.0
-15.685728712945796,-22.100447369750512,14.60665150038339,-11.248658092467949,1.0
-16.705702500987535,-12.089350115718853,15.021718376202566,-13.351374108374968,1.0
-18.171264058714574,-2.442525759258965,15.326602059522282,-14.92489833667672,1.0
-21.684419367225452,5.316181360154466,14.895724696676908,7.171876712477109,1.0
-22.202655567108756,10.049931105396052,15.1997472663326,2.0141566856790463,1.0
-20.422381090640275,4.078990251409698,15.33718306981116,-13.605312643701003,1.0
-5.6062923237433795,-3.91995273840488,16.370751303621695,-17.39867698390459,1.0
6.075869996929814,-15.210149858802577,17.806072425322593,-29.544745159265293,1.0
10.014095754412685,-13.8463431281554,17.559777110277906,-19.21939021400736,1.0
12.175245232999465,-11.583419462784692,16.708971647247395,-16.25311385503647,1.0
11.270702249195088,4.859212596996737,15.00618242212713,-22.833313801744914,1.0
11.92755412351806,11.310974063340664,16.9644443089954,-18.84847182010446,1.0
13.93183934045388,33.95107379601101,16.734094494427342,-9.021814838955642,1.0
9.638406006128147,11.724532656412725,15.17994625904357,-19.231321762337636,1.0
11.28622760351068,6.193014193059633,14.933104562392018,-18.32146853843068,1.0
9.52168370463259,20.442270155112844,14.415047327456756,-27.26836985081961,1.0
7.976001919706977,5.242015647898018,16.065617818543323,-29.654268486064804,1.0
7.243807201479241,2.411971217091229,16.72855300738662,-24.323914369331067,1.0
9.245302713035068,-7.006616079916314,16.098970414714437,-28.54851279639915,1.0
5.6436008406058145,-1.9442256866132959,14.735334569447993,-29.944707926732196,1.0
7.10083394618093,0.2245730302220339,16.393709391775314,-19.482148819379212,1.0
10.138368709636723,-0.1167791811555059,17.322717942109747,-30.401956432800343,1.0
8.13007183352002,-18.828914186731545,16.010443897777844,-21.329089789086176,1.0
10.695633619100983,-3.201331047982242,17.098958040344755,-12.756578399653705,1.0
8.284087015475684,1.8197477753991418,14.859554154247332,-24.244285044844172,1.0
8.821171842632431,9.053132316168968,15.366745939098436,-18.37700559308896,1.0
9.514165838922438,-2.549053823064435,14.46295563135334,-21.782311311737416,1.0
9.544698621894222,6.602305515858191,17.227727231841943,-14.823574708412892,1.0
13.433474846153045,21.417754217961246,17.843777547887406,-20.20674211139875,1.0
11.838930407815232,3.296558329301699,16.52905236924096,-15.073385482955402,1.0
10.670445419693765,-12.519531772702607,15.812177464222982,-17.273072563472503,1.0
8.308208842329742,0.52933585547814,17.550749395801905,-15.909055873609681,1.0
10.563674718777369,8.57596114452491,16.762785727781544,-3.7232480039063613,1.0
10.836798205513752,14.624934876009302,14.511301636077452,-5.115214534832722,1.0
15.935791274935521,15.541619845619987,15.182445367659648,-23.172650500544783,1.0
13.836781926152455,5.132355813817985,13.233205534035148,-16.80200506238744,1.0
19.077233128799193,-2.2222592861132724,13.811450334655033,-21.615788731397828,1.0
16.929182703859638,-9.636184422862296,15.939243470313748,-18.914115876873566,1.0
13.139946319969484,-5.051415359036366,15.208125142209838,-16.130125496701645,1.0
17.292697896149544,-8.36611390156176,13.642894031523952,-20.99301716155367,1.0
14.299389116808879,-8.392390841281042,13.7577121728791,-7.648865555380683,1.0
11.807261733034931,13.994644596107044,12.703668884550758,-11.01787606392018,1.0
7.518887744149032,18.3560025484856,14.041602167362974,-6.760873881702748,1.0
9.814027198863572,6.014763605407792,14.286184492023716,-10.524351380090417,1.0
9.05460612158681,10.594719496179867,14.423444475372587,-5.824844625398242,1.0
7.765154987088806,4.058797085060931,15.471173643720748,-8.724919479712302,1.0
8.771458631859517,8.238167227902686,14.888083268841362,-17.181010274744022,1.0
9.018072453500178,10.195847123162403,14.901097281882496,-16.33350578938123,1.0
9.385363022051532,13.536986551400082,14.580251803970736,-19.134435920636815,1.0
11.951578865653444,17.624164909269542,14.213750245367127,-11.608771699305855,1.0
13.79121560051274,6.316965659668317,13.40595204339063,-13.61044223756386,1.0
13.769857176411769,-7.343237116453187,14.912393025898181,-22.130426276626167,1.0
17.26432387094996,-7.7463650444253975,17.21429891677981,-20.174538814528244,1.0
14.393271405676355,6.058768518704012,14.860772453785875,-19.16652287780388,1.0
10.11263683189735,4.448423556343572,13.422142353668567,-19.00328049080946,1.0
10.286556696800917,-2.8958920300377415,13.03005444771309,-29.539923600631496,1.0
9.279567319564453,-0.60815845985318,13.601441388755676,-23.022713742990824,1.0
9.40672651004955,6.603304894026712,13.046180440945793,-11.556923491385042,1.0
7.659134366626436,11.343781004450605,14.911361317826348,-2.189910834821907,1.0
6.352575858955608,8.6454927806941,14.366632822657671,-2.2245974566875377,1.0
11.774756917349068,24.638761879843116,14.758581520425128,13.145465578637385,1.0
11.537682135322843,14.016043001830315,13.928692401495187,-3.882310105158605,1.0
10.21568658344877,0.4409071577707562,13.575946144934674,-0.676301166692479,1.0
11.43884665048919,-9.333627479436696,16.08686965132547,11.150449971511858,1.0
11.958803376721375,-3.826847510336052,16.488992809232556,-5.024611931026762,1.0
7.640069968134114,-4.820433588392781,15.936616367052327,3.870331084944005,1.0
10.67699811101181,7.7699900349253035,14.89595055294514,9.162418485181245,1.0
11.237456260831133,-0.4780817176505572,15.33414891717686,9.559338384872632,1.0
9.894631485406922,2.612655551845597,15.270079921352165,6.352381649295213,1.0
11.104200139825346,6.45384467707841,16.73486846546236,12.566471376335713,1.0
9.413991197394507,0.4304576337742203,16.421408543921412,1.665202258765612,1.0
12.044983018914763,1.5027497350852745,17.66844612119812,-9.062720993397127,1.0
9.982247590980977,1.712324348298214,15.147804578877903,-6.191235419566471,1.0
9.506500064056869,-1.882231941594522,14.990117466886211,8.608633936600945,1.0
9.881709232242214,-14.026741635155435,15.672598844287032,-0.050255208446268185,1.0
13.19964035521992,-11.050075913482262,14.187545914291919,-11.025364257284199,1.0
12.611398143686,-4.621203302906585,13.359226055242708,-4.662967561365455,1.0
10.807293294937368,-3.7837633646586446,13.507842101828352,0.3351025806393979,1.0
13.710744853145115,24.73643547516134,13.280765624174942,-8.896410756844507,1.0
6.141055527461097,24.256699653150708,13.2466636770704,0.9048149675131536,1.0
6.672718744650654,15.822339084860914,15.103659180905858,6.482712640115561,1.0
8.970211466128204,19.886851792750573,13.121907259042976,-13.977539992593346,1.0
8.985454085813299,16.050521250785998,15.559558812930357,-9.233582121954441,1.0
3.0375160181056478,7.084154571488124,16.535355058050662,-3.9881725018688208,1.0
9.05822340552446,-1.9971146796294863,16.335418454041303,-2.753815204029747,1.0
11.013958313455262,2.3146531991784434,16.2110248288048,-10.07015633669292,1.0
6.858074914049514,-9.4568786726572,16.05911961802367,-1.8055887381684554,1.0
11.583935100296229,0.3818336514092957,16.77848373751319,3.6071214711671584,1.0
11.277103588289911,-3.7529864658159418,14.438101788169632,10.188056393805109,1.0
10.114658002810401,-9.082352584358635,14.636767470662516,-4.6759218227065595,1.0
8.305298713288822,-8.741566339544333,16.59234220237443,0.09392078841532481,1.0
10.387365299784204,-11.335688546623837,15.755446411830034,-0.40257887142696536,1.0
15.834220728927615,13.007241841856299,15.668478772747134,-7.684261986473616,1.0
14.536461442249879,11.05828661919006,15.617746340349736,-2.644360006673713,1.0
9.396562954424871,3.8848681318303084,15.359739274646818,-1.6408695496160606,1.0
10.095724980778783,12.28510568244133,14.823460538009869,-2.3636602519356495,1.0
8.81528759276997,18.069002321513352,16.396572999863796,1.58534964601329,1.0
7.527499165239202,2.8406896666922687,16.65659604570405,16.15800633306037,1.0
9.728091375020387,11.151130163399706,18.215159680668453,21.486963094564512,1.0
9.11073900390223,1.302744504873349,15.741720619868381,14.592225588674093,1.0
8.123885684924195,2.4041098252458752,14.75712809409655,-1.5968377395909936,1.0
10.915442566656486,-2.65741416023234,13.865518629288257,2.8129407443623013,1.0
9.8256670700717,0.847759470307091,14.714438732225728,3.6859516069212828,1.0
8.986141810955772,3.131067246225176,16.53414329757194,4.955557028981425,1.0
6.598146969023894,11.899302076129292,15.564568199585032,-1.7248736935867148,1.0
8.370477112060826,7.980159769985475,14.6717027699191,1.8002968322035002,1.0
9.062493362153974,6.393993025312528,13.894165073605985,5.8403436370132376,1.0
8.546515186298207,6.689146129734046,13.8975035182534,-2.324771350941843,1.0
5.439400937960929,-0.58610553427759,14.965698629211817,4.198842932246066,1.0
10.136293142155836,9.346377014894998,14.60580133507542,-2.985798879271755,1.0
7.412135566057426,5.601911950345939,16.626627493440324,-9.462370609721535,1.0
3.818953219939873,7.652932122120035,16.68372703670691,2.4272941284983,1.0
5.40250951757165,2.8895761863730263,16.875216287629897,8.289086930333156,1.0
2.92012913875024,-10.64610113250742,16.118244397767118,3.9492756548228485,1.0
5.547444170585938,-22.292989904320947,14.39764059945638,6.389331931560233,1.0
6.831561743550316,-15.019404547476238,13.161882735247879,5.909043612645492,1.0
5.37836811725896,5.711633553766592,14.913632226704532,1.5515525714455123,1.0
4.281140606844606,30.087982329867803,13.211868410722769,-1.8096134607835204,1.0
8.923627691406734,17.14815627077575,13.42222795810035,1.4573770515412754,1.0
6.9687185383988455,19.17898471675614,12.92623043877531,-2.609670243306308,1.0
5.6015375520470405,21.051573627484714,13.478907071457753,8.563940308984682,1.0
1.8278260387842575,12.423258465544752,12.982169905098377,7.4570195729982425,1.0
8.15762104530676,7.717407566207299,15.158538344359632,-2.113319319800371,1.0
4.149396499391739,2.501909840849785,13.144623844971594,10.396280780358097,1.0
7.875638680814054,1.9782270777468778,12.256168262492592,8.927313018294907,1.0
7.524512757870239,-5.705990601432764,14.318389872421363,3.6091446909773284,1.0
6.497374427531069,1.9657785858708845,14.207928496023195,3.835428315170081,1.0
8.227651045782903,12.258588595909266,13.844246678670414,3.4545708487206985,1.0
2.8372391188000945,10.962427206689124,12.98525183690817,8.194419596670526,1.0
3.4178809991024623,3.52562205486607,15.138798922468961,3.107422256247906,1.0
3.1557314117977606,8.088263317692771,15.086364311979123,10.77441167715228,1.0
3.89816116222036,0.501956392056575,13.019139026129624,3.73854282606277,1.0
6.296167830669285,6.721873818645516,13.411948793717944,4.729466341732367,1.0
8.288509196722192,5.515288992050351,15.166178007960996,0.4157246956593479,1.0
8.502049031102914,15.665584847040412,14.909719828675103,5.206953646571688,1.0
10.35941207478507,24.410717177430328,15.314906127099269,15.728225136237274,1.0
7.903417728672541,1.3588417176124485,16.710061531095498,14.786835615216162,1.0
5.956928079400749,-9.109356743955297,15.621090738191729,-7.679845196547259,1.0
8.511532902128835,-10.842654749681577,14.425300022583087,-3.951800098937884,1.0
4.396159484676298,-13.523087013700454,14.684511199057326,-6.0018136648392755,1.0
2.4522357069050997,-15.940563813960141,18.038999254465452,8.362001739224294,1.0
1.148856277370422,-9.237274475375905,17.764050449339994,12.26452806850416,1.0
-0.22583567627667112,-8.566886250387974,18.04922330733248,23.63771093621975,1.0
4.357362589628407,6.904884562768649,17.432972054684473,12.14433927526936,1.0
4.889082518361869,2.330409577216556,15.857618883788783,16.27999134136916,1.0
4.580699182031033,-0.399567145139307,17.93804195911192,12.337636200558865,1.0
7.503670857241899,2.9893124391364188,17.555278524647633,12.44469770318721,1.0
6.6137672876333475,-2.43840700401997,17.046981142710376,-4.3941441254765765,1.0
8.223782653996448,-9.96140326851095,16.410509344920108,12.287668780765092,1.0
7.232852314959269,-3.185109391035887,14.290925432593244,-7.42778487348839,1.0
9.131971781782331,5.802421757809464,13.678060431247104,1.1541506103984198,1.0
8.723848915002032,-17.687974712834457,14.222278519760083,-0.1105871135726808,1.0
9.903695345171554,7.622050877454619,13.472870452787179,6.473389200397183,1.0
5.657864716241882,0.6411818661317328,14.089273656599124,7.82008383830129,1.0
8.18089880517847,1.2484533566174285,15.885128778280784,8.462738026202029,1.0
7.470481458104443,19.17872377200154,14.807220187770923,-6.983186637497117,1.0
-2.53530403501689,9.255217838655296,14.790025006624719,-0.531831465827969,1.0
-3.0066811130900506,0.21326400161090575,15.795420794613488,-2.6518758495235764,1.0
-7.124525712596938,-7.416521128915478,15.70488451334331,-13.305115015989852,1.0
-6.087064792773096,11.645373361294737,15.554803367530681,-12.929012582317563,1.0
-7.051069167085611,-0.7838482910558628,14.340557333237156,2.2864028904941547,1.0
-7.455406407119916,-5.67864693265676,14.399060498571547,-10.645122193222143,1.0
-5.6893850369010455,-4.071525930443929,16.38609125788068,-20.968453184301598,1.0
-4.3837035669860205,11.929845432850177,16.615390043734187,-16.287705256749994,1.0
-5.875996628224666,13.285186649388312,16.279700056013755,-16.923272023782424,1.0
-8.855475317610603,21.77846912472903,16.327350009986496,-19.319330612633422,1.0
-6.907217165598326,22.518582868732274,16.047666684847094,-18.52759340704146,1.0
-9.42362243263482,11.515918543519595,15.356489946607702,-16.566045834824923,1.0
-10.26872351100374,3.5634611324294037,16.7291236307854,-14.614986681805636,1.0
-10.0629476118716,15.880088196103651,15.535409386533104,-18.313692508938622,1.0
-10.824205091863407,-5.682883211499891,14.869148528650523,-5.09983278618464,1.0
-10.834750329328413,-2.4512480908086474,14.334983997531188,-0.392126137233312,1.0
-8.486624901393768,1.3041267350665189,14.399905330423755,-3.2421202833336826,1.0
-7.422743170035715,4.453528193807479,13.385238557915534,-3.86938987987034,1.0
-12.670521966249144,5.469392354815335,14.320600255584846,1.6253606958277311,1.0
-10.408647580238693,-3.373053158070099,14.145801007106977,-8.138407372603398,1.0
-9.395038497118884,1.4934020238070778,12.789863381515438,-12.972716576311525,1.0
-9.455386251463317,-0.8300050766978218,15.341101168742036,-4.7753106627931325,1.0
-7.655368708007488,8.017181665558564,15.235428712943994,-8.358022277637065,1.0
-9.15822840309158,-0.2611675301464529,15.39301900057565,-8.79760148064834,1.0
-9.24219212279309,25.90033971711936,15.443332704333766,-6.044527622452815,1.0
-6.284381324298155,20.633407864229728,14.634083622866196,-11.142376385499867,1.0
-8.347208802765378,25.905370620411883,16.213366808250306,-4.866552715150258,1.0
-8.395492047228435,4.597467914511567,16.461422656364576,-4.484667542489011,1.0
-9.178988015484077,12.928117860302404,16.736965784147813,-7.777872534484777,1.0
-8.07563081883158,-13.3071299370015,17.030481149304805,-0.8162032446621836,1.0
-8.364798988913357,5.598924529236267,15.095776905313159,-3.8850572123826517,1.0
-8.912544472392206,17.06950370932095,15.811547411722165,-20.663312193033896,1.0
-8.308849844845618,4.03915723045157,16.294078442707168,-4.346829481546369,1.0
-7.0627447020219,11.802715917870048,16.780438648712593,-2.579040415015326,1.0
-11.132787365329936,16.229350292501213,13.366535516129645,-8.404340809530634,1.0
-11.49288769651807,17.022697769080803,13.487923463310176,-12.030182615948299,1.0
-5.366905633764766,24.312178335790733,15.659746387568601,-14.399280434747977,1.0
-9.963324082812088,8.118558660472212,15.182669042454103,-30.6161736915876,1.0
-12.59673520237794,-12.075578298640956,14.228069546258837,-19.686540032591427,1.0
-15.645184866055668,9.1328422620348,13.14072500006188,-19.166610575840643,1.0
-14.67373682037088,-1.2633560662567378,13.217509346224226,-8.256580379016338,1.0
-12.631895433109154,-5.8318495451056584,16.006709378083034,-15.59845083213329,1.0
-13.325914018163974,1.8495618753209317,13.878547639023072,-16.45645622066327,1.0
-12.865912131891577,20.249856264926553,13.77650469064713,-20.88012126862646,1.0
-12.93714978521927,12.348325114976301,14.586492503002352,-14.68877589187779,1.0
-7.859773655678717,11.338499270863217,13.107313034943132,-9.201413273372996,1.0
-5.549498412087362,8.9410458365004,14.007352127356475,-15.270247248865388,1.0
-4.203461354734552,-3.1222007320610388,17.054610468158977,-10.966055310279753,1.0
-5.191086213872786,-5.879566193998823,16.766563734670267,-15.080030868141748,1.0
-10.037828488086967,10.011904438437123,16.836853982828828,-7.272002932136689,1.0
0.7334308639096796,4.574912355186968,17.14803763845098,2.544828857184021,1.0
8.784679716228785,1.725635583111695,16.9018661722819,9.550425997779467,1.0
8.841653532514117,2.191967352839856,15.346938457541889,8.095161704349703,1.0
13.40861237921151,7.583691584895227,14.712138381253656,15.191485321591685,1.0
20.62070982855367,5.187560244880898,13.269499206695993,6.974570401646617,1.0
15.81854260882436,5.211803614788259,14.782790598589775,7.03845030773093,1.0
16.41544126673909,5.446977659628294,17.107502195375247,9.783106788457314,1.0
20.884193334667266,2.759438482070263,15.502763721972325,12.542165887921115,1.0
15.70195868921094,2.574755807818644,13.924863817376831,17.004969603197114,1.0
11.034705709027584,32.40259502323843,13.301441127810426,13.229629759058822,1.0
14.10519848223223,21.59373294519788,13.684482297374597,26.118101017350135,1.0
16.08745722681776,3.530427051182455,14.887294227902212,28.691323823419154,1.0
14.862589509756953,-6.241615211747241,12.850206307868119,30.992963422083005,1.0
13.151111540739052,-4.09129221765963,14.09157454262359,28.46815236866216,1.0
15.09829781785065,-5.794507320512896,17.72333565840372,19.135848315134716,1.0
14.192606153518648,-8.94482024610414,17.385849809201748,23.42955867390447,1.0
9.261178319362799,-24.12539199001223,15.767559934019827,19.15335596633532,1.0
13.786400549568281,-19.485210412191197,16.525826641727825,6.964818117351944,1.0
14.77182358748022,-10.823843952268126,13.838112449385592,13.225484474157376,1.0
17.940921673448592,-12.484570573734013,15.859908044645223,14.998675632262275,1.0
14.01694468242122,-17.338228423865466,15.928999676373925,19.566650993755225,1.0
14.100323499072859,2.9878024810210233,13.5206105261653,24.09149559507857,1.0
14.594776098800343,-12.06097119087342,14.468927370247973,23.1543712928947,1.0
17.612432237472966,4.026153163890943,14.09586467131093,21.621621897530922,1.0
15.292565468534471,11.229202010851335,13.914579700371524,21.170118864488657,1.0
13.192469628460511,11.242904201710674,15.12800570332365,3.155040796523757,1.0
14.081097741418198,-7.47849703244043,14.368238969322915,17.394450102632334,1.0
14.116140674562963,-6.7190685715751,14.711259887522763,22.402940344896415,1.0
14.949993225666505,-4.814562939177655,14.581409853713996,22.467879788323447,1.0
14.072987088723357,-1.9800262643747635,14.286696785057863,5.285488521265389,1.0
13.114447596777584,1.160839054287655,14.763784471007932,2.054917083826743,1.0
8.75846503910552,-1.6187379507139388,14.54805600207245,5.775270042022628,1.0
10.136462309372206,2.8966407044387767,13.45146771324005,14.96167088756634,1.0
8.271310108326213,-4.285680627861435,15.354803240600898,12.760252798308798,1.0
10.914727359944225,-12.32080825569725,16.247415647315215,12.936037167792408,1.0
14.555444824305726,-8.933522836706967,15.24148190915561,19.488333638565535,1.0
15.899551462537444,-3.1123874881426596,14.50318584102121,9.81904785458896,1.0
14.958202966387857,5.363326750737131,14.337512878563707,9.639601798620538,1.0
11.509569964774174,-0.4876783748852316,14.69724887148668,13.475823844821408,1.0
12.255579461503865,-2.918436763942716,14.049521464847283,-0.42269822601418383,1.0
9.942705848520523,-3.0561682108818897,14.282891807906564,14.81087010316471,1.0
10.844341825936661,18.930916938365378,15.91094276146579,18.2651929805088,1.0
14.07411803336496,5.13575816348294,15.606698960308092,0.6848571864584008,1.0
18.40710053781595,6.5987129426536715,14.651481579973689,11.276942707204842,1.0
20.08886650632316,1.600938470703728,14.853085771160659,15.721010879045782,1.0
17.539667788669902,27.455508266321818,12.848761735418964,14.11622601939131,1.0
17.303264488556714,24.73269448837366,14.180472235517819,13.34203490468158,1.0
14.160064363893637,12.908048606154292,14.597560547215904,14.907396002385141,1.0
13.310792988452098,-8.588802638559288,15.93980111702446,9.008195367291636,1.0
13.437823129982885,-7.355487096797428,15.234239101363531,15.147449598840284,1.0
2.6612656154086314,2.3721414144986386,16.486476893389774,3.798068659539105,1.0
-1.436452600351426,12.228008966830927,16.144989406488424,-1.7017076661139763,1.0
-8.918188061034744,11.074910345289634,16.565414374968917,-16.114273216926485,1.0
-7.838946959252918,9.67049074022301,16.905153904655645,-13.463281326334759,1.0
-9.905389933614046,2.755026805820722,16.185336026637966,-8.864676502219831,1.0
-7.984380644549926,8.928036398505007,15.287192088970663,-21.63744692707644,1.0
-9.475969283652859,-7.594833188452605,13.730306297574058,-18.728445462853635,1.0
-10.111247893187779,-3.50546726705574,11.843782836289247,-13.329178996735314,1.0
-11.608392653054606,-8.846519197648078,14.861488706896463,-13.58028274972343,1.0
-13.538693703307137,4.3766094259687,12.805029448265776,-17.6534057113082,1.0
-10.85245301628329,0.7605647599758179,13.281752526727,-2.1877668215390322,1.0
-10.017999080833313,-3.5414985632372082,15.81539726029701,-10.70737744775051,1.0
-5.125082960855938,0.7055174859355478,15.584322995602854,-8.238713714447151,1.0
-6.037016349266411,-5.204564337175559,15.591937222625935,-6.023367034472876,1.0
-4.401557074864725,-12.56861286962476,16.087029863597923,-16.67974129757446,1.0
-7.630983963855192,-13.355917300653294,15.959756977816381,-1.2180334219300981,1.0
-7.825688418751512,-19.094609644690358,15.541785623598782,-1.678638112318108,1.0
-3.3657251615372856,-15.387964863224616,17.381865739468097,-1.6735984156774428,1.0
-3.34113800065729,-1.472647759418944,16.350266565475852,-15.610172307649304,1.0
-7.7493206918824065,-4.399487286741303,17.506965592315364,-11.851065008813105,1.0
-6.209419582232667,-3.5239200356877483,17.017752792173443,-19.1346412161383,1.0
-4.177503222453301,-12.24619577265691,16.516161037255465,-10.031663329770321,1.0
-5.08993781148613,-0.912098166133108,16.710019944160198,-17.981581820280805,1.0
-7.216620841475834,12.813467500866881,16.115855840147127,-15.153028361078391,1.0
-7.714745576550374,2.797592022999364,14.55851682693391,-18.52751237836578,1.0
-4.974562273121035,-2.977906646014233,15.957449102158181,-16.475983276904966,1.0
-4.999196782739417,0.9638574230900172,15.723699182285383,-17.916392673790774,1.0
-4.739672436015189,0.25539592013240675,15.548624207427366,-10.759245485965687,1.0
-1.3596057979603247,4.59150891946639,15.830765764898256,-16.02782000684879,1.0
-2.9808295569117167,10.402939342495927,16.58513600778174,-8.700517404506206,1.0
-1.291081761897047,-0.10017398192804894,17.342642273398408,-15.116776221648081,1.0
-4.105888627562162,0.027218242352397004,16.790698783610942,-25.56145690373507,1.0
-7.096088977147345,-0.3978511726156192,16.74811886253633,-15.236148752680258,1.0
-6.302268905502747,1.0569146924677661,15.827627641076337,-23.50919726845826,1.0
-8.175513660934762,4.778306714675468,14.654568361841273,-14.118387884877135,1.0
-8.508923127885076,6.3006858523882485,15.363241604726129,-9.60869271727875,1.0
-8.694842988501772,7.81510516454747,16.131739249196325,-9.265800659130115,1.0
-9.104338314917332,-2.953565799430565,15.28467438657017,-0.6243865485362932,1.0
-6.420755582738406,6.436587062644591,14.064490309568017,-16.480726459853166,1.0
-6.069646407841914,0.5415544251989985,12.537492638203577,-14.610528899639782,1.0
-7.152156178843668,20.13354498163271,12.989185711155187,-10.436082299395405,1.0
-10.606518554428673,15.906830866236046,12.924040716384798,-11.848119446608491,1.0
-9.649818446712395,7.581824000236277,15.431187810926282,-21.00109868688112,1.0
-7.936491352786191,7.836514549090678,15.245392953209905,-15.423681928306399,1.0
-5.646130558044427,5.4066506604001585,13.408585153040084,-16.00025856754656,1.0
-4.5089389376358575,0.4953246136732741,14.661907524911229,-10.750558890695828,1.0
-6.812603320514808,-1.4887034585233065,16.899988030636095,-3.2773508373086866,1.0
-9.334770335683961,6.465468989134212,16.450087159354375,-2.3276828920324215,1.0
-4.730467389330336,1.620081471651523,13.725140374838787,-8.661077205349512,1.0
-8.23648449153666,-16.611022186217674,13.445045296675401,-5.127311003030874,1.0
-3.2104794610777008,-5.657134616195685,13.75381136966391,3.00276978796538,1.0
-4.498897029089673,-1.939407394934486,12.83869750923126,17.736511777439507,1.0
-4.036368716223525,-7.8896551172729925,12.935424489935688,11.83264669607519,1.0
-3.2951148910967327,-26.820549543800244,14.238133996109157,5.684366403007189,1.0
-1.7578762379191377,-13.124554201875105,14.975868936393471,11.146454336677682,1.0
-1.8273675604952913,-17.06740371186083,16.59901786741961,17.717691899540633,1.0
-3.775897834545,-8.67586802548403,14.910830990018638,12.31059053252033,1.0
-2.5104064984214154,-3.1682714371120104,12.75136198560396,20.37367600052031,1.0
-0.5051454103919419,11.42307423915402,13.174627568474822,16.692076044438814,1.0
-2.2200062702225734,24.95440268901561,14.935206893445036,24.67109895723461,1.0
-1.036044986059071,16.665969213459697,14.06254422677227,26.77930931102305,1.0
-1.738555881154349,-7.322116189663196,14.721080284587165,23.8524476928128,1.0
-2.0166255629190486,-23.064933460169037,13.337294031315178,35.93586081285848,1.0
-3.008408240331786,-13.33329623738418,13.159895471499746,32.25506318766952,1.0
-1.0968362781952496,-16.64748859267884,14.519786763826541,32.57330099748184,1.0
-1.112484722874704,-5.1693577889193865,12.105190089313654,22.768817768522958,1.0
-0.31171335545460765,11.155223386895207,14.453143000081688,16.670321338557656,1.0
0.6512417578501046,3.334619040533677,15.257794321806005,10.340692365317807,1.0
1.5381594593357568,5.655404806423519,14.329165914954288,18.50046118553732,1.0
-1.6656918004805688,2.331942180160477,14.155296424124067,20.735434741994574,1.0
-2.1447952581625183,13.380229233930685,16.21007790426837,23.058585223726723,1.0
0.40504590013895214,3.8933210435346273,16.876201674405717,19.12538802137046,1.0
-3.4450864121929152,-4.380827159944401,15.947223331216772,19.84685253221647,1.0
-1.206549563432803,9.038717744482598,14.56843858083197,14.558619989480476,1.0
0.6045657198100987,-7.484171969086794,11.969871806875334,5.060753721644206,1.0
-2.771001974647077,-7.259395429621058,12.2410255817266,3.2166870949135493,1.0
-1.909864622790182,-6.939254433597775,14.265542258486189,13.303260984743345,1.0
-1.6866633414008803,-2.4140222489888066,15.86387967266781,24.567894097186606,1.0
-1.7894950553056523,14.18874467866402,16.128029952463958,9.897787865756111,1.0
-0.6096125251196577,18.95956272811567,15.125751698535971,16.314962016174682,1.0
-1.3187520097394407,6.241484981237521,16.32052017271526,13.378267840153825,1.0
2.1923961114085744,7.038600022034037,15.91552242740029,-0.02439703759031353,1.0
3.7075255538694396,0.8458340490456449,15.619833396536235,8.698867835114704,1.0
3.1282405317558832,-0.7702065308652317,14.803137256793441,15.76390018180978,1.0
-4.512914887060177,15.091249015314139,16.343535220028137,22.517477400134776,1.0
-1.9637029113525581,7.333615855228224,14.936404579022712,13.066948822460402,1.0
-3.6328280768052075,8.281046953830629,14.446360341836721,30.471521274350334,1.0
-1.867898014220914,5.456137487962323,15.086405485563523,31.152165258319968,1.0
-3.6640317721812203,-8.820812279931374,14.985418367628597,12.187411619853386,1.0
-2.503311958604794,-9.355151719501322,14.234492605221046,24.75545815296629,1.0
-3.866758254132649,-4.609707452996081,15.39197681258415,16.951581829690994,1.0
-1.4782218773436626,0.32860713384937124,16.726685514370605,29.290739483984535,1.0
-1.104682596358567,5.716740013191883,14.944493565973684,23.24655200477398,1.0
-1.1819765512314757,-1.683668924670647,15.944038879522676,26.176941711653924,1.0
-2.629748135889904,0.7374365420398554,16.451138277183485,25.26156897124073,1.0
-5.356299402928726,-7.89775994379816,15.052297981084587,18.66526644960823,1.0
-6.336366277572081,-14.569743838975523,13.435514292648413,22.79992722269174,1.0
-3.141550587509003,-14.59397027143362,14.56002525417518,18.809470092474918,1.0
-7.4129420640785035,-9.314130530960764,14.810421566087527,24.041513110227253,1.0
-3.7910439331626136,7.036707826462968,14.52581879901291,16.712079132675157,1.0
-1.857725744473437,-7.700073726371466,16.71920497076997,6.998320276745022,1.0
-9.503841643359927,-21.34998929971693,16.104857954409038,-3.5020602129553,1.0
-13.534310953013396,-17.231254214241314,14.033778466743396,-11.112983978792325,1.0
-12.338474387123627,-18.01212203513188,13.832081486661385,-3.0303444629199188,1.0
-13.35223642779551,1.9019219837261687,14.664583317073324,2.323870122655295,1.0
-11.52502355071354,7.1118003789990265,14.334937345045184,-6.708821670891419,1.0
-14.221429156170238,10.707177625463045,13.776301431736778,-1.1512039885824592,1.0
-15.259910305467447,1.1581193282385538,13.660282596071362,0.6563649776812763,1.0
-14.119555888179386,21.021489197723447,15.597909337499686,-10.153367076060821,1.0
-12.226904344391407,-2.9731142532360724,16.41577176973702,-2.930080744720832,1.0
-15.374334225111095,6.990548326714851,17.386114313594835,-9.47729317660341,1.0
-6.7277460040092745,-2.4080833171341602,15.41997618213144,-6.460714808810935,1.0
-10.930721499229929,0.5972680292102241,15.907330960833582,2.06411035131548,1.0
-15.498136361094609,-5.053201804999485,14.984904989986758,-7.818195915464658,1.0
-16.140800846478477,1.1603902438024762,16.184235351722805,-5.893335342053833,1.0
-15.188133374667274,-11.318209224443759,14.465118390799084,4.620134385461144,1.0
-14.941165392511923,-10.533283862713162,14.775785745230714,-9.24877068054059,1.0
-12.422549043508662,-3.853628130703255,16.112171800790282,-15.39395544515566,1.0
-12.204172181522344,5.326841608620132,15.875871506882827,-16.769987987876313,1.0
-10.845058726317486,-11.094993814706136,15.649734517262793,-25.53577638099724,1.0
-11.657221436229937,-2.304365282933173,13.881574633928608,-19.585717791528076,1.0
-7.954385617016137,-14.902553833782001,13.20161906416364,-15.8988335627608,1.0
-13.20966925110174,-10.7647175808807,14.473408306924275,-26.121135100064222,1.0
-15.30450512221131,-2.8314279299015217,14.8986757022599,-13.665042281831958,1.0
-13.112469720870857,-13.7938012431499,12.883432363643117,-25.663031769949036,1.0
-11.939783310630723,-6.974655199274935,15.200308756229017,-22.84825038607486,1.0
-13.553003899596304,-9.342875517578385,15.612082708799253,-9.507006904626046,1.0
-10.922046954274691,-0.11672294374554637,16.582764179010116,-8.775801401571359,1.0
-13.138858146276318,-17.41931027684786,17.306462136207596,0.3551788469041899,1.0
-14.557819806392885,-17.500033399394958,15.916503610057319,2.094047755216808,1.0
-16.043033596829904,-24.90698287754733,18.26890260725625,-5.9021233019222095,1.0
-14.381965776782451,-12.0062014874066,17.216697974827504,-7.809112774379529,1.0
-14.366313343700678,-6.563697453940813,15.092197649938528,4.5578569845516235,1.0
-11.905776387164511,5.078392031169381,13.160225895862725,-8.693466606846037,1.0
-15.096294722178943,-6.358112903153813,16.327865144405454,-3.903760483240916,1.0
-14.197029980642544,-5.485462092452627,15.948738592606452,6.286627994397659,1.0
-10.316052105664802,-4.077560222953033,16.532986652748274,-2.0932047471701924,1.0
-13.026973829921168,-0.003858552000663762,15.799146355638172,-0.9559980108248585,1.0
-11.154677430293292,-2.941114491807981,17.26297383614354,1.1386207967062978,1.0
-9.94478983067318,16.42863986444995,16.111513260514638,15.541566526783406,1.0
-9.641385444317192,17.771944002107862,15.944870964427807,-4.964614401019105,1.0
-8.576479105451867,10.93405125614315,16.204418834164187,-20.9172353363928,1.0
-9.834316877205662,20.849381926576257,16.233080343698436,-1.817175473653748,1.0
-8.39600731169001,24.515524441060947,16.554470580837975,-4.422384430148779,1.0
-11.821723420453125,4.143126895024561,14.755808198663942,-3.443900751141028,1.0
-11.172220593018869,0.12138213061528602,15.754483159715914,-13.952094995007297,1.0
-10.527694890700598,-14.919080099558705,12.127122459941788,-25.600426298853986,1.0
-7.2476309295750605,-11.268150324312083,11.332788299717965,-9.249648351890588,1.0
-7.899424594019354,-12.152542415166051,13.81138538757425,-9.268838867879252,1.0
-11.607301013839976,-9.487630403696755,14.562546654931332,-4.804862195196547,1.0
-11.832788186402528,-1.856009081138846,15.28033633543849,-8.138586046444704,1.0
-10.00967900077549,5.0257941155239685,16.22238917609796,-4.1358932138771625,1.0
-14.098244051683107,8.880289275153594,16.538485565795774,6.519119068030661,1.0
-14.778604606962315,0.57500278739626,14.920395548517876,-3.730842403967036,1.0
-16.388684531334803,4.04212103686787,15.527714406552075,-6.824328573951744,1.0
-12.722290140865379,8.839370240121458,15.37098109327614,-10.555693424124934,1.0
-13.959115234847355,7.9188480714114,15.445926213988491,-3.4534793872982044,1.0
-14.024025714806749,-7.407615737814592,15.1473570988687,-10.072840145127072,1.0
-13.748161828109925,-5.506752125463912,17.078644924739713,-0.7080615300165505,1.0
-15.19750908729786,9.572972665224551,15.449573360521603,-1.4023674770459076,1.0
-17.307759153999324,0.16616678447668765,15.932179190895045,-7.105698106793565,1.0
-15.331377406308546,-5.638542850471694,15.837437820421922,-14.763755065287864,1.0
-16.22187792245454,-2.5555826641710278,17.271863871911854,-10.186704305819806,1.0
-12.484197623575207,17.86379528045666,15.704402647633993,-9.865137700676131,1.0
-11.54935902556226,13.163953083639,15.322513033787105,-11.690600706131011,1.0
-13.368031635724622,13.467294453300003,15.431725164839017,-4.0304735211010545,1.0
-13.79111197142475,6.998369678382009,14.562162871866732,-4.058856214205035,1.0
-18.455536915606558,4.826491871632552,15.837023855390242,-6.32125865877304,1.0
-15.577878167982185,20.687946729268994,15.67290468805718,-8.42891931139864,1.0
-15.869057892925321,16.735215559107964,15.712848609483059,-0.5349066029305081,1.0
-18.88209725234643,3.7879037357575145,17.210188993734743,9.219750753972733,1.0
-15.23448913587502,19.186219085225346,15.800411524895923,19.852337370933753,1.0
-15.327490332675827,21.780116422248014,17.73743352807631,17.725837964007653,1.0
-15.753669481875757,32.063091118411705,14.61498468616464,8.933947830290276,1.0
-19.390122422265744,26.683256847144417,14.609798536423632,-0.7664205294342374,1.0
-17.002828619398965,17.42692965852035,14.387723997681091,-9.579603872203728,1.0
-17.95426824614651,4.125939051771469,15.493062490424844,1.608241494448979,1.0
-11.811549916020457,-1.550083149869519,15.861079544490442,-4.854882635435502,1.0
-16.361214572201444,-9.054753517982508,15.754866812594974,-0.9354789656671727,1.0
-18.568575455510683,9.340486131269845,13.491006970208831,1.3840411102013257,1.0
-19.536923081041746,12.809970765239436,12.858630161291167,-1.2876076246482349,1.0
-19.283413168925417,15.087227719239415,13.845106784027882,-11.292360838223974,1.0
-19.09809962318946,5.556206912437298,16.125728865287744,-4.44085987552707,1.0
-16.871254761323176,7.712720945897024,15.239490770590042,-3.5517031207213288,1.0
-14.510612580654401,1.6576899991811178,13.76151406584909,-5.628090510399343,1.0
-19.77383280506257,1.0236391347878442,12.857942752594345,-13.234437028575805,1.0
-16.55952647342738,-9.212801683723812,12.059624650658904,0.4913755505082458,1.0
-18.391691041539193,-5.3350289207707196,13.646696481291869,4.090830578554918,1.0
-16.11864196894454,-7.065953124820042,15.280050695447612,-10.711573976305004,1.0
-14.797639158121614,1.1760324584036281,15.922686245784714,-0.9400937237109552,1.0
-14.5269238611322,-2.9782908520197457,15.901334379151546,7.7838742553569285,1.0
-19.31395512414391,-1.0662176114130868,16.055268211915482,2.0959540000990144,1.0
-17.927663129805875,-11.89293123713977,15.586707076680105,-7.703898342632753,1.0
-14.56094848827312,-3.360403009256122,13.7111626947801,2.789612114071816,1.0
-15.550656633194311,3.9458656561321535,14.694055203682009,-3.8457044998884657,1.0
-16.40723245186783,-11.433234444304484,13.793449633219602,3.139804323228863,1.0
-16.699046589756406,-16.200384859303085,13.071825508502082,8.915882652719564,1.0
-16.81873613832518,-2.0491622924374933,13.531117092315311,5.216909607969326,1.0
-19.154803726457164,7.529989907140665,13.38295203381344,4.803937955999402,1.0
-16.05321504576526,5.829323851713369,15.129297025619291,5.585358434092241,1.0
-17.57615511247368,1.6943980300975419,16.562469456379397,-5.360487135064773,1.0
-16.514978482185576,5.561220202001711,16.65273435467674,-13.70551957611873,1.0
-12.790982627265302,4.750931235657426,14.739850763896138,-9.35379928617887,1.0
-13.604577802596456,11.291809663646061,16.077252574566916,-11.753895867797338,1.0
-13.517392525697026,8.135847744917397,16.096640156945135,1.8818563987295924,1.0
-13.85211841708014,-15.860456038633723,13.404990148044444,-7.964321558182721,1.0
-9.733953063355296,-2.130209468384816,15.292412646559404,-9.418824431169387,1.0
-10.894270961891866,3.761954454776885,15.766339771248541,-19.265477244735685,1.0
-8.11706677722151,7.996843672209202,14.87880390902139,-24.228752957249206,1.0
-14.063110944325686,13.745470189574876,13.760280293692302,-20.549413962786367,1.0
-14.9625881387969,-2.5652130844265892,15.349825917076593,-20.27072462729825,1.0
-15.373754068817886,-2.273303842122565,15.888878034120617,-11.089181777351172,1.0
-14.600674190197171,-8.825822678923704,15.613442739856994,-0.7308529930635608,1.0
-10.169036925909548,1.4651676043249573,15.539426961963233,-17.416487345384283,1.0
-15.038019195471552,8.181173152774932,18.300952754356675,-23.86464226560915,1.0
-14.647819611981888,4.924175352565714,18.906224057791317,-30.681915470831065,1.0
-12.745260707233534,-9.126079392555354,16.35537561969526,-25.661560754569926,1.0
-12.71865379328217,-0.33471264065294726,13.731108804543641,-22.253623081394522,1.0
-14.409323510080974,-0.6019135829350901,16.133062398407798,-21.69623753602923,1.0
-16.22719337335125,4.203782506263128,15.346977585864266,-20.95017139508346,1.0
-15.890929821558114,3.1967184081270696,14.836940490436842,-20.261694648619187,1.0
-15.570116072344362,6.890389901315542,13.690153272688159,-27.258756050102374,1.0
-16.878398100051413,4.300164085615184,15.005424785703296,-27.316247499919236,1.0
-14.600037429795744,27.572328344073618,14.663780949482549,-22.906471987383682,1.0
-18.045245200315613,22.636151662973415,15.756403491664967,-23.940667680827104,1.0
-15.035472280272796,0.12653027220126534,16.64479096175037,-27.073600379112882,1.0
-15.988176729515597,-1.2371861392649675,16.650850133800848,-22.73063416443082,1.0
-14.711988361436564,10.097464391246357,16.362393761738137,-22.68396363853939,1.0
-9.784083953350134,8.322304019435517,15.920128348518482,-12.32393682718087,1.0
-12.078127003380413,3.8099114366994695,13.664260652850619,-18.578003284261563,1.0
-13.623275940936129,-1.973466968019622,14.951728515969606,-23.166838530239296,1.0
-12.299053676344595,4.776460160580978,16.611131801616644,-14.76068648541218,1.0
-11.933506810522674,-14.566503716650068,16.811144887836914,-21.913875507737533,1.0
-13.731763071588402,-3.0772296997708697,15.59426020469352,-10.287878995151793,1.0
-12.404572539494726,8.179258469496265,16.600812909753618,-4.159295109496679,1.0
-16.55064267464972,14.456899717523036,16.652932725210018,-7.062954391738691,1.0
-12.776650111245392,0.5855011612752439,16.662514410627875,-15.257072899666849,1.0
-14.919470683667289,17.43557587570716,15.95507685878125,-15.252137079033186,1.0
-15.477109313299424,14.14895965218906,14.617870652427486,-14.482107342952872,1.0
-18.07301303525084,12.179223224844677,17.063496244465227,-6.818041747114717,1.0
-11.56982064681068,9.42362790459724,15.558675344692658,-25.870819184324056,1.0
-12.459484233263037,13.373370985798275,16.723585749339115,-16.17037154692715,1.0
-16.542833114393137,9.593222954171658,15.3085923188599,-10.755683943730977,1.0
-16.991218033392922,0.6094676020944316,14.77990149449743,-5.856320040159085,1.0
-15.386973283907725,-20.550440376926787,14.385181071387054,-8.916919910045495,1.0
-13.00572108077468,5.24784266264273,13.446836335062699,-19.349565286980447,1.0
-15.313738763625855,5.025028751278605,15.494237299479124,-11.181413135426666,1.0
-11.41285633697936,-5.745277008686873,15.051207577766256,-13.993537076210261,1.0
-10.228150243542512,-3.9727377798608545,13.603560006277398,-24.398584902041478,1.0
-7.3016999767039685,-0.49444427127109414,14.317889270903752,-24.5612286563372,1.0
-5.970018108515381,3.546592145286713,13.23113059440046,-2.7197985824922615,1.0
-11.92593576136877,12.5028584655415,15.354005483283522,0.04398877235743992,1.0
-13.732548277225193,9.54457108738387,16.4253761008675,-8.039735599645784,1.0
-15.431482854913753,13.354901944224306,14.956904465206831,2.8687693621121264,1.0
-12.905154516998982,9.499195201609101,14.115141369826377,9.521997265791802,1.0
-14.369463198351877,8.885888207796382,13.538868888333267,14.857487391696681,1.0
-16.51553723486676,12.007168437947806,14.806283269767029,7.52932204878851,1.0
-10.461019751290358,4.81286174699454,16.86729733261687,8.463643619280464,1.0
-16.170277537351925,11.328455544144235,15.681736013401807,5.184797023609147,1.0
-16.518403114601977,3.87740384961612,16.24891342941142,10.063541396171479,1.0
-14.980138136375167,13.348474607951356,16.460433639473187,2.030689631904889,1.0
-14.172977078788072,-18.692400786808257,18.54307757993959,-12.73868432419033,1.0
-15.957037628258112,-0.9447481799797162,18.249864618950937,-2.9494187757811083,1.0
-14.437513169738837,15.384614303180477,14.044776257700367,15.530968891547552,1.0
-11.276674749933909,-1.0853609878208168,15.95065507710554,23.99210827139504,1.0
-15.099903488799438,1.5048690643596985,16.970292171705168,19.22431828943046,1.0
-16.53430308263789,3.8855546541668167,15.449292276541494,12.507988620459694,1.0
-9.626929359729822,5.729226692227108,14.937377116064287,11.043023805492773,1.0
-12.304463233037596,3.1280760883140735,15.494753709054395,11.832188815265447,1.0
-12.375022095044793,6.048327635885222,13.10909411510778,-6.9975423010152396,1.0
-14.482900532137316,10.396475200290737,15.726313097661695,-1.1901233278701078,1.0
-11.054758794895648,12.01272543897114,15.604487531292202,-16.21840227634169,1.0
-12.326449359071116,13.780555271611778,17.096765278219458,-6.131915981997334,1.0
-11.554412221394433,19.938790594654826,15.7738109015601,19.9248011135245,1.0
-11.64513287679279,3.6099635143856457,14.622045731324311,15.264439505541343,1.0
-11.113147254031526,7.165478387543719,14.26268979914222,3.673730441584,1.0
-7.477550982274077,16.983561481004784,13.554688003900031,12.675819144774067,1.0
-10.471520267221877,4.0886163394431,13.264218119679647,9.817091988383126,1.0
-10.876983596018395,10.040361297938166,12.485322605119244,-0.9945890284168861,1.0
-10.914425292694247,3.344425156825481,12.940530162527509,5.669073013455097,1.0
-8.924674702338896,4.66493610302069,14.413692096592698,6.470911183313516,1.0
-10.905875709263716,-2.4595664458165256,13.666314029712929,5.263721100015866,1.0
-11.240178642004313,0.10632677209342578,16.186897151015916,7.567104654545923,1.0
-12.75054153469795,0.27913776604230023,16.308620633317478,3.935596688861677,1.0
-10.40295655328806,-7.979426811681841,16.884526271552545,-5.134208965219045,1.0
-11.784928531937657,2.6109040731150817,16.969997315999514,-2.9238457448738684,1.0
-15.175679137294791,-0.34569429409553454,16.296357729852772,0.5691024433482914,1.0
-13.400716817482838,0.34673958748641365,16.36866095506779,11.045587329323887,1.0
-13.141742733469783,-10.902161678355764,15.970758864759722,7.896053860369953,1.0
-12.47449826202309,-10.145205016963034,15.531053071798455,-6.517873853742167,1.0
-10.103761037637545,2.1117374178631447,14.46643388310467,3.528798036446283,1.0
-13.690595084276797,-4.525271321050841,15.278185304099196,13.859851878781772,1.0
-11.994226277567986,8.300587613898582,13.795771239212817,4.89880437894738,1.0
-9.373145580186996,0.2121228383355689,12.073453412021962,-10.829795438358317,1.0
-9.348965032143518,-9.707832645010333,15.162571984130325,-8.231977123058465,1.0
-13.457668895922374,-7.045440217151778,13.200438121381916,-4.9924325796022275,1.0
-7.477461429961011,-2.9774371335941856,14.358083005310517,4.935404639067517,1.0
-8.458002448854934,13.695989463076806,14.009275012182577,10.761251122933462,1.0
-12.838818153755692,15.980337409911275,15.169086029925403,6.534203494958263,1.0
-14.648010608517227,15.042172814480963,14.931586060745031,-8.03126853389664,1.0
-6.80985775619165,2.603234120549734,17.29150453800797,-6.822970413193709,1.0
-2.42316037913459,-1.541618616089204,16.401394063897644,-0.24510666468794895,1.0
1.009364377167091,-6.057628563748458,18.405537022276434,14.217833051712038,1.0
2.4049279013281044,1.0201888333631164,17.61671800061617,10.691273693148533,1.0
1.745196340157082,14.630461126102722,16.8467234693378,6.123606935506904,1.0
2.3322699028226275,9.797327793753826,15.997808526852765,5.890544477722965,1.0
4.453244484902584,-9.187260913477814,14.879389404082277,-7.177679337342266,1.0
1.1273442951068011,-10.612920106665367,16.39551438313157,1.9040141850191503,1.0
-0.43298223968041905,-5.140240989616338,14.71404918302143,-5.535645133784669,1.0
3.167929133034315,9.320717801788197,14.617671746328021,-4.824991324566112,1.0
0.9565163656463522,-4.353990591669202,12.338510108852894,3.728734226532115,1.0
1.0742762711216856,-5.382646156921923,14.965274994722018,15.15457459474902,1.0
0.6516551245845804,11.735474641234562,16.948257139021447,12.61517818820508,1.0
-1.999368375437602,-6.854948921868459,17.031399175660425,-0.7317715233571391,1.0
1.505842186947822,0.6537362820728143,14.901858391990462,-2.867103877940689,1.0
3.9427005459742843,12.053822409110523,13.092902942178966,4.1359202210022685,1.0
4.09373177527331,9.294337820844198,14.227876872545853,7.108002656484155,1.0
-0.7305857608515511,9.51726823353483,14.968246292210287,13.839998534271436,1.0
3.9858479857680646,-0.6224869194466409,14.036848048206497,5.8023634944147435,1.0
3.8118338838052255,5.399141039251468,14.116641898395576,4.354163859914019,1.0
5.699020339876288,5.0543777744256655,14.374503434647984,8.727745823759449,1.0
2.3104641715745116,4.1603724876794175,13.73266874430325,6.12617332599824,1.0
3.0651850747453797,18.30450563058078,15.249322570682823,10.365820817531056,1.0
1.2387527285495161,6.241397661488891,12.45713912833678,18.525858086393004,1.0
2.087105294833576,5.109521903012515,14.95269470334697,21.697005392883185,1.0
3.9066455712817154,8.904697247254283,14.85633703217106,6.545625237556322,1.0
1.7460231797777885,24.64324392546187,14.8763501673808,16.21679436967854,1.0
1.874909415294731,31.63993509662091,14.565270627691397,13.717050693758072,1.0
5.0527635880532005,19.661058084292037,15.031495849157274,6.656289874300357,1.0
-0.0165512957995122,6.383576263155783,14.528227322007638,8.336540447638331,1.0
-0.1923054417843808,-7.1420231115053445,13.607823498260926,17.559627656585107,1.0
2.602800648055901,-4.848797518426297,13.212142772664153,12.421311729228046,1.0
6.035300111099606,-7.301062442227726,12.71200526879498,2.7390475689719294,1.0
5.485840058988066,1.7722468674952188,14.527619619554786,-2.9503959060964187,1.0
3.5686711088248253,0.6363619985356088,16.685296069731443,-2.1201385142623472,1.0
0.282232983971368,-13.427213492554975,15.11169144875675,-2.988080949603912,1.0
-0.20606145428653422,-19.73981418889191,14.991830913659587,-2.7163390401639305,1.0
3.1657693667436346,-17.81861529382045,16.011415820039065,-0.04067656019104682,1.0
5.55719728597671,-19.439898025011594,16.32700106361513,9.798058080273627,1.0
3.994277953491613,-10.29688307666466,16.38964793772236,15.597196374536843,1.0
5.995084086341568,8.310014293283885,15.985010161705766,24.701113869781818,1.0
5.008467480536213,16.66702011295157,16.32515649457542,8.299329644036312,1.0
-1.3619377215370818,6.93941879711338,15.702406114032804,6.110726836809087,1.0
1.9780995421567114,-4.0635117810895895,17.824919231323506,14.482675079546125,1.0
0.48738145865270766,7.04992067057032,17.17801343336027,9.03260354105879,1.0
1.3923180866213838,9.385796262399882,16.653586935358,16.640833857981065,1.0
3.0321189864072733,5.675626840771727,15.965399671293392,13.506897609670109,1.0
4.330469575255243,6.0180331052023615,15.101581062745725,2.422131396457365,1.0
3.59085125391338,10.77751386701604,17.361414757110484,2.8028388102917328,1.0
2.4278934747256713,11.210008226340525,14.998410827896556,-0.34664839621629717,1.0
8.944223548582764,-3.655268985818126,14.707421005601859,-7.02235397952861,1.0
16.108578614659503,11.73643720456922,14.209229423233735,-15.19783741067126,1.0
16.855621951567535,11.38060040573367,14.121455238559278,-11.437622009271731,1.0
20.296097589230826,9.96728878696899,16.17659807876038,-13.555241992019305,1.0
16.840100942239197,5.991038171717553,14.543130553901205,-14.015087113794694,1.0
16.77574671236191,-8.931783825448516,13.752585630856352,-17.379574728440492,1.0
16.265145578402496,-0.29610865958476396,14.539243949964316,-16.10746697280208,1.0
17.243786430123755,14.95234632897352,16.322312972045193,-18.82528993029797,1.0
16.431514496720656,-8.639211573557585,17.47394418100921,-26.5712597581446,1.0
14.264431753397353,-3.905706508840934,17.789425159815053,-31.3758951554219,1.0
15.882614483827474,1.0253939889518078,18.3742463035426,-25.788485133613552,1.0
15.316365276759855,7.871942053263485,16.843920220116857,-32.95778492723335,1.0
15.58776649511607,-6.145331746716585,15.841803571001865,-34.22055324067279,1.0
18.766826394644742,-7.876901156914688,17.329421094809966,-14.270179623886346,1.0
18.082262794725125,0.41222073369783985,15.095581238592542,-14.01184435931675,1.0
19.421804947150317,13.898772842988638,17.406607804583064,-17.266396352075464,1.0
17.566796189469702,7.278995159220608,16.432888214295623,-19.808952153854644,1.0
18.719207182787727,-8.086728180628402,16.70520072453879,-14.531699462437983,1.0
15.515200220065896,-1.3035653114383476,17.31520907632457,-17.22229286223033,1.0
16.714051430965718,12.824163812865507,16.49644551940344,-18.74686652052859,1.0
18.364755830263718,21.863338236141246,16.921405575227237,-38.026136403968955,1.0
16.028848955493714,23.030111441491037,16.898909374962233,-22.764033971786755,1.0
16.110892434794042,9.372994293722686,15.005315164320063,-18.55087688310636,1.0
18.90175307261127,-6.589942072363598,13.12221049497614,-33.67970967509894,1.0
20.39139095714038,1.2548000659475855,12.239944257540476,-31.075113268701823,1.0
15.135388915925253,15.700887485759349,14.959376414856967,-35.7899210751063,1.0
16.479411605085886,18.99108658000266,15.265547518084604,-27.271076394404663,1.0
16.30670829027047,3.3643470034781364,15.651063621136156,-23.644827610443663,1.0
18.68403403928894,-2.4739586386003296,15.45135958486912,-23.64100784351308,1.0
19.107433487067183,3.9415802133695372,15.837886258608387,-8.26111317757043,1.0
16.953308632330984,8.904613751208208,15.065683773964047,-24.81051347753019,1.0
17.551012980759257,-0.18864796160117736,15.197281094627554,-19.32388910591486,1.0
18.421095761036096,2.8444531176055285,12.874392929581372,-12.895657784161667,1.0
22.29666050056784,12.344960344899823,12.875025822465005,-14.88616754826405,1.0
21.454019000673313,4.683307509926684,12.822413953885095,-11.587940337342467,1.0
19.885410883854867,13.779780358293996,13.80433010057483,-11.31475470696265,1.0
16.432438104595224,10.112178402602423,14.111576198761252,-8.317272385274617,1.0
18.4400454034019,1.9661195806812555,13.637873034043363,-8.248223532966346,1.0
16.391312821863313,0.5518087728257433,14.692133934615507,-8.748189573401625,1.0
18.206850431871626,-8.772720887733183,13.408075330027883,-8.026832740377639,1.0
17.88599400884258,-12.377136975854851,14.06814717760134,-21.078618089044678,1.0
17.263450205749283,-13.274536604478406,13.575930207039018,-24.21496269947422,1.0
15.885247410739609,0.10520421168170024,15.09083057598873,-23.60316589881107,1.0
21.860268050157092,-11.207214814854447,15.186618103411615,-23.610044160287067,1.0
21.02911964890424,-7.964625911595464,15.355316259552414,-21.988968108238833,1.0
17.969671670180524,-5.208230993439049,13.866896539372561,-17.72384967205338,1.0
20.88876964733838,-9.04930325902719,14.192985346243228,-20.13856442997104,1.0
15.019537055822425,0.7941397925614639,13.577215540850801,-21.648440799150194,1.0
17.196687650248208,-10.838038687194544,14.644875088787437,-19.139031404702923,1.0
16.810130240195313,-14.97386643121243,13.285246743394438,-27.122017613012858,1.0
14.536947980147751,-29.633153561020194,-22.358035001632423,21.88900846563044,0.0
11.690063244435393,-22.258011154753298,-24.969878805147786,7.786197519359275,0.0
15.653595432666407,-9.27249297402083,5.774043930416391,8.117160208300463,0.0
21.582705949101946,-10.89526169505258,-13.746920324321302,18.69023035943278,0.0
8.316332068904181,-20.678497499390048,7.885945310521709,17.41257274161221,0.0
8.05293266206965,-17.8970247357994,0.7897993126262453,13.05685630121646,0.0
-0.7800608250833285,-24.95115090480639,-0.7812099353882314,12.061875833274192,0.0
7.938460787961804,-13.423911866810993,-7.538077406719072,12.927227937132171,0.0
10.7368989805849,-15.188261845439335,-17.08020995372911,19.791328745064714,0.0
10.25119965923473,-6.916167358212844,-4.515229662041223,9.249506059644911,0.0
8.132632574330078,5.133370206546999,9.291184165849412,11.085782502823504,0.0
15.235746210746454,-20.94301966505862,8.496164526885853,10.866045456845796,0.0
17.644102237956456,-27.515787369705944,2.1073882687659466,16.38197826671291,0.0
23.487550608943913,1.1523234986928124,3.8089648200396446,21.38934852823266,0.0
23.731729557392683,-9.890119094121273,18.470878486179384,16.28032266489058,0.0
24.903683912326542,-19.001247040134288,2.3278541455625645,15.908450410961162,0.0
14.412101266211927,-25.150880680574105,19.9987648906258,18.75434814552326,0.0
11.20459189970605,-4.755445231716417,13.458310988815104,16.368392153890028,0.0
-3.318632814403058,-25.270633182626266,-6.088690104100942,22.58193680570046,0.0
3.455324416474708,-13.160297474120226,-20.174244562707916,20.99220567336893,0.0
1.151793222861226,-24.196293285971258,-15.480392031244449,10.962057294590377,0.0
-0.6044713942084803,-10.904731801785179,-14.834997910124136,15.00183502441388,0.0
6.282868966966086,-18.746044880563463,-11.932932318279558,13.702757307692723,0.0
5.215314694028036,-18.28502324755368,-23.784512933358087,12.381693290967931,0.0
5.648985472617113,2.177120943494833,-11.203291843734812,6.183088375917478,0.0
16.48498951448423,3.114924417025378,-16.47242850732745,0.1360621754383402,0.0
26.034057228654945,2.17022873702647,-18.80028494659406,13.463403668133447,0.0
20.551986049175603,-8.472221782746512,-12.193532963691624,5.791782495850111,0.0
4.154364551293142,-24.937248096226362,-26.24849964898716,13.086265868283196,0.0
8.627732317683959,-24.015487714572714,-15.098295263426827,8.727428722312853,0.0
7.981679576759078,-14.083148189303646,-9.312229562076727,10.596120052144292,0.0
13.669533653600732,-26.016301267997683,13.026348420103973,14.12738568748792,0.0
13.63456839002474,-17.916007840577727,13.017074429352386,10.33627520842171,0.0
11.48604110114543,-19.197513424399354,5.648540247508008,7.56743695290463,0.0
16.6223536864316,-28.61353774408133,3.9416372099793184,7.196356694754979,0.0
7.053778781706097,-16.163826530972557,-9.182506637011848,7.302477001056026,0.0
8.644475076606376,-13.442429075666432,-20.93888281266156,10.181147516439712,0.0
16.906033934488192,-11.042075303849007,13.867688107191611,19.817635788820297,0.0
15.291198292628959,-12.946701591980357,-8.32540776864246,17.428163733313323,0.0
16.304683783779957,-18.57576355114231,3.4565883692366928,17.592330010165654,0.0
13.081913635957447,0.0953478938724146,14.656936258158451,14.38124661930032,0.0
10.511857000769712,-10.560817197422738,-8.491994238323146,22.1087171470189,0.0
14.206482655471895,-16.85909894272809,-20.459398606630636,28.37439664120163,0.0
20.77443578151368,-15.617721954875144,-9.237366389745153,19.20813311219863,0.0
16.81031626730493,-24.169422173483447,-7.504537511398093,15.322531516679085,0.0
15.146042758564466,-31.617870017619694,16.470852812743253,11.687067153946932,0.0
14.416927245505228,-14.740232610132681,3.622617328367692,18.39628145556862,0.0
13.662791521649964,-5.03501391688893,-0.7464655854931479,16.03224522716697,0.0
17.269183523380125,3.766572398455824,4.496081312297626,18.28054523780825,0.0
18.474775411369997,14.360548021458447,-3.789528647092096,13.501489691665924,0.0
3.18003238150932,-0.06983280123225821,17.860598934689147,6.4337620636889365,0.0
-4.362348640696808,-15.832536493450068,-7.091669267184953,8.62803108159354,0.0
4.583476911178551,-8.791600897428516,11.93032265826356,24.049594912081055,0.0
2.5118286626905655,-19.004084489830202,-3.7340082446563816,25.91856486700798,0.0
-13.959149239289143,-13.168907003770814,-9.836878735622282,27.91673215034943,0.0
-16.651849530116408,-12.113881902835328,-6.951873152093085,19.041556585190584,0.0
-6.305798360372599,-9.03466076321995,-14.159227912195927,20.449415280453845,0.0
-4.303150161387545,-28.526263730020403,-14.624831859675064,15.412669407690714,0.0
-12.32134720206102,-21.93815972998919,-19.442889196758475,21.562661261042475,0.0
-5.586137463702837,-26.827007368564928,-10.00202968929759,20.485288063167324,0.0
-10.845187447687605,-11.214642166424374,-19.668137622471512,20.231775489381953,0.0
-4.558333039359579,-27.159372911671056,-17.84036685272669,20.559285792965646,0.0
4.044362014894875,-15.644546551338834,-15.254573778185014,13.131311069380317,0.0
3.688033683938543,-3.637086766060836,-5.479431167807142,11.111019824022984,0.0
-14.074834726747591,0.5687012757510845,9.125408885487458,9.760390060667172,0.0
-19.915958168367908,-0.964466410453702,13.320391226354538,19.27577344619751,0.0
-19.94784221214,-1.0882363355525202,-3.4117422087255145,10.211467402372987,0.0
-6.924403867604182,-14.65385217460343,-3.945737942462727,16.270408077180935,0.0
-5.225079629366366,-20.68573702669495,-1.5292587183134443,10.650753356380957,0.0
-10.169408122730422,-27.74859673125219,-1.0037127515129356,25.564985473667246,0.0
-0.2241142770474509,-19.262392092959903,15.51929647228094,10.720361865519202,0.0
-6.527083616146662,-24.512337830138375,10.044724794960295,10.828865222211354,0.0
-4.684383629699665,-18.579720489920845,15.920136862529322,12.752223266863876,0.0
-8.377478345851193,-10.991571780297962,8.269110488351231,12.237954910098065,0.0
-4.6662160831421495,-10.191021437417444,17.848251689997802,17.596853410962325,0.0
-0.458029394248217,-2.6059142520690077,11.410642556760763,9.511831520193752,0.0
-0.42021920251334066,-25.382365758650728,6.8142271901871405,14.840092803970116,0.0
-9.995194904004126,-20.714745826514296,-2.5768747642746264,15.307713940008123,0.0
-5.5967132937720665,-29.204780214418932,-5.918726858098597,10.416381283302638,0.0
-0.03292335483726205,-9.938987523311539,-11.232211623737207,8.680581402661375,0.0
-6.849135186428313,-12.36250017601041,6.096348648757424,11.177823900153294,0.0
-6.250459777089201,-29.484325842675077,3.675984316138364,11.489662466997828,0.0
-6.420791620856442,-22.692467379057874,-5.15542345427214,9.342086372933956,0.0
0.49634017236581585,-6.362282378172903,-10.571780308431428,15.501836975215824,0.0
-2.7470897054222867,-21.00748585057027,-10.59236275700398,15.246534344454497,0.0
-0.7767444304058087,-16.632444497374376,3.4107906957387666,6.11795466360617,0.0
-3.0857672512161987,-10.51991332962001,1.0675570883638357,14.201778343947655,0.0
-8.74881054909506,-13.611510631142256,-22.511382039357958,21.66896381081734,0.0
-0.5109304313409693,-20.95271750551677,3.3593807794921546,19.73402847741818,0.0
13.203838936843646,-15.050092610730735,2.0857555915532844,3.336732885885386,0.0
7.647609611479598,-9.866053032586612,-2.3448618683636404,8.696763749716176,0.0
2.309819381078097,-20.46699698044546,-8.772080148419892,11.909521774224427,0.0
-4.053484015294992,-21.930235167792596,2.4526270907278906,18.72669453159289,0.0
-2.616129915417333,-6.69558356054576,-7.836101679006016,17.137606861798464,0.0
-3.185092161815465,-11.699498726755312,1.5983628700442365,20.981503023109198,0.0
-4.404093071094905,-16.47196914815713,-37.17482864743534,14.922304666442201,0.0
-11.987097450265615,-7.155562507090375,-14.107696219915628,17.8745146782247,0.0
7.894910751619239,-6.940552395610473,-4.552487427469691,2.5050431750161755,0.0
2.9055864327936467,11.067167795430043,-3.365044705806148,-4.225238643704021,0.0
2.8613037183135024,-9.469333538897336,-12.160270831289257,4.059672354470639,0.0
1.5201357096352082,1.45859699938954,-2.3496304501632803,-8.86810254716691,0.0
-4.5659925185122985,-3.9470598549188427,-4.762124995903603,-21.61003255696624,0.0
2.916004835076775,-7.579739551184433,-1.7400637109069206,-22.040069492939928,0.0
-4.982667111286206,-11.20611362657489,-6.723627848789651,-22.425750537271913,0.0
-4.918723166150967,-19.76496788618249,-15.173699152268512,-26.177533313266164,0.0
-7.348881325783665,-30.382022889473923,-11.62266408133517,-19.45241503330235,0.0
-1.434939340651642,-8.723775885639034,-21.687205045592652,-13.986186195280508,0.0
-3.0358960212965744,-9.32645435134545,-11.22146024298861,-18.784655878576366,0.0
-2.403515865841868,-19.45791467387706,-7.06673735516587,-14.301223017583435,0.0
-5.534373433785209,-13.627769721828152,-10.315829552998828,-15.897561788481768,0.0
-0.6857255719075086,-7.961835229934345,-12.052816912115837,-20.48735393191916,0.0
-7.25456192633098,-16.34090936608348,-1.6118069899425032,-16.41450262078153,0.0
4.940804828895306,-14.801399141314278,6.802996002724376,-20.67825541084994,0.0
-1.0900130665620278,-0.4290069695403993,-12.405807301574537,-18.24012397652614,0.0
-10.990772581849612,-2.8308703288455987,-15.25636436401015,-13.958451325544436,0.0
-10.884473113196668,-3.803439489172238,1.392867102185468,-15.302898678865347,0.0
-11.491750117685703,-8.763145379833775,-4.934450313181197,-14.42487354914239,0.0
-13.569210848967288,-8.421186524085655,-12.80862482911867,-24.464491146761176,0.0
-8.765902041796355,-18.279757998036015,0.19770459183236966,-23.749090564272425,0.0
-11.386249256272704,-3.504587219046094,-24.608797570548752,-22.498992642926375,0.0
-0.02719426840397099,1.0195300620300447,-26.312252937450733,-18.401280491602357,0.0
8.279116901594678,6.043957317443386,-2.496860512000559,-11.615429312746294,0.0
-1.5688253389598525,2.157828869777852,-22.74984036820515,-18.18800007690585,0.0
-11.319257945532744,-10.003356496549266,-17.29859312300567,-19.39473545015303,0.0
-7.920278415531012,5.549023254556774,-18.72190531387318,-18.161296780650297,0.0
-2.8134439156012347,2.6805459561652967,-22.513437637797914,-22.558994767319874,0.0
-13.315076558096546,-15.86991478044223,-10.775210118279096,-9.604101731345281,0.0
-4.25882870043608,-22.997329995759276,-14.648581073332343,-15.264609431174865,0.0
-5.101832385162561,-22.885280551954317,-6.18857628517892,-24.864886930295924,0.0
-10.497075548121662,-11.922476430991297,-3.06331625873524,-21.39237104353286,0.0
-7.835926825834722,-15.865948115179256,-10.521562643839838,-23.014552434043274,0.0
-9.778450240833159,-11.501064704998795,-22.427550346747672,-24.77562530128705,0.0
-14.876147140779565,-27.637567449951867,0.2023521108104589,-20.819025375066683,0.0
-17.748379987407066,-23.860276741499966,9.32820834701092,-23.65137731816209,0.0
-13.17089001714432,-15.048952632794437,0.0393442790848848,-27.487429178369375,0.0
-10.134323549646009,-19.485478938856676,-0.7877786995220517,-18.95358667262483,0.0
-12.473051311789977,-8.852412786893757,2.3517351101840696,-19.23788677349359,0.0
-16.247259942955207,-6.567587748033661,-2.5928488105354757,-5.240484505402353,0.0
-20.627695625364773,-9.346350424933686,-16.778475056930112,-7.006556385371248,0.0
-16.567940029750392,-17.961317282821817,-15.637254312416086,-15.217636472099965,0.0
-8.978853965200546,-9.699321860866016,-6.0833793212170235,-12.03484873956355,0.0
-10.108928233213078,-3.7680697591198946,-8.543101088715595,-10.321884179807084,0.0
-10.224835138838953,-15.10929745208722,4.203807461805061,-4.6324742805431,0.0
-8.426907362579623,-26.404516002880662,1.441093381928952,-7.968512683203652,0.0
-11.30058294174069,-17.220022084053902,-2.38684597666205,-10.03755869544272,0.0
-5.208725098272883,-23.047945315876234,-14.495642955552352,-20.659560598767847,0.0
-7.224772498527532,-16.12798169313856,-8.149050905886664,-15.111568240744862,0.0
-6.759253099982276,-12.305353355923753,-0.48226448084649576,-11.211410877811046,0.0
-12.94480626512324,-4.454589972884891,1.0642004030127499,-13.24375588841103,0.0
-8.179210233810217,-4.3936010055533,-8.648962198055184,-14.076615539230081,0.0
2.901931090776713,-15.05139696869828,-14.504179364986879,-7.477959817405916,0.0
-2.0623888034768285,-8.768085864339705,-4.480570225417631,-17.26732310423526,0.0
-2.8483323105278684,4.87384931277419,-11.037396463852627,-19.242198729795188,0.0
-7.054432147652657,5.596728175614132,-15.118861347163833,-21.115714316489427,0.0
-9.49288727116797,-0.015659102604484332,-17.085898993951698,-17.202143953589406,0.0
1.3432900102881153,-1.9231303723952182,-7.792603475447174,-18.190774887808114,0.0
-7.8055564027073,11.398806577037723,-10.260680393277338,-19.990723933782295,0.0
-6.519130544249316,-1.460749397295638,-9.362146651142044,-21.209385919959093,0.0
-11.11955543599175,0.5440882112783383,-11.845943473900808,-21.647328285022123,0.0
-2.454333040912874,-11.803760401934458,-16.073336666318518,-15.993310301648608,0.0
-5.433276643358258,-21.388018157845096,-9.555192273326867,-17.072987562623137,0.0
5.485913542233684,-10.670975668482944,-19.720367383143085,-23.48632362110146,0.0
-2.83547358025136,-4.946799055154379,-17.605851945266494,-12.465567845170739,0.0
-0.06387066745861247,-22.798914962817598,0.43838187786262184,-17.60385341576834,0.0
-1.5292322650783565,-21.34082306813535,7.7306179716987495,-8.100252182405558,0.0
-3.280532997348767,-26.791046679209153,-1.0496424481112414,-18.9088400251956,0.0
-6.105030223164146,-28.88829863162588,-0.8414226341212936,-22.172143621732154,0.0
-2.7664709642537213,-27.875009170103404,-6.879266625745892,-25.976577272322835,0.0
7.96989899917692,-12.76792643891348,-18.051229823274515,-26.572146457377478,0.0
3.5355464587848586,-18.60243630394299,-5.937015197062191,-17.121786865410463,0.0
-0.5073299106486457,-3.030424233028114,-15.573080048695484,-20.958520136692492,0.0
-7.66581653956476,-10.05503610771095,-17.991591437112206,-20.05713344130371,0.0
-0.08681872734236906,-15.286550555980707,-11.595258293426298,-16.169372339610966,0.0
-3.9492782484039846,-2.2659162154251575,-12.440688657962845,-11.062361989227258,0.0
-0.07222445585928106,-6.2483657319833945,-3.787664372124654,-15.362511815920719,0.0
8.376257597288333,-15.903176183025916,2.293417278389569,-14.27497138389212,0.0
8.360797922743508,-6.882912893269681,-2.9000931738738966,-9.397470399542351,0.0
3.291023892073257,-11.80348385323685,3.8101088948311377,-7.291693149434401,0.0
3.480683355139355,-16.166557009209146,-6.293837369929904,-11.378994615236568,0.0
8.313615667386868,-8.050427530703002,3.8954717150899714,-10.889335108012723,0.0
0.4762166831378991,-16.119150787279967,0.7323035299031657,-16.148553709290617,0.0
3.864417286830198,-9.476747711948454,-24.52885237580434,-16.79142028712674,0.0
4.473808896848637,-3.986790018623635,-2.9056042319290674,-18.76203469817824,0.0
3.959349312215201,-0.5209519583851279,6.807441255670312,-14.654938285916511,0.0
6.699328667371288,-4.3442700195262,11.468557114995141,-20.092211073331725,0.0
5.5133332370251,-7.4046565913990605,29.284064785855687,-26.076824382004403,0.0
7.791890499637209,-13.458304168853381,7.755564347138142,-24.620473816160555,0.0
5.4675794583920805,-5.405739627558525,14.193553055002834,-15.504336428934623,0.0
1.5642059925690956,-8.929466688294015,14.334084321128271,-12.000777478226313,0.0
14.28898128835424,-8.518639943244263,4.555313160298431,-19.952493396022625,0.0
15.485060997796626,-21.256187196046486,-2.992971974382581,-26.18891075880173,0.0
8.117151035903742,-14.78492621240265,-11.129680816510659,-16.463950601944,0.0
-1.0248545771140432,-7.147670393086146,-16.362473523795988,-21.21662915685574,0.0
2.1944834542516856,-17.820768033881834,-21.4475228625886,-15.65573904529215,0.0
-6.709320581433476,-18.015368777098836,-5.063253043325786,-16.105407145570958,0.0
4.424104963680234,-22.22487695254091,-5.4060276451043485,-17.084717314067184,0.0
-5.434100943735416,-25.46805094530403,-13.828658584692487,-21.144317170029762,0.0
0.534659907123866,-15.812235279486394,-15.3221803178619,-25.457089798150257,0.0
4.024189979256573,-29.66948049630195,-19.523875226534898,-26.9119312631629,0.0
9.1421683496101,-16.079016724675256,-21.890904387346836,-24.40917171302887,0.0
11.595745357159352,-10.337157912862533,-12.118844936808774,-9.726878626254814,0.0
18.00383492252743,-17.46831628262119,-18.495426015463636,-6.376840386205416,0.0
20.83715575579372,0.250444098345147,-3.165517739354483,3.1712449169437606,0.0
20.399231300395922,-18.508116513885838,-21.30571056307109,-2.0863234972691025,0.0
24.207538487549602,-11.956853112660946,-17.937244568641518,-3.5081867250728687,0.0
13.643194811546877,-25.17768139130054,-5.251945712619856,-10.999405041017653,0.0
14.641810151808158,-15.29051666444101,-13.040074930089828,-8.082277279541945,0.0
20.192010274538205,-11.87864536628453,-19.608323153300077,-14.27895133430911,0.0
14.128240374956357,-20.23160091689777,-0.8710581517102973,-9.737963677220328,0.0
10.212184588530734,-28.5699689312986,-12.052169681981875,-2.4389267435569,0.0
13.896802848370685,-20.58798319163298,-18.832824349412185,-11.053090438241554,0.0
14.581938764065532,-21.17492382509311,-14.129603528555823,-7.736813510866784,0.0
11.338745635989104,-21.94118580871252,-7.557629953060996,3.844848279304755,0.0
12.12682410849472,-12.821314057483956,-26.576270598079695,-5.943667168815377,0.0
13.986199510581496,-10.193365097010279,-11.37192601830173,-6.542921929272001,0.0
14.713979009583792,-7.011946598825851,-17.230446034314124,0.6333788773217717,0.0
6.878799119705604,-8.001133389272056,0.2256286426807237,-4.953377266654067,0.0
11.247920498238885,-25.074238601905837,-8.466266231922752,-6.466476660578834,0.0
16.369000428585505,-15.677767230240548,10.30257770056578,1.3405062263991514,0.0
14.088225720843575,-30.77187239095336,-0.21646693244446524,-9.166098600036333,0.0
15.478040029044863,-22.189726040563286,-6.169030128983339,-1.9421065277139395,0.0
16.20748237878717,-18.704619981463917,1.5667329339547678,-6.069110519547025,0.0
13.17592727485288,3.704989213730282,4.286701448486147,-11.072266354141522,0.0
2.8371957781360173,-2.5209577405802133,5.5391540976710205,-13.386804218513692,0.0
3.630224255039975,-1.678787365521746,24.489848397853752,-8.281645133637626,0.0
9.09065656465285,1.0246514858950029,14.155205524414393,-8.498875661932258,0.0
11.314762421635889,-12.781579045381765,-3.313034033240039,-10.631678121149765,0.0
8.600828330009879,-23.400152661122327,-2.964108489546443,-7.222085160902223,0.0
12.60466229099286,-15.97101469624869,3.5767342441895362,-6.489821129208572,0.0
12.561379608031164,-14.561632651124892,-6.681369017511898,1.6015669014219425,0.0
14.200972765356974,-25.54362488246417,6.457079102663563,1.543777747959032,0.0
17.525035971527153,-18.38501016744751,-6.744912097135481,0.6727528042451505,0.0
20.91927467410768,-24.091638744537875,5.413576871665027,5.846021520733779,0.0
20.628265915189072,-8.744181511831073,-5.301037653189949,-0.15446829878109902,0.0
25.758302013139428,-10.264822040718293,-17.76982372711621,-3.5988623289788584,0.0
25.062303450762624,-1.9662403611535568,-13.663634488602213,-9.60774289753795,0.0
18.513619438275796,-14.365086452430436,-9.755342230473408,-14.087185529399989,0.0
18.188837609144414,-9.730178742451738,-14.14790363008754,-1.5710976439999418,0.0
15.28544813377588,-22.53109861743478,-30.967203699149604,-11.387985341384823,0.0
13.001648849508939,-18.46977841252077,-31.764422634795785,-12.185626866505054,0.0
10.18565434616901,-29.628884455955237,-35.70979884800429,-9.894008740817831,0.0
5.015469206599818,-0.7871452705124895,-26.119656674244972,-7.979634653161146,0.0
15.871986839915262,0.9056634913769201,-2.0436532621768766,-4.180066986649981,0.0
21.088096465009777,-8.435429481055976,-8.371347905927358,-7.559645162259774,0.0
2.723822431301265,-8.374690865134749,-19.237555511965674,3.9478546984693184,0.0
7.457668897365975,-5.603007261715151,-13.487737960007376,-2.655485600253566,0.0
9.59057953751625,-0.3814769492843819,-5.970897000710146,-5.21105779893854,0.0
9.986207241627149,-2.63851819831293,-15.490080370457827,-0.3567628634424369,0.0
6.572813771871587,9.876451721323292,-15.248545423261898,-3.322590058376453,0.0
18.924999672425255,-6.206086479683066,-6.286828096706336,-9.504400401430322,0.0
-0.5920973195696639,5.439183735952643,-1.9504522071250645,5.686387993473023,0.0
-8.660857601003222,-4.667318478668814,3.3171540284591146,9.849411999142763,0.0
-0.5679548503793868,-2.581887379885382,4.769294715824678,12.849867894108325,0.0
-9.166966184211068,-12.693211569417237,8.77261637128074,13.245179803404172,0.0
-6.191401209001306,-17.1203916762942,16.897008596992308,18.206320713900116,0.0
-13.337406255414724,-16.72929207805948,0.00964862026928115,21.264291507750727,0.0
-4.176494390235082,-10.07237309923274,-1.5855423336346175,14.278884337490645,0.0
3.047612604419836,-3.6571984570018987,2.862684905390946,17.834873508955695,0.0
0.9800108575369819,-13.346721657575973,-25.546558497204938,18.964920320424188,0.0
-7.108352163240613,-0.2716879023713368,-12.666430894707347,29.661919528444145,0.0
-8.037391221049903,-2.9949689984672876,-15.641250581555381,22.882869893462523,0.0
-1.1736583808574297,-21.485154446744716,-13.285515949131751,27.058289446664663,0.0
-7.139909757145514,-3.3181906961738825,-0.9422432980829587,21.918649830125133,0.0
-12.386805314880363,-8.873198588923458,-4.938867555200957,23.138448994324392,0.0
-5.323788415781503,-11.389715162644974,-12.285614436088368,24.05486203015157,0.0
3.4416215633822502,-1.8282886810492904,-6.718378964688804,16.540849604324084,0.0
-7.362875230814791,-7.2026697793530445,-0.7448943636423602,20.492104485709874,0.0
-1.8289344978458466,-9.714499660815413,-11.618455201243766,19.35753588769142,0.0
-10.457096367950774,-8.516829001377436,-14.740747948249153,7.78129813185582,0.0
-13.217803762067277,-4.907753475596757,-1.4605454112696623,17.432547458962407,0.0
-7.2353079570675805,-5.007433716100701,-2.571898399791483,25.275718352233238,0.0
-23.371711249141757,-7.076512102418274,-7.696898654390308,13.180460176557899,0.0
-15.569343734419473,-18.42099206273175,-23.219165945806555,17.879274895364407,0.0
-15.99670624266459,-23.658762210708552,-0.7114144638000557,9.896332799481735,0.0
-4.722828583897551,-24.39384496473496,-20.979674128254132,21.165185774207036,0.0
2.343239766154448,-41.182016782847484,-14.594416749918938,24.458848224406477,0.0
1.8516500881186442,-33.57203894590897,-12.146940124154881,23.24987252547011,0.0
-4.991540476922713,-9.141893278022916,-15.591004432189187,20.7931934503241,0.0
-0.9532987539626099,-10.505749395048355,0.8099653700702465,15.759379320516386,0.0
-17.63873561415399,-9.792592759720794,3.7497307205770047,16.551348089599657,0.0
-14.742794773605198,-6.781332684531563,-4.483870919621795,17.357292721165752,0.0
-21.762947519468888,-7.764570290071981,-8.530252337284706,13.860078061809736,0.0
-18.492491271523022,-14.249111027802286,-1.433740738128554,25.80497867687275,0.0
-17.908580055978142,-18.565662395575455,-8.830094868216833,19.52855159202064,0.0
-18.974234139745995,-7.819148263214487,-18.87261295659571,17.093006311834422,0.0
-5.354474312560178,-0.7824393107099752,-15.96673853842342,12.861055228071601,0.0
2.9242851003543975,3.219755668723085,-6.5630094039114315,15.5009038928628,0.0
1.735409919640258,-17.28275641487012,-14.195972273220706,27.070420034083526,0.0
5.988414834729017,-19.425894754840925,-17.965093690715427,21.240669958264167,0.0
5.935733860885808,-17.741636728024012,-31.015107583168223,17.553165827589336,0.0
-2.680485246972676,-15.534317110905857,-22.038235746852806,18.987695173926667,0.0
-8.762000035870331,-5.527716680221725,-20.056548324786426,15.37016788494789,0.0
-3.824927826284061,-12.008908707113225,-9.460537253297762,12.973705214134585,0.0
-2.36390353970872,-23.703094088458492,-19.560515516514393,20.96354008790116,0.0
-6.130835631851876,-24.144291359983285,-5.629672462721517,32.838146407394376,0.0
-9.894718629227663,-14.508010772856831,5.593801790798043,16.585004386854962,0.0
-3.523824410388028,-14.388321856460493,5.303776647233878,23.237464554782843,0.0
5.278320212591065,-3.692106561401415,17.35040819280956,25.139530311839184,0.0
1.791896977300088,-8.953012280894107,4.148338766866875,29.00787206675198,0.0
-12.452200892434526,-4.984695768861652,-0.27129398112378134,17.65739358040684,0.0
-7.448430140073983,-0.48775130507871367,1.4563227678182145,12.220153672699876,0.0
-7.759631675227895,-4.0886001721242735,15.995364534529848,9.909045063100763,0.0
-14.395883235136186,-22.809929542357164,-5.683530789930128,10.796219806028898,0.0
-10.143976677142,-10.018551487149047,0.990316815658689,8.528178312902064,0.0
-13.119476105176195,-12.148831665770341,-14.183529491593314,18.661800821630372,0.0
-17.513547298502587,-12.30274841918308,-2.379725602143401,21.394611366795793,0.0
-12.5604075319747,-7.6300098680711965,-17.54777908694562,3.81014776610479,0.0
-4.339132251303111,-12.266780477096848,6.0438282305193525,0.09495532454439687,0.0
0.37503029484142836,-16.718661880821365,11.146003599403215,19.353981956559235,0.0
-8.608562942703582,-15.097391209698442,6.371404820030985,13.466577882485971,0.0
-15.844813326411959,-13.73604732605585,14.670738108764695,11.226062582081834,0.0
-14.819776211562964,-24.10059239769453,-13.868000042827447,13.50956746622877,0.0
-11.36080504710419,-29.47646160485715,6.06217372136792,12.026606888408997,0.0
-7.5300706685688805,-23.099509726888797,1.1707178701223677,18.326936270740937,0.0
-2.8159591037275717,-17.57072020347175,-13.082413732963362,-4.817618065512595,0.0
-0.998574980863868,-19.19972704729695,-18.43339357807715,0.0761618502499386,0.0
-8.283437871830664,-0.9887265811541521,-21.248107648484037,5.007495590253859,0.0
-14.137462442684386,-14.884855180946971,-34.171079010450306,-0.8792865849653291,0.0
-16.255203335104735,-14.548224860438006,-9.426859666200023,8.306722798425186,0.0
-18.910522004425424,-15.036047054178365,-3.8807285953648663,1.3980573777796188,0.0
-12.253787017627916,-19.784818586533266,9.980009678242881,-0.5702913719291631,0.0
-14.199731426373205,-0.8202004584483786,-3.0716062670031983,13.392071412495211,0.0
-13.945459683775983,3.01957590914831,0.140461427412502,10.07278509503249,0.0
-6.428662046877326,-5.816461165514363,-33.67522828980954,11.472178523251014,0.0
-9.393698023198453,-18.792179736979627,-14.484362246309935,7.761439103889153,0.0
-11.468421505781697,-26.403345571638376,-5.598410104994958,15.719450938309489,0.0
-7.034428355812568,-17.215277208408718,5.562498795523712,4.26069289958835,0.0
-1.7907323458921631,-1.7021796533693578,21.521281129144228,1.9773949702583602,0.0
-6.9777141365112545,1.8155399782139496,5.215860766541108,7.943976293010453,0.0
-13.787764645245128,-1.423224607150111,-3.824099312175849,14.184835778589838,0.0
-14.493083198654418,-0.5295920316792468,-13.068260817104454,6.9199939267039134,0.0
-19.306149958041267,-6.795994208534093,-4.1221022788999475,4.805361341346551,0.0
-19.59827612982997,-18.79547339146194,0.6977171695353087,8.904856503961653,0.0
-24.978316906631328,-7.408572628593449,5.961185945519727,-2.6493253933961016,0.0
-6.208189246696637,-13.568261015481383,9.904397974602734,-0.30245452150685415,0.0
-6.150865991532463,-10.376127923712295,14.342659543768189,-2.504378898579115,0.0
-5.760253025186348,-24.068113721636156,-6.431607579872499,3.6488379109076052,0.0
-16.73149863029716,-11.935423680609215,0.5655934009937522,-3.185722658337939,0.0
-19.59150243046864,-21.941362108531266,-3.4235649010935996,2.665342987241746,0.0
-17.556934165684886,-13.199993522149285,-12.937242084322135,2.9988910760092575,0.0
-21.639416885658694,-14.267241898858115,-9.756589686090877,6.504976321072581,0.0
-13.75760062739717,-9.437463654708955,-8.291393094745967,-1.4301282726433868,0.0
-15.555353593872297,-16.487940961419234,-28.958985879904404,-9.473393285929777,0.0
-13.71953329422714,-23.028548010888233,-15.634353548111303,4.042906861763134,0.0
-12.335161723433455,-15.845433729168555,-17.485697032783634,6.601331909248107,0.0
-4.017526697664627,1.6727656665854242,-24.648773713806225,-0.6119916574091153,0.0
1.347996165215747,5.331614937675324,-17.739031277508694,2.8134927843278916,0.0
-14.017551997597861,-8.432277737025345,-26.685410793600404,3.7151062265786887,0.0
-5.245613446654591,4.415507262996973,-11.513694258498422,9.665582416719001,0.0
-6.16979704427885,-4.185528789779414,-9.358723281101584,5.532484562430759,0.0
2.6824514347260457,-13.958309763371847,-10.046138619658318,2.061393125628232,0.0
-2.8212981661054126,-6.199256562375955,-8.429077062161348,6.629612979336791,0.0
3.059432910512731,-12.434134336370493,3.5265137862788665,13.100413825782947,0.0
9.211869125955118,-2.3575835723259555,-7.2909681959090324,8.204229668604837,0.0
10.135469385561796,-19.329221766154987,-3.5789246876039567,17.235318354873847,0.0
-0.025072176338826857,-5.3761156365145695,1.2364055381118364,12.557911671379212,0.0
3.4799400470997814,-6.0682177695147885,-7.002311633423421,16.736904658199457,0.0
10.468869156735243,-8.22717667448811,0.21231844587186544,21.839746019182556,0.0
8.077150116684914,-31.184544739386617,1.9163259460118542,24.16895376085631,0.0
7.423818926997314,-2.3229941395547913,-11.364155290618392,26.650214735733996,0.0
0.6962175939270443,3.54017924990493,12.930247080720655,17.801177937711365,0.0
-9.056881973015578,-4.226843334994735,0.8552597307275351,14.871806734253628,0.0
-1.808499153924135,-5.122503583145095,-7.642180515124124,15.86956142829125,0.0
-1.3129629589808447,-10.959833270544536,-3.379405933555921,17.938213699899144,0.0
5.569100382320437,-11.016338342405584,-8.59959286172192,16.78282530089739,0.0
7.778416553052043,-16.79945982773344,-7.2573840827248794,19.039751485961414,0.0
3.947485868903189,1.0027477558229556,-15.645953693686392,17.029156345549296,0.0
-2.6744988661601865,7.013976845590257,8.782439912854151,17.080617133536496,0.0
0.7791371780896561,7.877533072908861,-1.9717813275365863,19.564477629236745,0.0
-0.7968951417873008,5.085896121860722,12.193737038222359,21.152712762822052,0.0
-0.8776004776537185,-3.990650615097193,10.093135510554298,24.75010217186054,0.0
2.1795153389451585,-5.096873014615747,-10.511860329814882,18.955001730219834,0.0
-3.0235341356668757,-3.737555250885075,8.53832777085356,14.753257631688367,0.0
-6.098248654266851,-20.545666147404923,-12.412868347498975,23.980874589460722,0.0
2.779504509427995,-18.00735714855418,-4.238825838116286,24.06389534396727,0.0
4.8454758164311675,-17.105162358334862,-20.622253738511976,29.548382275443466,0.0
-4.735124124141781,-23.085337765134582,-5.914637666546476,21.006763024314573,0.0
-0.6874164072446587,-28.170744863932292,-16.002476713946514,12.356303079339645,0.0
4.147877345458142,-22.60394407535642,-1.4195456436741871,21.297953821765297,0.0
7.276442914439062,-18.409599068697542,9.02255357729992,13.214746733550069,0.0
-4.9351536842771395,-2.8973783457590017,3.669023113595115,15.971280397305199,0.0
3.5474927828208873,-3.4876583713753657,3.1131193564702375,24.16465792729228,0.0
2.12179508579698,-8.05706544055477,20.804038825459767,25.756715567444065,0.0
2.5409883562822335,-9.86160510851121,16.828283605820694,19.141847335623574,0.0
9.053977298294981,1.844992134056966,-19.35784358613118,19.70864321871302,0.0
9.608006557482396,10.873303044423967,-24.619071839977206,15.022835550242455,0.0
4.336024663647256,-3.207801929952577,-12.916313123199238,9.314292136394796,0.0
15.56644091012601,-7.5687000767057775,-0.8883056916443306,9.194837324557172,0.0
10.772373729234491,1.6229838594067711,-11.633808666900437,19.159849774491015,0.0
7.148369768277698,-13.796320646751045,-19.104069809992914,9.115947848591231,0.0
-5.024367683687168,-29.29728747206007,-31.32818711924471,19.373585857581208,0.0
-3.0422342177646957,-18.69107995461606,-29.629404536392148,8.111941016813535,0.0
8.242544498673297,-22.241329303753034,-21.34117430911961,9.16463261886721,0.0
16.477326573609467,-19.32416053827682,1.3327128640899994,8.87639037074613,0.0
6.79971645648715,-34.00678581627059,-21.353854679482765,23.252051487422733,0.0
11.13913686411641,-29.18887630056792,-14.147809628253642,22.76282960798647,0.0
6.51388384900328,-19.471063431410066,1.616316642881352,21.18116580960326,0.0
0.4034803138949714,-38.094571276497014,3.310274743788904,11.986381527635306,0.0
8.788260567521947,-18.22086950285032,8.369312479425382,15.069768756649559,0.0
4.719107236261335,-20.451630784294068,-8.929394378001094,11.188169170504455,0.0
-4.174099514683737,-14.808237280100032,-3.5988359458256145,4.447301064446668,0.0
-1.1674718847146417,-23.91612574139369,-17.547335892383614,-6.466069598952894,0.0
0.09897121152245525,-18.154142000321368,-24.38184599963,-2.9651826629307996,0.0
-8.484353021736826,-12.28318458493819,-33.27944965428692,-5.323785656057405,0.0
-7.855619588065225,-10.121590624979245,-7.629640230954082,1.303699351532158,0.0
-17.188626371424007,-8.511923864620924,-17.507928011057594,-14.061331896840215,0.0
-16.02619089100387,-1.7068295528697792,-16.506231711892383,-12.765771253638118,0.0
-8.35018480958414,-12.699295779630418,-5.772020822543896,-14.002175565399526,0.0
0.21116227166658064,-34.88114350111893,1.8223176922624393,-13.347292484985598,0.0
-3.0281610858912433,-27.82688395286623,-8.610511923491142,-15.708635404513599,0.0
-14.560502971604832,-26.00281663395498,-6.732211339968824,-15.900601247256933,0.0
2.7238299155511996,-14.450823282284079,-13.458994117559934,-20.487543260881047,0.0
-8.469515099918844,-2.707081973594155,-18.417807501596307,-14.702294277800291,0.0
-3.244366954787923,-0.14783268895328483,-2.5635024531449453,-21.685345087777215,0.0
8.509151800226402,-17.32984036559167,-17.40325584421424,-19.43889281478279,0.0
4.743659502277256,-6.876954411780429,-1.546591595497162,-11.845045178009016,0.0
-4.2532609357713,2.6611260042276834,7.767504374132399,-3.345117060747355,0.0
-1.357592276349385,-14.333754986467152,-17.370381840898467,-12.787534959951103,0.0
-3.13939452385049,-14.898056811836508,-11.645221254451695,-7.799595445002245,0.0
-3.905319055317428,-22.78575338594965,7.2998145293441645,-12.928642594498923,0.0
0.512445466763161,-4.916604851578084,-4.777406445867296,-22.61595138266882,0.0
0.5218922957166974,-21.436521422677668,-18.253425934833565,-9.283806371030133,0.0
-0.20332879175710883,-18.5322104237124,4.122374584321322,-2.580609010869745,0.0
0.7177106484195863,-21.315741609473662,7.4008177427230155,-17.132544833589858,0.0
0.58331459997392,-15.831435013818142,16.701125854122324,-24.90004800570623,0.0
-6.797654933813434,-1.0350740850418134,1.1895128971426043,-22.052671365651605,0.0
-8.257843452354532,-7.290071828883498,20.136102008164077,-19.844897039027458,0.0
-12.980980336729147,-10.918703669159239,20.124584864693677,-18.30024882231445,0.0
-4.977259909386458,-12.13483915257017,-16.02799559891691,-17.813993916916896,0.0
-2.0780467921278962,-7.27335989027362,7.631527943270747,-24.47588091602808,0.0
-6.265981601731935,8.10527845675869,10.393796615820106,-17.622849029864376,0.0
-2.6830068465146777,1.6741796042400638,-5.463924554352493,-22.431711804625525,0.0
1.8951495734934989,-5.814790748481238,5.141983087295524,-11.577072882837419,0.0
2.9230199192432282,0.6896228782890879,4.049532807157951,-15.339682360199106,0.0
3.1706792853565404,-22.713941781199043,5.583641827995565,-13.418240077428253,0.0
4.2417706102155694,-15.0582992278451,-12.068146615324011,-8.587406738829223,0.0
-1.9460534506635092,-27.183264654928948,-12.758684915561407,-18.18078715626426,0.0
-4.6004654624166985,-11.486755904749067,-8.206804778300501,-20.82237422479605,0.0
-13.561696801681244,-17.710511600914437,-7.039588386445248,-23.785427428946868,0.0
-11.54643534910852,-25.75257763523782,-15.757160297028626,-15.900899937945558,0.0
-4.511581276403322,-26.75298290623906,-9.606289681712267,-19.657466169374654,0.0
-3.014051365801537,-31.517575009606475,-1.4513590624991979,-9.911603634404235,0.0
-4.1367692133865495,-26.249866824056017,-10.799808163283666,2.8937692455655153,0.0
3.4891836170381554,-12.356061201877173,-22.122001677431445,-1.1265949513792943,0.0
-11.602990810884108,-22.947373812981205,-8.030989744553313,-7.178972615858995,0.0
-15.118137536137828,-30.122132805194497,8.880024865479767,-17.03352875294081,0.0
-3.4949217334290337,-16.45722654618966,-22.820079069554236,-11.731617626647957,0.0
1.5265061133913234,-20.280543680933953,-20.701638370750153,-17.338120635085353,0.0
-7.998517300071622,-5.797181648502879,-1.3502906757474094,-14.767301349858611,0.0
-13.809965685998682,-8.937338018256096,0.5067919397897676,-17.629592785207542,0.0
-1.362571169170601,-7.7821065130906995,-9.012737717329934,-1.8074103188011192,0.0
11.422943348516991,-12.264802405239378,-20.71625693633462,3.4095604187846282,0.0
12.758912044746808,-3.860513407150238,10.065649134442715,-1.3431260370856695,0.0
16.104428518458242,-2.2095761037023784,15.702443007276205,0.9019554934287743,0.0
24.283200033938527,-12.659215390704093,-2.308545430265176,3.332179707216085,0.0
25.756292897597525,-13.454077743386176,1.245110304095336,5.4508815712312,0.0
20.41589951270275,-21.057497760649902,-0.8757645913022465,-3.3168915781092245,0.0
16.241876337389886,-27.44993458794533,-1.8897345348032941,2.588127946251813,0.0
17.95490014589115,-20.007251859528267,-7.382890050490591,10.641282960255872,0.0
14.80576443272711,-29.402306643440035,-4.17378393397292,3.3889574185341385,0.0
16.44381396371994,-11.403945103236017,-9.493068843167562,1.541691305349394,0.0
13.292581553044734,-16.821155449589355,0.6481012870518024,3.333645573189221,0.0
5.046637745832564,-5.326262700953082,6.780014501976649,8.206790217517518,0.0
14.662281176663885,-3.817056602737802,6.8948178732144605,12.738328847316692,0.0
11.207715867559154,-7.021479012104093,-5.747148701670007,13.88871389395834,0.0
13.070484841633103,-16.206953903901532,11.933464568876662,12.466280448912515,0.0
11.812241916916395,-17.065876193969352,16.918478822899722,16.174579332829946,0.0
1.9856742617158236,-2.6151548464122367,11.107833917514935,22.78200877332994,0.0
5.203683287423694,-22.887995060382522,-12.208692371566938,29.78359360390884,0.0
4.082676679254201,-34.10733294485834,4.545395621249792,15.71850578639663,0.0
14.763203838400065,-32.44668057968251,-11.673601480204928,21.96085198885853,0.0
18.96661495849647,-36.81889006028083,-20.8476522561803,13.611631498575658,0.0
20.942322497199154,-34.23209576339936,-9.592857628040072,11.990807200947447,0.0
25.46750965187954,-23.91131533367862,-2.264851048494685,21.664040860569806,0.0
27.21886188966689,-31.356323004236227,-0.11040588668613971,15.838347270534694,0.0
26.185831199933382,-36.48156376369133,-2.5890665267724504,21.94468689254328,0.0
22.55750038096995,-22.42160302164735,-16.12037661360764,19.33199590512898,0.0
24.05640631560202,-22.504287267412987,-12.920020931756255,14.683573645825321,0.0
15.986339805134053,-34.77596349895052,-13.403282068382385,20.559115582939178,0.0
24.627341924209034,-29.61981730729073,15.659694021052772,10.312056305961274,0.0
19.743101948350706,-16.582970116268093,11.48015184761738,16.70665678131505,0.0
22.0350411452496,-22.350557763585265,0.5562920936588127,13.965891317831884,0.0
25.337363230229393,-20.97865260794389,-14.934620817812418,-0.3535224216387185,0.0
18.90204871370875,-10.289359793752247,-19.725349640296947,8.53230660575372,0.0
21.83850662340391,-18.87403666663061,-16.741662169311333,22.297090669281076,0.0
12.60313231826342,-12.629845328998242,-14.774886350386012,10.900506917063755,0.0
17.88770205823973,-9.809926430732402,-10.745462859263284,21.02204431393595,0.0
21.42614428618569,-1.3548517708263876,-18.300153612048618,19.8118853791688,0.0
17.524437510434364,-9.91970486120583,-23.867229228543664,8.213195827118788,0.0
14.898011904087568,-20.836353443562672,-27.831148317147882,1.2504604934703742,0.0
13.2856588824274,-20.633961637982207,-18.905907009556536,5.023861636604034,0.0
12.189864474283315,-19.806965156684505,6.451329394714293,7.466069448986388,0.0
14.594796521758774,-22.867004662422033,11.803284927133404,7.25235242925633,0.0
10.75995288402343,-5.17723264907627,7.263248127248589,9.053208577502346,0.0
5.65826225012103,-22.417432224191128,-13.795178449336845,26.783187471743602,0.0
4.897080553769752,-18.79089636041752,-20.204428133216616,21.72315325403131,0.0
11.536657160269979,-10.889536043062677,-12.537806567923125,31.754500766490356,0.0
16.256649837187368,-11.670626403593543,-3.215440758508416,22.101611085938806,0.0
21.30859294091215,-20.87116555225425,-11.784201080446989,11.869595436042516,0.0
16.746778470321416,-1.776431005151208,-18.47009698748452,18.482970457479837,0.0
0.1554102191584381,-1.8578477696272007,-6.445166589172517,13.200428761783979,0.0
-8.535294247113775,-8.630100863875263,-2.7304089481508615,10.9837378017221,0.0
-12.132191889970228,-5.545359275676148,1.366071680060589,5.699997988001938,0.0
-9.010175719283193,7.391443075833152,-3.661205342897505,12.17783984274819,0.0
-12.580835958966713,3.282882279452286,-28.059193974914997,17.97852054736288,0.0
-17.04923279103233,10.048754370823243,-1.6338635552468777,13.482535998050807,0.0
-5.83083871123573,-11.501779198077518,-3.229828598463616,5.604625790180142,0.0
-10.181801781980617,-6.9706879408219,-18.03704228783717,13.337720431291899,0.0
-7.493187140616293,4.077175213228054,-16.693873434368154,12.429028157530189,0.0
-10.257322503927007,8.346526419147164,-18.548468153042073,12.418836527443542,0.0
-16.545001926056354,-15.81484760528005,-17.079561731716467,9.410522960730326,0.0
-21.374231378855935,-12.05932006232973,-0.664753222553041,9.364704931379741,0.0
-18.923096217240992,0.5817482126286952,-6.998789887592415,10.14316099857176,0.0
-21.790494508094262,-12.406476777283657,-7.444239903096389,19.60573706567119,0.0
-24.203812006038802,-10.701322099070488,-19.700222288693524,13.245174016042515,0.0
-24.280009118791458,-23.211496233870744,-7.978828744379739,16.755980439166443,0.0
-12.604224575687391,-19.85776702556324,-0.18335681894558054,16.852564329228837,0.0
-20.774847038961216,-5.03493042288261,-17.28433166865795,8.566732785743657,0.0
-18.56004505679652,2.6336213982088577,-20.070247262587408,15.798182457150496,0.0
-11.50655410789879,-2.446108270082652,-17.2290726818686,12.62737588369143,0.0
-19.40779738368209,3.3230117817679687,-16.97392416906377,28.408682536653522,0.0
-18.34743256475694,-5.946301626439911,-1.0434173235872928,22.883087995978272,0.0
-19.390940292296243,-13.082044733565668,-23.11372333581764,14.239021622681776,0.0
-20.811677275391684,-5.7623173969779735,-19.169129900028178,2.179531346104085,0.0
-19.43889883740277,-9.268234452515843,-4.680936194968169,11.303103371914887,0.0
-11.039720470866705,-17.003804880231336,-5.632074440850562,23.733334157595607,0.0
-15.751921523293024,8.332482487219783,-2.084672071851638,10.183594795195035,0.0
-19.09459081175109,1.1334924648484765,-2.3918568084138982,7.893893780312469,0.0
-4.59873369619261,-3.9645021019876054,9.049290819717923,10.497560385623329,0.0
-11.499653716850409,-11.33839159487584,13.34286858279893,18.723601569084067,0.0
-0.713490572689949,6.057125740319172,10.543909885443943,6.474134024177534,0.0
-7.991266325994003,-8.981457475082413,-9.22115073329901,7.5506215218054855,0.0
-11.590586834642421,-14.900395106769407,-13.464775818030905,16.555662032939374,0.0
-13.722939274507393,-10.79278507555013,-6.613645520896672,17.809866013758768,0.0
-18.212641884719545,-9.838879768197224,-3.0479634307005754,14.241799991447493,0.0
-30.00455870335191,-32.641469305903,-2.3946249891537663,12.499706773894202,0.0
-32.96025169267368,-17.93669729072242,6.417196252057955,13.010397914019297,0.0
-30.379227594520643,-23.403081650447845,2.6916348912349823,8.584351006403626,0.0
-32.01117760768935,-27.623023714021326,-5.297275836069796,13.835497131944798,0.0
-21.772020530873533,-16.986695883254562,12.550052021079946,11.243830885707524,0.0
-20.897614683965045,-13.481415738655912,6.687386449800589,14.739795494349226,0.0
-23.103179490466914,-22.139867524671907,-22.795713213247275,14.701909626578743,0.0
-26.395983347424927,-29.619382809984536,-20.019533775365588,20.45462940373106,0.0
-24.01735197380044,-14.399315297013533,-9.909920032271785,33.66052305085673,0.0
-20.47093998077684,-1.5246977743333368,0.07150756270412906,30.602508525307453,0.0
-15.677046488212094,-8.551470945875163,-10.837715094180354,19.73176525316534,0.0
-26.265857227520765,1.905987240929555,-22.642372324572474,16.202039966961976,0.0
-26.007745946762473,-1.9041033337580338,-5.987889099729689,16.751512302621574,0.0
-18.113392943687398,-9.001949463719647,-0.7509253497389743,15.00932124610166,0.0
-32.5699466503184,-11.531543607770214,12.071964764724685,18.050533877248895,0.0
-5.989209525202075,-10.972481119607252,4.642803468508244,8.880626722122928,0.0
-6.036714091248353,-8.265858523636085,7.863884461944922,14.330679479947586,0.0
-1.2108971078073694,-7.722093916041699,11.871800953606135,26.619321676392556,0.0
-12.035951056660085,-3.145271837536459,6.407009314953746,20.566195362366333,0.0
-2.247235869057635,-12.56102284956063,-5.829759439432303,17.237248416734772,0.0
-9.605092086492965,-17.171622217111402,7.64850097690878,14.991459148665246,0.0
-12.936762368202182,-12.210677944854734,-1.4140837510006454,17.1496785040936,0.0
-12.063974490818051,-4.060834163060711,-3.668598304014095,21.966406694470933,0.0
-9.400086192773108,-18.593401468113335,7.068176862538115,25.64387684126006,0.0
-5.720986701163213,-22.781682657490958,-5.797567172157269,29.600439789366572,0.0
5.3428832275164915,-24.470629587318143,-5.9779706753425,18.37550106406513,0.0
-2.9332024281816254,-12.13565524700624,-11.263957156600133,17.429774379848098,0.0
-6.210979940334796,-21.09598771710158,-20.97299488486758,16.728630036425837,0.0
5.793727053863031,-14.29177235587192,-27.82144292031128,25.213765996572874,0.0
3.403370686394559,2.173702412419523,8.795885758962356,35.407682591305516,0.0
-4.974819133143419,-2.1960785538301426,-2.5294490836324854,18.26860994032282,0.0
-3.6816506440230645,-8.846704437157197,-3.365798658750923,16.84573869670999,0.0
-0.2855245041511574,-37.46626596833326,6.545802187242893,18.886970019161463,0.0
-11.07915237436356,-16.519322882995624,13.475737684696863,28.629650724479568,0.0
-9.917093279493612,-26.230907609571403,-16.78138194786896,24.997917236725666,0.0
-5.114054002251368,-13.968285757820961,-17.932622375751322,22.246811190647826,0.0
-8.301300474316488,2.462294061181554,-5.076794314986335,24.113988022114224,0.0
-1.289924809209197,-7.415177542641816,-23.293304586769082,22.885172671919644,0.0
-3.4863024996995886,-21.218632362729643,-13.687621667587571,18.662461161885695,0.0
-2.9438618016372935,-19.28150440422398,-12.283697311714764,23.129690188041398,0.0
-6.43771543987533,-20.012132475518616,-0.9400118891801803,23.896492286919848,0.0
-1.7310646477775082,-18.293650843453843,-14.282382223122822,24.76104324335271,0.0
-3.1052377653948766,-19.615906353778136,-10.07118951949824,15.747543519546594,0.0
-7.48436446113889,-24.713062037346244,-20.5676272374223,19.989250145635307,0.0
5.760361650354335,-22.454033597704974,-9.844928141219908,24.651531982266512,0.0
3.777409645117193,-26.290100084894693,6.656631257037729,21.68365409387571,0.0
-2.5461237929700764,-36.713183383245976,9.5286190410984,23.454328108603413,0.0
-8.800940661619048,-35.00143435080513,-6.43472948656105,28.061844799701554,0.0
3.2801148758954177,-29.073973263444238,-6.177440480449791,18.69709391654471,0.0
-4.4256490163192685,-19.887056141745532,-14.130922905394787,21.21730992162974,0.0
-1.8794690794066766,-1.9542220033225455,-19.20159332387218,22.138881903958918,0.0
-4.668666441570201,-11.243272157133864,-12.821092240969389,18.844040218972776,0.0
1.4704502203358696,-10.579042829726305,-16.38402073859329,6.365741352893934,0.0
-3.7973458649015654,-32.81574941633846,-19.24137723494129,5.085792393143757,0.0
-1.99080565867051,-23.626911781439222,-23.086894126138244,19.896935864402536,0.0
-2.4485057874966163,-18.669542540824633,-5.879412888297673,14.746204834790094,0.0
-0.5831251843924925,-33.73326766562154,-8.461501156077151,26.95867968063985,0.0
6.440368033220056,-34.89580603244231,0.6021030519606052,14.478673547713182,0.0
7.552020479280971,-23.281625168638676,-4.09933643605594,13.624041182583046,0.0
5.9919458503642495,-20.594486815019312,-15.826665015869995,8.778810862662233,0.0
-3.3273187673958513,-8.781180330537268,5.761097892922059,13.541974487518704,0.0
3.340022556919969,-10.93583973767592,1.6052211782780432,10.253581679874214,0.0
5.7040274547176315,-25.211522680842634,-13.06299028536592,20.13615874834364,0.0
-1.549737310422422,-15.569155370912167,-0.4122951541607076,20.657398316448674,0.0
0.2623713550534583,-14.563580990240848,-7.08541315203421,24.104595191862916,0.0
11.036857517761126,-32.989747998339084,-18.370901898770953,-5.535699740090052,0.0
3.7683719407964578,-34.75292768541141,17.182928920901105,-17.96397986078908,0.0
6.5842447637569474,-35.865210493083325,0.9603693370534909,-18.52463157900476,0.0
5.633727287941813,-27.213969443529585,-5.704367602780682,-15.318897476986118,0.0
0.7977307980050723,-17.529203763044787,7.3924295991864595,-18.010619890356466,0.0
-1.36364447460597,-27.848178410405136,0.5544622479351116,-7.1034195005323575,0.0
-16.072315178898943,-22.909683728719212,-13.45993143382311,-14.854177744056841,0.0
-14.088367821345145,6.46114512298994,-19.829112273914838,-11.553449018779258,0.0
-11.37810036506542,-1.2012487713892006,-4.439478270737665,-21.055739485308592,0.0
-9.269982688455334,-2.891774747736342,-16.920265719103583,-14.769910588431156,0.0
-14.365320714366796,-27.50590228811621,-13.899816816658713,-13.938658397791379,0.0
-6.006689240491427,-20.774025760174744,-22.441590014408504,-11.144874987783822,0.0
-6.978842894440762,4.886363756038023,-16.522359909131993,-17.94921217412577,0.0
-6.937743044045433,-0.9732903856612465,-2.3057339723441195,-16.668709464947646,0.0
-11.173621535722086,-15.347248797800948,-5.630769475565889,-16.0199908862322,0.0
-7.845476133104377,-17.57845343108482,-23.813241890870902,-15.846215867914793,0.0
-7.065773759969963,-15.417366760334712,-8.527410764233677,-10.881077904784178,0.0
-5.3695956901859745,-13.937968078846675,-1.211025334772271,-16.87286732194087,0.0
5.3892639373687885,-11.288582666299156,5.787827333682,-15.211773280423465,0.0
2.9117323355347797,-18.820884126382442,-1.8887124477858963,-15.0274175468526,0.0
7.666751349815165,-7.175279541321669,-2.6367726678157526,-23.195403873114735,0.0
9.791176184164069,-24.513461946627633,4.627771294479452,-21.449592675606198,0.0
4.853291361469256,-28.02154783134004,-0.30812819664026225,-16.011711844187502,0.0
4.9104769821490315,-32.217051230837626,-3.2871976041729387,-16.73626717211073,0.0
3.0436750665862076,-34.81073730380554,-18.380946049165487,-13.218921603348296,0.0
4.729776045803663,-17.02978878138863,-18.243565076769357,-1.2017255304153753,0.0
-1.8804403530140026,-19.89149100653245,-32.22942777386372,-15.466195918824093,0.0
-1.418893833382567,-28.758384716809246,-24.13189523957727,-23.557197664187143,0.0
-1.1206728844298417,-23.810049276951368,-10.868649150873209,-18.934389519144638,0.0
-9.715662523830456,-13.977487016997765,11.928772204079436,-18.730469756569818,0.0
1.2019316430699587,-15.414781693153287,1.8828282884784993,-14.354356784994135,0.0
-7.34856572529411,-20.613428326246957,-14.776736680296386,-16.513503844577613,0.0
-6.646058457854679,-10.513653163471282,2.933607252959675,-22.551733867450057,0.0
-6.9436779655124665,-4.688429997899986,-9.333903908912394,-15.150818001956415,0.0
-2.586775309547658,-4.870043618239736,-18.608648014746965,-16.506085870493123,0.0
12.059894232200747,-0.8395062270549598,-13.134424183617186,-21.727580752401575,0.0
1.4396863829790734,1.405030153325324,-15.293209304636179,-21.621290110250957,0.0
3.439660833562681,-1.5902501446429573,-8.052106743740332,-19.497822933661375,0.0
-8.140627187235635,-0.9510172844448332,-0.6053102309709102,-17.548476304947595,0.0
-0.6151428544569066,8.094390639330683,1.8652041252945555,-13.00978705827219,0.0
-1.6029075785399525,-8.863604383807768,0.7027360252305304,-26.377383832404465,0.0
-3.153529849039904,-22.89752399726668,3.397010116832198,-26.5484034756864,0.0
-5.630806869114455,-20.106303386592927,-20.076779573490146,-24.13132277545511,0.0
-9.217640907179529,-10.525489257226898,-8.87979298564485,-35.75899805221721,0.0
-14.431525930684284,0.12314176848841463,-8.812324870244394,-35.17985273644005,0.0
-4.447351824450285,-4.026333252469265,4.713275776242119,-22.57804928684837,0.0
1.3267370988031955,0.9145449423363363,6.753560520774991,-25.115917609769667,0.0
-4.101024696868109,-18.037049466190215,21.148525907539973,-24.272855601912717,0.0
-6.565680443591738,-25.10897496701557,10.96858666028307,-19.273629851469217,0.0
-4.479170380967453,-17.32729521525311,0.8247812458384053,-24.11745441886977,0.0
5.055928209719818,-13.734244104438172,9.011621447039747,-9.343779425124328,0.0
-10.062848410196983,-8.865962531687305,14.042390634095844,-2.0060201449564556,0.0
-8.371970270809996,-25.826582036643636,-1.9544588770628182,-10.216954829794103,0.0
-13.43114915374536,-23.86654053704086,-2.2458728352771056,-11.459135744621271,0.0
-7.457125939371457,-39.05017529833502,-1.677753892986722,-2.6008308167413756,0.0
1.9607877142167531,-27.116200415442606,-3.278669987417203,0.8377335736909164,0.0
2.716993905243184,-11.794694944133806,9.933491270274647,-4.410447584796455,0.0
11.256840321839396,-6.159146761372757,1.6785681429141563,2.866348169265373,0.0
17.602291892833737,-7.784625297448126,-2.514514509473275,4.816901189969352,0.0
4.97668142512951,-1.6281977322575152,-22.37381033007071,5.554466265411675,0.0
13.121570198655743,-12.98991724411309,-19.087661658865258,1.1969462099706805,0.0
2.4195275838927106,-3.6822470020843507,-6.420057548718253,1.7625842798263145,0.0
2.6216803639764024,-5.241759096023971,11.985415948112758,4.395701508584845,0.0
-4.604008240014892,2.750416096401768,0.6763213270398634,2.0940210668312784,0.0
-15.782123176323115,-20.372892890537827,4.325423717875381,1.893442846897103,0.0
-8.350109202014712,-11.75772870807802,-7.226374636049672,13.25106678422286,0.0
-12.356157960842946,-5.822620716807233,3.1786635556077982,15.505107417600033,0.0
-18.463115193890836,-18.851866696542928,10.122279615535238,11.351633110519412,0.0
-4.004986794677706,8.868137924093912,-11.734487272176128,16.76519781104377,0.0
0.9095836511177318,1.3242545727925066,-1.5197458091219174,2.971750113598709,0.0
3.027694823328492,-17.74999208688174,-16.710131325767897,-2.086605568854605,0.0
-5.6983037686205344,-19.976108155838293,-14.44923922530555,-0.6681280673953123,0.0
-2.2927364484355985,-22.5301662887551,-18.739171863575386,9.267671037169787,0.0
4.888011746209935,-8.924254229656603,-12.632335397087843,6.902426707713509,0.0
-3.9693458643977326,-30.410921073839063,-14.190056152046681,10.495793737479275,0.0
2.6703926797807673,-15.122288606583432,-0.5251630042698086,13.217130432959411,0.0
-3.10530283011927,-15.658621194071868,-2.1073743517722043,14.272426043317807,0.0
0.5658999403305165,-26.10476809678181,-9.147740971116782,14.72493701468814,0.0
-6.279929401636323,-37.89504463195662,7.74789243916694,14.877278978133656,0.0
-4.708241457345202,-7.371194547953465,-8.480797479735461,-2.820200721351263,0.0
-11.583787563710315,-1.8833289456568085,-20.797463507631896,-4.352379537499102,0.0
-13.336627483663051,-7.648592948947181,-10.658004792201629,-6.601402623421668,0.0
0.3842508041260011,-14.959075192446727,-29.56254267129923,-2.6244050460085075,0.0
-8.014785704119582,-19.45550949067021,-25.7548709192469,9.871308958731621,0.0
-12.439146944022784,-19.22225565411554,-18.82086354159105,2.855512170657807,0.0
-9.307977657022521,-14.249552948899522,-14.884556471436813,7.198698336852887,0.0
-0.46222685774521644,-5.945829860193965,-6.963769536105526,13.652428348847438,0.0
0.23389278253695034,-16.543813781764726,4.237123112079723,12.371662657627631,0.0
0.8417309563837323,-26.031476521753348,3.903629285720138,5.489417605680631,0.0
-17.514147911973698,-22.125351260706537,0.14887639637618033,14.902492914707405,0.0
-8.779712727373305,-2.665276254838293,1.878393664791382,4.461339755163829,0.0
-6.647472034435111,-4.907783197813907,-7.5218998463481554,5.323967914278866,0.0
-0.26642709667858266,-1.0562831052980783,-1.0264420305130386,1.6035424510088854,0.0
-6.222879235667193,3.6022801448745696,3.1719627947408675,4.934559922421304,0.0
-3.397386857804751,-8.24127501607322,9.48056470415107,15.846684009089902,0.0
-7.7398616241011755,-10.036321367204668,-6.317391290736246,11.702351742385277,0.0
-8.534350273918587,-2.575855914615498,-11.084296860503,11.646175684790764,0.0
-9.495420972735129,-16.256384853622073,3.996293558425174,11.899024221913209,0.0
-4.2672645069969874,-22.60943274933759,5.949675427881031,9.829800997265151,0.0
-9.218756982708655,-18.604930985706755,-6.40077554103458,7.079188914517843,0.0
12.260869653049605,-6.149824308441039,10.803405033303802,15.441234213901964,0.0
8.238779346989705,-19.986819435724755,11.545053723130607,13.579958165597226,0.0
1.5126155024723396,-18.72725625433185,28.600214800418165,15.44499678715751,0.0
7.8853281735592695,-6.903099597086202,10.983820414152792,15.267562759584616,0.0
6.660227958004967,-7.393667576840431,5.247870162072439,14.175228538081312,0.0
13.744783147563268,-21.904613670199645,17.26851331669727,-0.9568557543257192,0.0
24.50424641508951,-16.787478082604416,22.434738671741744,0.11054932915519622,0.0
16.141357841784853,-4.052931267039124,5.56923715300231,6.144572317175795,0.0
12.585846989060599,-4.046955830905288,2.776063750676613,5.60509771722385,0.0
21.747771815413078,-3.916973239948903,-21.38904909190928,-0.5782003150579977,0.0
19.655141869085355,-14.012752375514548,-21.086354291708012,1.4900829182372077,0.0
18.848978453446385,-2.7117383268078594,-3.4580409785014234,0.37365283001140237,0.0
18.853131551849046,-30.45439165271508,-16.414784570910474,4.033905281573102,0.0
18.068262212307978,-20.593578196129723,-3.422920034082976,7.408786218530461,0.0
17.124563402838984,-15.54537866346633,4.55793846932503,15.38723848072691,0.0
24.315516272022933,-7.997092862561241,1.7011637765659202,7.133766015401396,0.0
25.093590003554112,-17.641746889413547,-3.969276804078765,7.748085269452337,0.0
21.006736546892455,-22.322459154631645,-8.812818513734353,7.359817563442085,0.0
16.482416548203812,-23.002282203481407,-9.662426874666778,2.686668700193512,0.0
20.7964479569822,-20.33732284948705,-24.91869667751637,14.095557024936195,0.0
10.49762712288344,-18.8137763494048,-22.297648769442723,5.71777536577078,0.0
10.122761157606254,-26.97338221848525,-0.8690866036093201,5.697374257580412,0.0
20.604695431009304,-28.518086455613012,-0.4660635813267531,7.263713422556787,0.0
20.458041010312805,-4.804500762636126,-0.5189775543523241,8.975025962942473,0.0
26.230326439185138,-11.081605198924851,9.643389284283542,7.877682381148485,0.0
21.69883467738951,-20.062688640760896,10.100355292774283,13.918807409233391,0.0
25.23319576154791,-17.52287391468746,4.866278585155799,7.239836893585778,0.0
28.424849663465707,-11.488829583510757,2.9644871874413266,4.479641987751219,0.0
32.714933412424344,-3.8715483149233005,-12.173791492101937,3.1283762771310464,0.0
18.158344390564,-14.973488813342609,-22.299220450057092,1.7670226744984614,0.0
21.009400440891593,-11.36624980542194,-5.354212860312483,-2.7570859162265813,0.0
18.874329231441347,-23.68736958413812,-21.547833097118325,8.287572649778463,0.0
17.482314804141428,-13.804579491232024,-27.147949657925288,6.95972147323662,0.0
21.46460147100253,-5.840691479840495,-0.08029615986847372,5.218265356744359,0.0
13.24229499594447,-19.91052472921066,-7.913440501164381,10.862664161995145,0.0
16.909579316521235,-20.40233771228442,2.122424477562716,4.889374790015959,0.0
17.404581912190224,-13.894692581131501,11.488932715540585,4.713262078549166,0.0
15.896696296538767,-10.736959421136778,-8.144546365002837,0.9474335133054277,0.0
14.819369459239496,-8.149713403551562,-13.501962908702675,-3.175161528854229,0.0
23.230619332597062,-0.8369487289041366,-1.2369358514393243,-9.198191532798944,0.0
18.5966639934845,-10.02269055464721,-7.268269375894813,-12.341108065041073,0.0
23.60841926136228,-12.237755381833956,13.873765837637421,-8.76998020995458,0.0
17.359628722986734,-13.88010992287952,13.87241295471968,-0.35418086472462296,0.0
6.088548941455091,-37.435469307225816,-0.3420416097804848,-0.3506957573665943,0.0
17.489671288215924,-26.496780457876717,-22.166829778190934,0.2578471057888132,0.0
24.749299688874526,-21.493310375827498,-10.04101175472346,3.077058973900616,0.0
25.693477477784306,-6.650640178457686,-17.941386344554843,-4.606365204426449,0.0
9.684848449089628,-19.310710232564777,-16.436575601079614,13.025612226793942,0.0
7.820071095471068,-21.530802572283736,-34.59208390697443,7.396236302407007,0.0
13.633646687517105,-13.03143353318888,-21.955615236154024,-0.649698654066122,0.0
-6.585430188961683,-22.429236210444856,-9.705095582615101,-2.642686190994784,0.0
-12.08748436015587,-9.066125055101532,-9.022358878569495,5.732425116364016,0.0
-21.688767186579135,-13.56930495737205,-26.548730829394607,-3.5543596223532745,0.0
-17.688680507511855,-10.256624247575774,-10.04848387031097,0.525136756152973,0.0
-17.95117909696791,-11.590568387608979,1.5332732197479633,9.674372459008433,0.0
-23.14214448960395,-23.92082025367145,0.16794291927447702,10.263586930936999,0.0
-23.55031507023572,13.713073773057003,-1.3408734355719911,7.068705788262883,0.0
-14.855416201405344,-0.11970376932323745,1.912476103842673,10.367453212577388,0.0
-17.39299938303136,-3.8474307014862927,-22.295367353034884,2.7640246310862286,0.0
-14.852039481160123,-14.435691581959244,-19.147096594539576,6.811299047804962,0.0
-16.760780736849107,-14.726482090094631,-29.868413441748036,10.419037507222368,0.0
-30.8018351515226,-0.1721282586159436,-18.054919105098964,11.149910276625185,0.0
-39.03407869272303,-2.3047756528142362,-4.781002768564327,7.580534486755004,0.0
-31.553270648088322,-10.396216320983871,27.65154101523049,-1.0239047179186214,0.0
-20.286313045365784,-1.5554565768980293,16.560312080086305,6.165324902541467,0.0
-20.267848962885132,-6.625888955957208,-12.773296080242,11.244616698416133,0.0
-22.10848010829178,-4.962198689665378,-11.667837994206673,21.04251577834952,0.0
-17.93520373999865,-16.392158044284077,-13.346550206794468,13.567277786487276,0.0
-15.733203650516614,-24.368254475271506,-20.183056764586,7.857782126950827,0.0
-20.408975112145086,-22.157172997068038,-39.16228771521516,5.305200092273126,0.0
-21.373897896720457,-17.151587792377466,-12.339445022528086,2.644844943918989,0.0
-18.31216857099139,-8.301784784360368,3.9395870413400518,2.5534451279538213,0.0
-23.64901785353175,1.841296632437606,17.174496497403773,-13.356542642446945,0.0
-9.874161580779562,-3.1348835114040643,0.19313587380209096,8.912984775752715,0.0
-3.745825217078079,-17.0630505149314,2.0915774651634886,10.161816758632483,0.0
-14.117446167896503,-14.504252804590024,-3.3949180812697985,-2.282832258289268,0.0
-22.13756191934002,-15.46089684631501,-2.450039578758272,-14.701884538586974,0.0
-30.04868024385411,-15.453013965441915,-5.531867592818905,-7.681218731268276,0.0
-20.963144437136386,-8.454407167110512,-8.705406487350018,-7.331886072275837,0.0
-14.785286995974039,-24.81637867919258,-6.014420006224116,0.6859547041251546,0.0
-9.876781241062957,-22.521897191309385,-13.090622657324737,-1.5251919300080186,0.0
-15.585754779036105,-28.623469882620334,-9.063218528887255,-0.35702616983760027,0.0
-11.619818881260528,-32.40226235577613,-0.28501833782384445,-1.6634134730186427,0.0
-16.56739966684144,-16.51862996938429,8.352942536222468,4.34056149576128,0.0
-18.32394149817078,-14.691199654694769,-0.15366684394391927,4.19856221497346,0.0
-8.871052304071155,-17.177144730015442,-17.040735216609704,-0.860827539173247,0.0
-6.103033286647871,-16.083666426001216,-15.50545981298378,2.1839569789869855,0.0
-17.466476497529786,-19.51043508687402,-10.407806340558782,-3.840867344116239,0.0
-24.755956050345596,-11.51821025574669,-12.730511099736498,-1.7211102643352758,0.0
-12.613983081253865,-13.84331187244924,9.253029898065995,-5.124973419137851,0.0
-9.610118850771968,-4.386518801146807,-3.789036542976594,-3.102689406172026,0.0
-13.35921990738766,-9.62524874180581,15.76774498650565,-2.2031527750533852,0.0
-19.51058859731065,-15.991451343650038,0.9743549877953983,3.2258879219499526,0.0
-21.001577988575946,-30.939857395151797,-10.704420451799557,11.545036794996406,0.0
-21.061106804814738,-14.530737365353993,3.1331110200574006,12.331681712221041,0.0
-16.340277867872302,-12.178996825799247,-3.4264277586405747,7.555513073127109,0.0
-12.790660001051943,-1.6072677088541951,0.8002527224420524,19.03104119649618,0.0
-17.665658248070866,1.9464882165291542,10.781013793866721,11.729606508444697,0.0
-7.606936833051364,-11.715006761698124,7.014898081211683,12.676162034531398,0.0
-11.095931175384043,-23.551938540325978,-13.869529981065119,16.815235764528044,0.0
8.156642747212763,-10.056705425345882,-0.16470857964609342,6.2089332263249855,0.0
20.480146737658536,-33.22746827873213,5.4786392351258755,2.609750509273295,0.0
7.778431302288338,-12.166245945487198,11.213688992901023,5.187851359738333,0.0
-0.25239330986360176,-10.67913421588252,-2.558517182825916,6.359029146519699,0.0
-2.6991515817466514,-17.24153978022391,14.055335216141724,-0.3878674709669139,0.0
3.9462186464293794,-22.731183187299457,-7.131315643727175,10.467601233469047,0.0
11.235256117248184,-27.463460165720967,-19.87480885313578,10.921554642284526,0.0
8.980807282747453,-21.878721215492355,-19.691400707936296,-2.3104580883655133,0.0
12.326318896270088,-24.20219880578863,-4.424656368866835,-4.435151723509327,0.0
4.7317797820287435,-6.774379878294377,16.608869912843822,-2.706543816360125,0.0
5.987739631238166,-1.8812676785433489,-6.891866317565771,-9.27264209577491,0.0
8.69508472970728,-16.550814788563546,-0.6261985227753541,-2.9707286465611222,0.0
12.168706841294059,-5.903202471200467,-3.9557982414145965,-4.6755154885266,0.0
13.997418174969948,-30.114609538022552,-8.412054591429339,-10.085230344160745,0.0
15.860470438328381,-28.556639806422606,-5.320690699407912,-0.9495780165321697,0.0
14.409661833139783,-27.6661742076249,-15.537826373471654,-12.258110470488155,0.0
16.94559645981728,-15.030728331714323,-0.48547194261564997,-6.9284710383481185,0.0
21.390506258501212,-15.162067270407348,-7.653179217791273,-6.926053394076549,0.0
12.737910100045324,-14.561071127995678,-4.726348247572328,-5.057963365418915,0.0
6.257788318982285,-14.648330678737656,0.15888928459985863,-5.172453478710712,0.0
5.745124106084013,7.65637668635955,-9.810741452495481,2.7078186841265537,0.0
8.7609040295957,6.666856078345504,-4.0383972023107795,4.137215199660461,0.0
10.488349204452133,-10.467343806056137,-19.33700340072207,-4.358283929290679,0.0
7.334712091447103,-1.3777671866761754,-10.618257451728947,-6.886240568865745,0.0
2.3174161175686514,-12.541879041223993,-13.105439330283138,6.095786943538,0.0
9.72937338622354,-4.993666696238623,-14.703556396520224,-3.779584263956493,0.0
3.5626864915752847,-7.374335044090017,-22.928393613854794,-2.82146578784396,0.0
7.3261433508308995,-13.123196455802042,-8.539395724934963,-12.026988898487655,0.0
21.40166014831304,-4.435179948399549,-2.4420428683069053,-3.0672383706364412,0.0
11.840737468394256,-3.719382955907129,-1.4603419347409576,-8.693247456058934,0.0
9.627411367453087,-31.715402788442923,19.313626933931097,-4.1051350663925685,0.0
11.818454375942851,-14.426805691532323,26.638527499934348,2.531242627577116,0.0
2.7444540027298103,-12.071875636853356,-8.006920437713053,-2.8167981866898417,0.0
3.5254889072921687,-3.413941944226975,-22.22129856127777,2.805113590785902,0.0
3.8491522230506847,-6.565299290525672,-17.777089919887246,0.8136963489716643,0.0
-0.417868080791699,0.5475268043953534,-29.03204749968858,-2.883718839852129,0.0
4.803142713473342,-0.13333847833099455,-32.56364645755829,-0.4812112559434061,0.0
-1.6413283703350459,-15.689021219534313,-32.478230908620986,7.731348169241032,0.0
10.681630827070737,-11.305368872473306,-26.723373615904208,5.671958631000241,0.0
19.869899926423816,-14.279574155270314,-21.73773210636469,6.496580333543705,0.0
12.158574547494378,-5.4771256160201744,-18.886712702026976,19.08748347370623,0.0
5.872066719606417,-11.073830595302658,-8.069880781727878,4.948488059538305,0.0
11.07205181418306,-12.209333672446135,-24.029913139431518,2.8643838499001086,0.0
15.299105997381758,-11.487018923974205,-23.485253313503364,10.20278383361568,0.0
11.670531931959912,-12.215919824073772,-11.600518068921403,4.229810863966229,0.0
13.750611974148077,-4.951990825165333,-16.16802373345105,8.76082729226432,0.0
16.90353523802332,-15.726082621612148,-20.685477678101297,6.643546332797798,0.0
13.026024000604933,-5.7683890166713025,-0.09615953297910451,-5.273527151969501,0.0
14.5302753781477,-20.065904316919134,-1.9043635166180497,-14.949854805044232,0.0
11.489247368696917,-22.55743743719114,-0.7610955456779998,-9.94848527208415,0.0
11.230042738466848,-12.722385852922033,-14.455313216522075,-7.146477164304516,0.0
11.351085587513955,-9.762689129015666,-8.282447432182899,0.03014399104767862,0.0
14.457337687594247,-3.5656193330060404,8.29096191324779,-2.2964633044496825,0.0
7.805874182439608,-6.715884075541618,-5.353154875886924,-8.836353778768022,0.0
9.485875819842637,-23.39534494880969,12.018800185005881,-6.532268076809299,0.0
3.792164814106343,-18.516248333494573,1.4125635722313863,-3.5496032448072046,0.0
13.03259530945503,-18.131278115588664,-6.792600659441502,5.693947898699729,0.0
10.082577213057435,-19.845648914384515,2.0735600924420683,10.034922726507965,0.0
8.138979407521633,-22.38577399151726,5.795401335454672,5.553266298521679,0.0
22.67817392497726,-14.918947196001387,3.6353332093880133,11.75530806652332,0.0
16.17668838446325,-19.52728135191687,-4.695904651501195,5.147352326810102,0.0
16.280236538497327,-20.09165704501407,1.3152104126179962,-3.1050071195078233,0.0
4.4512452879075095,-11.642307838503344,0.1671986528768028,0.5890391465957212,0.0
13.818677958210007,-1.279428708118198,-15.282346789141178,9.53133856251163,0.0
18.629633201933398,-2.4610584487535068,-8.177503978991009,5.133949883733882,0.0
7.607416466953973,-9.481946868552882,-10.87886522639681,-10.84669627556542,0.0
6.8656457387487215,-29.410932964832895,3.8574531990474235,-2.8367449715635384,0.0
16.16867590347911,-34.80977852401834,2.4279875973290683,3.6393664487382247,0.0
7.680662430135962,-10.565751235305116,4.990330085276165,0.5333671202451298,0.0
16.32223084883759,-18.670500318566233,-0.5657656909644031,8.231132201622877,0.0
14.823958681625792,-9.703409997392779,-15.627976688016544,-4.204429998656028,0.0
19.92566887127859,-8.181268249558498,-7.788864438759795,0.20885689703566057,0.0
16.70410415953697,-3.280586373623242,-16.686834153683144,4.998752082881039,0.0
16.278807090768968,-4.316624683887092,-4.6252497632642395,5.243453434242843,0.0
12.502681928919243,-10.818176129321284,-21.746866397137957,-3.7484533513314124,0.0
17.041035978089646,-13.66129357248482,-14.645214428121811,2.0916783272294377,0.0
11.05725268618781,-6.425030425787946,-6.4486357772544505,-3.4213442191602095,0.0
6.766820289524217,-0.8714050366336874,-5.891666350943757,2.053179482290626,0.0
6.715633327867632,9.022002207074854,-7.2424168233509745,-5.882371179493128,0.0
3.4078309074483357,2.0099643532031646,0.5576852471191378,-1.2373345192959095,0.0
12.080159289110771,-5.548824539116871,14.430813236660358,4.834610658309285,0.0
4.995298670414746,-9.23715934785829,7.414703176150919,1.1801049190791155,0.0
10.146891424700865,-13.27933676907103,2.0013728830412445,-5.33943905726212,0.0
9.781990096458038,-9.104825350928088,-8.781570587406215,-1.365135132447485,0.0
8.919558928444058,-1.2879972770094192,-22.066334284693458,-6.092983421229366,0.0
8.950149141179782,-8.558860420284283,-23.85980328760212,4.009370837007889,0.0
4.794466298729764,-5.223158205712778,11.310461086582247,8.809838500255442,0.0
4.684853672870802,-10.762009793725245,1.5806122821402475,3.0380649555558525,0.0
5.478303401774154,-10.085902907415873,-4.860934962914952,-6.4983765821021535,0.0
17.090333909901755,-6.849438916889078,-13.619824714932118,-5.266644929257791,0.0
19.7652779600145,-6.535666458771411,21.531461813841208,-1.903352082557553,0.0
8.918011256271566,-21.43549356106899,15.29136381987805,-9.186914485915253,0.0
15.517868409776938,-17.237696337015084,13.77521753229948,-4.825183576417942,0.0
17.60196697424443,-24.618871412524804,9.115227380753382,-6.576264799607586,0.0
17.434877512078394,-37.550829331781024,-6.855611411002235,-13.006161049215574,0.0
5.803748829661442,-35.84670944057094,-24.453019366972203,-5.574490557208721,0.0
11.659155333415105,-22.58142396677283,-2.0430750447341097,-9.816019538566376,0.0
2.1045725412437477,-25.91801461018024,-15.395758353137136,7.924609447969273,0.0
6.994266429204947,-17.735590149404963,-17.594484484383347,1.733099808254344,0.0
5.1747910137936906,-15.9031173036281,-5.791887167095603,8.086355972978591,0.0
-4.081172037886425,-7.838228893602608,2.8068675459318246,-5.234028832226084,3.0
-14.855418947636512,-2.4711935836364116,4.980660063084914,-4.082234134529588,3.0
0.4487830850782695,-2.8108454255231523,3.299281019206129,-6.228281001489236,3.0
-13.844792318056356,-1.4040488885485765,6.370063384042654,-4.530829223314569,3.0
-7.910368599363585,-8.559727853830694,2.5105989127172386,-1.5081175022486635,3.0
0.7191260937226271,-8.902403690242341,-0.647137064348021,-2.6177827684708737,3.0
-15.200615043972412,-19.139972886806568,11.057675075608932,-3.8721734179181855,3.0
-4.320180662350607,-13.756183753891268,12.437289435244589,0.04768000332158584,3.0
-9.01301825205112,-24.232823835339715,16.302091631750027,0.9433608166518499,3.0
-2.944656503980406,-1.8200565136510987,21.911991378039087,-3.409559896900655,3.0
-17.527909459081087,-19.141606025261304,20.842412644354937,-0.9406082059041645,3.0
-16.678310917963298,-15.86510455642967,18.813737514995292,-0.7867365011527696,3.0
-19.34693787069152,-6.7944039743293505,5.655325340089562,-1.951927733492135,3.0
-11.878796174151756,-7.281949545180467,2.040628123803261,-4.574602980854586,3.0
8.03227810051055,-12.01217603295631,11.16133734996011,-7.431985032957374,3.0
-3.5276049520496073,-7.642223710076624,14.928020678918745,-5.767530283407972,3.0
-1.2842199190932515,-11.981937984053246,-8.254340601632153,-3.4852918042754784,3.0
-5.977722896818947,-12.761575929965769,1.122970548806384,-0.15779598130658923,3.0
-16.264371706724187,-15.111694456951186,14.213878839726355,-2.224198190809704,3.0
-12.638797357246096,-15.555782658874335,15.246941222204416,-4.791164111206206,3.0
-13.213018093292519,-19.647557149214776,14.391161287032658,-1.3245989051438336,3.0
-8.868159456840285,-15.210548430878644,16.319145495836572,-2.1703496676533236,3.0
-14.727803831566577,-15.269546290274437,21.513537789982983,-1.794300370763639,3.0
-18.491517752809678,-19.776880882455075,18.8688638297512,-0.9202666212337249,3.0
-16.02172571606594,-29.625683752104997,8.708551060344163,-4.387805395815466,3.0
-9.568558162755057,-24.94818420179361,4.966961201139088,-1.2975147881725952,3.0
-16.943407231950975,-1.7822590940717236,19.08042782266999,-2.4882454847185964,3.0
-25.03436594733819,-6.209514366876824,13.074810988416832,-3.4208111844322295,3.0
-12.410570613214183,-6.541418243161109,2.9641578825022146,-2.294634696939993,3.0
-5.074278372937578,-19.795709714232103,1.2313452659727862,-5.719403907541042,3.0
-1.2898840832393814,-12.913614805992964,9.314675091384116,-1.8915802946953173,3.0
-11.716539752361394,-15.190838497926759,0.9570961498196908,-2.1146585132661313,3.0
-21.24964046805639,-17.72035269541516,10.929570197109573,-2.9841348857871473,3.0
-9.941259414024866,-8.93414153449487,19.762683860046085,-4.255997763170972,3.0
-4.842257558393291,-11.396876201370542,8.401940136814792,-3.693709157981079,3.0
-14.157649750195452,-12.706678903583981,6.6903456623179025,-4.011247684569089,3.0
-7.412998365643133,-16.288684679057983,2.099865789397464,-0.9689135350780518,3.0
-13.356743331629183,-22.38634881361189,4.042117034758821,-3.8024769299222276,3.0
-9.394523889193913,-23.351960027220315,5.012570607051259,-1.3616423497359997,3.0
-13.354917932024188,-23.089889288311287,2.120707427853432,-1.8944393754745845,3.0
-17.54838751432365,-17.890933394744252,7.788812190256742,-3.4977613739677205,3.0
-23.00531920876778,-21.808124732373717,1.838961820045618,-3.498010382844159,3.0
-14.361700482231807,-21.72693574240523,4.459660712434715,-4.062698358808566,3.0
-9.58620591714616,-1.7802162256028833,13.720811243784262,-3.5164102578806666,3.0
-16.64359819485807,-1.9730761886590535,20.385351429422464,-4.6341342765015625,3.0
-10.30024700721436,-8.193269642534855,11.132648130904963,-4.985985900245641,3.0
-7.719254818405395,-18.794954891376616,-4.446013146349404,-2.7952650427838175,3.0
-18.372459057269875,-12.398653123263452,1.2214888464797253,-1.8681938701634218,3.0
-9.47750214406268,-11.042712778618416,4.080509792164921,-3.2399114339864012,3.0
-5.094220852412421,-25.53822988678312,7.476029173971037,-4.478071430627864,3.0
4.3353632464798455,-22.875784556246995,4.477453742365564,-4.060039788987764,3.0
-6.612224812429193,-22.44001139405383,13.326036170106372,-4.732327898945502,3.0
4.120214824716657,-17.480199253178114,11.110273609470894,-3.208591213188864,3.0
-2.7814161610158754,-17.425740576775922,-3.6710136192082814,-3.616268748514135,3.0
-10.01962234662069,-13.083284829561599,-4.662872954415262,-0.9236056560757662,3.0
-7.823426206509144,-6.670626937253775,8.104000916197192,-1.0789908812815638,3.0
-6.438574039289626,-10.877123486073756,-0.2032515274445792,-2.4399251929169594,3.0
-12.456398735907305,-11.565452537700459,0.6724062146273755,-0.019077502700899363,3.0
-6.501302583475593,-7.18117727189553,3.641457960949148,-2.728220545776984,3.0
-1.7581136425312316,-9.26515345855095,3.7753954037792363,-3.5344226906407084,3.0
-6.4474661495928505,-19.093182223126526,-1.7432315008816879,-2.340246345877096,3.0
-16.238040194379888,-10.283883618485781,-10.418129776924593,-1.256641834719474,3.0
-9.668553776691638,-15.13738920307327,1.776555049482246,-0.3173387343604548,3.0
-9.750616369499365,-22.18370106619579,17.26667146043942,0.9998881760823224,3.0
-4.047673944760868,-16.168104035252675,11.454113755790903,1.2146255008797997,3.0
3.503295588078781,-9.123819302160099,17.547434074832005,0.7868517138125304,3.0
-0.4388273002330987,-14.023123883891842,2.160054909368471,-1.1428902026693248,3.0
-10.093165617268143,-16.92648050308684,-0.6570439793576828,-5.615594223176091,3.0
-13.098125655639594,-18.690193356218277,-12.909264928308456,-2.423433747687497,3.0
-7.941015792668732,-12.962672772208592,-13.387833421476401,-2.2938804874775807,3.0
-18.870032570066286,-8.246119107610774,1.908901244559353,-0.5338336449962,3.0
-19.426963389716015,-8.27397514377806,0.8945958589588443,-3.099914909535934,3.0
-7.9717214987022516,-13.109007272526894,6.7555494014773085,-3.623735400144044,3.0
-5.832388980714002,-5.602300605611369,0.8909675172000195,-2.017657240184835,3.0
-4.29963458996248,-13.533397093797303,-10.244997418754897,-2.212860857248163,3.0
-22.177016145877996,-6.121094782019552,-9.094970815754596,-2.5271151959824425,3.0
-9.790956771335177,-18.962917358697812,3.2464609572114917,-1.529723382867077,3.0
-2.7614138099849512,-15.049008033004167,2.369718628504553,-2.7509271866721994,3.0
4.958308670280899,-15.906298936291106,6.180335757463922,-2.2345807229695853,3.0
-4.342723509807756,-17.21545548905374,6.639190684195823,0.5224132679786981,3.0
-13.073968168223596,-17.474907073232124,20.474564380622454,-1.8252561946821748,3.0
-4.558047430860761,-33.157104664357604,20.048940992258082,-8.420486624705632,3.0
-8.122381713341232,-14.501242798750537,13.875465592588059,-7.125582001593368,3.0
-8.84598382721515,-11.475472323898087,12.899589695364778,-7.2828031762163175,3.0
-4.404937263302399,-19.08556554873406,11.220258282806423,-7.650581298057784,3.0
-1.3929711714397897,-10.041394274928596,10.476577545254894,-8.194784357291878,3.0
-6.453260984615916,-10.398476426763764,12.754680127029133,-3.2942289806752214,3.0
10.312201995201752,-11.478455016150894,5.2226194404837925,-2.9559665465955964,3.0
-1.1035255756316675,-6.883101519152385,-11.292101996260639,-1.100378615161234,3.0
1.326436283231737,-18.022444922245345,-16.889071825267305,-2.1592045047769037,3.0
10.845291872646065,0.2662635277129226,-14.283082605314075,-4.852551812812989,3.0
-5.493446731997345,-13.296212225675472,-23.194469145458868,-4.993830031752918,3.0
-0.1140425640818421,-11.682595881310775,-13.712438837817157,-3.2133963984833924,3.0
2.5885541226755286,-20.17208579836913,-8.965254257444188,-0.9124646277612825,3.0
7.5105796741644415,-15.313400811007067,2.2163573908516363,-2.1246016424889462,3.0
-6.73226094466629,-17.811931602414496,19.38440068274644,-3.4182416313835238,3.0
0.06565842392805266,-23.547251164360336,13.72217319581316,-2.132766136001167,3.0
-3.6650528387087307,-18.637805363141613,2.843062329951349,-2.232608776590951,3.0
-6.034717189274059,-11.70443862122195,-6.614716508690789,-1.921580405995133,3.0
-5.455856748732169,-26.2846460825789,-6.991232202468646,-2.1889168456575496,3.0
-11.638992133596135,-27.61158068662233,8.843181782821558,11.09174411956704,3.0
-20.61551062573453,-18.722039311451997,8.62112386027896,15.696929929151679,3.0
-13.91986708813863,-20.031440114649484,13.279366228782836,14.51925059555692,3.0
-4.549936023478258,-8.207915118766518,11.2084961512858,13.57429687821377,3.0
-7.033480018750538,-7.047037558850652,-2.994581506557134,14.344579388104496,3.0
-8.83276256466456,-10.941394056318938,-14.378736742543987,15.450169654106164,3.0
-15.744662305012024,-27.662464120853876,-5.4114612338072465,15.919964493396936,3.0
-22.630852857995453,-18.398067184421215,-6.800085333164581,16.913809481359507,3.0
-25.53606117551317,-13.72446158266897,-3.8526437235146247,17.630578856580133,3.0
-25.467060914340003,-16.61303841534611,0.7480176107717056,19.734841459158677,3.0
-6.247854986054391,-10.993375528187975,12.019093153755538,15.645846301617878,3.0
-22.249581147086737,-14.972063449702254,2.0539541021496976,19.077160464788424,3.0
-17.18724886982108,-18.47079650865795,-3.556690756765601,17.786121262334078,3.0
-19.503091205051135,-10.176978366925647,-3.765538354480171,15.776465618209798,3.0
-24.15636070622466,-10.379301649199459,6.6730984917921665,11.932088449113248,3.0
-13.144607339469704,-15.518943799451577,7.987266472527427,13.946720477603819,3.0
-21.773420999047136,-11.076067070820425,1.6757949138023882,15.109281766104385,3.0
-14.108370217442287,-21.893264063811372,8.609022113124531,12.6852369888239,3.0
-17.479043723421448,-12.038689159394837,6.529441393422422,13.30888837518491,3.0
-12.082948387569074,-13.060820217278762,7.1794519466970055,11.155224480265902,3.0
-13.702679386608622,-25.3719333925128,8.07589554674101,17.141310079181334,3.0
-20.247342848094554,-19.418750387500435,6.839236555552463,15.721987512084103,3.0
-11.358147248951276,-11.799720886954589,7.775020473673247,13.97093860827686,3.0
-9.019802767618735,-15.178526640084794,11.196565258463616,16.011590285418183,3.0
-11.281612088514839,-5.16433317067246,4.048009031426943,14.950438475776807,3.0
-16.846973642968234,-16.035703808619225,-5.361822048657149,16.22428123835747,3.0
-29.074417062253943,-16.515866871246068,-7.685376281629527,20.647147629720596,3.0
-21.122239379036344,-16.152865762166655,5.161303543261272,21.31778872249863,3.0
-25.29673176572912,-16.11155459570898,4.989093763686021,21.030482854693478,3.0
-29.822822410871197,-13.526941652275601,-9.487676795503974,17.740790512805297,3.0
-28.096438712120133,-2.498402520190206,9.683952914375425,14.962697960359234,3.0
-14.229132559474571,-15.125423226474886,0.9280885113402046,17.983187053855264,3.0
-1.7380737187306199,-10.514843708716535,-0.6469199834198482,16.072304674089587,3.0
-7.593983971897771,-9.242465832932911,-4.4871417867192696,16.11374677739931,3.0
-3.188662326385259,-12.713902848340478,-4.591578371279487,17.496554780394522,3.0
-23.038359023769218,-16.12058415461132,-10.109331920514725,12.62198725196555,3.0
-9.38738043355416,-12.290862138060177,13.55521570481335,15.32956138249219,3.0
-10.233044883537312,-5.888922902400855,0.9164527475792195,16.019719558647825,3.0
-2.9953790375042644,-2.8419192534579665,-4.1611191903737215,16.107013589711965,3.0
0.7727808410642076,-8.604943714976361,5.194551776387936,17.448713399595178,3.0
0.07008629086254103,-10.130307783292436,-1.620515368124258,15.8904417534286,3.0
2.3803100963918133,-1.5859376699756762,2.4586547424886094,20.540589844392898,3.0
8.855477283864023,-12.681030861210765,-4.000546277735027,21.74900948513842,3.0
-3.525923667553683,-15.322788459375738,2.986430090695669,21.35734908614967,3.0
2.7150008449726712,-13.20242455730683,3.550811109932555,20.786851821730043,3.0
-7.932587476141347,-21.918928815213867,-2.006606229511754,23.169844450386968,3.0
-14.9285120603352,-16.74637166456482,0.3183067543586606,24.608235946587925,3.0
-6.633312794658286,-20.617453955064498,3.5535121010447432,22.181385700096964,3.0
-20.236081648478336,-18.20624379693801,-1.0975581579197944,18.93490139606178,3.0
-9.300439186281247,-19.94153292946769,10.154618086759982,17.568575134525034,3.0
-4.879226846962142,-25.065644251489182,14.922079440600589,10.756068475697244,3.0
-7.688711685303912,-21.879242735946693,12.507370037370581,8.45039863868033,3.0
9.877830567462384,-15.00511396912068,-4.196034012670407,6.177924063117903,3.0
-0.09932857595283151,5.458411804753654,-10.480983314843252,2.7418627089743337,3.0
4.870543026116888,-5.004403142314439,-1.5501739251009914,8.041411975101564,3.0
-0.7096055843115634,-18.186461162584173,-2.5434421102483875,9.080938736575241,3.0
-10.039997619880303,-8.056693266117595,-11.865064101444231,9.615808751693464,3.0
-6.471165400184085,-4.256664226476261,-1.2990884429366143,9.004035938880083,3.0
-10.577434580739762,-16.936607528322146,18.46316321547466,7.118915888973843,3.0
-12.675908185418717,-5.136245800631354,14.493917329337252,6.362880990739937,3.0
-7.008537378424114,6.418405814333953,18.49669064690182,7.096981134852202,3.0
-10.739580878991427,-3.3143561348370714,28.46282513597863,7.2427035869378145,3.0
-10.064868427249719,-10.391523434957646,17.968812150565885,9.323029954272066,3.0
7.124417629525713,-14.664403159643756,21.336549915108737,11.881930926031616,3.0
3.6453199874505984,-20.69186370024996,19.67228165110744,9.755311199503328,3.0
7.385660271770146,-2.6253274185941677,14.444799821615936,8.564548979936358,3.0
3.804158411520787,-0.09655942266526107,12.240878544527245,6.893248103055712,3.0
5.656621889243882,-7.389173964006985,3.7932156473739407,8.00759230407665,3.0
-3.413947907040097,-6.094885301612727,-7.126429853741398,11.678212144831376,3.0
-5.0723979544651145,-8.751301822774622,-5.760331889364354,9.136953007261884,3.0
-1.575045969771959,-28.592633592063088,-2.8359674833692763,10.581674731319344,3.0
-9.669185853211287,-3.6282701286776247,-3.3875491571902323,9.371340270205266,3.0
-6.966217236532704,1.8611128060931508,9.524431708142249,7.118302340917018,3.0
-2.123216010884093,-11.456760027142906,5.531740406566946,8.723053356204332,3.0
-6.7542989559949556,-15.074287881774472,12.764212856318494,9.103809963237238,3.0
-1.3704266493219377,-16.117951036305406,12.915623303027557,6.405752297011781,3.0
5.46847239729301,-15.672803361929589,14.068538599991134,4.891757893987927,3.0
2.5552687973015167,-28.548295237343837,17.372843102582415,4.287846878573988,3.0
3.1877905878730255,-36.39974235743152,16.282567257511552,4.9202035246467855,3.0
-1.3277039966681858,-38.59653576629445,4.6899124615280625,5.150292748163883,3.0
9.112673745927571,-24.306704272142994,3.649115943367017,8.30954871795737,3.0
8.977666686708552,-15.23000386347339,8.330065522473278,9.530800570361828,3.0
7.146719910881017,-6.572438492993754,8.547716887641382,11.83214385025964,3.0
14.202299986113092,3.424967970581669,7.57715081972943,9.223162873555586,3.0
16.518615803802778,-3.655135411013296,12.468721375958964,9.325935802845853,3.0
16.696293041403937,-5.9939763213933634,8.137371456999057,9.083610953717306,3.0
16.29937682843872,-3.0923993137687935,5.340833065849543,8.006703898288125,3.0
7.51681119635133,-7.120502929084251,-5.335969186376318,4.175066655096783,3.0
4.739592739897676,-27.548049870728676,-1.040925020193598,6.938715206605264,3.0
6.436697157587154,-10.780672518365341,-7.8983469535722595,8.262529542307222,3.0
8.242946879015122,-21.372236569568223,2.834502476666481,9.239630914022174,3.0
10.59651384798699,-27.563879841410998,-2.4003269998362398,8.18979646581261,3.0
1.613329818302355,-13.219354289100318,2.283420896972805,8.347160767755485,3.0
5.936588831601572,-9.36188332887038,1.7387430276607003,8.442865494646197,3.0
-0.70721064326285,-6.903143419692929,3.866826119875725,2.5305216113304785,3.0
-4.951604932954218,-6.782877414180594,7.706616703295354,5.3534715459265065,3.0
5.529754613514003,-13.711362658257405,-1.525477231794846,9.356188869316778,3.0
2.8291320080367557,-14.56744363322025,-1.0845726990640006,6.927429719912151,3.0
-2.5686218428808196,-21.91426373274354,-11.751114831790265,8.901219072488871,3.0
-17.922052547244416,-6.530979282194844,-14.028462911891882,8.61375258849266,3.0
-17.149387860629144,-10.23275772161557,-2.8358503057728495,-2.4108551433705614,3.0
-19.306495662061966,-9.97070542926609,10.997633059297735,-1.3216625774882158,3.0
-16.258034991941926,-23.23809334359204,6.250566411968939,-3.3635742478468256,3.0
-18.13668736729555,-18.20685455612406,-0.7445437711828315,-7.786024363298061,3.0
-30.98945719534545,-8.327381292456916,5.169522264169824,-4.859882183108361,3.0
-27.515981476276703,-4.998111307576629,5.751834633709699,-6.96869669369164,3.0
-27.055413548283383,-14.872518926315658,1.8448191788600932,-7.476471113750766,3.0
-29.41979993967055,-12.96048424468469,2.7094419469346236,-9.302062105881102,3.0
-25.843022345113564,-11.05081288952146,-6.449968201790279,-8.396916484055449,3.0
-24.24462080762597,-15.589309529372928,-3.7044926936548572,-10.339272497844323,3.0
-26.789634832478697,-30.45254386306173,5.664236745355685,-9.124825872011549,3.0
-30.790901310705028,-22.198033556186843,20.82637082231986,-9.708764926635316,3.0
-28.043798435402376,-22.94439219241486,7.314646462284649,-11.337524475414472,3.0
-22.46193292293875,-16.440540843960218,8.681671160010689,-12.528986903566642,3.0
-11.740956210530015,-17.961094326105304,8.514006068353801,-5.924950427953006,3.0
1.1495046006216683,-15.43102475346834,8.072876937976744,-9.367442281580331,3.0
-9.412900485077447,-11.56942248826654,1.4301357231143759,-13.498496244681565,3.0
-13.55130361883569,-17.92763753524667,6.29097489629399,-10.209649171113789,3.0
-12.830348160967425,-12.851987767320356,0.23754015683799334,-5.66056793567326,3.0
-18.170738287232364,-9.304248626988844,-3.122883684868232,-3.9168991267234388,3.0
-19.057804017730092,-16.143427205170745,-9.242010207191218,-7.362265983972165,3.0
-30.301232522227615,-23.085779097076212,-6.034607070546064,-8.648434799587356,3.0
-16.220347750649285,-20.248262891424815,-4.055962770320061,-10.216546039712037,3.0
-28.709734976249877,-31.69163467133679,3.7018583848149147,-8.70582110868352,3.0
-20.422025734118414,-21.138914033405626,6.778475392948228,-7.411707950404754,3.0
-16.629602730491428,-20.495489697481155,-1.4710849328825444,-7.109894270996412,3.0
-28.65847040596248,-18.357462490240234,-0.16121046847760434,-5.866175318923024,3.0
-28.698172058235343,-17.987798195465675,-8.323863304318756,-8.89976392362793,3.0
-23.89095149409046,-26.104325021329633,-3.415067979063294,-6.021560952613202,3.0
-22.67210022094024,-24.364979620744347,-2.1837348445053486,-2.993977038574431,3.0
-25.568515418813206,-14.296831602158822,4.618846257820008,-3.4375634746834276,3.0
-19.34257374287065,-12.232639838907666,4.917792879226334,-8.098585856657886,3.0
-21.64666207750614,-15.934880563816616,15.214788769749573,-7.699638575266293,3.0
-27.013752842827174,-11.4372703918425,16.813326606402246,-5.143881163401595,3.0
-32.13501624530746,-14.218501233822767,16.857433055595685,-3.941969622220563,3.0
-36.95896375385636,-8.37176483130671,11.797946695737972,-3.8343149306854967,3.0
-30.694635908528667,-7.54609356662959,6.138341309460402,-7.102382306487781,3.0
-22.351089549947677,-19.927803579586016,16.940775770524024,-9.82656107119887,3.0
-17.307661588744384,-30.456969479961465,18.00471337247358,-10.985774907574216,3.0
-29.785039191017557,-20.72220680780531,0.7391249892660978,-8.702240233962794,3.0
-11.018109000807407,-11.70595417782793,11.830092376532955,-9.165017394409936,3.0
-4.1178693196899605,-10.498227523256054,4.1816631504449076,-8.361477846767038,3.0
-22.394575928126233,-8.875671688973071,6.177120531389676,-9.010606054295938,3.0
-11.174968511577339,-11.686675333900387,9.283988770794258,-7.502798577752002,3.0
-18.717802375289587,0.3894097571990862,12.421993875088987,-2.616351058033447,3.0
-26.34721701085207,-4.86000851761505,9.439425028427436,-9.11376475748547,3.0
-13.228210138076069,-6.527762216112569,23.079433147589167,-7.070292597926065,3.0
-0.1321510358071123,-17.699115945462722,-3.080981979141211,-8.52428271990121,3.0
-17.10515583660402,-18.81104967968014,7.3392206906593715,-7.521717533212113,3.0
-28.685876034845585,-17.915660686114546,4.056836972449238,-10.74558258943198,3.0
-17.998187582727425,-7.006207919499632,3.2081092905954782,-7.184305189145057,3.0
-4.933161881175146,-23.345655066495567,16.66170322822994,-12.457549444291534,3.0
1.2169559355228436,-31.93811898759798,5.2191041445013155,-11.351303749742673,3.0
5.33362258366975,-25.729743813720702,7.848611968132215,-13.158358172931024,3.0
5.352318436177887,-28.50733033805232,7.972507672866344,-9.544569829408752,3.0
-1.2417904853917092,-23.330114605109152,2.775903822678798,-8.493756928216845,3.0
1.2795407941693382,-15.535208900574185,-0.5804287550152836,-6.519506117837732,3.0
4.424606914137797,-20.1621579315389,1.3077705960908956,-6.35785100504412,3.0
-3.7086086910493195,-24.057440206950243,-1.043831205356467,-9.225516052376546,3.0
-7.315960711836109,-13.951337339286466,3.1075670685791303,-7.132675405323683,3.0
-3.7278415454633347,-17.076931974261726,10.715600239430389,-10.48111636185267,3.0
7.993593950331994,-18.290865517678,13.69774320040679,-9.859863386401322,3.0
0.8215579296472546,-12.317618216831693,8.611897195847316,-12.082738575825466,3.0
-0.31984546238778844,-11.410081389475545,9.819727848925126,-10.428251838074859,3.0
-6.365930050233344,-9.479882004740851,2.834975520872278,-12.814171238092456,3.0
-11.62495884527823,-16.86926217449895,-1.2426002942138978,-8.592602626004558,3.0
-11.000939235742543,-7.334168066259924,6.155459272682525,-11.268373182544305,3.0
-2.387743013774834,-4.214892305733972,1.136766266476593,-11.938425163992411,3.0
-5.131552481861984,-9.756503577708997,12.279292351641352,-12.22001141954348,3.0
-6.285671269457026,-14.378634534324725,2.3423900289782305,-12.415087675798063,3.0
-8.308129701524031,-6.209336490787699,-7.448196664469233,-8.85011590836142,3.0
-6.958249713819141,-20.19209492965175,-6.952301809624747,-11.494140184408733,3.0
-4.881718561483908,-20.261622406543978,2.434630424265755,-11.121072514495992,3.0
8.940037811050903,-18.12153176001197,-12.837302493600738,-12.52228517654589,3.0
2.6086736077809647,-10.216717709620415,-5.5012796680476175,-12.685191458183326,3.0
2.7235499451763943,-29.441437464935817,-5.1148217784475385,-12.718603899542618,3.0
-0.0625998208710129,-20.628132449604944,-1.4270545044312133,-8.945546832961773,3.0
-2.104174930499237,-5.800241008604452,1.8574890418136691,-7.914652391786087,3.0
5.7331033149676704,-17.71662916420496,-6.840479609324992,-7.618865129336074,3.0
-1.9112090230224608,-18.349170655404325,-3.5211570027093626,-7.578810684260933,3.0
3.364997105362954,-17.577647065107733,8.765211573164498,-11.339003143703984,3.0
1.0453846099318267,-19.01414027201901,7.409441334337332,-15.640091286664811,3.0
5.371800302161845,-8.198961576280094,3.226124735638651,-10.65832170785906,3.0
5.2164785483300875,-6.720284367713079,6.084584809713867,-9.565764908266809,3.0
18.327761689953746,-10.677693122161578,11.317799708835345,-7.344782764654726,3.0
19.98726285424427,1.3215523963467053,12.472399208689263,-9.457195458811185,3.0
2.1157000440166196,-4.419932079268034,1.8583678848125498,-7.8605003777133895,3.0
-3.0922050218604085,-3.418070859179588,11.815442112942723,-10.417187420241614,3.0
-11.515015516814442,6.483664004930986,-1.073555170602054,-12.282417608721508,3.0
-3.812410911257792,-6.526001229742613,8.592607063539301,-10.167573179737351,3.0
4.9693437243275485,-27.503271481504044,4.660962185483521,-8.578137286327044,3.0
9.7808402770961,-30.051976461171073,6.133315505490232,-10.932438386986583,3.0
5.332409904716993,-33.57215408662483,10.723256845789802,-10.038926572765819,3.0
0.9398923321415635,-22.31126049750651,0.21020891824550025,-6.6826637769019825,3.0
-1.6680602065208228,-11.709853209118027,-3.1780925214820783,-10.06455544048488,3.0
-7.934808537941173,-12.497736891310247,-5.2267600696364465,-6.169600961561628,3.0
-2.118064893861794,-13.333046697677899,-11.404824363886839,-8.857975016766401,3.0
-14.863181045943453,-5.244041431888741,-1.197471635463474,-6.320163706692199,3.0
-11.444362875672379,-3.798049496582106,14.332246999106815,-9.222879838175377,3.0
-10.592469810989831,-21.777985523052216,7.525998793279344,-11.647913096330802,3.0
5.500860423097901,-24.862247030756137,13.311134644618996,2.1688652882057298,3.0
10.823824021742718,-29.153600740785333,9.990464756818549,12.564385606573033,3.0
17.121023149055873,-10.658237812244906,18.6219844212199,13.367865980719436,3.0
18.18882406292981,-9.91712882517354,-6.044791813868943,16.35025576232988,3.0
20.106824809226737,-5.817452557633683,5.354333722218778,17.475977206794035,3.0
17.579708222059818,-12.309698642360752,-9.465037677823746,15.558537722789502,3.0
-1.417155558016256,-5.271541607404527,1.754775732991782,19.037780845289326,3.0
4.543923784534611,-21.892404244156708,5.653111281632098,18.1554131105082,3.0
-11.102275181562298,-13.047457304761465,0.906347305180712,15.215881620754933,3.0
2.5932858400398864,-9.027341317440914,0.9857133280385035,17.108351799554775,3.0
6.751278379238192,-10.78599954504595,-8.228200796304511,17.034751528917585,3.0
-3.2427273594390935,-7.822029511706768,-0.0411509698914263,15.48413632864788,3.0
-1.918878960570677,-21.024732233640066,0.30917707679714534,18.011311277574478,3.0
8.23291269156423,-31.547878043136937,18.50194760582943,17.70694927003052,3.0
6.719567581315578,-25.22707753440193,20.49167520614641,17.956438223703042,3.0
12.887696869468435,-23.64058098141865,13.541162693736501,21.435792017486126,3.0
8.457019137239827,-17.48982299361618,6.376749979978884,15.043804056099187,3.0
6.292284616429219,-16.873251825697306,-3.1691489669785167,16.80035060390699,3.0
11.740282090098864,-15.962247944493257,0.2095103198276469,17.120321704612092,3.0
8.833259483015105,-21.168761521211756,2.0341166892842457,18.763172137282105,3.0
6.2059615493393405,-18.93123633366202,-6.686015709312729,17.238695040146233,3.0
1.086573793595278,-22.662776777158065,0.1598733924680893,15.795367969996398,3.0
13.708223687068536,-18.02700018551293,7.106485774067439,17.60373946529076,3.0
15.737157834206354,-32.860431459212265,-5.351765908060612,19.505345869466968,3.0
10.674312449741494,-13.887275499642763,-13.954328264616695,20.24368425172526,3.0
3.948584993142731,-21.557165548741438,1.1381582894304674,15.898004186736406,3.0
1.8443703049619824,-15.872044923338752,1.3196321477902557,15.015921028160136,3.0
8.40313769482536,-12.245617109637616,-5.165860603023601,17.104334028279712,3.0
10.723640677904854,-21.266245156993087,-4.502000780380657,17.09833031263262,3.0
10.089776405931353,-11.38384570202355,-12.226876572092785,17.80493857172723,3.0
16.266199788042996,-11.12734549607388,-12.16262564034312,19.139276516040248,3.0
13.3224870384921,1.5260198911873157,-11.44205540638353,15.539792357873482,3.0
15.255724885894999,-9.357946774207482,-7.863828110657419,18.967152618472486,3.0
10.602818414139463,-15.554418131706434,3.3167539218251596,19.318696796150643,3.0
3.3264033937545903,-14.631814821885351,0.911384949563208,19.583379963001683,3.0
-4.85372875065317,3.0293740878057385,0.03030470232323168,20.143893488162966,3.0
3.005311029078462,0.1470284341130963,9.660888399459724,20.907506448916173,3.0
4.101886302086868,-10.07064116844376,14.19846527531444,18.458821610087618,3.0
9.003106619643155,-8.324029476174962,7.817136618080981,17.434858970916093,3.0
9.10412703277374,-8.790518855326429,-2.08625756415341,19.822047141236506,3.0
8.742606979814088,-4.705751492759129,-0.5842731254115918,20.252158735252667,3.0
8.46166439127003,-18.217106873473792,4.311401835568146,15.145263780010936,3.0
8.237125211368138,-16.353965161976554,5.758697482383626,17.133821636724328,3.0
7.49242258297193,-31.051553416335302,5.785922543113573,15.106757915532537,3.0
13.284858769814301,-16.67962466034902,-3.4731244488316197,15.614747644355111,3.0
17.280652687837105,-12.775266638009697,-3.4572871857811327,14.492459838873106,3.0
12.4469156347312,-7.436081067975557,8.739196473298774,19.092314663562792,3.0
8.773048131039287,2.0789292754847324,-2.2911211220506296,18.917520866758263,3.0
-3.437669665047916,-4.527274675261246,13.593643360138007,17.15950480503167,3.0
0.0750526136070242,-4.282431529789877,9.671895303738529,22.048588301107767,3.0
10.432151126580106,-10.423022808240209,-12.275092147788584,11.363766526846646,3.0
7.702340219991994,-28.556700160132877,-17.669996484401654,1.5861610104898196,3.0
-2.1983407255962426,-15.460936895895422,-9.146557114486717,-3.841685874269256,3.0
-0.6392646750882554,-7.378758313429692,2.676109247000546,-2.887334673154334,3.0
8.53984232711915,-12.019471024254733,-7.681039361405199,-5.945725446938646,3.0
15.42759690864802,-10.403616978281123,9.553915038033834,-9.944527891852562,3.0
23.430777104078782,-18.33779681189101,13.75943646852561,-5.479530174715038,3.0
20.108515760337934,-6.967279747597036,6.447555085518864,-3.2550932321628157,3.0
20.099437579040362,-18.438762063574263,-3.566232611144974,-1.6863039578923944,3.0
10.97110829570775,-15.126964494104966,3.9609483279807645,-4.7743327000334075,3.0
5.596594289148307,-15.918962980530663,-9.75677388215861,-3.62677761539911,3.0
7.976520136019267,-17.65958093834831,-11.40238685662298,-2.4114724782108587,3.0
14.499549030701909,-9.594641715865961,6.085453534707204,-3.684193155925973,3.0
9.86022869972497,-12.919570874122604,1.921117191521388,-5.181539334345943,3.0
-0.6512054637552683,-12.851421699038152,11.890458293913522,-6.264322065797774,3.0
10.369839253306269,-21.436645442685936,12.023638535665732,-5.8889583236513126,3.0
-1.7204476136772557,-14.291091325067931,28.113676719683475,-4.6723534995595735,3.0
9.160350412462627,-13.1619453736575,15.096470188640897,-7.7777279137265305,3.0
8.383229795455282,-12.891944053526473,4.117559783303186,-7.408666635553872,3.0
7.391154747209578,-11.17112340598132,7.7110249736850305,-10.158289047628402,3.0
18.03007705909797,-12.01503260153079,5.815860864570285,-7.9614789598305755,3.0
17.2320383271152,-19.075026349023602,17.661205964279624,-4.747053611247823,3.0
13.574522068669742,-14.31318601217866,-7.402403121314785,-4.2408091061253685,3.0
19.11352335270442,-0.00216783223580741,8.599917201573948,-3.2424797427935044,3.0
0.6493877017104968,-12.826105556818789,16.09476690803812,-5.474407521764425,3.0
-5.428348443729204,-13.018138429949595,26.15975859281381,-5.537758759960086,3.0
-5.187214520227782,-8.968834047347654,24.04116278946662,-3.7228374067214824,3.0
8.565448250961664,-13.807499791214541,15.253765812721163,-3.38278023799724,3.0
10.325156587665345,-9.589813170944442,2.156273762852015,-6.269325110338746,3.0
9.653107303309664,-0.996311470297492,13.13394650459923,-7.426303436623091,3.0
9.575366285933292,-5.688796803811611,6.012120057005282,-10.438798430151124,3.0
-7.334118048194655,-9.424515371584183,21.313103085968994,-7.476151777952096,3.0
-12.70370337970314,-17.892243082792803,5.09500438357214,-6.043463230575456,3.0
5.065494304990012,-9.644480337331427,-3.237544261635969,-2.356297261386666,3.0
6.598419210798527,-6.8462573244635365,7.225415546876524,-4.365749626191233,3.0
-10.0317314278847,-13.778308078620494,20.419993336615065,-5.768494467612085,3.0
-6.646917455018998,-4.300617354464309,23.07820871753438,-6.11887912055645,3.0
15.72747855939824,-14.497852775157309,2.385729467789465,-4.967799594167676,3.0
1.651905335707585,-1.737550590281014,4.2140990578011195,-7.443136721723333,3.0
-12.899075599338008,-10.990310893659185,9.350124992273388,-7.167170166755122,3.0
-7.602735983637017,-5.980342896341977,-2.8170352210229237,-4.895144893384712,3.0
-3.1163457911430683,-15.348381005459073,3.7942152871687638,-4.830891306011403,3.0
-7.744602855763713,-20.927068146234078,5.3369750363050095,-7.365633395976058,3.0
-0.3661758514044422,-19.656411823593533,24.904681764330235,-4.098169248858838,3.0
-5.080937569115928,-26.362938348224368,11.847702779987873,-3.354847382821678,3.0
-6.096267626399072,-16.99709617977583,5.920902605479016,-6.505082918497976,3.0
-0.9681266398286485,-3.9466480814713663,4.212651811819089,-6.14162999581128,3.0
-2.0380528197067993,-7.622401076066051,1.815747279382773,-1.0589004413901857,3.0
-0.9062163887955252,-19.990462296265395,-1.7951982035652096,-3.1730807556494884,3.0
6.481829854822028,-27.051459403838,-3.4856256169859954,-3.8262688104286884,3.0
5.733522441414051,-18.29211753564706,-1.9787800618066411,-13.038342501877851,3.0
13.970462284465953,-17.701204069170032,-11.578377770650611,-14.368009708939907,3.0
14.737241477695562,-16.308974151258067,-2.019944211771799,-18.491458855599745,3.0
3.935733769311951,-17.116909312709623,-2.104600096293698,-17.24155794729073,3.0
-4.735156953603635,-7.282082545921592,1.619057645970619,-14.080200556352079,3.0
1.4596971384320412,-13.519940850054581,-7.105588379943814,-15.217865726806988,3.0
6.687890863924044,-13.770585530208967,13.903404856436275,-18.891701198739586,3.0
9.240347327935847,-21.344018226306478,5.219517843217131,-17.689054451125987,3.0
8.804416419011941,-12.197673342931811,-4.816185301475462,-17.01126537878454,3.0
3.728137867367579,-4.168586804085024,-16.88830176628835,-18.915106212219868,3.0
16.832366033783597,-2.784879469231388,-1.81283286404605,-20.347735403881387,3.0
9.775112773079927,-2.216063190467345,-3.016962912263983,-21.636218066322723,3.0
5.846023012563568,-5.954417028073113,-13.988446412592864,-20.285629300888672,3.0
-3.7732618263311144,-1.4132888659322482,3.601204877284853,-19.022057921209708,3.0
9.021712138007986,-8.325824569855673,5.070291118725489,-17.378398782979684,3.0
-1.6846056719858744,-16.527323469397036,13.51798135662582,-19.354096468180806,3.0
15.088555968563568,-17.719824170060566,21.54193986412744,-19.270941282503546,3.0
7.340377067065781,-4.9627292277805335,4.842264889030474,-19.444423155370817,3.0
18.019606001438476,-2.4127642424244193,-1.0623224425202333,-19.002289949812194,3.0
23.73311776115297,1.0905937642599675,-9.078788199686645,-17.832880499058476,3.0
17.609887452822083,-4.520935119593715,0.41872357905056923,-19.72234409027647,3.0
13.610729881197656,-4.771204372148549,-11.382244898371203,-19.80849990773772,3.0
17.87540743182445,-3.4389931664704534,-3.6399276028843026,-14.833593737636686,3.0
7.962098630187445,-7.778065218160801,9.79027042048904,-17.79997412574894,3.0
-5.777264413636952,-12.648645644449967,14.118042805984619,-17.20754406711019,3.0
-3.588010622350952,-21.19941564471128,11.000134650675394,-15.456326161715026,3.0
-3.199939149798187,-10.1269545134848,15.717393182865344,-15.864150137939102,3.0
-6.685143135375316,-11.912901067905938,10.289505059326316,-18.41466840631369,3.0
-0.3105386837664188,-13.788116426687527,1.8894855406934847,-17.691443093205606,3.0
15.235588224406886,-23.79420888737794,8.912360049896597,-17.039932845072798,3.0
14.544724794181343,-26.6635293050702,-3.271364128298597,-19.260365834078854,3.0
4.70471357827209,-26.866555662084647,-0.390527581647377,-17.165125362834832,3.0
1.7966819395882352,-13.680053079562443,-5.211961702953359,-18.2811289833678,3.0
3.916115403936667,-28.245503335250234,2.3720548312484793,-16.740007575552895,3.0
3.993325479554323,-32.63616912180359,-3.5154013618162416,-16.33637135789195,3.0
1.4049872946149522,-32.55744530017842,3.781456922833806,-18.10655026005735,3.0
-2.3003681473631086,-28.998727347611105,-9.018617060189584,-18.419691130631893,3.0
7.674245859018033,-22.301247487296166,-1.7840798479039421,-12.349492407850637,3.0
11.578492629356457,-19.57594001060147,-4.181433236340572,-13.56227285923521,3.0
7.85957188166772,-19.742845646536963,-9.685193388079217,-14.366288172969032,3.0
4.227112757672839,-12.833234588973475,-13.118449260168791,-17.32116210695653,3.0
-0.7748689528109765,-20.741618187863693,11.399290201221842,-17.72071975746863,3.0
-1.0121664577110625,-16.733973770158755,7.436067769191373,-15.258818369265231,3.0
4.686766334046443,-16.73359465306956,12.048848419868143,-16.068009367755753,3.0
-0.1285236139434085,-28.21381007193566,-2.3300139497983197,-12.613718483197669,3.0
8.764453255796683,-32.728215056301416,-11.531634008831354,-14.216768512719744,3.0
5.824881894021062,-29.228426660597663,-10.888579606974522,-14.143304345937324,3.0
2.416026848003377,-10.144937246424556,-4.185112430718842,-14.079705919957057,3.0
-0.12947605387276706,-8.077824119979294,3.227375287595435,-17.47610256143233,3.0
5.144429582752385,-14.890145353889537,-6.446829567397578,-16.72973373007266,3.0
8.16259023765522,-23.330153151269165,-9.269945614406794,-11.05118620763564,3.0
14.750109372116986,-21.264810427636686,3.2843054230518627,-8.256064244343161,3.0
6.486917207574428,-0.2852656118261194,16.85724497031847,-5.704818172419651,3.0
-1.0487678631306103,-3.8072395824756313,23.117722439754896,-5.968139806993794,3.0
-2.1182228878808296,-9.028198911614542,17.745298756557457,-8.690441852232631,3.0
10.095489965174549,-5.772121552793193,15.732666659853988,-9.592114846688224,3.0
17.458382089284875,-5.119465686591886,14.265410203148669,-7.360842735638837,3.0
15.864190898302791,-7.038005531502762,-6.9118978809393825,-6.525662138763127,3.0
19.573429068885307,-16.32426253696508,4.523834194881093,-6.617790266056582,3.0
20.146194239156138,-16.4341387637426,7.883315464480535,-7.029584729381501,3.0
17.68350820494171,-14.67963754437788,7.011966112932724,-3.2015864517918446,3.0
3.3955340621745673,-28.540244947512935,0.4237421456174362,-0.39259134404552665,3.0
15.8252783618647,-17.78835093991295,2.0415199604350724,-5.18207195945336,3.0
19.7178372487461,-10.145502121109901,4.402800325520939,-7.593082089099601,3.0
16.69765410514776,-6.379278726835633,3.4527543455478877,-8.179432897644777,3.0
13.154160713697577,-7.021507703537533,1.2288044893775592,-10.35909925336074,3.0
1.862812093599648,-12.022377960278662,7.886755012670055,-8.547207354118164,3.0
18.549164347711166,-9.671948835616838,3.031469103914399,-6.790573541924729,3.0
15.172468695820111,-11.722492049514422,6.753455956213295,-6.147204743868358,3.0
14.739365751191139,-8.586086396544074,-8.693652339081616,-5.787088280814256,3.0
13.780822605551672,-13.726099628094525,-1.8248224385962497,-10.108545815289975,3.0
14.847249841811346,-16.215974211081242,-1.247143882651475,-9.383261221387183,3.0
15.893498941493458,-9.790868567373243,-15.751010325301426,-8.300404365784098,3.0
24.04133450307514,-10.879011114718235,-3.0348829881933153,-9.387365012167603,3.0
8.582356382384488,-3.6217682899859547,7.341452122939933,-9.018681893888374,3.0
5.756026456329379,-12.861619222462663,15.868117972432925,-2.6396898146406986,3.0
9.638179490686298,-19.150735760261945,16.632056207584476,-5.701251256086621,3.0
18.35166513190872,-15.958944082951556,13.538739507600177,-9.793178000918374,3.0
7.225802372564726,-18.229437910599867,17.584819410299886,-9.469739380652399,3.0
6.038041056810722,-21.804359426614838,25.02943451287846,-7.326936181134461,3.0
4.870404019287572,-23.432628795287602,24.179042042046405,-7.453188893036011,3.0
6.947985001029757,-22.06170101607702,13.557348220719883,-7.678680996424811,3.0
12.848237198870569,-17.337175295159025,-4.656560028988822,-8.489919554840053,3.0
5.608293444532492,-12.243572731010183,-10.000577565863432,-6.8169677347092925,3.0
10.260152967635335,-1.56108624341468,-3.452796323135342,-5.213636614234048,3.0
8.477016042386882,-3.440304753757548,-8.578399107520239,-9.035308073868311,3.0
13.073685509363441,-0.441436003898529,11.294183071050167,-8.891845576401407,3.0
17.965824599978387,-0.34831712879918797,-15.195433721335492,-9.644502638983923,3.0
11.236029785314711,-0.2615234307746661,9.890393692236099,-6.740718225086166,3.0
18.441097477991285,-9.640206836533622,2.312142943962723,-5.816463004986342,3.0
16.54050883777447,-16.268059919026026,10.921934449816465,-7.472597759761442,3.0
29.08393355009286,-8.623664295164627,-8.140941180296192,-8.54043861954805,3.0
25.470755428017082,-22.40759714967953,7.649757337822506,-8.21702695863965,3.0
21.79046185454435,-22.385115571027846,10.285197088606271,-7.427527305436756,3.0
25.486068118856192,-16.72994409172602,1.2322613105356544,-3.5610067207689298,3.0
20.108053368059895,-12.888968755421004,-17.383947936656135,-8.151039333833468,3.0
15.679014719194333,-17.491664323595273,-9.735282286900535,-7.864489124802444,3.0
13.661249220112346,-11.742081846705558,-9.697207803155507,-4.505427587718037,3.0
13.390183669661269,-21.05919172277656,-4.329647011489662,-3.473570150191896,3.0
15.050890152794551,-12.56652319321221,2.6835971594882637,-8.779843577453448,3.0
10.629319430691591,-5.564998126314851,7.426621627928088,-11.021551113766726,3.0
12.742890008169805,-14.325476470006464,18.096227141062545,-10.379209503748198,3.0
-0.6846168942875401,-6.828349784974501,7.813513174895526,-10.731439175396183,3.0
2.7172410502703217,-17.02158838018363,3.7738983396958377,-12.042995878514187,3.0
1.806519635455061,-15.138579414602809,10.342330633248455,-10.06655370679863,3.0
4.935761618965322,-9.447030003622734,6.775340573516822,-6.118441248729832,3.0
1.51104469331257,-20.05545316302585,4.137915211904904,-8.003482460938308,3.0
2.2057495817888073,-12.580563487355667,0.05113743674463933,-10.75290005230982,3.0
-3.295274660786114,-22.693977629489034,-3.292541790801689,-11.818088839129283,3.0
-5.590975014416157,-15.791766562533558,-13.260089184067478,-10.038729579317996,3.0
1.5977005687573351,-21.504676271991556,-5.717475185957718,-11.162624632789974,3.0
-4.314454017083258,-10.255941714838968,2.985361416917186,-9.404547016828058,3.0
-5.089574775975308,-22.140384715736847,3.84227264332186,-11.68304025317108,3.0
-6.1758971751649705,-22.684583784114256,4.335216023781474,-7.002290511983663,3.0
0.34680961194165466,-21.2210158974642,-3.743652083048419,-5.58437239167355,3.0
-5.050756626293765,-17.22036498537193,4.291388655213128,-9.982516702857945,3.0
-1.6852371635874857,-6.468222772759862,-1.7957151694826958,-8.811239815052836,3.0
0.9971938038204602,0.24274111408414178,-5.191368524887551,-11.436111356958339,3.0
1.2275716723019034,-9.357804904494625,-9.132705631146337,-11.511555054365235,3.0
5.537837219184274,-13.111176087233966,-1.7615145248559925,-8.421275288454327,3.0
2.1908510993340102,-18.914061870212503,0.9670831067820025,-6.593971228430288,3.0
1.559146845700564,-21.006515479687085,2.7203382918006844,-7.745975296656334,3.0
0.9442019341611194,-12.437760098472982,13.586733216737324,-9.09530090682449,3.0
7.389505461193318,-11.261282443757938,15.68071095228533,-8.762017066099594,3.0
1.090419774441294,-19.229379697365687,25.254517187443092,-12.049418571445514,3.0
-9.713961187405173,-12.060691804094335,9.306598364951979,-12.975032664430776,3.0
-6.7712352084396965,-9.803988422198127,15.351944515611189,-10.322805806666231,3.0
2.7424554371421017,-1.4705642794227618,-6.730614282994981,-8.536408962626357,3.0
3.63291916838077,-5.986434828981466,-6.640678037481877,-8.503879057719779,3.0
-4.852017411014502,-9.807639474373133,1.4847001252389074,-7.470449318687586,3.0
-7.237097515445735,-13.412214934241517,0.47039617277035717,-12.818576498350676,3.0
2.316405750247432,-6.0095831016771255,-5.491116620516364,-13.246565712187012,3.0
-7.142965313421008,-4.29565422954828,-2.124489272130386,-13.188576317211897,3.0
-10.044870221965443,-1.698192634238179,2.3734997794954236,-10.567895449734205,3.0
-0.6666825097659572,-14.381289174266634,16.941856262941673,-10.082112552365768,3.0
14.704554060913946,-16.13019212679859,10.856388424885623,-16.25836343882432,3.0
7.516819655296364,-17.45698490330289,11.952677327752001,-19.218671374428254,3.0
18.983095207051832,-25.197954464990296,2.924726857637629,-12.635910978343173,3.0
7.7616854510183515,-12.63193537517412,14.03922720666061,-14.105551319768889,3.0
-10.947297064879956,-14.54198396189939,-5.596034661176754,-11.07426470491647,3.0
-6.009527011939633,-15.630310966678865,2.4039460317636374,-12.96449062013686,3.0
-5.707870325393154,-5.236536064164277,0.5408494233727201,-14.270272808609846,3.0
2.2187740865051246,-7.4064210557877095,10.745680078009196,-11.147516309024503,3.0
7.602095592809331,-10.67000745988376,9.008209620717098,-10.436313301957778,3.0
8.313522462356792,-24.212560162199587,5.302515923758428,-13.72495633300884,3.0
-3.4047426904591833,-17.355884781756004,15.231529072793865,-16.30714607328583,3.0
-2.626725457196674,-19.391121530619422,12.071191458913548,-10.966026868703581,3.0
3.647442060246545,-28.389674923481508,13.695693517690952,-9.653695554163155,3.0
-7.1002819855553385,-28.35955058026612,15.684441424543351,-10.945611062386261,3.0
3.2815622009925063,-23.864658847560715,32.21347180887281,-7.014726429822262,3.0
-3.9996482098789716,-19.830083616868464,23.304559516523387,5.191495224725051,3.0
-5.089915257626455,-19.93805485013478,8.990036558601226,4.751895627432968,3.0
-1.20864294176123,-27.932087411863904,3.019214675979259,10.92306665225908,3.0
-1.9554226527058285,-34.67209510775857,14.230136267057711,11.246507751023218,3.0
-1.9150824253658243,-15.558383772138784,12.658883495858362,13.425492677735456,3.0
-4.542693747469026,-2.1954686450207213,8.362498575925933,13.134944465434556,3.0
-0.774617347688535,-8.76910590939729,16.904466394609273,15.072050984810321,3.0
-11.652549422438721,-21.103796225563347,11.861694515850543,16.964058946737225,3.0
-6.3334331418094045,-17.66693808283375,5.875542311705727,13.82606816863051,3.0
-17.266806646605545,-10.53425855291852,0.3992271757456427,15.81985325854275,3.0
-23.059147932976746,-6.433978428740859,2.74660771144257,13.271997603028641,3.0
-22.097430893491005,-26.596214179370723,0.6539156738143687,14.205176003637469,3.0
-12.888573063015368,-15.823702057182091,-8.487486695836559,12.777096108218485,3.0
-33.54227273007457,-8.750229492573744,-4.90206962200384,11.278538339922413,3.0
-31.18110763309243,-17.181703897398613,5.622604832643278,15.44828954065183,3.0
-41.930165911023394,-19.80354717391227,1.4242084415337453,16.133843001234187,3.0
-31.59174173456124,-25.795534034389856,-4.388545239462669,14.868873263453265,3.0
-24.460032312873743,-27.39246618861126,10.555078969159606,15.145165795425859,3.0
-26.356113265528947,-22.226173200437998,2.157645361068642,13.766258453565348,3.0
-19.715226577317075,-6.8086028153803415,2.409090963835826,9.492409215210989,3.0
-15.475631905779888,-6.922662923481493,4.830109983756973,12.221077761065258,3.0
-12.90187196220677,-21.062414330744684,2.0537825773502107,18.473146514695912,3.0
-18.80978811731869,-8.114180044606476,-10.097473202591386,15.495518605891592,3.0
-17.52115073124934,-13.965360324982427,5.668515364480169,18.89798757882184,3.0
-4.958453086760681,-19.925207756216636,4.381602663743491,15.920004260418503,3.0
2.5247039045689554,-18.36021339091336,2.6866050710014804,12.365961515914842,3.0
-3.7525668409947555,-15.864766863175156,-8.908381641029614,13.03529553866893,3.0
-0.772243152289299,-16.354273080859237,-3.317431021774719,13.815938792821132,3.0
-8.410245564889166,-30.936893162183498,5.17202406078451,13.574171310994222,3.0
-7.850928109136197,-17.970715276309722,9.428941049147618,14.98924779250634,3.0
0.5473370510522582,-15.664012361713496,14.434901107108713,12.31788297224901,3.0
-12.608484309903037,-20.963671203685834,3.1757852312619717,10.738352419539723,3.0
-3.7149830101507604,-7.28917682591659,7.918404859849696,12.456868181100628,3.0
-4.05238445775303,-9.192063515757404,16.370569045301547,11.642704779236047,3.0
-7.518522473077089,-15.771697763789675,3.6631816353683417,15.64118189245278,3.0
-0.769690569985733,-20.364686799843206,11.432269419870106,16.78867211339081,3.0
-11.728083535788002,-17.956317602477395,8.999464226264445,6.458680440312856,3.0
-3.977297161199335,-11.989485107547258,0.7258231760650837,7.640992269819433,3.0
-10.35107397060527,-8.103266608097144,5.538754309614815,11.469700198985011,3.0
-15.4219495235802,-12.335502978592034,13.344636431658275,9.931320179712378,3.0
-13.1303510624629,-20.274167431947234,10.551509365691526,10.15254040919152,3.0
-18.111800065236594,-12.838462282132184,10.080187941838675,12.645728148945498,3.0
-19.461884482875316,-29.292997041331446,7.197959343969348,15.568417765621827,3.0
-13.223648581791254,-15.436097540788204,-2.8140705453457926,16.528005631867448,3.0
-13.117357600175561,-26.14923552776962,6.210740574282024,14.420981647978333,3.0
-11.375970689025543,-24.740893740114824,4.644126137204785,15.910968926977997,3.0
-10.160570259959137,-31.61018793829558,1.1911757692740557,16.571862933550534,3.0
-17.797492941593948,-26.731722349409385,1.1402840310983988,17.19248910542922,3.0
-8.960355839803523,-27.46467377095366,-4.171074872578085,16.9042251427421,3.0
2.9478514660833604,-19.7486366579677,9.496215318578447,15.150040308649736,3.0
8.976910481760882,-5.431029101133773,16.385374833736705,1.3552311858807657,3.0
-11.808338013039553,-9.33246382617209,10.927265657997529,-8.285103355581926,3.0
5.638943655462231,-8.52678662085422,-3.4489432405315057,-9.408339778828605,3.0
-2.580309453992901,-10.256673714735054,-6.606881555604696,-11.886304622185492,3.0
1.4535574826505666,-8.2395265742052,6.577479307414494,-16.468512271244023,3.0
1.6716108808278214,-5.870476029991378,3.1881341559905256,-16.42030227162969,3.0
8.837689607886675,-13.811996600273595,-1.53059316095659,-15.924546699800896,3.0
3.6795855617457143,-19.560429669084083,5.066867052690121,-18.158402984128763,3.0
2.8461206518073765,-22.89588478850112,2.906536382522719,-19.326450115326363,3.0
2.0786466850530374,-17.546820473658464,5.21001618375581,-15.490501796121064,3.0
-4.797019226094738,-22.3289841167239,22.119604716588725,-16.16095582140226,3.0
-1.3144735428328502,-19.97987591827693,12.239272098192895,-19.854804607734962,3.0
3.5487425040418854,-10.172369710958375,23.730892866202783,-13.772367723462542,3.0
7.76170138310181,-4.564709251820905,24.098827051295277,-15.059772509385498,3.0
17.08608030531906,-7.937298310654656,13.606433079703525,-18.83331859862473,3.0
10.068571000714066,-5.541905440073452,-1.6971165673806619,-17.520544361550016,3.0
24.997134405136173,-8.618854603497336,5.173137136395665,-20.6935817604883,3.0
16.319221070988554,-20.52992724156269,-8.74624032057794,-21.107422649497376,3.0
8.505407883583075,-23.5322522236687,10.024730777006704,-18.934565083757846,3.0
10.092453661408584,-19.111692969671882,17.906706806193313,-18.295482531932308,3.0
-4.452882402904043,-16.90215239497256,15.780740878478376,-19.17586265617543,3.0
2.397602644210214,-15.513510718881069,-4.459752935054606,-22.10992878653703,3.0
9.909362023592971,-19.673212834607988,2.540137808528872,-20.556549596791264,3.0
3.6339369670716906,-11.310536272439576,8.239182558957884,-21.163951105051666,3.0
-0.3612953072118885,-12.705394406474433,7.9393024886082495,-16.14798031062681,3.0
0.22170712610582033,-20.33604381969227,2.4464829486471404,-21.710523507628885,3.0
1.3542483522121675,-23.295320765482337,2.132416863382136,-23.026302740246912,3.0
1.9466937968979405,-24.295347345725283,16.908780176989346,-19.81756572738801,3.0
-1.6557612936379673,-17.475609889187712,24.112810258203382,-23.665004638946893,3.0
0.29060662161708795,-12.325310802830936,22.707104474630718,-21.678061538219087,3.0
6.649905512837442,-13.633014363331492,5.435662282375371,-18.59303081675583,3.0
4.171027945287597,-6.621271738368756,8.153316180471778,-18.99949967724666,3.0
5.0443950235532515,-11.745022719541186,12.255067377767658,-17.359557345575794,3.0
12.260211794121549,-6.822360720937204,18.190086622157317,-22.38354377974094,3.0
4.305606968947364,-9.338173847076073,1.6058918058798657,-18.013836056228705,3.0
-12.659665015503773,-1.728790341667624,6.244505349850806,-21.78269114145199,3.0
-2.381698496290019,-9.401748316296434,9.935550210357356,-18.776071303478687,3.0
-7.669046254376154,-6.394314288938789,2.279254699459418,-17.289951759616073,3.0
1.1660529805622257,-16.195272924328894,2.1415859915342654,-17.549524319735987,3.0
6.291796495105151,-10.808404514350045,2.4610950458982535,-18.537540858995644,3.0
-6.634412166686605,-4.584696491199347,-2.696654068159268,-23.36904171040443,3.0
-11.45770090740065,4.653717666145901,6.422417155831928,-17.605387563985737,3.0
-4.6646973264416065,-11.36754711164077,-5.11141664937282,-22.05779536509759,3.0
1.0267084366328898,-16.580611584003776,0.7582678080313783,-16.989714946275306,3.0
0.8867102091818082,-7.250607933144438,10.042165087395743,-15.186243629738723,3.0
1.4107785918038216,-21.89337331624925,-9.830637724876755,-15.783546204306258,3.0
1.219140094905114,-4.452880730285813,6.498366014263419,-17.040653659852413,3.0
3.169926991032476,-5.0732305423911725,-4.828686004017115,-18.91653764270212,3.0
5.629243145094392,-13.220246206322198,-9.281512026850944,-22.579532189627812,3.0
13.049594867986187,-11.244288900735551,-9.054720566139668,-22.69900328866473,3.0
10.9318875313907,-5.894119633932656,2.1525224439126034,-18.921225291596105,3.0
14.121702309333886,-11.525065860953218,-2.435234447772836,-16.829323481546705,3.0
19.705359835307984,-6.344118877249585,-7.807890699339202,-17.327607475246126,3.0
3.7709011158174803,-6.214540440646804,-17.535300348208096,-16.60546203704423,3.0
10.468810791920404,-0.6130705471423745,-15.961382751391657,-15.340623488453794,3.0
6.076028840812903,-10.14822760865338,-11.97666115844796,-16.998231231979116,3.0
8.958405171178367,-9.865637944606128,-6.217145732163776,-15.119872433531455,3.0
24.332251915101494,-4.050372928719346,-14.813408334922995,-17.195531054646278,3.0
5.867642745561996,-8.261285680946983,-7.379396729827775,-16.36810980296756,3.0
16.034143261366275,-5.243178113516871,5.4506600021333576,-15.329846685247196,3.0
16.633908588052588,-9.919390572048021,14.917750209064511,-17.208957176069337,3.0
11.031951528747385,-9.763942394757391,4.318485003334225,-16.505935335775796,3.0
14.75558894177641,-17.715589131997906,11.668719338422864,-11.641227126203919,3.0
0.6893692261843256,-12.729345038338819,-12.507224164293888,-14.517554767027994,3.0
11.586109418502982,1.2656431172315408,-21.42974711262029,-11.378474063105225,3.0
2.918672394195077,-13.035555785152967,-8.458706557540076,-9.055242112425613,3.0
12.153366559814827,-9.910289632089327,-0.8476309552468537,-11.896962635746936,3.0
17.013389805680724,-8.970905128931904,-0.8624319257615651,-16.11185439376981,3.0
11.836820495039202,-7.452713076327518,-13.404437079698186,-18.8904638016896,3.0
12.703273667275697,-3.1867363176499914,-4.382444292124613,-16.912961147813963,3.0
11.075966092615479,-13.404858454359612,13.680812545061947,-14.20964565656584,3.0
25.87058429724493,-4.664238960987014,-0.5428035528580715,-12.108710088330387,3.0
9.667967744377979,-14.303349933813974,3.527361485829592,-15.846147825015706,3.0
7.611229134217739,-21.83359213918542,1.6525740507162132,-15.999946645815497,3.0
14.620901914751967,-4.695500356230893,-12.282008877020388,-13.700806136779534,3.0
13.020972055905162,-11.301616848320336,-5.324630757540466,-13.923374899587746,3.0
5.41906902231779,-8.054230254994813,2.3744157895463216,-11.858974395511503,3.0
10.973352603284848,-1.1641243017501512,-7.338294972874801,-12.996761030306013,3.0
17.54993961111004,-7.383511325946916,4.207490440844416,-14.248118915303728,3.0
21.718044362989563,-3.0215326298547467,-2.383661176587351,-9.38650208335427,3.0
13.483033752954587,-1.0174327116391293,1.3353979835927436,-10.254986627472643,3.0
12.93436571725468,-8.217519049489079,-6.897337173962338,-10.626976236852972,3.0
6.29008251554921,-13.320983457570478,7.218699799483994,-17.02429038955113,3.0
6.4962157007864025,-15.169364988472164,5.903701085934724,-17.677092734941166,3.0
6.137394193957284,-12.978717730589294,6.144675730773301,-18.783778738259144,3.0
10.295425076949797,-16.973109761063405,-8.106372837267319,-17.913323386389287,3.0
16.9883263591408,-14.420448738024891,-9.256874577161796,-19.61238893924841,3.0
18.354952422711907,-16.226781391451148,-11.169913513651368,-16.276452732781635,3.0
13.607377754994328,-9.001254863104963,0.8121795220727717,-14.415343925752342,3.0
17.184104265075042,-20.520580412085522,-7.461587607726841,-15.57796198874108,3.0
7.020756809188303,-11.462279423160263,-0.4306752390729045,-16.64234571747487,3.0
11.054663490249158,-18.56467131807922,6.473072617911944,-18.696457583300564,3.0
9.890215678114417,-21.57671063468904,-14.42038491729495,-17.343995524208943,3.0
7.6187553719451655,-17.769515791875907,8.341358780148207,-18.483034320740384,3.0
8.36956287334711,-7.140927283371373,0.15583589442195755,-15.479020180346758,3.0
19.971768267383528,-5.836064500107161,-12.749615725619378,-11.569047005665716,3.0
16.485295056578792,-10.3107421346572,0.1936487458527536,-12.174072261585966,3.0
14.445712980613454,-33.07900112747426,19.932953544449674,-17.370189651890687,3.0
20.967446498887476,-21.32847015746767,2.20959930760588,-16.862092654143478,3.0
8.717345785200875,-7.136860181252448,2.8422226210291006,-16.457998335492668,3.0
3.532032268503192,-6.502690504287311,-5.143250040688298,-0.7559880749862904,3.0
-0.5455417606542214,-19.70925202881409,1.8231788222585523,0.2729099645888491,3.0
-1.913199001216885,-14.918895041554757,11.484924184979134,-0.15724462707325282,3.0
19.050114565912114,-15.60872547439098,9.904638261693128,4.612379900453379,3.0
12.20398671622745,-23.95665955051605,9.354946457889561,5.2276569274521965,3.0
19.40478248235103,-15.999332335868996,-5.815358894662241,7.723380255916238,3.0
11.920822627945519,-23.15043985537113,0.1577892087000634,7.618180672386228,3.0
19.7266891025371,-21.22431894643617,3.072873519389338,6.2865658444213945,3.0
15.345699065259147,-23.212477556954013,15.823785752542776,10.330535446794546,3.0
8.943173935327062,-16.255292761113672,24.56442796714921,6.382232027748895,3.0
12.276524800825023,-18.8025517110246,17.7057095487399,5.9535831785186915,3.0
19.54600474543199,-20.084073174188198,21.603331281748005,4.852749905720577,3.0
12.349406984247834,-29.128935659708954,10.22699371691797,4.531983746415959,3.0
12.41245001041063,-26.53143454224223,-10.1923469694496,8.501864564346768,3.0
10.603298024330266,-16.867124372703067,3.015409895137491,10.236543482241766,3.0
12.28576978510547,-11.438103389541563,12.898788328510772,8.00675793419332,3.0
4.049776749376539,-17.950465630494623,2.5369601017359398,6.380941299806565,3.0
7.15951563562947,-25.739866929385542,9.301905351654245,5.246236323658326,3.0
13.311541006975839,-26.834563884029397,4.605097681331966,3.418670834347562,3.0
23.98575211594514,-23.80943759287819,-0.6777337588681005,5.0989087011856284,3.0
14.649790540064302,-22.528461041244014,-6.386334028604605,6.635235350046649,3.0
19.647074469439797,-16.652739244762625,-0.09305993598263562,9.031619133206387,3.0
11.296853484289962,-17.255709972497634,3.0354830577609153,4.545372420378834,3.0
20.49599892247341,-6.103113042088726,-10.465997269503111,8.274714106797981,3.0
23.030839727851834,-3.595587911665266,6.135145536619432,10.633265493287759,3.0
13.35956220250025,-4.510066496972726,-0.7254424612841737,8.502482671950418,3.0
3.585040054184313,-6.672283576951421,5.522881597413018,7.689787666304247,3.0
1.1763396922861267,2.3517968313432913,-6.537472408205867,10.212878253327311,3.0
7.748273337377583,-3.6386782436589584,0.807015102028199,5.016603472127249,3.0
11.539134564551933,-7.734932698544179,18.232146001889564,6.922594048808404,3.0
8.751874293766866,-10.954565156343413,21.65120745787499,5.255164047274382,3.0
0.9421288506349441,-3.1443726503590064,9.906956232146248,5.116406008337178,3.0
5.03784970544507,-3.140200755788184,6.052641552016034,3.238897023142481,3.0
17.853810161191458,-5.67874238795741,6.393028016960868,3.477278099929622,3.0
9.72461578849146,-9.483261249174243,8.379022887053821,4.842550884889889,3.0
9.896209308845524,-11.94207582725666,18.881813523435667,7.231538728178514,3.0
19.507573629118426,-16.88254681407433,9.124736239476608,5.753593593882542,3.0
12.545750756652822,-18.721463548281072,6.39900529968101,4.692244754998125,3.0
10.897100928325617,-22.35537805313891,-3.63350944002465,5.561435922986032,3.0
19.878509061212675,-17.530907103055238,-1.420920254024848,9.980280577463354,3.0
24.277193854760796,-24.94026378726731,-14.588150381430294,8.971444023025736,3.0
26.069656658629334,-12.90580354388416,3.4354882304461807,10.272934444727255,3.0
12.49790020261863,-15.789152192416303,10.019238169962914,9.240508826168302,3.0
1.1233849425071805,-6.644350357856926,9.276253344358985,9.862163126013394,3.0
2.5671504222307178,-2.9840854501505953,8.045483586162623,4.494327573317796,3.0
0.7957378575076479,0.1447994900280456,11.712627212064044,2.3682804804648088,3.0
12.5396497722239,-18.490540920839827,-5.674768281939151,5.760094351938928,3.0
17.11816172741991,-20.90605600369274,-8.353153065950867,7.41609521588303,3.0
7.407334369612276,-21.66265973960398,-5.547282405175759,6.953300583994219,3.0
4.908709497988809,-26.35954077088725,3.290611538544482,3.7140898227234,3.0
13.67361828241586,-25.235876162896822,12.885190492703654,5.624511972309513,3.0
-1.9998344784963527,-9.20692017092967,5.866302346203443,12.773986541382488,3.0
3.8723640802835377,-10.244666333364728,-3.7460108250745376,17.197436397797265,3.0
8.954938314604156,-4.34741597714112,-9.736339497677484,10.83908326548268,3.0
1.9176485460007253,-30.156550555734583,-0.7922407518388013,8.693725168212136,3.0
2.5302280164133792,-18.707451767682763,-7.504944766140616,10.323935409167852,3.0
7.044655162558148,-22.498597671469145,0.014556246054163058,12.14312258305413,3.0
4.543924359250678,-31.839836284668312,-4.5336144165710435,18.37096132325438,3.0
-0.40797403311653646,-23.46242597421676,8.250025135449366,15.741901227029945,3.0
-1.7352335689177965,-23.064980699676482,5.273485751617553,14.962614914604604,3.0
-7.004708366657809,-6.507215488367586,7.961872259347912,14.35806829807921,3.0
-9.573270429263962,-6.265186512069034,15.805482040861797,10.838147374764999,3.0
-9.048865473161964,-6.058718503983217,9.112192109328241,13.060741970543798,3.0
-5.282617432824203,2.907843648545544,-9.349727123527934,11.539641060249902,3.0
-0.6282977596419013,0.8654563753989706,9.11410867273748,15.309604355755848,3.0
6.321186583612421,3.5724366629624766,4.7307147811752355,13.235740232254965,3.0
1.505772592847567,4.364573489143492,1.3949392061179688,10.793022036683247,3.0
9.390884518258133,-0.4486479616860457,-3.8800755947721974,11.646404939342347,3.0
-7.86382946631845,-16.926525722518832,5.837980045694145,13.481913727474977,3.0
-7.700818417296439,-17.873518213259807,0.21729456697528793,13.068581440217839,3.0
6.177521580284148,-18.94977884120553,9.297136754176492,12.551687470555063,3.0
15.718821043075389,-15.223725242664667,-1.7262939512723983,12.367378136340607,3.0
14.92315828704885,-19.847962594767154,5.7963069248014785,8.522380492237462,3.0
16.83138614531776,-5.424817751188748,-7.2738949942763185,13.225974706778166,3.0
14.805500927540061,-14.066450170690436,5.624407144342672,13.722898894554321,3.0
14.695322463439956,-15.943304640776692,-7.882049671055512,10.191464746153752,3.0
17.205732041077333,-12.399329764383271,1.5134073323545492,11.362784334779791,3.0
-0.043584652767856724,-15.077993121222779,-0.696204879635026,14.747633007124431,3.0
14.437587857934112,-21.00678218981669,-12.131521473015262,10.629809034993583,3.0
10.155396162943006,-23.521979123802982,-14.633677624648033,13.544320071958929,3.0
13.76642673833598,-24.285738377631873,6.533684746237817,13.4067230391505,3.0
17.84391900867282,-16.34326400737227,2.3941666640279458,13.00537213389919,3.0
12.784747083449203,-28.743337466529347,0.7109954788060007,13.856550331205876,3.0
11.154122677479547,-24.611199698421785,-4.868003305026613,12.095577089044788,3.0
15.527403964460852,-12.198407038042006,1.1917161225941943,14.939031729302576,3.0
14.147705903233625,-16.183381678170843,4.609900960192129,13.939990077728092,3.0
13.144225382348647,-17.910395857164428,10.052214373180778,17.11430091322049,3.0
3.2758011144132073,-16.134955145267956,23.354801801642672,16.261553478416864,3.0
-0.060492202186494204,-16.406511484935585,18.51383280124214,16.628536932950986,3.0
8.94596590142399,-2.2348266201360083,10.799232666416156,17.407630671355555,3.0
9.633968043057747,-11.003850327062477,21.733616203352184,15.102760991571838,3.0
7.840205196658936,-8.3691054759425,9.805614729118021,14.15941027902927,3.0
3.431953155064226,-5.776402565549919,16.862591280207265,11.781569519798996,3.0
11.909941065009205,-13.045043851833569,18.45024250372002,13.471562739269702,3.0
6.9063193460168595,-13.183448329208934,17.84691139268439,10.775355088582156,3.0
9.08152427618247,-13.379085495393031,17.020138150734326,12.319034606523422,3.0
6.6480077693842725,-7.158975058594784,6.341118306802571,13.186307368029864,3.0
1.293706963652756,-12.593969233663753,13.216917570076879,13.206744228316587,3.0
4.578252173495818,-14.849358105339745,6.030987024357122,13.88354965557935,3.0
-0.11650786925301793,-4.848059609154307,2.253844739291454,14.867313590342299,3.0
4.408036886564989,-13.235599574612486,22.04684592748943,-2.533483819949242,3.0
-1.7223286540749148,-11.22451374029798,18.87077714824679,-12.836412724928286,3.0
-12.16208288010549,-28.368768726360983,1.1056592631347515,-18.70845067820945,3.0
-11.872489727285048,-28.677767429843517,12.923250481898602,-20.41274316174974,3.0
-7.875433823411376,-13.460355714155032,9.53548404881457,-20.923392352022752,3.0
-12.88403427671792,-30.283021307487513,6.149614571722717,-20.20273594031963,3.0
-10.941296592553785,-13.976073694694485,-3.845155779003006,-22.969099764187877,3.0
-13.812658802871479,-14.704194135153003,6.038118650295761,-22.69656975477992,3.0
-22.702396173462343,-19.712627820278865,3.1807811535570347,-23.540990969429266,3.0
-19.70370803723714,-28.932990810371102,5.19667421707699,-15.912711853039275,3.0
-27.28582521778247,-23.516666919012895,5.026982165653166,-19.566256400094016,3.0
-28.37092358824527,-22.344553568456654,11.690070719061506,-22.24047251523585,3.0
-12.021251132953434,-10.809501528043327,11.176531948710673,-21.40208753180194,3.0
-9.794019331334606,-3.872854123702421,14.247126292549368,-22.93545198784249,3.0
-7.744937820806074,-0.36599217512621784,4.8658663523971075,-22.86756412996357,3.0
-15.2819676810598,-5.58047615277194,-3.976713745736536,-22.606699462624935,3.0
-15.734262311501194,-9.253262711678492,-11.222234489993383,-21.741447831512723,3.0
-3.1812124484090862,-17.337015070292065,-16.180276228881496,-23.615259451271367,3.0
-13.40841006501379,-8.3786095358347,-10.30126421907386,-22.174567952723127,3.0
-4.14416330638678,-9.53572847362745,-3.9308038570814468,-18.76340486816538,3.0
-10.475175197167164,-19.260516887069244,7.164261992378617,-20.136874447389175,3.0
-10.761886526173205,-9.423083738850828,1.7564392218789455,-18.77366905077324,3.0
-5.337667004281896,-13.384868910208304,5.405296598390603,-17.103567203026547,3.0
-0.5029592197899202,-19.37014639806086,9.280635251974372,-20.989387462937675,3.0
0.31515813745194876,-17.83517108652181,-11.260935329666694,-19.15386816190544,3.0
-7.580410527612347,-17.909030327547935,-9.538408891005881,-16.87860164350036,3.0
1.7694715284508025,-7.662785507754379,4.014678552876976,-15.967330277915059,3.0
-2.403508073398007,-17.25340618468523,4.219416949807346,-15.46002018252166,3.0
-0.6641613216330438,-11.68110320963677,-5.948755691606016,-18.15763046408699,3.0
-16.832011903175275,-7.631162283896694,1.976866615760665,-21.909181020420284,3.0
-18.334256136651042,-13.809497783389094,-4.817286809254536,-19.06637050143024,3.0
-21.385325876247066,-5.379853503057326,-4.670679963971558,-20.043597903269966,3.0
-3.7648115403882336,-8.72094321181985,-5.52632893728595,-19.551081386177408,3.0
-12.340040327166522,6.513478429842648,-8.619817351703578,-16.851543492496567,3.0
-2.902409278045197,-12.282553857585803,18.490973532168425,-16.31011098559325,3.0
-2.310815262310885,-20.512684880596307,-1.8147065968492457,-15.167496560161158,3.0
-12.813419026644095,-19.343722847582068,-2.1255692413856266,-15.532733553813975,3.0
-2.2512225388985296,-16.245551975865435,5.170577155519128,-19.071526912736065,3.0
-13.916667229484398,-4.663991844842288,4.422749343014939,-19.738498661088652,3.0
-20.95085042977216,-16.117404736186952,15.349767033377375,-22.272008254965872,3.0
-16.686481357839817,-16.19004178094402,14.044324528561052,-19.346827156857096,3.0
-26.178483252186695,-23.81820187927429,8.80189693283288,-16.120039423259605,3.0
-22.741625559840035,-31.969329413497185,7.20652249458877,-17.14338480303281,3.0
-14.52412805102143,-23.388693526055576,11.372285968270855,-17.87716315515584,3.0
-0.6706329185140696,-11.993495492829204,6.200968662140507,-16.543375281624364,3.0
-13.010811155183777,-15.615055767101904,-2.1572593512255835,-14.94659384324559,3.0
-10.447526522153249,-22.19875475032767,4.511070959241232,-19.981760504059732,3.0
-10.131605508137419,-13.155813424420252,-6.923829320077641,-21.40734377358834,3.0
-1.6338268371545368,-14.578662439526557,-17.22911168130487,-21.241125158112077,3.0
0.7520606430048318,-7.333858892778681,1.489124911953125,-23.359200822574692,3.0
6.507856792637565,-11.985384085165677,-2.96486987129194,-18.620790483995066,3.0
5.29821426232521,-19.680704977688364,-3.437343133009369,-15.464015568231899,3.0
23.52052805637306,-18.518417112536625,1.121796199803362,-8.01862125687776,3.0
12.320299590777141,-11.855961444178051,3.9307083690683777,-8.9060856635614,3.0
-6.553387394877942,-21.278954792115762,2.180611728919157,-7.535742366109949,3.0
0.6999248253646284,-33.83556833751015,-5.165217822822057,-6.649750161565224,3.0
9.424151548516853,-30.405947217053278,-5.110778360241293,-5.55501098077192,3.0
15.74322480167271,-16.921196128941187,-9.811987267216068,-6.661058987094765,3.0
5.419363750595817,-18.254086162391904,-8.734415365095167,-10.352971100014358,3.0
-4.354340086268403,-16.89209196721122,-2.652217303796233,-8.76792865562223,3.0
6.749432046544103,-16.46242104239716,14.105051024059065,-8.301692012904999,3.0
10.065329894136903,-18.64063567571664,9.301625053089644,-9.387200341056898,3.0
8.582602824614002,-15.08614550623876,29.98552574144525,-6.071560661020754,3.0
11.310915830362632,-15.85309509966839,15.015698603291614,-5.887307669732801,3.0
20.422021892449973,-12.669119229396916,13.686549297154182,-4.555477400921491,3.0
20.380055941507607,-3.7394522877592724,10.809500009643324,-8.849229103189792,3.0
15.334714595699085,-20.577257298842653,12.315253696022257,-8.319298050743424,3.0
12.215299945330678,-21.177690942529544,5.002801933631721,-7.1222210083256705,3.0
17.092270381529364,-15.990378205112503,3.652595020309123,-8.125576702337646,3.0
10.898675412174729,-4.794467573461466,15.858473492034687,-7.48151509575192,3.0
8.692602945639639,-1.6238207702537304,-2.6329114626027383,-10.783389452400804,3.0
13.415062812514897,-3.5457992979546944,-5.741342178119426,-8.597537779533498,3.0
17.29474139352031,-9.374674894649498,-7.0903096775332,-9.010091350681805,3.0
26.452972440090058,-17.83118996388125,-1.0695549313511274,-8.311411949349292,3.0
21.952220511395396,-7.462063363525554,8.608229530140928,-9.450255071060699,3.0
14.120630572414216,-4.54981283007154,5.4170414849461705,-9.712153581980177,3.0
17.19570705330893,-2.8118046774005645,8.36063671922634,-7.411664648138864,3.0
11.537681934230688,-3.5293374824676924,3.4116462913505865,-11.856099197532718,3.0
-0.32720342192975416,-1.045526040743641,5.474639512298838,-9.038111408990838,3.0
-3.119980573430807,-0.8728440593028974,-4.734097804218212,-9.849401458290998,3.0
1.5530169335057353,-19.06504988853748,-8.114790319657299,-8.325333073332532,3.0
10.231470724533846,-16.3015986810289,0.5195765229871641,-8.025978034517964,3.0
11.186348207044047,-24.445827176544555,14.673024781326822,-8.435481355044798,3.0
9.555288382678235,-26.639016513300998,8.961577415434762,-11.737095187036477,3.0
-3.5701111244844075,-14.43909449209902,13.823250915398292,-9.760801973515292,3.0
-1.762272001830941,-7.746227704458853,11.322201293150693,-9.881970367444335,3.0
3.0347159862703412,-14.738959596578994,4.165369000472808,-5.200654072269707,3.0
15.952017963912438,-21.419139188962244,-0.31537497662081737,-7.1030890428422655,3.0
8.397131031447849,-21.011397425134835,5.515175919929863,-8.440172775479862,3.0
0.7348374024338913,-12.48188009398145,9.42887470507202,-10.177807147647968,3.0
8.902774704411144,-13.748839106943404,2.1143849715199514,-10.84335075187842,3.0
20.1224067924562,-17.58809250724347,4.78215638062866,-11.62297349445152,3.0
14.856356670211786,-16.36576427072889,-5.419711205088149,-12.429272203704105,3.0
7.097371822033136,-8.474776919831397,-2.228185415003723,-10.665707291127525,3.0
1.2577113764955845,-0.7399307847755381,-2.5596728321601736,-16.800573378499664,3.0
2.615193439172695,-17.627494456843344,10.584926674422489,-13.76448523457272,3.0
-12.13257439284261,-15.935866219219205,-9.029764376614114,-9.63529346137396,3.0
-3.964221185427699,-10.714396567727068,3.1708607432139893,-8.955838724240277,3.0
3.27099574027743,-12.59370834570107,17.09807319822832,-3.2009992178149798,3.0
7.4834588647470675,-18.045821628403313,4.925517700736237,-7.142208870853807,3.0
2.8033715548230953,-15.851709227446747,9.294439421193136,-6.322002298104847,2.0
1.23369210265173,-18.245145075673516,10.216241329643736,15.896503840855981,2.0
1.3429104152244729,-22.31447822177329,15.661958709710987,22.037431118536027,2.0
1.3831688615521993,-25.999171514103697,17.790675203325748,12.439920433448087,2.0
2.737276406309781,-19.280766857507498,14.149263691288926,11.274484295722601,2.0
2.0391167910433396,-28.187155101658746,-4.011781635850008,-0.2756304944470642,2.0
1.292792577235549,-18.864538227091376,8.999326648608037,8.103057057565259,2.0
1.2895711718138467,-19.08685727405989,13.459479846638915,14.1161695284509,2.0
1.1206367901894305,-23.910832308049113,21.451479669961298,13.060633519377097,2.0
0.7317481386324112,-19.31645191693544,7.146198547237077,20.368151547336943,2.0
0.51198186979521,-14.134114838941532,23.303116073232882,14.998312948804173,2.0
0.7575602116369984,-19.845793512780737,15.188568863641866,18.037322920297193,2.0
2.365661701845342,-23.82467469573894,7.549576472840158,20.79321769133894,2.0
1.5011111878185979,-20.390383166066876,4.59261971041969,4.389872546327415,2.0
0.8730818443441632,-18.52983961345527,12.105919413463308,10.922356897256655,2.0
1.3184685348008367,-19.197699181982916,24.982627011290933,0.7824094775893382,2.0
3.0036769926639346,-18.10860181915836,23.19069097505571,-5.059038338980995,2.0
2.938323572725892,-14.785500850675994,12.826055183880223,6.255555057307263,2.0
2.0028769740420325,-9.53359318942398,10.226820819718444,16.3220328948735,2.0
1.226419997331592,-1.5520242339152048,16.73327395035423,13.422799330229338,2.0
3.3844267874395473,-8.06372346673717,10.800577861921177,20.705666649262394,2.0
2.448149332599658,-20.16228803563418,18.943327191247036,9.22903173345411,2.0
4.3325878215493505,-29.494587622902145,12.088673496555753,4.934758966735794,2.0
3.0534418614280776,-17.682051902927462,21.2610871754864,6.260320610414865,2.0
0.26396143298639574,-12.075657587788168,28.21224852180771,4.820646235748271,2.0
0.4223265929345025,-22.504283512434025,33.94461211056351,3.949106834903356,2.0
3.8492817786156586,-16.64747336346114,30.823791309793407,16.33066726697985,2.0
3.3265774827784127,-15.32825844805775,12.332667846839431,4.170626247003857,2.0
3.300695319038686,-19.71340864623797,14.389971389051354,3.1046706250010416,2.0
2.9540471848023673,-2.404780358491516,4.524289820358423,11.080030203730594,2.0
1.2870135183404365,-13.484724680543808,14.965482898146197,12.694819600307554,2.0
-0.004119304310135519,-16.33633035986071,14.086261242733045,3.0721072684287805,2.0
0.7640704498058251,-16.39928236505858,0.8267579908878,16.308535682793824,2.0
0.9100638401095577,-20.72991783656771,-7.467587122543199,12.89445397487546,2.0
2.0323429871780316,-28.76215495649722,1.2199061411926868,-1.0597299471520492,2.0
2.0615158888740037,-21.27996686981764,11.139310145939472,1.791131373675661,2.0
2.6299198183851438,-19.863362156349197,13.918755994220675,10.494361247631968,2.0
2.0485600792004046,-24.71299587772596,-0.9905993679726963,7.003547412876012,2.0
0.5031222790509122,-12.907105336401333,-1.930980660089304,13.10922188982408,2.0
1.3298673308147024,-16.623081332696874,6.151353347589271,13.805351390767004,2.0
0.44496867070362955,-24.644173529258165,8.18481919309872,17.08562175908324,2.0
0.8529741708607417,-26.063921718326135,19.131124543725363,1.977494601003583,2.0
4.349314136880426,-22.042917906006835,24.27883721841421,-1.6045785049144463,2.0
3.6524400968884256,-22.186938067768484,0.8070793481432226,8.57306496633923,2.0
0.3087549261070679,-23.23528379643797,-3.9106159973292822,5.596916726526761,2.0
1.970908223163125,-18.52082227160956,-3.8971001476840534,3.406207032361875,2.0
2.69035870766552,-11.33366310095002,-2.8739459635027425,5.09667925027923,2.0
1.2424678500586273,-13.95739733401369,2.2538848917260337,4.0566848608408,2.0
0.9489503758759531,-17.667515420451966,6.0116999602108265,3.0457570041253628,2.0
2.308329221041337,-14.91660099954605,24.725340081056128,0.15866732776790293,2.0
3.7598332702743136,-10.942556650423036,17.53507172528633,3.0411496497468384,2.0
5.234802101932187,-13.258086487335891,-2.2402465008240293,9.37512886945619,2.0
5.818309866343385,-19.6706809694979,-0.5727618625806015,7.52001859600555,2.0
6.373046858577705,-9.896073334788692,-5.950313665137747,3.880605127472111,2.0
3.9903743354102224,-8.270045670793587,-6.692958248445212,2.0963494523182025,2.0
5.378207440697991,-13.687346745631487,-3.075804504838831,-8.670781595772919,2.0
5.804579335365371,-27.12853405147655,3.726553516744819,-1.184580843536673,2.0
4.8083785566562325,-17.489776131933475,18.757135802599883,6.4261971571542995,2.0
5.2985896291324845,-20.18170464107953,2.997125033484262,-0.6383118022178413,2.0
6.496979235721724,-23.59295058127663,3.9599079030518447,15.212723738773484,2.0
4.122870603789389,-27.353461222049017,12.546096427613136,22.57003237932728,2.0
5.320506181203859,-24.11415257027041,7.621297394527255,8.121203832372828,2.0
3.7013073206514018,-30.89643605632607,0.6147397485167385,8.307352364013155,2.0
4.925791819882691,-29.225684642093615,-8.312111160166994,19.524546721809592,2.0
5.260956680209107,-21.00596833675045,-9.158620935645944,7.177273299069707,2.0
5.423204226764679,-20.995839722161715,6.314795878540406,28.939375704042988,2.0
5.432366686151972,-22.22457743057962,9.070610944163544,26.569209468258677,2.0
2.5126298444828725,-32.06142333734395,24.517823715412007,3.98597549371355,2.0
1.2123441502890868,-27.202577184037306,0.36058272897818533,10.617271495439905,2.0
3.1454016799498317,-25.791560201432137,-0.09871828364991941,14.731864028355984,2.0
4.019966124601511,-27.53401132333066,16.932076948818406,7.96953669635065,2.0
4.282351255736085,-36.55633440385324,20.667138920275416,14.348223609525094,2.0
7.026517645059943,-25.598091685817913,7.102915543629889,25.93737295414057,2.0
6.3566093435078335,-29.327298443735465,10.500438021925422,26.725587285021618,2.0
6.2558959783153805,-24.16291711934653,29.227356601903004,16.96135614716302,2.0
4.009500515502054,-26.210677751181933,4.416069012417846,11.658987793213374,2.0
4.932471236328556,-20.556362178166292,2.474439689790927,8.582514464945245,2.0
3.69274715612147,-19.793866025779028,-5.721207523850627,14.796426200070123,2.0
2.8692644238829192,-16.732878594915668,1.9832822181062477,20.68480589645923,2.0
2.915377051735062,-13.748830374411558,7.645587173942991,9.78097250574119,2.0
3.640406388880991,-14.92253219809474,21.611101068704286,4.590207055616955,2.0
4.83873260459385,-7.422734949407385,9.89284758146735,18.126493756960407,2.0
2.7632316931019476,-14.639339515323492,3.6805239095974454,7.769314819956398,2.0
5.196336856657552,-11.669624864384371,-9.327348188811513,5.944216338372554,2.0
4.681967754047465,-4.504479572950158,3.4391748097249533,7.548469907836607,2.0
4.847505581792426,-24.131238960990608,6.522628375660675,8.955136860024618,2.0
4.5707878952122885,-32.28679056802464,-1.0211125964667245,25.76675496000026,2.0
5.964600614698285,-25.049269976050287,-7.620144372279338,7.609380201378381,2.0
6.232632882608886,-38.37340662319783,4.571117506766566,24.593728740936267,2.0
4.876627034538405,-25.566304377174216,0.8989853632506026,24.004205022663147,2.0
5.4592917818967255,-21.421239159342573,34.26773112822841,13.362962409264863,2.0
6.224021239191127,-8.743816309793617,12.258083306393424,15.347601992615262,2.0
4.843094389187517,-7.964523322285459,1.7966402446695078,10.54842739650126,2.0
3.8176509705559294,-10.457797800380876,15.757904549429796,5.638175176096411,2.0
3.289017751864318,-18.101539262138914,9.93884771280089,2.2020162060106365,2.0
3.6417342574621934,-21.74938198033183,8.60839916863079,-2.6954588016219754,2.0
5.079342476618864,-22.3540945441956,-1.0706643776164562,16.094360166307705,2.0
6.19051746809485,-22.904862941244406,-12.502455405048313,9.55712053401121,2.0
5.642381448018845,-15.758741914798465,-10.211508346693249,-8.430486600804759,2.0
6.33477931721816,-16.241685199919544,-16.943365014220994,-16.164902700486344,2.0
3.042614551081859,-15.811135224043115,7.103635031720431,-6.913172014858974,2.0
0.15170993741421146,-18.40406320864541,8.036046896469255,-15.980491252652051,2.0
-1.203957386232926,-20.484164692783455,13.231108911967661,-12.664481949452632,2.0
1.3037362074443815,-22.081892426605595,19.87716311362256,-18.554076469970738,2.0
-0.8948573873023582,-32.128335580844535,19.28136933649656,-18.868660619318465,2.0
-0.5006104492260117,-30.705555432213295,21.428060293402645,-24.28829753695095,2.0
-1.2178223294136095,-26.861209250261176,24.79758346393652,-40.27017230688189,2.0
-3.3396112673512923,-19.771202540415903,14.540915186790677,-21.935091089601023,2.0
-2.661905772722122,-9.390741384788582,17.45991192171727,-10.516921096748327,2.0
-4.879449569223107,-8.346463106155902,8.970291865180066,-16.18317853123665,2.0
-3.0288335829081934,-15.78690383451686,22.742798776297022,-16.049573586844275,2.0
-2.6551242755366906,-23.60345445334709,37.81938306083286,-6.1830373462182076,2.0
-1.4757220734286651,-18.476958603742492,38.36340255991414,-7.607346594123827,2.0
-2.9946347961703763,-11.958046405118436,41.28977888362754,-7.004764568805202,2.0
-1.8297793253581487,-13.260688291596063,26.428636487915583,-10.784590021065265,2.0
-3.555361814767633,-17.599350195262154,17.887058160004024,-7.808272726849603,2.0
-3.1076329154906364,-19.68161599935932,27.28666215333272,-13.081913423656184,2.0
-3.3723113717844786,-23.029777101323365,21.307029876632974,-23.53350683701308,2.0
-2.484394893424176,-15.925769419231209,24.50871068173388,-20.473912520839818,2.0
-2.8136213130801018,-18.345145210668043,24.393454357269782,-23.862823119090613,2.0
-3.3932748515554656,-27.354330488813236,19.39958736895583,-32.03375162822618,2.0
-3.6573872057242673,-20.068322671139196,13.21253498432754,-28.11484837679158,2.0
-4.091872955105163,-16.60002228562059,17.106848648077065,-20.64264015980295,2.0
-2.836909266773354,-7.37175713848737,22.61745193876962,-25.60554122000621,2.0
-1.5333326237990526,-18.365695238333256,16.45317795391454,-31.423662783939964,2.0
-0.39621197706726563,-20.7447797129625,8.280370462206093,-15.500521533143324,2.0
-1.6764229937618573,-19.62487946938965,8.84833622160323,-18.399947688645796,2.0
-1.323351507465099,-28.27879937420655,20.69536921063004,-21.620491346256216,2.0
-3.2559672688608137,-21.12122363691691,16.947466104314266,-21.71923088269735,2.0
-1.7645551652603384,-15.215692459103014,21.89622015781305,-13.530234392725797,2.0
-0.9419058956599482,-20.903239472505984,5.737810192427968,-8.300780292476302,2.0
-1.1164744461563232,-27.223872428008814,20.24784393520795,-6.764397816746321,2.0
-0.7935620189590713,-24.651626657708395,-10.663962844089365,-19.392264588613184,2.0
-1.3687094636664905,-19.071352142867564,-11.868541920856334,-3.3822685698857495,2.0
-2.1303337834710625,-22.085199170991995,10.246790968292283,5.043646370975031,2.0
-3.745514717294093,-20.212505514210765,28.804242854827333,-3.9454037364005234,2.0
-4.216066102822063,-20.65153411744514,33.08310941827409,-6.505007674350354,2.0
-5.390790083919898,-24.614336827988183,27.610787962804398,-12.62220029709224,2.0
-2.950742396513994,-20.71083684227607,25.9273267103958,-8.31886597523551,2.0
-1.9873224034557184,-23.48005267776713,-1.1223957194558203,-22.48206408802123,2.0
-1.5789935084834954,-25.53468607254382,11.870790025976914,-22.69327785897965,2.0
-1.9929017006613745,-29.798923183142787,4.644906028436868,-14.507387158062297,2.0
-4.433055817578454,-30.194328495155464,-5.795978029997377,-8.42576539689855,2.0
-4.17236392659038,-23.7934524896658,-5.1010549613045,-10.852631812019604,2.0
-3.7717892926812766,-16.32679645472425,5.789182832820073,0.3861779815130362,2.0
-1.9780935528195183,-18.175970774698506,0.2671513622557429,-11.487864103198717,2.0
-1.7980298628706932,-19.88016518771335,6.518537750434708,-5.310386386861291,2.0
-2.32561776612613,-8.411332201968449,7.308123177879117,-6.841229827951504,2.0
-1.7639720810404262,-15.384957094422871,14.957996896740546,-16.256510590279298,2.0
-0.34739442227536554,-14.118793910083564,16.381939140405713,-17.393977803904935,2.0
5.25422743039476,-19.6008449503002,6.072239470630747,-1.1564264227494894,2.0
10.373637375613544,-9.727521004553457,8.260723947858486,2.942421520330112,2.0
10.344433326693272,-16.953728758090374,23.991753462470463,3.7783914317402676,2.0
10.353246418845915,-24.159515350711143,14.360943729253854,4.859416512455859,2.0
12.042404965779008,-24.564293732538037,13.766386511970488,-0.2524108291363887,2.0
12.192825909279367,-17.26556360861666,7.234378685072185,-0.8117194892631137,2.0
10.836860503806315,-9.029235846608348,0.439923730223736,4.323484869259417,2.0
12.651895403824543,-13.225986477856827,2.8010736153126956,-7.6939493974856354,2.0
11.010125245671889,-17.7331414736875,-1.499499975298912,-9.915322025686494,2.0
10.013263506812168,-16.78277293502479,17.460125220304803,0.10700436618236431,2.0
11.632930681082287,-13.20692221709447,5.358862357480005,8.16829199226834,2.0
10.417755601382597,-27.397321890879795,7.190946762287039,2.0052620035077524,2.0
10.49564472791282,-14.225725966413348,15.737519862065636,9.043148952684476,2.0
9.218630146720717,-20.40199987727999,22.96078627160265,-4.4358503428417615,2.0
9.69164987218715,-25.32309586997441,19.267584675191713,-12.571050586845525,2.0
9.721331271258236,-25.999096451434085,9.39012697060036,-3.1640106844489932,2.0
11.16942891452656,-21.069452647128998,5.135325887551463,-8.798333365003737,2.0
8.808430152871066,-22.029618570482263,-0.6534339277725536,9.630873089268858,2.0
9.378831072328268,-19.160773854419165,8.99502068635573,-6.136343685769361,2.0
10.29936144590618,-13.802887087869678,20.157309613594894,10.168576879856575,2.0
14.054743985316232,-18.87188312221847,14.779635886588473,-3.298766199316578,2.0
12.2231235151389,-18.641089600648044,9.399720197314894,-7.342139703535054,2.0
12.292569938444615,-21.064273409974675,4.974575423078633,-0.725366881785396,2.0
10.487005041866368,-31.573840185864032,16.05925808857263,0.8841627049382996,2.0
11.781455170560363,-23.834570003022097,23.494727893635215,0.02628347885823512,2.0
10.590310078802958,-18.976832465477617,8.769973343509605,4.3912627683158165,2.0
9.22646010395285,-19.96254622822114,1.2400655306213046,2.9885298665184603,2.0
8.99019488920549,-17.99770307517078,10.424993261726897,3.678826056413841,2.0
9.748522530449444,-17.461109784740753,5.038937312161229,-1.5209126234226216,2.0
10.863591027871726,-24.350644048609343,5.534659362930649,2.034763638930183,2.0
12.053462674664074,-29.354083535654144,5.903280000130854,9.338234834419335,2.0
11.332434688086497,-33.62819840466429,4.323724680803194,2.233880067318741,2.0
11.444523562276155,-33.42176072212555,8.188658242311206,-9.906646239197276,2.0
10.118764861127278,-25.541803692900576,9.711985175113984,-13.220469550922736,2.0
11.428167949376506,-17.830175919415797,14.956743253282324,-25.57357112075305,2.0
10.212254645544292,-13.571161895632862,11.339645345719873,-11.580282958847029,2.0
9.98176494139724,-13.750973374173096,0.2852799850377412,-3.8979322380556587,2.0
11.272068555531686,-13.089952370293748,23.271878507823175,0.7691264071717798,2.0
13.020809429584753,-18.182050186518424,25.299103984306633,3.826306658859103,2.0
11.339735905578884,-15.04875618536185,32.68417594033913,1.9570571134111914,2.0
9.444791373414004,-17.90477321114475,29.902194257924947,2.93765398311634,2.0
10.814919174497039,-18.98588309258043,13.558868107304075,11.044714242209881,2.0
8.937070134842573,-17.35385612475408,7.588977299720096,1.1596803180820248,2.0
12.358950582033605,-11.637854969832066,15.031904449979645,10.431236449136875,2.0
11.482875272689029,-21.012129513964037,17.3508544364742,8.344914140667562,2.0
10.422687658620905,-31.31927112847058,15.851217552024945,8.236592884647651,2.0
9.710966393699033,-24.22381534906657,-0.966518782571903,-0.28033061169456985,2.0
10.447787375390547,-25.267877973608705,1.3029218116665158,-12.355980694407442,2.0
9.68687301932043,-18.64252369749338,9.860349428845726,-19.067966686946505,2.0
8.590686586826745,-20.87984236037655,-0.7668532987709558,-15.445322176278966,2.0
-0.04062321505295907,-27.147767031494226,-3.473788522500442,0.8355171071618033,2.0
-3.789192301302489,-21.948031146162784,2.4696733028695164,7.952336296063234,2.0
-6.6955226649693556,-26.3077000766351,-0.1645387960691398,9.124561533606379,2.0
-9.189480153706352,-19.102221060579254,16.021705132798306,11.61627793847717,2.0
-6.561590339922899,-9.581392550348653,14.376743609683587,3.5846807816688635,2.0
-8.27733876402762,-8.92314950152418,13.147661271503072,2.835981977796906,2.0
-6.944407419683566,-15.004373949718511,1.5672696548213363,6.416136986466229,2.0
-7.5075122306543784,-9.522357813747487,7.582371797673016,25.066031727649147,2.0
-6.41506281147709,-9.159310797003934,8.769177422603958,29.971186326178355,2.0
-10.14038913738176,-7.507852851608806,21.165891792072927,38.326726325588105,2.0
-9.809332155468212,-14.758127286014014,16.08991891354153,26.32629259310275,2.0
-7.834926077564312,-15.641047985697618,17.337510722587215,29.227946318855345,2.0
-9.770764005452572,-16.71379734959717,25.630331651443885,17.648055630702203,2.0
-9.88538375235206,-21.630741807244128,9.71526441297461,20.99835316943748,2.0
-7.066252076194768,-21.903068100517356,4.74389137598315,7.267962117481057,2.0
-7.4869755707888626,-18.082518070423582,-5.863401523593394,-0.6293607623083091,2.0
-7.415862220329454,-17.536680230678787,7.501522036634028,17.34725957848531,2.0
-6.521093754715396,-9.067682468545593,-15.816302817482674,17.08869368119425,2.0
-8.083901199037706,-19.82941188134103,-2.629566955641206,32.50909152292985,2.0
-9.149514325286987,-14.68239793093424,16.118792292554552,33.66570319594225,2.0
-8.11016206853864,-12.941682298186812,19.210292613350617,21.985322595364504,2.0
-7.449575106487471,-15.333159114012426,7.6883399789491165,29.201785242324675,2.0
-7.1213147317105685,-15.423801251282104,8.518573817845928,21.959913374371563,2.0
-9.192042312601627,-15.171169420882077,18.776184724119247,32.34568243188521,2.0
-9.615346007233137,-12.801889559536141,6.324858338474135,28.560816670860596,2.0
-8.386310603437982,-19.285404137031147,10.837132136941142,26.338773046491458,2.0
-5.911811419376389,-20.31060753282071,15.055349097739182,12.338285436129667,2.0
-6.096959113406188,-19.29043942092108,6.186719433442391,7.746334994242719,2.0
-6.60038782746373,-26.340756295912495,1.2376059522227063,0.505674480974962,2.0
-7.287837103399913,-27.635220881718713,4.858618212491445,16.985979311118708,2.0
-7.604112955277667,-29.52713879039,7.32395490266749,27.799330636671463,2.0
-6.637094917317184,-19.43106004687677,21.58308912058832,18.724979097135733,2.0
-7.358337899159881,-19.07789928651497,33.463691853855146,21.97165734274438,2.0
-7.986360929151431,-15.276886121028815,28.507092983325304,25.979411256656064,2.0
-7.624373773646899,-19.28574619234319,26.70535203204699,25.018571020614402,2.0
-8.223465873145436,-26.34778412822246,27.582811918190856,9.673435037019258,2.0
-9.571694141177838,-18.995631236565835,27.379565806711533,11.109735285948751,2.0
-8.706763984918055,-19.14844859777279,20.916034352765053,7.83736930928467,2.0
-8.013179262029466,-19.35132499504792,7.813440919921107,23.288405366529098,2.0
-7.87037822401443,-14.160818352164183,14.72501317094315,11.809409871661687,2.0
-7.933410926397375,-17.94877450301822,8.355626580100722,22.413163472724555,2.0
-9.430358663194355,-20.968891203792634,3.2020543246266335,24.18127623607679,2.0
-9.488238600352625,-12.392880899492722,-2.1278137124488445,13.698958851170715,2.0
-10.938914904467572,-20.63530672245784,-1.9031347547309476,17.403883079871022,2.0
-8.177946828294127,-12.15335874030453,-16.17487926850572,12.818342675713415,2.0
-6.0965951010699735,-7.97781472016735,14.093635846530809,12.441246415697385,2.0
-7.868500861577763,-12.994538676623495,-2.768824604242479,12.843716110602156,2.0
-8.474922696650754,-10.610964075915234,-8.64708143743168,27.697135768262754,2.0
-8.899201881636174,-26.151964031663397,-6.63391264273773,34.43231251504096,2.0
-8.441564050814197,-20.87075515396181,-4.234744546375005,43.61405482473377,2.0
2.9013391564135906,-19.59822754683454,-11.741909088327706,15.230604042440367,2.0
7.687473041883952,-18.608242518559194,-4.953964302616216,-7.8690459010307,2.0
10.947353472573877,-8.807823991130075,13.974376010331163,2.6261831240136644,2.0
11.22323995788044,-13.14272511968002,7.842845940109431,-4.0284532196652325,2.0
11.177256998267078,-13.846091726927362,9.903844377883221,-14.785221595899667,2.0
10.253447952663496,-10.714914170117137,6.766479526152831,-4.124140337038046,2.0
12.17507248869937,-7.750297036586041,15.32631272986521,-4.499086100319607,2.0
9.81457585189527,-8.179687997858586,22.80425517760603,-8.269871101673923,2.0
10.369772931997371,-7.907367232434129,20.010705570521324,-11.3039494671036,2.0
9.815413492759676,-7.577516942924975,-2.6026077916399295,-16.36310678773182,2.0
11.00857996910481,-18.541192366438246,3.5308311118739457,-24.770679323503114,2.0
12.823786297757746,-8.307343669463297,9.364258920891992,-22.90541268483921,2.0
13.37680847097655,-15.743872860437321,1.707685218823765,-13.621590475183947,2.0
13.187702103625119,-18.020843496769814,7.736070619634841,-13.177201814138979,2.0
12.693903982201142,-9.469703852834106,5.550343909320048,-13.486065136784479,2.0
12.855171650154503,-9.256220344573382,-2.820448478545392,-9.452481740603814,2.0
13.103084040163012,-10.92277863886037,18.56885991555447,-1.2876910008641467,2.0
12.674796000825117,-24.098561824468128,26.659640068699467,-9.302259474268478,2.0
13.07615197117509,-18.949857489429206,12.765614852450426,-9.562007638446342,2.0
13.538166321545257,-20.72012648382861,25.18310496437813,-17.726509958696678,2.0
14.803130711618723,-19.47890826742347,10.347789568789063,-20.97958575497367,2.0
14.13981145464453,-19.13814065176668,-2.581507987590296,-24.789324299937782,2.0
13.857232602972994,-20.051299780716462,9.218120326436853,-13.78579630037248,2.0
12.459692985583798,-21.079941702445563,4.767305904995826,-9.764037527546721,2.0
10.933013804063933,-17.31116781839567,16.79319007236132,1.0457363063409986,2.0
12.46146868943235,-3.6505436653921706,11.30959724869727,-15.97996171088826,2.0
13.950096275173053,-19.56645115302371,17.61560666772206,-16.47846415028256,2.0
12.061888203373954,-23.889213208629226,13.765703951579244,-21.438158630295653,2.0
12.719993029768538,-19.31782586933575,6.850122322839978,-20.62560065359473,2.0
13.071543611067677,-28.599122203358398,8.571030269597465,-20.359323963252272,2.0
13.42061239924682,-29.54144891195037,-5.292227101049843,-22.23715509868848,2.0
13.178906132827573,-24.39864935593313,-0.5010574664730463,-11.72192381447,2.0
14.289932696266234,-22.07665566277781,1.3806896629086882,-0.1845964844311272,2.0
14.384482921697558,-22.667797117181095,12.923996654281154,-9.408034958716552,2.0
12.782251266529764,-17.4791826380827,1.9777995782540856,-13.49244276343747,2.0
12.565289041445139,-21.48698608598102,-5.161281811690376,-17.49436992869636,2.0
11.000310136159658,-22.28375208429709,-8.86828624383643,-24.292433417925476,2.0
12.35357673894842,-23.88606777199617,0.9814794087945558,-12.791394286241065,2.0
12.830315049106341,-31.87418583244319,10.273044551868283,-16.75748456123407,2.0
12.070448996697328,-15.914371961766825,13.840802045711236,-16.59716941425157,2.0
12.227880754302356,-14.268099833953421,10.497744758232901,-16.268572781331173,2.0
11.912168554103442,-12.694092599663056,11.55358288674495,-13.86680842894812,2.0
13.354677378528471,-14.363931746809335,4.359481241461504,-18.878933681599282,2.0
14.110999275057305,-26.96827178148935,-7.1186936618546355,-27.102042560498447,2.0
13.565324108019842,-19.721169494549734,-3.507428265382499,-12.693356628013804,2.0
14.03319884636896,-25.13893329252975,-3.1128396385812103,-14.585412594334674,2.0
14.251886453233288,-27.53960485533005,13.018578666735243,-24.510151878973,2.0
11.786909661807039,-25.7305526809537,7.840209581305876,-30.471575042963142,2.0
11.96335340783037,-21.930446736932023,-2.639849287121076,-19.273017310160323,2.0
13.485412942811625,-8.890903456925615,-0.5688960496891262,-24.269783841707472,2.0
-0.7456126546410209,-27.83166635108568,27.7926304809235,-8.064291362599578,2.0
-10.27602892569265,-18.658581436034915,24.303433101242128,-10.005616451711106,2.0
-15.481827606178753,-22.827816883902173,20.523326157552304,-0.5425856794848762,2.0
-14.95673410907635,-19.853540054020826,-0.442905328985276,2.513939992119101,2.0
-15.381318514012895,-17.9675474909191,10.906405133726526,14.319559300519092,2.0
-17.127784947500935,-6.55008407573472,15.279462750104429,5.679602262313288,2.0
-17.58132672516885,-13.24573066109621,18.17643178692619,-2.9419470998294748,2.0
-16.03535362588206,-20.92468752906008,20.152077619694573,-1.6183830286584349,2.0
-15.499159840448216,-14.961161930650215,9.709346678979902,5.615793518001908,2.0
-16.79109960901979,-15.647832155376246,6.624862091664067,-4.079183132814358,2.0
-18.790421689061564,-22.266946311859904,2.4785799340372545,5.732577005102501,2.0
-20.47966215755155,-12.993095377344066,-8.021342767668404,2.9076172138666045,2.0
-18.546756322511783,-18.04989725995854,28.301378819160092,1.3179600555586513,2.0
-16.27180834790176,-10.531574120828699,33.250554491794354,-1.116788036137251,2.0
-17.308515903326366,-9.710638612616345,21.489677571090542,0.2741310024447494,2.0
-15.704486699363047,-20.731462583670183,23.96319398695904,8.08435870545369,2.0
-14.791058541158039,-34.04207161757454,28.137986723350323,13.621617300976277,2.0
-18.699772356843862,-21.61770566104735,8.566495651573046,10.416692938180226,2.0
-21.705711724752774,-26.768974844617798,5.548598658934661,-0.30419608311843194,2.0
-22.196051948645298,-31.873564271001477,-7.275876432154366,3.750603070416446,2.0
-18.5155500522892,-28.994467259122864,15.148418191265758,-5.222804287878938,2.0
-17.552635886440637,-17.348545063364455,7.7235088996071175,4.685478996541697,2.0
-18.626827727914126,-25.213695340355606,32.77551197016297,-3.0097732004133455,2.0
-19.16321302556334,-18.9928378188255,12.174485620316998,-2.769103413824549,2.0
-18.6203401288699,-16.240341275128692,32.715822250033824,-9.870079094860102,2.0
-17.659104055786976,-23.046236601792604,12.80838562580038,-12.904648820467386,2.0
-17.056526094980864,-15.42318873943333,15.822723166020278,-4.949255602372475,2.0
-16.670372983528797,-16.973735371824997,24.792814094754,-16.334399616684426,2.0
-16.953141501053526,-20.31250975269763,29.70807936126407,-18.539932631681374,2.0
-18.55226968177002,-9.501708969650359,17.96890823527145,-10.27916017216485,2.0
-18.901503096418768,-18.580077139047468,-6.750102973129167,-11.459386428170816,2.0
-17.10825099130982,-19.499536476857084,14.632698784381255,-10.16818334633173,2.0
-17.53086595531675,-14.616029181643386,19.885687573277355,-7.696464029605645,2.0
-16.874716842779666,-13.895661958857147,19.261253943891578,6.964360175313805,2.0
-17.028312170029217,-20.778789038076944,24.654366615378194,5.873462260165423,2.0
-16.826433547333004,-25.33534537736911,21.641409561495554,5.811340945845608,2.0
-17.18187978287193,-7.135472714787145,-4.409953061361577,-13.982861708560058,2.0
-15.944605448649979,-10.055400429962917,-9.29083531316406,-11.51513200133294,2.0
-16.91795833251006,-28.532601818009947,0.35382759954757503,10.419208066618367,2.0
-15.20370370768609,-20.377425084973666,9.807320932465878,8.068522379393356,2.0
-16.24584289804787,-16.668456510484088,2.9037914809729184,7.902646005335667,2.0
-16.817734854209952,-14.126552835112637,4.2150838217958615,18.475182139916726,2.0
-14.586978620169447,-14.528329160817222,-13.298518322840751,-2.149800285742701,2.0
-16.316562454627388,-10.032372996982739,-3.3595104260280966,-14.4789926668,2.0
-16.257012331222,-24.698490233016408,10.434198613309928,-9.598082555096555,2.0
-15.510673434406078,-31.096266597018516,13.218464744837336,-8.463876059812105,2.0
-14.343119024195978,-25.20813662733019,20.945793626976084,-16.775553947449886,2.0
-15.62675904951244,-23.79957526957545,10.330775120692003,-13.231240394773831,2.0
-17.11737534556106,-14.401008543079225,13.633490382390308,-15.112066651665945,2.0
-18.001285382941372,-10.147977337223658,-6.692720307175829,-5.772228977797473,2.0
-16.624411644084624,-14.574009729455508,6.339829090965709,0.9787975712778199,2.0
-17.640096108911987,-17.542536985315714,15.344463719184704,-4.212944707781348,2.0
-17.878236727022326,-6.771826367776164,13.09417341940797,3.5087746337818366,2.0
-18.902603024403213,-12.909843162781799,15.672486567557797,23.624457995501537,2.0
-16.206088243842647,-9.990486991068298,7.259534716815912,18.530506444716313,2.0
-14.55555454248498,-20.503337695780722,24.996691411136286,4.0399463127901765,2.0
-16.115359780350115,-23.215768855879663,16.73735183605793,18.33858498057277,2.0
-17.11065514761976,-24.89949563700643,19.0661307695622,22.170722518480154,2.0
-16.748976162625787,-22.493090684986868,20.428479118264853,32.54779954286753,2.0
-17.23175593911999,-29.908004039941595,28.321733401972196,13.348563944866694,2.0
-15.120964143209575,-17.540866350066434,30.257031367674134,16.614355031961185,2.0
-16.444381060675035,-17.415811341155123,6.2460706751982045,13.975048375195316,2.0
-15.647014332591622,-21.877482230683047,13.93229059328578,22.541026850527047,2.0
-15.51018313177916,-33.41102154452621,6.976954797490055,22.62490881068785,2.0
-17.002137423920068,-24.956863721665393,4.847790826397787,5.217783901769728,2.0
-15.750130174561399,-22.333371574282314,5.531858918089622,12.32836056075981,2.0
-15.648387203950515,-22.285766580318736,6.389806404566038,11.522508857573724,2.0
-14.69453700192522,-25.71527566541855,6.552152149134708,-7.161154337175949,2.0
-13.287024103019593,-25.16007659683404,15.836160391788663,17.760342038728822,2.0
-16.782581005682705,-17.18272741546891,21.354807982477453,8.666269647010733,2.0
-16.28882225790902,-24.413112524634407,11.705420964223897,11.558888164474835,2.0
-14.138745224578539,-32.860987360202934,13.414552129241773,14.006168557280414,2.0
-16.24001899260509,-29.20113691197931,24.636421116546412,10.098843964496123,2.0
-17.305622537313972,-22.754765463429457,24.826836282305138,18.84535000226102,2.0
-15.555058296483898,-19.41695110630606,15.694303088193056,12.939627944673427,2.0
-15.054148515032287,-19.593651834897457,9.68059537759952,9.451625049192199,2.0
-16.010807532780927,-23.012530184603108,15.1764632443319,16.34078776021688,2.0
-15.451893607078885,-23.073447876648313,3.303775339793015,13.218549566081878,2.0
-16.577771313626485,-29.849848068956017,8.49097536835885,11.948218677094566,2.0
-16.58312648426433,-29.060206683644946,4.620549797422743,18.789836798943284,2.0
-14.023297438593985,-19.89675321689192,1.7137479334692856,20.971167057078233,2.0
-16.249255725472125,-21.85042233722217,6.899169841371531,13.662300895108956,2.0
-16.10653786954776,-17.715661460594013,7.276016860652616,13.04893307351512,2.0
-16.608134437474263,-17.466625380909242,14.518725901941702,9.29498948697701,2.0
-16.528253376962827,-17.42799382368731,3.0917924093411826,9.354362954284273,2.0
-15.245639221468487,-7.26630709914496,6.3333947870245275,9.882466501612212,2.0
-15.2644106989492,-7.410971272940277,-7.158017764159684,17.835127971112037,2.0
-15.500312492650373,-16.355893672798366,-6.94934582004697,4.82553942535524,2.0
-16.31019450671524,-19.748294636843674,-1.069221638495926,8.463768499736705,2.0
-15.586912878720016,-21.946466913412838,1.969745774416241,-5.497535954202933,2.0
-14.950938784421332,-20.502412687561776,4.938448863936696,3.8936572154532385,2.0
-15.560071055161787,-10.79375561493978,8.03435972467839,17.738586918607695,2.0
-17.462582905763615,-8.194232800098979,10.951615813750202,-3.089629380846789,2.0
-16.228831851414782,-24.622678416835065,11.212803080946816,-0.42899185020821307,2.0
-16.104950828510344,-33.528907031225835,3.667099709347923,22.875687840237674,2.0
-16.933183163680148,-34.2113585541633,2.3994124783821835,17.225364902247534,2.0
-17.65883900649997,-28.953678813073388,7.97617582165063,11.82635243239292,2.0
-18.027029170846347,-29.064846758802226,9.836590380865484,13.720948295652112,2.0
-17.57594317869694,-24.57854056670158,9.663886201798963,11.134067259959112,2.0
-15.477393320243397,-24.06037883055481,16.29346831765748,15.837362157582435,2.0
-3.919145219148965,-19.629168135219018,12.242010945319073,1.8236459943165289,2.0
1.989999571102103,-12.918368609170134,5.268974019859156,-3.7732242656593167,2.0
5.294622908985843,-16.859418889028127,9.68191416674146,-12.88652380391347,2.0
7.186285490410219,-18.00754454951648,28.722443951233657,-26.626824299221227,2.0
8.815643848905886,-21.678257039895648,13.973277916637,-28.201064163627535,2.0
8.070902329820456,-19.58797080209758,30.346067425027,-10.125883876251315,2.0
8.135491126764672,-20.054010876548258,24.633640989225565,-11.329100813853653,2.0
8.917477716954163,-14.05802599365452,15.748525335642048,-27.837888377073597,2.0
7.132934896687354,-6.430167231931719,23.93099145671477,-25.356420178651625,2.0
9.248628133538304,-14.44914865719944,22.90705968794065,-18.44099798385609,2.0
8.82594757428532,-19.66613314322865,30.044837207203813,-25.027348838309734,2.0
8.970068575787252,-22.537753881096663,32.18694798131251,-28.828521437445016,2.0
8.868417661483184,-25.208351826012347,30.37085003326444,-26.79735567707742,2.0
8.51188966405282,-27.912884296801312,29.063378439077603,-16.254891000439144,2.0
7.035357268880824,-17.72266984914675,10.891836547205756,-13.674789442306366,2.0
8.456632352837028,-26.164516478310475,3.773836296808885,-30.884343005354005,2.0
6.823753914615583,-29.3474426696963,10.766782063560777,-16.297607190350405,2.0
6.411832664769638,-22.90883651989151,-5.737473480630349,-14.558885660856177,2.0
8.417607304536565,-24.212601814165996,16.884113503446223,-4.823671625465264,2.0
8.828771398433512,-32.37185925670265,17.386997809382574,-16.88044822593707,2.0
8.449852197425876,-29.580122785711065,18.771056038915876,-14.954040012331136,2.0
9.324790197032838,-27.5482506481097,12.427240871283205,-6.912343372675089,2.0
7.077042002792152,-21.17359429411745,-0.37102702772284957,-3.982165295422556,2.0
9.984795919666798,-20.763276154453166,14.329707289682911,-8.089365335375582,2.0
10.008015622875025,-26.961715267527484,17.633093075720026,-11.047887885833239,2.0
8.932983712552522,-17.125566804122155,15.343139982128154,-27.58001273368459,2.0
8.366915802779939,-13.678056490915871,22.417986872419803,-28.27670816190885,2.0
8.863202782767813,-22.87458491385925,14.40813761656085,-33.67736975841688,2.0
11.102834940020847,-22.045342469162357,5.92375351026838,-25.312357082502377,2.0
11.009683109267911,-23.708285022547233,19.571835064298153,-21.072801074129544,2.0
8.50165154908107,-18.37379554654087,10.678058101223147,-11.303249148770073,2.0
7.398425254434297,-18.74651044722748,8.183282688397675,-15.308937422884192,2.0
9.168198686347342,-20.263448048534457,14.573687832050634,-11.943357158989711,2.0
9.763872995832804,-11.44389373634445,9.368718003189937,-20.464805127473475,2.0
7.60497330881517,-16.566615012420698,-9.229696020934668,-6.394653194679636,2.0
7.354134534801006,-16.509154432611037,6.787508437549707,-6.2968769559451845,2.0
8.448689008977386,-20.198125449479527,15.76886916168296,-13.375395418041228,2.0
8.9399973437826,-17.165806971506754,6.924887461783852,-19.57464620085707,2.0
9.815577728621857,-21.34287674854994,0.5508704614281683,-30.038579522622367,2.0
8.786674500091621,-17.395540440623815,-3.0211863722598586,-3.1938678273314256,2.0
8.916444309410306,-20.909730434608853,6.337697993656194,-3.9422710600489665,2.0
7.759899733862718,-23.993702747646108,20.231205547570013,-2.300967986875243,2.0
8.349514700510687,-22.91504807095425,18.800654652399793,-14.36797531843277,2.0
7.833997449606963,-28.899330116293086,11.256421247492252,-13.851538641666835,2.0
7.344215331318026,-25.522406601049408,-1.6441360824878437,-17.85683719058575,2.0
8.49375288756079,-15.720585054291814,-11.61063839359107,-13.980812093935398,2.0
5.858409428084169,-23.324491081698024,2.9357246359600655,-23.76117776014678,2.0
6.418098234784321,-22.725555165968274,2.4131961003173137,-30.59651858485951,2.0
5.856518575045966,-14.619769607155638,8.532074630448937,-16.56039560264029,2.0
5.4380665223771345,-14.059432133693072,5.099413052305179,-15.225434273756939,2.0
5.6530772400768035,-22.48792228783529,0.7493632589076797,-13.312479461931812,2.0
4.9961607398636065,-18.274945184881656,-1.9795265463722682,4.683808007540028,2.0
3.53471771078922,-11.535557691903401,4.005481033855974,7.272026502300514,2.0
4.986853043745305,-26.230260048911788,18.278732390388093,-6.003728153856828,2.0
5.397713225940807,-19.038468947864487,7.127583529594653,-11.905732856749935,2.0
5.836114894333881,-28.605909174944557,16.919838311719566,-15.94107804551372,2.0
7.089535639382623,-29.277036011294634,4.295261658959375,-17.40142022017045,2.0
5.859349852597914,-24.634753340491105,-9.272441525516022,-3.6505531245996052,2.0
5.667483097999995,-24.276278943265623,-7.39064986731616,-0.16325766052798807,2.0
5.546304254345404,-20.34233708380761,6.320401315206998,4.925831652859979,2.0
3.769708024924739,-11.87241824339077,4.3816779768553396,10.95240376895531,2.0
5.004788933842215,-6.037520385931513,16.818707084374864,9.639327081593738,2.0
5.906334052626276,-7.118888380965689,18.36847609394377,4.405122843603849,2.0
3.8329388951715977,-7.40347306045644,7.670252380928227,4.745222566097304,2.0
5.25520691980475,-19.8989590262012,26.11880513972189,-8.87414291589596,2.0
3.9337611824667102,-24.623681782892632,19.497202444146353,-7.9512541230340235,2.0
6.4217926497385145,-14.492460592243518,8.413960247674117,-3.8305855173789727,2.0
4.7559703541731215,-6.118697655211517,9.751589220452173,-4.513522343289722,2.0
3.5865639521097767,-2.382988740627763,11.273017266388127,-3.9699720770205293,2.0
6.272202295428412,-8.176131132784578,21.008782372811254,-2.0838947553034384,2.0
2.717149998921965,-15.993102784356491,13.648839536589557,2.2937662048778646,2.0
3.8609869503719407,-15.567047328917038,12.212728415828966,-10.548884134359412,2.0
2.834445395884921,-24.032910364317626,11.056397478409679,1.790328355438024,2.0
5.346975225003096,-21.592860892968268,11.911266084806421,-3.1313479026070192,2.0
4.764675359574805,-22.85326997410288,18.317775345803078,-15.650999057660938,2.0
5.929779734485944,-29.538840085523518,12.082434167329852,-0.9898046873138728,2.0
3.8046645858126737,-23.13882010949193,19.118759224831592,-3.0751368168085715,2.0
5.910245428513638,-13.230610226006434,12.71514083652459,9.365287442793594,2.0
6.483577899775131,-18.90989288790173,16.73379278279267,10.78593103458817,2.0
6.902412691978215,-23.075876909815886,18.352213840111336,-5.915424807518586,2.0
6.39866435527306,-14.487891240793004,24.314056159388194,-8.941436691600083,2.0
5.235725923885177,-23.233569889639465,27.670983966794317,-10.53603410180315,2.0
3.424492258268901,-20.17674338918599,17.040575438771032,-7.864199371643026,2.0
5.220730124461803,-20.96103581941458,7.911307949215853,-8.448230803358777,2.0
5.598041609707087,-21.82940029027809,15.503525657486477,-0.9155323902840076,2.0
5.968123737084747,-26.888268550208075,7.35069329032526,1.1912983888347584,2.0
4.471586225794807,-29.414687354923785,-11.391851214722955,-8.082082850030469,2.0
3.2620547521475554,-16.242471382803664,0.6535219101763641,9.209698420007351,2.0
5.293680945216158,-15.088667296534329,3.0233437252021056,5.452469736068892,2.0
6.651299078197233,-19.6565881363795,6.181440063366515,-4.922127289237974,2.0
7.2610807669020305,-23.184618342589744,13.70141398568054,-1.3779498853305467,2.0
4.37245763489619,-19.28304818869491,7.212383594396703,-2.941312410907502,2.0
6.293867919771578,-19.256809567939797,3.1680323519545457,17.573104793394705,2.0
5.446548247165805,-14.928164503037419,16.56177872359495,14.71809275071852,2.0
7.606256218800576,-15.657947342542172,13.193728820778615,19.6365146118466,2.0
7.357193024795462,-17.476693132514228,16.54848029679394,18.821928961567604,2.0
7.5908156324937535,-17.89638304351977,17.946908387354185,0.6930109886094433,2.0
5.776254730040133,-11.13520774124561,20.674879061355384,-0.11100337151642581,2.0
4.562504619343814,-15.77024399635641,30.212461094302018,-1.3197283200420538,2.0
4.573700552211745,-25.44934504074202,20.279361809371743,6.856447035711651,2.0
12.21271271564283,-17.029456331348506,9.28598768841211,26.817559250832865,2.0
13.980675880776523,-13.38023881826583,20.884377312422053,23.20322622334593,2.0
15.974398518013741,-9.789428098360897,27.203404340644717,28.302476130136085,2.0
18.907474354836904,-9.44669283082768,26.79351543726401,18.05838562685709,2.0
20.18687362579542,-13.537168956928852,19.148474149263304,17.434196066464047,2.0
19.098064729277723,-15.332057392129787,14.328695880561574,24.031019163525244,2.0
18.769262523577105,-17.88469724741718,7.196362526956479,19.847345634023718,2.0
16.60400031327447,-18.01642182953477,0.03399507982869743,12.83756881184635,2.0
16.954261362566186,-26.152485746426713,4.145058204073418,4.659123517541824,2.0
18.265290251649198,-24.584144083555213,9.72904889761881,-8.92135214240355,2.0
17.29651069717217,-21.489748665280047,17.653959806355367,0.0007279416764838231,2.0
17.54761050892053,-26.825982213276525,25.274454669684555,9.679323382535825,2.0
17.314101862804527,-22.739352430616098,4.706532540384715,10.265689416020948,2.0
17.406185747904647,-31.80769617846926,3.8062198504238793,-6.151159397082987,2.0
17.02264181402337,-27.021158125758046,8.273754450910582,-2.3252034449554366,2.0
18.41204921201106,-23.31723044343184,3.8247225411600416,8.694341928054182,2.0
16.077180451949413,-23.668198226469613,8.997373466523502,20.63057541050902,2.0
16.43026466737637,-23.878002830763375,10.459353306669257,19.76371897279892,2.0
18.48519953661494,-23.91974658497109,11.233069692938097,29.955484848392114,2.0
20.013472145097403,-14.311764390137958,15.190836718963553,26.097515013466264,2.0
19.568209649834454,-21.03825849278259,21.275291354319524,22.205151422287216,2.0
17.649894364702543,-29.23136819909837,-8.936830752274748,10.338769310282553,2.0
17.556358319817868,-25.339350348644956,9.220572317614634,6.244508334236668,2.0
17.848314878015287,-22.804091201786512,13.846464650040694,1.5855867812662594,2.0
16.58080759529312,-8.591800199710278,5.6853834478476095,3.213050438227672,2.0
16.880845588498264,-10.02459270849515,5.600874927471905,-14.826972481237519,2.0
17.554783131240473,-15.357569360610347,6.746122169137049,-10.077144898300869,2.0
17.86962671218786,-30.33879548346068,16.375011803459174,-6.241223383446238,2.0
17.384664054400268,-36.83592284077159,9.78518873156019,-5.9109451828874695,2.0
17.75262070995073,-21.54973451301005,9.5819083090453,-11.519789063812793,2.0
18.542406101906753,-25.385091710527412,12.392733692679492,-9.675869311966537,2.0
18.130571978693677,-27.432049432047506,-3.846111779570938,3.161864498449124,2.0
17.372557228642638,-23.087583653972697,4.735739757791317,-0.7058698323438435,2.0
18.044221891110972,-25.383887232609528,3.096508302977428,-13.245382263193898,2.0
17.9519084579047,-31.346009381945663,23.895305488309447,1.1274337329712578,2.0
17.64701265612076,-28.117248311116036,11.25885287305271,11.30371462484495,2.0
16.551660276481208,-23.63419119894423,12.648250717209631,-1.5204150262564702,2.0
17.330463442624612,-21.22919134083212,10.801284157060877,-0.7510904901714772,2.0
16.314524807569157,-15.27390904447188,15.234413110656735,-4.676561026895489,2.0
17.82336915522658,-13.269477500807165,20.229610645843053,6.413259110164688,2.0
16.615541120856076,-16.8397134642744,16.860337024351153,7.436948153344113,2.0
18.009211957485917,-17.487603939726185,23.352037422214533,-2.149883570878182,2.0
16.087841715672205,-22.004144202478734,19.295003670004228,-9.965157522797224,2.0
16.098551461287048,-19.78219431202815,4.117764089897107,5.032926205954833,2.0
18.16889257305433,-13.12277607800972,1.7420142801515142,7.62611511222255,2.0
18.07214019787693,-9.076411951039336,7.160115614678379,8.044019754365427,2.0
17.25086981875608,-19.630481621229542,19.776946783050917,-7.2030528648652385,2.0
17.826311740000037,-15.297064769632978,19.028192718242092,-0.8341194022611413,2.0
15.886166240070303,-21.717216617436357,17.157750559662322,-0.9417943458827915,2.0
15.2406561633524,-18.054842993272914,2.81547975972736,4.22692427770611,2.0
3.2781770121865828,-15.573340510288396,-0.40721976325461284,-0.8849129194715256,2.0
0.40790769819168693,-10.903146745992043,-2.70529126014293,-8.709566645749833,2.0
-3.761234008224469,-12.952565498847154,-5.347644048117889,-4.903665631041202,2.0
-7.740017185047161,-20.15714142700842,-8.021597960618479,6.366001611684725,2.0
-9.36264635144494,-23.052084132025804,5.2966860553660595,3.0717017579098966,2.0
-8.781480443930992,-9.820028845465032,-6.817820888059415,15.50282702179044,2.0
-7.124930955957767,-22.37936794758053,-6.596718229953522,8.635457807940282,2.0
-9.728543024549243,-25.207956725147483,14.176418752195007,-5.027597092928904,2.0
-8.120187849350843,-29.65030998905396,13.671891370834835,-15.020987359433205,2.0
-7.66037178895833,-19.793532583221136,31.44612323633497,-4.966303545221487,2.0
-7.5273788853845005,-22.286910768472744,36.75755647011391,-0.8739427269096942,2.0
-7.349808559899106,-30.418547619276247,12.357179681344343,-6.861169897452088,2.0
-5.373772943873748,-26.616077637335643,23.81195442861375,-4.998935436744685,2.0
-7.996881359774046,-28.516765946635804,21.63840539750148,-4.593846075059922,2.0
-7.666932417578192,-30.89238973850452,25.56720501985927,-7.939255378957473,2.0
-6.7378149512477465,-21.199971824336934,22.17522292216978,-13.335984777193705,2.0
-6.852909549733732,-19.94569811462436,8.12492992700037,-16.4912599817664,2.0
-6.043345189930772,-30.009860301580936,10.06334467949717,-0.5927417789538081,2.0
-7.422528306374822,-28.55919001042914,3.859999113942296,-5.728326821047359,2.0
-7.349874399354127,-26.176193115357968,14.78418244530043,-16.960246001895495,2.0
-8.639110723466827,-30.057283318614793,8.66744829020234,-15.269640120629976,2.0
-7.539512745979892,-14.517844110839572,4.261831866112736,6.868751311440054,2.0
-9.287558570861007,-19.624038294569257,34.543892861720735,0.6860292130186552,2.0
-9.485749497741251,-23.836928377715356,18.066729749464564,3.3426455147257164,2.0
-7.332729882701344,-29.984548490267844,27.376316455089615,-4.212490674888738,2.0
-5.23149884296459,-27.378913999480417,29.02671201040669,-4.469340249924848,2.0
-6.189046965182769,-20.56735049564766,9.149820264350698,-20.88019864842994,2.0
-8.305984079312134,-16.651998154148302,7.704902652812317,-8.939000312291233,2.0
-5.2426392603842995,-13.51307501134155,9.172236314014395,-0.3809543351471829,2.0
-6.1742438585678014,-12.376410364338831,-8.643245421073505,4.34502756183155,2.0
-7.43811879571921,-21.526406928446605,-8.773946455523298,6.0247175170020535,2.0
-6.907843399172437,-18.4264107726451,4.119450485852802,-4.655720481006314,2.0
-7.697912593362828,-24.979379562311344,25.30483310664215,-19.542130832703133,2.0
-7.379842009747599,-25.986471367822723,3.1858782175043556,-26.53275445609294,2.0
-7.191323041197949,-18.110903322962205,12.217413633724735,-22.815030981725055,2.0
-6.85209255095666,-13.218021795509943,24.199520591136558,-1.3611393214452532,2.0
-6.498808712687147,-15.38159044935523,21.670681235835772,-1.268549433203027,2.0
-9.226801531333258,-30.133669204307296,10.414688165363982,7.002424324139469,2.0
-7.432895321721295,-22.60091641834934,17.992546072317403,-13.560614188541905,2.0
-10.172858085455369,-14.658569121543387,21.800078368969935,-13.659717072608577,2.0
-10.889331991114497,-10.322642718082404,14.30142245672479,-0.7012664504748889,2.0
-10.503763132679397,-17.09090988875308,7.349170082878078,-17.887573146131075,2.0
-8.871473622030484,-14.802345420445091,5.744767604257008,-5.858043503703152,2.0
-8.289075582202344,-25.93205545221328,-2.5397799230487585,-5.080552564857429,2.0
-6.5904393576797995,-19.598497752007308,1.2658293744183986,2.0141127218820163,2.0
-8.083522885388437,-16.881562887619054,-5.196455939798133,1.8256586713304723,2.0
-8.787392435569851,-16.28958357214816,23.99401349206577,-6.613486613787191,2.0
-8.153519640212565,-21.339902753062745,25.40535662981334,3.6535626872000435,2.0
-7.0090858028152825,-23.63164670544658,12.690845896583081,-0.33130126680944283,2.0
-7.735977557221432,-19.070903050945905,9.234553125033889,2.0523723319882436,2.0
0.20024352471230755,-12.766576843886044,9.43959062848807,2.241536764517295,2.0
0.8640023795171138,-16.852100962782895,-0.30699115445896474,-0.8294886105130193,2.0
2.5721215413609224,-20.295820125695606,4.060840970867756,5.2351868349775295,2.0
3.0457673129894296,-20.495584934064862,8.556598602465977,-8.296212097638552,2.0
3.7539732641700727,-20.287839848271123,17.02048140597341,-3.449662472435699,2.0
5.315697659564203,-20.976023618438695,8.942808237240184,12.756792569267175,2.0
5.543256336437431,-18.62179638949103,15.624768659003275,-4.743591637056392,2.0
4.5680299499275225,-10.808788857567901,10.535341617853948,1.911898345576346,2.0
5.02471395389677,-13.981354596162923,2.9235037647932556,9.141476602259534,2.0
5.4522898354688465,-23.346608486672814,-3.9201021185103055,2.1480144502166385,2.0
2.789257801763921,-19.049273851440205,-6.3172701710814545,-9.780410492985295,2.0
2.9800221221504444,-19.278415587650414,9.495883670417141,-8.447471876616003,2.0
3.912395586846868,-27.56979442642409,11.710037557335594,-11.915907518109698,2.0
5.41552728195795,-33.504397625688355,6.628329919778769,-0.4508597482330199,2.0
4.358020052082651,-20.908861480146818,3.000587559822435,-16.488106298266516,2.0
4.567525857875008,-17.81682053084048,-1.8316384177254479,-4.524158518479574,2.0
4.781962694971454,-19.459897016910457,13.9165127835232,-8.079258801404322,2.0
3.4247176006536235,-22.122527606872467,16.92473162038148,13.287173010548424,2.0
4.646531703169083,-19.751592406175707,13.902065309913532,5.491273119940809,2.0
5.075787504008946,-28.325806419525392,9.067099933216467,8.695312782351813,2.0
4.527064194381774,-17.41232482810795,18.278984472521902,11.066970947946508,2.0
5.442768225191571,-18.07501447127011,14.872422058034102,-9.402026037356423,2.0
4.9907344857906,-9.534490820724315,18.145837885487587,9.24757419318211,2.0
5.865126240659147,-11.788536852645606,15.444192379298316,13.257537181768106,2.0
3.876277861592238,-7.890851841270198,15.209015880348222,-6.787798030784975,2.0
4.264883259407914,-8.289566241284454,25.113211360431123,-16.851195937931603,2.0
3.374533699708499,-17.530089613053875,31.104055002970483,-11.220605960498458,2.0
4.661416327266572,-14.159658941347526,7.972707893243328,14.895476512290301,2.0
6.080578106087345,-14.65012878582704,15.949883657385184,5.44788608467596,2.0
4.641875253938687,-19.75837475534826,17.605729300749328,-9.875505333467379,2.0
6.806293919550644,-21.701917756121443,18.20602349808204,0.4568817934844649,2.0
6.108560568814003,-14.790622454831112,19.39620302214771,6.107178217723446,2.0
4.226128255119777,-18.306781669736772,5.307811990775253,1.3961343898874214,2.0
3.7782289455303637,-19.934443699777738,1.1742606693448625,9.835535752536924,2.0
3.73406751040943,-22.144358047216233,9.25812872057324,4.927061820430221,2.0
3.6673908442940686,-20.73055226421399,15.199177065250453,14.620897460809726,2.0
4.604488999056595,-20.632392014088992,2.8045956186811942,13.179314367018975,2.0
4.610613737873913,-10.830789916997785,3.1984288950585054,7.065250608863094,2.0
5.012470633076563,-17.58192449353547,12.08767375912116,6.670325848343686,2.0
5.2184932709562135,-13.331941299115407,6.19522034654147,3.1922613696285715,2.0
4.8099842710718175,-22.552573724676805,3.549637433370746,2.5361499072011124,2.0
4.864741973178012,-25.29692602873552,9.308603693380768,3.2733132401979974,2.0
4.76963349664001,-17.33651580123014,-0.33351051862167935,10.48342816708077,2.0
3.394289976124345,-22.005367924537804,-3.663689757726221,4.104337280964904,2.0
3.110294111806546,-21.683429560879283,-5.446427950650893,-4.133332843041428,2.0
5.42822614157582,-22.165609737485475,-8.026774503062352,-0.005046084119407546,2.0
5.423721002509433,-16.410114588258082,19.167470519220295,1.9216693903836468,2.0
7.007326298102342,-19.566425774960944,7.155689800060287,-2.791814205172486,2.0
3.769947013044209,-21.426748847263383,-0.5140168957570896,-6.966273670345965,2.0
5.097265992327666,-22.23477532487384,-5.321568935888459,-7.6414342565328806,2.0
-3.5109593330660887,-16.237929219167494,2.1780472033503138,2.804748611353824,2.0
-9.138178459937873,-13.514593301152672,23.131973406814808,8.09048477058069,2.0
-12.622136283622817,-16.5431412512484,13.174492261358488,10.811103742269779,2.0
-13.937167315843164,-13.709406309370351,14.010187158263516,6.655659030668897,2.0
-13.910955035299548,-17.267714469517085,17.188811965107107,25.787381321594737,2.0
-11.752704135507198,-10.061836525001944,9.626423827325096,22.934664591717123,2.0
-11.210921451656468,-13.256336974249052,3.1686560866837534,-7.395111348119573,2.0
-11.836140425385373,-2.559827774539748,-8.28779650423297,-6.629094970900683,2.0
-14.596078871584503,-5.836017521235849,13.868761231995775,12.959201231160863,2.0
-14.23962735132405,-7.590177706640787,10.64773160575821,18.302140322143423,2.0
-15.66683425177394,-21.09992782597446,19.424807921910357,12.100434361797838,2.0
-12.843712063091452,-23.563880860277322,10.432408754742319,7.693635382684343,2.0
-12.648813254987571,-18.95386210556998,13.762824861911001,12.056301236553523,2.0
-13.64251146553561,-32.95142251773083,7.828245171912731,0.38732496595380717,2.0
-12.924600755712506,-18.746202034660627,7.211370429970675,5.909573004045726,2.0
-13.79164201941738,-26.1890629204659,19.534605035679164,1.1108714733191176,2.0
-13.307772524850712,-19.424312006457672,16.824000278407954,2.4476288840509213,2.0
-13.1479633692447,-25.655122838000487,12.647610007086648,0.9757268448392566,2.0
-14.924669793629382,-20.11539258208797,5.176960149170503,-5.8216482028583485,2.0
-13.348051027203159,-25.05792233530043,13.617316654962414,1.9517428157005527,2.0
-15.15690000737987,-16.46916580861632,28.86765988964572,14.115180227435335,2.0
-13.441382707642237,-25.205022012439052,32.055597556373755,7.613783947865909,2.0
-10.789487529254664,-20.387009501579296,33.783586506549,7.164973405744632,2.0
-11.668532922898775,-7.444624647597946,18.748333000470538,-2.808232942890619,2.0
-14.950728576830457,-8.818988846662213,0.7217680167090936,-2.222950364694455,2.0
-14.452253983518837,-19.72817816252985,20.713687077577873,6.976400626008199,2.0
-12.970143661630422,-21.875439837547262,32.281529992811656,-4.999486651694664,2.0
-13.636021045564613,-23.871550770845566,-5.886324606956304,-4.92721241582074,2.0
-14.738611017700181,-22.281217291274963,5.6071534047207825,-7.189436228123111,2.0
-14.315999869197544,-22.11675171515276,-5.37757085195058,-3.9165395523472655,2.0
-16.01472114215352,-23.392832769447285,-5.2918947375699705,7.330418026543234,2.0
-15.198448308383218,-25.43580535799821,-0.9398770457878918,7.29044905264643,2.0
-13.840186558285977,-22.07084056317765,0.6597916945508775,15.258017099579865,2.0
-13.002710294014804,-21.230839836037266,6.482238417156077,2.073906184382726,2.0
-15.689906732318768,-8.96390822545962,5.6270164367196225,6.1767265704276255,2.0
-14.616469801808503,-8.56881106767755,18.88455648317116,-1.7273874168724555,2.0
-14.687476128570541,-13.147140041175028,20.57129385100504,8.246877188781506,2.0
-13.217121699051386,-13.447456738414683,13.297495109848848,4.227335987409164,2.0
-13.678724319133206,-13.986171522539639,8.640373895882165,1.6012907687173468,2.0
-13.627517366449444,-10.650187774982985,3.0399478455274345,-0.7167230214959961,2.0
-13.690082939639442,-9.90578629495441,2.023690488500045,-5.81429252763969,2.0
-13.187826982909026,-14.730894451686677,6.943078213137092,3.3744403482216336,2.0
-13.076427757576573,-15.343577333065861,10.312102908044874,14.646742203219738,2.0
-15.349271013489393,-17.801409717078393,-1.3699895172829955,7.949897902660459,2.0
-14.93357098642519,-18.114117385090644,0.3326794950654044,-0.3505594791330817,2.0
-17.49004939760278,-19.81729129471487,15.459521544071087,6.189834710155533,2.0
-16.119262610876543,-16.04614972226881,28.09912611595407,37.027907402771554,2.0
-14.903004198333626,-16.88833618218215,33.78303870110497,22.471581875967036,2.0
-15.08503453789444,-20.983403727549614,27.331743261738104,29.35258092379674,2.0
-14.73723406456366,-19.05850023653077,18.88335172867634,27.80081754622275,2.0
-11.084343804910922,-19.489154437742858,-6.317917233107732,5.739546761142524,2.0
-8.516457781336527,-15.529413972839203,7.706997777477609,4.073691074031225,2.0
-6.044787532322256,-26.4664009831839,-2.177224003067572,12.692313896095325,2.0
-4.481906635597554,-30.936347671563233,-4.055858286920669,17.49810832177694,2.0
-5.841357655949841,-28.954329936496222,0.44506900968297813,4.350169214332774,2.0
-6.055274349891077,-27.07152519335702,5.207550609459217,5.796060969510764,2.0
-6.9036778258319025,-25.390109958819856,20.56641328283992,8.093782558738809,2.0
-6.155532069624612,-20.651937670176263,36.81342156622364,9.705664580510062,2.0
-4.545709157880852,-10.865629779831307,14.678237071911589,-2.704061303687096,2.0
-5.048485752427902,-8.436721191081187,25.45645846170863,7.542535281716923,2.0
-5.212585737769955,-16.94415252640699,26.944905071496137,8.591415498441188,2.0
-6.644595787116928,-23.342173369367043,5.242433446222249,-17.207107219579196,2.0
-5.167073508400318,-24.41386893288653,16.456456687347192,-8.33499963935668,2.0
-5.3777705013983095,-26.66501926835506,1.1093955697261935,0.9457824679919833,2.0
-4.569347535936378,-24.62985522896406,24.734596831401156,-3.9664914174502925,2.0
-4.850351792216428,-17.72036015791643,27.696647284334013,-9.9989695253138,2.0
-6.304919911972687,-16.55147235337095,14.925584646124925,2.6459188752842726,2.0
-7.646414289823972,-25.894677466448563,10.706828043586494,0.28632616119136944,2.0
-5.646807808244676,-19.122803029702737,-0.5913301367973336,1.5984549454580255,2.0
-3.7460414500833297,-25.83793325452659,3.2669101994038705,7.4490798019839275,2.0
-2.834725829033319,-28.717687312290774,18.909524331534996,8.068725596841068,2.0
-5.165986124512904,-31.50184890788878,6.344348743561486,9.306138652751194,2.0
-5.510316033562642,-30.63135977800926,10.887820829610561,5.808392314300601,2.0
-6.41943020783355,-26.588320648876294,-3.661263777404903,11.151827014725942,2.0
-6.92261355892028,-25.255946008947785,-2.8191078408746915,0.3207998940267771,2.0
-8.4129935440709,-15.284494005083545,6.42704934781746,10.293441857960014,2.0
-7.016786746590907,-12.083780194605689,9.241145704253057,-1.1608106830628406,2.0
-6.0783880286323795,-21.874471114015343,8.237409557010896,3.274765388840498,2.0
-7.849131536208763,-21.73475579966174,11.421893451166405,3.567823141690022,2.0
-7.361408880944982,-25.022315329250127,8.405869676312754,11.908002502475581,2.0
-7.925016113257365,-18.760137668921708,3.676032393570173,11.042139683697277,2.0
-7.436587438757137,-22.914427973690266,-6.18614096408244,21.883247064280496,2.0
-7.487141971225191,-11.918345538777245,-6.752136967744866,17.101146455357892,2.0
-6.642998266948748,-9.116319888256008,-14.908487862726457,-8.307941862061389,2.0
-7.01094944289635,-25.376037720071977,17.434620901266534,-4.148237384852001,2.0
-7.003819828414237,-27.736881843719875,0.9791216466562798,-7.609317239580626,2.0
-7.814455505495788,-20.086459987582394,11.628434194371916,6.541943185969293,2.0
-6.9776567674573595,-18.1079073227023,17.472595378376127,3.037370427793136,2.0
-5.785848689897237,-18.311857147122595,6.008123635363603,6.4257646286188805,2.0
-7.79451742813251,-9.090499694287704,10.133525931986593,2.083872939527101,2.0
-5.246261551587872,-14.434607880352756,5.663594457096217,2.354797175671475,2.0
-4.168527738635557,-19.69901207411886,5.917564336317786,3.5034365223880375,2.0
-6.89388214005245,-14.070241267978643,1.8525302267919133,19.21041681765525,2.0
-6.569656578632943,-19.554808322309682,13.11645773563489,14.202664598381544,2.0
-8.01414886187844,-19.496191047360046,22.17661360995249,9.06501530984541,2.0
-7.4589235079839025,-26.348856574187106,19.51404180939464,7.214895969905004,2.0
-8.395760242442815,-23.100505550177395,7.411342399461066,6.723787038602248,2.0
-8.415333845911215,-18.1879722566279,7.958820442991515,10.009175892164219,2.0
-7.602482357411096,-21.981220064699517,-0.15083132372723895,-12.284952432619237,2.0
-4.929252688911321,-29.19892374854774,24.946687503362828,1.4289194104042267,2.0
-3.410118734961291,-28.81799032608302,17.697337094170113,-11.276672279568402,2.0
-2.7940957440509,-29.436733370929915,12.622020788059054,-19.578509297297202,2.0
-3.621020297002132,-28.99089055714289,3.3142090846921306,-11.98916381332399,2.0
-4.238408974271122,-22.75130821839775,19.12693609971672,-16.059530893496284,2.0
-1.6548032380263669,-24.096625358004268,7.179931910884259,-15.043925870253645,2.0
-1.1633147819307037,-25.575591683235913,12.699603198812184,-16.521387797588474,2.0
-1.6872783971652616,-26.732077069316325,8.905304430904152,-25.611865904664747,2.0
-1.2516000335955069,-22.05744360693595,21.200707821017986,-22.773852139483633,2.0
0.42972949999544774,-24.254947174421254,12.194484783059544,-18.53255681910242,2.0
-0.7439654707503996,-22.24807279952225,18.55413609013397,-10.894844211592904,2.0
-3.357628263584247,-16.789975535392777,20.171540752402684,-12.6117556400345,2.0
-2.754150547458652,-22.11570808323054,21.478900301400312,-22.58537772190497,2.0
-1.410818786452368,-22.0151250063805,13.230359381378028,-18.762880124678595,2.0
-0.4422908152623632,-30.694226856388443,14.923709487150013,-12.192847117724234,2.0
-0.8135286840595306,-26.40068181914895,15.981193677544224,-15.772253754498891,2.0
-1.8580977169290964,-27.2737600166242,8.356348132112256,-13.607304271258343,2.0
-3.204356107579872,-25.538690711262582,8.868764911055205,-28.77610212952912,2.0
0.4780372257655062,-8.875845968542007,13.990406304398643,-22.03260514953321,2.0
-2.2552636626976965,-19.822293611065565,11.147808268067722,-10.680273144795798,2.0
-2.898364279841253,-23.961032637561306,34.996052204498504,-7.042989886945312,2.0
-1.9194246811315347,-32.573875526954865,22.526044176935237,1.543172354861511,2.0
0.3856157761407031,-26.629571267750535,4.147891965470734,1.9237956173053252,2.0
0.9939944825346159,-24.747801727170863,1.0769999568881623,-5.103439684842529,2.0
-2.4267931487425782,-11.364829134696146,11.999323770237144,-5.998156291468392,2.0
-0.5941260392322556,-25.454683671286233,12.742613566676166,-24.712685900844725,2.0
-2.6522550135272747,-28.543598846137755,8.168129854759805,-22.835130473655184,2.0
-4.173318597722598,-17.094736922428503,23.996803575828917,-31.699383090974607,2.0
-2.9523196692367533,-21.938534897682985,9.806143018267262,-23.85106990234207,2.0
0.5354167607679936,-14.608820142634263,9.343335585701698,-22.440466984790582,2.0
-0.37667974362200896,-23.174031403131295,12.715638311835043,-30.447722966350604,2.0
-1.9594534063401183,-15.224582307662608,17.692699355098462,-19.277799294506202,2.0
-1.1820183864863056,-25.46442502342345,23.22709335380252,-20.850359755677236,2.0
-0.7805909135148954,-22.781492379091492,7.271371471689436,-6.284693526082464,2.0
-2.63966152054042,-27.459840985787274,19.468749658280068,2.4319372924508995,2.0
-4.804930588625551,-18.597738918521507,21.110658892887876,-15.982959426652553,2.0
-3.3587790224097462,-9.639093265345615,34.48325962273783,-16.479568310114658,2.0
0.01916583510255504,-8.55508515036409,0.08753470469706848,-7.249036251919539,2.0
-0.4656014002276593,-3.332995253765514,-2.325395562267584,-3.7748079277061493,2.0
0.6890428637259749,-15.8093731622315,-5.052912904744865,-13.554540772813947,2.0
0.29969721555595763,-14.647244098894571,17.01718635254136,3.9368143031591565,2.0
-0.1406494908196827,-17.221090970839562,9.978976630761046,-4.764345629500344,2.0
0.17141755738692632,-20.310846300883995,11.91925090184579,-8.802284523629176,2.0
-0.4846697551948641,-28.11501577401266,18.347431355287398,-5.831118808140481,2.0
-1.9157993009628733,-32.01814877233375,5.542788928417613,-3.378153125437626,2.0
-1.089075612273915,-28.22915697361672,7.56766038455579,-0.7260345221098561,2.0
0.3048755191380377,-13.278034807787137,14.247752499987559,3.6693269311075163,2.0
0.7510307687870972,-22.09965234344536,21.70699341810323,4.682443278708881,2.0
-1.0670194967089282,-20.369229113835857,11.497829581007203,8.719990197950459,2.0
-3.2886732344016156,-34.673835761429274,12.18432320837174,-7.012765347473134,2.0
-1.5689521046433788,-25.980155748346004,5.998188635926205,-2.101712205831184,2.0
8.36981938624893,-23.130823564961965,11.660303915653376,-3.1515818593073046,2.0
14.13512103344581,-15.724309808513798,1.6866254957985838,6.828188997246514,2.0
15.276409106062678,-14.90863678034026,-1.5597123017866332,0.0072262506577907,2.0
18.336357167106275,-22.374893671411666,1.257265994427054,-1.9998347978616557,2.0
17.931111310371872,-11.836390841030013,-2.6027512132904507,-3.4403229750610755,2.0
17.75179029507206,-6.052738863107612,3.7373213317254246,-1.220011686206945,2.0
17.518111675305292,-12.307645679530197,18.43994450769634,-4.656467367336729,2.0
19.14538467201629,-23.188824543415883,4.589241196792379,7.049025272221376,2.0
19.615730823959755,-18.314482881852243,16.047294628056818,16.606140024089523,2.0
17.755064253252282,-30.7436885395456,21.66995615831253,0.017172043899762457,2.0
20.071878176197536,-24.31042870209183,5.35277016702844,-2.8490873268323273,2.0
19.665910430173994,-16.41000469596403,9.396267947321775,4.310290670876018,2.0
17.96286430419915,-12.511202929405021,6.012035446361711,7.317595613077076,2.0
18.75520335886174,-22.2881319692864,19.692961066379514,-8.501718816166951,2.0
18.92923710425334,-14.620910460595345,15.815595378196782,-17.276003318235887,2.0
17.709532733655216,-21.857847783400132,-2.109340727558245,-11.429580986962149,2.0
17.224975642470586,-21.89600591646617,6.334186691316064,-15.067992494985727,2.0
16.619708736769017,-17.100886597395576,7.649996168589215,-12.823980639500272,2.0
16.347246899397177,-24.444193443714767,-2.8087490648111135,-19.123696959764608,2.0
15.582044207342166,-19.285140756561418,3.205753991242249,-13.904144137263843,2.0
15.333552591857348,-24.729552604287083,-6.394944384574698,-8.393464436455071,2.0
15.52974542994406,-23.062889810353354,-18.525897201375354,1.1233308006869898,2.0
16.71504450093787,-14.326160693730124,-6.139739510401698,3.0978258836066477,2.0
17.602242980749292,-15.750100445572102,14.564737265738923,-15.246970851163368,2.0
17.225565993841194,-23.22487399754634,16.749254913964897,-16.809945206701016,2.0
16.85968010654116,-28.03364458584955,8.045414645094084,-9.507609156243717,2.0
20.442532969972635,-30.946557651596528,7.698964427565327,-4.365274112335247,2.0
18.311369880103587,-24.972071679807673,15.970026504093088,3.8803663946464315,2.0
17.73153249297068,-24.47407025419104,0.06875896174642016,-6.478448502417037,2.0
17.607110474940626,-22.797642631891623,-5.037146986708446,-7.883263431477098,2.0
17.929358411109515,-18.79749155226795,-1.2960536964191078,-17.5405315525542,2.0
19.08406727548984,-29.288853530401557,6.208699047011338,-26.383268333193506,2.0
17.27958319390578,-23.324871579336563,20.05451114628244,-9.073548306819003,2.0
17.115227706527197,-16.43775925201517,17.856727832187705,-14.642066461251089,2.0
15.86455796147478,-12.576345078289599,10.83158890058246,-16.60279191253417,2.0
15.908534362517461,-16.439076769603883,-1.7838420356147076,-15.335916559024614,2.0
19.58297519951714,-17.52196364969723,6.459530953546291,-6.774520361059678,2.0
18.25242861093964,-12.887418748320151,21.207103609447888,-19.00161338031795,2.0
19.12082203422087,-25.234944434677253,28.652856818676803,-11.153482743124709,2.0
17.963798489746235,-27.743149218190705,21.30813404827532,-0.42912913020490073,2.0
17.8704740822982,-17.629169870915682,4.697995361779153,-4.054749665898942,2.0
18.716189360438236,-13.374102340115915,2.8742491127668117,-4.19041850743748,2.0
18.6519695681345,-11.663759830674262,19.45734763526805,-1.5717942174066675,2.0
20.38005935183297,-22.95074112987135,8.300131206853813,-7.055156572880914,2.0
18.515354108644118,-19.717597786202745,14.25206802016086,-18.22551508425112,2.0
19.69851965478773,-18.368745612721586,4.551657821389226,-8.331603999092469,2.0
19.943562107695747,-20.880964526595868,0.9109116526169885,-8.986188661480973,2.0
17.677543604506102,-27.274418640731955,5.815366786210401,2.904522014365238,2.0
19.161827103796593,-26.27105075826853,9.520308343474557,22.404066524978113,2.0
16.83445060647258,-24.411889450284498,7.717530790401627,-8.716276415373493,2.0
7.3152409799562506,-21.724784257907668,5.871821192896746,-8.279799115949277,2.0
3.422950701967368,-11.952735573081542,10.86788051787018,0.15959266837402275,2.0
2.0274413174063435,-6.81717225862478,-3.7651783864615123,1.0115464577250535,2.0
1.9658446766888023,-17.249149075218554,19.68700281741465,-6.1923442330107825,2.0
1.541769375004912,-17.65769773354789,2.564847896474537,-0.5657165356850946,2.0
-1.8203042845512454,-13.615572824576704,-2.992837208954163,-1.342304249070227,2.0
-1.157604715863379,-16.07866911117847,24.94432855541963,-9.925228712834056,2.0
-1.940318298236965,-21.225444509621248,16.96807354910336,-3.637124795854932,2.0
-2.920168398498757,-17.112117788472826,4.495943239894801,-16.92825585453414,2.0
-1.6889080615723835,-16.560889501621617,15.512156091309866,-15.965447975978233,2.0
-1.17330467392358,-18.978194330813388,17.06897300979749,-3.909297802294498,2.0
1.0846662067044064,-21.331883518335886,15.975108049839722,-9.137301505408356,2.0
-0.8690592971194073,-15.012942563820122,18.796848729923155,-0.5659048998845553,2.0
-0.06653797427264607,-18.221857966811026,-5.656853567928969,-6.599868981728369,2.0
-1.2462946623417492,-16.486833979527503,7.33252602077172,-1.8249523952762257,2.0
-0.5424532703154687,-20.962192140398663,6.469105763249703,-14.056046025269724,2.0
-1.316153729508342,-19.478411049214557,-2.0318455118051704,-14.814448369869549,2.0
0.22429793855746372,-24.85176572914611,7.247916570647016,-15.933678678100538,2.0
-1.0377832668829652,-29.112310471521383,-2.6399179109653703,-7.021703938492056,2.0
-0.9197653322536191,-21.26871926358197,-10.719781162153264,-5.009660948487739,2.0
-2.36998590297706,-22.18872660135682,12.161076802467829,-2.242021745416217,2.0
-2.429239913211728,-29.91160377432664,16.97054353894466,6.365459819280628,2.0
-2.331225793828099,-20.70165812477911,-3.1655195774691496,3.0210208406306758,2.0
-1.8502778245915783,-17.990985708648026,-1.5265574558972421,-2.2749887080408513,2.0
-3.0567058443455877,-13.550322191168583,-3.745359990927133,-3.933291388494612,2.0
-0.17475047138635214,-10.398037886501019,6.398027035948761,-9.093685420554293,2.0
0.3895429645715873,-13.179053031778773,9.341557802773513,2.9133864604182014,2.0
-1.3009470976563327,-16.2480590260719,-11.36495041467142,-0.0074478984156858274,2.0
-0.4189477067934696,-11.97428171266795,-9.232895601371577,18.031998646848045,2.0
-0.7621163258310162,-11.250340484633117,9.017278025317374,12.95062118064095,2.0
0.30958901580683007,-15.104326760622278,3.466353496240284,9.49051828077505,2.0
-1.1277901065275047,-11.954295115030144,-1.7021425309355682,4.559447612684947,2.0
-0.7505756222958739,-16.754798235088032,10.059030471644178,-0.2553851501299693,2.0
-1.467470230133056,-18.75388358587551,6.557920069461266,17.07299328142141,2.0
-0.9594246939850394,-18.331973432028594,-4.341814625970681,-1.2107682459550215,2.0
-0.8909825437977619,-17.56554071181991,9.951159805631978,-1.5771286139854794,2.0
-0.5593396949834328,-20.030416357947775,23.694924800109042,-0.8382393242986979,2.0
-0.9860998427533547,-13.639022067259166,13.07678818934557,9.581780296406164,2.0
-0.9231239361372764,-16.331162828901782,13.547161483047317,3.477204867827081,2.0
-2.151285568795605,-27.18549538346359,8.765737959944726,-3.1774469793855538,2.0
-1.530948950757956,-23.439267255871503,12.935912855449732,-3.122146914038557,2.0
-2.63287386054116,-20.80053419421136,12.125242511871974,-2.1145679126202293,2.0
-2.414052856329233,-5.715908147602017,22.48893147751465,-7.248823911313728,2.0
-0.25258112414289813,-18.93383743847322,27.219609897212415,-1.4200103743317871,2.0
-1.4314387496902952,-15.951008872995686,32.96697443482499,-7.193534946821205,2.0
-0.9036736715459113,-24.59997071701849,18.507588520206056,-4.080746242447715,2.0
0.4541904358684915,-25.653894770438292,3.776148177643468,-6.595595720339512,2.0
-3.852175365681829,-23.677822870413927,0.9626940902282257,-16.845452238154838,2.0
-2.8522118316105938,-25.195836864979434,8.705475005321144,-1.2701501503267614,2.0
-1.2702904635118744,-11.539879502423044,15.895014298177625,1.9533296878022497,2.0
