x1,x2,x3,x4,y
-1.1213290066766426,-5.1641518819704615,-7.446997622298232,14.749231637597592,0.0
-5.040149108327157,-12.793918401420047,-3.7782263675249137,7.973735987847787,0.0
-11.82772757186323,11.406297397240824,-7.542755216326002,14.361078422876748,0.0
-20.789365638076372,7.622928439844873,-7.236852707714457,18.124651100427883,0.0
-28.496956816419903,2.4512999163463576,-5.463929101977472,18.123596460124563,0.0
-11.438704455419076,3.946302524646305,3.019432644121201,19.222376199480237,0.0
-0.5028965378243875,12.692443791977233,2.4603599803114378,20.827788785931144,0.0
-3.654645404141574,-0.08572799327189129,-10.339711044600183,11.88901739109994,0.0
13.008468939215113,14.370684183066361,-13.637443184482434,2.215297667968665,0.0
5.0811175935080115,14.497930445323782,-11.423944579535403,21.611198305636428,0.0
-8.492263116056659,7.870928192038662,2.347879320572442,16.900900188685576,0.0
-8.743821658594824,6.305565482314714,1.0122143205917347,29.533595833974694,0.0
-3.560896134095519,10.580865679067305,-15.888976610385882,24.46591928721029,0.0
-15.142971209852945,-10.193114354732725,-0.2618157405477266,19.006964076627327,0.0
-11.474242853933157,3.241328238337859,-10.163339453296121,3.1380672185776026,0.0
-7.17349862588853,-4.03111635719177,-1.207694776340185,5.099067551885225,0.0
-14.996596277945315,0.8536393658753862,-10.58443304096147,7.405233536842367,0.0
-31.792412015014257,8.981569587149197,-22.989176461548816,-9.936897768375292,0.0
-12.47466527919104,18.59982655096033,-18.6213225120904,-3.914748899629398,0.0
-19.586316003932026,16.329718570410783,-21.321792875630873,24.33627758309087,0.0
-24.400885575408026,16.09113363330757,-13.505053941068507,23.713098535980492,0.0
-8.82523119404215,21.864969724194566,-9.878249589801257,23.098703136735402,0.0
-4.692507481125203,16.31796444806868,-13.273247878826934,22.165571405166325,0.0
-9.97136111241197,11.23326597446299,-4.398485511256019,17.282754834904903,0.0
-9.066050279307627,10.477119215796852,-5.465306921440885,25.987626445523208,0.0
-11.428030230106978,9.056165123619616,-1.5542667961173668,5.382895369503643,0.0
-9.69812086512834,7.884446999947193,2.8887363355079927,10.91471352728555,0.0
-16.97702550454344,8.91854825172826,5.7958828059217105,23.781543067530443,0.0
-8.292930175602828,8.271264023792943,-1.29599755882015,24.493507663893915,0.0
-23.573492858460206,12.266816248700822,-5.047369465076443,25.09305567736751,0.0
-27.443138222993415,17.931362763470513,-6.776478602436118,29.718182359616275,0.0
-14.196611002822882,9.030962873506533,-12.360278335472968,32.153279831550876,0.0
-11.898229762904034,4.789990478018739,-11.489238139930688,15.125959454979583,0.0
-16.839433817641247,11.313357779422253,-14.058712317373914,23.961366250159905,0.0
-16.094981239736004,-3.480732389104536,-22.40893562631824,18.226825967982343,0.0
-23.234335422682033,-0.8068162534109424,-28.034240260919823,13.39962963998142,0.0
-23.343734095993597,-8.427208004459938,-19.46526163370364,1.2449296839328738,0.0
-13.988937469980247,13.208713462660842,-7.428498566481067,1.9456941549777316,0.0
-10.27113948642559,9.212515509395093,-12.03565414532568,3.439589845660125,0.0
-17.335921264820264,-2.287825660327966,-19.12535177056084,7.542716263584749,0.0
-15.692324858959221,-5.1366232988084715,-12.825270102137305,-3.0307865803384217,0.0
-8.291636812962878,-1.4462363886679412,-11.99047348012631,-0.2811861516816645,0.0
-7.447459118896884,8.169100217199304,-8.290569246098721,6.275707472841877,0.0
-0.714274697604667,13.82985383652636,5.871636732727877,10.85855344293265,0.0
-0.9132005545894231,16.206365517895268,-4.038663599217465,4.862757613337342,0.0
-13.616664954713935,9.730644838443816,-8.104148480068483,18.349396671390096,0.0
-22.459053050832797,6.048385498923631,-12.11381860354313,18.74626398393639,0.0
-20.49626259626748,2.1415368089009936,-17.595351485819346,16.059722949652958,0.0
0.5276528886414793,10.597712499987757,-7.38537083446702,-1.401514092899333,0.0
10.971052349149058,-10.7270885863403,-13.192626170899144,0.4192586139047285,0.0
13.345371630995663,-13.023884530553879,-7.808514807105584,7.366062617416959,0.0
10.064701731301408,-4.353863137980067,1.3227859824671295,-0.17703381411111607,0.0
4.2834702286089374,11.34798799666936,1.627795147963063,4.989159962799741,0.0
16.434228543458254,0.505724615338357,-4.959654438445266,-7.424741836911423,0.0
13.944562978434334,17.50473185173466,-10.790943845163257,-7.237365091681035,0.0
10.079783796525895,0.9460590058258624,-16.884549089341863,4.323200974830629,0.0
25.058594673375318,4.720234311067125,2.2650120398743336,5.819287745237011,0.0
16.11283858932616,4.977628312137786,-6.8413597007979225,-24.902419994801612,0.0
-3.5893614656928383,-7.26964581617943,-9.88241142398097,-34.43128517959171,0.0
11.56244511775458,-4.261087124331703,-12.468557924552531,-12.826128664721095,0.0
-0.4438374493249606,6.190363571303778,-11.771303904341526,-13.50874263624018,0.0
9.232295545205977,8.842481098737167,-6.065915882204896,-2.144607926790357,0.0
-6.463466709783792,20.44556221343395,-0.6572353883689268,-3.2575142710464102,0.0
-10.93795020807638,17.090876112058286,-3.9498780749671223,-12.514725591839781,0.0
3.993583669933238,15.371913843790907,-0.7454363253055067,-24.282619912535868,0.0
3.28231331018579,14.095480761042364,-1.4679160299350968,-17.88622166629753,0.0
3.2136589156261826,7.6813291334196965,-5.546127860502189,-11.11762030895241,0.0
-1.0795621255568957,8.616510401503717,-18.22709683695691,4.348297502797935,0.0
-2.1542067381744245,17.235409767881542,-12.336456095293205,-15.156555667250563,0.0
-9.242792405822549,17.68839614871861,-17.963626175971612,-20.607143920923274,0.0
-7.8329718804220185,19.990569155600888,-14.36644956004506,-12.751912927762799,0.0
3.885262861452199,26.460544840116217,-22.967018133364068,-20.042469807317804,0.0
7.0257020628184295,16.557768643935592,-11.352031148436492,-0.3744120825351196,0.0
9.9725975136619,7.9369276247596146,-14.455444183622479,-10.26299531702592,0.0
9.178721622902987,12.22200001064725,-8.973012066724898,0.20983931784460275,0.0
13.290543997200846,0.8659553746569146,7.447726981684157,0.693147354634652,0.0
9.928774133606426,16.72355510129281,-14.242426673841518,-9.783201802778969,0.0
4.008027306511826,13.678370694698366,-7.466563338645123,-16.587999071077068,0.0
-0.5875126267880706,14.455444925559894,-3.1704510439431433,-14.848205713202693,0.0
-0.1192311587458299,14.309668997295027,-12.284370448101273,4.749937389204446,0.0
7.361246125407478,1.318542984619413,0.010763137316848415,17.07615143414484,0.0
17.194247303064458,11.024472453870317,0.3051284438907267,-4.76767996050004,0.0
11.051766557768202,9.366745880005265,-4.47385465742958,-6.32914902556909,0.0
8.51245103658052,1.64613975452742,-0.5430336368565758,-5.671505173011841,0.0
8.256005980094214,2.3005512349004174,5.823005595621911,-10.24438885240319,0.0
4.6576945309223134,1.5433564294320208,2.732622776815295,2.5294688380567276,0.0
13.286093709418896,3.105301931514823,-1.6219400911288275,-7.780096747181286,0.0
12.442472616501137,12.804465920149298,-8.11130546106875,-4.888740576748804,0.0
9.22877395075112,3.242002882240535,-20.262157749935287,7.602312398468661,0.0
23.411628626814448,10.304307042054113,-7.336862541717641,14.901227826585457,0.0
7.019279163522885,8.648945220459753,-3.5176893917322527,5.195460802664526,0.0
1.9376988391639816,11.079750712361253,-0.781898987104185,-3.2521402701420614,0.0
14.598959747031554,12.373590397432327,-14.758473314610846,-4.577037899426569,0.0
13.268665841619889,5.322304493697756,-9.68802170978117,-5.975205080287107,0.0
7.762089520848184,0.8349224169899336,-10.740307450624304,-14.2419657329818,0.0
11.01406520908845,7.598114611567175,-15.98655004408093,-16.760586690235662,0.0
5.692673556538121,10.541291073578838,-16.716455964001813,0.8137137609959186,0.0
-1.5285290378394998,0.7363886864873095,-19.453358223172394,15.50852228324675,0.0
1.4790785664995187,7.030240429797168,-23.07183945275373,6.16419500378423,0.0
9.380502943394777,11.967288201736471,-6.908534932707292,7.304258749184106,0.0
9.731617292139187,-1.8615618701261694,-0.14705078239995295,25.152895362058608,0.0
9.16822880142468,0.9224649288974738,-0.6169817410322258,14.28590649589048,0.0
5.254038565051646,-2.6328492867953335,-4.203881003022796,5.315837360821486,0.0
-8.007878610654,4.9284089821568875,-5.36004564158805,-4.616493691401279,0.0
-5.56971538942277,-9.067371957557327,-11.556043518434095,11.3320262759318,0.0
-3.293990421073028,0.23009657589989008,-10.115473972167695,6.317998645824609,0.0
3.809864583440447,-1.7770478565050616,-5.378412375830468,17.036270370874973,0.0
7.30555327632501,4.628006739689082,-10.313371193835506,13.954054897598109,0.0
-4.136975527967404,3.5436244647003474,-9.9013192673969,20.9532696864746,0.0
-4.647877259812643,15.836217628813179,-4.729227793872699,4.752602738920774,0.0
-4.850890559293338,5.401144777106074,-6.5483950630543415,10.581152537236033,0.0
-12.434000100918633,4.528724693576005,-14.5833113385258,23.04411877552759,0.0
-8.399227548388929,0.5282479345248792,-18.483382937306985,22.56122274504393,0.0
-9.793778034451195,7.7963951943410255,-17.132566446431312,7.069549608780925,0.0
2.1626428160912834,10.717210657274823,-15.142600601636229,4.855706516804334,0.0
-15.309800310480544,5.258082136175881,-7.002094722487895,5.141130054952029,0.0
-2.9290941287401284,15.655328750666902,-4.727288588539178,20.613513494029668,0.0
-3.579357698370703,11.233124534011399,-1.8837217258075776,22.209950406087223,0.0
-7.687268575936019,24.347551117359224,-1.5711192202304942,25.612618635552014,0.0
1.2181534000508005,24.978459506943835,-4.970126892448158,24.63331804298731,0.0
-9.686490840126503,21.767932305650724,-6.342550483751057,12.416242114227332,0.0
1.6125335112316201,11.193884893102464,-5.344489368772948,7.905281854507065,0.0
-7.839790840395013,25.08586534287891,-4.33941236264199,-0.6618747212719693,0.0
-3.8358922768148385,16.217297010826044,-2.3879036588286215,10.302123676210591,0.0
6.463610806078947,18.113461278948737,1.131524404097318,-0.6492453935772708,0.0
-4.70604900520207,16.16523874159389,0.5683902026451211,18.419756500280457,0.0
9.983242516437052,5.436132975796398,-0.8458708595480147,12.383512121561072,0.0
8.84054789038079,11.449235366589132,-3.5109615758990937,-3.941638260776802,0.0
-4.324494539337545,17.901254609837725,-14.199972957621487,7.218273407676691,0.0
-9.871695475571695,-0.9153499018427711,-9.734932002223875,-8.604416984256703,0.0
1.2272012446768001,-5.029933185937658,-13.902492192158341,-3.0061443210042142,0.0
4.43272074846473,-0.051254740827946677,-14.826089730280227,-2.421589209213712,0.0
9.022384666945554,-3.0771238951388966,-3.6826641428191893,6.65112386823399,0.0
11.897040781357683,-8.612487667124347,0.6364823112245617,19.38733636600222,0.0
16.83638168133134,-12.933254588134492,4.505216682238195,22.77648883059389,0.0
8.399543984905414,-18.20304858579226,0.5034435005704072,14.72845554533106,0.0
8.161344149468029,5.276244285715795,1.6672342948979715,7.969432205020368,0.0
10.652598448112576,-10.040120212323998,-12.781851843741983,22.07003735105851,0.0
6.991378033412006,13.79911950764322,-10.308748271870039,26.725081236951183,0.0
-3.269608208450901,-5.935763550529296,-3.9765189963581262,13.390080808451568,0.0
-16.79938921046438,-2.665253480710909,-15.101736635468225,19.424674704888382,0.0
-2.0468151900064315,-16.357657392298485,-24.789990896328412,17.61283875378996,0.0
-1.8359495102265355,17.59869180713938,-15.898414820253862,17.464876217970684,0.0
6.876388839492243,2.7922382012383915,-8.892489684208776,4.855226058834202,0.0
-4.188717820804458,5.417440679724155,-9.265955851579676,-7.966269929074568,0.0
0.15981220468474788,-5.600914169127174,-8.393526940839651,-8.634963239637274,0.0
-15.51851249600505,-14.928564870621805,-11.028835165820395,-25.233454369058727,0.0
-12.777460092741238,-15.997692591495142,-4.201841653007416,2.3565338727224585,0.0
-15.99995831288687,-7.277206633689966,-0.8733735832225316,-16.86802673641222,0.0
-28.60272457336314,10.952078866429023,-3.206938231449163,3.31221996093851,0.0
-20.534985385704438,21.613810145334256,-8.106779871361951,1.4629526527270453,0.0
-13.451461039945926,12.467056753685359,-4.022305735328291,-9.6415365844047,0.0
-13.469217828516994,29.109216784741974,-11.116919782680114,-26.41414728314148,0.0
-17.440235001961327,7.502954699168821,1.3907356504749249,-16.87640424799667,0.0
-13.693801179169988,10.977426240412672,-0.5941989083383099,-17.90059545601157,0.0
-4.878203274195041,13.29160178594477,3.2937903329212332,-28.267815216673,0.0
-13.99933710147192,10.99151023779655,-0.033515804657164416,-21.070660812911278,0.0
-16.907266555119648,8.178981037836124,-11.944575344957258,-16.528622186508336,0.0
-14.438335252753403,13.969577827495037,1.917674523955867,-15.17503036295463,0.0
-11.847467896140193,17.119090450431266,3.731431458379493,-18.346686572196873,0.0
-9.251250420242709,11.986340815619748,-3.4286455510422957,-39.45292001056014,0.0
-12.600104554975049,6.53872524512389,-4.736352500686708,-16.796833146221573,0.0
-18.585920662882216,9.625782707283637,-15.7667937316674,-34.14530403706211,0.0
-11.857116213496862,7.337285410040611,-8.15313263324066,-9.684366434767576,0.0
-14.700949924590262,2.0209089904457094,-5.639008826703459,-6.454573231970178,0.0
-11.208248977840363,-2.6519189745621903,0.9106019820192777,-15.121068982148824,0.0
-19.63851848487419,-2.829080423874353,5.86987483702382,-16.239732019050038,0.0
-15.949281904404687,-0.4257975205946014,3.062789476962651,-18.588406766805015,0.0
-12.486180579698834,-1.7144813195187285,-5.656250928465926,-32.27117402997404,0.0
-10.049242706326257,-13.158256679648817,-12.784576587798188,-23.548770639074085,0.0
-21.226592928949206,-9.99525468592509,-4.828291393972544,-16.605619994780454,0.0
-16.380969208922913,-11.604473685967227,-8.601377227380606,-33.68242670543029,0.0
-19.265420051039094,2.5924767142754828,-7.872949903905172,-22.737388274354295,0.0
-16.117471255361675,4.7559744691366195,-14.389106395310952,-17.038573640473086,0.0
-17.598056064579353,-8.113419825054415,-6.900144891880931,-27.39914043685529,0.0
-14.969692614034118,3.507983303280393,-4.248890474105245,-23.668464727998938,0.0
-22.495614903151306,-5.374094556318473,-10.688832172008125,-10.10927426687141,0.0
-2.9152164571779036,8.559027368507227,-8.375496070382628,5.931481195879595,0.0
-14.135608088623645,14.505658935368487,1.012017336541593,-0.04502258297349293,0.0
-23.84669508827782,13.861936948464137,-12.410392455427612,-13.912056568824594,0.0
-23.767178951754843,11.709911680118815,-7.0766153472123055,-28.30462654869536,0.0
-17.529300683746115,-7.18459850269144,-6.8202242070714005,-31.990147734349144,0.0
-27.499647214318017,16.954113833932837,-10.327298256262509,-3.496814289735397,0.0
-30.22745017182844,-7.946412474042531,-7.180618308864556,-17.37301485221698,0.0
-18.95348390018799,10.195453359080478,-6.335767845458972,-17.255050189208095,0.0
-15.65026052661624,19.243909324231247,-9.075955331473658,-16.254139688484347,0.0
-6.601872657725109,6.945457017711282,-13.01141050164726,-24.185159464822025,0.0
-9.389465979870646,15.568078387689768,-9.747917252004305,-25.758934477155318,0.0
-22.103967192743475,22.968343864914473,-3.521682189329154,-35.62551159250748,0.0
-12.487408681130336,1.6121382668417148,-5.021411066859704,-27.244010687406146,0.0
-15.218900748693656,17.796051753691714,-8.994626886344593,-16.82156001547237,0.0
-12.367539199172361,6.159484698393522,-6.0632405158907705,-11.967920488288037,0.0
5.585402823549053,-1.3090261181613059,-3.2062878451866528,6.170925462397859,0.0
9.670887293071,-1.8681297903482492,-15.250189308029409,-0.5300283236338412,0.0
23.53021706893094,9.00447632079779,-5.962853973491337,-5.965648929395426,0.0
22.686059541265195,-9.81751196263404,-6.3943642692605325,-10.380904188904434,0.0
23.118371106661247,-4.079035401961185,-5.610204839089227,-0.7515418616370368,0.0
21.63815425456036,-11.913439133938098,-7.527529806722429,7.741893138953293,0.0
24.49544976036177,1.3202843275048437,-5.942452220657888,27.69725299240602,0.0
28.299293521171517,-13.370240130866286,-2.829208414316936,2.48829128116704,0.0
27.39556241850361,-13.022858128161989,-2.8175624064823532,7.81203890537881,0.0
25.821217653923426,-17.57116545870286,0.840196184125722,21.076710389950165,0.0
32.09547160853512,-9.16307038506477,-1.6006766943773023,15.975034833594304,0.0
26.545470992058675,17.570739801586527,-9.002992300652569,15.565380335726212,0.0
18.753651082738052,18.607445170184906,-20.13815256416604,1.2547974569326623,0.0
17.101401894918528,19.20939681401118,-18.299430509260482,22.804771676424284,0.0
19.74991575584343,11.235164988005977,-13.969226492889618,1.3006321237299168,0.0
15.419132692445718,1.738261985000115,-13.924948810811484,14.971339362693932,0.0
10.167996177305252,19.795205734912926,-10.57572500778644,16.51216413268323,0.0
16.863968391139515,12.698649155848955,-1.7206297159341393,-6.178656859588034,0.0
9.263059457206047,0.39170520716957036,-11.220459237987546,2.754728648088225,0.0
4.864232857784408,13.824498848763756,-15.149102095244237,4.90760804774328,0.0
9.397320122821503,11.8036018415713,-14.452246488215991,3.2773934887736367,0.0
9.651621735709309,10.169644921976126,-15.46616453972549,15.184902426783085,0.0
8.546598426650398,7.294853164585242,-15.648838458571689,17.680653715667493,0.0
11.68050734946742,11.450215068081748,-4.242277148598912,13.881251696110436,0.0
13.800126752535672,0.8331070835212075,-4.899540463473239,21.186571417998266,0.0
22.628384505993807,4.731543704921539,0.6914604424206798,11.014070974264431,0.0
10.921185056352584,-0.9278048289705021,0.862845942924654,9.203441812535214,0.0
-0.6806862151852187,-4.698129339163122,-2.035700684345832,22.790537110836517,0.0
9.847762127234004,-6.085873646188256,-2.3002932144612442,21.772073626555283,0.0
1.9517446404794256,3.7388192138386476,-7.777049437677512,14.02189120876417,0.0
10.325433261943271,-8.131475562679729,-2.4638752700144977,14.194297241801436,0.0
13.79196991938796,-3.3120887369416265,0.23880908840678217,-1.4088080620874894,0.0
16.211692219192123,-9.55479102948329,-10.716232205459713,8.916432477433595,0.0
22.5185885894025,7.757537721172563,-4.518907557323872,15.6177770946885,0.0
10.533729285044306,4.605199650586742,-7.892454189189748,9.899398502111678,0.0
17.89491958251033,6.171472899794735,-13.243405844221499,9.989390594816081,0.0
20.560399645634973,1.128604720711559,-2.1617567359826477,4.248782275535589,0.0
11.014450130125287,3.236873529260479,-7.0230477316646995,1.3673393149890458,0.0
21.994102266064267,-0.9336884725431602,-12.16206990393041,14.17483285282002,0.0
26.84553631453133,-6.217487994524131,-14.03611271859732,-10.840017112349926,0.0
29.675986187561815,2.0615081750686395,-8.709320129297861,-30.730685442631682,0.0
21.509468328088555,4.95625175459776,-3.8384606961854577,-2.1432559903172947,0.0
23.198755965525894,21.982878753339136,-2.266913759028159,10.750500334325203,0.0
20.14251734664786,-1.0295984971034469,0.4799726436135039,0.7948167168328037,0.0
20.64790408592134,-3.1908842068733643,-1.2633117911465703,8.250782950616195,0.0
20.66335870888861,0.8009411686994472,-6.235269631929333,4.789426879980134,0.0
12.6159837171416,2.260793611269201,-6.047161297369528,10.103082134603852,0.0
12.079165202438531,3.1285084736647146,-12.374541294614035,-0.6427187793336859,0.0
1.4851545137078506,17.895668159913832,-22.047001029601923,12.004401885250573,0.0
-7.802559728579007,11.510421366666844,-5.1155853725840865,10.848366627850128,0.0
4.6696397891547825,8.532315450013218,-9.63242388693487,1.5286841886873042,0.0
-4.495671631444251,17.579401968493364,-10.922764867351505,25.932063251616512,0.0
-14.483477502153214,13.765234556054047,-7.542251597022275,16.35053182272104,0.0
-8.010235479997366,25.71166237889246,-7.629076596033395,15.993374129759184,0.0
-10.369713103389604,20.670330245448724,-2.708944349987652,5.363326261707581,0.0
-1.9811819642232757,11.198861996681513,-11.65465927849537,8.498674896245781,0.0
-5.616619976749018,11.826674206354662,-13.065565639038919,10.46857677973474,0.0
-0.8185095851174222,11.286839135820493,-13.162742189399518,13.417502409629758,0.0
6.819083485151265,1.6040359805372706,-10.477433892880438,19.15146642982927,0.0
7.894853128271954,4.416402495710403,-17.14684620996733,11.130103745843002,0.0
3.2699006540543953,13.88708673199312,-11.849680830134483,7.597597962404693,0.0
-1.3858477206617552,14.393761384267712,-4.577862669049798,7.193517363565228,0.0
7.575965059033328,9.29692698217171,-5.0920986375285775,12.991375922980769,0.0
6.512420811469278,12.77721149309507,-2.811592366654663,5.017478037049118,0.0
7.737789451587136,7.671822539834169,-2.6866863561127463,-2.40002418008479,0.0
-5.90716801371902,0.015438604883689422,-10.403635400098041,-12.905374634168595,0.0
-7.01946530378262,-5.929043938782744,-22.834972762582193,6.554971241689146,0.0
8.143528306882857,-13.848637198031174,-12.235354350310057,2.0503743165026984,0.0
-7.322646250896314,-3.8971622025032353,1.2514557843760024,13.282986542503943,0.0
8.404403497685166,0.9001652468393999,3.4559732870349613,10.79312075875604,0.0
13.377711747722595,-1.8228644594433963,-11.212848272184623,16.70200292155083,0.0
-6.542802947919626,9.823376076092673,-5.813153097999212,27.35097331244933,0.0
-0.5645542208461078,-0.3404249081647057,-4.9655350603141315,36.73484758950593,0.0
-0.46575267981830937,0.4897505946619498,-3.2040782895597166,21.10934611002537,0.0
-9.568154954088119,-1.0753827652034094,-7.3724342282590865,20.148965975759538,0.0
-13.16021419912264,-3.747065301537015,-4.2585415289022865,17.16319258300466,0.0
-12.295527208242913,-16.199551815031352,-3.356726372899263,6.548759319129864,0.0
-4.143472223792949,-1.488651047650544,-7.518806136033573,-2.9443840599928857,0.0
-2.8164713248332682,-1.5110276140171508,-11.788813226617396,-4.408417046218396,0.0
-1.6497341468621418,11.537208780213978,-6.789672026246543,-13.891159001432097,0.0
-6.811849607503934,22.68437058979226,-11.877276247547899,-14.391686665849981,0.0
-12.514954185682406,17.104331417699665,-15.197934271764643,-24.857466771498586,0.0
-13.38934319860849,8.547015594844758,-2.7677542094768004,-13.035222223339051,0.0
-23.162491194531533,11.192411951539057,-8.422725191115122,0.05401292491230114,0.0
-6.0120260023365,12.553156189747925,-13.776900139418233,-5.059367598692645,0.0
0.3966888536329001,9.997305095552967,-11.618869987982574,-0.4440998486549379,0.0
4.522080303830263,9.351361983443745,-4.325000549734593,9.847661204426748,0.0
5.188847871060729,7.539146957500611,-3.4498361749499766,6.918866905370226,0.0
-10.8772009375924,8.78269275910082,0.15693185022121625,11.985250508825857,0.0
-11.715313140599257,25.036864552923195,-1.4234289696114715,14.968978682093988,0.0
-4.820038728340958,28.579096830939918,-7.429365821020779,14.801218911079982,0.0
-3.511651659460787,42.56668867163886,0.9099021795825981,18.473750295254575,0.0
8.53337224105746,22.711921616707556,0.5357369547456736,13.876737155039718,0.0
-1.4631290526148593,18.228218614998276,-0.20920648073085868,9.472583369739182,0.0
-3.905569352237798,-6.964452104371096,5.220128838896471,8.463568821186392,0.0
1.3662884503223078,-0.32609096741456245,4.78022724028947,12.935615567042772,0.0
-3.4205694650919884,15.81731359299885,4.291086800159137,-5.966209786490875,0.0
-7.530008297280436,6.418774043923876,-3.2948605548180643,-6.680792980280277,0.0
-9.142068722094518,15.942663123163939,-6.71380417841018,5.533475652006326,0.0
-19.357005319912204,22.25172019132602,-13.85612947847138,21.91203323793104,0.0
-12.684066750303773,16.43723581208009,-1.271212048462428,6.809691012681549,0.0
-13.093168848229654,15.354544930028883,-7.733517508297567,-0.2518724754751045,0.0
-17.336480143084096,21.057264802591046,-5.494472281327737,-6.235727665347515,0.0
-14.516778810459364,13.211983402703932,-5.3963950108504815,8.248183319603985,0.0
-11.477714643602502,2.890592463477887,-4.081790608815947,13.989083484679744,0.0
-25.360932121563255,7.811954946892294,-12.340481591699556,14.867375920122019,0.0
-4.450348162031055,17.49677102368769,-4.270547618618026,3.83999038502441,0.0
-15.213961898881351,19.887953719485072,-12.132347121611003,-14.257615216725368,0.0
-15.684908271044405,21.498477250922704,-12.051245226141907,4.352669091725487,0.0
-7.032435937467078,18.44347045916722,-8.866854073663768,0.5495360622225354,0.0
-11.14405670121739,-2.2237302656558557,-17.46659519445383,-3.316208305602444,0.0
-10.38513374605453,11.492360499118966,-16.820764111797324,10.208476097443572,0.0
-3.757451911230631,2.6154521795820735,-11.609534669068648,-7.839661670392783,0.0
-10.494698549606774,5.480516798016819,-12.577725650495065,-9.49298944769043,0.0
-9.283297871027683,-19.971414544619147,-0.49495564351270716,-5.536371773954911,0.0
-9.372198185521547,4.901108114301117,-5.716147814978064,-14.294436285629043,0.0
-16.036633442023813,20.386706420156752,-3.458545471551808,-9.550028023334654,0.0
-1.2851878805734178,18.652979973941452,-8.602186276511734,9.496342040264409,0.0
-11.367396713575161,13.826303497236765,4.159368667664383,3.268980836251093,0.0
-12.653982175257289,12.56566710121853,-8.544343704975025,3.6189188255283304,0.0
-11.407953304176754,3.860915965703944,-2.3358484972232425,7.582706424820529,0.0
-0.10387462868830788,3.007570140950079,-7.253765547460516,9.848368231868742,0.0
-14.227768624663454,-5.46794853847541,-5.508340206053719,-6.775329809742918,0.0
-0.9001253530158628,-0.13977148261363403,1.843321808038663,2.206932583985441,0.0
-0.8683672269926195,8.819750785248434,-4.838843992032699,3.7236950711343164,0.0
-13.604539336605379,5.546210690654039,-12.34637444419844,6.561128073342259,0.0
-23.990858346590194,-0.3883745575423223,-0.826075232089746,15.951803492664721,0.0
-16.358225646955756,17.214997656722883,-0.9549971246828535,12.522765434036845,0.0
0.28939554064936157,16.249756721780173,-7.371603656800718,4.854238038865057,0.0
3.27756858522749,0.35243293010567633,-11.674009226553272,15.847805751980916,0.0
-9.633029889255042,9.664626097759186,-9.878757363399524,5.1606428695833815,0.0
10.436308956381847,-15.929134162587976,-3.4881510129751083,5.733586809464114,0.0
0.03100776344874312,-1.2785154103987963,-11.1203216794658,7.008551311783171,0.0
-15.945453447449726,-9.370272990827596,-12.049729726020765,-2.3528127741968765,0.0
-7.692112966026533,1.0296840245761532,-8.491414073298637,-2.4240932062960594,0.0
-9.12696890512029,-3.718639625052109,-8.026687083716073,-8.02896468463974,0.0
-10.554651782244358,10.250710836584123,-8.258216332842,10.928181457644492,0.0
-1.617965430533686,2.216245934278444,0.11612257893353028,-9.228830922247777,0.0
6.993834491655572,6.725677057038948,1.4712878000980059,5.662042344596974,0.0
0.8569336633693858,2.860947649719348,-7.532035517252488,-1.2170553956630172,0.0
4.03586262529611,1.6462439872563213,-7.560061949877537,10.134266553333337,0.0
2.838398463217251,-14.84548034354233,-12.749447353419349,-9.328075210155477,0.0
-5.636641038134737,-4.58151368020062,-10.404228122987092,5.575650808509497,0.0
-5.266593314629741,-10.11102727880128,-4.4904647206031765,-6.167407858640406,0.0
-23.599279295361995,-2.641141465951856,-4.635368424341756,4.020102126736001,0.0
-36.204733467545395,-3.836671183546297,-6.430644465584634,2.8864806267439396,0.0
-31.95235622758016,8.808242223271353,-0.6912412875424465,2.990737913118657,0.0
-16.60190456184536,21.561947788151627,-16.27091327004612,4.8102917615178145,0.0
-22.559190207610257,21.34217639423079,-8.387850737115416,-8.034778503439952,0.0
-27.96747995223137,11.019493004281344,-2.7975045427266565,-9.421096251382432,0.0
-28.268416065548514,0.9240659738891734,-13.266272336862443,-9.333318254760357,0.0
-16.39195056211545,5.2074996631684005,-9.833869430589885,-19.189705948206697,0.0
-17.725374477346858,18.696944135317267,-1.8434702952265507,-11.281462847105516,0.0
-18.354864809886255,14.986031225488903,-2.3682020471962124,3.9960652413674635,0.0
-16.54402857761267,5.9574720469235745,-7.956043488015564,-5.890462543307615,0.0
-24.240560412879038,11.42590752721583,-1.085510173560266,-19.9906713712572,0.0
-27.89449884736006,7.423291417573694,-9.319210962298074,-5.519473805482794,0.0
-19.78360670700759,6.558239045561729,-7.921827657164903,-2.301891769720826,0.0
-6.737692048360499,4.959356608429456,-17.992390624266555,7.519538725363443,0.0
-17.696877952234143,19.371744840047278,-11.749186172001075,-5.946512544017821,0.0
-30.60255037365043,21.34871584042751,-5.332019895206057,-3.064284366231127,0.0
-30.85710447042721,23.037331133102686,-6.375988035405004,11.877577997634207,0.0
-20.620635770849614,28.993304347230392,-1.6945404899513647,-1.9660910748113756,0.0
-10.53777762109165,16.007398120276292,1.9083720875486083,4.833338896522367,0.0
-4.4203971108630995,26.158089038657625,-0.9738881502983521,9.439643691372545,0.0
-14.373007019789002,5.568706373220371,-0.3828042911797862,9.432248599118273,0.0
-16.413646850776445,-1.6665204728668295,-5.114210851896941,14.488876506957666,0.0
-11.954882617474391,12.196275448143712,-8.952432380952642,7.958308612437579,0.0
-21.866887251573772,2.4544564596289664,-9.180439683503973,12.65044067911112,0.0
-24.179687888625534,-0.039652378755907214,-4.748533242236189,8.350221183277704,0.0
-24.260448408961466,-3.854558651926502,-10.044270219749002,11.055033723510338,0.0
-22.02748633286768,-7.63611620202666,-11.356806847961133,18.80892004726079,0.0
-13.004492275039158,21.658497999298923,-10.476398634776999,17.215176027904945,0.0
-24.930392334787634,19.881604748597027,-11.611570882882132,3.436618935201949,0.0
-18.05629854661138,-0.7680310397617154,-18.401681769042366,-2.375599229144037,0.0
-34.84527210195007,-5.7383928060701646,-16.92387011596407,12.350468726076205,0.0
-19.097956920038804,2.0643504183044756,-10.15830950032922,-3.962546537013927,0.0
-6.853002974682449,5.197725434463944,-19.764439694863853,4.524851195653115,0.0
-16.465047267911462,-4.824424622176521,-11.853493253654857,5.163707093900621,0.0
-24.305461639767238,5.640343195629105,-11.612642854536606,-5.652425995605175,0.0
-16.549262008276425,-8.514754445027513,-10.830246437028077,-17.13615120093309,0.0
-11.701017591104051,-26.61502436248116,-11.048579355686297,-0.24257049761058713,0.0
-14.614685902822831,-4.815870062011569,-18.43913501892415,2.3910183084284258,0.0
-22.6967155155531,-4.670322026802719,-1.2549178174429372,18.31319198510011,0.0
-6.698515828311988,15.814076415570383,-10.758413680028386,8.345354579445573,0.0
-10.172459102913429,9.129636154426116,-15.650951063830032,-2.8478172253818173,0.0
-22.73823138198563,4.521314818968373,-14.983643188965466,-2.5767078224924838,0.0
-20.788405378085344,1.086658013204925,-19.621662197781927,-10.309066645906402,0.0
-8.693127617281494,10.60062093440665,-14.427626754517119,18.114030970428548,0.0
-12.876357286207423,1.5112624113194633,-13.72867894967991,11.813558589530194,0.0
-13.044532944462969,-14.22233082100298,-17.237238587850882,13.285285971364281,0.0
-11.921645223973078,-13.42502332416167,-6.729641580437097,-3.6833273303605925,0.0
10.958823300046934,-2.7970410622877697,-4.743458191666537,-13.526356823315524,0.0
21.931719724119688,9.900206534663356,-12.927701736423536,-16.137575556580256,0.0
20.74078287529976,9.467001138360985,-19.63158620011813,-24.723503801460073,0.0
19.0902007858895,11.99911185852536,-17.807063288731705,-22.606901192319704,0.0
23.57801237990987,13.533063016761194,-13.190380646801888,-16.32904825711278,0.0
19.42632753223413,2.467521438760805,-16.984928502806984,-24.5813186934034,0.0
22.61448285759608,15.940952564409478,-4.525075375627649,-24.00798336324368,0.0
30.93940419989545,14.307988401925247,-9.429512541998434,-26.1528001078716,0.0
23.496226011237457,15.603853028173788,-14.145408147751645,-23.51744872585135,0.0
21.124051480097478,20.160764312330056,-10.83213078415979,-23.608722363130692,0.0
23.56986994960706,8.776908450266042,-15.313835514359843,-13.669314651103974,0.0
27.271190385769835,8.670405273503114,-10.005534674312067,-8.46369635809354,0.0
17.27170741397669,-10.337162486492058,-8.92188487699575,-6.855003889443056,0.0
24.682901324561,0.8542602698335919,-14.10332592377906,-10.323541100172925,0.0
20.387217367168887,8.80354819321192,-18.83576001138118,-32.70835320096407,0.0
20.134926835153927,-4.157528273068016,-12.354593752363321,-14.302118050758441,0.0
27.616579046105443,-13.543457641628983,-2.1521477421581956,-5.228940776708978,0.0
20.94817015551498,-5.173790900057688,-5.042097687958486,-9.998386302397392,0.0
12.12239182130866,3.8021149631683206,-10.474523430373749,-17.86420369096052,0.0
14.488246587486216,8.88588628541852,-5.675407599503868,-21.79724213614461,0.0
16.6107756391794,-13.627973069153278,-5.538977247858747,-13.579040751283104,0.0
15.574308742120856,4.604965636246844,-0.43049657130702634,-14.233341130758296,0.0
26.561268703620016,0.7784560730726906,-9.157025293018176,-23.121539523790354,0.0
6.462072003464348,-10.899328230440705,-12.219356845422435,-25.01356712180322,0.0
15.158892529216011,-18.67231382162829,-8.976508468856956,-9.412788515873554,0.0
20.122057429147333,-3.04011683194962,-11.075810081849454,-20.711892248362428,0.0
25.40343329063403,-6.923368161988809,-14.887909971325957,-23.202863885856054,0.0
25.76672608251196,-2.8554445101521786,-8.896716809464715,-15.539152309274964,0.0
25.318203561060923,16.06791867494072,-14.611804551748165,-12.72321867710974,0.0
33.00402896858467,20.537055386129843,-21.4943690592363,4.087465509624842,0.0
30.35352409840977,10.104323871678737,-17.09092792719866,0.9586093849054311,0.0
23.66085187245317,19.58960783648829,-9.47104389088253,-15.87982340415427,0.0
18.583651824605926,26.2228944239006,-14.648508800301958,-10.30225964453204,0.0
17.570198533250288,16.22210915865403,-17.746942641688257,-6.045228280778371,0.0
29.097471986792108,0.1856509584032615,-11.40366869212811,-13.532217585708743,0.0
23.31421428951463,3.3553055777769942,-8.732934411355703,-16.49825883578011,0.0
25.552559575875783,-8.941382540575692,-16.563817330118184,-6.7468315682596725,0.0
27.756850276068025,-23.251202362041706,-22.624655553847717,-3.0597105597036496,0.0
31.49661105217418,-21.184533508413338,-9.5029210972718,-13.160693491950884,0.0
21.949200394730646,-8.88236442051703,-5.154219340705877,-14.521402413702454,0.0
25.581316852814282,-16.567456228563845,-5.229796566963678,-15.157381184940109,0.0
25.5015661951226,-23.74001757731711,-11.393123714688928,1.3124207929132918,0.0
28.85132324616124,-6.097274259959695,-8.168522916676132,-2.445408962207086,0.0
28.025205382116926,3.097847701271798,-2.1401665828825003,-10.212962374245262,0.0
22.412696828392953,7.144017642355007,-6.208680519980766,-8.7018975591061,0.0
16.414006603236967,18.770790448695635,-15.587138574086351,-1.5907149285385191,0.0
26.806940641651778,12.31218599794199,-10.142534329208999,7.913103722673769,0.0
14.48357506123259,13.634410076886994,-11.983269984052644,-0.7706256518214225,0.0
6.157276171767546,11.98384568098605,-4.673029294539907,13.451678094417145,0.0
5.219744524259671,12.496115094291298,-17.548919371820382,8.664964129651928,0.0
9.383052861656791,18.453796750644003,-17.188399979664993,0.2204707765807825,0.0
15.839322664452096,15.899554629680008,-15.696428084151114,11.018721152653198,0.0
16.607399623795892,15.903437901614277,-3.3550204325477617,8.03519540513025,0.0
18.256804971512587,26.67796894226948,-4.87275466931333,1.491357265364491,0.0
11.905234786954452,16.839075453935894,-11.283683801364045,-6.4837113902527586,0.0
9.632138290819817,4.412444250453717,-9.812562924187471,-20.132833574275896,0.0
9.248009155235195,2.963314560408225,-5.071148863837333,-17.384219386821336,0.0
2.5666829656663577,2.774989475410062,-2.512105734938788,-15.04877241062854,0.0
6.25351249517591,5.834767003475715,-6.785292548287823,-19.297854053909223,0.0
14.869540096411551,-13.68976666895318,-13.10060780982708,-9.967917990571163,0.0
3.6878766137451997,9.952369281448474,-13.45935766306922,-0.40952380733639515,0.0
3.0249634029024826,13.537764468200812,-17.90865521613152,13.667147103851446,0.0
13.13515185890201,13.389347411956843,-12.427608397227992,1.5816548602324136,0.0
1.382317758210144,-0.44916756917335254,-1.2031928809556458,6.713154483502082,0.0
2.8008438164126295,-5.392494326980205,2.126679815655036,5.205684717548124,0.0
8.370623609685177,-16.159725383660266,-1.9991934164284562,16.505075731025343,0.0
19.837206753422446,-7.645842237670637,0.5194458076286486,2.4289242407057827,0.0
27.001317616421453,9.679997284570087,7.281745019311044,-2.018000427137239,0.0
22.766704790892152,11.040293773312124,3.2734740234310946,-12.89388848612496,0.0
13.645930738426552,-9.929799819937061,2.776744573180878,-13.579729741633749,0.0
15.947413706410135,3.3254965202485502,-2.0893727208354997,-12.135763855100286,0.0
6.91953715870382,-0.6814619193408866,-9.843544020081891,-3.6253476683783417,0.0
5.850560629687237,13.121165532871217,-11.460461565053652,-11.872317164936955,0.0
7.467918970300154,3.1719715836254,-5.916365779961778,-6.674911378357003,0.0
14.201402365414022,-6.406933816753541,-10.40126877192019,0.7485182421992782,0.0
14.175033344993142,4.564806372547943,-4.636905879213382,-11.020099854987794,0.0
9.149686504747553,22.98992218373855,-16.35495499285939,-1.6041866993056528,0.0
6.6464161141643245,5.396348926172432,-7.9257512201028515,5.438656074503341,0.0
8.72280825957206,0.316709044099559,-11.218718247377938,19.10722011982567,0.0
19.782141199674193,7.122468324519323,-11.353365225314608,5.157113257091191,0.0
18.48868422630209,-3.6592458363732687,-8.538169906125539,-15.102802667486959,0.0
5.556354686834887,-3.1194601063820926,-4.248415919279435,-12.995079586146563,0.0
-6.766590114640887,6.600472601634031,-5.883470266951585,-24.21213113612522,0.0
2.642483037104869,17.215462463169835,-11.02331311915214,-12.103589195738135,0.0
-3.808768297148429,10.990134669378499,-8.611586902107732,-1.3998364813842805,0.0
1.085830439419059,30.678165178675986,-9.021833860232258,-6.44540004998732,0.0
12.477799140669202,9.779227791374241,-7.32131256444208,5.66463098594061,0.0
8.989815404000732,25.734954515322805,2.1823726157185512,6.962843559536092,0.0
16.5870957786051,12.881751671947711,1.2965075430315935,18.63473166863392,0.0
11.590804711563095,29.05234457761143,3.2612043133474566,10.275512376598941,0.0
0.8703205549707924,24.088578340125128,-2.0363961240104724,-0.48783187846715037,0.0
7.817320043123812,6.266789583419895,-2.5029867245769872,4.397671082568168,0.0
11.21141536759125,10.239147867140058,-1.352194949276603,-2.2097802852301482,0.0
12.914508742305975,6.845348450120177,-14.434848928471183,-14.274229295190107,0.0
14.545548305070527,1.740004146863381,-16.236127179117553,-12.187665193226803,0.0
8.626989371249365,6.922262976189173,-20.686620245563915,-14.144614652488578,0.0
4.673450997895124,12.301378810671748,-9.231366483687829,-7.761895531141917,0.0
15.78349701816244,1.695709070150345,-1.0439229340261438,0.06842660779442422,0.0
13.140778558771125,16.474337919848974,-0.5135427230366969,-2.771625418448415,0.0
5.706991195104079,-6.088224875786081,-12.210046773573772,-0.7041227500219933,0.0
17.47738067072807,5.521270656387218,-10.400397984038737,-6.513769427059875,0.0
19.446816479024516,13.987013177820058,-1.8104155160860014,-0.11735789275278519,0.0
27.59504082567662,12.175527645871977,-1.7939428936743143,12.666773269930523,0.0
18.57255971712765,21.630986848206508,-1.0223668379244408,-2.3045812994384614,0.0
24.246049663648886,9.64055141970503,2.3619499989085675,-1.0204102605453462,0.0
28.095680957537247,30.80261110114658,-4.5407002487966155,17.37613183692024,0.0
12.94650205610975,16.911956654394917,-6.959316356673484,5.137355813632022,0.0
19.64982476073273,-2.008820316259948,-3.075403469413867,0.6868191083630202,0.0
11.43050273661115,3.263825435581597,-8.420855626835575,-14.821206948877727,0.0
22.478973385922295,5.781296156643901,-7.300999736082069,0.5944592899184258,0.0
26.68139168238802,9.448306276784603,-1.9880829482894402,-4.67146567174461,0.0
27.753774679375923,22.26493307497071,-5.2929609792517525,-7.269160981273156,0.0
21.697628150918984,16.495910412142514,-18.111930310579037,-16.49105945210764,0.0
12.08683572345902,21.102232041144738,-10.886985967463715,0.2815570786172903,0.0
16.215586366345065,0.3325770025497157,-0.2850158696087206,-1.924086307639234,0.0
9.604713188501313,-3.9207468938539414,-8.33945318826427,3.139080469961782,0.0
18.24344742631912,-3.463171506496094,-11.551699829301384,0.5759746970124389,0.0
18.662481133985008,7.159376121434472,-7.3678187981891465,-9.22450513476463,0.0
27.137977597178665,19.76263538261602,-10.504511595250621,-18.758549535278647,0.0
20.20438497625635,19.8747027284665,-5.218393579814842,-19.45878526936734,0.0
15.120570549494463,36.41539126491253,-8.084031928337117,-9.348086171457236,0.0
12.624459878792779,10.855097234209694,-9.728953666242429,2.9471467461803904,0.0
17.251611386606935,4.224545836213395,-16.554898573531553,-8.70261617462025,0.0
19.503032653332433,10.1282803169563,-8.91259167900683,-7.457772470696289,0.0
14.829602944634434,13.690460890976212,-10.8202463307566,-10.321271152448993,0.0
28.92912591084383,5.9547313293768855,-21.565098420599714,-3.608145690545469,0.0
25.78308302669096,-1.9169038328380426,-20.513849109860182,-8.150346758719992,0.0
10.732483289227467,-4.004078335732952,-17.912847509149294,11.449841888628518,0.0
7.369262953923249,24.481258462408654,-5.449361070285161,8.897191246655407,0.0
4.028792767854494,-1.9904404438062429,1.004237767132143,14.120066672945175,0.0
12.47279674752356,10.090473131144833,-7.831381309163499,6.018116142628131,0.0
24.747356897891283,2.3375977167913193,-10.36698168564252,3.1784491503150534,0.0
11.489320940691442,12.25014940995068,-7.80559706304863,-2.29629088419422,0.0
13.123242531311712,13.472180978678477,1.1653075930058465,7.112142161455587,0.0
12.66689232245086,-21.18114660384781,-2.11112253993531,8.274911990022359,0.0
25.179164693407156,-4.194134395668906,-10.013054431460715,7.69030949794163,0.0
24.74061058948367,17.046510897708355,-7.1803351427634805,8.179603322966814,0.0
27.607665907217253,5.672096673667769,-5.227155366895797,2.8785382424129073,0.0
25.189856630595024,-5.845049234043816,-14.307054823167185,-6.839157824884381,0.0
14.848004677236478,-12.95141472967895,-9.864722662910646,-9.129501077731543,0.0
20.25001238627606,6.840945179078417,-5.356192307161745,-5.565892889746141,0.0
22.440857939422784,4.346620779965257,-5.251712475644238,-12.279042439013717,0.0
12.185698676316093,3.5017017575336835,-5.743116570394644,3.6233904846570297,0.0
24.03230298221543,3.2884680718015415,-10.735285633402901,9.042642623612114,0.0
9.06027409280911,10.66661215365919,-9.8907990469496,12.594031406327101,0.0
-7.822245821595343,-17.969410407161046,-3.3682825479020053,1.9715047312293759,0.0
-6.805323932212193,-6.637206039737418,-19.060003113943907,3.510503536248883,0.0
-7.856947827928671,0.35796174298157357,-6.272281972856544,11.554513535223588,0.0
-5.468690723939226,1.6809701751531603,-8.175930310868427,6.477705139740456,0.0
-2.538100717350171,-3.952899244874878,-5.296901634910342,7.522596059355536,0.0
-4.55706259069486,4.8376474151592435,-4.062864646815637,6.9676929140847825,0.0
2.8696249456076472,-2.257889774292377,-7.987856528356209,6.034199308772481,0.0
9.784123220878682,4.731894876802505,-15.915730714667161,2.34537660590766,0.0
-1.5741259833178978,7.529225817203434,-15.65402429531024,24.827291286483693,0.0
2.437306461906978,-9.258176745440537,-4.7444593337633965,-0.29966465958597155,0.0
10.189829744991066,9.612408707315609,-7.83795775857923,5.162923658688246,0.0
8.14901071229914,9.077091019517521,-3.2484990769995115,21.75232830757413,0.0
-7.1216004155925665,9.326344821608686,-4.679779140921274,11.66584243636433,0.0
-9.371667304115878,8.396310777060734,-8.228501148806497,8.79624273249781,0.0
-13.478198876880086,8.246810004967664,-9.093265952888984,4.119641086682053,0.0
-7.68739332800752,13.719322066704885,-17.2483727253989,15.247703398495474,0.0
-4.16165092352065,1.1125368728827347,-19.05393340981633,7.034839501251037,0.0
-8.27012270597381,-4.91344428049686,-13.84471766232222,1.4847812273595877,0.0
-7.304979949452088,15.05412134435683,-5.4443739626572105,-5.357169843954331,0.0
-0.23097857553435497,8.291200317418337,2.747178734371907,-6.102748011688308,0.0
-8.520639652778096,8.009153138538029,2.6952452868086922,3.9987542570550474,0.0
-14.285998478626597,-10.773641822532726,6.688239741474057,15.991197457572218,0.0
-5.22707110989921,14.84571252837203,2.34400177484266,21.59784859529153,0.0
-1.1783275340751516,14.640438431100318,-3.462721549112172,27.10654289666973,0.0
2.729773989743777,6.951827586767889,-2.1813187834997034,19.603048839888263,0.0
11.007509768361373,20.66134771142685,-10.818411372055941,11.063459417345046,0.0
1.8110523578897684,16.382420062947475,-6.811419482062863,-0.4725660347252716,0.0
6.052853117379409,12.220201872384436,-14.188776563311192,5.741150639502772,0.0
-12.61634484625024,17.027439215845906,-15.786840364191537,-9.998987012786484,0.0
-18.84687411835996,4.494570170425063,-7.044396769766578,6.615121756141785,0.0
-8.259328310109328,9.96473114844596,-6.96389329838726,5.259981221688314,0.0
-8.028018908675739,19.826778665642575,-3.749573780395541,2.6555561570299138,0.0
-11.014263363008762,7.125697428625107,-10.265931655417491,-0.22627186425639234,0.0
-18.746527524768673,1.5818565467023449,-6.880763120326899,-9.721908703755261,0.0
-12.785985999640317,17.676044740867972,-4.11294295641344,5.284928296906458,0.0
-7.932186977375066,7.184012674764766,-0.0612759184452365,3.001779912245618,0.0
-16.004240617220933,8.33739434747292,-0.47120107997709404,1.4161608715024097,0.0
-14.334627136066775,26.23059829894737,-0.8566280800429968,-9.273360391140155,0.0
-8.638010529393371,7.40466750278144,-9.35081933856543,-10.542025992461527,0.0
-7.823524211898413,16.992864830731897,-17.099076054485305,-5.735908898928972,0.0
0.5681766856310002,21.11659711738681,-21.046636223450932,2.8093803914617035,0.0
-10.954011457578721,20.946601917387763,-10.229557576743755,0.5050182665434519,0.0
-9.344835075545873,20.922221473237155,-5.392294682133994,9.93213514494137,0.0
-3.6324231293628646,5.303888656099257,-15.256891638888007,0.9350124680085026,0.0
-8.754077301401868,2.5461818972905625,-10.337827904066245,5.495970686746046,0.0
-8.384907900842993,22.900648686476778,-2.8914829651023,27.815558060194768,0.0
-1.3042715132215257,0.17464429418166372,-8.267771602447,19.27507047859101,0.0
-12.143163410910766,-9.452427734765287,-7.065149716807399,2.9976549816361846,0.0
2.4761799851416044,4.964902563490582,-0.26291132059056554,-11.085701035960042,0.0
10.900988343778387,-0.3392365808184157,-2.68741076367475,-15.886944557898184,0.0
0.15417299503804216,10.647574889677886,-5.306636006988464,-19.758741994729647,0.0
-8.478357286694784,12.03909144598741,-16.772010061723982,-7.030958428571232,0.0
-7.243787024042942,17.874955291914493,-12.034700044830103,-4.393406953749825,0.0
-7.343451781227353,11.86696583614755,-7.946820514845178,-13.097543874047856,0.0
-9.84923442333442,-1.3207897469602337,-3.1186778165451408,-16.225251256000448,0.0
-6.469796393932002,-6.103935490560833,-8.243244095085693,-23.952909952499017,0.0
1.5592281055726307,-3.1257138912838194,-10.627787166691524,-18.694966183305503,0.0
4.463002514731413,-5.785401362157401,-20.04262110634158,-5.150148859741515,0.0
-0.7522006636940546,-3.4591990820378555,-5.059543982487959,-32.79009853028073,0.0
18.771598913404617,3.9565913452466734,3.399744498855954,-34.50769163367811,0.0
7.3241250683117425,0.5013570698513821,-5.381864283874666,-38.178484168494734,0.0
6.146849758329177,-3.6523595182063424,-5.24914878921541,-15.976176037674666,0.0
-2.063782345529555,-3.5136528843547943,-4.875430473029942,-25.203929783883925,0.0
-5.503003097054223,7.303843999184783,-8.394983703190434,-33.63012291977363,0.0
-15.651930499709438,3.7627241721037397,-10.370472236425394,-16.653783835734234,0.0
-4.818983627692747,9.783683138932185,-3.5593354675853006,-13.979823951242071,0.0
-4.008122961477939,-8.652432061137414,-9.39511538241847,-21.765445306998615,0.0
-8.231492831549073,6.6433919938056265,-11.956004081541948,-26.699656939580635,0.0
-3.0157399706078465,10.979271275280555,-13.557613385515836,-16.23788372941732,0.0
-8.224971229021952,-3.145088070340053,-18.023265352387035,-19.73050102438607,0.0
-7.7534162536880284,-8.186900477269692,-15.553807437066734,-25.324161902478384,0.0
-5.71357615269813,15.94590740839756,-4.0569305393640445,-29.353538461838866,0.0
4.98241835520326,0.7959986904670275,-4.88512703062009,-13.849687267705443,0.0
-0.709821280720063,-4.595574071709191,-8.186571149956691,2.0038463357489125,0.0
3.516598065759529,5.238569990813364,-11.502119523652992,-23.35798324811313,0.0
2.6117282447073187,0.3248117620306461,-9.96388271245047,-8.00066973226724,0.0
11.118600419853971,-8.528840863134931,-4.657885027571624,-14.972421677839623,0.0
11.792011829507555,9.941145306457102,7.391691613086225,-16.92101231207255,0.0
5.4227466848648325,8.225300577485012,-6.194225278978175,-10.45950883712458,0.0
9.635887333451922,5.276837090650265,-4.595732155547317,4.743677231106844,0.0
5.204020292524813,5.965832576280189,-10.522170284306444,-0.48408473301954524,0.0
0.7337170389563644,12.075427738475724,-19.357085779483036,-5.288054646342486,0.0
3.336860502093162,14.445374218561847,-13.034067110936956,-14.715736048464851,0.0
-7.192018518487119,3.1241576932645785,-9.372326355143555,-22.411326509444173,0.0
-6.414917498637685,4.373624200049697,-6.081691468171751,-23.01791749578971,0.0
-0.4520560638711779,-1.0557106898253505,-4.273937659990881,-18.17351145673828,0.0
-10.305131155868729,5.109228648489079,4.373819260886057,-24.216574197582872,0.0
-1.22587013003983,-8.647704661748653,-7.717078499755868,-19.828258012726955,0.0
0.6286372723036031,-3.1641659533744537,-5.649366404790781,-4.354963863671204,0.0
-3.425330926724666,-3.3960966363660177,-5.356037252328068,-1.323448810275508,0.0
-3.081891350879399,6.578288768934066,-10.702947301924851,-6.0409566105060915,0.0
8.071699609315033,16.597629547808616,-8.172621346417586,-17.830635077416616,0.0
12.322236646947564,16.451050814713764,-4.309435120921466,-0.3602618103166044,0.0
14.012885619642763,26.807070766342896,2.2417064739743626,-8.162657544390543,0.0
13.528127805344191,10.266690399451324,0.3679586894228919,-2.1338575409514924,0.0
20.925287821437912,9.759597914654954,1.2753148365850997,10.563190081075415,0.0
23.123073720558608,13.941372985705964,-12.125934162159272,-10.706500641769772,0.0
26.33360730777658,26.5104132773497,-4.619941756640402,-1.1687138464878672,0.0
29.41464265874916,18.382570299988213,-9.911431407775055,7.104724648904513,0.0
18.4848383250921,9.873138967124799,-3.5481691405292612,15.381118728033035,0.0
25.192156730210666,6.251090675779341,-16.000796792360084,7.17577910785008,0.0
25.693563095492447,12.50926168937168,-14.004176962687191,16.122025868234722,0.0
11.919514151066787,3.143201249476424,-4.155082349863865,15.87746803044563,0.0
17.762770667721902,12.010958311321959,-6.61818971251727,7.077334542137629,0.0
19.227778393174695,19.459892479619004,-4.7145445927080525,7.324170613117564,0.0
11.40249108038413,7.528565699872129,-1.5890668491637667,7.540092368785118,0.0
8.192203307682089,8.847173438236759,-0.06604788999342848,1.6053021628096165,0.0
7.649794756713423,-0.863697352649984,-11.08123616245101,4.2284454824517255,0.0
4.5994896071371585,-3.2589830174320653,-4.577575787460507,8.578596231801928,0.0
6.812790049664894,4.496666209312782,-6.489157166507754,10.473991073589607,0.0
11.901369123125836,16.006555979727757,-2.0222252698250403,14.72074544253677,0.0
23.815171314691305,6.6286890801367235,-12.292735929670451,26.372751569800485,0.0
17.256467305021992,8.49764884743606,-13.361879928069435,20.597657485457077,0.0
8.967370715225037,-5.840570155335534,-14.680977915056982,-2.111965378811771,0.0
10.087885139542738,-6.939122804988633,-19.914871420922747,8.253893735912328,0.0
15.887127872837658,-0.6652618563204751,-8.228574404050853,4.0384153085950905,0.0
2.309916354925404,3.7770808231781583,-6.778618528739006,11.746754752413187,0.0
17.72562387422028,19.464941835707123,-21.294301059327893,1.9865167076617531,0.0
11.128437999551286,18.215771547429853,-24.334935014963904,-5.987323290408358,0.0
16.673620071592527,11.506559647284888,-14.475364864152539,-7.331890688454337,0.0
14.302821957302335,19.951061274898343,-3.101162071124847,6.556988754005122,0.0
17.932847438191597,13.557405483582015,-9.181500156960498,-6.28910421234303,0.0
22.258049104197713,20.21006163441547,-11.349379995364746,11.524152341671238,0.0
12.316555993809429,17.242133755933075,-2.9222612051910977,16.46090814437735,0.0
14.649400985718982,12.348353169825096,-6.399714622835793,3.611164685909202,0.0
11.925341362947268,10.383399726066095,-5.396842115968654,-2.282296097545334,0.0
21.667906594917042,1.942854501643156,-14.64416932843087,7.652557592910319,0.0
26.753233903032694,-1.7282510122542636,-14.826847245852594,5.2851015799844205,0.0
21.976280733487602,-2.1413283721785152,-12.052981525521036,-0.44958368598094545,0.0
12.200230114414495,4.65293152114265,-18.37274057554845,-1.115186544552448,0.0
18.56041517656186,4.828916237004868,-8.065048424274003,24.072698344291773,0.0
19.17511351949348,16.687076747177752,-9.290852669488642,16.227565793200988,0.0
20.2899014494268,14.707778318822289,-15.08317286639435,27.885736049971918,0.0
23.123482341758894,22.054399124698556,-12.416470650522983,12.224329683343196,0.0
15.178700586871825,3.783464139522705,-7.301555954437388,7.818541322138403,0.0
12.30482952983151,-5.034016436955147,-7.592319600827492,2.5738397327759692,0.0
10.16404359223186,-18.647074838966187,-8.316125430584865,8.259648112712185,0.0
17.495948890995912,-13.66777308693343,-6.357715831377776,23.345266754309563,0.0
21.415827034868027,-2.8099055288734966,-1.2152299784091802,25.111719385401386,0.0
16.54108209316026,-10.639381365466598,-6.831361954129963,5.249420896679444,0.0
3.749118953433058,2.5765217854635054,-14.220505888910843,2.3793133222462703,0.0
21.328344833265348,7.128041030944578,-9.25872747044391,-0.6853154379943867,0.0
16.559508538945508,-1.7130940464796147,-11.940804980663444,-2.3051878550483775,0.0
19.58283787471722,7.625995056847794,-7.350698635383446,-6.473763467277351,0.0
26.35027780508548,7.341410629045015,-5.084410641476274,-4.558699210479255,0.0
13.705838418241202,20.567104948842637,-7.887280630588116,-6.038163334707466,0.0
34.81378566033219,12.035116842241322,-8.92017844428997,5.5706139419758545,0.0
9.209176690630654,1.5819931125886288,-9.698697300584321,3.597277876988212,0.0
3.5939383960817604,-17.04728331081525,-16.889757207371684,-7.690826644993683,0.0
12.367520474465472,0.2761358684644608,-17.67683672923896,1.0143313576053565,0.0
14.524514956252295,19.93779541817704,-12.56698715459319,3.363348021460054,0.0
20.87985320353542,13.256136047329896,1.3305364536710833,-9.30514853153659,0.0
7.294082460612282,9.258361040365477,3.956099039016623,-0.8484622063134064,0.0
7.2892455936277125,9.753016480456532,3.415449590590436,-14.956266266187555,0.0
1.3264539889938343,-3.8191491250636886,-5.448938475480995,-12.646038538757972,0.0
-3.149388893317788,-22.001587773855974,-14.10532356736393,-22.3433462219797,0.0
7.900571484305178,-11.376765404752334,-17.46178128393668,-17.952247410177243,0.0
6.83270911860954,11.391202333660635,-9.560464658325344,-13.793918262432108,0.0
3.1499384695073527,15.654844912689395,-12.42548006824951,-0.28296203307249357,0.0
6.154101387787309,4.993466080146776,-20.56516723015446,-3.179167062749969,0.0
10.660206247307439,-17.580343042872013,-12.624012108304857,1.795462908818183,0.0
13.174095441766447,-10.61304967213018,-9.386257377253571,-17.2193422390528,0.0
13.618182346196456,-18.74467341159626,-4.311837630885336,-6.1914280923059675,0.0
18.467641458226694,-13.670299586193034,-10.856357877489533,13.68238187856579,0.0
-2.4083294900580112,1.5565967345836331,-12.130604267506454,-3.6437830312054187,0.0
4.883484289441764,7.248545256002126,-10.091849619178975,-5.771571235459954,0.0
0.8272985615023334,-5.9594925093077755,1.028465102208548,0.5809759606617977,0.0
-4.3505231107493545,-1.686827059921895,-8.696217820256585,-7.0523212301750355,0.0
7.312954922924268,4.528836555811763,-5.839302098191811,0.17064476909254944,0.0
-2.4160422353425712,8.613779439969836,-2.8004601381570424,0.46123596167785563,0.0
17.54167481567124,19.2052205579892,1.603874577438103,-0.2158251322490905,0.0
15.586297411865843,13.860912169617485,-6.367496310865095,18.045512529785306,0.0
11.688652611497153,24.720017065926392,-1.1414064877998946,17.316286415229186,0.0
9.19249518178179,17.28335465892178,-10.732975141837922,-5.904757076919209,0.0
-6.301940228595391,-2.433190162078196,-12.611074483666552,-8.393280655529633,0.0
-0.6980340736515749,6.951122683766334,-6.088428999882115,-7.500665655904978,0.0
-1.822434522568403,17.283810773277573,-5.3530937415403965,8.69793815140078,0.0
-12.139242310938227,17.241973911113355,-6.764127521535924,4.391445659587315,0.0
0.3426547638228321,2.6942871354139366,-1.9571206220487367,-4.252908062918069,0.0
-3.846933429192541,-10.556282486269454,-9.777169354760705,-5.872597027176894,0.0
-12.580462830287619,-13.625275241110623,-15.2361277239998,-10.839229381127588,0.0
1.5719711725106844,-6.05610808479573,-9.887154709895821,6.521812871728795,0.0
7.609670670362487,1.4525502496415732,-7.520403688795922,30.123198996836372,0.0
1.0109653632263438,-13.236198052379018,-5.958270134771616,19.547139787441154,0.0
1.8660787705128037,29.503284537068126,-1.0198851186517874,16.258931235519412,0.0
9.248752588314382,8.458298812598102,-10.969397146709678,9.900980867365416,0.0
7.638066531653574,0.9131869167446389,-13.354519492056253,-0.07962748088819538,0.0
3.6207431953375284,5.091736364033463,-8.81280471219083,0.5941898974754607,0.0
20.168353463048945,-10.189433505496487,2.4944281282550715,-5.944122094206428,0.0
15.257084660885393,-4.6374183557582525,-11.263298863709375,-4.705579572511401,0.0
19.22611365135726,16.29795426117507,-15.02593690062859,2.1051932164491327,0.0
3.4053904290176393,-4.173892033672999,-2.8953765058039336,0.10102146958506264,0.0
4.56972206073142,8.702694000831464,-9.747936912980355,33.17012408082935,0.0
-0.7033610665284695,3.8134159018777183,-8.169142366000688,32.85439125687382,0.0
-2.522283333576296,-0.6422129513096957,-4.1827275650551945,29.704437056063284,0.0
-2.0689980929601806,-7.92329415637732,-3.3048726119205654,31.171593782782836,0.0
4.277676972416451,-8.178514063984565,-5.391705531744439,10.528731353777342,0.0
5.731141366158302,14.724491255408685,-11.289801004634153,-3.2017636815145236,0.0
2.4574591998131803,-1.6842283420844275,-19.53342791879144,-18.04523278784685,0.0
-0.9278787000869002,-3.052688848013535,-19.35539615052347,-18.742942661722317,0.0
-0.8142889018386832,5.661334370260421,-4.577105007677658,-14.230358330943385,0.0
-2.919503119521984,27.168108665027603,0.038921285640254766,1.0200816006535502,0.0
-6.109528187184672,22.54934440299224,2.4368299194890204,12.465572780269094,0.0
-7.907440335371426,18.857906877672455,-5.57669578250923,6.078630227704792,0.0
-8.942431852945406,18.232851109921178,-13.790421808977978,2.540034280729226,0.0
0.29216261762652307,10.627940637083203,-6.926115122471163,5.619776102501999,0.0
4.67024074944433,-3.0509090843436413,-7.766039323323488,3.926148292980043,0.0
-4.420187825044163,-6.485900223213328,-6.270845269781102,3.517616459671018,0.0
-9.615504901561648,6.421288357151742,-7.359836596208274,2.125088868591524,0.0
-9.007487849678556,15.471354262115305,-3.36610052201727,2.8267262181530626,0.0
-3.5493314183603264,12.755412563561183,-10.030779797127696,18.683212346830324,0.0
-3.191283534262478,7.774391784291197,-11.992730418473563,16.142009326824585,0.0
11.990538573003043,14.781461445223218,-12.144682326108608,20.553932585426814,0.0
6.315695221226932,5.462722681193526,-9.050911435018573,1.1181719605428286,0.0
-10.314904160716694,5.058506471469311,-10.256232246194493,6.525646281097176,0.0
-12.810033278113636,6.039769133809165,-1.4259009962419125,3.3461839390073846,0.0
3.439489527544967,4.072938726222319,-6.281615316511059,-1.530688378488227,0.0
0.3739675845659609,14.886190398278856,-1.8895972349935697,11.77274104173007,0.0
-1.1265233208083156,3.1139574727513932,-12.6827248605384,-9.576977637251659,0.0
0.2808962572515412,13.135647789080672,0.9671873551729595,-11.6215275956082,0.0
-3.1284054765787044,28.82343708441952,-1.4906272463633048,-6.719108497455135,0.0
-9.96733844939081,17.5013117958452,3.570220923750438,-3.6535836320109523,0.0
1.5619805302490448,12.008154427259223,-8.231862392562823,8.155630936210004,0.0
8.224638120478614,-0.6483423768498682,-13.030769113558515,8.921571460302399,0.0
2.9508437560263676,2.5852879694717776,-6.055504247281058,-4.062672777232016,0.0
3.499926649767726,25.25556542076591,-2.8337462625051897,5.9705657393272515,0.0
9.178710810074111,18.42785434495773,-3.9327523012127807,-2.4161283003292375,0.0
14.83765193305761,12.673474019242011,-1.7586651174374541,8.90592516429815,0.0
5.100383157655876,14.869473906687972,-2.400814961239883,17.375225760239722,0.0
11.121023899251256,3.308135325450582,-14.10789951654694,2.573294425770394,0.0
2.1815593675147618,9.126968692755455,-9.708273175011055,-0.007158375501559178,0.0
-3.9329810086865797,16.018866221373045,-12.565983852788502,2.737066441884194,0.0
-18.001772134234734,12.229520153777962,-1.8908415880804643,0.018053756045854463,0.0
-14.223118634031009,-2.632603334563187,0.6087922577415825,-1.4370476264744374,0.0
-8.132529822249221,3.1266570920403143,-9.243221797979409,20.116136031873445,0.0
-21.31062742972069,-1.4711338070613489,-7.160621099051188,10.915512762542201,0.0
-24.13804729294195,16.119843363657452,-0.7788106915798307,24.882534202889,0.0
-18.601766617703795,3.8231038607614627,-2.224550999142733,32.95875577316778,0.0
-12.993104640005871,-0.9002810402972283,-3.6560310273675674,28.36436801765852,0.0
-16.989776332521405,-2.177460201010546,-5.537609382054322,8.792768477947282,0.0
-11.415607682606982,-1.5169378275645262,-8.309519149638875,-1.2753612198557116,0.0
-14.967422007362,12.769453215690111,-12.850929469839468,2.6007662887898437,0.0
-22.50380508963877,-1.5433837200898084,-17.232452432723235,9.393529045889569,0.0
-20.452221962462296,-3.5144232000505555,-11.455909159191762,8.451240423276605,0.0
-20.216268172753622,2.083330637220148,-7.272405271983805,-0.07694395819995892,0.0
-25.35027464954989,-3.000820768237621,-7.621896791498024,3.762182714590196,0.0
-18.8311917591096,-0.7702753412906382,-9.963259782050624,0.17163023641711028,0.0
-15.467664780200135,14.922564840846142,-6.1067736852054875,-2.428711026338778,0.0
-14.901512240480773,-1.7540328159032903,-13.139027819204758,-0.4051441695957446,0.0
-26.763990535828604,0.814992889947113,-8.035405158042813,-2.8125375751462887,0.0
-31.991174032367926,14.683844266651455,-8.440049337567862,-1.814888681065884,0.0
-22.41584648870065,17.11774510038928,-11.719664128169017,9.688842469768185,0.0
-21.212354766569742,0.9043856328234092,-11.546767457864734,-4.917164499494804,0.0
-17.673978876675573,3.139522879408508,-8.024420900509558,-1.062843485096554,0.0
-17.900891253249256,4.23841408263514,-10.514268500593019,-4.495425177937117,0.0
-19.678354691393473,-3.9965568583078834,-6.055787598758755,-3.40265434321761,0.0
-23.290150367338725,5.798007548716593,2.358052409505082,-9.244672986930079,0.0
-21.43910626573193,16.134129932865857,-8.286201132389678,-12.634052389085483,0.0
-15.935246571274721,4.357742917871209,-9.726003437419799,-9.039271986128645,0.0
-13.632909918135262,7.788523816256162,-4.848963717975794,-6.8828556502057285,0.0
-14.611563043949593,6.9268633995387665,-5.391806484049765,-12.806178649658012,0.0
-9.414203332219852,11.651512500112041,-5.091036192810326,-9.601675221608652,0.0
-24.22838625689976,33.1433588777756,-8.044694427849572,-13.653130340847166,0.0
-19.137184801018833,20.254430858920852,-10.125602542645066,-13.93656324490788,0.0
-25.210776577706202,5.598261563888094,-0.529878763132464,-25.837707650085136,0.0
-9.869481623754186,-6.301046790713162,-5.946586839534213,-32.58839596329499,0.0
-13.41484644818707,-25.31903141431047,-15.928906781240213,-25.81813824326489,0.0
-20.71456366904731,-7.399502875802035,-15.048383417515328,-18.35000443810299,0.0
-13.832982875934647,-1.4297924042360135,-15.635416138181387,-1.1104062826830003,0.0
-21.197837512318003,9.399598632001062,-21.785240503594597,-5.706711422986926,0.0
-12.338135968611287,13.948881516748349,-18.2422685145733,-4.129305730125732,0.0
-13.557809436217,8.356713686841257,-15.87407831570956,3.2766577380544293,0.0
-10.78252176196047,-0.6761741887973027,-15.629626514027176,-20.830471570967823,0.0
-6.488731998246925,-5.561291639891271,-14.16373832508939,-15.090476114021953,0.0
-9.658588871136224,-9.87647287873048,-10.733336041311933,-7.744398232930463,0.0
-17.752899497833265,2.246552449246186,-12.793460435916797,-14.063135641623933,0.0
-21.484008833546824,1.3076862139342162,-10.738135331224301,4.155008987569181,0.0
-10.598469386700561,7.417743309125218,-14.047159924958127,-8.126036823555907,0.0
-14.253173649660887,15.73680548657287,-15.904284225786986,-13.734130084764493,0.0
-9.009093107861219,-2.835583187001447,-4.570235453449577,9.907249780576816,0.0
-25.269498406828326,3.9741127315135696,-6.5745318379498645,3.1566270169390034,0.0
-30.41741299566201,1.7473931473054545,-5.844119088958795,-1.7328996571788373,0.0
-38.51346970707969,5.085643508044102,-3.4335610287425196,14.610345128100183,0.0
-29.34934381281508,-2.1473156695479316,-6.5096454398700345,12.919793998303016,0.0
-25.080757721931665,3.9065578091704225,-5.240766133013958,27.311839177746347,0.0
-25.30710219972142,7.328814873173188,-4.601344352300495,22.705107625918505,0.0
-15.987077616338585,1.6582224124326341,-8.723690368192587,2.26766972639438,0.0
-27.269617208369162,6.491969112855216,-12.132231090289977,-13.288612238077938,0.0
-21.822881435087567,0.8210733152020246,-15.57631684408907,-2.115431834435128,0.0
-14.906609987948357,-6.273622417416739,-9.635570577244888,-4.19888184988218,0.0
-12.715773042683429,2.7594601692278147,-9.170487639111478,-15.690697526184248,0.0
0.9425513797771412,13.911581406276786,-9.760362543463778,-7.886408506707202,0.0
-8.205610107883837,6.123938084484985,-13.569994929684288,5.369846110856775,0.0
-17.038779957732284,0.7488281031212782,-10.054435628493557,-7.997157924283874,0.0
-20.558682117010058,11.496653972642758,-3.5152735386878726,-30.315438090520384,0.0
-20.88046351297353,-0.8692795900946964,1.2066110369346958,-22.844232495084803,0.0
-17.981016066740082,-2.2777166055469324,-3.235120277081008,-22.436513355225728,0.0
-7.938617042778079,20.19675548872164,-14.027941455920553,-24.824930367961542,0.0
-15.030403769289038,9.149591490534167,-7.705041987240508,-22.92506893810053,0.0
-5.918703809400585,21.799004612253164,-7.256434334683333,-9.129996988314394,0.0
-2.592363325671357,-0.7781370418200186,-10.53072133706422,-8.10396736252849,0.0
5.724047750225653,19.03575621512314,-11.810050338282146,-19.865953647928247,0.0
4.24330327824412,24.48196717835989,2.094798299193932,-17.14671883365949,0.0
-8.887487599815884,1.4925101216386913,-4.24467467951046,-8.845025944908635,0.0
7.045102225665435,0.4924790723382806,-9.907996002979713,7.488433218224788,0.0
-3.0528387501813175,-8.150388115815392,-23.35264899404421,3.158881567908966,0.0
-5.57140243266413,-5.357189008463212,-16.8215996420064,-12.60740525847173,0.0
-10.474927390069507,3.493676703522592,-9.576421026756082,-9.636634999894795,0.0
-12.935597254497036,-9.068139479616786,-8.635868906542392,-5.089694614842305,0.0
-17.132132815178213,0.8161977265479958,-9.602903111309576,-5.609938007209111,0.0
-22.236431570830035,2.0723738335880384,-19.7226397517695,-16.69291139463902,0.0
-12.744879184889482,-4.351418950383336,-13.658735127321108,-16.789322669402893,0.0
-13.660174177928965,14.234979703141754,-11.064801354453195,-9.759722970099203,0.0
4.872523569198344,11.650896656259139,-3.33756326172469,-16.74182779460284,0.0
6.256816015070449,6.628828408462104,-7.203919446738894,-10.26000475968855,0.0
4.663179470812653,20.068843798800714,0.4166232902248339,-13.490685927530956,0.0
11.23851349378726,10.102121134064241,-9.90973970448803,-14.68378635310423,0.0
-11.717256008145792,-2.663514197881872,-9.887710078795491,-28.554873513248317,0.0
-14.482132876297163,9.186667704500186,-12.247804185621925,-11.752790105285417,0.0
-8.563916937079775,17.640871905498194,-0.1479222137216567,-20.919761837814498,0.0
-8.882851620484937,-3.1639922446288704,3.947372807952105,-14.685518106950633,0.0
-9.93032489460996,6.636643151234104,3.1371162054606962,0.2742721304047855,0.0
-15.934995792281153,11.47476658057646,-3.491969162680353,7.001426946431213,0.0
-12.760727899403493,2.1327481395679246,0.708424316520059,-3.871010085293374,0.0
-15.205098936269152,8.460500802748808,-5.9172490122942705,-8.084089540862726,0.0
-24.0780760886879,-9.325597141832542,-5.26719468437847,-3.1738084001308877,0.0
-11.4937511033005,-10.331725075137317,-2.262753838513694,-10.280706799354112,0.0
-10.984165383050271,-5.793038459962149,-6.541815414077646,-8.45932436950292,0.0
-8.738663781017932,2.3435673043805014,-3.6893223359396425,4.978812557548144,0.0
-8.457848206418591,-4.012022166139609,5.598364066500201,-4.693619637613157,0.0
-10.725277264053762,-17.356836628577383,0.09415830693261995,-7.263798734845155,0.0
-5.178190774262398,-8.356388462446033,0.3294661970895465,-15.826478781976347,0.0
-3.197113534540639,3.0253595430924087,5.226568344056426,-16.6876391503571,0.0
-12.344568828373877,4.735890345325707,-7.577171029393609,-26.764171792960337,0.0
-13.498232348673946,-4.1687508752172775,-17.67509718763324,-4.300285462964641,0.0
1.272426507944596,-1.672447902435847,3.1729594234339484,12.750587312531138,3.0
8.678077380607391,1.1841005287048585,0.5811647060130714,8.280149064527388,3.0
10.464620816376977,3.485965506081315,0.6629039557415295,2.2618644752376103,3.0
4.14895418027459,20.913100490400183,11.230247410744997,28.25575178555325,3.0
0.24196573845981462,26.56517249141584,4.801540500484361,40.81549417465245,3.0
0.5257520932979003,27.009428134553733,0.44113365120582704,25.10728012433105,3.0
19.816258931724416,14.469095406844417,2.0009972216771796,13.554362211369801,3.0
7.442579336314919,12.158706133525335,-3.2738167442167594,18.502235336347805,3.0
-4.304177298047897,12.674633037487121,-3.345852570321286,3.807766869011104,3.0
-2.2625474788002258,15.620815852318335,5.202788209577333,-10.55296367113283,3.0
-3.95143716241229,13.715716778902733,-0.8404352649702669,-7.65851877557505,3.0
-0.2715154634116632,5.710815595849047,-2.833227472977917,13.249957576958796,3.0
-7.038305042289844,20.804500674603393,2.2748574040641127,23.085163338324236,3.0
5.138219181824917,26.86248390811261,2.1182716122859704,2.7554270353286334,3.0
5.834036732026211,15.256271830425852,2.2354310196304272,7.590382911463459,3.0
10.830082646390197,15.16182516378519,4.814911806649298,14.086581926920624,3.0
15.77988442638392,10.199467357232532,-13.704601691649707,27.59717863056713,3.0
18.12110475310459,4.6164058724164905,-13.962339159520107,31.2069274722723,3.0
9.516067439855913,3.85866537619267,-11.00515313075103,16.760250949016417,3.0
14.528701808998015,3.7428152611181167,-5.024110763638234,11.174975578912552,3.0
13.57696555503186,-0.18936419708609797,-8.502892954148567,7.178798568018085,3.0
10.637431035458228,15.416331313385726,-2.923636141079863,27.1791553858589,3.0
5.322993513582814,8.646799589471822,2.4318676528894976,19.67571822908974,3.0
14.448549880983151,17.328461225652404,-4.056944276770727,19.037311547339744,3.0
18.26040326805333,26.598351006824473,-3.4772897170788863,9.208681578873021,3.0
12.669438232860802,28.961022713182288,-4.909242519885074,8.814992469934502,3.0
14.473448772249274,24.092554841271614,-3.5698754795957712,-8.243959094094906,3.0
15.755553936397284,8.290327212924936,-8.427083878268657,4.265523992692143,3.0
12.831216582593044,4.576358384116958,-4.181944398645921,7.6072523514032,3.0
14.443278841985327,12.076736389553446,4.093600542260651,18.366870472863766,3.0
11.982557278544348,16.797812233495826,-1.5623950936906907,5.84661805975541,3.0
14.6115006428886,17.013567525446504,3.561363446482627,21.856468397680104,3.0
-4.127304119801456,17.09606757070331,-5.7775083963390585,11.67963382797,3.0
-8.871407244596853,12.939986905192882,-5.051959185036142,17.79980941357798,3.0
-3.109659740851931,17.53302497762279,-4.784336591797538,12.042059871578294,3.0
8.462075455299859,7.469700728935744,-14.9602123152304,8.99764361805037,3.0
9.415113884605823,17.07833927658057,-5.970129268907887,1.089019019315021,3.0
15.52031992721123,15.239681644114844,-7.217444050720811,-8.222840205260873,3.0
15.810053182055233,15.248331948288381,-8.459532496538387,7.800436314869945,3.0
-1.1720316899750198,15.562823330646133,-11.066042245612024,14.783158889302628,3.0
8.803801831357553,13.032217492600465,-2.6846993946109254,12.535850882685,3.0
-0.06019575124911247,-7.856507379051842,-8.62973056931812,16.52626752150504,3.0
-5.011253846240239,5.152125125446418,-0.2572657156032392,16.818540299682475,3.0
6.47644820925275,15.948285887435773,-2.9776574621509573,20.439106416148515,3.0
11.215657258461544,10.15769904415229,-0.3676141003763913,7.632935456420668,3.0
8.051214163083557,22.51827304815111,3.837972486873994,15.040279226110878,3.0
-4.980335192418138,9.967572612767839,-0.9103128947658261,1.7269503392086456,3.0
-0.9133611583622923,11.37760875445754,10.57941270476314,-7.061682091809367,3.0
0.4564614754867997,16.193184001044973,5.688635641198122,10.234301143802634,3.0
-1.685090659052106,26.771594247038774,-7.859648309947917,22.679676553088438,3.0
9.37748826090414,18.358371901139577,-4.348406784291996,27.882279937094232,3.0
-9.119679148185611,25.791907538233673,-6.732990765658268,16.09735864019692,3.0
-10.540198131210218,15.99000953904237,-18.181865621895472,29.88173259586282,3.0
-13.933184118635616,16.822252339090618,-11.789277639704235,19.629846649802804,3.0
0.9402467859037595,14.170457374969171,-14.992365293363196,13.419575376157628,3.0
-0.3244852241688303,8.039703456896396,-8.369454236084698,21.68524556339699,3.0
0.586215575553366,28.01471014271766,-3.0900839333792387,7.186883392526165,3.0
15.298708440014765,30.098134155374456,12.067508783912873,23.495390822055967,3.0
7.963050706777791,13.022661195625567,5.904012753591214,16.087932586204474,3.0
3.30883641688936,7.090205268945517,2.730982029768452,21.361597430187324,3.0
4.025351893628011,4.894208495809625,-7.802455742658715,7.27007164375202,3.0
-4.9403007663523395,-5.306912845412738,-22.502768077094167,13.704986198452314,3.0
4.02475770198195,4.61974251752885,-15.219223076556984,10.96790652652901,3.0
10.128744677831163,-2.0641112662238186,-4.136327695510646,3.700947331436506,3.0
5.486315673601434,10.930090749530425,-2.580491145813576,19.750843255099703,3.0
13.548257520637598,8.792896510764791,-7.140464278868934,7.035731196505874,3.0
22.67710308556137,7.481075858223349,-2.460098223926524,30.03761383905268,3.0
17.592579402746974,1.0462611520347629,-10.110227550698458,19.10559419211952,3.0
10.24599106692505,5.324766150863402,-10.880191260478792,8.624196414161563,3.0
-7.393247398687517,4.511881342565488,-13.016352473992843,15.11371263041498,3.0
10.818183989218037,2.924780684583151,-8.821371571508486,-2.5017788160565457,3.0
12.579794119147607,3.524580778524034,-8.898468905052887,1.329608281969815,3.0
8.126710689040026,2.256999564911009,-20.646791445175865,-9.508390621466377,3.0
11.639993488970736,8.082110213604915,-7.034607178788084,16.532048995397886,3.0
7.566951870595197,18.99862361405901,-3.5311830005912483,15.637312209933027,3.0
1.3507198835101732,24.909816939421553,-4.214396388100848,9.124064909390825,3.0
0.249693476258253,15.809969845032168,5.856163676128831,1.0736707987282585,3.0
4.237302950547791,9.379011070160434,-3.110679346376987,12.107596877849756,3.0
3.924207139593679,5.76689169506283,-5.224934847818689,6.903751451488585,3.0
5.744488460195167,2.9633607765763514,-5.281314791717795,5.778050072920212,3.0
4.675643248889792,10.832805152306442,-5.125746374213297,5.538501976060486,3.0
3.23346178843742,10.316630817065745,-4.766830132072551,15.330345679399144,3.0
7.6807119264462465,13.501931835928207,-3.9814643178017306,13.686948248690868,3.0
-5.385031205017645,22.884169217511264,-12.037409950046898,16.252296065208316,3.0
3.010503658974139,14.092705326350428,-5.373265822730287,-0.857771082922083,3.0
13.572425575344548,4.8481957396264574,-7.859550602457202,-6.50138920579971,3.0
10.083881384278227,18.726123993735,-8.406721962645685,13.55531098570296,3.0
-0.7016355105982788,2.679605080525148,-16.054933087128312,-0.9262907512758964,3.0
10.42468450852951,-4.063083392867817,-7.320670480952311,5.477975639746574,3.0
23.306107153188034,4.6326744293629805,-8.098361817505062,7.953842183133551,3.0
11.515118133264838,2.3907997897100026,2.8462729076302407,-2.905476966059405,3.0
15.50516150874557,-1.3706648483192225,-1.7385912602713822,8.664068707509163,3.0
11.987222323303811,10.602600609153502,-6.7333068823401385,18.68187029875303,3.0
0.8848256415234559,16.694460698459746,1.869991713971892,18.3493473880889,3.0
10.506651058718226,11.358224937318345,-0.9952072203631603,6.521493549493281,3.0
7.99566782026484,-3.1888488888057847,4.424850448273378,15.265641240476764,3.0
4.404426562351272,9.149231395180458,4.714376436945719,1.4941561399365995,3.0
11.317796845048004,3.4865177463481025,5.359478291797718,0.8008056868862443,3.0
3.2573957819953034,2.432598692572089,5.211968745015424,-0.5462305827240499,3.0
-2.115606537808505,7.872670102214286,1.4665954069860208,-5.184644983910479,3.0
3.4391754265318957,2.054818517641932,0.3202279292483077,8.478816774405232,3.0
-5.6921063145047,10.354794965827871,3.962114223407446,2.336257972094423,3.0
-3.9230511484794093,-3.7242377933793422,-0.35967549226589546,2.769748500109464,3.0
0.2314123860379773,2.3851254014957766,-5.5881500423933845,3.0757858603088346,3.0
-0.9460466990475385,21.202056884289703,-16.133899686363595,9.933374633312898,3.0
9.101144616939917,0.7312272220687142,-14.649505877226467,20.65600914508078,3.0
6.382354105458366,9.959283530334952,-7.932844354996567,12.311868173915277,3.0
0.21925067820237842,20.665437495218406,-6.9826715843914435,-0.6436004495833147,3.0
-3.5403105759714233,17.93619332403566,-5.076523461617835,3.081091141685074,3.0
6.229136245394381,20.87396096367695,2.794597735912882,10.081090146611508,3.0
-1.9786172940342102,8.540927256409747,-4.098771046733419,21.056379656053984,3.0
10.600858092568012,5.927231119792943,0.12730300158266994,4.600798348926104,3.0
8.055711275956938,-0.5380793920510918,-8.657666394672507,8.782054735102566,3.0
12.909510060267968,1.9083890596609034,-8.211537739406467,10.729641644566588,3.0
20.189635506333943,6.491716519935774,-8.185106384889755,24.813279664086906,3.0
4.901714077552154,13.460000369555535,1.989900624201971,31.011428820373585,3.0
8.552093943670902,13.063038314511134,0.807470177053597,12.596309608962772,3.0
3.6932735146672133,16.36483451791651,-7.602744385515184,31.573705927851982,3.0
14.782065747921779,7.104937475988644,-0.8282525940824055,22.71927787480776,3.0
17.650069529520536,2.6579491563871294,-3.1040066947680103,7.742662556787545,3.0
7.876790184926857,10.814125988643866,-4.292836062245314,31.817534413648318,3.0
8.96185480255727,17.19274479692974,-9.01942091491106,8.740123611203131,3.0
9.331049808031612,11.953353225913501,-1.5732475603010503,21.48539334677683,3.0
15.921769124651709,24.32735329289072,3.7833351646952957,29.710295839624386,3.0
7.101999428965457,11.71247890990633,-7.115099783202332,19.240876896630716,3.0
5.097721060604478,-3.213368355847626,-10.32588293875284,9.046796115002682,3.0
12.883569888183409,10.284564664532436,-9.539111772522244,8.550835622859907,3.0
3.5353650590427304,-3.3559362940845343,-10.20594151831725,-0.8606205751361315,3.0
11.483774382301693,4.136041070163587,-8.117202255471462,11.395805937739674,3.0
14.365933590071837,6.171232592302484,0.5041489040992011,-5.946527398981964,3.0
3.055164450801266,11.34445719978472,-1.646423055642741,-7.450639234123531,3.0
-10.50904291463852,10.502481749986092,-1.177526095474871,-2.679755726638751,3.0
-4.500774076017635,-4.353901733966293,-3.8328785648382024,-0.3600549528610877,3.0
2.2758192215006936,-3.6019430760525726,-3.5868741719973967,-15.030240151282582,3.0
13.871192543271217,-2.6752703116065017,0.6906356766873598,-0.47915631226855204,3.0
7.9701419849224715,16.19023786755711,-2.8558283544433767,10.536782160909475,3.0
0.6042227368410895,10.415031250976222,-8.130977529655109,1.3368451803627774,3.0
6.6382237464919625,-1.8735979379072552,-9.455593878135463,-2.707388088653392,3.0
0.20899626984427044,7.194146624276437,-7.424301971739249,-2.1982013791012864,3.0
11.260524031618846,16.01166569694844,-2.8566312169461296,4.550309433758143,3.0
18.04285038798347,2.2068131043434125,-7.601201144351412,15.586950839548848,3.0
11.733185560465845,8.31847932309081,8.363716122395427,40.85224198273413,3.0
6.989840233840123,10.266410141862739,9.4247034039764,16.803308132966883,3.0
3.2316742321952545,15.20673893701674,6.38461095999145,5.148717048189408,3.0
5.931401811714854,5.3238702885706495,-2.993489798203607,9.254067455761911,3.0
-7.6281765675994055,17.34464657079371,5.609866511387036,16.417691824096,3.0
-2.690427752843669,17.882180733629696,-3.3334590144980423,26.656301071691125,3.0
1.9521732373186573,12.685832496128123,-0.21674728888336414,24.641112754254323,3.0
-0.22100499358694492,15.986545070537183,2.180912568310761,25.52578359340305,3.0
3.6312662636104314,11.426826755651602,-6.321826484695125,8.226930085231997,3.0
1.6707346443577813,11.640264843671119,-2.121532630101817,1.976618733798154,3.0
-2.6178830692781663,14.05761344611267,1.7333553846820304,19.023972756843825,3.0
-0.41338220132838543,15.741581103270283,-8.463469249147423,18.35145312223574,3.0
-2.905680606888268,13.471085344381034,-5.336480573255441,23.941267347250903,3.0
-2.6098371861142464,18.83588519339181,-1.4279017476776525,3.543198885004137,3.0
4.428459476401362,5.145703251148722,4.069855314198993,12.895035755777252,3.0
10.24928964351138,7.405044015293272,5.871057154328137,9.722111766684607,3.0
12.723554866644122,-6.85234221376101,-10.65595270815181,27.71773922174385,3.0
17.582655277079937,-1.2846764042715169,-10.736342969996054,15.539672077050206,3.0
7.8287852970832805,18.565890207773023,-19.727219956239235,7.4646539397220195,3.0
-2.555958254809344,15.015743998033251,-7.923436666276758,23.073968858395155,3.0
7.897534074628454,6.573904491679053,-4.0493860462737725,24.70788556250043,3.0
3.084456228678842,20.52011528009674,1.1322044405521203,29.298667526726415,3.0
5.238507137580269,21.485738604764755,-6.5163031269206595,22.45573996417763,3.0
-0.7227158396019622,4.967390784921173,-13.119087563020758,36.181378764246325,3.0
9.743014198565682,10.857753895910859,-12.866317130237295,6.181993647449694,3.0
-2.779457642812706,3.4344981061652735,-14.339653276431584,8.543795022117315,3.0
7.6263015764631605,-0.4513715352580725,-20.759791212950134,14.095719526970333,3.0
5.2643129738038,-7.269908966693492,-10.102233501072545,12.115571880451338,3.0
-2.713044378965835,-1.8196556486126676,-1.5358908098795911,23.333742918903035,3.0
-2.87061932736908,-4.318135720107412,0.5541887119867983,40.84834589804047,3.0
6.653768456751386,-1.3540953253786352,6.488483228302112,31.255791000438833,3.0
11.665887507051492,3.250471434123166,4.62876233471576,23.779936776977856,3.0
10.806288926505438,-4.121566802551211,0.7418302474645353,19.652871632340158,3.0
14.38993785729186,13.257822278931211,6.953689907631903,14.572195941308172,3.0
12.4033732031291,21.502656955516144,-6.133869091077183,9.362667181446977,3.0
7.655038065554907,16.16464953829937,0.6707860580889076,11.674354845924524,3.0
25.468301808022673,8.74171727791715,-3.2509581862885284,11.429290633877917,3.0
17.454860487346146,-0.9329339837623474,-1.5414866744035787,1.5365109037375255,3.0
17.58935027463071,3.526305586525414,-5.0592704900586885,3.913964686698918,3.0
12.270745658818296,13.07050022663218,5.793518554915211,20.232113199581477,3.0
17.849818720122258,10.744679371831019,-8.72323064143972,3.762771257307934,3.0
18.92626546112105,17.582111232211425,-9.835353885754591,1.904590080277483,3.0
12.255892144273592,17.845524757852026,-13.900302240032154,16.911535539429956,3.0
17.715917104624843,13.455069347034742,1.5597602920405147,19.933699263892102,3.0
15.336031151509761,19.14925118728184,-0.6931807704504827,15.147843301100947,3.0
5.841890935775773,16.796758449259414,2.268693549012802,8.662286524153393,3.0
4.989286402599024,17.79407385900716,-4.178550789921722,0.08091082531931715,3.0
-2.064497294657709,22.74806345929447,-1.6493121535490216,-0.43473730200094307,3.0
2.53495903009674,11.765702999513353,0.4934221491910906,-6.5395672649016525,3.0
-12.003456803033385,19.29141064728068,-6.776311409783837,8.058918295051072,3.0
5.364403259869191,-2.4849671168074785,-3.3077761797928655,14.048156793381791,3.0
15.26458522779505,-17.413958541339927,-3.614004158250242,26.109303758417944,3.0
16.115847146682416,5.573108852844833,-3.207538833605641,14.389750921207412,3.0
2.740755287784314,-6.348220127974527,1.3120368000763356,31.16169551326493,3.0
11.701796265794279,-1.5886881625058882,2.8053224914066677,33.162836516612245,3.0
6.428761216999366,13.76391361721102,4.070865896706362,30.604048125306644,3.0
-0.029667060104201504,5.751586753106736,8.145019031293238,33.52436559468763,3.0
5.754292252449671,-1.8746732019555505,2.7081344970554806,32.68277229061131,3.0
11.386554550335045,6.025189891776985,10.113749526303629,4.585923832014373,3.0
6.6973049352315375,11.08425041682835,-4.474407827787586,-9.230732796914076,3.0
3.9248114996110184,3.1791585457028173,-0.14865290111547003,6.504720103325379,3.0
-1.6588403307390727,12.29564911122181,0.04215068996374427,-0.6717025714627916,3.0
-11.21010982226954,13.592748161507744,-11.725334984145817,9.858290314992251,3.0
-2.618793877594967,5.51030627097577,-11.30443317052352,12.200218217582522,3.0
5.698630279557941,3.9718247948305736,-3.5633968481954463,22.06301197474258,3.0
-3.518674590218845,6.328209428361827,-4.386409206302216,17.26868809296903,3.0
-0.07301628676221794,-8.387346748174314,-6.317979490147687,14.288822805318624,3.0
1.2788545473637498,-3.012435142785977,2.6052055844524884,18.51808478725694,3.0
2.480230605298561,-6.059117026881369,-3.871576260165698,17.718387434819373,3.0
5.5719767799737205,9.50150389378291,1.4167521702098007,11.355108228355736,3.0
9.147681415448815,28.344863423439072,-0.7068204559117621,28.89911481718201,3.0
13.066052072440627,13.185145101866533,-0.768820020525701,18.118285833794353,3.0
12.81054096478716,27.322356906621845,0.8644126202654872,22.323750941657906,3.0
13.23295306029208,24.002210895242367,-4.542591658899555,11.459758619388204,3.0
15.755707097880748,19.813617020432737,-7.123246137415622,11.6123945864857,3.0
12.857947453256667,14.902673084182837,-1.1068430474721307,-5.721827921231062,3.0
7.774781782923145,4.593547593979901,1.4267253220020204,-3.4072919775244275,3.0
15.653675064062448,23.77003382215736,-4.789979459157223,15.861827065560021,3.0
8.231586148491957,19.017573049814345,0.3624550741469168,10.43834375596344,3.0
-2.4157338246089957,-4.012040170063537,-8.548282402572394,21.155120342839204,3.0
6.735024892328632,1.0346683036382753,-4.0583141888702965,20.458595052833402,3.0
6.124509576254869,8.728946760455516,-7.087213003391225,11.393943026602386,3.0
19.38354581109183,19.215047188277715,-8.250452487973178,31.5233897984855,3.0
6.254567018968624,4.924472907659104,-4.75026632314337,24.18165265695815,3.0
0.7217712197923185,12.019496507687276,-1.103942608076316,24.120982003629504,3.0
4.758584331875804,21.601771748620752,-7.583939523338949,15.410712874101915,3.0
1.027864480395293,16.93429849135074,-6.406213307635181,3.694091295543334,3.0
-5.166010224904318,20.36462649848825,-0.5192186222012936,3.1258480592931726,3.0
-12.246697537508204,0.6952768407943015,-8.057712192189134,3.262832471794792,3.0
-10.118571836640786,0.2408713960605997,-9.159533847337034,-2.5911625418635182,3.0
-17.622194887698754,14.96046068877162,-12.979093670061495,12.445869070092849,3.0
-5.273916525741773,17.34659894958625,-13.458539273662348,26.325613045926602,3.0
1.034157911564102,11.926807472656229,-19.2220477535422,14.343046447906428,3.0
-8.846749269561649,16.18268201388308,-7.291454080527986,26.01322154690451,3.0
-3.278481160335021,1.5383815487797046,-0.38027568693770064,30.158236532873225,3.0
-7.550190123309218,8.539678804054798,-3.010942121000281,15.665495012191423,3.0
-7.271455472310418,-0.7901524404490381,2.452379410400251,33.534273883342294,3.0
8.086159555845887,18.23069965325201,7.607910932015678,11.481999718974725,3.0
14.302679270890334,1.1157194638700538,8.854468381220027,13.80374436438477,3.0
3.1279619383229282,2.847974728180551,-2.987886251418076,16.55025426862805,3.0
14.730884095905338,4.232402450757315,-1.1804330683005606,9.619092139243245,3.0
33.222751393267544,3.760489611019421,2.5335220341689766,24.866673200995848,3.0
30.877181916352953,8.65722240701741,-4.023549379640659,7.85782428997671,3.0
26.959660476632983,19.63759176461055,-7.60179983305399,12.831875830867997,3.0
10.50335376939251,20.228430591126497,-10.370816450271134,16.859499487537903,3.0
17.569525728090397,-8.155515852783818,-5.615953872994613,28.624392543193558,3.0
10.758575320599585,5.3913716553929465,-4.676358618461858,23.52974230842522,3.0
10.5734879193373,17.4837658933775,-3.0583559658411517,32.10439277063177,3.0
2.546969040687626,23.440942657515023,-0.5243542414266145,5.494789850536076,3.0
11.017903789297467,9.73160256941588,-11.00186713198672,10.87726572402573,3.0
7.872045884532916,20.60363044703967,-1.1790315006538545,16.260720179707956,3.0
12.290683731723691,15.62158452249318,7.717234494424455,15.479816267808381,3.0
10.64767555854731,16.059831431349973,-0.139002781509741,14.819884101249258,3.0
7.150014003198496,5.686039710758719,-7.232921101186731,13.094302628797372,3.0
5.896378809344558,8.623556421903958,-4.762111393400843,12.55125290713181,3.0
10.02908912730913,19.216934214653506,0.30570073455074986,11.746121512710731,3.0
-5.079140864394359,21.513247678674638,0.6063522608675358,1.3893016256600834,3.0
1.6531980581064811,14.851452356607727,-9.203644512595421,-0.1978790919809832,3.0
-2.394679375563735,5.922996093742119,-11.34706413803068,3.0684365919798626,3.0
-7.346573109091167,9.424199364752617,-3.6130009252116535,13.177634610449902,3.0
-10.87225576224116,15.325645415338684,1.5481221834976422,14.408768975193873,3.0
-20.17676882482431,9.606663277950565,-1.3829301198452537,15.489884889729696,3.0
-13.65154535698878,15.923458595781515,2.371088651049278,25.105915891287182,3.0
-29.52009611901094,17.94143972289843,-0.5928984619244932,15.98614948470712,3.0
-20.285305941411842,9.03528450999259,-8.771561094452377,10.138894796696597,3.0
-23.82442235572896,-0.20760324344549552,-2.872594401924656,-0.25691366193783693,3.0
-23.817295804909364,12.82284603685142,-6.78786145146635,-0.6073356073662897,3.0
-13.919612095114275,-17.1551554950573,0.05969127021704468,6.56791196781169,3.0
-23.45474518442847,-5.035538148786722,-13.591815448806313,7.1491405603911815,3.0
-30.81170400419149,6.236118676186067,-2.1049913850834825,-9.288457107974121,3.0
-14.138095057143815,12.174840236335859,1.6240473909644915,0.3418788756341087,3.0
-14.772998189151139,11.29705711955503,-1.1642704266703534,-2.1684461266671455,3.0
-21.155270011697727,2.6241400822019445,-4.875930453666144,6.652086651985115,3.0
-13.999557707189236,3.693357820522395,-4.540747859433411,-3.829567595453714,3.0
1.09747895426392,10.526802010103154,-14.300077523123068,-8.19638052178859,3.0
3.416402474816575,7.40375507696236,-7.161373871641578,11.44349342455055,3.0
-5.448767432272689,8.57214035375082,-11.653877130572464,22.345173984226598,3.0
-9.854358592734147,20.987203050106434,-7.760415564688321,7.294723781683353,3.0
-11.883580155816665,12.787129327006182,-3.882203988944928,-3.732222947462642,3.0
-12.796345193232414,2.9377066173453814,-3.4590794152626945,14.332135650914193,3.0
-9.443526580706607,9.36174625419325,-9.511547077496877,22.7404688045251,3.0
-15.012436930162131,18.66479989316285,-14.031782270761344,25.60042874461001,3.0
-13.291683085952952,7.387319591395585,-9.671001755534153,18.817598381177557,3.0
-16.02130340996744,3.8811193688118895,-1.2121890035306304,-0.6740116219984538,3.0
-19.292238291118014,6.18579642647078,-0.10246234365585094,-9.492631472350707,3.0
-14.74574640574078,21.03161133300727,9.160956351834901,9.091870966318524,3.0
-10.526622810166485,17.83961511470997,4.031344100623983,2.464269810083877,3.0
-5.69583822815946,9.74798467180073,6.656863644271558,8.957612654217977,3.0
-17.641986297238752,4.780755035150731,-0.27404493328367785,10.280302376494518,3.0
-14.895326481259833,-1.0293795534934382,-10.243944330772706,7.403165912873295,3.0
-20.41847173537088,8.245261542507293,-12.748864658164347,4.555983422672713,3.0
-7.782942566746338,13.488612498899315,-4.773991474285738,15.146078213771467,3.0
-16.08290322062375,9.620063488622366,-2.1457115330553203,14.843878598278803,3.0
-20.851288122688377,1.2590195828156396,-5.3508273944301195,0.8230432634936289,3.0
-16.592692048756376,7.763949181265941,-1.2186345496040483,7.482798512606026,3.0
-15.483557128288428,18.868493929101625,-4.977080408575565,7.983775775627218,3.0
-21.58106459342511,7.5534976800807705,-1.818950266342502,17.33731026399398,3.0
-23.726631654572053,9.18164586210343,-5.252512458942555,10.207274709847802,3.0
-13.208778997520547,10.270058778616317,-4.332370733210381,19.160760387100286,3.0
-10.575508420994243,18.285814639817804,-1.4310992828021702,21.18271457211551,3.0
-4.599777984511061,5.689548970975698,3.219904348693163,13.797968091322362,3.0
-12.464986004711877,0.7054474370121344,-5.141988375373277,28.326338870851067,3.0
-7.5697548065260705,2.0548445249784804,-8.341320051616826,16.67405440840497,3.0
-13.733130122432529,-5.5097994097903635,-16.723364429454698,18.94164033256801,3.0
-19.091962602505603,-3.12166552151586,-14.140061011213707,10.135753000997028,3.0
-22.15255830755147,7.0742311468732675,-10.791626584123735,-3.655766407046732,3.0
-20.157765138963818,10.398357831954216,2.0267142602220547,15.147132478641392,3.0
-24.84193712217907,22.868174161134952,0.8309253877643883,25.41134352199657,3.0
-25.613198613167803,17.02888620637476,-2.944432889956256,29.362291198274395,3.0
-20.882121563461762,31.874607911397348,-0.9516071246003595,14.66688450123609,3.0
-21.603111936249647,14.429907260761759,0.8730735246520434,18.566693871617126,3.0
-11.494174364063745,-3.034121436605563,-7.745199586737167,10.994303049186072,3.0
-18.312300397666196,-1.6023576129211632,-17.115749748112577,21.234231990366006,3.0
-16.76603062872899,12.398332054635713,-20.856581615691567,27.730401376419607,3.0
-15.92401855774845,9.403012953430915,-4.226213303887205,22.049380118938323,3.0
-24.493187182182293,7.356639850298221,-5.526476172424424,15.079754871766221,3.0
-26.195900724034654,5.909669940472484,-6.291647913050754,11.764109423403008,3.0
-30.653277079179823,19.727517131197416,-6.745706603981457,4.05618076943215,3.0
-17.3605826804668,11.486026451880548,-3.37664736452566,7.5571330416283935,3.0
-27.47323469991082,15.647666790859779,1.703831533312024,21.301612920136535,3.0
-26.668130036886858,23.32742160453557,0.7082123464882639,1.1590630943505413,3.0
-29.403754906891443,18.497435405110018,0.12157304058938823,18.75231941104016,3.0
-26.909353045180833,15.924706251499428,4.463338782608934,27.062059244381373,3.0
-15.355200426781524,20.34955391443549,4.735162495111742,23.63498342846807,3.0
-7.482463877949527,9.439225750254124,-4.62463410462731,24.5626577284093,3.0
-13.013410178950153,2.409055631856603,0.07945130794754718,13.95773269713102,3.0
-15.152363386694237,-2.9263354816072464,-11.67292405712476,8.82762769214246,3.0
-28.7564622820962,-2.84954562975887,-6.491513154363512,-7.8840254880172225,3.0
-31.240749990111063,-5.911246344064448,-6.468500140949882,-21.892276039543667,3.0
-28.627720133771618,10.807550613553676,-10.531810963947267,-9.68364796403744,3.0
-18.9380252287302,9.878048855212047,-0.15635472527158822,0.9066074100864938,3.0
-30.371414893397265,8.524531004780084,-1.0440202803511052,9.886450996503255,3.0
-15.459688675966454,29.407764059633777,-8.105894175908233,30.766309145306124,3.0
-9.196398725382089,17.001728538270974,-10.277535451935346,21.145720167433836,3.0
-16.92929665389447,11.128774208410949,-10.20497568583391,9.540288791671298,3.0
-9.585850265816227,11.806333785752289,-10.161338230969896,13.962790753779757,3.0
0.5699656060735112,10.85419102243689,2.2775954246853836,-8.708126007780205,3.0
-9.320340580503341,23.208299536821748,-4.0914206575365135,10.06278565389861,3.0
-10.14226252714794,19.81291332466673,-3.6991662805508896,25.12324311655514,3.0
-3.422967165558642,30.843289947823187,-7.6912385322252135,8.20544702898718,3.0
-16.40420482060727,11.44286940396621,-16.06974934601411,3.169713139444962,3.0
-18.520903392479017,-7.877761074389454,-12.59435149960416,9.203624512755837,3.0
-13.849670514831072,11.506200394641379,-9.49190932365983,0.2898796157150194,3.0
-19.441128063463896,11.750858070514761,-11.976320083550743,12.722441602045897,3.0
-18.5589333210172,0.9891899606214407,-9.63221697289874,23.42816493309866,3.0
-21.96990364499915,-13.09310339770188,-8.625083280832001,19.914229829946223,3.0
-26.357190228403088,3.3867159482442366,-11.711995118786117,15.641762601630576,3.0
-21.027387210277894,12.48881789249041,-3.8173428566820418,6.5816730429967025,3.0
-18.194147604554303,5.1599120982083475,-7.113509209956592,13.377981790226903,3.0
-19.59474298952025,13.286230490776006,-5.989721265553895,11.600494139538627,3.0
-33.30979902719325,4.1684500933356485,1.7895070199607876,34.10892347639552,3.0
-29.22292602569075,4.778527542984873,7.010752896198246,28.823779744360547,3.0
-22.43951648638498,11.168720033830787,-1.1230751550607638,16.515759626723145,3.0
-17.68839227828947,20.740315361434558,-0.3132135798025413,5.148751966686607,3.0
-30.8524725663258,18.176398229432596,-7.584287807776923,-0.9223023197211493,3.0
-15.950630957525828,4.844757367956703,-10.7631608779345,-2.460771102055073,3.0
-10.687019748252295,-2.98566649848658,-9.821727818309057,-1.9267117811653485,3.0
-17.72173467885721,0.14672541684771012,-7.127623112473088,-8.009973657655308,3.0
-19.709706847305263,4.819901794838206,2.038300303746105,2.9901825532239084,3.0
-28.387284639043042,13.065576250141852,-3.017465504281699,-2.905059834022534,3.0
-15.408628968960878,12.416361774207353,-0.55100073931996,16.90259808063176,3.0
-12.526958564817877,6.214314795846675,-4.35387696149815,15.314032015760997,3.0
-6.912333836261065,-1.891414781689237,-3.603116897218137,20.387437801779488,3.0
-16.18710469771637,-0.49151650381495493,-12.936095675486499,32.82499052989888,3.0
-9.147965439459817,-6.302069559850425,-8.06830974233914,15.07259788975778,3.0
-15.390990373490329,-7.651607275561993,-2.3851445635034034,23.839352105797,3.0
-18.736453667904115,-2.905123454500254,-4.0189068718188,18.046543393644193,3.0
-12.328503759946862,12.512348603937873,-9.971744180523062,16.03560420595369,3.0
-13.988831733902233,27.235455460937743,-2.091607067337592,-4.399562323758307,3.0
-9.728018818571087,10.428438052036386,-3.4761308102997344,21.886656454627932,3.0
-18.970414639852713,-3.2232308718659777,-9.209538469198238,27.85670806072689,3.0
-5.488952372035299,10.132014191198394,-2.5159202160792407,6.277048205630992,3.0
-17.001241728090143,-0.9701023834464975,-4.666476226575979,-2.50645555604504,3.0
-16.53596484997211,8.60314191098888,-8.157332836722896,-12.904030591496111,3.0
-9.808426818503097,10.396399407989986,1.1019221621150392,6.272783640703571,3.0
-16.32636220867574,11.739293492009761,6.047262930045177,24.108759812694355,3.0
-23.610097543110182,19.199600839128806,-0.7604081617156773,30.081299080793567,3.0
-25.13075575899657,20.053044481649586,-10.217481878104685,20.42784336052401,3.0
-21.01713399543776,17.42696514570916,-16.416442180624852,17.99281258413511,3.0
-18.165117301677764,19.749503526611488,-6.252186981099833,10.39137746107852,3.0
-13.724998230397057,4.5028166297371115,-1.177668884429314,17.185739673329255,3.0
-7.973577855050425,11.499432399273395,2.990995355513812,18.23221943853525,3.0
-15.052868660889438,1.3840557788316659,-0.3797021560820666,1.1191101474793417,3.0
-14.60275981690532,10.28433354196438,0.9968131253868018,6.5638645482275235,3.0
-10.061479256340936,15.074336631706988,-1.0968633520273734,25.92957266268851,3.0
-9.64349403875843,-2.594123959188977,3.3505696349254057,39.89896076664175,3.0
-4.535414738007059,13.457166363880697,-3.9145118523838165,-9.215289244018225,3.0
-9.277193816677777,26.158679950540886,-1.8828973523305166,-3.238417223194748,3.0
-10.627500413183824,16.84350591042216,7.948110644963439,3.8903931029503234,3.0
3.562506581267183,15.790551385324136,2.387288698541541,0.8070015889937983,3.0
0.20765925490274917,2.8008637001939007,2.916087327305312,18.923456761854098,3.0
-13.993933594606041,6.33790321219118,-2.597117212296318,-2.514228445242539,3.0
-23.80918208114302,23.142553989441787,-5.653051537440226,3.1477424673304206,3.0
-29.586154699126734,15.260505618653772,-4.295971034903511,-10.80423654605972,3.0
-22.86605582019053,9.287556295852427,-4.59654435571847,11.220365726970078,3.0
-16.528719560404134,15.68464842850573,-6.75476191386014,0.24786103267216042,3.0
-12.059290246130553,18.05662883766476,-16.311327224646398,3.1129582434090963,3.0
-0.9655631709245576,9.949201565650121,-9.76234884007622,6.208651762833544,3.0
-10.247745453324894,-0.24655829789178263,-10.565544128404195,22.24648832344218,3.0
-13.433091550377736,17.0420519186203,-14.364630217549397,24.329711806480677,3.0
-15.145155082477235,10.449677011209854,-1.075238246602754,0.4015381609234634,3.0
-0.019523300973437685,14.346459571841848,-1.9673205808775123,4.39555335166156,3.0
-1.288261646063967,12.172477504586187,-9.274409360922967,12.997139412896837,3.0
-7.805264166374844,19.12407052907976,-13.07216381942432,22.325898677278225,3.0
-13.397811475084941,20.64397674287732,-0.740477209034835,-19.886575142403395,3.0
-16.977708016115226,13.804405151165199,-5.664987495864805,15.557318853440075,3.0
-25.818252438451225,14.035651431448297,-10.021674725438498,21.962266171998223,3.0
-36.55323198443346,24.79312796662078,0.046115693425498705,24.275361108118986,3.0
-37.8724651440307,13.25271773345014,-6.827554451959206,15.950202764463093,3.0
-34.23510983342784,6.761436558405635,-7.105679140952981,24.135733511634403,3.0
-27.131090504867938,17.275393350135996,-3.687180203069846,11.766040189394847,3.0
-29.740571739614175,13.693725730415899,-5.033704164329011,16.96874725340361,3.0
-22.462401702340916,12.628771025462925,-2.3138598538813513,18.290782474301523,3.0
-18.601385060590843,12.370760498011174,0.6859537903972726,10.116303209586054,3.0
-15.939593807183956,10.279185716437159,4.276845329742171,10.631105932251405,3.0
-27.172166935579625,9.124790000226238,6.291581270712368,16.925744108524846,3.0
-18.251213292960543,19.6834304403174,0.8184563517741097,8.625142018589912,3.0
-17.59080062050728,12.580863467977386,-0.5522625332748046,21.77892224771875,3.0
-17.852776964410044,23.33972601982473,-9.846010651275751,20.907101168603692,3.0
-18.272231387536003,12.04491479267697,-3.083619840741875,9.784471287498638,3.0
-15.717740273637393,4.711715228280308,-7.165020673345694,19.452830340238947,3.0
-3.13976946745945,13.797899347797014,-1.7279526735964885,9.361865854665766,3.0
-7.622884653296703,9.567056204676408,-16.765953236704725,8.065632318774915,3.0
-3.3270934308536724,-2.6092595970452743,-8.416136391342533,14.764519717710307,3.0
-15.22750088298968,6.137634774631863,-6.9514261156002295,21.849995174279957,3.0
-15.007046716725679,12.665741029442867,-4.4429279601621445,1.9945523333852222,3.0
-5.56998762969779,25.01150380824494,-5.324103768991869,20.607371312084183,3.0
-10.404828871155555,22.37815028150946,0.338724095623574,20.82856302795043,3.0
-16.54101640138279,23.32378318772366,-5.188670090460539,21.10010595724779,3.0
-41.07243157545615,18.926655265953702,-4.664812764327934,12.831596925303263,3.0
-23.919924968883812,15.122901262685511,-15.829437722957627,-6.2943380598761856,3.0
-28.042763860602587,8.109454387140875,-17.27034923872665,2.3729533405908176,3.0
-21.8192677315152,7.704889034158987,-14.983273442650464,21.958165602291594,3.0
-20.685612454313304,5.033817785696567,-10.282697512918853,-4.110752402084961,3.0
-15.165316347343065,1.1344495596034072,-21.107081948522097,12.122263910549625,3.0
-24.74426679014417,13.814872683446747,-16.008131887030594,1.529363443525972,3.0
-17.479186029248307,10.10857553555803,-11.11060656919137,13.723384237432175,3.0
-26.555510759156377,19.424429160984833,-1.0807333030761868,12.063294765700338,3.0
-19.89293958143541,7.501258437376929,-6.225364563315148,14.05521019597816,3.0
-19.64580416508632,13.901412152812322,-9.824894340070147,15.174161761472277,3.0
-8.902692137033618,13.624734276737117,-13.653831518804406,14.069860547846785,3.0
-1.8033491556648205,31.14434964445799,-15.228745113150747,-2.0617354783147013,3.0
-17.12270459375042,30.232329005403756,-10.553032411764935,14.923907365096813,3.0
-13.287170036969497,2.877737377827563,-16.488381474021974,9.16167847464503,3.0
-4.164140304733044,13.312576230146105,-11.007458633581976,22.445427528323286,3.0
-19.837096018161972,23.0226451064801,-11.813155371292144,24.845737705119554,3.0
-4.955824121967558,20.45514354547096,-0.7375026373406781,25.09565078581452,3.0
-9.709965882342278,7.003064893714445,-10.10947840886627,4.9401073894815255,3.0
-16.371963546465068,18.212199216049353,-11.439182926933842,9.196580145192153,3.0
-5.881267653615208,10.584789502345572,-0.437170835239443,15.805296224917672,3.0
-7.454384448892418,3.3264945340940937,-5.169289709885162,3.291634345354206,3.0
-8.907617187861774,10.876367868877132,-3.4616998878913843,15.90291333870902,3.0
-4.334073204602719,20.657747050021417,-6.857817145891422,5.872514908420091,3.0
-12.933370760014371,19.050306346289645,-5.6547449592981085,0.8071430869690959,3.0
-8.081426803282607,-1.5256275734556741,-1.6070012448654114,-5.784937969887192,3.0
-20.697467802221794,13.658457187294166,4.9043189276327555,3.667997976609815,3.0
-17.019750882585704,10.197436684739184,-2.6342836900614617,8.266472000219345,3.0
-15.342833286954699,11.92270454010635,-3.2536516855570845,10.753522300918867,3.0
-14.224981701144447,16.36875375571708,-3.582705607088468,10.501858030719,3.0
-17.372577060001404,5.146884090786449,-6.854110824726684,6.629901206001497,3.0
-21.61742803154027,-5.915693287632717,-7.332242201600579,-12.36327461785615,3.0
-9.314734696468989,-4.786482060614201,4.144792974587153,-5.6787947209117995,3.0
-11.45536895785522,-3.9266685375801984,4.152374057847699,10.765948295583819,3.0
-9.217400251371629,10.587598753430376,-5.838603247805604,0.9040238480625007,3.0
-15.762588423627996,17.48567725980423,-14.640120572586724,10.133729558991554,3.0
-20.99424283524278,17.059270649508594,-3.744955475569195,18.183007489078896,3.0
-23.071349022397616,18.86257279217688,-7.142960820468131,11.819658285860639,3.0
-20.454847329238355,27.352356474021818,-4.188924542613114,14.703243910720136,3.0
-36.73833605673845,9.133890501483016,3.150273917070231,3.8306524238201165,3.0
-12.783864672403828,11.067756616644994,-5.2414175789956206,14.450377386975296,3.0
-8.612986068461002,4.059011333146392,-14.217294756891468,5.018811974850911,3.0
-7.340717865263169,4.8329077800341915,-13.585847425170176,17.073983667705704,3.0
-22.700098310048247,0.3413025842834725,-12.887074263869206,7.8101617650964075,3.0
-25.23374897774302,10.878157626551108,-9.181289769991686,29.589589550881772,3.0
-19.51046865668387,10.143093339993563,-4.736887817026732,17.919160914711295,3.0
-28.902277590143722,15.434455211991258,-3.6573980045925225,18.6458534072164,3.0
-28.196610813265615,16.375387597193722,6.622379674588556,7.132533162616437,3.0
-23.899607581088844,3.8757364184939433,2.2895436997376186,13.340217212996906,3.0
-4.782146210083586,23.14021339242847,13.875541991479874,10.984547346856615,3.0
-20.358426925552774,18.493326209452533,12.479344424966948,-8.148840727575504,3.0
-19.87590575041008,6.5571560215677565,-5.611361867211087,6.084782570069896,3.0
-20.036134950543897,24.2920203350182,-6.870075403710427,12.116674276478983,3.0
-20.863524636709794,17.4935774772039,-7.923292889722713,11.651841982304912,3.0
-27.675569620277706,16.89481831296903,-7.455725444897548,20.79825007231739,3.0
-24.124996332470747,26.250077584878834,-12.123320443186508,23.698274958500757,3.0
-17.103771708123737,3.7375229668624916,-13.88518102788229,21.102327149140308,3.0
-11.863063328149966,14.753395685015695,-8.503293309572072,25.754169607203067,3.0
-15.30146192532498,7.269800043161625,-3.674844796230242,7.247782914773502,3.0
-19.71308627267162,13.304784187617317,-6.941718521038022,17.57250167120913,3.0
-23.710561361132825,6.207585463962374,-12.913854478253878,21.19086027076442,3.0
-10.65933149494705,5.716476882858325,-12.184348132567687,29.601772886818935,3.0
-14.12530258022782,-7.074910874537418,-17.127847391306133,48.14586574052244,3.0
-17.54157276528527,-4.6753199638136556,-2.6368450546471864,22.366329708912183,3.0
-16.70424572042538,9.85369795423807,-4.962001594591378,-0.9567382577978147,3.0
-17.244679033996267,10.203384050045171,5.771564071011041,-0.726957757210478,3.0
-18.601956293417288,-3.1007814113139425,0.5812727168731573,8.133567674946361,3.0
-3.2699190917851,4.253589733630443,3.970567636905545,20.37242400735175,3.0
-19.69169517033829,6.352818792217256,4.555476402018387,14.567272254204688,3.0
-26.566360444850655,10.391541740987742,4.343768882317509,14.679123906019456,3.0
-23.90959719792759,24.08321924705465,-15.12362249170776,-5.256685130191675,3.0
-11.475818714345273,34.71103177777822,-16.41570990818161,16.8547474347711,3.0
-19.09630938168044,26.869427836183746,2.534317939725785,24.52444915794975,3.0
-17.67040563388359,25.055730669009115,-8.93154166640381,7.405220158308275,3.0
-22.58802016301601,16.418267158997438,0.8621784498974092,8.015018268535545,3.0
-23.781739142636326,17.74179227505279,1.6347614650857745,20.65354224547925,3.0
-7.789651998969925,13.463580792467942,-3.3345050446664857,25.92203606019932,3.0
-6.355812927994325,22.07917790619465,-5.823805780081193,13.258919227433495,3.0
-17.11060791740155,20.301507298455167,-10.056183591254332,8.270545634134294,3.0
-25.115726779624783,11.58903029107615,-14.75872477191955,-1.29654125173915,3.0
-23.302281543608423,8.440208505235098,-9.275246303333418,5.486110188267023,3.0
-23.330154041297742,1.6825865626229408,-6.999357360133272,8.012900765551274,3.0
-26.49569843133219,11.931582176824852,0.5366097234667606,-5.8947000528323805,3.0
-27.42189078797422,29.299623077833438,-0.220809643998229,-5.469134844943158,3.0
-11.391859401570624,25.304876502467998,-9.536389159009754,-2.705430050997877,3.0
-5.288044063005645,23.696178037279203,-6.994138307000089,2.92551712401055,3.0
-4.483341281326565,16.48355487451375,-4.223953321488396,3.645321879697775,3.0
-4.475800897466557,23.11371594098966,-12.85822202118592,-1.8705786751413447,3.0
-9.300952932908864,14.65002063093656,-10.629394336988033,11.883176649507156,3.0
-5.996583942120717,10.399176345215725,-21.1497786219962,-3.191013775047463,3.0
-8.828056536170077,-2.05437874921682,-6.108725833965598,2.537242629340689,3.0
-11.019938819222485,8.830324218241032,-11.33145137310054,2.5086522465427237,3.0
-4.348953047078181,1.574314609143297,-6.580921860876683,0.407268157722668,3.0
0.2383711719160555,-3.147582808304101,-9.776538579136979,-20.457377372360884,3.0
-3.0748821470507357,-2.794501234241105,-1.19325430901563,-37.74586135914832,3.0
10.743947932394043,11.331135642281268,-0.8323566592090534,-27.186957653158462,3.0
10.591640786478663,-0.32340368995781965,-4.149673105184602,-9.186800676184012,3.0
0.7888364734159481,2.374807649683409,-7.8999379642735885,-3.1707465100112495,3.0
-1.6684409275820586,2.5091914186832023,0.20101787241529667,10.422629836603413,3.0
-8.902188616377561,1.9528679580078894,8.043428103650228,7.564572921845003,3.0
-5.135722365084874,15.352301225993786,6.077488340593863,16.22566516712024,3.0
1.578395840049286,15.32649715407971,-0.8345848982244997,0.02581329960883849,3.0
5.095274098917267,14.709505199837093,4.387105750809072,-8.120969946867303,3.0
-2.958778972195929,3.8725027774808396,-6.925006786135752,-18.427955560642346,3.0
4.456678563537321,2.8803581392309168,-4.420042433822941,-18.309543422012485,3.0
20.01128572067519,6.632048027342705,0.5696698392091013,-5.028623537878762,3.0
17.26828818393666,14.288185637549866,4.449705264348278,-0.7359698371154124,3.0
7.168719167487952,21.69821196643729,-1.7628389914084241,6.761563044893648,3.0
8.125373590032401,11.452951611682481,1.0227013099493942,11.759703728278348,3.0
15.188589314804519,12.312107786117803,2.154496984416919,15.363497768963319,3.0
4.055795796079048,14.336018072322531,-1.758175520720082,12.953608028311574,3.0
13.726714098141898,6.17471951205178,-0.8526931148500472,-4.611710293979772,3.0
12.330689397059317,18.353069612501937,-1.7602677994458267,-15.63733437291261,3.0
7.926917202553536,31.125831440735922,-9.44144624168514,-23.775855082322092,3.0
-7.447931278508615,33.71467970045172,-4.9688933849404915,-4.39291764956467,3.0
8.664281633942625,13.89986783656374,0.7249600673936412,-9.828916576525938,3.0
0.4860868894764603,8.34621501414121,-0.02182299858745118,-13.928089477110612,3.0
10.262390726815827,8.617191478612892,1.4839966308541177,-15.745128667272528,3.0
18.81208406401148,4.422478126943066,9.126737023925656,-22.751580679083382,3.0
8.514451470797354,2.690246810149351,2.7806386638079577,-21.228850119182063,3.0
14.284563300620285,4.729628636054464,-1.1483022547424733,-9.595621162586026,3.0
4.345800155429519,17.56560520286785,-0.6565553776303328,14.554471546270543,3.0
-1.3477893162398478,10.3682984175327,0.09211811541107462,1.1038880429320734,3.0
10.60186843349401,13.722575289774172,-4.096590839207161,-6.504293118765263,3.0
13.461479554068013,9.28338500244488,7.3059558543593,-13.593320437325483,3.0
20.04466690168361,2.7910183417335728,4.772388327474648,-17.40091109335396,3.0
9.362258616988695,6.211042544292829,-9.689850908518899,12.129730426046189,3.0
12.880138829848754,7.145668068654203,-6.614270682936375,9.600766893520078,3.0
14.923942215274906,11.170521997085881,-8.656301512504328,-13.458847541010808,3.0
15.464010500754725,8.272307356083973,-3.478435506874064,-15.972766877632107,3.0
12.578314614300965,14.544520635654777,-12.492062676963894,-13.599501295874,3.0
3.2337109740564696,3.776156401211666,-9.870785593013807,-18.447062187395737,3.0
-3.630432459601358,9.535828378604332,0.928093492557335,1.2715277221435741,3.0
-2.314469276125413,13.31270001015683,-1.0667833021837465,1.317041596672992,3.0
10.451533778522355,8.564523908133452,-11.905781659688255,-2.740795311452547,3.0
12.543818365125611,17.737503842514265,-7.292436149928035,-7.936704154676773,3.0
4.108304009612931,-5.566740162026504,-11.268592679176674,4.936890915024012,3.0
-2.7453655334231923,8.371949221266672,-16.324478023281372,-6.123587397385043,3.0
7.64268608511232,14.779762614206511,-9.524620982821144,-15.829787130412544,3.0
3.8296256451747697,19.659645508594032,-12.31595781230988,-18.702410823428238,3.0
2.6745389470278162,-7.00286536085239,-2.20723093962169,-6.446635847368159,3.0
6.27601763910273,7.343275260169252,-2.081909854791676,0.32768699023826997,3.0
7.2419619364429195,9.265146222423931,-0.12583480548477466,6.019652835851556,3.0
-5.524732312824014,2.959282400677832,6.403182207013478,9.507797932069327,3.0
-2.383226151723653,18.799720716508993,6.692489206175203,8.068197399256874,3.0
1.9354877733174742,23.18403475769513,3.763365979967908,-2.911358595869558,3.0
-17.076259817323415,22.20760835557825,4.706726613333277,4.4010437414527654,3.0
-5.9202758517649245,-1.4147901889568821,-8.098454700404913,-0.8885611782850438,3.0
8.721812343114285,2.1019587224817435,0.158861127247663,-10.475827135863698,3.0
18.657892827775182,14.441446258671618,-10.612783595059438,-8.28893876679748,3.0
6.253890790078607,15.818668291646091,-3.9682406681801736,7.9092836884255515,3.0
0.3823261725995075,22.87535468648978,2.950554802618794,-1.4250256684679279,3.0
6.622863942749077,12.30248808805578,6.332109913311768,-0.8002135572613067,3.0
3.847866617000376,20.61535705985371,5.399688621879506,5.807919329688067,3.0
-4.931608726805144,10.725102222147632,-2.7713050901860914,-14.93477409399066,3.0
10.064124006545248,0.44750184787283587,-7.2313163373745635,-16.40416895520827,3.0
4.361458078415507,-9.041007874717671,-8.482588993881699,-11.989646855059272,3.0
6.152817536432985,19.668729829620272,5.017399238870719,-12.82319913675844,3.0
1.9451570327853194,1.4351998797670422,4.460947341029243,-11.147847491770008,3.0
0.3094387679327859,10.353320426479259,-1.0474520401702714,-5.548177381050756,3.0
8.164779140087159,16.162974005400358,-7.739474591754142,-0.08228660400877441,3.0
1.1144831727665716,10.0387446950532,-8.9627546042314,-6.972388869532008,3.0
-0.03348893939520803,10.69425110228642,-2.0468478059588433,13.010531745064107,3.0
3.7546835599951054,8.569380909646604,-10.110375770884186,-9.348742340003048,3.0
7.439030209174719,-5.6241581755130445,0.004345707612201544,-4.936137645352717,3.0
5.385004430483866,8.470536803641803,-1.6954530288009284,5.3264739820885705,3.0
6.157389628383261,6.374572989716672,-3.0022860806933696,-7.317241405123822,3.0
-4.880187528465498,13.980172858707547,-8.030700109376072,-5.200923563651915,3.0
-10.277842449902721,23.47838914071435,-9.100171626944622,-16.80415834007748,3.0
5.286888722446276,14.354987955537887,-9.749125716908512,-4.58675309779871,3.0
-4.628605116849328,4.154450838401819,-6.0063596081242805,-1.0468835831146115,3.0
-3.45824227821696,1.4332889966553162,-4.131039075358072,8.899020048139146,3.0
-3.0551331121692353,5.675723191302156,-8.811599198448082,0.4796781857666872,3.0
4.1831891020516245,19.73214047293453,-7.102243008170505,-4.144266010649018,3.0
9.194409762304009,4.9974016147489495,-11.18135482850315,-12.661940183607554,3.0
0.33470517168170355,3.105630742615361,-13.280532305907972,-7.818741811838747,3.0
-1.8534042593712505,5.890883030170894,-18.434076808334247,-15.271720275687791,3.0
7.822554860360765,9.993974458275748,-6.944799810237986,-16.77054492784992,3.0
20.6834753591693,12.251968495764473,-5.473110320608429,-6.637949727525718,3.0
22.153069975352174,6.916851599983056,-2.290112703502352,-1.797050857321965,3.0
-1.2228722174588356,19.918747298751327,-1.687008532998104,17.49380193485937,3.0
10.27329568746816,16.14402608970543,-0.13969662441168262,7.318992761559884,3.0
6.597371414974987,15.021753218493325,-8.22867771508823,-8.654337190430471,3.0
0.9953969278258417,12.704092461971676,-9.422557616133245,-6.639315370227289,3.0
5.3361110682043575,15.92424707045724,-0.255518653379875,0.6740756686038409,3.0
2.4164112349252127,12.917086412294609,-8.31698497849755,-14.081552688550252,3.0
7.825658123429045,1.3632526907424882,-3.942715873260828,-11.018710094117298,3.0
5.598496749452601,9.098926349065596,-0.8197613562873194,-14.218586994777757,3.0
7.372249799885472,14.8491829001796,-5.523995452435488,-11.011694300798709,3.0
0.5091816671512341,17.432907048092076,-9.098615916930955,-1.244562739154567,3.0
11.40953328750918,17.274488691291648,-1.408018874759959,2.8383424335342227,3.0
5.436345179113158,22.53112636545061,1.4772667331933915,-4.966860446335641,3.0
2.661440099825937,12.173565324737122,-1.0581604177404462,1.4045140068826107,3.0
9.236211816487954,23.27587382456402,-2.507887601294782,3.0265211335918742,3.0
10.987567079676719,24.243860722392476,-8.557822536127551,13.994230031607167,3.0
12.427468745788554,15.236850097771384,-8.291241516647256,1.2160979578605344,3.0
9.473132856743693,4.035057930763365,-11.801466530479516,1.3876832448813818,3.0
2.824420061237656,15.007881962557587,-17.311619374549224,-8.150927230016448,3.0
1.8870341627094271,6.3057937444236565,-10.204380198498592,-12.585298134855417,3.0
-8.45439930361566,0.5194767927366439,-3.9378030583099934,-1.7463047672675387,3.0
-5.126507590785382,6.0897628948250455,3.1938972123759495,-2.8762226645884645,3.0
3.388585827198951,-3.2775730395170406,-5.336084384405671,7.213653771728211,3.0
8.03884484340905,-5.904722554946517,2.912619011514229,-2.4195954287638237,3.0
8.058623359311053,19.378415032723023,-6.743192296096148,-12.58803170921992,3.0
2.021132373776031,17.905427661508355,-5.243278042321274,-19.80733055934356,3.0
5.797940638087194,14.607066633624644,-9.07385758235068,-13.05645443911163,3.0
5.330403862641317,14.871652758580023,-6.516130303130339,-25.340330784718244,3.0
-9.285675860069215,22.85867782863864,-3.218998178661015,-26.114709309240325,3.0
-9.041282351529947,21.110705028237675,-1.6027181473753358,-8.530821584889992,3.0
3.942834646400928,-3.375439124139156,-4.473896936638277,-3.96040587603437,3.0
0.2781121071682229,-5.416536193057007,-5.618377414548016,5.303094408550011,3.0
4.7011587339110825,3.1661430567767135,-12.33310817897889,0.8180823922275318,3.0
12.412725520675167,4.516861446634024,-20.33491367428588,-5.048274875705875,3.0
6.016292557322545,5.235591399386768,-6.042966736840005,-2.5179862122451517,3.0
12.409481370922666,13.88824534604845,-3.2936319843976216,-1.9847100270105549,3.0
11.033240439937753,31.438802215807442,-10.291658298208842,-0.652185375800094,3.0
-1.991250926848247,33.97338529797996,-6.982109722285792,2.133418627072118,3.0
9.146273675764686,35.77351355691128,-9.00198143028098,-12.644974694575353,3.0
4.412119748476007,34.12448745744133,-13.330758817877221,-34.092244505284874,3.0
8.808752455517064,11.66902158881919,-10.557120086533377,-31.872753738585445,3.0
2.8538087220606982,-7.716797910718437,-17.639134835316366,-25.60441804322463,3.0
6.654143944918445,8.685673606770575,-10.314506334299583,-15.25627926888151,3.0
5.250349513118356,4.829646950049096,-7.165461913707777,0.7519928854738387,3.0
2.082194757405501,9.088969815479858,-3.837382916417653,-8.054680015807577,3.0
3.510299122427031,22.17962272097809,-7.178885273569017,-1.2187754233707455,3.0
8.833163892519018,17.281761090440924,-3.0409264214056626,-15.419004235138708,3.0
10.595969662662524,20.572092487586477,-9.395325688737358,4.4903047380599865,3.0
5.946839174671517,14.802366890551548,-13.565451614091979,-7.136793515086808,3.0
8.547019343320876,3.9567161487452465,-8.239710636307446,-3.486857106426214,3.0
10.459955827840858,10.898739768593579,0.6335924214199267,0.7499974527131172,3.0
8.394826611398134,26.505275477900987,3.342236558357923,9.292037790438973,3.0
10.940958329439958,18.971741103643538,8.949512482256795,19.042057857297497,3.0
10.621480605345015,19.80130354727479,-0.778095028238805,-13.893480438298814,3.0
7.785062579039598,13.276651376216225,-2.483431687994533,-13.227545393477328,3.0
9.396867527636081,-6.163719055848977,-4.7140521911698245,-5.169936519893619,3.0
10.752303325146482,-6.421574386541609,-7.380894820586171,5.098331307328517,3.0
-2.841894246438544,11.671090110589784,-0.5667681459653231,17.509008407593484,3.0
3.7953905412405478,25.24217145300016,-0.06560435629588213,-18.295237516339597,3.0
7.163013301438493,14.298748762901548,3.989302584906607,-6.286319776190832,3.0
0.9681986336040218,9.318325342019453,-0.4055945046080982,-17.406490810726304,3.0
0.8490250802649806,1.337044632924437,-1.3512727018778738,-22.202285054342546,3.0
-8.609339046509449,13.932287986420992,0.7215460822508,-11.644890765346728,3.0
-4.355936959476029,4.861340566369126,-1.4361732861994865,-14.73609353341742,3.0
11.62060235422477,5.303758967223189,-8.3482503493998,-24.307499298161048,3.0
11.740826736318766,1.0310948206794253,-13.479871182308045,-7.04362481398041,3.0
4.388737585106106,-11.52342930508593,-6.195749580845931,-2.7750902472013106,3.0
4.078122963361207,5.709569889941154,-8.578329756559604,-12.134523681853334,3.0
-4.784248650999256,17.78997620740556,-9.422214516889373,-3.2984827168184205,3.0
-2.957341827250678,27.010345479993724,-6.446653654737206,-17.112212595236052,3.0
-1.6955839628746596,18.227980322816116,-11.004360997541198,-27.439807349842873,3.0
13.931050922102077,20.83591268371152,-2.5652425131777896,-16.299639933932802,3.0
12.146995629944122,17.017615805058536,-3.1152371926818576,-7.752864975954274,3.0
7.310682891504563,20.438166485303782,-10.935950091532138,-6.517728663412354,3.0
1.298834294343032,11.15544704958449,-5.167398399143471,-0.7298037562395612,3.0
-0.9361642380544479,6.487810709480325,-14.745296878842058,-27.923260043706616,3.0
10.04535158166896,5.4261700924445115,-8.083796370322062,-27.537243083081727,3.0
-7.089860910311881,19.56858909185537,-10.103214609223215,-20.556600056180056,3.0
-3.6673960613070267,19.82763682625402,2.1758320928413823,1.3362335720289407,3.0
5.632658252666685,25.655358962935,-3.0573860116835796,5.454666073860029,3.0
9.28508804897035,29.406582941816474,-5.174830133372245,0.5469172820246531,3.0
8.94903147725041,16.683087742227286,-1.7515410077365252,-2.4352120463533393,3.0
4.93815193474589,19.465090871167813,2.8630501352171285,-9.637736505958507,3.0
8.76488906270142,8.060895158017878,-0.587227400291511,-24.833157646741395,3.0
-5.385193130086285,8.299032434343161,-7.582397687995441,-4.6846769219482844,3.0
-7.895550675174805,11.079940760904723,-0.9811528234650165,-7.759765870107394,3.0
-10.597945718340622,0.6614912854032629,-5.114323707678544,-7.457645825095385,3.0
0.42282610094398043,15.245068709804244,-1.1832974703974406,-19.444176340927985,3.0
14.43529520606507,18.882853744369925,-6.1289883402553755,-21.067065447168062,3.0
5.485035197380723,10.920993234999575,-5.459401811284959,-20.49769794499864,3.0
8.399537362353195,10.02585893956016,-6.433625499784913,-24.00999505789806,3.0
1.248157997285483,-2.199283156202176,-0.7133883470795652,-7.5169781500467625,3.0
0.6316076842509992,1.6752063103848371,-5.322542029866363,-8.397884808895926,3.0
8.862477661814951,0.9930144667366045,-7.543832074615379,-7.943857096465231,3.0
6.096235873323755,11.905715178460383,-1.9810726075008853,-25.178077058687613,3.0
8.991366153648238,9.455587417134717,-9.46676220097294,12.505827685522263,3.0
10.097209464910161,12.062689223048732,-10.329673860773845,-13.450828676310802,3.0
11.103747253379257,1.757186322819683,-13.425570600344045,-22.993085841420523,3.0
6.90163037184865,13.856599020925671,0.33253269057924495,-12.883436775031903,3.0
13.881674050624635,13.430674919667284,-8.410837868245812,-19.754043018635382,3.0
11.997950513406167,3.6066931388246477,-3.1418302641265967,2.234444577284372,3.0
10.557499610515709,12.002106944355921,0.4789208185186604,8.231960631275975,3.0
7.72546125717547,-0.8321119922593851,-4.381121993385472,4.811183951291696,3.0
3.2792021110601457,0.5803875573926494,-2.515051292779834,1.521218113865487,3.0
1.2092995133227564,3.622570032141015,-8.25881612558626,-8.485694861236633,3.0
1.3293647864034952,-5.411796606406838,-15.57351665292969,-14.878205112576401,3.0
5.456378039042583,2.645362694876508,-15.432220171899658,-2.9661145672889404,3.0
2.317431700437165,-0.8885083674957599,-15.24385514457848,-4.710233042462429,3.0
-2.939731907147662,0.7502512895409197,-3.9316613625624965,-9.02027477625684,3.0
-5.517202753045326,17.33957909904802,-12.669924786781008,-4.355130549047914,3.0
-3.65793566116359,4.536302369195711,-19.61053598400541,-16.957033342357462,3.0
5.2148990303665,15.382829620814533,-0.2775710086088736,-24.291833561333803,3.0
0.4492677055954113,2.311114676498013,2.502734104220808,-21.975941670407785,3.0
-4.925746144255882,7.99642608136048,-11.709898374172324,-6.368808692681603,3.0
5.328670484195108,14.317897712328676,-13.820300122356926,7.02292493139838,3.0
7.610832796459543,12.1042417638931,-7.656844900626315,-11.070650562155425,3.0
0.07686481087564268,17.464185807895507,-3.8785279138166304,-14.806285546465418,3.0
8.523471393076408,19.44018612351231,-2.0726730807719758,-7.036198245693704,3.0
7.079077548874111,11.477007502979829,-0.5598380447063828,-0.6319462037328831,3.0
6.986965298255857,2.5185361740767087,-11.513387871392126,-13.844975155774394,3.0
-3.0343037871176617,11.75416458953163,-14.5054791623653,-18.2982575228301,3.0
6.909725653141852,-8.355667536611943,-11.650477876123981,-33.68008634406418,3.0
-4.237766558617113,-14.967045197610677,-10.645158318556263,-26.548041837759055,3.0
2.0570097910487193,-0.8062086403998405,-6.583512062244447,-12.237451558495662,3.0
-3.6588170670560425,6.029396525389259,-1.8264823432982604,-14.036312289675783,3.0
0.13357512260794557,10.152930084217267,-3.6929801624688094,2.6187679232189707,3.0
4.850654062853465,-1.2011134135656576,-4.783166682023642,-8.532292862875115,3.0
-9.428935189529298,-3.2713647065290914,0.3880922406047316,-6.350217552368956,3.0
-6.086852864381478,3.4732413577347874,2.4623263633667323,-11.892778951279237,3.0
2.199090154292324,7.630889713331355,-0.20528432645513117,-13.448482791850687,3.0
-4.073643479292127,5.206193095754559,0.2957989581711349,-7.0738294941727595,3.0
-2.0381211235035472,18.812172058652255,-4.558426674680885,-13.21407641383103,3.0
-4.680679874603167,10.635138855659013,-4.98451504743892,-10.00683727606756,3.0
-13.532611179328605,4.181455047927194,-10.112343561102136,-12.549502222244085,3.0
-8.486159705733513,-5.563486440223876,-5.579305534421048,-2.119069708384722,3.0
-13.292966827967016,1.7645751641073524,-9.404378834356722,-10.91683744479854,3.0
0.2980104781580526,9.089239792361209,-12.475001956494495,-18.22294608296749,3.0
5.9865938337626705,9.171815952681479,-3.6660902363934227,-16.93183393904783,3.0
-0.6042074805917412,14.72948832162066,-5.240571825369061,-1.3977993127979431,3.0
1.8734178596251585,13.703471082969468,-4.803364512960379,-24.46186209582571,3.0
3.979185159798718,3.467913791625814,2.2075755610304757,-21.513359919040823,3.0
7.81586680717218,8.273195143356743,-3.2042122299347224,-6.134145468430145,3.0
3.9116247818488663,8.004359157768222,-8.067509161209639,2.4499573578204163,3.0
2.102604241662464,4.833685967372213,-10.297552547651929,-11.409535429677263,3.0
7.296539397636655,1.6218530794708101,-10.62256594250335,-17.84568877695357,3.0
12.387830829354815,-6.723482383389117,-19.685890597670344,-8.643583532478104,3.0
-3.458951771189369,9.972194586256663,-7.451527411020308,-18.630748417658136,3.0
-2.3186436969716695,-3.8115179479380625,-15.346059171482201,-24.581677868589196,3.0
0.9567420090777263,6.267594794807934,-12.80429713949236,-22.896264235194362,3.0
-2.1475155865303694,2.024518697487334,-7.033761047781178,-9.616884905999632,3.0
9.135794833825685,1.3887392703501567,-5.98798772581301,-31.19456928229002,3.0
6.51872276117075,3.6253205677211975,-3.7131475505461418,-24.02431334980426,3.0
-1.2882567582945903,12.174959732139108,-9.897043823596047,-27.464589316520595,3.0
12.994124538784925,16.386439512550105,-5.311243465945832,-17.517273242495918,3.0
13.620414069801308,13.678705431677912,-10.486148290554704,-46.46743874166249,3.0
10.997712369505749,7.4464680507849135,-7.005078966930027,-27.524281995883037,3.0
6.318977179627392,5.190873659880253,-3.235803558419721,-16.98532545363019,3.0
7.793609167066586,0.9293896504894388,0.8549291022253582,-14.28031851518458,3.0
15.00019118499598,4.3058054366456915,0.15947317023817376,-4.533362357564442,3.0
5.687764877424279,0.38508989789463044,-11.486885339038857,-26.509776030762932,3.0
-0.1343049045609459,7.732631173246119,2.0188242210834013,-22.58111738283042,3.0
10.653359290300479,18.53092704509261,-1.6011034745298076,-18.357820841358382,3.0
12.664089043174673,9.010989659788338,-6.784216634188377,-27.69717539854923,3.0
-1.2251669055253989,5.002666366134715,-5.671325959607456,-27.65150176293222,3.0
-10.690990237470064,15.085354644233249,-10.410883625173732,-29.78128960964436,3.0
-10.166534766605668,12.395638567814617,-19.020251808437663,-23.312231475744934,3.0
2.8102833098485904,13.080866791901714,-12.548294109956224,-10.41395068024219,3.0
-9.62960558089954,13.668074442045771,-13.09333664464475,-13.150746870547799,3.0
-3.958185026877155,9.756614325616649,-14.667145914759365,-20.497839212032897,3.0
-8.95026853776012,-5.542295051815604,-7.7952420034635335,-19.782378725374098,3.0
-3.836910565654806,-8.366054178443761,-3.328226961442379,-12.095327028724487,3.0
-6.0524514256246436,2.130976963313579,-6.289488285985854,-12.755288446281597,3.0
-4.129271091236353,22.927285465836093,-12.114048548836976,-15.575865849379458,3.0
-7.7547007674375585,25.74585562893393,-19.712159798445228,-17.485302039170982,3.0
-15.355889811363866,9.419189365882952,-10.357596487022548,-8.77200869498319,3.0
-22.99104801053368,22.522068296568378,-11.752994870204507,-10.111970380197352,3.0
-17.61460721518028,7.206297580969094,-9.9020460911863,0.026591083117160963,3.0
-19.69574786713649,7.338499608189782,-9.795918817369632,-0.30984364199527903,3.0
-10.272408331378848,7.920496387163995,-2.7146390589294613,12.232942629397819,3.0
-13.344335226161155,2.8617277183907834,0.3363711785316563,-5.693209856185227,3.0
-15.488726455218488,5.7269782257896615,-9.794510708487838,-7.3507725158415695,3.0
-10.790501585858873,14.523999166534963,-12.311417586987192,-9.682342950518867,3.0
-11.702008991995925,13.947400700401056,-12.478969667012011,-8.241510504101367,3.0
1.5622838152720542,26.348308842654703,-6.7487260181635875,-16.56443050696211,3.0
-2.823448954618968,10.880509227266904,4.3662365021164655,-8.32552878863786,3.0
-4.251758110204649,15.734671640270754,1.8243152175666788,-31.70884772682826,3.0
-9.328078568408264,9.052643853119118,-1.8201354862690935,-27.854963644832544,3.0
-5.768881397780399,4.064800605336941,-12.617904021053402,-14.63508303028208,3.0
-19.98532417179041,-0.42107562668937426,-16.422618682630983,-13.930931146101678,3.0
-20.40983792329802,4.195837717671367,-9.937047104458888,10.462202395296238,3.0
-19.576388494905736,9.278339466963045,-17.706611234584003,12.92232682265737,3.0
-20.354320081283696,11.865860802444388,-14.575061269443383,-14.45014423712389,3.0
-19.101900510654076,18.064979560407274,-2.308467988904827,-9.247166451695698,3.0
-12.195983815138362,18.501644080939045,12.243000731121825,-15.199798941545652,3.0
-9.049600409006203,10.083401030237185,9.518000904329442,-21.571379636265423,3.0
-16.619980376912494,-15.09140662999315,-6.963694928939464,-17.32185947361565,3.0
-7.612276386462156,-14.276112792501387,-14.59586463010083,-17.08780094776988,3.0
-8.317517978091995,-3.5161636680964157,-7.054101787871767,-8.003603683499904,3.0
-14.273752229279777,8.396838515952348,-6.305721502249242,-10.444559361422527,3.0
-11.944747598472587,-3.5720721063147103,-13.09506232843348,-14.794231227087417,3.0
-15.764268812725202,-7.651135742072199,3.9262357675498984,-18.567712642762427,3.0
-5.452694354859536,4.11597050069421,-5.731461919954931,-8.855251535556937,3.0
-4.773574258442867,15.0009958604311,-1.3247554054532964,-18.540307135071032,3.0
-1.8365677850004216,17.06879959948249,-1.3882767741026845,-22.66481015357485,3.0
-2.979925423028023,20.818396524814283,-13.724170895621725,-13.866224873657373,3.0
2.902160567910869,12.53210585234865,-16.189571995953298,-22.550452780988213,3.0
-15.521668438165822,19.65491682471889,-14.50050201770325,-23.712437157328075,3.0
-20.696446982671986,28.095975771779777,-14.554929834429878,-16.081534326419508,3.0
-12.232054499354437,17.58427880325945,-22.137990330832412,-9.570369010793394,3.0
0.17628426150496423,13.565242934633352,-11.704498547191175,-17.795983268299736,3.0
3.2152191911947163,19.72209812348149,-10.863024582481694,-20.816997220590537,3.0
3.9279558937779875,22.922020098992714,-4.970790567060172,-9.833973781349366,3.0
-15.620017727477608,22.428265608447113,-14.42097980439107,-7.977666706503484,3.0
-12.192517049336434,21.720067422729365,-4.273842390850682,-0.8530957201055109,3.0
-11.204789781615112,17.828033429111713,-0.5365374111419046,-3.097973045413184,3.0
-10.275156518012096,14.677986645732515,-13.944791699346604,-10.179598075541765,3.0
-19.545908307662096,15.844901177075648,-12.43739893815703,-3.2055384823181114,3.0
2.5160941257399276,11.476310581724148,-16.43660087544128,-12.401662420708716,3.0
-6.073808670107018,0.7534488007413254,-10.801801410390086,-5.443196666111803,3.0
-4.391584958449482,3.909534862590356,-5.022995229321611,-10.873090668475324,3.0
-16.72760565059846,10.20432765536263,-13.822559329021551,-7.536945675767773,3.0
-9.005420763598973,15.38804832878585,-9.03506390777273,-11.648762854000132,3.0
2.860122913796382,14.974248716854492,0.07353548649820318,-23.21862285854884,3.0
-6.3464364633407815,6.242889811798731,-2.885594840814836,-22.949684622387178,3.0
-10.386790967461957,7.67893627476438,-11.08937001299411,-13.332870411906654,3.0
-10.413113076704182,0.6228113116281548,1.3860791244149722,-2.9255934427999435,3.0
-19.382273408936243,5.614682010607341,-12.49759923667727,-10.975490096207627,3.0
-11.779463440480637,8.804836230694109,-2.858267136023544,-4.372081302175837,3.0
-28.137151367140955,11.842743250977268,-3.085941534773276,-20.638086721421175,3.0
-8.909742538533417,15.542558555434958,6.929828398654625,-16.28291716436806,3.0
-10.788474659999308,21.834705379037523,-8.790306740036444,-27.608786184350215,3.0
-17.493249234769362,14.604870354917713,-9.452351335800163,-25.673562745595603,3.0
-4.595054357379304,7.468317610751859,-2.269714172473187,-23.014606448255705,3.0
-21.82531451613221,13.513049493180363,-11.607298953059495,-32.012321504967254,3.0
-13.71650454793051,11.078570007109754,2.166529575335711,-24.278463003872393,3.0
-7.320832780794631,6.272494648442738,-1.138846225233883,-12.456396713622258,3.0
-0.9650830702277169,11.567155690729251,-4.550353187222914,-4.539147282050321,3.0
-4.187252135675984,28.047019745682576,-11.002665664675902,-27.24233061346687,3.0
-9.903048909984946,22.888431659323484,-13.52300475658624,-23.92442626449256,3.0
-6.195590775927645,31.54281730743881,-7.040564062982023,-17.07486943086598,3.0
-13.15741986679476,19.923201672996203,-8.820714459656383,-10.940307721004785,3.0
-2.3034516398274985,16.71505723119182,-4.279478161345683,-11.188791715536851,3.0
-10.169143800762573,7.720000707000526,-4.321458101356322,4.94197744867601,3.0
-8.613225094907364,-4.631483747141358,-11.327808248921837,11.578978896228119,3.0
-12.755024963597107,1.6306518723097012,-15.757973734880395,5.434255808710623,3.0
-10.789880255248693,8.02914477361892,-16.28944438204939,9.528657119490271,3.0
0.7644121768359611,23.96106604762301,-14.51823087486028,-11.409344793263273,3.0
-7.881401378741801,13.079141149716179,-11.5569424872876,-2.4579204883733006,3.0
-1.9238190473049812,9.999208784057844,-14.109735322635245,-6.513315735322202,3.0
3.6040945624569583,6.297424029977247,-8.686659003163657,-16.446201162301783,3.0
-7.2932397610527095,19.272862266269257,-14.177457175662735,-27.373432563660245,3.0
0.9937029224016154,16.149086484742465,-12.376540426968292,-26.620350005562422,3.0
-6.176503387059121,21.342858267794007,-9.026418450481678,-19.4719734579646,3.0
1.6663001245102063,22.554655212814612,0.35799753084945873,-33.973829485915815,3.0
-3.9856694013248144,27.855174213541694,-9.93742142123611,-5.925326127800151,3.0
0.5079696224575709,17.89321000141966,-9.884118250730355,-2.081914686384171,3.0
-10.404997141462793,21.23920458739407,-7.498302960698357,-3.887310493953147,3.0
-4.882419851132295,17.255146033024737,-10.94397510081818,-17.4160310746185,3.0
-20.362708395737087,0.9302956672604097,-10.088245033388045,2.808019444545984,3.0
-11.94565420042133,-9.343418629840123,-5.686543006871087,-21.21479502659163,3.0
-9.993270450442454,0.909594858226181,-0.3611966654331882,-9.750223473431774,3.0
-24.285224456569853,8.657942709942034,1.0705226705963558,-9.35228511051953,3.0
-4.933091497109759,18.784298627247296,9.990421055045083,-11.497810975356884,3.0
-11.764642906246525,26.75806087929756,7.023066881863411,-30.05993533065695,3.0
-0.20271772240036512,21.17032284321091,4.0333873866291965,-22.456807000564325,3.0
-14.623300296050598,13.319889535215164,5.462905534338898,-5.966905312353914,3.0
-9.236842579526567,22.24032642531784,3.9588680378269636,-5.295192576402338,3.0
-17.672587092186713,13.87086367094369,-4.332612622558486,-3.5088326828338143,3.0
-9.598035699414673,19.68093956309057,-11.730133743529985,3.4459892612505323,3.0
-7.684573274906455,11.021346842932902,-11.404132875356037,-4.895779363137926,3.0
-20.08980986738188,2.0190985781653,-10.300745330995776,-14.140643975212132,3.0
-21.939346213155567,8.072626685207613,-10.780882574291004,-19.359553791705768,3.0
-17.267685709198844,-0.26205987251972296,-4.031179129294775,-17.806280211273457,3.0
-20.45054049871748,9.46376892191752,2.4692922894632248,-41.33916812016135,3.0
-24.008178071200163,13.064524934575282,4.141432727203795,-19.52663554248416,3.0
-22.63431190662262,10.235542419394903,-7.669852900181841,-25.790579538634816,3.0
-13.67787735886111,13.797314905604955,-7.963463434165586,-14.554518796393992,3.0
-23.80114905435483,19.49509791925562,-4.711758928556531,-28.931439406083317,3.0
-8.114851611726621,17.090533861831837,-15.329346685971865,-27.053604526416592,3.0
-10.302449976679613,10.09965870822675,-7.654908005800297,-36.07700978418922,3.0
-3.8743211724800526,-2.3747093294640607,-8.851805316014344,-16.427284191934483,3.0
-7.365594774591354,8.548303794091742,-8.385420586341557,-24.61141956233027,3.0
-13.613202672162796,11.375402018352327,-8.15493707116492,-28.3439145665009,3.0
-12.858237969708423,9.134117088255524,-9.481956231111896,-20.6633787548664,3.0
-7.385781610139217,4.921259831003522,-4.4677022294489745,-12.885556715218542,3.0
-0.7005449035818918,3.463925708126588,1.57666005631939,5.122640247908295,3.0
-8.582005129195064,18.14752573417387,1.7837069810416981,-19.801148359218253,3.0
-5.868496207561454,16.3394079643506,-5.565440209066631,-6.230873209337315,3.0
-13.591250102838643,6.687017047531987,-5.513246962436781,-13.30717096072083,3.0
-22.616526500879477,16.88476425745875,5.710681751049909,-1.6269461565443128,3.0
-21.771359272083284,9.704531119434671,-2.193201911023848,-12.556217245679887,3.0
-22.46525475949113,2.379847494821613,-11.032712334032894,-19.33364487726383,3.0
-25.369984425311056,12.066949667694013,-13.461657030616841,-20.019962092509232,3.0
-19.900299133166904,16.040583497113,-6.69737848035471,-22.762183181978315,3.0
-12.463116687804419,10.689854125916689,-10.618608561827411,-1.744698806717098,3.0
-10.827807723957111,8.21712804569561,-1.6783973124811706,7.0652488553768595,3.0
-0.9452262202495518,10.13649598474943,-6.742940404472045,-11.604194459557347,3.0
3.922854619303461,4.638608404398947,-10.663059159457251,-23.629693200508104,3.0
-7.479004828444356,10.187395467507308,-4.062500285129768,-19.020996056881987,3.0
-7.1803084268237445,6.7966404940692104,-2.337026330845654,3.77688388821403,3.0
-9.160439142260143,18.168439131879506,-1.9447046600987563,3.1314413215782126,3.0
-4.621738060678936,30.893122911468087,-2.435254451406373,-28.242783936021915,3.0
-12.08741431690043,6.490787016679988,4.706203263122812,-21.944563298404027,3.0
-22.275142682910353,20.35690578358288,-3.887248914211183,-29.7797912159906,3.0
-17.70396664133746,20.23357589138741,-3.963601830831521,-22.858359447635205,3.0
-16.30992532235794,13.15952751308933,-16.843793727606347,-47.69777819361771,3.0
-11.862131344882986,15.018256360554222,-2.7003180975213077,-32.44365621177641,3.0
-17.555231698653,29.301393286247002,-3.781473305360306,-24.885748284012905,3.0
-17.63979471571637,4.380918745955341,-12.821719056772203,-47.33875637579353,3.0
-12.291186838580035,17.220854299538754,-6.646387147985445,-18.475105728525925,3.0
-8.440721794398177,3.783960276571796,-4.568711699758989,-4.5299347083704475,3.0
-1.581805075908111,6.207492288420599,-11.597492604141774,-5.70642054728542,3.0
-11.514510955246696,3.3775314773244194,-4.7111456999336445,-9.389729938509245,3.0
-20.32041644028815,4.638574149000037,1.3629691426821178,-34.431923162772804,3.0
-12.62850016877493,-4.546326486252346,-3.3305368027179147,-27.219522030441496,3.0
-11.701415340834396,10.76156819275247,2.4203550199036283,-29.48956301982245,3.0
-0.9524541877996233,10.726451830662954,-2.792349347810637,-16.25444212446914,3.0
-18.251602652721314,8.45564099714868,-4.901443289764989,-14.195901780053756,3.0
3.981520618880788,2.574340311708319,-2.434604244228644,-2.2442547664205517,3.0
2.20356846502464,-10.485176242607443,-4.394377965012174,-4.011808083267049,3.0
-5.964523901093404,-8.672393834585248,-7.49738209826964,-28.6587722228941,3.0
-4.684398072701525,0.6474926505839749,-6.9929791721090435,-16.61426789856366,3.0
-9.190902014551645,10.922758244090554,-10.517165175493147,-4.005458480926968,3.0
-13.939871519498315,5.670544815041165,-7.137585594595885,-4.069495438230543,3.0
-1.1806030711857893,15.823912327934035,-4.637928774769043,-19.448498734675866,3.0
-4.440274303751447,17.915066458041416,2.846254827390624,-21.78743550101003,3.0
-0.6218132905615619,19.372658799345288,0.30687174267015127,-34.11601472234079,3.0
-3.383790198957495,5.396468946830889,-1.4898715501956614,-32.93237418450984,3.0
-12.828539089446778,10.700727416108162,-10.270062591477032,-26.01533501272912,3.0
-11.197408553222399,18.928269013519685,1.8874453733865026,-19.998506364323248,3.0
-8.341851575528969,10.54521561030642,-2.54028386482409,-17.666450973299696,3.0
-8.4704685068934,23.919962209287576,-5.207820414158784,-21.912653181127542,3.0
-7.726109368914126,9.650857701294932,-1.7833365194455029,-9.054218870883817,3.0
2.8835847262408993,16.48414334210144,-2.453103690243924,-8.917798070298833,3.0
-2.61157873754986,12.170623468064894,0.34047738924207405,-4.74765734705566,3.0
-7.017583775179267,14.898590497864628,-1.2592210891227547,-26.393811901099042,3.0
-4.748969420153259,4.779576656004149,-7.398476442349913,-43.46637759767509,3.0
-7.707841699986559,-1.143617391284005,-4.987012462728336,-31.547436218635937,3.0
-12.540630360825869,9.798589230069355,-0.304772877986915,-28.80822853848566,3.0
-12.422704482427338,13.187699520573466,1.9386697056061455,-28.360240564933815,3.0
-5.655061189055529,14.011294612403393,0.7352080313129665,-23.84912003878453,3.0
-17.344797989358337,14.372074015560008,-4.2169693180433585,-31.085620446590887,3.0
-16.876181632196463,16.28091289188245,-11.526188038664076,-9.990909394462285,3.0
-18.034298200232154,28.490236055756434,-0.4298294224841026,-12.91922838605175,3.0
-11.449548009120168,8.65593007275189,-3.589028520710881,-10.715323377915295,3.0
-12.601946896076415,-0.7317911529758732,0.3454218883485023,-2.167674109559808,3.0
-12.800767481687785,-10.11805799134065,-12.736480514793515,-0.5740458497401484,3.0
-3.655217357885806,-1.6562642415696445,-10.66269924390463,-8.776576102760039,3.0
-2.1614068936617272,6.276316519352298,-13.676499296159438,-7.621387686560025,3.0
3.2059004468257655,2.2364307770492378,-5.189827947674728,-6.686473630137028,3.0
-12.654994337129999,-0.9524729999714605,-18.583948076390836,-18.116208694786728,3.0
-5.696607873118593,5.664859138084082,-16.783615908305183,-9.655407610034258,3.0
-16.551366189496278,8.674207281773075,-15.487076894813942,-17.25385104666895,3.0
-8.635527390851204,4.72372608156301,-21.647723222072706,-23.883743440985413,3.0
-8.991205112232176,3.9775503441629887,-18.562635713346022,-2.484844081507976,3.0
-3.166237873339201,31.01283112885415,-8.62033533705236,-19.316505713382814,3.0
-8.076519415991147,26.515727969390745,2.5808127267359753,-19.535719464215436,3.0
-7.0090300138077986,14.668463187132714,-2.9496333850003795,-30.401564056790658,3.0
-15.287607430104446,11.307875692589448,-0.49157710862555426,-22.401472717976084,3.0
-8.141955839322568,11.999997941921023,-13.342873353914044,-30.95002072703219,3.0
-2.691329340040012,8.901541680812173,-9.297123682532042,-17.649072736766566,3.0
-2.418613762342706,14.30105519293015,-1.1817608209936434,-20.070090084597833,3.0
-2.119429997270844,11.58333474450932,3.6805914503568116,-36.99495196871105,3.0
4.525877470686917,16.151228221350856,-11.745523178748991,-13.023872657471083,3.0
-7.974541131022546,22.544251191473176,-10.197305063892017,-11.029494192323241,3.0
-15.939515106882318,4.694280873580519,-8.487391216159281,-11.820859803803486,3.0
-13.31460333845985,10.102509185870177,-15.883903633555901,-21.0216790079489,3.0
-26.237278606452367,4.941641422662663,-4.586718237307695,-13.045102420855848,3.0
-20.813260500775986,18.12765256649099,-12.469059319778777,-1.9943286171358743,3.0
-17.160815222874295,20.57651007312876,-10.644050411997663,-15.042972151259647,3.0
-17.606674661179866,27.23346167174501,-10.568469068689796,-17.053399037898284,3.0
-5.224415805152691,17.616174883158813,-6.839013021453761,-28.45548765441943,3.0
-10.859797537247868,13.008624285884546,-0.3951494307033121,-39.15830308954793,3.0
-13.261366599246777,12.524670745696412,-4.012039783245876,-16.880710993040722,3.0
-7.085981548558019,11.053245547868265,-7.478394396344923,-22.980206080265408,3.0
-4.662360069548961,18.67726993871596,1.9048055538304576,-42.09435903153567,3.0
-3.0934866361274773,19.34552984740522,3.5404093272749115,-22.316760001718542,3.0
-8.309660149148396,25.82283696926093,-3.2050833385963546,1.6933819976564974,3.0
-0.9447232232390466,8.291959041795787,-16.231589385218673,-21.558353874909656,3.0
-6.341156402145993,9.018669440415705,-20.878847971217915,-29.207976346040244,3.0
-23.492586025554022,18.32151140632798,-15.139673880408193,-24.019543407762516,3.0
-24.656906610496883,18.12920518965263,-9.053558998148254,-17.696080730470065,3.0
-7.899242199090615,19.75848225921507,-2.133817605814198,-5.639095656892487,3.0
-12.26599002465322,8.928888343825227,2.5456693861178223,2.6738632829950166,3.0
-19.220051478925505,21.471719018544103,-1.0106758030941982,-10.719066377862706,3.0
-10.507938011622269,22.591352927751092,1.8339718806584653,-5.6438614956264725,3.0
-9.35992814186445,27.409236381812732,3.3577139958114945,1.7131139276020306,3.0
-14.505810119063074,17.540846860285395,-9.323737079813446,-6.964712849752345,3.0
-13.865864273287542,11.177029545920151,-18.003219421458713,-2.563140429261069,3.0
-18.52163318837892,5.524740903258942,-11.555586934144557,4.9335614000738275,3.0
-1.1408054563762322,9.577937234578226,-12.665525113782353,3.708946158760442,3.0
-6.3401981892172525,19.60443283019932,-13.6201302812075,-6.783419948104535,3.0
3.949250635054682,12.475015792682015,-21.331306431274363,-1.5000518981339184,3.0
-6.372796696600799,6.494694705997537,-20.992105085727673,17.801088977005396,3.0
-2.007013002551684,3.4293154468804756,-11.927488022877643,0.16169582723738962,3.0
-5.669040571898067,11.90524121210034,-8.49029289517173,-3.521261042431146,3.0
-18.67890320807612,9.23806945586034,-0.9169078265291937,-29.666584144960456,3.0
-27.678113481754664,5.69100485776386,0.5607079293286521,-19.02449256340755,3.0
-16.032394925408987,17.79826819747224,4.738650228082847,-9.718328232781799,3.0
-7.971290850825525,15.429842124078547,-0.37617079710146184,-8.498361075601814,3.0
-10.17547767788296,16.473462152382538,-3.0043127417324427,-10.806704635461978,3.0
-16.20525758032923,23.25956591967375,-5.713467780492491,-15.712724956663154,3.0
-14.102868092120403,12.855423330217036,0.11739449624863996,-15.644171508037022,3.0
-16.97412575655085,23.20003645375484,-2.1700239297850397,-25.435794654724475,3.0
-12.199785355552649,16.293015487010535,-7.171987391800579,-4.415880536578273,3.0
5.028356888449029,20.607060098250454,3.1898381177100505,-15.135852640470397,3.0
-1.332782892289579,8.455034494686348,5.96484010870226,-13.181751850727961,3.0
-4.661737104705286,-1.0303792219267258,-5.022477166305479,0.04672287371940431,3.0
-14.922103624238106,9.763001391224606,-7.208725660394246,-7.2091470937238995,3.0
0.11287462220091626,17.97232425949116,-2.250811731374837,0.6000893173606334,3.0
1.4635357702226663,13.78512123726686,9.173336995242696,-23.86764975255172,3.0
-3.8862814423516383,7.801882242361183,9.774282984714858,-16.45125218002884,3.0
-9.830825688381093,24.145715508464914,-5.32914904943143,-35.561359221584695,3.0
-24.84152256648715,21.570023780854402,-14.577572509223055,-35.07232319632498,3.0
-23.279037415237205,26.58257266103619,1.1202492201754346,-21.205477807652176,3.0
-32.3783650754998,4.7101090683637326,7.1155051880462,-15.04602917598779,3.0
-20.60487061656061,5.981406553583974,-0.48232104042288704,-14.375974270441723,3.0
-7.159616836095957,0.9166224723647423,-5.891572303219421,-25.931610929036964,3.0
-1.7227157013814898,6.235089561822246,-13.718061669321308,0.8202584832515019,3.0
4.82434505342286,-20.632228487974686,-5.0416009726085225,-16.00719384345274,2.0
4.300297028635685,8.678382694058156,-7.362216421714523,-16.173204443199367,2.0
8.698353588834191,-0.8956891831473319,-14.731792717850105,-15.613480009207487,2.0
2.344033361789603,-16.14959339958141,-11.421888601117645,-15.744272851563917,2.0
3.4663877827420975,-2.3556434374591397,-9.759534708570229,-15.941829396177939,2.0
-1.9408109807997216,6.094660367034887,-11.197790357723667,-17.183550464356298,2.0
-9.93847185625724,-18.69436743161574,-28.988821620560273,-17.754228766067122,2.0
-7.534643017380233,5.6638867517028615,-16.21287883254374,-16.76068800917721,2.0
-9.279902784169106,0.49060302209889617,-11.505028901693404,-15.598956843003736,2.0
-8.057945837622977,-10.84523592052916,-5.516059458725663,-15.142231034394104,2.0
-4.371381190755507,-7.290602065048042,-14.105314945610386,-15.617340031155226,2.0
-5.100287998431741,-4.712998600614139,-11.049709147661687,-15.726459997239093,2.0
-7.292633345922344,-4.61165341328125,-1.5620286412580562,-16.5766417589761,2.0
-6.031066666159672,-18.416243541385757,-8.042700028524255,-16.02924082498353,2.0
-13.973767012385201,-5.486579693133546,-17.38389156964056,-16.83622193892575,2.0
-6.050083093592806,5.028321002026962,-13.991561254737768,-15.483872976712082,2.0
-5.186329021534658,0.422569859614482,-17.9769180472602,-18.570431728762404,2.0
-12.690648370185558,8.510549733021548,-31.78962513320604,-16.955094846040314,2.0
-12.476682113716391,10.597801555241684,-18.822533077057216,-16.572221164547074,2.0
-5.930168761265435,2.832014869315368,-26.194340495921175,-17.040633330339695,2.0
-5.431034710440814,3.530917858446024,-0.24470111921786764,-15.921310984889637,2.0
5.6010159611944985,2.1279256365269417,0.2440099648124474,-16.22257288375455,2.0
4.269150937825778,-4.437493468138944,-1.5371687374616831,-15.375591566487666,2.0
7.4685275197141525,0.40342360347844153,-9.901362544073333,-16.669787348669303,2.0
10.647791682635269,-0.5696215844370167,-8.642831005512384,-16.77444019999642,2.0
4.03051060976378,1.7688010397101115,-9.551910862184549,-16.942547744925225,2.0
-2.5578607668638744,-5.724588371725485,-7.455688215029713,-18.3540243906754,2.0
-2.3988951505812457,-12.049154776770843,-5.262524265317158,-18.167942691184418,2.0
-3.344314813462872,3.0713890169247122,0.8457622027278875,-19.502180376167416,2.0
-5.653906935821375,-11.354378127085994,-2.9121920099964704,-17.113639783496406,2.0
-13.250576655843052,-10.179544610167373,-7.204772077205485,-16.86482571948252,2.0
-12.111986134377004,-19.999987449404994,1.917540877166906,-15.950270094677427,2.0
-5.415118289170213,-29.388549522741954,4.589921148446452,-17.391991150629938,2.0
-9.541295529521745,-27.930359399121972,-7.508975286015775,-17.411496083041722,2.0
-0.4555699368768895,-24.80640589144363,-4.89925346938655,-16.634055711823418,2.0
-1.7253553751597561,-19.674751734216905,-6.521726406610394,-16.642530387953812,2.0
-4.338511494422333,-24.665784317800288,-24.287326634382953,-15.292766377495163,2.0
-7.721750029785099,-16.015683185086377,-15.117020844465582,-16.46441871923272,2.0
-4.711832155455415,-20.888387417037915,-21.315758148542763,-16.315038727813246,2.0
-3.576420082817485,-6.447310795364038,-0.08394187454722735,-16.87392402890336,2.0
-4.766302150545652,-28.236112753629342,0.08954253233172249,-16.029145808859976,2.0
-7.12583521539846,-20.285136261011036,-1.3194584758089558,-14.277513997937163,2.0
-1.816960723627683,-16.435921692295512,-7.331360957500465,-16.7784309236514,2.0
1.0616910796224746,-17.216922751075902,-11.614879468422746,-17.906089258416653,2.0
0.19733175065489528,-4.548563821410722,-24.461451499074496,-17.527242509418187,2.0
-0.12789640849840467,5.547809999534401,-8.555875626695478,-18.095461922200673,2.0
-4.47362019129292,0.9575286626516046,0.798535434829462,-17.75717687817053,2.0
-5.186373237894788,-6.642016552680442,18.504902860759884,-17.723946043962094,2.0
-8.129062978116384,-15.397039103273077,-0.6522533897356924,-18.876107239684536,2.0
-8.831532157077849,-7.62412826551552,-2.3300422875621827,-17.71618332764561,2.0
-10.154914205944467,-18.66245155756331,11.227638352975385,-17.56204514729705,2.0
-9.221335199290888,-8.36548380078388,2.9776985699929277,-16.028808011631956,2.0
-5.786941770247439,6.77938365584423,-9.38682498996705,-15.273219708155382,2.0
-0.7090074690092032,7.321925007640743,9.548027096780181,-15.968145134729076,2.0
2.308307513644679,-5.3371490430510855,-8.983235337196561,-17.613425585645835,2.0
4.48761309894107,-17.86174965618237,8.839327289871578,-16.737837084348676,2.0
1.4867403476011756,-2.9080075320402488,-21.62087931957106,-17.52319174952891,2.0
-0.6085685617323953,-1.9138093952297162,-21.649303252558703,-17.445549159754446,2.0
-1.2349729752750034,4.706343925409836,-16.522309827861584,-17.536502677601913,2.0
-1.9479318686669789,6.011142817531061,-12.429535759023517,-16.102875976051195,2.0
-9.386773138479835,0.1690740740480372,-13.823517885865359,-17.65326964949545,2.0
-7.801860543382408,6.491308923796768,-12.871056415100217,-15.384790312617802,2.0
0.6683986139329425,-17.38811746855057,-11.35037095035344,-17.588353312674535,2.0
3.8072924320071255,-15.556709078251478,4.3953158965473635,-16.68829740092596,2.0
-1.2114655881002863,-30.503422680740243,-29.688528512938476,-18.077969621620287,2.0
-9.648064410516648,-32.35826992996506,-10.040606637525087,-16.70268835830785,2.0
-10.223475254747592,-26.059536623400952,-15.322438417195606,-12.58164423201663,2.0
-10.926484295281675,-20.725778120355137,-17.829446034937583,-13.391468078870114,2.0
-11.624007965225573,-25.115756814340887,-8.17055838939929,-14.035039408816516,2.0
-10.637032058703259,-22.299146664754808,-26.671875530693335,-14.26289783806569,2.0
-9.472504418232045,-1.5266170634428091,-37.6014534524406,-14.327681914760824,2.0
-11.621172032810408,-8.969167115686362,-35.669067656685066,-16.247721235177018,2.0
-12.843973813478517,-7.994034526451205,-19.288285111204765,-17.221116268044455,2.0
-6.342630274939277,2.5208889291962837,4.409218943577427,-17.743117714944063,2.0
-2.2189082998185223,3.273137204491233,-18.529599568345816,-18.107295879585642,2.0
-1.81840151680293,-5.101754158791554,-17.803579220765656,-17.30945309588432,2.0
-13.415176262029773,-5.508035114407064,-15.008968065583227,-17.731159589096848,2.0
-6.34224635509888,-4.700917535949618,-16.7528087905805,-17.042624370811627,2.0
-6.240938267045108,7.667034730209242,-29.277325795037676,-17.70783977245115,2.0
-1.423735529383918,1.7025289945519813,-15.697011327116902,-17.929795256966734,2.0
2.020156003545146,-5.169825893622279,-18.919207240215766,-16.999996284760226,2.0
-1.2634030969521926,-5.00849516824146,7.555633058850702,-17.163655443708254,2.0
4.547040380194016,-2.5713608132556267,14.422218495699479,-18.74250894761505,2.0
0.648136432358358,-16.851881753161706,3.767506643683449,-16.457553845945263,2.0
-1.518823691526782,-25.685175495609563,14.753041357159299,-16.977424203711855,2.0
-8.89391750247438,-13.627906447476736,-1.1394327013141714,-19.418461279922553,2.0
-6.354437107742344,-9.180194762815415,1.4974827337211334,-19.04290177013028,2.0
-6.060980659141476,-6.6796915760861655,-8.866382941198832,-18.028080200883164,2.0
-5.259276016269952,-0.6805693355770615,-42.70739797720867,-15.967461566510565,2.0
-8.787170307907552,-3.682757438474832,-16.845911450949757,-13.383580582201082,2.0
-15.536171209694315,1.1723877721193414,-7.42086448251926,-13.04304027596681,2.0
-13.719293829521515,-5.3921388837516435,-12.817413476903894,-14.204508354987045,2.0
-6.2049600273796885,7.630044960969915,-19.022843890605174,-15.252375205328029,2.0
-16.67494034944033,-4.795718693240794,7.680669982012837,-14.151614891454127,2.0
-12.296476511395475,-12.27671360874905,3.9118830971398237,-14.47559829804549,2.0
-3.0731109204920464,-3.583508174503499,2.5689690362025197,-16.514714599010187,2.0
-1.176914861872924,0.28723578326323373,0.7481142553191924,-16.135155473691125,2.0
-8.314126182770156,-6.770340504119515,2.5287848392123737,-16.89891931318501,2.0
-7.434309947733863,-15.555755888924093,-7.516662002461969,-17.601381623268608,2.0
-12.235424772607244,-16.293682308723238,1.1218378522830426,-15.884479548771925,2.0
3.168990380286238,-15.416269605260101,-16.097056951733865,-17.492404624363633,2.0
3.0632410688059313,-6.378348373078493,-16.90268367741791,-16.671499548841023,2.0
0.04337655147574804,-10.80706312629517,-16.67510858533748,-20.354328669144007,2.0
-2.9695744783592524,-8.558983423873377,-19.003995326303766,-20.39572867229663,2.0
-4.761324643404889,-11.304069137408682,-3.080084385808844,-19.343829290692973,2.0
-9.37933221585394,-10.200268503295355,-14.726037644851004,-17.930937179648634,2.0
-9.823966861851261,-6.002410178947997,-15.945898553702795,-15.93058087590537,2.0
-4.100331284953471,3.2547128653551187,4.05499877593025,-15.916291080534515,2.0
-3.4171641068235354,-25.95427283013271,-5.691643313646391,-16.71803387917714,2.0
-9.13662350940284,-31.78515997457654,-10.591091783722339,-17.737079692717153,2.0
-4.851628384829891,-22.548392792494496,-2.8574022166603354,-17.74658909234538,2.0
-0.1496689651675256,-25.72047993335847,-13.072709202870513,-16.03544054846994,2.0
4.842126184502647,-15.216119034690342,6.135876234632512,-17.852161770502317,2.0
3.448447405484606,-7.972875667024344,-4.491527541871287,-17.40918879775459,2.0
5.287330461012027,-4.805849521259976,-7.776546663303485,-19.574706717266274,2.0
2.3797488275835086,-20.02860910230645,4.848796109939826,-16.136766002960833,2.0
-3.9258549304363815,-14.102332148823939,5.439734237416829,-17.101129535483132,2.0
-4.188858605909438,3.8725181752176674,6.822412488177474,-18.116717781539222,2.0
0.8841581589224459,10.541498110126867,-3.8091910819945567,-17.221318204869075,2.0
6.263045645745205,8.511785529063356,-1.9362428926674184,-15.234507862795844,2.0
-0.30512181427578966,5.335607420421392,8.363140665816603,-15.810154550649417,2.0
-3.6916350635865927,-25.709545126583023,10.263149999531738,-16.888126896214217,2.0
-0.30687577178646386,-6.539178528290883,-4.958633292715917,-17.253425732247642,2.0
3.123062047505556,-10.498556767349708,-12.747608509338981,-17.90818735266695,2.0
-6.3483719577913025,-22.825797735188296,2.725957821653144,-17.320234922053565,2.0
-1.9979490658862664,-21.589689302124054,-0.6728748020580211,-17.441691806273628,2.0
-7.13507673815892,-17.29202599820116,-11.968797663706678,-16.312641323414493,2.0
-9.641696398898109,-11.786593661442051,-1.8910547544577234,-16.865728083604044,2.0
-6.547170004987143,-15.43971271793993,-16.3741262545952,-16.95170458620429,2.0
-6.88483504263113,-8.417136183634586,-17.799952021755008,-15.070278670161894,2.0
-7.047140815159033,-18.169084021927382,16.63222296516916,-14.983588596365072,2.0
-7.5604114483342055,-24.285365246629087,5.322933389699008,-14.88474366162668,2.0
-2.5072198404243213,-5.91671240315403,-9.223307549684812,-15.099932967443507,2.0
-1.560184444319575,-13.163802444290404,-17.419600898730828,-16.55537641995912,2.0
-6.166264901632291,-9.60846222392297,-14.93109641952321,-15.896951877239028,2.0
-5.281147587634214,10.484748265269852,1.9814071937520774,-16.583396042096012,2.0
-12.011526409746184,-0.4316796407886905,0.6036552068279555,-17.667109831389443,2.0
-5.026989567345706,-23.64446675598531,-15.801817340994125,-17.324112668396943,2.0
-6.323500341472259,-18.03290994664874,-5.657023389803171,-17.438489807662126,2.0
-12.552973927047207,-33.27138745563988,-10.418231797069017,-17.223943079992555,2.0
-2.6678269669884065,-25.525520710638038,-7.649911271119832,-16.799017548347578,2.0
7.57290082047431,-22.254535450457155,-27.7244348175219,-17.102771538553732,2.0
3.348745092556302,-11.664092818368525,-7.238990680697563,-17.771794182287934,2.0
-1.9875246735457097,-4.731448535261156,-12.651335543170516,-16.36386420683267,2.0
-4.342774413685005,-4.993938056612404,-6.802912381020115,-17.616657106516303,2.0
-5.967723719090356,-7.503918280577783,-10.1575086097651,-16.374157896348958,2.0
-4.46470107015271,-7.436996165406815,-12.083179789123562,-16.80339976012761,2.0
-0.0028984674969869673,-26.42044802704909,-15.226302430706758,-17.60277655958147,2.0
0.5684121050134174,-13.97931258818526,-26.64922796616152,-19.019473172823545,2.0
2.021367434520642,-16.558305492622637,-11.454366299337053,-19.351095971913765,2.0
-2.0008754045631765,-26.015487385187622,-17.144297288758043,-18.04779031866366,2.0
4.300420687227027,-17.667313043243553,-18.544443503379664,-18.653723026328375,2.0
5.248609515803555,-32.64357667254743,-26.74560890346634,-17.52305789517322,2.0
-3.690612606327865,-14.79851788197318,-17.390812220096777,-19.002785533338237,2.0
1.0236061798707894,-6.565709108508015,-19.1695744124831,-18.223921079070937,2.0
-11.40746877641081,-10.930638409497998,-14.308339324999444,-17.2951986519538,2.0
-4.589631155616814,-4.5749374991598515,-9.531716865332625,-17.371439170794996,2.0
-2.3575698474413915,0.7078051525590672,-3.5365684897897762,-15.748822122420982,2.0
-6.615970561804302,5.85987707412654,-23.65341930620349,-17.26045095116427,2.0
-13.190762203073266,-14.890555483844562,-11.07293723316388,-17.285725560322852,2.0
-8.166091014463943,-23.653175636838014,-3.8036234415488277,-17.778648534335883,2.0
-2.256871002224984,-26.035110061265236,-2.2110522673938675,-19.610791049404824,2.0
9.270406245900014,-17.622602790326724,11.593992333834608,-19.187095590578423,2.0
6.586013096363784,4.5925844272109835,29.390234620981484,-18.135915927937955,2.0
-4.67772184733538,-2.772707084818556,9.423811296701519,-17.970808197329674,2.0
5.3278895653008025,4.1156692115521665,8.403718123648424,-17.511469597613118,2.0
-1.7705956149506497,-25.649887757691474,-1.5940342300167423,-15.993308342507657,2.0
3.329980355454782,-7.344888075923109,-3.2450906321169626,-16.798288588989557,2.0
2.677070725176012,-12.543437415818891,-9.102107482031602,-17.35230634413804,2.0
-7.123803198371413,4.313379945329206,-22.10686368549588,-17.579906960947362,2.0
-17.57106902096649,9.580378452451262,-15.835897754724728,-17.931025996890316,2.0
-13.021860113106136,-0.7046332059698983,-1.3215363117201377,-18.433996519969693,2.0
-12.363448606031405,-9.140906255975828,8.125998047820502,-16.603990391045727,2.0
-0.10697767901559363,-0.2194103699765506,-13.527549545169512,-16.992387624108712,2.0
-8.631798442047673,-7.6388349988468365,-9.779322981944429,-16.99412529005463,2.0
-2.078156874155653,-6.89753152029009,-2.4854213426343055,-17.04498458436596,2.0
-5.359360728051941,5.624108151833005,4.188265107453418,-17.899734823924998,2.0
-6.8265664918661715,1.2897804917717117,-0.6124469209358807,-16.624075270146488,2.0
-1.9714804875263163,-13.24707122683289,-6.87247636597709,-17.154057230001563,2.0
1.578204577804156,-17.296038489397333,12.740843840968775,-16.96152861784741,2.0
-8.237822368173795,6.002747146683635,8.955095000861792,-18.44992638666494,2.0
-10.364677987465576,8.312550859566066,-12.048543474877839,-18.683662824217777,2.0
-17.925785338050957,3.1715824680169797,-13.832658956196758,-17.122524445107516,2.0
-12.474512220862897,-4.926031306774081,-26.63952743156537,-17.11928988232783,2.0
-0.8968220662430211,-21.193182619500774,-11.890149777001081,-17.154459408309854,2.0
7.52469869342194,-17.944653629057257,-9.73801409053292,-16.882667255714125,2.0
8.054790105249028,1.3760792357684046,-7.409901588254633,-17.50066464987731,2.0
13.142929622877457,-15.982425011306324,-3.554853391492493,-17.568744131097006,2.0
10.271255057738045,-15.463189030552458,-2.436908741860071,-18.152029472241225,2.0
10.751343947987191,-21.810553733423234,-5.825335405923921,-18.07747729146946,2.0
10.437924821871716,-20.529536578209544,5.477414310774676,-20.048392791576653,2.0
11.113586885317602,-3.9598129192565326,10.039113602460715,-21.292152572034617,2.0
14.028625326902924,-3.103522703753507,-15.87593142056251,-20.73026644814722,2.0
12.154050876490391,-2.974473926372596,-3.3507932273608194,-20.302742914614196,2.0
7.185256956666023,-0.2166493821241282,-0.48969948622819715,-19.997229709935894,2.0
14.71648718434181,-1.9013957998135185,-20.631380668025677,-20.896543889508077,2.0
8.641550814343319,-14.283092090541007,-24.67867412982785,-19.836873014093154,2.0
10.160468958576548,-20.433606009067326,-30.453599167459586,-18.23970448632686,2.0
10.143460727708707,-26.601676406206806,-21.071757205591304,-17.163074643977968,2.0
18.576274010736434,-17.805378509513563,-10.518499320020878,-17.413139580957022,2.0
26.99542115979822,-24.20379974238328,1.208662303283882,-19.378600152713467,2.0
20.814495010772426,-15.308356360680472,-7.8600514092375615,-19.187034757103824,2.0
19.624383674995237,-11.692702051677951,-10.606005442642568,-18.758180357253842,2.0
17.01979679635093,11.0315857015046,-22.416276085672518,-19.482949494737234,2.0
12.294438771588235,-7.148374005571038,-3.8324802934865634,-19.78109932711655,2.0
15.403768926718143,-14.84609411562683,-22.006687021153912,-20.770315184198225,2.0
12.377383125213317,6.29930516413303,-11.88217785982152,-18.886632770325857,2.0
18.273034462366738,-7.249067559267722,-21.7424487017079,-17.777189524859242,2.0
6.882761524833217,-13.33408004420491,-30.86871784381271,-17.531410234434887,2.0
2.026367385412094,-17.987266946095193,-9.376707175885162,-18.14260068608793,2.0
-5.4445967187064905,-23.18179555508873,-12.486507279396927,-18.228768430778544,2.0
12.059463288490464,-32.796682909731565,-33.069725726071034,-18.247134684357963,2.0
12.790451492464133,-21.17045779795795,-19.00038422846267,-18.288069701721952,2.0
18.10516724795589,-30.07408088194941,-21.963406716148757,-18.390567764908212,2.0
17.664189428894808,-24.976599843244337,-26.75240170078681,-19.600950292502308,2.0
8.598707264426672,-13.2921218036697,-25.499148249513098,-19.820295475283658,2.0
9.116056920753621,-16.908855339593636,-14.781858897775287,-17.35482025348646,2.0
6.743142104523836,-22.279073021844333,-23.05365218618691,-19.04512768489341,2.0
8.944781847350047,-24.749001885993682,-11.716710972601813,-19.768613040854724,2.0
3.875355176908463,-27.74730289915989,-37.94842947717537,-18.621215783719844,2.0
12.1816734556902,-23.65569034511835,-33.86673316927566,-17.529583893516346,2.0
5.683107297198562,-24.95593240318264,-16.65940723886704,-18.880635292135246,2.0
6.499833730343668,-20.537072648006564,-8.719589625938594,-18.45756981686889,2.0
12.24111703617423,-12.8658630997856,-6.063102091578421,-20.730552561289354,2.0
9.827869271316056,-10.624548267153623,7.350220250668269,-19.413202760754967,2.0
14.070917440656084,-12.190733824322681,3.7198581814285205,-19.703698953541863,2.0
15.386487275583884,-7.837325087988068,-11.066604894163296,-18.652551504768937,2.0
11.289406676940496,-2.842590688635232,-13.639775401575912,-17.178906050862683,2.0
10.134104142505485,2.179354879761922,-8.654403411781534,-17.805665539166263,2.0
11.916423443836477,-19.253169643913896,-15.684748162232474,-17.295200817210265,2.0
17.97987607089112,-10.110586836556427,-18.389618720610457,-18.228861299209623,2.0
7.3268888982786375,8.890896982817626,-18.312322443838774,-18.349784839251434,2.0
6.466074749131948,0.04565485943119452,-7.159069894785535,-19.412494477296395,2.0
5.03975651508755,-4.219273421457084,-3.816034973077092,-20.920351088251895,2.0
9.664063458032032,7.912551395714719,14.959935704848604,-19.00721404913527,2.0
13.101081407546546,11.033750284690827,-0.7130898193792801,-21.378022140309362,2.0
11.393186167408508,-1.4251794181658042,0.5999265448615763,-21.17676152579727,2.0
12.394731304312595,-33.7631215065262,4.531334021125832,-20.37548083707444,2.0
6.764202112367388,-20.631149003699978,-12.515831552267462,-20.375140791567297,2.0
8.843522460155068,-17.304775332724414,11.198622226448627,-20.926465527539822,2.0
4.349666595649074,-26.30237062200429,3.332610221593555,-18.728396429552813,2.0
7.829859325136368,-19.478836633367344,2.280789113878844,-18.68138284614415,2.0
15.983222624162822,-3.2466871617160358,5.035383178626187,-20.156504250957184,2.0
14.401702154524843,-2.214205032574448,14.999840520948025,-20.53850302486851,2.0
14.591028635041413,4.943779562520467,4.143600394977845,-19.672235690837127,2.0
11.786882994653332,4.698817542339249,-13.78780964556136,-17.476896121802792,2.0
6.066041952142273,-11.88079976462847,-20.739470912392314,-18.397592075854664,2.0
4.096210941564527,-14.643129028366788,-3.6174456964928723,-17.000414615060123,2.0
3.6658902871449754,-13.873217787089576,-4.902565289134948,-18.805574850038987,2.0
6.415368795447967,-9.064770281968656,-7.8232674632611445,-19.91528715950336,2.0
5.8061027965203715,0.8943977704471462,-25.95598372306476,-19.533085917087497,2.0
5.446651932281735,-5.716986066625637,-15.569673657122769,-20.936578916282457,2.0
11.206854139080509,-11.591049695962763,-0.4866477851978086,-20.517772717350553,2.0
8.333449378977823,-13.784729500853736,8.402506956475007,-21.42505568532478,2.0
9.384829538133598,-11.76194924655048,-1.2519293340029645,-19.09261131283731,2.0
12.921872504829441,-10.71438568462531,-22.05843777682651,-19.94013784334458,2.0
8.331672283647823,-1.1424977407482864,-1.7382434877027055,-20.032854055161657,2.0
6.011094666109952,-5.194496288305326,-0.7810759229487303,-18.2678104959289,2.0
8.286455283743582,2.935316342617948,-15.626091213685974,-16.34577412054615,2.0
6.7117332223877035,-18.6927873639274,-19.892836372312892,-16.96324155919377,2.0
8.647049935258034,-13.877971619319972,-22.463755373549013,-17.58477961110057,2.0
13.514353881095618,-18.151378597796274,-7.835656190698687,-18.320605706840457,2.0
14.833577817493833,-2.7975049088473307,-8.142568901181953,-18.60651482762355,2.0
9.540897046469869,-0.08620009346488966,-11.322722875417183,-16.43968866081089,2.0
10.000151555805534,2.926960170807779,-6.1850581373425655,-17.808727908303588,2.0
8.827201842137649,10.193751713736367,-18.367053434163477,-17.065342606590857,2.0
13.834655244088484,19.72532168923473,-1.4685057349797361,-16.313772870965373,2.0
14.07207683876522,1.0501873015303982,-14.95057703367446,-17.447772975162287,2.0
6.43596071031728,-22.1612998563662,2.558754316608928,-17.746729188523762,2.0
5.39183748747603,-29.587998165954485,-3.633828906273497,-17.88932996769894,2.0
7.066189568211657,-2.1366552236989627,-18.664374808779883,-18.218578007327054,2.0
10.248996355806892,-24.32581465055828,-21.947812681146992,-19.110907370017067,2.0
9.25073640369619,-27.555774098918512,-29.276119198527688,-18.261025406717934,2.0
9.025230511442102,-26.360841410564316,-23.68825128100648,-15.90773122021573,2.0
10.952049783989146,4.636613997519282,-16.029426353970617,-17.1716713253469,2.0
6.239853010516272,-6.057039495825543,-16.89941042629426,-18.423194418159113,2.0
4.032456302983441,-26.973595892761175,-37.36575327923245,-19.51009258500708,2.0
3.6363535475771602,-18.41639948754094,-24.40255089325914,-18.74102649807984,2.0
4.135564928285237,-20.034300725914555,-29.370347373716974,-17.99866352026793,2.0
5.968571775544394,-17.68549829416046,-17.927363880935786,-18.629621678511985,2.0
2.737296474166583,-18.73472154186348,-8.432168876888394,-17.987725187395217,2.0
10.192461154624471,-21.592427823419957,-5.88079156256573,-19.109704467956774,2.0
4.443506190811349,-40.085456232529765,6.062515088805823,-19.587240292972897,2.0
5.946985840512763,-19.66503474244129,-3.722930828435528,-21.858830170408964,2.0
13.761113346396012,-8.969940370071463,-4.708516439770321,-22.717906447684214,2.0
14.21071351013618,-23.126829735044588,0.3310138338650832,-21.469127362398403,2.0
11.788811837665852,-25.391531210539846,-4.566720213878518,-20.862975830504944,2.0
6.857857489911198,-3.4718444905485084,-7.271354516775439,-18.933380679744275,2.0
10.413084662310496,-10.390221024886014,2.853552200392593,-18.684580759291,2.0
7.80235630290589,-19.27853203146259,0.08973292685146017,-20.84023576838267,2.0
10.566623021133326,-25.22814616036593,9.627824399217427,-21.022098459300715,2.0
12.645157875678372,-15.171715856132321,5.537479248322143,-19.39239235892442,2.0
5.986705946126255,-11.223830120215032,-9.581184084960666,-20.258216750037978,2.0
12.967100871714676,-1.5535018434854617,-3.689688530144351,-19.740104138683982,2.0
13.837217816733192,-7.002091901930742,-0.900964662326226,-21.827597326356475,2.0
9.719080518119789,-23.89238844976871,3.03182057035316,-21.900787532603537,2.0
13.789863283923419,-16.494029827470108,-9.55432553000215,-19.77454706719656,2.0
10.948278734726678,-2.3850644840183763,-14.722223284591962,-18.269848282124986,2.0
8.064864794836412,-17.648393885516537,-6.263632082158155,-19.0948272100692,2.0
13.222503587755279,-23.235572968420414,-4.71183013397667,-19.501990737021206,2.0
14.975646657102535,-23.284583209537576,7.5189396020755295,-17.374850278094172,2.0
19.189882371391256,-12.986520790398194,-6.46840874034401,-15.728451943556413,2.0
18.73336788273423,-19.972582097444885,-16.45289585915033,-16.38061408041233,2.0
12.22589898985091,-27.343793686195745,-12.27061307310353,-16.811992325167694,2.0
10.566190504087825,-32.593805622795365,-9.365907194872726,-17.034892067492102,2.0
19.498883434031367,-32.88587190505085,-25.97042338676138,-17.72128581868919,2.0
21.16646318470634,-18.868022722180264,-13.400871389180523,-19.01015354223344,2.0
14.054953364635223,-2.6998025854086967,-10.68960168866546,-17.24653145336431,2.0
21.306534076682027,-19.26265693396033,-21.80540293755923,-16.816005776641866,2.0
15.572377823278254,-19.825044928194988,-22.883684501699403,-16.417259657686014,2.0
10.370330658385988,-22.25187932042347,-23.432604289577455,-17.564436739925004,2.0
5.994113120093459,-30.788506520905024,-5.978728883212719,-17.572725768500188,2.0
9.139966116370168,-30.74923005271971,1.2301024029114611,-19.933412612659684,2.0
13.598379399125687,-24.180670807045125,3.4294931113313174,-19.397732371385512,2.0
16.78620317520927,-20.879451815110613,-6.903058344405498,-19.038537741363154,2.0
6.830313481024602,-29.135542653073994,8.892025390570428,-18.534481084441136,2.0
4.453350193749188,1.7944284393301126,-9.260075741230043,-17.61706906555334,2.0
5.848167600727716,-0.248878505212343,0.3941308940959143,-18.742687791955774,2.0
14.457948988491408,-9.162487279484354,-0.2720659618727854,-17.36390457073378,2.0
11.106835478193114,-13.404026739494423,4.387682858095252,-17.746267678375144,2.0
9.647675251597343,-22.298800491942202,2.400264539865633,-16.854349381804514,2.0
4.202876019092066,-37.80873798098317,4.466600426215409,-16.907803624740993,2.0
10.015526378384365,-20.132857853115695,10.13337299838322,-18.226333840101862,2.0
9.2658047704187,-0.8194413660159654,1.6045937840490638,-18.147609873618638,2.0
5.543427616164906,5.035206545635072,4.232092153764557,-18.489715887086533,2.0
9.722900911219044,1.0479225549688769,-10.279804308769057,-20.077772915109517,2.0
5.151672655117226,1.5314098559929112,-11.873006744354285,-18.69419903970315,2.0
6.497992928389985,0.618793090572451,-10.491092616090135,-18.5499017197167,2.0
4.963812560947021,23.63154378775821,-17.605551425488354,-20.39046618715318,2.0
8.62625066249406,-9.237213630709379,-11.214651536075621,-19.545011899528692,2.0
12.140646971413036,-8.673775282773697,-28.402125712473094,-20.06274290981657,2.0
12.343275555660828,-21.583360649713676,-37.082300544578686,-20.4337620824046,2.0
14.986731569092568,-3.643688280821756,-19.84910354145846,-21.490018456295275,2.0
12.712009864875334,10.267726537915651,4.2425770040688136,-20.52629592012549,2.0
5.322660893569298,-16.405833019845762,-0.2211343512024233,-18.060400455744524,2.0
14.466961071608859,-6.563552974934707,-9.286102770573748,-18.160041327845928,2.0
15.952492153328919,-14.747127411016303,-13.833897628607277,-16.838307123917325,2.0
19.771669906487297,-14.840015993151656,-34.88184447046578,-17.690699071207753,2.0
16.231775111895107,-16.313406888389743,-18.049616712313888,-18.89050363902883,2.0
12.822120876954727,-22.864367133482133,-22.207679586998935,-19.911304475258525,2.0
19.020581263973014,-18.120106567984486,-19.078062723794744,-19.064605852066734,2.0
10.262492227817958,-12.975740440444477,-11.03878142390025,-19.317269841573818,2.0
14.271550041412839,-14.43113643934712,-13.303877733664377,-19.624813043289105,2.0
11.69933655995519,-17.250445896370103,-8.496641477451924,-20.912606004501505,2.0
5.424965242074961,-17.015850959153926,-26.843436965320688,-22.77825212285775,2.0
3.260680809637323,1.6499074493074737,-16.003952839028194,-18.607534653986225,2.0
9.896488125590565,-9.174215069683722,-26.481295786234284,-19.23044105468456,2.0
3.7274111477292555,3.850181521095575,-9.962717554072185,-19.1415032178252,2.0
6.574815185199945,-14.631468014265927,-15.360779891763281,-18.91091014424088,2.0
9.013257542758472,-13.92727394856813,-18.90651675624955,-18.432421097346264,2.0
6.7711329273697825,-5.2605408458060685,9.955100188868876,-19.480171032808148,2.0
11.220585218586418,-1.5122069658031734,0.43990451576156087,-18.76857114022149,2.0
13.955817296725645,3.9407144290003497,17.347662921020394,-18.908351079053727,2.0
9.518810720140007,-3.6635480072970417,1.5981297040724733,-18.706971213293862,2.0
11.13832057700805,-10.829797697485768,-3.664738452519556,-17.13139361823555,2.0
15.969789690462246,-15.810444715121498,4.536062763819794,-17.92494007430172,2.0
11.62752127377185,-11.355398501917403,-1.7613054049895807,-19.809438086184418,2.0
14.63936907693536,-12.4307550055971,-0.5137140641247724,-19.43661182462325,2.0
9.51648477484913,0.3171841964978821,-0.34288020875201286,-19.884455509752666,2.0
8.012333080140479,-8.23529542718592,7.922105517549748,-17.404039695246766,2.0
9.538292157195745,-1.8128209089622167,5.231753693662281,-19.959631905546416,2.0
7.29755935463843,-1.5628159197863685,-2.7374031819436446,-20.00633824959239,2.0
11.320105646599536,-5.390928515328219,-11.284276349300253,-21.093753622205767,2.0
14.081588973581745,-10.9539049959837,-28.375318783978535,-19.162191956839788,2.0
7.404004442091923,-18.778955783872483,-18.581541687669986,-17.565870325836187,2.0
8.05722017112316,-31.211597077868074,-7.282350184031518,-17.261609324087903,2.0
14.300848420279706,-25.196152076022265,-16.837443740218845,-18.177984641133232,2.0
6.643774549046255,-23.606237492031696,-19.745315517388953,-19.10488682434604,2.0
2.9694197443505255,-30.981876463391117,-10.2620907142767,-6.556387388155492,2.0
5.287535542084792,-27.72848180120906,-14.093886765547765,-0.2551675885349942,2.0
4.92392290086795,-15.207974708085,-24.110473058356604,1.020328066944315,2.0
6.160985279622883,3.6706534995915767,-15.157279154635102,2.584341071394591,2.0
-0.021880812157464735,11.051338658838986,-5.681388474683024,3.538878550484462,2.0
-1.786050327915687,-6.588454144967745,-1.8338586902927305,6.086654300185095,2.0
-0.7114509084941798,-26.25791166299107,-12.769136595579223,6.126078455028346,2.0
-5.492508012408603,-9.266281091533632,-35.33966390131613,2.1044027194678026,2.0
1.0509225658893535,1.4935501058958138,-5.208041158159524,3.109303504749593,2.0
3.4117943794817824,-6.556590786255101,-4.717827783965696,4.275939132441094,2.0
-0.32922992121496875,5.979785188614649,-5.60995672458381,5.569570639483462,2.0
1.5449713728424885,4.84311893013661,-6.3101046893249215,3.8356649537019814,2.0
2.768620023176777,-7.833022340031405,-10.710475920422134,3.8449978505284195,2.0
3.0996803919094065,2.848817348542912,-22.071615955050557,2.621268102358635,2.0
0.15675473007491542,-4.497312889950746,-11.595613561862196,4.135903023674672,2.0
-0.2570364064319144,-15.925329722319502,-14.038714674711773,4.17463753974099,2.0
-7.543983915385457,-7.266914437344882,14.51688756877097,1.6166281250427192,2.0
-10.519428345454491,-4.343798692930168,8.02257237053103,1.8727901399960367,2.0
1.8648485766862928,-18.812423668326744,9.952954990162226,4.749441369659692,2.0
6.434316273995509,-9.999208281477074,17.56396296839975,5.407395963388001,2.0
2.514223018882074,4.136839739437464,-3.919472225002197,6.460710442041996,2.0
4.338938948695922,1.8704477337345482,-2.534338301337037,5.824579146414427,2.0
11.466932540053326,4.412166901229602,-5.457686775560621,6.384076682141807,2.0
-7.106097211853665,-12.7933899019273,-7.458880252093207,4.686619593410139,2.0
0.07570142701813404,-15.018684150142795,-21.31186847315387,4.213786752975101,2.0
-7.240589658388135,-12.492881408913405,-6.46550573952724,5.076813418673609,2.0
-3.26197731196305,-3.5170175160869928,-4.571471556536686,4.595409125118174,2.0
-3.331765774252599,-7.737633498571372,1.375662469511873,4.812066081068953,2.0
-1.539262903607188,-9.065149027233902,-8.982600296321351,3.8515929364303227,2.0
-7.821947842137126,-9.767907624787648,-8.671043337006314,4.059321491903283,2.0
-8.048937593455685,-29.148162166065156,-9.10593273532967,5.323886771426684,2.0
-7.707724208682928,-11.100516656904636,-4.40358852189155,2.5124042329852205,2.0
-0.3253311167377637,-19.269708357216267,-12.946601343497361,3.346585817087577,2.0
2.8364793664252543,-29.931215734958666,-11.444318285338891,3.389896062983526,2.0
10.332873614830948,-14.762544906176739,-19.017291634539113,5.178166825026667,2.0
9.954110558980442,-20.40357321321319,-13.047286025221752,2.470495719471959,2.0
11.869203268449775,-9.727873755896105,-18.895992674851243,2.4034554115554636,2.0
0.37134600478481783,-15.55760596668817,-21.243017051337507,4.509821337623068,2.0
-0.3151135539804213,-4.191723168732104,-25.460062963096647,5.478677779448753,2.0
1.5198188258214733,-2.614281043406912,-15.189101199307615,4.051933738186273,2.0
0.9332159505992594,-25.405120526828288,-9.819179435508968,5.554068842023686,2.0
1.939298949239273,-16.07189911383221,-2.978298098713479,5.56105675246262,2.0
-7.21463366202902,2.905330855709604,-1.811179088124017,7.4455030938613,2.0
-9.013018200570265,-19.34387964424122,22.472500112903454,7.560833765474765,2.0
-6.771625346556231,-13.058288515150132,11.933706347170771,7.807096510318576,2.0
-7.173192554957508,3.236596019661649,-8.67539871057756,6.117504457583205,2.0
-6.405648008605177,-6.244161392436501,-10.960392538169849,5.491077588645512,2.0
3.630141609517676,0.4389782008747396,-5.5299057267891545,4.0982773176745715,2.0
-1.990209096111073,-4.738375700499503,-9.934304157434706,5.068543562465748,2.0
-8.365756456424096,-6.5405416539879635,-8.000895569787989,4.039791563047355,2.0
-0.4553684458582432,-2.1621561259013156,-14.817033875139604,5.583786252058041,2.0
1.5877191505370156,2.5226036790258286,5.830750918001253,6.017118842052409,2.0
4.408350920481837,-5.800521380607311,4.178100487451834,6.595048372506006,2.0
5.76095152819656,-5.142352785417307,5.873307270713949,7.073912848782903,2.0
-3.274501530857309,9.359617898370782,-6.384227832662914,6.963704447783777,2.0
5.814138520022691,-0.38962010840899985,-0.21770023798570715,7.057658456724472,2.0
-7.287570158094454,-10.805118663816227,-3.048181105548923,5.888835555646132,2.0
2.8986264021988344,-22.98149504700322,1.6596623442678342,6.337841196644862,2.0
1.057142129447636,-10.489351501940515,-22.51828542778267,4.18481215047527,2.0
1.2610441646344552,-6.562739991992464,-25.560248794806654,5.511151533206543,2.0
7.359173213233667,-3.846272898849518,-23.572391744782944,4.479716078027002,2.0
-4.990874682723057,-1.8500048303824244,-22.458407791423177,6.636913104009094,2.0
-8.054023852447392,5.630399025325468,-14.484507794864742,5.938104997782007,2.0
-2.3607023123083364,4.86894790659176,-14.742656137150318,5.416373246010449,2.0
-9.313837690063234,3.2793150495955263,0.04209838046722347,3.9343520232211433,2.0
-7.354034489459368,-25.052398664982164,24.36625171856489,7.18510807884306,2.0
0.419259347814255,-13.732159744798324,13.202118079187105,4.897228666962594,2.0
-0.6709257701732709,-19.847676362634537,12.170957574299193,6.233695614863303,2.0
-9.514432800925798,-17.682486421112774,5.919610720173807,5.25220486250236,2.0
-11.741378644683788,-3.374981117428085,-12.342376249203864,4.190366183729589,2.0
-6.133805637239811,18.930327871863128,-18.74161141580051,4.227441235972715,2.0
-0.8757548585408301,21.048201025437578,-6.341932157259985,5.846387514568556,2.0
-0.6513161153018676,14.136216855841075,4.814854632391079,4.701501510999343,2.0
-2.311609349204796,3.4653397037241804,-4.167749552501237,6.648749418302378,2.0
2.8647191782853936,-5.123301131538041,-25.239234201856142,4.652845023829216,2.0
-4.2888708726916045,-13.125271925050678,-26.506862373750657,4.745228616388946,2.0
6.876667014303557,-14.491178143321731,-11.322202644443344,5.485767950620112,2.0
1.374203913699465,-14.887923856991717,-9.1295451179995,3.8807784606550486,2.0
-0.6249699050197259,-9.673755150564467,-16.194478493621983,5.300667124847723,2.0
-1.1289766484668222,-6.532522151958864,0.7582993998750465,5.953265832818604,2.0
-1.438774411082147,1.1524763515569858,5.201517114219797,4.489328661598127,2.0
-2.889776630538476,16.49029579248879,1.8903009650733078,4.603639629183122,2.0
4.6741346735386635,-14.89924571770596,11.13695330654962,5.464041495603894,2.0
4.294503910815301,-8.624463937653381,5.636303895087754,5.886390076742177,2.0
-6.546182478699146,-6.808956654614242,-9.14962592881632,6.264572548927023,2.0
-3.921541396286371,-11.400919119651391,-7.1397754851896975,5.062191151921318,2.0
-5.058785406157031,10.647982885623419,-1.4325319865909751,6.407558757854216,2.0
-2.474127538205197,0.2649698013775783,15.614758255812397,5.271673811854882,2.0
-7.801443837939029,4.459263197996723,2.707532516574687,4.542541732845311,2.0
-8.305617964761394,-19.697294633843157,12.246273189070388,4.152067753951523,2.0
-1.2636504720603723,-11.569865421974802,10.657915421392888,2.828291807230472,2.0
-3.8875025786083377,-6.6763480278362515,12.254272682199328,3.5322408876094555,2.0
-0.5567781026526399,-9.347376519460344,13.600272958104808,4.315145608463874,2.0
-3.955970699050823,-21.09080710774861,-3.6380128962227776,2.8094446975576055,2.0
-7.0344457651498695,-5.446113923770793,-4.164371684478166,4.387194645691817,2.0
-7.784756692983836,-16.006141697654407,-19.43114622093448,4.5467815407775225,2.0
1.1187720156913814,-5.051008612083503,-24.708997661821662,4.54185030555912,2.0
5.06112640367076,-5.792594875169745,-31.939051667278605,4.313190227227669,2.0
-2.930076281813843,0.6920717710721558,-15.348925717123098,3.66235097079161,2.0
2.239542826165911,19.97370627023618,-7.945518602414669,3.7809055262233295,2.0
-2.5435094568266576,1.1599468740967058,-15.513740692209584,4.1709918786211215,2.0
2.469138324716239,-2.749318571515034,-4.885676619364838,3.248056769293916,2.0
-5.048294213729118,-28.849289454310465,-10.615214562949454,3.9951831495354773,2.0
0.24011377736708173,-11.64292959179065,-12.988899213389832,4.111210459724946,2.0
-1.242573731589555,-7.236700080522356,-11.925225245132097,6.52396676208803,2.0
6.494876547078325,-22.796206320076763,-15.404764294984693,5.797860275063131,2.0
2.5006971956306634,-6.902157854898568,8.977492204980987,4.036953773577431,2.0
-2.3988269589496847,-24.190458637105124,-7.0005143593771315,4.975426226288245,2.0
-2.423666927375396,-28.607643834966236,-5.9785238271333565,6.199597491832411,2.0
3.24811947819919,-8.566253949325402,-11.8907858375124,3.7947336309520243,2.0
3.882447848704289,-8.07199369373334,-2.860419174944827,4.78354259729528,2.0
3.883600654921909,-4.171448520375359,-17.979234823833053,4.095024143053658,2.0
2.94383166196823,-18.511348830312702,-10.39383533981037,5.377414726943982,2.0
-1.9414138209238996,-27.931185982418345,-14.975788548997016,4.7820054108397345,2.0
2.6795880591379158,-9.30011441705971,-16.17118697536435,6.038924508908104,2.0
3.1875844414834997,-23.47348027807359,-32.75431152961596,4.743803158029107,2.0
10.506080753681331,-26.74128775876544,-17.31352309785384,5.805190607789232,2.0
15.00107959563209,-7.587547288555829,-5.3710502635278266,4.88203441792096,2.0
0.5912735645997202,9.605873189796753,-8.224079652816778,3.326284764859686,2.0
-6.351461571334377,1.8690249311713227,-22.648238916483727,5.143924909877354,2.0
3.5017870517966125,2.9862918759286856,-31.90064492743409,5.064629099377566,2.0
13.184185969638765,16.544249169944006,-17.24875343370393,4.798796904740536,2.0
10.307063759322347,17.792074510968046,-18.324871458312977,4.306397181609353,2.0
3.646158543725086,-11.4939860625131,-3.644367402826722,2.5200805482559643,2.0
15.237539681436264,-3.7656278763557527,-3.4378249465292177,1.9677640438341042,2.0
2.868968190033563,-9.928631119939618,-20.288221379948055,2.7358578029986953,2.0
4.887572439812278,-15.640747682754041,1.9960281397733484,2.1962299947411656,2.0
-0.8081172205204807,-26.53655572972393,-9.892169353315923,3.0131850932321407,2.0
-4.191849252245027,-29.11971507688226,-1.7114994244250639,3.2023584050686615,2.0
0.6802918548464846,-37.143174630691064,-6.811569642260692,2.6890199315834047,2.0
1.631091212525839,-19.408224016110104,7.190157101596661,3.9908623174906164,2.0
5.985330414091587,-13.827413247777589,-0.8177628533863492,3.6589817919665246,2.0
5.657963038988533,-26.45801811170565,0.9444266058483368,4.195334877066131,2.0
4.12940490161432,-18.040092399019642,2.1846544719659384,4.551073180661382,2.0
-1.4373049794121426,-8.756853065111585,-11.340830631721388,4.379333674698596,2.0
-4.524669666679433,7.317194767634824,3.725261822425015,4.51519497353966,2.0
-0.8244407837927679,-2.435573497539794,-8.882244891211354,3.6952907185407486,2.0
3.114818370198905,-7.939834662570391,-19.567516928533173,4.312503074550127,2.0
-1.6132715460333422,-16.390778165080782,-22.976055028042676,4.631806478896736,2.0
-3.408032345836677,-18.71859372860383,-23.43297074089712,1.8306390045278462,2.0
-5.851704127678529,-17.127305030148708,-20.51264622092716,2.7846926611264466,2.0
-2.6756604151618038,-16.69783491310417,-20.590122421683,2.0285907982653026,2.0
-5.919112236468381,-11.296274672716264,-18.078998145917186,2.1799608116071747,2.0
-6.395933879351546,-12.170300917020882,-12.448197755091055,5.57168046747228,2.0
-1.8885357803796312,-13.19985429471187,-26.421791244547038,7.928673817832998,2.0
1.3116515315224975,-6.260475457001035,-7.0317106932762,5.192306600114373,2.0
0.9655931108765473,-4.639547927761072,-12.718850453523332,5.584663860669557,2.0
3.129492733227927,0.49645151088757444,-28.03589293906392,4.696057339673996,2.0
3.246693471933948,-4.836875478448134,-17.200073387353726,4.243465319250124,2.0
7.623800625529874,-14.715114211220206,5.773794406883979,4.67177147912798,2.0
0.8537392668227046,-17.60277774835567,0.032447288830870225,4.731344460353392,2.0
-0.9353897763935989,-24.852818742470607,7.986904428583246,4.647928356375652,2.0
2.370148842616955,-25.268279782702738,10.495187609782539,4.478241134934084,2.0
-2.934477438545563,-18.728395701015636,4.727570266425687,3.767815195271132,2.0
-2.922587488217617,-27.4654826901275,-18.990211834082405,5.8884248954057306,2.0
-4.611595484409833,-22.243293030238537,-15.365221808425794,6.131796538809378,2.0
9.222064727079582,-26.624555514186802,-13.76886735858344,4.463244463248739,2.0
2.1787940720592496,-9.299792366983443,-1.9809571113228515,4.182552968600118,2.0
5.912045694092217,-9.232674697047916,-7.9065189473002935,6.372542021219166,2.0
12.052717848073158,-26.86838268713947,4.677136273044974,5.729081478310098,2.0
6.513437664528283,-11.496026169541567,20.430956467854504,6.841378934126084,2.0
5.023551638415771,-24.265640598501335,-9.274475586579742,5.396060507209489,2.0
6.6988455522895425,-21.45392548509281,-13.317640952928695,6.274574169157338,2.0
6.984940179552322,-20.38910183672028,-24.77670321157923,5.856929259343669,2.0
-3.8251197655541778,-23.209260548320326,-34.887768800466446,4.613293513509908,2.0
0.44061688867377535,-20.36471901771059,-25.89013020901671,6.154394646745139,2.0
4.654091661616479,-25.788097384477275,-27.06516426217131,4.547387381768864,2.0
-1.8867993281033861,-20.48677432389703,-21.36612959608321,4.938162253567052,2.0
-3.4321326559836947,-12.449838479423528,-5.127740475280861,5.686646869223396,2.0
-2.2022536883045802,-25.78666835274668,-5.065993835933584,4.082265930153248,2.0
-0.6737224413373714,1.2821264470389329,11.839910571177908,4.304240014802019,2.0
4.980967028308849,18.305640269844844,9.825773720002974,4.855833033496177,2.0
4.030322453511801,8.05763656957885,3.9142018437528456,3.9632586481055756,2.0
-5.8059842096897665,2.383291670299444,10.832134777522375,5.462958000171487,2.0
-2.483454710603552,-5.047415550782306,0.5624430247701966,6.551938675531526,2.0
-8.87894609541351,-10.135385038165957,8.047121341088461,6.215515252370904,2.0
-13.551504735217279,-9.4898902038793,-8.422441884438726,5.744330163814979,2.0
-11.244136363658292,-3.603475604369038,0.6640096757695542,3.0868584100795236,2.0
-1.5407355603261224,-4.080784700106416,-7.251862638645534,3.32154059883669,2.0
-9.241638287449979,0.978913369948474,-10.444428551107865,4.8237261659915305,2.0
1.7053872595062893,-20.031721869056845,3.5685359477266445,4.437795128387401,2.0
-0.9697137705010108,-12.348978040351465,11.715676443384682,4.216882091731567,2.0
2.364225677965429,-6.65400051652005,1.059358918860763,4.608680308161203,2.0
-8.142565285961446,-2.7787674697123856,-9.292121457936295,2.7270388819938196,2.0
-1.5902949490835692,-14.898945047924062,-23.081555401357235,5.336046016099688,2.0
7.06162564360201,-6.774125095794425,-15.453905115927004,3.704406613793649,2.0
10.99963590591675,-0.5955874935398962,-16.558620999244024,5.291678175055505,2.0
6.863273068161532,-9.727662342155394,-13.904536578920334,3.8992431912725802,2.0
16.547777009696077,-16.445565540944056,-19.224108491523875,3.518344610681055,2.0
15.963395036589986,-47.35340129731459,4.41974742220653,3.6452115586602063,2.0
11.476917526659253,-30.87570014297265,6.982885685759587,4.6816149425537175,2.0
20.97204752130375,-22.936403949004905,-1.529061888350161,4.496694603708651,2.0
14.502710499387472,-27.42661327914132,6.10477569022701,6.504444358903575,2.0
11.891859414744086,-11.899388177151948,-9.814108965174107,5.796159810577956,2.0
14.836824261659022,6.08416731203788,-19.736944533315985,5.504461194387996,2.0
15.28133801198392,-12.789932131747385,-4.045957293722526,5.937542154841822,2.0
15.864729111118342,3.969321789489703,-0.596174915654835,5.508915534151235,2.0
11.203589137992514,0.5630632239782916,-3.897966218747089,3.4809460147812294,2.0
1.5726989601757122,16.662171169305672,-7.93362225265066,3.877744071201829,2.0
15.383581861281463,-5.134748525885953,-12.525838137283804,3.3684822849265332,2.0
13.276680577720878,-5.899704123007631,-22.428701272277085,5.216853832664754,2.0
19.010320786455647,-11.501746445342423,-4.7675010837972,2.448920884051547,2.0
16.418406472381346,-16.654310682480748,-3.6221284257433712,3.5322752133247177,2.0
13.673545458845174,-32.19818813231687,-5.1234585563041986,4.16016107925832,2.0
12.527660133507656,-21.299857908361567,7.782628113212483,2.0208337863594537,2.0
14.985231891977145,-10.341615470451998,-1.4464542251308412,4.254003960610581,2.0
17.918322907045393,-13.510384632069373,-7.665512957737279,4.630816529021086,2.0
19.29736875109436,-10.760761444335637,-11.434922653062703,4.373007573148711,2.0
20.64017375713971,-21.068695997059848,12.57867808900715,4.836944708861413,2.0
18.377229843099546,-24.624423081396085,6.736573664200915,4.427354361690009,2.0
6.401654134727174,-14.734631069154087,15.554769131530136,4.962246884532951,2.0
6.740762062242128,-17.170826128924354,-1.3611239459868782,4.381862100354304,2.0
3.306262537569932,-25.5838972997902,-13.523186382156574,5.276290595768595,2.0
5.346419272616642,-17.045808101010135,-1.4668312352590656,5.890477875081586,2.0
8.489974569100497,10.256559241632784,-9.155690958209311,5.551104881154966,2.0
15.834115972850883,2.7377104688058633,-18.714640107619513,5.40178652008795,2.0
18.461557482572342,-8.955397624876234,0.6794247472919897,3.8748496310763816,2.0
16.62287085642116,-18.619460080228407,-0.8291034328123879,2.757499710283592,2.0
5.737564184210119,-10.2597247389999,-10.427897463680267,3.006459541681222,2.0
13.610227154898611,-10.068719285665761,2.110058025453247,6.146499861229555,2.0
10.244352724577093,-8.327523202770209,14.624966085061317,7.393396989089677,2.0
13.477890133435253,-2.108381124960051,5.926452114421874,7.278448517638116,2.0
14.198654034790719,-7.108821591542956,-7.409732685760957,8.091018634492901,2.0
18.18427373460886,-1.5023681328235643,11.3542147366555,5.172758214539078,2.0
17.95374450313846,3.4558614790071935,11.723295112972156,3.909573587099099,2.0
15.301303718076673,0.025266735170420773,6.477222557450697,3.5136430170324604,2.0
9.200320796680513,-7.083829346262273,1.5823660714556862,4.687033668148051,2.0
13.17262917868477,-0.04849555745281453,-13.502990949509662,6.383311586690844,2.0
19.543176526145906,-2.1153725444748352,-32.84815843507608,4.080695828823129,2.0
14.242425357814618,10.572258669954197,-9.83181990524698,2.948000801518834,2.0
15.318583005890181,-0.4593095526097324,-7.732009508755373,3.886450180760685,2.0
16.84927483392467,-1.676047778872059,0.8895710332159599,3.0017572853802403,2.0
12.15473754727722,-15.885649026540712,-0.8817083950665907,3.552819887274456,2.0
8.595465760312571,-18.936475649842933,-8.136538161097608,4.026983853641411,2.0
6.867666788172293,-20.34816768528067,-11.048552210638427,4.138379301291986,2.0
10.38836860220473,-1.566336925472105,9.567830436258287,3.7682310110125847,2.0
15.193496718775531,-4.505633118056604,3.775482543603914,3.2597680746346964,2.0
12.548522477946658,-7.99555912436556,-15.802381255458949,4.082475981938255,2.0
5.0520517530417255,-8.2418562271633,1.745924123915196,4.244713278169095,2.0
6.298312214657099,-4.276493213159293,0.18837059748489526,3.2271060843120116,2.0
11.061366690751226,-1.3908965170753724,-10.340048603271974,2.664919420132892,2.0
12.816584310337301,-13.925268260952851,-12.201895750281457,2.115534253654088,2.0
15.263111329510672,-14.893750450236446,-4.250298937613108,2.05580928369119,2.0
11.255302272676937,-12.638436754714899,-14.079428009234851,2.474023783854705,2.0
9.022910479268816,-24.696880490071358,-9.798243116922048,4.503275543956558,2.0
12.22816534416113,-8.729172223147383,-15.042141075063528,3.502060201039459,2.0
12.035979971111626,-16.715875551142425,-3.9855362044911633,1.911395192317467,2.0
19.187496795078715,-2.778919895592524,-12.417649077257245,2.7776300811451624,2.0
11.259026446323034,-12.459966883766157,-22.332548433074397,1.9437250906080905,2.0
9.884774502669911,-26.166494936680284,-32.04591275135046,1.4531798831505274,2.0
8.19553428785347,-23.698113808593767,-28.646616333782575,4.657639917121354,2.0
14.114072044916188,-25.986712557850325,-9.905786889683343,5.8340805127280575,2.0
15.11490123562444,-8.823968090759493,-20.46031779686914,2.638335877500012,2.0
18.452650019257053,-15.158470094075872,-21.04572448850888,1.9626245744034696,2.0
17.563148730605377,-29.864232021671366,3.816324151905919,2.3092116866900327,2.0
21.98337708677998,-27.159500822635934,-14.340567258237805,3.387454367370175,2.0
13.630908195670344,-24.031378522331938,-17.96047224955438,4.856066410953246,2.0
7.114454967062196,6.365578574553139,2.9922761383159493,3.0116983842352103,2.0
7.966166960138417,-6.722967579516169,0.783811949553602,5.050632297481182,2.0
13.745726426002697,-34.127452584238,-22.156528245916455,6.157310232987115,2.0
17.165225936328035,-36.71455311344725,-13.813940727273838,4.202542048015452,2.0
15.141171858463208,-21.365254748464388,-5.2629743064950905,4.237375945771401,2.0
13.254634309299474,-20.632788303672974,-8.603381181217813,4.298687939447496,2.0
14.3095688764671,-19.625870152377722,-3.192996645430669,3.9872877028494287,2.0
13.311425009988131,2.4360517566179487,-12.576691464614791,3.326884406820234,2.0
14.909485898460035,14.643961556671464,-12.539279275114028,4.980002108261869,2.0
12.005177331344857,7.770360811290443,-4.441459019662183,4.56973531816386,2.0
8.63269263915879,-5.642097429516568,-25.995744267366465,4.294387591699934,2.0
17.416697330319554,-23.509946040459617,-35.851188295626656,6.802035502813979,2.0
21.50840203459211,-25.15157650921566,-24.533287015687332,5.684212740458802,2.0
19.782147635889146,-31.250472744023746,-21.620995316845736,5.477225610066245,2.0
19.436487689169912,0.941368712527126,-22.456158434175897,3.875935037776697,2.0
27.46331306700194,-1.1109122555239779,-20.72471805176678,2.4989127613585858,2.0
20.823670513342126,-0.2316736853514163,-19.978918576135026,4.139599105818841,2.0
17.64606516249946,-10.535431383432098,-3.091182429838006,3.727404701128103,2.0
18.47854943493767,-10.897934626960536,-15.498615153992526,3.5990391800499886,2.0
10.599026045425411,-20.039151897506724,-10.399427826842613,3.9390271272753132,2.0
15.66355272040828,-16.637997715987918,-22.49957949575046,2.0680250482166573,2.0
17.110684301129872,-33.29785017693416,-9.327821365295682,4.269277929902741,2.0
17.978854134727122,-26.35417638278149,-10.067518785576294,7.095678452716876,2.0
23.339036144640573,-1.5452047434401557,-19.557991134366215,7.4172490133200135,2.0
22.194781595123644,-2.788632508131572,-6.340296307614955,4.837436170638349,2.0
12.996975800413487,-7.482336691632178,-5.010028740589941,4.8905565510106666,2.0
17.209900042279337,0.5095171835367278,1.3405147191013285,3.3829495138520715,2.0
9.906197137465501,6.905701448598381,-14.549964707590433,4.031181363864756,2.0
9.31426667588895,-2.200737057756623,-11.738570471149933,2.8585073122219207,2.0
13.132598343996357,-15.862911849175171,-8.818656024278742,2.047984207524946,2.0
10.658113354563184,-13.193130879236323,-21.346830361438876,2.184747340998729,2.0
11.272987928761024,2.6798084823116106,-18.40991714288834,2.197334651241187,2.0
10.160925743235275,-11.20397151943672,-12.632041587923032,2.8916694461586245,2.0
7.325463167273134,-3.496007788503512,-4.582870538231319,3.7693731117227194,2.0
6.545033291122322,-4.867963445364988,-9.121083925443056,2.038484522026108,2.0
4.80175620447644,7.491291533111725,-1.6864931112990642,1.1204006564156046,2.0
8.237923596659323,2.66423794114168,-7.176753089159199,2.499127672780028,2.0
13.986429695381087,-13.16847188924492,3.8650457031835455,3.552710032088719,2.0
9.937594088070334,-6.857134998803064,-0.8435946667029892,3.1713782987533605,2.0
9.432945265454064,8.198312698617272,1.4711593595752506,3.1800073150640458,2.0
14.466826670879806,-2.702400797028592,-12.137546857190745,3.8186298349168863,2.0
14.726786345870229,-20.605629810238163,1.6363441140831494,4.0942195632162806,2.0
16.17677526929439,-12.600478598906715,-9.527797113515156,6.0917682346736814,2.0
13.592537484358406,-1.9784261962213532,-4.1303903247507225,5.760389648513122,2.0
14.908983020339782,9.077959613895795,-2.8379867267812773,5.974799775538319,2.0
14.951839399395878,7.504030720499312,-15.289308705288963,5.687105388882343,2.0
18.863789523132578,-10.382228464022239,-15.155871804693584,5.344173806719635,2.0
11.366679103197821,-3.413327435916079,-10.602091151340307,6.963733927738554,2.0
16.396088929026806,2.0611975079248026,-7.599707288449645,7.4170079965323215,2.0
7.9532652448038155,-0.7697002992344544,-19.446441714256565,7.253313708216469,2.0
10.305527115137448,-11.900766182524775,-16.554983603154604,6.132729655946827,2.0
14.384974102592409,14.057979375249749,-32.97610135939055,7.360662445638678,2.0
16.49446101696251,-4.077464411585487,-17.7838313528875,5.113564422195965,2.0
10.473608983014802,-6.4207083328907455,-30.01507340937285,4.988733377450588,2.0
5.853362008015375,-8.030968982367412,-1.130362666001199,5.136628805587991,2.0
5.446591256993881,6.998053665740782,-4.859980546112501,5.208386609787273,2.0
4.191792649616443,15.60792678776961,-18.385488285126414,3.990577416272441,2.0
6.520120361575506,16.05700321533321,0.608954463897672,4.00336605392586,2.0
6.898032754756744,-5.149388363427466,-6.449170954252684,5.858986392436062,2.0
11.406758647806926,7.74583452995461,-2.3211038235017134,5.218164082690655,2.0
4.912992547661113,12.744859474150402,4.2141595698610095,6.2499278143513495,2.0
11.321771602613916,8.739731124140391,-9.372138064536847,4.724513034115283,2.0
10.119161414745752,-7.768971005054215,-1.5207862809696957,4.833925986198393,2.0
7.361358687067647,-0.2975439756749161,-11.496124680064305,5.718796649332744,2.0
10.848350028610334,-9.997883767686996,-8.167338639697872,3.974429559516735,2.0
7.895617774503423,-6.550818028162459,-3.3772431926790496,4.665556292966162,2.0
5.004981909014766,-13.881823485483272,-17.413099753442545,4.525925989283831,2.0
7.048666385214103,-13.904136049029898,-19.985270622817165,3.3728051999176207,2.0
1.91915747697227,-5.531190873124659,-5.217795324426067,3.7377234909651125,2.0
5.178338876594442,10.479647828541186,-5.039750220708038,3.0247057922441876,2.0
0.25886030417677386,-4.510152989440765,-15.66964227104668,3.67188643345709,2.0
12.50474224703012,-12.268473037020572,-11.609537623117577,4.290426339765783,2.0
0.07712143440454433,-9.900193097668375,-8.716018892451089,6.084349664400432,2.0
8.775991724002317,7.882069298909902,-13.097116039093436,6.075442841566937,2.0
6.581602969677352,-3.4978492614532417,-1.8489998807631771,6.105075125692831,2.0
4.299824081839858,-1.9581948847871287,-1.878790897395728,5.308190842204534,2.0
10.572095215235175,3.1550689941936305,-7.680097598941881,5.054366426964799,2.0
11.525243700292206,-7.343916406346729,-24.953868495329427,3.81159128864818,2.0
15.178626381355457,-0.6124390843680159,-34.623112627691,2.3998465951143935,2.0
12.261001459703683,-9.332037663149238,-18.618451381755996,0.8941817999854762,2.0
20.12302043505161,-10.994842160337996,-6.38534507311469,3.4522560821751953,2.0
15.65370393637372,-8.015696484797783,-26.14518687392165,5.578952054312295,2.0
21.661324014265798,-8.017693558432754,-14.093541102023664,4.191276294086976,2.0
25.723333656694052,-4.457222639740776,-3.771568773211711,5.087036733723316,2.0
20.33056190910491,-7.0840667027533115,-10.524226485012537,3.652865961634091,2.0
21.336175914755184,-17.55439805681622,-8.66262446695276,4.075965629471574,2.0
22.206342189807685,-11.93243439884991,3.6476368075293504,3.0261910960329352,2.0
20.96828813003009,1.1446279812454225,-7.559155357974554,1.28569943840946,2.0
20.525962805752386,7.877973380600356,-12.678482631090407,4.80301481943035,2.0
18.965896966202084,1.1634839489037159,-22.534996995894296,6.153541056286014,2.0
9.606394645243565,1.8568947475030697,-29.756967538657854,3.691284093829081,2.0
4.300707405479098,-5.014464221502006,-16.47101162952051,5.444826192281405,2.0
15.841613541007753,-20.095475306518967,-4.146398788880008,5.164094701294398,2.0
14.0944468385552,-32.58572305909142,8.931170198812286,3.9263255030200295,2.0
9.603623989326701,-28.107762046810958,-17.636798099145356,5.441394186396175,2.0
9.854604523043182,-15.437447041985784,-13.468304360023721,5.045087101424544,2.0
15.451687158881796,-11.08905452917329,-12.480395034419756,4.964857581358115,2.0
14.971801484456574,-19.4957833582488,0.10813735142662129,6.269845262461588,2.0
14.21953372553326,-26.13104335561748,7.1515162213230505,5.379674666692104,2.0
8.596529553456783,-25.60669458177989,12.206268003977641,3.668380739886828,2.0
13.579801011942902,-13.337969998694945,-8.628131058667075,2.9785605953116243,2.0
14.034585674576919,-9.106900466040402,-4.851257774642059,3.4051561550727625,2.0
15.475023506805869,-13.375977194005003,5.0468213434951705,3.7822339029836574,2.0
17.187778951535392,-3.7746711110158766,-6.892472476950421,5.8181036162329605,2.0
14.525921453516116,-4.647589570347986,-10.45632104750996,5.52605383925529,2.0
9.294792784791762,4.910985408077939,5.279663709818169,3.082812470364009,2.0
7.285786307733466,-2.176961839234388,-0.33664968591282474,4.712579400369773,2.0
5.2056258461399665,-7.176073252653126,-1.9704015479747632,5.863125666443711,2.0
9.549048460218444,2.457143687222235,-12.841871276625838,3.9106471455502576,2.0
2.1271745027517284,12.8582448863065,-3.8147280560032364,3.7409543459306294,2.0
12.320986584946853,10.214607951843277,-15.753706929787148,2.422967297827127,2.0
1.2542110753153182,3.192239809322688,4.716722642903964,-1.0910096116718409,2.0
-0.12861018074460828,5.297884925101753,11.185292035492841,-2.023496762398355,2.0
-1.3680694003877694,12.40659045342419,4.789794578544946,-2.2096169231098326,2.0
0.8878569937263743,-4.467233092132847,-9.876356667991232,-3.130693969336145,2.0
-1.7518647537129957,-28.082990072030782,4.845122824171993,-3.497573055324636,2.0
-1.6878100342287756,-23.225571444431562,-5.148762689915269,-3.417566830350904,2.0
-0.7295777383912823,-3.236772220158988,-3.3768206346657372,-3.711094078269023,2.0
-0.3773814407709859,-13.697739594028153,-3.2512276908152797,-4.558633466927121,2.0
-1.78586371976674,-24.0938187207433,1.2870195365503276,-3.740460797101661,2.0
3.2622299332313345,-16.956482016322834,-15.351227891876919,-2.500668013180503,2.0
6.477000605213479,-2.3698284707110915,-1.0871613578543418,-2.037861260392684,2.0
7.314270556608672,-9.074096964054306,-1.1927485816522505,-5.105598126544096,2.0
10.862326531191137,-22.411986580288485,-5.5410603163090855,-4.927456252653735,2.0
7.992074429596823,-28.019598796373415,-15.216130097925006,-3.8549610192183557,2.0
6.6423919360581625,-8.309114486289015,-9.1563328659783,-4.299580730695225,2.0
9.14991314286858,-4.153864453071691,8.210492544677832,-3.9828353495480044,2.0
-0.013607769496307043,-16.961517430923212,7.661937983781991,-2.992805244280119,2.0
0.3965465415067123,-12.588164566932797,8.219321721761677,-4.256670430665048,2.0
0.5264849935034255,11.580199404342213,9.912233431918056,-3.058386342052744,2.0
1.5319565865281843,7.7148137958625975,-7.505657126843596,-2.6696317261937197,2.0
6.185267259022847,9.2577949861646,-9.197086100983746,-2.6016347961074473,2.0
4.24841813643386,13.796383989139542,-1.532789933156101,-4.290374591251549,2.0
-2.378065576900861,-0.4409564661811878,5.01232302596928,-5.3100091396683045,2.0
-0.6694778720894607,-3.7639748259513457,16.822737461261887,-4.529429032139051,2.0
-0.9582486740979268,-3.425338760205097,1.0983841355966675,-2.4375348582049945,2.0
7.142571309210394,-7.444395860433656,-7.72245480005261,-4.28832130403903,2.0
10.942630873802088,-8.899482755798234,-8.878328613076693,-2.82985899337843,2.0
10.53033649099177,-1.08152834780509,11.154937398852447,-3.2782763231856973,2.0
5.544074325362378,-1.7506013628465134,-1.6473409173645477,-5.765842994732263,2.0
-2.653922175739623,-0.874598739165485,-16.776461991276506,-6.6087478368745725,2.0
-0.6693284013137122,-11.621213978705612,-11.100343906922378,-3.392256219810256,2.0
-1.6407860836973356,-18.96374806585839,-34.23421359370286,-3.664582749398321,2.0
0.8174846100265851,-15.402699478929714,-22.663691536603622,-3.219573042764968,2.0
-6.1865549451807995,-16.84177331349155,-22.323846359827762,-2.8956283331090447,2.0
-2.2678688613498843,-9.292457731857068,-6.02949862110834,-3.185733843702266,2.0
-3.6571351414858,-8.067212670333575,-14.370021994603476,-1.653423418105497,2.0
1.6295236926250078,5.830138134659595,-20.311909833503588,-2.665936764091967,2.0
2.8039400963905714,-19.426032196879635,-7.826329325648021,-3.8474931860059733,2.0
5.513484854695517,-1.7850452147696956,-5.528630425380949,-5.075225006973965,2.0
3.4454037423371124,-16.516372162982233,-10.439887788340029,-5.061347038245074,2.0
-2.0976483511712942,-3.4283685626559843,-3.191105067533924,-1.9847920341990744,2.0
5.066765398707995,-12.920887651203534,1.679708236047329,-1.722760078363061,2.0
2.6687826098736718,-3.2437393754754575,16.971355042336068,-3.2335239872686175,2.0
-4.424999209343912,-7.478958263589121,9.650858785158093,-2.5938682515499014,2.0
-1.2966268393212954,-33.756869675904646,18.73191577016014,-2.169645438255959,2.0
-0.6867948662633272,-31.622824507867023,-15.818379797398528,-2.8221963256970417,2.0
10.887482870660804,-20.631152441398452,2.297705222996893,-3.2202689432665994,2.0
2.3945779062360986,-20.238393727488557,8.29549978574768,-5.103854897504873,2.0
0.6967431251351408,-27.722365187560186,5.73776310245352,-4.363683388691354,2.0
1.2813769663082222,-9.361251635337915,-0.12293265480312732,-3.548149293805094,2.0
3.4610005934093344,-5.373599146470521,-10.109191003967574,-4.002325461424894,2.0
9.824904399677427,-14.61813140762338,-0.24778746786684436,-5.741779477837642,2.0
-5.600832783026064,-3.869722329974067,-6.347284077326601,-4.460231410151269,2.0
-0.5054837991872372,-7.318204523088843,4.298076993106266,-4.0674807290195245,2.0
4.203261874428808,-7.217290198285457,-18.16590730197995,-3.1719237383286614,2.0
2.0500548233419957,-21.534176356614353,6.62454464540035,-2.2490572419011503,2.0
-3.234015845681597,-9.988291352025453,-2.111973806955197,-3.770380563107122,2.0
0.23589733601621532,8.017467470033354,-16.1866440877366,-4.484035639729464,2.0
1.4680860488718133,-7.245405144437659,-21.36909337604972,-4.686604066155365,2.0
9.121504578631221,-9.615236355537766,-25.749372436631866,-2.8309259147476857,2.0
3.7028041023485,6.560192491606589,-18.181797547860903,-1.6758356562801247,2.0
-0.7252512109975013,4.7542801370691965,-4.702632538422338,-3.5175297298651653,2.0
-1.373793791836934,-4.606910684714549,-0.7488513422394378,-4.644720960531771,2.0
-6.643339016403781,-0.6348674750068213,3.9889951902451646,-3.871177189103511,2.0
-1.9953953296816405,1.5867989035751862,3.504887867021815,-3.8120569681257286,2.0
1.3042411515069856,-0.6940118080586508,-5.8739887677748,-3.6462756644482,2.0
-1.8381691548452652,-12.95057392376494,-22.21378777906243,-2.977374601336677,2.0
0.9318351852792695,-11.723403233488224,-24.69255557397894,-3.0287337250340145,2.0
0.18079181332199434,6.56606434859541,-23.223111545362766,-5.041513900055038,2.0
-0.6989796087469371,-4.085835802146389,-22.844698251028525,-4.27669927772892,2.0
-6.092721008516412,-10.854463280879166,-13.614322267175089,-3.7797840830963003,2.0
4.1129939359876175,-20.8183570909243,1.8090440044611302,-4.490777516991441,2.0
5.867643587850877,-24.9489921741773,-11.459342984093308,-2.5179078585073205,2.0
-0.5761088360624917,-19.612621114672063,-25.00887322783186,-1.9273327730547924,2.0
-2.5858140095648157,-14.901507785433163,2.304261404521325,-3.0605702527772065,2.0
-4.6330231571190446,0.6215281145309355,-12.875029527034346,-3.520033278916418,2.0
1.4041782819640993,-8.938126669033887,-6.094121610445472,-3.4638485250672537,2.0
4.650422809327695,-10.758564821140444,-8.826123193201076,-3.9158452626426516,2.0
13.41011449077158,-19.330345777093633,-13.404983795603988,-3.2514739934504946,2.0
9.317385180369612,-7.042157667235971,-8.562466669086422,-3.5910053110491464,2.0
14.60796778096896,-22.10897836725791,-12.50292596846354,-4.137100572923009,2.0
9.160045129303773,-4.240496627488493,1.6394515071156999,-3.2537077673950456,2.0
1.173776003023331,-4.685881907893405,-6.094211964615547,-2.1989095822199216,2.0
5.901592234538045,-23.1253633487194,-13.448110965965151,-3.378130061229658,2.0
3.924935877086804,-8.280730034516438,8.669946792229286,-2.610271032190031,2.0
4.568404748489967,0.9765800212871287,-14.668179527222534,-2.921843062798807,2.0
10.429849320646682,12.971704773132156,1.3099835068277539,-1.6254711979766743,2.0
5.675164133397162,-9.5877472173352,9.382275399829954,-3.7081040185823895,2.0
1.4436356138223072,1.3111980506066292,-23.571867822701137,-4.577192800247813,2.0
0.18130325056194585,-9.633095938450591,-0.7153106284491466,-2.9742562078144683,2.0
3.965943618995696,-0.7522528435605573,-1.2902050685861983,-2.340119145761733,2.0
8.643660430518882,2.630934679446151,11.121004968130041,-2.529150710593439,2.0
15.43377004161786,-0.3740510473114327,-0.2490026321757446,-3.304089965361898,2.0
4.186695962293981,2.1982954517463664,9.731418434640611,-2.285375878024481,2.0
9.145815934767631,-0.3478643478310559,0.5856319034463509,-3.286629324337439,2.0
5.569054775869441,-5.739717869340582,3.358938413737773,-4.123177077270405,2.0
2.47943310936624,-28.478251268713205,14.675227469825515,-4.278209193897968,2.0
-0.5996790189344343,-34.64657426884868,-0.08397398686793611,-4.442855456182051,2.0
4.466050130920724,-23.909981829921307,15.578415078727915,-6.614268676761317,2.0
4.368775112891036,-10.164915781912452,-8.857945130841912,-4.73842824737579,2.0
10.046723043868937,-17.768246385089952,-9.570941975243397,-4.056837142044525,2.0
4.484569125103286,-7.64147398484508,7.012042972256365,-4.410851003833998,2.0
0.7811735462445171,-9.912451212493703,-0.1100138806109685,-2.510208372998648,2.0
1.2665522822556046,-1.4103360576943502,-4.4854673494986255,-2.462148539768088,2.0
2.0775898921914244,0.09665422901625353,-0.8854259576620347,-2.2995895082301168,2.0
1.7831237692978412,-18.23047108357857,-12.747806053235248,-3.1876376065756924,2.0
8.37740774059867,-13.81578671151927,-20.098380901252014,-3.9942784950515127,2.0
-3.1531185172250598,-5.021061302695329,-25.625875762120195,-5.127105789292029,2.0
-10.1757232567523,3.130072131098855,-5.838532896873096,-6.075634429689206,2.0
-12.377961052147555,6.6467014196979575,-2.394898706477056,-2.8827806737580524,2.0
-1.254283223092082,0.4174259542026557,-4.849587577079493,-5.127595842055839,2.0
2.73066428952101,-10.14823924013316,-11.093318056698523,-5.428418457388092,2.0
5.078296481684152,0.40351804102925115,-9.266083951980118,-2.91205319882372,2.0
-5.770999049748971,5.590880775363315,-14.10890069611423,-3.142897101872389,2.0
10.09732390473857,1.572101516927729,-0.16898952259325206,-3.834390730803855,2.0
-1.9764177549677564,-3.1841858805906806,-15.090417993957212,-5.871879410027564,2.0
-2.7314293738753355,-13.142295333785516,-32.17869981340509,-3.2263285583581984,2.0
3.817278728708664,2.904278565122704,-17.96869509003283,-2.4897503728982815,2.0
-0.8366485477517371,5.232345524535422,-16.55517570293227,-2.3338289425917944,2.0
-2.2410722975249375,-7.983071580865497,-26.72285207217709,-4.176061888710137,2.0
0.6094495473465573,-5.860029993097442,-24.22492318780896,-3.8901369278551012,2.0
-5.829609528386083,-15.808075420921362,-16.549961111656508,-2.2782625322396988,2.0
2.9714554272111764,-12.80941003240346,-3.732593808972025,-3.9503930263747358,2.0
2.0954188475221347,-14.663978499528419,5.063206993847064,-6.133462462339182,2.0
-5.411657453002696,-7.575921546428559,-4.421128665560035,-0.8876914122761326,2.0
4.432206944371116,-9.607296950028726,-9.760759729562,-1.6584206972899889,2.0
-7.506544297811296,-19.67077892339564,1.1341530374371036,-3.5638724000543984,2.0
-2.2419365207374873,-2.86150560965576,13.42872283278307,-3.983322572359076,2.0
4.38811711653267,-5.907196691210563,-8.680710992315646,-3.7195685384625112,2.0
2.976761846505793,1.7403273158207355,-12.377496999785874,-2.3091017107313583,2.0
-1.348981170491815,2.7936967877587975,-8.56666858826384,-4.345014764824253,2.0
6.542319476020307,-13.497377500184236,-8.621177485724314,-4.234964297464361,2.0
4.079327273146009,-9.39000321659384,-15.934569307194202,-3.558266945644973,2.0
6.280227356945296,1.8401075214491973,-4.475158398332103,-3.9853404440893803,2.0
5.941501651394974,-23.73305967049075,-9.503345219327567,-3.462970966850774,2.0
10.030319173231232,-24.52878916380771,4.586571453509263,-4.656566470887967,2.0
15.53664150510414,-18.699301097400625,2.763023775384143,-4.325522195709708,2.0
6.05135354057996,11.436764172528495,-6.020497305432235,-3.1849052213128974,2.0
4.465614146550026,-0.3104095833057796,-9.320709005234452,-5.4898635433249945,2.0
5.739176579603427,-0.49212721449541874,-17.641304381104796,-4.12386730901478,2.0
7.9451272796417,-0.8236076054912669,0.6882468867606706,-2.5986346350557707,2.0
8.986687589497587,5.806744431786143,-4.68131228192777,-2.49221782094004,2.0
-5.123833042457305,5.7574936438345645,-13.500019985033658,-1.2224326740132108,2.0
-2.0628513996381996,-17.032747666368493,-8.12788876942219,-2.134615301984448,2.0
4.6621464959361285,-3.513832042543638,-14.396268192257285,-3.948113221732857,2.0
7.1338622248648935,-7.835828898359525,-8.067777926958883,-4.15142499100928,2.0
11.654703110969624,2.5772110389967073,10.043809754434616,-4.223787414061667,2.0
0.4121441164497477,-4.498373237023943,-12.676608666981675,-4.154585459869077,2.0
-2.2696260361863683,-2.5848687439340026,-9.99233344396886,-3.998894203586594,2.0
0.271844512491767,-7.068605357521809,-15.483135615061975,-1.7627963017871957,2.0
-5.255130907096078,13.036727553939258,9.39441411613006,-3.2930854475649776,2.0
7.173679991563492,1.3710337468624783,-0.17206469152895032,-3.454736649655752,2.0
10.458238335047966,-11.924579343169718,0.30914541462244394,-4.068603354894423,2.0
6.165764774722669,-15.580385136442937,7.128681992167021,-4.239803521733839,2.0
6.497729369909658,-14.842677523654471,-18.534401901672606,-4.0136849255368,2.0
10.279474968959656,-7.5388955470461125,-13.934411248040703,-2.9148701920377937,2.0
3.263020334995233,-5.723334018185357,-12.111122738332284,-2.560320793344994,2.0
-2.40626098599567,-19.475604038162142,-6.926972078956816,-2.3609780109101495,2.0
2.25590106824837,3.835548400179782,-10.723719426808657,-2.2700066120856937,2.0
2.5048132437351893,3.1139942748157114,-14.39792129291336,-3.7017267066309296,2.0
-1.2760179062731325,-22.925986402262616,-8.473463969019111,-3.943317807991395,2.0
3.1653193536846174,-3.902972393420719,1.1177353545007596,-2.7489893967611785,2.0
-5.543669619522261,-13.160024900514177,-16.905924459797344,-3.393636585155017,2.0
2.7812254621370456,-8.145951835673229,-14.038812671265095,-5.506593774907582,2.0
10.228009634281378,8.377438439324198,-26.14423721832402,-3.4173947704209624,2.0
4.784432320545337,-8.115004319960093,-9.827051177585055,-3.1362670454358716,2.0
1.7752573229002335,-4.271749524305085,5.799165225375413,-2.96512172018119,2.0
3.0231389711517753,-7.474441308939625,-2.7755682453047132,-1.6176548847505297,2.0
2.2856202008402993,4.6145279235610115,-12.583419390926402,-3.051417493535992,2.0
5.620689168834064,-11.083383331956357,-9.648141496398587,-3.1281585244928625,2.0
3.781391453148426,-23.183016249188327,-27.549596146098633,-3.6454896852871492,2.0
3.20532911490065,-17.5064032227216,-17.279758811075823,-3.5421249805903714,2.0
5.188871511804619,-12.780766902116694,-10.1450646316543,-2.9869398924497887,2.0
6.025284674708477,-8.795737741130186,10.287481081806913,-3.3950278177612683,2.0
1.0471315297332624,-16.582103865301406,-6.174739810006268,-4.433630441195975,2.0
3.072201924466966,-16.852659549305372,-4.577011491808658,-3.3566163684630435,2.0
2.6376557421456646,-7.529221999873911,-7.042833931173387,-5.449469167403902,2.0
-2.0946721768771983,-7.494441333076203,-13.96562319385337,-4.559537913652633,2.0
-3.1096278446577785,-1.6956259995214031,-19.586340693998885,-3.343673366238575,2.0
-7.960340653662893,-5.0020939945158815,-3.1148346941559257,-2.5105182963255013,2.0
-2.548194882250446,-13.464849617756162,-20.194218879937942,-2.5623255201918873,2.0
1.478482949699272,-14.202956100284283,-19.388439145713598,-1.8305461816709054,2.0
-5.79699535075579,4.564593998318821,-4.488417377877174,-2.871829832227607,2.0
6.696618839827784,12.775239950444918,-3.7892864374722945,-4.041666579869116,2.0
-14.676158433853221,-1.1696503088931571,6.738875346011417,-4.319996735825978,1.0
-27.79294318434115,-1.4650679297167462,13.304297323528917,3.266725272973341,1.0
-13.796999583201364,9.412525804240357,-0.8790821962572526,8.449241219364312,1.0
-11.124192264013935,0.5203714148727503,7.8181486539824,5.06816217384693,1.0
-0.9831165546298575,13.451215419166681,9.407139687376421,12.995701940592383,1.0
-6.807357846174736,1.80056540487511,2.9383292506280108,9.971179861121506,1.0
-10.759827842313227,7.523389358461223,2.5852192845115862,9.162918553580063,1.0
-7.830277471937347,0.7033503353402355,-0.8277419983210583,12.497613204220112,1.0
-7.560171752939427,26.365365522979012,12.794742308225786,17.09005015636017,1.0
-0.40648875329355505,0.3125955259290647,11.364941264294929,10.140508339542077,1.0
0.661526193080392,5.014127825937049,11.404980864438228,19.373037259980507,1.0
1.1610728434303752,-6.907599872845665,14.461884653394147,12.409587685600636,1.0
-5.678720691377201,-6.933582532639616,11.269456744090785,6.516988362124545,1.0
-21.21394407008688,2.978965455895568,15.680552193741773,15.263256465097694,1.0
0.3055549080496771,-10.957515195258551,14.181213237218264,18.833733980599977,1.0
8.218258712432078,-9.935071588308023,12.126937510310643,14.594175019867354,1.0
0.20919242887594436,-10.16418837758006,3.8626566729392047,15.299389918503195,1.0
-8.473983763526919,-13.052336322826536,-2.65312092588489,9.198522134306975,1.0
-16.700034488994607,-13.270316427457145,5.41718912499315,10.176819602488912,1.0
-7.232938710802959,-6.512278545820209,-3.585846640333169,13.265341590631383,1.0
1.9904431781629883,0.6370206214330958,13.81873741455901,14.613024798940152,1.0
-17.589094474612473,-10.344510422880557,12.013478534488776,9.563187904894786,1.0
-24.601717303211437,0.6512885503442454,-2.509827177183431,11.483395398177638,1.0
-22.549497016765443,-10.576768198481478,-9.788940687516536,15.582514087803952,1.0
-24.593936218854864,-15.965391441672857,-10.148596571428808,12.756977656516662,1.0
-17.921841146589454,-23.598407938398594,-26.080144111907344,17.573209813481828,1.0
3.2265920558285615,-21.59281512740823,-19.709463716199807,17.262724559490955,1.0
2.3200565330289606,3.0298690537338713,-21.219359397172873,19.412734547123712,1.0
1.8994621683882036,-0.5061114388719119,-19.95482548257773,13.879340949463018,1.0
9.408371595980128,13.971587968208553,-8.018353538823046,15.71308050361559,1.0
10.021466877806638,10.207055506691379,-5.866659761463451,15.780742762349021,1.0
-5.749309097035848,13.262038280707923,15.123125589922648,4.889710897897569,1.0
-14.137670738495984,17.035614604366316,1.1449060351140528,6.187592457523855,1.0
-7.48917264591095,16.492090570257027,-8.980993697206642,9.980041873319461,1.0
-17.642590720533708,3.517514010394322,-10.93205366412316,6.940836968134367,1.0
-21.684195802096358,8.18160724602019,2.302217178899304,10.7865625103111,1.0
2.080672705869258,8.595624167981399,9.747828994247266,7.320652260805814,1.0
-6.427094807130997,12.867639383938677,16.55456772613203,1.2205554337363744,1.0
-25.77214036494593,7.507001378166731,5.400307063471464,5.768640277932423,1.0
-11.676497503694971,-0.7893474655929715,5.689362911913868,24.421053168496925,1.0
3.50923008467036,-14.191616459303006,3.6621660706542007,14.92648234022882,1.0
1.340656767160258,-17.66180560952754,-4.512209070850103,4.708845304572209,1.0
-5.254831713015872,-12.887757259415254,8.102197141564453,-4.463937723795709,1.0
-12.644956759932537,14.41401431872765,14.038109632184927,2.747266753840414,1.0
-10.286865783038184,12.610747543746848,4.96856032072939,-4.054256090616091,1.0
-20.284923470726405,-16.39350858936173,7.63185236411048,8.708841359342655,1.0
1.824792692220015,-19.22006344437395,-6.061742719745042,8.567133084797213,1.0
-22.213573454496885,-0.16801013644049334,6.5076624005830075,1.6054441098535666,1.0
-15.519715679849504,1.698634741550138,3.767513791330628,3.8866197447875788,1.0
-12.92765521874046,4.845632501783669,9.051104223165343,10.93794796166621,1.0
-9.723412360475134,5.360482921204332,-6.70631013800757,17.365381290767857,1.0
2.8232771946652413,-8.226466836431284,-10.0245274294948,16.28235559310976,1.0
-0.12074255810072465,0.3989980659150336,-1.01078554996927,9.822206646129802,1.0
2.398630060347438,9.159366589122321,-8.735308886658737,15.257244071370957,1.0
-20.041108503773277,23.492443937636637,-10.21353123935497,13.687482996539947,1.0
-25.87282751025302,12.262977216013272,-8.305880420553253,9.177060420553367,1.0
-14.419871749192092,-6.776370124648443,-9.40765642632555,17.23176321551132,1.0
-26.27424573642649,-5.931324948687747,-15.207639127612913,16.77927328044688,1.0
-7.619613086711089,-25.8342273848397,-10.891449807003955,16.498691463335668,1.0
5.123869910628908,-2.828111917225476,7.825014821057833,15.609174984279266,1.0
-11.843560702567856,-2.1157459930184777,10.764192078731607,5.81357235759096,1.0
-18.109788691627955,0.0556934105315855,20.581335993172797,1.2776649714379218,1.0
-22.158408541920057,10.351449887519006,10.661308921993472,12.972373091456507,1.0
-18.94867873521308,10.694459907916364,-5.984483759827563,6.81449742489675,1.0
-13.814970073100572,9.593149541210394,-5.997975255714829,3.925406709551079,1.0
-16.292451239094397,-12.926655763599216,-1.0019898696165401,9.00291484148841,1.0
-3.8844637635440495,-12.891065217158756,1.76003094294791,13.593083568646467,1.0
-3.422036330219232,-0.21938328829236897,20.59029918868692,5.904535744169548,1.0
4.777038701875126,-1.3986409842595933,6.125293382886418,8.609690185191585,1.0
20.252706226457377,2.1699212056921118,2.739713418068425,4.4752603042781836,1.0
-3.9326621684791405,7.111313120520464,13.031267882340618,12.181905225841366,1.0
-3.465777100267612,8.933723932153544,14.514133762256591,6.68110787126607,1.0
1.0644394875991665,1.0274508835382155,5.571361924731036,8.934404763382396,1.0
-12.359026578468306,-0.1895437847678254,13.230810526513261,5.199099013223083,1.0
5.100709976897329,-24.328364036854975,9.273301278340824,10.31612089584148,1.0
1.5040524845137977,-8.77571725927548,16.93211366278124,18.575902702685255,1.0
-4.493627220643489,7.130792396585745,10.819759688973452,15.602112040315788,1.0
3.5761368164446115,-7.096742862378406,2.7577767303262846,14.145018525946572,1.0
-7.167666196447145,-21.389565796162543,-3.405030128065308,7.002882203842771,1.0
-19.632772662565717,-6.2465584286075355,6.358205026167633,6.121687010129545,1.0
-22.64304015939797,-2.1387114870682247,-7.547206457262751,3.7818376993001594,1.0
-26.102831732044862,-8.497413866142452,4.745882927142742,1.8908553716717567,1.0
-8.723270866653603,-0.3275865912807028,0.1375267779604794,9.305041718610601,1.0
-20.488507033294557,-8.716009591768914,2.979735271105338,9.700161423920825,1.0
-22.99331287703483,-12.161770831346631,5.444439620556428,9.500651206580454,1.0
-7.249416294506452,2.761228427247671,2.9563208579929814,4.883112664674756,1.0
-0.37308398223825456,-9.383281200361408,11.683169191590986,10.534844517408455,1.0
-5.2960204452222115,-4.989713365017314,-18.798514785845775,10.132946449839439,1.0
-0.2836174244875931,-7.854886417708357,-9.421183592285454,18.739502834891645,1.0
6.742083880408519,-7.716718318139007,-15.836628207235101,15.51426130537812,1.0
-3.6974308233919,-11.864158092224944,-4.3316222910508895,10.724348547918218,1.0
-22.136110013237687,-10.45914102418892,8.350015135684709,12.585514828339676,1.0
-18.14988227921131,-4.376914229718307,-6.831977025527847,9.968428266673401,1.0
-7.421109484499425,-4.818748784916077,11.760664777617691,4.292427240550397,1.0
-6.952801152246869,3.04784403073252,13.376441161181603,6.355340851252812,1.0
4.772476403719562,-30.068269543855372,11.874779068533446,4.755977103336272,1.0
-1.3503001813129547,-27.324069743438308,-1.608085671390343,8.37150666141175,1.0
3.7364724948627845,-15.34320154008682,-13.644281041164938,13.241132100347066,1.0
-9.854087156525743,-7.034699963482021,-18.12881973874488,10.417655644313069,1.0
-8.589343965510455,-9.98321345368722,-1.0245304584967077,2.9941283112585637,1.0
-4.78414930603239,-8.863673387231778,12.149749645692543,13.990645500844401,1.0
-15.270074758156026,-16.329457063981298,7.184523983736407,10.9252257243593,1.0
-12.250895552127012,-17.765929237330646,14.637999134843836,1.1093313180663102,1.0
-22.19606554756109,0.537849692572951,10.512483811450606,-4.834008074888496,1.0
-16.58530621624852,16.324321881716422,1.9944461137853065,-4.650795608421024,1.0
-18.493745003469428,4.309463668163756,-6.287629829442147,6.770360328400513,1.0
-15.269177724161018,3.5198161866983964,-7.879556477430042,9.878429904249813,1.0
-21.079765954034382,-3.012810891851949,-19.91784295851727,19.413218858964605,1.0
-32.321934475312226,-11.006827796014885,-11.879579320126421,12.83613288152846,1.0
-6.4927412758976795,-9.858864183429004,0.9885275386626079,12.613947795095598,1.0
-11.021900854648445,-5.0721505464209375,-2.2505962626485188,10.75627951355836,1.0
-17.06644246012847,-7.893093233195958,-24.890224015639507,19.012083539493144,1.0
-15.329680575327385,-20.95771119420611,-29.540414752382723,18.75442619869723,1.0
-15.285329210065402,-17.914656543703792,-33.403747532548905,0.27009919882232447,1.0
-26.492772696959037,-14.676752357803428,-16.62237054457995,-6.51889407999541,1.0
-24.42554635005837,-27.20727256028997,-18.513761260140523,-15.495053168885994,1.0
-23.055309720966775,-34.67779955483708,-24.2070680822097,-22.423928492471205,1.0
-22.01436326842109,1.0002085392173212,-19.441488504144658,-12.411968207222163,1.0
-14.319083655439863,-6.93496075128747,6.825876535605181,-17.963795746375393,1.0
2.652752054467175,-0.9990178066559086,15.14748842849065,-21.796430702658107,1.0
7.35442663421458,0.8365886689380302,-2.997373755308517,-9.785001796766364,1.0
-4.301214944368936,-11.286686319319244,2.83027297616201,-10.68276132423776,1.0
-3.5670493294437247,-6.378776505815139,-5.31819402344094,-15.161078433389646,1.0
0.7489148132625587,-19.602666044151313,2.4523072001507034,-7.952193301192905,1.0
-12.206412353971867,-6.194101790760484,1.0912430495097754,4.126083383059992,1.0
-14.932748668244479,-25.579374339216493,4.476252695615482,-5.870572326844586,1.0
-1.9836540627700283,-9.00276286839646,-4.690914199561023,-10.647365403935705,1.0
2.843201544064936,-17.698064692401108,-0.6132305961204452,-11.246080822967254,1.0
-10.311961982186752,-23.283376370382545,2.213952129820697,-4.5891585997176865,1.0
0.6787783439935566,-9.510532398924981,-1.9805174314757341,-12.802737822627275,1.0
-9.054924078861726,-3.60115804446617,2.3795015035868587,-14.396703402519293,1.0
-13.644828814873996,-7.777874583343331,-0.5650503648476537,-9.270706058566127,1.0
-6.4088631118372295,-3.7787159834930817,-3.9155100832871312,-11.3575334569936,1.0
-21.947061797128665,-3.4789712106253763,-1.189773518825004,-17.116955451589895,1.0
-24.699177493918942,6.650070314634451,-17.477170849368946,-15.055996620799354,1.0
-3.9353101707388802,9.400541163069136,-14.628926299085453,-4.030578247079298,1.0
-16.475422303236563,9.021562337216675,-13.005168463735407,-9.97535143569019,1.0
-32.76569266371935,15.872196888441986,3.8239557997792595,-2.215796163306929,1.0
-25.300216413909705,19.541489262823188,-10.89122460470221,-4.3960633295544636,1.0
-16.49400190468761,-4.917322291216228,5.341019732969721,-2.5725507443973,1.0
-11.475914104341312,5.1712325639446455,-15.47983518965643,1.0490102544305326,1.0
-5.880412564631512,-15.432172923704668,-0.0028984850621727176,-12.044910717099217,1.0
-25.05922830982951,-11.33202159577534,3.277321422203717,-14.36276291385806,1.0
-17.345237567086745,-13.276268555609706,-7.816066253152275,-12.402276290069342,1.0
-24.112169385389073,-15.590646140715215,-5.022391656647271,-12.858808046471637,1.0
-19.754034805417668,-12.826712519093643,-4.696256846873455,-4.4956717743460555,1.0
-18.79705035072169,-6.785337926818003,0.662396989497585,-8.990155872898217,1.0
-20.866292031926413,-14.744824310086619,11.448099348158753,-1.790262008602621,1.0
-13.66349137107102,6.1346774530923165,13.293171530294675,11.312104633296235,1.0
-22.41305230217038,8.791370187541254,8.364324304652904,-0.3650696315964632,1.0
-31.588900996562714,14.267619372630984,9.720774104030077,-16.299682510462244,1.0
-23.62355914355866,10.304298883523845,9.948659054665098,-13.37757097184009,1.0
-10.381104700847406,-1.3072219049893956,5.957028811482248,-15.659826236492492,1.0
-7.710269578913213,-7.3745906802900105,6.453055940503459,-15.600049168343586,1.0
-4.558584519687143,-2.805173297831315,3.1376845530754336,-8.503959393907872,1.0
4.412045344100212,-4.048579709227695,-0.17661071262904926,-4.781316737496847,1.0
4.909796993473222,0.18139605301877637,9.25721258897972,-6.513272175216461,1.0
-10.082630447400074,-10.503209449641915,4.4652368907677875,-12.967005135956649,1.0
11.00054990116936,0.6801949816688193,17.31374299699216,-17.562862857374363,1.0
18.957923362075913,-7.2407271816063705,7.837813525409182,-16.329207020300736,1.0
11.649237375296927,-4.102824489152935,7.066196741488604,-6.969866031808187,1.0
-16.423623649568277,-16.958936829926266,-9.030038158372044,-9.59572966889252,1.0
-14.620935684941834,-13.327551519076735,-7.226092340550922,-12.33820428406007,1.0
-9.164458159709211,-8.662628153245162,7.498505475880515,-10.035140192043425,1.0
-6.266098232508579,-6.897578834105858,4.224827466824134,-9.503750697372167,1.0
-0.288472375995358,3.0255450167576665,6.155205936243547,-5.627218301878894,1.0
-15.446251900397478,-1.202420402560839,-4.126350209352568,-10.296857772445142,1.0
-16.26453933523447,-2.855025229798538,11.820501072205737,-7.935150987332515,1.0
-15.373042481340478,2.1669269283285635,0.8728006568869087,-8.516960680274389,1.0
-10.561633277608825,-0.3012389093896912,13.981343022584108,2.5748903588178864,1.0
-5.1447303090958,-0.2712026471339466,5.620887519896188,0.16779962185176078,1.0
-0.9230100662276914,-9.223683894213533,10.760312998244203,7.834173702314994,1.0
-11.900591356813393,5.690884511196923,5.26776479403022,-10.7432409296709,1.0
-27.52272782698448,-3.265049714880016,12.69155612764083,-16.125383692720686,1.0
2.7231890061091715,-10.24416868157828,14.44297872140379,-14.48136300189809,1.0
10.719508975627758,-27.24897172427849,12.195597257573407,-10.314139789905187,1.0
-4.360379404381998,-17.111138075437424,-0.5705484562694134,-16.938530519361542,1.0
-2.680781406163274,-16.593082015827214,-4.661904353875424,-12.915994928308825,1.0
-1.235677011329134,6.15380096918603,-9.292322716744106,-13.74930524620038,1.0
-13.537783997120426,-13.439719048323262,-2.496530863966714,-18.10183473841789,1.0
-19.358567210250428,-10.078567415386246,10.387365171645827,-21.55066718097996,1.0
-24.305404036052053,-15.361172793066538,6.500385660622973,-7.290071611692109,1.0
-5.931483548490614,2.601679169556853,-11.182151160524292,-14.852992678529924,1.0
-16.835963941760497,-4.9898479403442515,1.8919018519162023,-12.081221920193766,1.0
-24.878327159621804,6.125871484775953,0.8184476261482301,-13.334535454264266,1.0
-9.561444107275927,-7.193729444484307,-3.506967284344554,-18.760023923332735,1.0
-17.526392228213943,-2.2321108562465675,14.935232556274501,-12.552595265742884,1.0
-25.533277730549234,2.1221430668515264,-16.9589225901494,-17.835692434273685,1.0
-18.029352700126726,-0.816250877383931,-7.043560809433689,-5.391783624898974,1.0
-24.36614107069166,0.752970918552391,12.01916481102488,-6.833344583297703,1.0
-20.259598179579836,3.2141854649569623,14.35473807904303,-10.377155789747277,1.0
-18.48937493714888,-1.3205090944819524,17.308865475585435,-17.125790313362106,1.0
-6.807704683550269,-14.121417032808692,8.400284694291305,-3.7308099029611856,1.0
6.7620382648584965,2.5754174757471353,-3.6732173082221866,-14.930587221931784,1.0
-11.982618629441951,-0.15756235899836746,-12.578383347128883,-2.9651011329896857,1.0
-24.901203932581602,5.32547746762398,-20.538235927425596,-5.290584094151432,1.0
-26.00405557208061,4.278163309149741,-16.847727937098053,-12.219143462310925,1.0
-34.75513889039442,-6.838632095854937,-19.89964676090895,-6.17263054812434,1.0
-26.591685226744623,-10.05033982740487,0.9790341523002093,-10.895647607215142,1.0
-19.465395841767545,-17.968731184818317,-1.6847726901132405,-4.146288439801461,1.0
-17.965805939446575,-3.6594585551011343,-2.6168455130180606,-9.915120036951254,1.0
-26.66708018261702,-11.80104131283494,-2.3125266296015625,-12.549534094115154,1.0
-10.00032404193169,1.7143598178645032,-5.415617051781584,-14.385021243157182,1.0
-16.948635564007063,-5.620360040674395,5.2434461575674405,-12.021741869838632,1.0
-4.919803032947181,-7.847318378119912,-11.82118527594764,-20.566651406808834,1.0
-3.226390323052067,16.97222750962694,-23.395135080371016,-8.377115180336512,1.0
-11.015426722972549,13.63925866312171,-17.357884769725803,-7.686121651420653,1.0
-5.489798167670214,2.5225245030037655,-2.856388683970609,-9.953868356661001,1.0
-12.62075496204454,10.185338043600535,3.105462894811906,-5.487001698445125,1.0
-22.56592628702492,10.339402180342447,16.2065014123647,-11.202493031816589,1.0
-4.8207876559901734,5.644406234433715,9.190102259930866,-14.430730181144341,1.0
-0.6394245053903127,4.17825765953708,17.36771363178609,-11.135173163965595,1.0
0.11306420384789106,-7.144048359317638,13.22371683055338,-19.815342129397777,1.0
13.206251368894208,-21.669871310530276,-1.5634628237738686,-11.943141209759153,1.0
-2.4354921279600354,-8.728747649741187,3.01683808942471,-11.470681601589792,1.0
-11.987213142410962,-10.969079193964689,10.752889152583961,-9.053217605941695,1.0
9.980276325085276,-8.726978573161364,-7.4292732716962036,-9.835841126058948,1.0
-9.654564211047507,-4.537443452503563,8.384167395178254,-15.001941513545576,1.0
-10.695552444557203,-8.760463988201405,3.7095456791050516,-11.220687287081523,1.0
1.004604008784753,-16.320694898052963,11.062696418566116,-4.192801849942985,1.0
-12.078876864695674,-16.188048908321157,-5.638735474265386,6.264086852656641,1.0
-19.92221886895218,-14.570154357061531,-7.1669578251490105,-0.44447117565719907,1.0
-13.732560534863246,-21.79990802492558,-3.782007484706254,-7.233388251504785,1.0
-12.69824113744969,6.663733331405641,14.427659135792645,-12.367705079238398,1.0
-12.32464960945293,-0.8981363300026786,13.679301573243649,-9.203411926195216,1.0
-5.982109411537592,-12.649021631774486,14.298526990772311,-12.201835320113092,1.0
-15.561932114044403,-23.819796490817453,4.27197718487552,-12.36649560113851,1.0
-11.833081179074915,-7.144783871767218,-7.903792783969637,-9.625279563454807,1.0
-19.181321206879527,0.9991173817078094,-11.692776727246965,2.856790290070376,1.0
-15.193237850635072,-1.5997883973541613,-12.860477184498661,-1.5593021192353387,1.0
-14.13953003473751,-5.908280964230191,-6.054166344800255,-2.9806215107013743,1.0
-9.082402093077533,-25.80234307776542,10.392342963951563,1.0395957135973768,1.0
6.043389586875923,-23.731546503443674,9.056016293472364,-1.3437423085369817,1.0
-5.253338531581183,-20.043470438978744,0.3232235693207084,-4.704193496322819,1.0
-14.60255009004927,-12.715943714735612,9.049506857288645,-8.118715471169786,1.0
-15.622322121759252,-23.14573614197767,15.966714671667768,-10.718074126311265,1.0
3.700657763904085,-1.907372817532979,15.42161809098074,1.7131260752538953,1.0
-10.165606080623864,-23.76147159846081,27.746992723212152,3.469895757600482,1.0
2.4681920432188282,-3.6467578416608752,21.886189838184826,-4.083569187413906,1.0
14.531713535019922,4.851627025286546,6.928072961635598,-8.39109591741143,1.0
4.413404840655513,3.703525915839214,0.8688709594413286,-7.907307329243391,1.0
4.025705269676811,-12.45082820316837,-0.6238309924774643,-10.034488280243114,1.0
3.226142684197093,-5.511455085629324,17.022353591821307,-6.3205579283001585,1.0
25.025227029963816,-11.03879590100825,1.1925053603629094,-6.692131301807889,1.0
32.80024383466538,-10.859997701921454,-7.841401618199497,-4.078846996295166,1.0
13.35411325196178,-6.0557510476419925,-12.708277241279639,-8.35421441279301,1.0
18.112661430542936,-10.872598143572322,4.673673402351267,-11.145098291462306,1.0
12.007100750091439,-7.965590655459209,2.125173108299409,-0.7404350424314874,1.0
0.7256340576491018,1.9698305815085266,3.8519988805230856,1.5890468083256684,1.0
-10.886912954358866,11.323578210633992,-3.8863977609591047,9.529646635637853,1.0
12.408373678704105,-1.7950549140026317,15.470208123784758,-5.6545759463442025,1.0
5.732621990393029,0.7056553107825394,15.925319744723664,-4.984795543076496,1.0
-6.271529420617863,2.882482971574049,-7.856877683431163,-9.557112403478483,1.0
3.6696483702640537,2.5166593183791934,-5.05197147872329,-6.685746262357045,1.0
-2.624180996762786,5.5012130048628975,1.0318690903225307,-12.163829455635723,1.0
4.1215169738401,9.16829237038619,4.236144769120666,1.6417147456774108,1.0
15.40999233911371,-0.11259312523978982,16.483964359219108,-6.11443334886396,1.0
6.5853618976230806,-11.077118928227272,13.561798116897208,-9.715065050820819,1.0
-1.3751929223669181,-6.100435976589326,10.459652234164887,1.3341950284027857,1.0
-2.058897594296947,2.890541056659696,-14.46027595738503,-6.823157766268285,1.0
12.116108570086407,-15.864125921521504,0.6727696966480299,-8.019363833048946,1.0
7.920683515288259,-12.704545968527917,5.948994996928112,-8.299326256644262,1.0
6.667068524749662,-10.752220176181176,-13.592947693006579,-13.955010565906736,1.0
-5.854614078854427,-11.466928963055075,-0.5061122071695987,0.23709120582436682,1.0
-6.4413800602128415,-13.288428178263326,0.5292809282383439,-8.47544736055012,1.0
18.184025372434697,-5.96632292025428,1.7316108433587853,-15.565962564661197,1.0
9.033249254016802,-12.440880284974265,0.7234704930740605,-4.57765810101133,1.0
14.332236780179468,-2.342065358144729,5.318632725366488,3.0161653123620145,1.0
9.014646135721193,-2.9513311722038797,0.16480759084872987,-4.364779350313507,1.0
25.510628256656386,6.1908862841408805,-1.3589894607164248,-1.9599769424352693,1.0
1.3608930824486904,16.89763968244329,-8.248890285688326,-4.60641436037617,1.0
-2.0539648034481033,-8.389725149298044,-1.2913633830487967,-11.653340958872809,1.0
-6.257341716804216,0.3539414643011578,11.298168573379714,-2.2440754823824847,1.0
11.197361150579978,10.6585008607957,5.9231639891846735,5.415640545645582,1.0
5.864835033169859,12.663536201696695,21.66294953187038,-6.911191581452861,1.0
13.500876576550933,21.891816781234674,10.28198050038696,-4.055981850013563,1.0
7.544227007161325,13.142039020511982,17.573773578290904,2.1598226217000507,1.0
7.742493492350805,2.211792979223726,13.068948338465798,9.445151138332207,1.0
4.119452184154796,-12.411745975797047,21.902075770246796,-6.811312423960202,1.0
5.439520404699008,-11.312932215748816,17.142353234728635,-4.488344070740802,1.0
4.004702039748867,-3.481341639913815,-6.724241244340729,-5.785018286883679,1.0
-7.081104459068869,-5.395716192682166,-6.1997633620459665,-1.8389304704263758,1.0
4.784333675621427,3.8634259790387944,8.00066313899902,-2.746927666352183,1.0
9.209905734177656,-4.389114430998366,4.590545295601116,-1.8296284238385714,1.0
7.68674688634542,2.7826221696001037,17.23830028078373,0.42015346167593925,1.0
0.711627500140902,8.585482582379313,4.1303637782584515,-7.799258054639967,1.0
-15.897937578036776,-5.24552225373931,-4.378468814462568,5.468197837640145,1.0
11.069473611705359,-19.66410372699042,5.6032188030791055,1.8583629089054545,1.0
15.21241263342826,-15.353380231445126,0.028770032144280977,-12.74680781201797,1.0
7.904688508046727,2.1974206315816516,5.629123283525826,-15.359818510789982,1.0
-7.1383655146989735,-6.244586370612969,7.0618472376822865,-9.356838438189264,1.0
1.5543692295914453,7.177650969762507,13.033423381964836,-8.413933034575212,1.0
-2.528689717914547,11.675614634774208,2.5601454964787314,-4.016745383837474,1.0
2.296869357136699,7.303600020350801,10.757295023427972,0.9676041721717992,1.0
-9.756659026121572,17.27898059252839,12.801946242373878,-4.874949918181787,1.0
2.2196010299752733,2.3939048381889707,-11.572634191621678,-8.487306212920764,1.0
6.112268990033971,7.007377335366869,-25.44379832753907,-13.908994917704865,1.0
-5.559516522294155,-3.554672514787259,-12.320840083104656,-2.470941925295562,1.0
2.600148222742747,-14.448200903843077,2.8662336796591017,-4.0594727302492775,1.0
13.118379078535863,-2.029951214126484,1.9552741338405237,-12.738540145618556,1.0
7.525981828838613,-8.520011380746869,-3.54274148383705,-13.690822159275001,1.0
14.62090814219953,2.5367072795750714,-1.8913642403026198,-2.0160900051618285,1.0
7.026590271560927,-5.338326407939164,-5.40286221848668,-4.509806402160979,1.0
3.389681331129503,5.7390078449857125,6.237778549103457,-1.3978390583940463,1.0
-2.465555029034059,-16.210693180277815,7.210311726241084,2.3287340602537405,1.0
13.950584252472543,-5.7874354303646225,4.096743033881751,2.479377611684745,1.0
10.133394412798683,-13.230744985422643,2.156378865263992,-3.0118469852403997,1.0
1.2538271233565643,-0.2331164052089174,-6.168289108330353,2.3331385909047544,1.0
0.4582503118463137,-17.943110368585266,-11.998146854365288,2.6002316008658646,1.0
-3.3331839046006024,-13.97521627381002,-13.4343834116807,3.479204225828063,1.0
-10.623758450544006,-21.15089078464743,-9.799243819508076,6.249427883766041,1.0
0.6782959766800873,-14.28064082531229,-10.705871247277592,0.6484895386371168,1.0
11.728377854987748,-7.1757412342313875,-20.889893351564602,12.518197751167634,1.0
8.250529738000685,4.958805017434914,-6.148097853876258,1.3430886045957677,1.0
2.369201674053901,-1.9413577532187034,-4.5229986565937885,3.328211477843328,1.0
15.408784277945504,-6.933703969690698,11.216495466579223,-1.3437236429942931,1.0
0.9509724937703092,-2.518905624696809,7.9975001253787,-6.831389151319344,1.0
3.8910991439477947,-1.059880455309305,1.215413995445524,-2.2464996185232904,1.0
-11.85484932577134,-10.958428281488167,-13.192733038219062,3.6991595298428095,1.0
-11.12965815734678,-4.466863719018236,-11.637434484608901,0.8134166948136672,1.0
-5.958752683206177,-9.074027789058025,-14.784807670571972,-7.43447251958416,1.0
18.370429937277894,-2.125881995096834,-14.187646709797457,-16.33818175882497,1.0
4.343045034619904,-2.788978760255181,-7.815567997599652,-17.99627473092557,1.0
-3.400332393283759,23.531662458748308,-5.401637836768721,-17.110319830314367,1.0
8.478372032393535,-0.4055868731558423,-19.13000160650137,-10.024390357078513,1.0
0.9727887732638658,-11.661075210702345,-12.006896064028371,-6.620942661096075,1.0
-7.078896172037176,-12.974626520346995,-0.8603876291159356,-10.041898229910052,1.0
-12.104750203406585,-11.481702062583171,-8.722856905397851,-4.461472554083358,1.0
6.405216009346952,-13.137547161428323,1.6693617910698082,-0.19192490502748427,1.0
-7.370072106346318,-1.2857398673321327,2.317337712541079,-1.0639134216029387,1.0
18.331394186237105,11.03257820657935,-17.134847623480088,1.3256544857019552,1.0
4.098732268649811,14.803593877114801,-0.6785205738928919,-13.903575945533875,1.0
21.902726738646713,-3.5162718149374896,-1.4425122428884998,-6.194970467373673,1.0
-5.617205010556407,-6.344121746172142,4.3468720763582525,-5.049137555352816,1.0
0.5687545975051981,0.6613987404312391,20.234831397115727,-2.8297097596284906,1.0
2.5475063857633584,4.321463427297722,16.678320032977393,4.434864746808557,1.0
9.232880521781468,15.308883259598389,3.8039958535897354,-0.5774120182883031,1.0
7.390998601298402,-0.6074378594219394,4.806532791126281,-0.9571798762531083,1.0
10.223178432589018,-16.012651780249772,10.753408258457947,4.124556111708676,1.0
-6.403270413692644,4.720364284329479,7.525269738553899,9.037507667614012,1.0
-8.43655489738368,-6.829852485774322,1.5020749908988322,5.771001517405594,1.0
-6.547319937189158,-3.186526024454997,-1.2295161013622233,3.961181123271264,1.0
-13.541530931104246,-4.62881185356504,8.777476838354385,3.089999233341877,1.0
-7.696085074736537,1.3537678488360356,1.8029874826993324,5.2101459731811826,1.0
2.701468352674553,-7.249676272273258,-8.896353702676297,-7.336112726517911,1.0
-1.163392624732749,-9.30735009789279,-0.8226097629053002,-2.988920659607179,1.0
-4.278211381257087,-10.122859313479427,-4.579905566255946,-2.78578885290384,1.0
-4.960320148190544,-15.01626503742956,21.630433875400982,2.6079649192270997,1.0
6.772182990488935,-22.46354724090606,17.62092574194764,7.300770245138646,1.0
-5.619135546962857,-13.059190971394935,9.388002343056334,0.07441168308169943,1.0
-9.408679724687426,-10.706604855479029,-3.3365448534290922,-6.7848369444435415,1.0
0.5095803239564698,-6.597502365005142,-0.08014694898261632,-7.025672608595689,1.0
-7.669338297169001,-5.671132630603263,6.915582706836076,2.593564483199037,1.0
-8.977477107802125,-9.426573231177784,0.10007002990538028,-1.1983922590955156,1.0
-16.03450801977489,-17.444260850961918,-3.3626808010791507,-9.980038003063884,1.0
-11.501569521696066,-2.972205456402832,16.918943332579786,1.390983239087173,1.0
-11.22608993254857,-8.755197144402745,23.72896667936709,-4.834792979802524,1.0
4.479851987706805,-2.7855596031011833,20.033102086584144,-1.0835212159521665,1.0
-4.551590815470527,-9.203499745811483,11.22701802740307,1.6521797171182988,1.0
-11.66607098613023,-4.202696441634014,13.973236203294942,11.168797509901642,1.0
-12.546208119138301,16.526216615888345,10.213193327477516,7.102835039713231,1.0
-22.799586838738428,8.997437285524418,-5.518388160980784,2.465574502402036,1.0
-24.49772834712839,-0.5746649667716319,9.099465755862415,5.403759125705678,1.0
-36.56909017422592,5.250001800019305,16.65987744665798,3.7711647298821527,1.0
-32.57385991737618,-3.9903296640863255,17.487533612184468,1.793381030078649,1.0
-24.7145448956256,2.809609299928306,-7.846841944838909,3.0756464231350717,1.0
-28.62114939314128,-10.12272542673633,-23.16535141930619,-0.8418871539927153,1.0
-26.41526317397201,-10.593359644901104,-19.13908603897246,-2.1918661807613495,1.0
-17.120995691941573,-17.473479667222897,-0.00821513999436263,-3.805097172114074,1.0
-23.299705779963837,-6.341851749286326,0.5311868466394893,-7.276652975416193,1.0
-24.45177763991933,14.89135116204401,6.4556154948586935,0.6217483858405349,1.0
-18.00172593075806,-2.6944550461770893,21.242241134584848,-0.24308619154086664,1.0
-12.249825017544941,10.14468908828956,18.76464865717695,8.991223983027178,1.0
-3.25602039854802,-5.0678591094588,2.9068601815316493,8.033035716134096,1.0
-18.39032169596738,-0.004855060608825568,1.272462195138814,-0.6990950839117178,1.0
-38.11067881987337,-0.1712679403471573,13.680112679306603,-4.912434480607674,1.0
-21.19152421754954,1.0267662674842841,-17.436921572716727,-7.293608610551342,1.0
-9.187905486042563,18.375176454861954,-13.284484947223282,-11.029541999054565,1.0
-17.612965103075528,11.307588838086122,-17.95017310671501,-5.1761153153699375,1.0
-27.150323172053973,7.586622354055947,-4.073379692353059,-7.3688059541889865,1.0
-39.0665940495864,-14.710070239201594,5.363635582928149,-12.538562465462054,1.0
-2.1794635093309402,-11.991241227201847,-1.7949784480027748,4.435153198827563,1.0
-20.329872448487766,6.493832153793803,12.951032864032674,6.575334069943172,1.0
-6.330612724799918,16.531696868634974,15.337179831286173,5.537750963080722,1.0
-16.853816975946934,10.032080326692007,15.040783932282263,6.368344137571493,1.0
-23.071436328809547,15.013762869427477,-0.692981989655185,-0.7332428130283598,1.0
-12.026048811987735,-0.6577201853809944,-9.366720285364316,-7.388063371491673,1.0
-17.872628494272995,5.7815897516550825,6.766762747750703,-4.997604838115022,1.0
-10.5543160422984,-0.7958442903310141,4.609319099955394,-1.4547206209652996,1.0
-11.106662348523994,-2.7579367755587185,-5.0778693363073675,-1.2902782439255418,1.0
-6.965356197181108,8.983721295071067,3.8141016545590327,9.867831556716153,1.0
-10.76469338689812,-3.2471883392668994,-1.8425412141687545,4.55723774104494,1.0
-4.427806659285101,-12.645624884127775,-20.14330111826665,-0.6337013957655184,1.0
-0.35203243447043686,-2.872785258477542,-12.659800641642727,-11.77345416799204,1.0
-5.229073645855568,-4.346123218515061,-5.903757006677779,-4.4649199360915475,1.0
-0.042726247993222444,2.162221255161028,-19.62603969175137,-13.267305450131804,1.0
4.647550636979119,8.959487027629491,5.768051259523885,-5.324607027231866,1.0
-6.101057124750704,-4.079951685318963,6.633366346353712,-2.312252894647571,1.0
-18.04417946709946,-5.583980629929765,2.694364202071833,1.8925472910649142,1.0
-2.7229182910276535,-23.99029997254807,0.18624601049619605,1.8331243462025437,1.0
-14.707626216796754,-23.378454435668857,8.054976476471422,-9.28867893225393,1.0
-23.016989515484084,-4.526944067322497,1.2561681966310438,-3.5390548055843745,1.0
-13.541895466057685,8.052551343732452,-0.946168302004196,-0.780598176374253,1.0
-13.141105219134841,1.7748947419599173,3.225270331905742,-4.648448830845154,1.0
-7.308040491208469,19.120109610354895,-5.954891887000137,-12.453507950384958,1.0
-31.895133068692587,2.1508079993397238,-1.676189377958171,-5.019243940696681,1.0
-26.05629233371122,2.748344342829256,-8.53134765646391,7.341224640246647,1.0
-9.93167558243843,-1.9204835612975808,-13.062679023107439,15.600685823380816,1.0
-6.239115165930421,5.978422813209608,-1.9281665755007866,3.281648444825198,1.0
-6.391066826181138,-3.305451987040799,1.5401547048691189,-9.542504817103026,1.0
0.6284897674919581,2.2111899661105183,3.1432248676437036,-2.9748630730429113,1.0
12.139741757206547,-2.2718718377081935,16.77839054049934,-9.281719746877478,1.0
-9.883254932623462,-6.21591647982152,11.746327542956067,6.940415754669756,1.0
9.813500417232017,-7.600998986854919,8.096866976259813,6.116619055274715,1.0
2.3129942811805204,8.058489461544218,-0.15489908637721905,-6.367279789168087,1.0
0.77087530047773,-2.4613531416815473,1.5959284491324013,-3.013196535083564,1.0
-2.359098976566063,14.882522217996623,-9.941432126220834,-4.202283569347653,1.0
3.408402731831945,5.61176194231052,-12.699320858278186,-2.7953706226273507,1.0
-13.175455064757347,-5.60353829510283,-16.03247715977082,2.0168718660029583,1.0
-5.252661851840257,-11.676505450547756,3.6449677268982974,-2.9782340143649995,1.0
-2.124745646148895,-2.457922359126615,15.680397421794108,-6.694151142138444,1.0
-8.2357317278217,18.55712501723494,0.7998051436671645,-9.826731760638003,1.0
-2.107802779436051,7.947893384515039,1.4236405696420231,-5.586110356470125,1.0
-8.784221074325439,9.9650499117813,-2.83724710281004,-10.635886397823558,1.0
17.84807665513179,14.950670888803698,3.0279534134542003,-10.062263398500662,1.0
1.3972648117710165,-1.2861170187635798,-6.128168002596217,-4.75907892005519,1.0
-13.45711479472413,-7.582318201243791,8.717956159768633,4.262697926505061,1.0
-18.346788850105288,-14.018710087631176,18.70207502855618,-1.00922148357606,1.0
-21.978294236037637,-23.280911786529593,0.6773096381683938,17.056054393032145,1.0
-27.38656187530445,-15.815583947879759,-0.8426476651961412,3.9504293243256634,1.0
-14.174798825203407,-11.697172333064985,-2.089796761125908,3.0698975362817738,1.0
-6.5710995429666035,-22.39751895123918,0.5686263491255579,0.38354421481487044,1.0
-9.644063033287491,-26.220621722063413,12.667948701520451,-2.4689817220130985,1.0
-10.048836455353076,-12.02764640174546,-6.647603331887254,-5.3836283317480405,1.0
-8.740524851364787,-10.103553052433126,15.33845889829412,1.4180217353435571,1.0
-1.2245494237174412,-8.345458202451841,-2.618574064051933,2.533083131328656,1.0
-6.684831697660071,2.5820297041743814,-7.927857420016863,11.112247945298808,1.0
-10.36124807862581,5.208118968354182,-30.761034641538757,3.7183105309771234,1.0
-8.014636053864077,9.158605373431625,-6.015886753832288,-2.7157281178295793,1.0
-14.984177316413193,5.169619280867719,-1.1649740131856277,-1.1595125222654161,1.0
-22.847261368012024,4.100715919705424,-11.65895491266877,-12.557212188308128,1.0
-18.17106742210585,-18.742700866291173,-0.7060810004912668,-2.4557634374149035,1.0
-8.40140603992909,-19.19255864632369,10.323404456251934,-0.6247968794893758,1.0
-7.595576395009621,-18.870302101294328,-3.260918089881394,-3.6936583874440636,1.0
2.513987000873353,-16.473011759218874,4.918778965153937,1.6775237952891482,1.0
-2.5905119628535207,-0.999418078644835,1.6370651766778437,6.970386250031222,1.0
-8.989037691060378,-15.02991898412185,7.2638461945126025,2.792932456240253,1.0
-12.604618977736516,-20.571158541858196,-5.6334731660776365,-3.0891716639274716,1.0
-9.697556891365334,-18.406707735545144,-3.408125529449574,-0.2532810016811249,1.0
-2.467026093752514,4.6136566327924005,-1.5737596518879473,-1.8149536304637448,1.0
6.073837169260601,-18.270079071440513,6.38153512022706,-0.3093650198462914,1.0
0.3761589324867245,-6.53066384713791,3.4309952349298682,1.5127455286684168,1.0
19.36709654576648,3.177187975056544,-7.884718237499944,-10.220559564244322,1.0
-4.704510273139103,-23.601583345340494,-10.009386481798751,-16.321813260791075,1.0
-4.146120832517572,-21.906516868470607,-12.411176377576707,-14.039899869049794,1.0
3.5712854951810593,-20.14820849807988,-16.729155570855678,-14.53875095648771,1.0
3.9379087241680004,-9.452559429524175,-13.461483942633278,-14.801157534543572,1.0
9.063807365340658,-1.2360198106856144,-7.06366594360588,-9.966892605465164,1.0
9.85219340291057,-6.973860614433045,1.1111676733159115,-11.981898550394227,1.0
15.320396299133193,1.538488269716586,-7.414024137957281,-9.901962349362236,1.0
1.2943008766307944,14.689858456401518,2.8092723429789483,-8.262084062647304,1.0
6.5599145518339155,5.511601830276363,-0.6833471531067765,-11.65649995795724,1.0
15.909215131838689,-6.216887994892673,-2.7551263211337975,-9.860456203882737,1.0
7.410317850984133,-10.80301785433769,-0.8585674384465851,-13.246224735533803,1.0
5.396944251405887,-9.164684060291092,-0.13744466232360253,-14.835403617350332,1.0
2.8761205487935024,-18.0966962775834,-5.432225298654604,-14.47789191373674,1.0
-1.0533744166971566,-17.46036318934371,3.749465895989342,-21.850166319569112,1.0
7.698051895571495,-20.082188940757202,6.4427705243063755,-17.24161918825481,1.0
11.605456735416533,8.328035933972568,-4.959249743166168,-24.06845711157998,1.0
15.385523504254648,-7.592641076817693,3.348284732987211,-22.973351930308795,1.0
11.446346460243719,-15.305015449975183,13.585079538176684,-16.202819653960884,1.0
2.2879058496650515,-7.3145795422418285,-6.626636195639502,-17.184895348475973,1.0
4.567481971926908,-14.001194274439225,-1.4090104781478,-20.331677416966457,1.0
-3.0374501884309373,-8.738620425143196,-4.13397587721583,-27.923288237189176,1.0
-0.5381807137647066,-11.09082622050977,-15.855464270998414,-19.789157922872825,1.0
-3.238608915793158,4.076327176010894,-4.267531636876988,-18.06156802946983,1.0
8.365278551410118,-14.194686129852375,-13.95728779898651,-11.727365591177747,1.0
20.427942152943103,-1.8708469303141624,-1.0234377289339385,-5.587605838842466,1.0
14.887334665019743,-7.329831530637323,-3.7746326605576126,-15.83448268228532,1.0
7.288100805604209,-17.300538768943575,-0.9255963138869321,-16.364579756240104,1.0
6.897201625074893,2.042133370454783,-2.998972935187062,-9.489870671350882,1.0
3.3206880373840253,-7.099041172701568,7.958060561388226,-13.766583460262272,1.0
-4.600898590853266,3.0982896364474044,8.520143067142648,-5.573786814577874,1.0
10.303704626454465,-4.109110784955438,6.725771071513259,-13.656271911275567,1.0
19.513520996767568,4.321255588854221,23.12320341146003,-11.868398781044153,1.0
10.571595936448617,5.270625315968471,18.448199292976522,-3.460169207969882,1.0
3.833065550604508,-3.742428005291809,15.410509009450593,0.5127655096783741,1.0
-2.987060838056154,-11.235022669991768,-2.053402755310682,5.312262508816307,1.0
3.5917062965482143,-1.4297969920050715,9.556826026605611,-7.536931399996501,1.0
-20.783253201801337,-12.923342478970628,1.657210844533167,-0.0327092494368193,1.0
-3.3479522016600165,-5.924728345134588,-2.515748865874216,-13.622969547027568,1.0
0.1351980386532059,-8.383286827412958,2.3324917047053315,-19.22105566295915,1.0
-2.572231237747287,2.787411046871414,-0.48322161368559513,-14.23746511374174,1.0
17.885965781838905,-8.526133189753535,-3.265799146906426,-26.63994523386385,1.0
18.026960295114456,0.3511780926084149,1.7711886302511899,-12.637485185515626,1.0
-3.171318875316187,-1.4173722276819083,9.886034105490376,-10.7448983563743,1.0
2.653307715120627,7.300739417668433,3.5806514169519694,-11.561071389459187,1.0
-1.8966827028846778,-1.7375486890829572,17.76244515427447,-11.114486330742308,1.0
12.249444507867828,-1.8695907480833263,7.138073632725097,-13.187730038084931,1.0
19.44585508373992,-18.5158687239168,-4.685513099759799,-16.672693702300485,1.0
2.4224256713156347,-6.729029642598649,-9.005175140200578,-20.791999410380527,1.0
7.01910094764369,-17.958902783222435,-0.2291445452826295,-25.103516249876687,1.0
26.196588863647552,-21.26783834124608,-6.085373245490322,-23.59788550764827,1.0
26.381451752773486,-0.15218796845159965,-3.3082475428309706,-26.485615925419665,1.0
10.894229718940391,3.746986106788139,1.4052162655435738,-14.667527234621573,1.0
16.86908298113058,7.432055337882178,-17.770884243030732,-6.453422513716363,1.0
19.682682785666827,-7.660232388469865,3.1951643603325195,-17.763172001723156,1.0
14.820251408192064,-2.048353896598435,0.29961654640099633,-9.322948455988909,1.0
14.50807410313351,-2.669327905255985,7.676307401466778,-20.2011152214359,1.0
23.06682437474019,-12.244452144099792,8.091435991975665,-16.520156453135396,1.0
-2.5042846801500223,-4.712309938071121,-3.8328920645743807,-12.824980925660201,1.0
-10.934221566480023,5.291035563253887,-7.870998019780111,-12.063275905485078,1.0
-16.000821368837702,-0.1546586106449448,0.27180727111640834,-23.315204365320653,1.0
4.0293875009287685,0.5478036537765059,10.258652738277842,-22.354382403178192,1.0
-5.5146065473095,-9.898243272691122,12.964751763557334,-11.027214428344287,1.0
-7.198101413324938,-14.72785189855392,6.777248076680088,-4.267041223315392,1.0
-2.3443523507171866,-8.203106531801831,4.860292084972165,-6.831732162192034,1.0
-0.25938609742891927,-15.472089443888507,-7.874401928967452,-5.280346515513688,1.0
0.995406117185337,-3.9798870086849467,3.1561680168700237,-3.9344614257893937,1.0
4.5108048604255675,-16.858575278358717,-12.731578841154441,-15.103173721087188,1.0
-2.8686570704169885,-7.655994906017126,-3.761934386305025,-23.718555074594416,1.0
3.463775731883576,-7.50613166800245,7.123396905609916,-15.794083514728065,1.0
-4.9913290945801565,-2.7540732469917417,11.377159348431652,-19.689618428737035,1.0
-4.025753852078559,2.2394722259331648,1.5296906039079192,-21.761057604796548,1.0
6.044258642126621,5.604545477209634,2.698907908719784,-19.60474385014482,1.0
6.271912149102565,-4.467730493663981,-16.2245097033857,-22.26776307506761,1.0
15.72137403894574,-0.8267908169139528,-13.267444060238713,-24.90648117402096,1.0
9.910047422447894,-3.250176515372538,-16.224593014259,-16.17301017027097,1.0
11.329151684168316,4.775205641597228,-19.956863745188468,-18.22648937373522,1.0
3.5992226646327046,-11.267586581889987,-2.891504654262995,-16.443517251833406,1.0
0.22663103137007923,-2.482107050514208,-10.008057119135291,-9.752289722793563,1.0
6.36097761057065,-17.79127880410766,-0.12033968990378963,-17.87995803477558,1.0
-0.469599949815116,-17.709582176773665,-3.3752663256021442,-26.525550803482044,1.0
5.9003773626827165,-7.20832331292347,-18.666676628566375,-32.84805494445744,1.0
7.472327702749654,-3.152770151503727,-22.611863856871377,-27.383553871370705,1.0
11.481911026335824,6.178890537988245,-27.282155198390456,-29.232547073996688,1.0
9.0134938492104,7.695185661080307,-16.752242226201577,-20.026065920277336,1.0
9.008559642928361,0.24792527554709176,-5.58178448073335,-9.827404079460985,1.0
-9.568132873050684,1.3187092170124775,1.1967550549875012,-23.500709839307383,1.0
-9.408046556314194,6.586763294640303,2.4043904601366846,-14.499461808811127,1.0
4.721722178802988,-3.229355142495974,9.345840022270746,-21.950993558292662,1.0
4.007120088952247,-6.435065555325313,4.404344209127552,-18.11074691676572,1.0
15.952757164104872,5.6576997266779685,-8.756701940097543,-8.356010440336181,1.0
-6.583205624983309,12.790937481369834,-3.700058484241586,-20.028974122133626,1.0
10.516938065132456,10.23849947938565,4.005765432517106,-17.6060560985151,1.0
10.006564556842747,11.795781393841871,3.2052054616266727,-22.417919226238027,1.0
11.632700864942398,9.51753278934033,16.562556847296293,-19.599780275535895,1.0
5.9457241316741545,7.614762999831164,9.751736412637344,-10.879700720440972,1.0
9.793965789237987,-4.428534378837825,6.8697430060966775,-3.437561429359466,1.0
-2.387408405182429,0.8755117387242288,13.569952977478845,-5.605491751205542,1.0
-4.452968130675873,-3.33027301460428,15.897502183758629,6.314074701103717,1.0
-20.717592911727003,-5.963502266106687,-0.28030771476015914,-7.609762461280017,1.0
-21.43327718650614,-12.78713185486975,12.508450916748446,-9.767710957500313,1.0
-3.7365066579659048,-12.335492290370928,-6.5091882964726215,-8.947229909098345,1.0
1.4143418771257719,-9.252549742402746,-3.1037008221862536,-15.722330051625839,1.0
-4.216500849022562,-0.5421881909542279,-9.487993084538942,-14.704994585707839,1.0
-8.86583224780497,-12.7342227227999,3.4304545988340243,-16.617175227010858,1.0
-12.292921710588988,-1.3566474939069209,2.9894578252348234,-23.428270711148876,1.0
1.134995149598513,-2.7355002915521496,6.7199803351306056,-16.83740390014928,1.0
9.848275362324305,15.795423622730892,0.31975359040918305,-16.480603874642647,1.0
1.9197715805925153,0.9939948600398454,11.081903278383788,-14.935539212433753,1.0
13.295249904086358,-8.575053608398608,-1.282760010993599,-7.3689512915647395,1.0
6.717217491900748,-9.172931939538913,-2.378072165003937,-10.607270824066322,1.0
16.370882723652716,-4.763650633801936,1.499017960328219,-8.734884814433146,1.0
-2.3329372691066377,-19.941244396794247,4.752175676119388,-6.786984965585608,1.0
11.547202036270887,-17.152564626379956,13.68918552118707,7.416844076711603,1.0
15.384712427617659,-16.514309046511457,21.921098124315186,7.040286715243715,1.0
9.280733088647063,-13.54793456111425,8.977273045667683,8.155081261772613,1.0
19.20124501981237,-3.94257228405734,-3.6975491149927713,7.87268975141782,1.0
13.454380939705816,-1.2593187629151164,-1.6020772098827045,3.1631223140128544,1.0
10.789758677146551,-19.917078126772562,11.722496264127733,8.238809660611999,1.0
9.641649283537653,-13.532874008059713,5.5639244528745815,9.59948176348863,1.0
10.977999911595619,-32.928986388907326,4.915364732393174,13.600405517128811,1.0
20.602031648193773,-14.90613610965104,5.068401757658452,6.033969461178876,1.0
39.760858485464816,-16.217189528802457,3.923233830577969,12.169727236619249,1.0
31.697369412331835,-19.935337049075777,-1.8363658891515113,11.873797853085836,1.0
10.334867305557314,-7.924994163527545,-7.495125987451527,8.584403468365506,1.0
3.868617375584371,3.752048591649647,-6.130508239093129,12.630826707759057,1.0
17.243837064989023,11.671260861207163,10.790696164483126,8.985903703476046,1.0
24.965151032955823,15.232539750380367,-10.071199169811202,3.573335496665221,1.0
17.252846200621217,8.846713325164934,-22.826280742575015,6.239612842187006,1.0
33.01948532297604,-2.0390747987248954,-4.239769140381172,8.433782602796512,1.0
25.73274219490336,2.4291301152195306,11.286734016016942,5.739592318626548,1.0
25.24657582900226,-2.292767950408617,6.191094178030177,2.3648560640827507,1.0
24.52412465589257,0.7339864645643717,-2.354624303103859,0.9920837503986473,1.0
16.4067361422887,-10.689897757671948,-1.3580413010109869,2.5823724631949934,1.0
33.20435718660082,-6.827177091645393,-3.5100290389474376,7.814329860307085,1.0
9.532706958254314,-0.49907662928564633,-7.164010406094598,18.100908587541966,1.0
1.4243204407651255,6.705676874384432,5.790842130439895,8.603081464857475,1.0
8.830668234580621,2.5097718159904936,1.0524151023987232,7.206358255796816,1.0
18.579925470464694,10.270354308452639,-0.651969226974118,11.22969371769259,1.0
8.647788376127595,10.828197393633232,9.555270222406348,9.595974271150045,1.0
9.783299697754071,-5.033523785728864,1.961738735230222,1.8231094591604702,1.0
22.947050026473583,0.1411276542094395,2.02027045009735,9.532027731205254,1.0
2.5156715081263066,-4.806403490275395,-0.6552344370732825,16.3624430248935,1.0
2.028480751545265,-11.084055127753675,-10.491564899113666,5.330519800347575,1.0
31.518319322987438,-8.18773880502252,-6.163968577835885,6.9432115542298405,1.0
28.83648982818204,9.551377857916318,1.2901990584740375,10.660946642113402,1.0
33.65677790895051,20.378592565217467,18.787399723054406,11.92501456855915,1.0
25.837510581902137,12.516824720558148,3.3499110652874764,-4.7205780461350795,1.0
16.02267889327497,-1.5190028327209664,-9.670776713539047,4.829525810211969,1.0
2.015193508214387,0.27033722999217247,-0.40833203074490054,-9.949639027619678,1.0
9.100383401200224,-10.940768223374947,-3.928578623824033,0.020109668301580896,1.0
6.703221838511359,-17.237771183435306,-13.224052650761978,11.289011505588572,1.0
11.63353865398426,-15.612185438053888,-0.4874834069061802,10.017882016879867,1.0
-1.4671749203202893,-18.775080730599225,6.053945825600165,16.714526146302887,1.0
8.778245888086387,-13.810851366836467,8.56369250958737,8.638328668904018,1.0
6.339743525483996,-14.802594092645613,-10.642273810173958,17.932140662422647,1.0
8.689601474669114,-30.044519840563716,-8.785868760550152,16.09765140629701,1.0
25.7956761321934,-19.27769796045978,3.9546205126944383,6.877592252394341,1.0
27.71027243534622,-4.349053476982345,-17.446889018898787,15.16719335682211,1.0
19.356501565902217,7.545442757528952,-8.773091070257166,7.829874130247303,1.0
8.225291267175015,-1.4648329583119897,-0.8721561520385306,6.50411787734523,1.0
19.35821336869914,-18.593667765762838,-7.822937037741453,10.959021264702784,1.0
24.23600179019615,-2.4650014199669403,-3.874349179109882,-1.6308980724154658,1.0
35.824806267269565,-14.582180086572048,1.6393893481703632,-2.0298899859984942,1.0
34.46981688887256,-9.20944218759585,3.430791329890711,5.417963754559797,1.0
23.837977003225827,-7.422377861502648,-7.817865258351368,-1.4160377666812565,1.0
6.896899806393282,-9.516767248235737,3.0318263597033397,0.09202338337688243,1.0
4.4859237856181196,4.127856724510048,-4.555377633923218,6.726457062794393,1.0
1.5026697062695007,-17.083942138642534,2.3552116018884943,6.231587941430529,1.0
15.31093998357307,-6.774024926598466,-5.563543015067763,17.51565404788012,1.0
36.155663114797775,-13.07001714320685,8.150755262966698,15.419808367210827,1.0
12.502927522207488,-0.7982963952584132,16.658557952647627,14.599637337119171,1.0
29.12998090004089,-2.728147234066499,4.22032453947121,-2.5575162001343426,1.0
36.94393102973315,-12.86279700136446,-3.395020335191173,18.74665616572481,1.0
27.64274277990578,-15.321377554241835,0.5755490016660252,10.635435078282931,1.0
31.672849577398658,-8.57801015654333,-4.337421565173685,4.914421647134529,1.0
33.89562993654111,-12.634385874945075,-2.570014870308653,-3.363564570251933,1.0
9.527415944822211,6.36735913883912,-7.727635906566766,-1.1122206013929796,1.0
1.4470254488280236,-16.435159192372012,-10.565316869406036,4.706694932578859,1.0
17.73104801427961,-19.59531577839988,-8.976475895433847,3.6819567814284824,1.0
18.121450928985663,-33.52276996291542,-9.352642042517184,0.6486462893995935,1.0
10.488396265739983,-29.325556081203153,15.281908096962265,1.5829133814713774,1.0
10.079483676967605,-39.97129279377347,9.711653068423997,1.5872536272482307,1.0
13.33628927486211,-13.108876580906522,11.246275584442547,0.4690272721442881,1.0
9.800094624086498,-22.440723114280743,14.412563735500807,5.170235351342399,1.0
14.521090598610364,-8.876508995713166,3.3062035032662553,-3.58460274592717,1.0
18.851777668478203,-16.06192344948595,14.50947066015926,-3.0014254141525907,1.0
23.890697693076973,0.6343506084955779,12.249302134038917,-3.8926765933203518,1.0
29.350482476520085,-4.622829162402391,11.174219918394309,-1.4414508613197237,1.0
38.34265925880839,-12.469849225319201,1.4488210191514188,6.431178466516723,1.0
32.81992283786117,-6.475049772933452,-8.808868796787472,10.197351692954513,1.0
26.579426595074636,-18.59036254985066,-9.287433369623548,8.265858804507126,1.0
18.462434806612926,-11.524103319165654,-7.526707813811734,-2.210049000596344,1.0
17.671206794131173,1.6210812896419835,2.447709127217646,-0.837116825937553,1.0
14.017762331550301,17.379419278539224,21.72401411188498,6.265482711283903,1.0
21.78267754627432,11.236402553253715,21.605359280921636,5.607338751452547,1.0
12.9747434781078,15.861351428597088,7.470082096643457,1.7206086159871403,1.0
17.853453854691338,4.007363720650123,-11.980872822648573,11.939843699453927,1.0
0.15884753976270716,-11.122281788705457,2.721065277198236,6.343088426625463,1.0
-15.92662417578752,-25.853222944472485,18.36139986338528,10.044868145574416,1.0
13.330471143500539,-18.145753183012822,13.845453725552272,11.233523598280119,1.0
13.754127635318039,-9.174560096202919,7.271284677506047,15.251509996720804,1.0
14.332863496406205,-5.589806596684967,2.2195752988987216,10.726445537285647,1.0
9.787917957544455,-7.0422692857383105,17.89395211534905,6.795983348003408,1.0
-13.632532784296707,-2.308390530451907,17.675835742212815,5.410525584851545,1.0
5.34045121756306,-13.774954248360384,20.844384781188683,0.7167775955358859,1.0
25.123686409586625,-23.695535982142452,16.992883472374857,1.1116750979310508,1.0
27.85757396769931,-13.16401705921251,13.443302953338131,-5.380212340890088,1.0
33.5635777291714,-20.915503119651248,-0.6857491885281832,2.3151234614470697,1.0
27.73289683048066,-7.442068028153969,-2.586279862792725,11.159038949502795,1.0
17.64951284105335,-2.731272285754878,3.8845676375048352,10.002438251746304,1.0
11.244287859526045,-6.4946600458552,0.13721693177292615,5.288724348867206,1.0
1.5765249415205993,-4.430398713190575,-1.5013830429099748,5.353529743175337,1.0
17.96295175938711,-17.687886811256867,-4.999629969840337,7.338943618018868,1.0
16.335854368721584,-10.464247130960919,2.2695886099164095,4.14544079667221,1.0
28.453380691057,4.534188432196412,0.03230033088050277,12.061872755834294,1.0
28.00116317437405,-7.317659703080166,-4.277061026874258,3.6551610440518134,1.0
32.83742132710831,-3.0933215959118083,-9.357726834175223,11.438220232927767,1.0
28.087440838564927,10.303679920729966,4.300207928936615,-1.3598069120388336,1.0
40.43937783633858,-8.332314409187347,5.443562206078253,4.470280849915968,1.0
33.68126662456074,2.2080327024661734,-13.708153179581945,7.765013367443129,1.0
16.618858083243204,11.540092773023263,-0.7782823124206608,17.13199762716175,1.0
21.986428588389835,6.129561418153035,-16.607092682686588,22.097047078353217,1.0
32.55473528185153,1.9096585420324255,1.4984323038424605,22.08883647852727,1.0
25.517327450496154,3.519566438415893,-0.06649553391344853,12.128213878112739,1.0
26.68730400640394,-0.36754917520026176,-8.576561601394403,9.19833905961971,1.0
18.817106942751067,-2.459936417542478,-9.24044643208289,4.591465493132155,1.0
39.74522481415593,2.3447805157252435,-1.2753603578008796,-14.372027303669512,1.0
12.52155695683218,-11.20954195328255,-9.962903911376834,-17.667514627588595,1.0
24.7783238273647,-24.67374864005005,-3.8566478308694974,-17.959380458674524,1.0
26.022128456180543,-6.913914576907657,-8.908953878486027,-13.61716489438523,1.0
24.610419434890396,-21.692627798202075,-15.922445251467714,-12.70797671661238,1.0
19.57456224345858,-15.292732328407428,-4.866627330176314,-14.290750675442709,1.0
21.31970110548211,-7.365682611400867,6.466763479669157,-16.9589669230067,1.0
1.4982195542835814,-3.573832107828336,-3.0399615479002966,-13.456318093380132,1.0
13.899676424153633,-16.668643709213192,-11.696673609422758,-17.00863182457327,1.0
15.084527471239051,-17.228969290089463,1.7838976321308393,-20.33259247684917,1.0
9.862698284825587,-15.142226188541649,-11.391991463538169,-20.319693591022926,1.0
23.257044097202005,-22.224909259213387,-13.340075739038685,-16.02694013794206,1.0
26.337803188566404,-4.74195808046573,-0.29928730353009847,-11.985333993528597,1.0
16.457036547496024,-11.212304854459003,16.33159966499359,-16.89139825324078,1.0
8.293910883821226,0.06362144538076153,3.050957858159723,-24.099188488482852,1.0
19.534174461145305,-8.432573046546688,-0.3825333502523556,-13.692215963615203,1.0
20.892299589048093,-11.10916769864069,-16.83608236133297,-12.137651558126164,1.0
17.207761777011147,0.5540242462569989,-8.34125352465323,-10.044780765611506,1.0
19.21173169371818,7.343826385168882,4.101915582599744,-23.845596358020128,1.0
16.011294442199702,13.227201476056315,7.789247262336287,-18.403820415571797,1.0
8.797381281808448,19.240391967806886,-3.1219815281086216,-14.213270402663063,1.0
8.464230662731687,-0.347310511212114,0.040443182536916145,-10.969600281649061,1.0
5.857906260875438,-2.27046340216292,4.196894506351521,-8.719529244580682,1.0
4.668997577876425,-6.454255227236386,10.478203063479423,-9.203722184547884,1.0
14.789645157838697,-4.3679762025266085,14.068351745357644,-7.169905166005817,1.0
6.0786023804898015,0.6893194997917611,10.143883869210537,-7.058387041714214,1.0
11.284442171523544,11.269777431761524,6.78856582420763,-11.381358084991579,1.0
10.972192638972574,14.557101687974583,3.738523878664132,-8.573258961701612,1.0
30.032866761407128,5.33936222907916,7.756926986285372,-10.36596368171292,1.0
15.348462549518015,19.812204605610184,15.659287869806436,-13.31127793066278,1.0
13.551913769611152,14.878182822222842,5.01790795584065,-13.203747529817134,1.0
11.672381994194936,10.079707713923423,-7.977680937007721,-20.275183652201388,1.0
23.801482766330114,6.822004212017362,-2.9230353531190936,-8.465777128868188,1.0
31.32148866144342,2.8485562605542807,-6.1080945598234475,-12.479229705540872,1.0
18.908595471508356,-13.824426587466593,-6.823404992863613,-14.507837359925281,1.0
26.063651466541586,-15.885691576791086,6.51244002611403,-10.600519454961324,1.0
33.57799471280922,-16.45249535375623,1.810690418651241,-10.517987986241936,1.0
18.08656198507505,-15.614346980450414,10.00388001840787,-14.511131041697341,1.0
11.796147834688758,-25.65916339202534,-4.6074772160597615,-15.70643150011388,1.0
-0.7575216286924871,-22.559059601318275,-21.53183964230947,-16.337854517564907,1.0
10.93434421046447,-15.159918499109699,-7.058753514705832,-4.515806242494814,1.0
17.25815365324966,-21.12640801773444,-23.893193701357585,-2.0337444365129542,1.0
17.287987092770663,-12.017525128678407,3.5851466666202745,2.2209675757643534,1.0
-0.17737202778980787,-8.960822934094232,10.327109772391182,-10.345921102133124,1.0
-1.4893518450483683,-13.337906255208072,16.86598200520963,-4.38851584516799,1.0
-5.085960516754057,-7.384959426457048,-10.264296151838233,-12.930309839623446,1.0
1.2243397832991771,-10.160590965972888,5.385974599992243,-17.561365214920624,1.0
9.838137174561455,-10.423457593287775,-15.136325321023385,-19.691211439949917,1.0
12.164866829803682,6.5455553618540705,-9.501049210654212,-1.1248229343805365,1.0
7.7289866935417475,-11.514096000349387,-4.355461605674107,-12.545813583715235,1.0
-5.784351367188947,-9.676460003753308,-0.2357798770189845,-11.753391454323122,1.0
10.734743517022011,8.210218910963924,-1.9806760691902472,-10.039777813650895,1.0
1.1753235171381107,-6.7785330422088315,6.402455746130828,-10.070897207472074,1.0
-0.4579460466027445,-12.586387474038373,4.7374817715641075,-13.720524898964017,1.0
14.129189136925202,-13.63327644589656,0.3166498868564168,-12.529050089220156,1.0
7.722328211859898,-8.977589827962348,14.466931405055114,-9.673424236605557,1.0
2.5684483919701346,-6.03830515218338,8.713749646215174,-9.601697442707737,1.0
-6.745095272891181,-29.035583256456814,4.096932547263076,-15.300071816493595,1.0
15.024229170999611,-14.094747725761366,-4.890560530725216,-18.400639960439353,1.0
25.481162823287388,-1.5439008239304295,-4.607011965605574,-20.00450827371516,1.0
8.014732513704836,5.190507563520933,-18.106591237510504,-10.804612967511456,1.0
11.66198902830978,3.469759900843476,1.9769620129445835,-12.754564777600386,1.0
12.967769837091586,0.5898239893940982,-0.18166781624323236,-11.297220356754675,1.0
2.2021385546527483,10.400460118506167,-8.254529389856385,-7.519598296024736,1.0
1.5461087734413326,8.922483502588822,0.7294252679257673,-21.376039255402226,1.0
-2.971640916793053,-7.094439352019909,6.067993894730794,-16.33205184413538,1.0
-2.010638377328009,-25.871911292441794,-11.949317664310502,-18.720057583095528,1.0
20.242867951512572,-17.991002141461003,-0.2633248599616427,-12.952984400133653,1.0
16.704607362607064,-11.029256538044654,0.8488986612417886,-18.677855012392683,1.0
12.09147237041719,-2.7727204942690435,-2.012646607441843,-21.01840978297563,1.0
15.331641550242027,-9.096984005285172,2.0759247741664595,-7.336917559058805,1.0
14.555656620217547,-9.364992874879707,11.561216033078786,-13.221408651504506,1.0
5.6548443625733436,-13.007916822159249,0.1882005792851551,-9.389275103792773,1.0
17.3657480926941,-10.496030230449229,-11.94520180546294,-12.798103561809377,1.0
5.159597937320641,-3.502756004440266,-5.643479038934873,-11.010359190314777,1.0
22.539248263342387,-1.0448772777446496,2.7228144998888233,-14.36408534564339,1.0
20.274975129405888,1.304406765924143,17.208228578042224,-11.810106354299332,1.0
7.516365609979164,-5.861219612363456,8.166204504295845,-9.384498545503398,1.0
24.037385471579725,-12.952633905659287,-6.881208508787716,-7.815554674663,1.0
2.5681319168476406,-13.24443511933164,12.300825552900823,-8.752839498660867,1.0
18.17849368838727,-2.588274852392976,1.342806117350822,-18.785237604713814,1.0
4.428646565627677,0.8719115045698986,-6.67227528677239,-18.07145151671505,1.0
16.447947400226305,13.137839170146131,7.129175123817547,-1.4913092923287152,1.0
15.4809022420957,-10.607412212807645,7.725972432691696,-2.008658650346514,1.0
24.939983237746333,-12.860766221553959,8.766039930453076,-3.3188583316579168,1.0
21.335864679472003,-13.938562590997481,24.777605369521893,-16.507457955665114,1.0
13.555733989798899,2.0035898731157076,16.880368638588994,-10.420258217681443,1.0
13.359217150662033,0.5853676408005262,18.661939618591063,-9.849875014782427,1.0
10.265689164116274,-1.4266579632088838,8.972891820270714,-14.347046954051361,1.0
14.165340783851066,-10.44906253914214,-1.3761472928047667,-7.585440527925021,1.0
15.698811039227362,5.992129736702072,-0.5009028164186407,-17.15368095432129,1.0
23.0552076111573,3.1312134476989906,-0.8772824777381913,-17.498128598932944,1.0
20.78832956383086,0.450204059100928,2.8920321895224435,-17.293565966806693,1.0
19.565454302440312,-18.171482221240574,9.097368440211259,-13.476012701731625,1.0
34.08972308826756,-9.19866278873673,8.997230882008834,-5.695458635704885,1.0
18.348453019689206,-25.078576857840137,1.461244208514605,-6.812565860446334,1.0
7.636161662868119,-28.963681281763606,-13.961488482808207,-9.514848472614865,1.0
7.620683913673385,-19.50381274125597,-9.892963949557306,-14.053755745714657,1.0
10.016773869480717,-9.609829772135964,-0.23159465208095398,-15.198590590539094,1.0
13.61097176410697,0.9907652318558098,7.49868209113278,-13.801750164610695,1.0
15.484973658963444,-11.333765946023327,6.874351000124223,-7.101396276156154,1.0
20.332926181165874,-26.14513424716874,14.034814239686028,-1.2818805640355588,1.0
22.588104456486782,-14.095408186918618,13.735499361097382,-3.7819832562749927,1.0
23.120143144003656,-3.6125359887345945,10.78229301070919,-8.35992667240845,1.0
13.769805315109473,-10.130151913459049,9.476418520076045,-11.08708963242455,1.0
22.332541796638843,-24.141736025290317,-1.6312983378703725,-15.521011312425335,1.0
18.80900034825815,-2.9685639059500915,11.848790452760497,-16.98633795937124,1.0
16.53126025330388,-11.57009873491284,4.375212284753833,-19.078196838084544,1.0
24.331778771118152,-19.940452433012204,23.516113808321,-9.258932375462164,1.0
15.133353520550703,-13.571503681487489,8.589523811045424,-3.4204583552438095,1.0
11.106409216599085,-10.03656137724721,1.1944753281979383,-8.864582311588034,1.0
22.95702590583836,-19.43489692905441,9.68330455856746,-10.183453882845074,1.0
18.872077251967397,-3.9162634137485703,17.211313952813434,-4.873467610612374,1.0
15.019730655408145,-5.117040822561214,-0.6367277127250546,7.839520795895933,1.0
7.466473521034248,-11.667010300399792,-2.631864953537595,-3.2034354107146745,1.0
13.459753967745968,-0.6464963936793069,5.186462500208645,4.531737185139214,1.0
20.442887137767414,-1.2150316627246944,3.439881785978578,-0.5942141002461541,1.0
5.867387718391875,4.6255454999645895,-0.08493309830783957,9.35453652179749,1.0
19.51991686260034,2.8186216603782803,-13.950107038708815,8.703181186584043,1.0
17.999704058946385,-16.67000446962637,-10.763522989509276,8.945038208341803,1.0
8.539814700854482,-13.493103061241454,0.9664539272230339,12.158262790351777,1.0
11.358746283839075,-12.32505113251713,3.449009812330873,10.18642157726226,1.0
14.684741953133202,-1.7212846821699301,8.715364058172995,4.585412442176802,1.0
20.74531798515892,9.502838835811243,-4.372387146117946,-2.01222929357857,1.0
23.615268070453094,17.75660958742184,-13.352758503339599,4.437827149617545,1.0
40.29897317922429,4.469952687404703,-0.3911206632405366,6.878746673285952,1.0
29.450250656107123,7.332732744972945,-8.116339874252164,5.628640356506291,1.0
29.109481531167,-2.6480213548211182,10.506866251688766,12.403895320730353,1.0
19.315019215011628,-21.228033676680603,16.326649914469456,3.3836859438724325,1.0
11.927091466502379,-13.18967672548542,20.906925984665033,11.704102871291981,1.0
5.318577503518761,-10.072448280392358,19.37233200957359,9.817857261965695,1.0
24.862685703853458,-20.921299465319276,2.185897000309427,6.232353239379336,1.0
28.798459666194184,-2.4778000282538692,-4.8501002788702,10.017606435331594,1.0
21.855267592577228,-15.700527364016747,5.104806887906409,12.106584750702815,1.0
26.386320501484064,-6.13215093276883,5.464680024890854,16.504572289374,1.0
12.516671477330934,-14.763754157789137,11.493966038851719,10.384092450198168,1.0
12.94487106581688,-24.74106049532703,2.9835978432346755,3.215913511923305,1.0
17.2063209123121,-7.849644205761154,-2.7479323736074193,2.3320309123365472,1.0
16.11885020732306,-13.69451312528566,-3.2006412105541164,-2.6934003469903427,1.0
29.012093384249916,-15.426448486842578,4.844358915641537,5.309499493861901,1.0
26.55131966266254,-3.5101104386915774,-4.769941263075485,-0.5137055494895577,1.0
19.051367627039685,6.859008883942433,-8.760580350337262,-2.4361699504530696,1.0
21.566828209954576,4.527018484881084,7.4782198118285885,-3.7357856542951517,1.0
5.672211920691614,-10.122104014516758,22.06432629817126,7.245210492389694,1.0
-3.9745549561969327,-1.267245597064691,-0.4954773968284121,-1.3562826147819642,1.0
1.1358971109686973,12.132078417031414,-14.125600474405955,0.27489353289931096,1.0
0.4430797776895705,-8.162257626746266,-14.825850878081194,3.4450801781121196,1.0
-6.8216087834899035,-15.167000244622944,-8.772343590820261,7.637803918433607,1.0
-7.129200138946601,-19.847521959852386,-15.099682174603062,-2.0011253954212798,1.0
-5.407680837542941,-21.76503460953308,-4.887520193457205,-0.7553620177172924,1.0
15.058885519209953,-11.755603336038531,-15.975511825592898,7.114232502187348,1.0
1.7951877239805007,-19.12810564738362,-21.76411226341191,10.641636629374547,1.0
2.5854061223474183,-25.88060857648304,4.408435130826131,11.982519356853121,1.0
5.151443465257696,-21.58307373142806,-7.0418808997139655,9.134963409088654,1.0
7.899216159497135,-22.796529308852406,-14.650577613704279,17.1700610391611,1.0
5.531208987183103,-18.61104308087038,-16.10808283968182,20.182467719894888,1.0
22.659037985047128,-14.321498872955498,-9.485302708999637,22.271474431173935,1.0
20.474078871847304,-10.41827310342685,-0.5000474968403381,22.550721420277206,1.0
15.25733766791173,-17.13667940555873,4.063336496896284,26.183532786745705,1.0
23.131410142934243,-30.712030547129984,-1.3649462610724155,9.629388213082208,1.0
18.928683889010472,-33.94761378338309,-2.831215291381896,8.60041059871057,1.0
16.788215863884353,-15.220633687701138,1.7325672741726652,3.7147856005133204,1.0
22.964959116117818,2.1141358671551562,3.0395722749494025,10.224377498029906,1.0
22.21500203462739,-4.867155004973109,3.8483192575642056,6.132129347549212,1.0
9.031305583980972,-2.723925647585979,-9.284146004678465,9.738270019062174,1.0
-4.172374970844533,-4.250885555173831,-19.552358209659804,0.7984524148365182,1.0
3.1903311128841843,-8.16104348787309,-6.245196829047657,3.5180069117474373,1.0
6.083100914412766,1.2320769338999988,2.2140343580270203,0.8218424593478413,1.0
19.984213324721978,0.12668286735622103,5.163116860302782,0.044735140230091286,1.0
23.3061078230968,5.345410111256078,12.997721656048537,-8.38747852088403,1.0
40.16977450337025,0.6559165661740476,23.34610327306905,2.8913225720249756,1.0
32.678060936151816,-4.047510670959367,11.262640219242794,10.531160623885322,1.0
30.961049706985882,0.40000572823941827,17.75289234127432,2.9701266513629,1.0
25.288916535871024,4.221739223725841,-0.2119984892560396,7.530440909892761,1.0
29.47404373400268,5.425192276994137,5.8452198648199385,8.181213247005505,1.0
14.948019716088108,8.800947514642662,-4.038370587970169,4.682353755901965,1.0
13.677939378250658,8.675427235072991,-0.6736574746045265,2.2726163246843516,1.0
15.257145211665286,-10.166373442289254,15.7813764918861,2.210831785744844,1.0
18.333688359742286,0.7121241091473345,8.609584340388691,-0.4527960383579348,1.0
29.2671809048104,3.430220643725375,20.668708891973544,11.168035306374716,1.0
28.302858229736685,-5.384776879990531,21.047763596337177,6.869700434210454,1.0
14.434752301723858,-19.291424353115488,8.448962721940832,1.6177321879542337,1.0
31.94459521815856,-15.75978372184005,16.4518881411922,5.525607602840074,1.0
31.86109954974875,-12.277873836465579,-2.8493261630074036,9.050895355725718,1.0
27.73564428684689,4.486618751712326,-6.375010383162835,1.1807174427560598,1.0
27.698058736225082,9.025618405998326,8.401527396336071,12.369672481738698,1.0
23.655974300092154,1.0752433543317301,14.869267528927782,7.756661756252683,1.0
32.85501934689494,2.651769928335154,17.3876516164272,0.40613415365793415,1.0
26.089644256503732,-11.47169186521202,3.2323707924313245,17.46802282762044,1.0
12.228571775474844,2.235032689832708,18.537903975442006,13.170442943392342,1.0
1.2783454646271508,2.331917208378198,3.82449209450115,6.912705140563709,1.0
25.317517817009744,5.916911879221258,15.145719786845763,16.652960638900343,1.0
25.62780516417726,14.435176261818444,2.8568294651716863,11.905871580773624,1.0
19.832349568078225,9.14120242323722,14.427961687294896,8.162489720305153,1.0
23.060855254223412,-1.8617241763017285,23.221577917596186,-8.513939361320965,1.0
28.849896888439492,-3.8525445989289064,14.96867066168222,-11.951621185170183,1.0
15.648663867607098,-19.246818411377113,15.981491610288662,-2.6643800847328203,1.0
17.787225903883574,-2.5455576423557598,-1.7154798903004151,2.4038477197129673,1.0
20.000864099957546,2.7404664233876,-2.5134343059465873,-3.3150549161117766,1.0
21.867402431866218,4.26597123691331,-4.489665168385454,-6.268720417226811,1.0
25.32147191013059,-16.181128947989414,9.381916543733247,6.188098631479884,1.0
11.913557544164576,-15.239936003471279,0.9553228111811567,3.50270297585497,1.0
27.399412626805756,-15.58499976127495,6.693593638237752,11.306545662155035,1.0
30.04527830555834,-2.4396739425323477,20.607980977118288,5.501420002115053,1.0
20.92484966370818,15.319884666040174,9.411601651220764,-2.7312108457723783,1.0
28.132933425221395,-0.7350140629911373,-4.330262030630157,-1.6012555660860008,1.0
22.105025861085068,-16.117723985602552,17.106832422096375,7.050442717497598,1.0
18.246670026009262,-7.9198664446345415,10.64122489662563,6.759672115855251,1.0
13.351783952159176,4.800602352686674,16.162059057757098,16.435982186345125,1.0
19.461175440045466,-3.8930321183584082,16.84138194244863,8.92229130395172,1.0
22.68284702955287,-5.938396330244995,1.180654737622513,9.004741803920062,1.0
25.22473221931105,7.147511252146236,5.025193072608234,-3.362692844583229,1.0
11.08795162497788,-13.676495874091554,0.9254807654347035,-3.0689094598368207,1.0
3.4619099883928683,-9.862905878225336,-13.24013823700148,5.180299911349702,1.0
4.921356025605011,-8.414635877345269,-8.884983504116065,6.95104551443934,1.0
7.957526321315706,9.518216357344349,12.600157504610166,7.894639704957194,1.0
3.5063463417296763,-11.743637278897177,0.6122976914848044,7.65053848953395,1.0
12.062610864966775,1.3243248467397652,10.325976001755116,10.52552756472957,1.0
13.726251558761492,-2.1507557039801664,0.261746520402526,7.361222287425699,1.0
4.770120775032023,-3.6755467018725723,-6.569916927926054,4.051877129593344,1.0
25.133803833203356,-17.606475368569594,-11.123230004855834,16.117512222051,1.0
13.842820787005945,-8.437992178560766,-21.176480266468488,8.604562864595522,1.0
24.254430665764314,-9.779903056416877,-8.814773144249992,12.16287419756162,1.0
28.17857774602559,-2.8391694101746676,11.69712693644368,10.006576636887255,1.0
21.67464300508165,-2.95338721502022,8.684348751328754,11.585358079104468,1.0
