x1,x2,x3,x4,y
-6.810317351401284,6.552865853059739,-21.344282774835726,12.819941765108961,3.0
-9.32907410247315,1.8116003810678185,-2.879646735736653,14.684528933496374,3.0
-8.154819111817893,-0.04073971811988031,-9.63420922177386,16.123836189585138,3.0
-4.447222079215589,13.50031833814997,-11.388093067236326,18.773565674569426,3.0
-3.5980519155535644,5.93671253956588,-6.766944569382236,14.845545405425481,3.0
-4.583573348309774,8.076370083348051,-4.519072747579727,0.01356836062752187,3.0
-3.3408626762791274,11.994059940929706,-7.602294787072569,2.6847983280371395,3.0
-5.884978787511484,31.545569782767494,-16.987050642078476,10.258339955825262,3.0
-8.49227953507476,15.428500875976653,-10.726491375929385,12.450732426938474,3.0
-8.637381870096895,20.237259377270696,-10.461114271389075,2.5948687754894486,3.0
-2.805948825703567,17.180388167695334,-16.964068377285468,4.811634560732668,3.0
-6.614820810439424,10.242647784227671,-20.529147648460736,6.127434135506217,3.0
-7.797476437532343,15.506911549887942,-8.636328574257538,3.606992114060615,3.0
-6.054142117665364,18.7575680270593,-2.5651331195760605,3.64018596707,3.0
-5.735080650638526,11.73903090832525,-5.898415016748142,0.30809655512068,3.0
-3.315614029979838,11.025082532624596,-6.11214338071985,2.7141459191448156,3.0
-3.4664383653016277,18.03377190559651,-11.114808295458097,-2.8251528936584234,3.0
-3.0517301003274815,9.522115471183612,-7.383713829494689,-0.23737396819538725,3.0
-6.497957651684039,12.35337300720682,-27.006711912714653,6.305605905912758,3.0
-7.216903517868079,14.658957040922106,-20.39152772538049,7.052397380589241,3.0
-2.952778851529579,12.402358923412717,-8.98137567201494,-0.0879587125335064,3.0
-3.05558772192354,13.225261822942254,-1.2297768086155152,6.516401038256736,3.0
-3.5954959632011243,3.4131568268656576,-28.94009541095283,-0.2718232423260667,3.0
-0.4986241356262382,5.7016874554182895,-26.685002915644823,7.015202900488061,3.0
-1.493979781644318,6.466380357534007,-11.503154096076685,6.408744866944274,3.0
1.6344962327866976,9.100904410310104,14.713309381029335,6.842606815664135,3.0
-4.483526972662009,8.157639139448493,2.2689807021491575,5.578265736594979,3.0
-4.258626187666843,6.769589839972314,-23.461575963903726,5.640108643820206,3.0
-5.127108838461328,3.62875149145645,-6.831786249652526,0.47324184186055573,3.0
-1.770034264402738,9.434590338925169,2.1010014908434176,1.1187109396233992,3.0
-0.2464537493670127,12.104463394338577,-32.83609117876435,1.0108712290054975,3.0
-1.2695963256476854,18.781753092395515,-29.8407828651157,-0.43014864848060697,3.0
-2.0851523229278293,19.172218658144924,-11.663003384227697,5.892801998210665,3.0
-0.8443224754779883,11.246974810159333,-9.277246685655665,7.571418341372593,3.0
-4.967960105664939,7.0638882092322195,-12.97951639946443,9.147974398044697,3.0
-3.4566425791647397,9.18202202504705,-10.631300711978128,3.669215969607302,3.0
-4.101507066328965,18.101385469112714,6.28886706851458,8.400893386694522,3.0
-4.136575145126578,11.305689582380825,2.9067952636573366,8.133416169596458,3.0
-3.392668845193397,13.539592873341347,-14.360876726287435,3.042921435204122,3.0
-7.150412701767476,17.918467723250302,-26.149707496621396,4.739480479046144,3.0
-7.643047997547296,7.762571445439267,-12.06090669234694,12.641244271120614,3.0
-3.95145070613866,5.197405183357355,-25.460464288151837,3.1274849190103233,3.0
-3.299810190546614,7.479666111344075,-28.47854397984454,6.617281054398747,3.0
-3.381945511896355,7.021613955717802,-23.27690301120914,2.7891391870814513,3.0
-2.6983808864654875,14.531206509194487,-7.189922218056866,2.0512356155275073,3.0
-0.879842710068107,16.877309193361462,-1.0695800222883332,-1.4120437103338075,3.0
1.6499437301470925,16.214941375944466,-12.929058074891678,4.210597352014336,3.0
0.8820669818182343,16.52402415155756,-30.14180509592125,4.576311330489308,3.0
-1.5854691836452655,15.93704109664157,-15.320087507910959,-3.389103847690221,3.0
-6.517301869328335,13.313786488347308,-20.16627775053945,2.977695393471311,3.0
-2.9018640412981855,12.919065384032837,-15.245021353782464,4.010845644036046,3.0
-4.459273006323841,9.926878599702636,-13.974112732033092,8.247951042057355,3.0
-4.221551590324266,7.0350566744729095,-13.562569966347729,5.802469531093704,3.0
-4.957513284387267,12.632447651836195,-11.148951012967377,2.4954417419240555,3.0
-2.4303148530687073,12.221452476486528,-9.469597146085917,1.0117104390913756,3.0
-2.216061993803098,4.459153313556891,-8.372124001521971,-6.358722655651103,3.0
-5.428616141308872,9.213170670266468,-11.97308791946387,-1.1061105973216696,3.0
-4.102805644351597,8.627486912288779,1.5908233155917664,5.167444156187462,3.0
-5.141026631836381,15.76766250831458,-2.045128482623676,7.979860351985915,3.0
-5.612015177526537,12.332485322012614,-19.99670343417046,9.884685058114258,3.0
-7.544516659172452,10.149975278390045,-22.801014192426443,12.434498367572335,3.0
-8.175361204554553,1.9433879384741743,3.032977800675855,9.57876139386891,3.0
-6.8427958806900815,-4.124319374247186,-16.14731107383279,15.313455324398644,3.0
-5.366735297524496,12.921733641636244,-19.980791391227378,12.78328389887886,3.0
-6.009618104917371,7.620866691066878,-24.286730479790716,11.868861316462612,3.0
-6.930352125607944,9.86272978165458,-4.978994690119146,13.921416274087203,3.0
-6.393716266660196,12.24080013551664,-26.23900024301064,7.282909364845676,3.0
-4.917858872408617,19.38538339996864,-8.693664334329076,13.23633854819657,3.0
-7.363719774521027,20.778407014580267,-9.172760071380058,18.287734703379606,3.0
-7.909507921955146,21.500132734602218,2.9967668528084914,8.935675116297652,3.0
-5.645977423001228,14.949985757447115,-4.221624877801192,9.86151252587649,3.0
-5.720967721104477,7.907071029037192,-1.4820353840389577,7.237992862824602,3.0
0.44264474556968514,-6.155208739598159,2.42267689296313,11.371425469889836,3.0
-2.208055706956258,-0.05930674413310566,-18.469203994094727,9.884617578892339,3.0
-1.0960875314458143,6.3103275471903295,-20.187317040545658,11.397533395451823,3.0
-4.68085478871274,7.84410936417712,-25.18973366484047,15.237139836125344,3.0
-2.916647357152017,4.947475778425262,-21.43256923374105,13.6124370732707,3.0
-4.116188511315066,3.3080353136551266,-28.316300665003705,13.27692889988559,3.0
-1.5082452607314987,9.49456348911256,-5.698267600052819,9.430409336561134,3.0
-3.2351934429993543,13.299765754392885,-1.878755639856199,-0.07786699172555522,3.0
-4.187384753997165,13.3324771529931,-16.176946628312045,5.910355490059474,3.0
-4.260618023803673,4.514173764031723,-9.054003528720735,10.4607061785703,3.0
-3.263409262762446,11.216216180531903,1.1652525373378388,2.4313518256612996,3.0
-4.5205965683797675,12.00144404787372,10.34214646246028,4.766038284502535,3.0
-3.794306589898824,3.091626158174634,16.863733360116232,15.779038587329248,3.0
0.8961463970398813,8.908600730923673,-4.508035952221304,8.11555167907697,3.0
-3.169256359678474,16.572790430113297,-19.444922363372577,7.484421840855896,3.0
-5.201378715068444,11.782848816749015,-7.353038480729943,1.4269932236706095,3.0
-6.7724506272140905,18.19683074455519,-7.364542434177613,13.149609302109692,3.0
-5.272825175639148,15.186254773281101,-23.836870394377655,4.9137133290805615,3.0
-3.8606082473675265,11.651187913842149,-27.6935091510882,6.219488952791491,3.0
-2.6686144535697145,6.634208708501284,-19.249335877884736,6.248383904613299,3.0
-2.9890491131680843,9.904506787645897,-15.78164571414574,18.014524925503174,3.0
-9.34124260778554,5.272534899103935,-18.071583205510958,8.368632240308258,3.0
-2.8812296590725768,11.466822540253425,-15.243578095536972,5.420148401791541,3.0
-1.9308757717558147,6.588727292776849,8.490145103541451,7.303652849813189,3.0
-1.9040596679212705,4.44570567217465,-5.518304125800792,9.680202173662819,3.0
-4.027242891344176,7.091929263346817,-26.789628760817912,7.903445965823401,3.0
-3.0586891536317458,6.900793036748407,-14.428002491925454,10.243014308219289,3.0
-3.7151286544402575,3.7326356077550162,-26.760898968522447,8.877376932217972,3.0
-7.454386243306774,4.881806788015283,-29.099574669609733,9.59137993463007,3.0
-3.9360085961272135,6.97153292434407,-28.661027805771575,9.8394185372414,3.0
-2.9526752682770185,5.625371926826611,-17.403949820923014,15.534627639184219,3.0
-6.4881029034115265,22.36095782424701,-22.39950375031062,17.23413785498886,3.0
-5.282387080608844,15.970822875036468,-21.543280985673388,9.233749705919863,3.0
-4.7369191585253265,15.14636386453117,-26.047711572866604,7.5224500974438815,3.0
-4.755527275964818,6.5337993675901345,-12.557233869542012,-0.978535169212611,3.0
-3.7544423024349216,7.870248733294608,-11.207195657163462,-0.4424127806095228,3.0
-3.726401486055805,9.25194535424528,-18.431045575581837,7.719376900543219,3.0
-3.3030449378461872,2.840752426685622,-2.489199217273663,4.209741013401735,3.0
-6.874065001898847,3.14957780263482,3.273628171645033,-1.0524417237319952,3.0
-4.148165189385674,4.259301245333033,0.5104685053250009,-0.15018097336905623,3.0
-4.280166903164304,6.317291310281952,-12.959962510201517,0.8001238568184845,3.0
-6.1379931528950955,13.531900122481538,-28.47930070209052,-1.9509995329115188,3.0
-10.351569410848391,12.228223838495472,-27.787704476004457,0.5417898354735935,3.0
-7.255877383917217,6.486257950553955,-24.676941027738877,3.507388019169027,3.0
-1.7946724742216809,20.723871961903736,-14.924454673347856,0.3177049365885525,3.0
0.6475729335499745,16.796421856048294,-18.87126612028914,-7.652464726056843,3.0
-4.567845794651323,3.114490225526735,0.04275996832195261,-2.8097241136067863,3.0
-5.174412894844188,16.901366280514402,-31.29764060973359,5.531197808520521,3.0
-2.603917599250365,9.698415456687664,-17.265099900189565,3.6680016855338824,3.0
-3.7847935671071635,14.175027025835995,-11.86686398039074,12.129387853913926,3.0
-2.110126865629016,18.081548821178128,-13.383135629246121,3.910503167295859,3.0
-0.9221498131007322,19.69662980745028,1.8722729869776202,-4.299825504465991,3.0
0.45350885354545656,17.13967970518047,-4.580063811197091,4.711583819616049,3.0
-0.7091293433078673,16.52635039701939,1.6514275029462375,11.476865460277129,3.0
-2.1478044404541374,-4.410071495281908,-10.17351600607719,9.313254167936961,3.0
-0.7964391865627172,-7.474828427452254,-21.533235150054175,-2.3639031206351326,3.0
-4.6172487498365715,10.012522405518977,-19.531776642721276,3.599929439531664,3.0
-5.468529973058627,6.275773458848226,-5.3892628399821865,7.980388558505627,3.0
-7.233833176871759,4.007476678895932,-35.86651630841074,5.0237457403233545,3.0
-8.397508656962504,8.111675752097883,-34.00086086224772,10.451946156253591,3.0
-6.22523876322422,13.519335065485631,-14.388720118751813,8.899326937277344,3.0
-5.426039361144759,16.408200058754765,-15.6294222221559,13.757529585864823,3.0
-2.208141710503594,18.052966231509117,-27.458380377289778,4.534981698758774,3.0
-3.144658389058148,12.964642240463755,-27.567169589085665,6.980439492397222,3.0
-2.9995188020361425,15.770586997635627,5.551184554715025,5.5123574239694975,3.0
-2.5953718058789805,16.837420408531305,-18.83089483057927,1.637536136455127,3.0
-4.135608584573807,17.04544659776847,-18.58936456149933,8.30807533325997,3.0
-6.361295646877303,14.035172520892319,-4.751033506855962,8.723217654336093,3.0
-7.12013448864513,10.812612306762572,-2.8363105991065236,6.6432152748649465,3.0
-6.296242791842784,12.955319502188965,-11.294165103037777,14.456843316053716,3.0
-2.5193583849437364,7.7837551685978585,-16.713576402359582,12.186067002958067,3.0
-7.838146498212008,2.975015676993154,-11.91517174544779,14.386104766730728,3.0
-4.434237231479468,11.723739841526804,-19.323739240950154,5.131101081169732,3.0
-2.301841847099691,8.6185739135376,-21.50375963183444,-0.45378731980083575,3.0
-1.0421387631810874,11.342255349654355,-16.58369324268554,0.40821781708479854,3.0
3.3864047549206906,7.50010510237945,2.039238203829176,0.21170260916227512,3.0
1.0696197572863975,6.302110203911636,-7.758698147048675,-2.584312074607201,3.0
2.276494107480281,6.353063393513867,20.702674445019547,2.308230036259283,3.0
-0.7171130857750896,6.890611108671809,23.36295884844173,1.4721667849972748,3.0
-3.2943161789544555,13.329402249136471,25.0065261559183,-3.183295768886434,3.0
-3.8783762250665026,14.696389615009469,6.967794044102773,-1.0593916156809524,3.0
-5.189189375740213,19.572542500598058,5.492006949112668,2.5797861517654184,3.0
-8.529989707481935,25.206636474407546,9.940964860833702,0.437869173772536,3.0
-6.224726971028781,21.858587915960825,-1.3539422783708535,-1.485505327046054,3.0
-2.0776829792728493,29.156255215102597,-16.412132645061945,8.990616447740809,3.0
-1.0687422961315138,28.6225397281347,-18.771273956718872,12.502813774867839,3.0
-7.232811390986773,13.886431851446726,-33.49309557617143,10.780064482781,3.0
-3.721880120546075,8.560155908657439,-22.163574840836446,2.3522506791157447,3.0
-6.525668564024116,8.300046296647459,-5.83774832561134,-1.4317592955577667,3.0
-5.754904867438618,13.506607195358486,-16.87576121252588,7.837466698001118,3.0
-7.092524714552541,11.5020887974429,-17.788157631778752,1.7795290475419616,3.0
-1.2775168793006881,4.62161285775046,-6.974872036158565,9.127442641889505,3.0
-2.8497163825553686,3.5791356336333573,-5.219364498904518,-3.8242762721594943,3.0
-0.5675097597352714,1.8141094789929024,-2.647307830593263,0.8509613086529866,3.0
-4.466349921771394,3.5015946463317205,-9.716814917018414,-0.11885851207373266,3.0
-6.130658456498627,6.938035948412373,-14.726620631810547,8.216114062522756,3.0
-3.1410222210873453,10.67736549583027,-22.725218783170924,12.868605743206757,3.0
-2.1437075582052727,6.797174135242817,-26.099885976550198,5.708647382825819,3.0
-2.9818348220069186,-1.73493885569013,-21.47565879340102,-2.5074559049530025,3.0
-2.7614790708686874,-0.26433380974512666,-11.928967271729551,-6.519524868585559,3.0
-2.1913017351297555,3.4653887901805334,0.5153409234578348,-4.473639503849622,3.0
-3.2125409988655025,10.894882391408022,16.124152558897986,-0.015129353272151924,3.0
-6.130543487243088,18.099196070547283,14.941811675719663,1.5374722844108888,3.0
-6.420345570832611,20.59378672109619,9.483549351707289,1.4516113932423416,3.0
-7.089594790568824,14.678066926951876,-23.66595076100512,7.333279118162869,3.0
-7.209466626906171,7.135546517657839,-13.618002434716225,3.0140440276712512,3.0
-6.545458167325857,14.113795502079135,-24.93268792754487,0.6139819205604957,3.0
-2.5394035743464594,17.01087108673812,-10.07508774549473,-0.5151989556561016,3.0
-7.886170109146192,11.080828794295751,-15.831124412355644,3.0893067122725038,3.0
-4.451260788694803,19.52785591555379,-7.494142809973764,5.808411216368267,3.0
-5.090014463896851,23.45049936368915,-28.69037287945134,15.46101618670597,3.0
1.6232711278003764,16.928341771235864,6.74706903948003,13.44538031254679,3.0
-2.0812690657692974,13.643788439823313,-12.086582884679391,21.50095814264813,3.0
-3.226004149276797,2.1226908925759673,-4.582487043305003,10.346402974253756,3.0
-2.514265511767692,0.763534694716725,-17.431446455910354,8.980592950982903,3.0
-5.676082057218833,5.933332985665326,-16.129839328552098,6.112470246109201,3.0
-2.564692637421812,10.618277649286998,-28.69874089345894,3.0465213900333836,3.0
-4.879521161407485,11.209523112106073,-24.630655682841024,0.20443803982425557,3.0
-2.9001664199899815,8.905400386898844,-36.11461941930614,3.5922553489411815,3.0
-4.129731050744885,12.297671771347975,-17.19734866256756,0.9090934118202183,3.0
-1.6157615471401665,3.207198755071209,-12.285937471115764,-1.1719435184068203,3.0
-1.0296070647051945,-3.0360637435870856,-3.3019532482421248,0.6766184194678528,3.0
-6.582630055839898,-0.8688796049211884,-15.92789159798727,3.6592781947044837,3.0
-6.363808315813365,11.106137878226763,-34.60333165825419,10.358922797980341,3.0
-5.509037348102435,17.509640023320838,-40.5852853373666,7.1284336093200125,3.0
-7.362633718865213,10.019924654488232,-22.240758710261527,-0.3460514929566134,3.0
-3.186264626060903,5.243683357400406,-11.917217652209313,1.459965246890484,3.0
-0.2886823680987973,-7.218493558917649,-14.24899224471509,0.6021079093370405,3.0
-2.7637468812018335,-0.23012122869887897,-14.691689402351994,4.2193756512841265,3.0
-4.26123120991757,7.978380701964127,-10.150439932972178,10.904391964816098,3.0
-3.0399919249531826,10.013059905397961,-6.26918384230982,6.7274069046894756,3.0
-5.121786000647381,10.0632146685009,0.5125543231707184,3.2854827855557858,3.0
-5.76658513428676,11.251899416447,-22.747681779341317,6.065463251652898,3.0
-5.512816380931255,6.335412495121863,-21.84111766124269,11.646174889085684,3.0
-5.66644185472624,9.338179761645762,-15.667198253003303,11.260730490876654,3.0
-7.037313345378031,5.286070640382958,-32.26400826455324,10.40620599884999,3.0
-7.627559657458888,9.69440084779472,-29.143287447343642,9.008818787339504,3.0
-6.792447264898496,10.317317986189273,-21.986084158838086,4.752704480297794,3.0
-1.5367612785248475,10.636568220728904,-6.5751507092111945,-2.4329462759668647,3.0
0.712881764276033,15.499446272944155,6.659282580775525,5.728728489597869,3.0
-3.8958552345266506,9.791723972681002,4.358780204289509,11.281580267983323,3.0
-3.1845853510400706,21.114311887208952,-17.454220102456887,13.642102762797055,3.0
-9.17406901371438,13.805588587305959,-24.182609409959397,15.67255805595506,3.0
-9.841371085646834,14.30514960880895,-20.10720237357523,5.414998401232811,3.0
-4.2571518317506305,13.829300279938709,-12.378869243699938,9.732346641194589,3.0
-2.762185114821343,13.041005165390848,-22.49701098312942,4.488752095108474,3.0
-1.989133710609448,14.350127338846,-7.283080870456867,-1.7651728799926607,3.0
-5.997490922167792,6.453244103129398,-8.44848047057691,8.421695807025731,3.0
-2.7491965741838036,5.180468010001513,-6.919551929498513,5.622075558105834,3.0
-4.8237998311688575,9.245878661547763,6.708146520843853,8.201622374168283,3.0
-3.1567214148476586,6.6678055729465635,-3.385266908881814,7.335516563077031,3.0
-3.061003233029009,8.208644358276631,-16.012449921606134,5.439672464994724,3.0
-6.397140313613135,14.039897477812923,-31.72395531981848,8.412281138505362,3.0
-7.3064917002033205,8.43866547002278,-33.80721914479141,10.908481297657016,3.0
-4.400749090828693,10.660333968208132,-14.714523752797806,8.157123599515838,3.0
2.9879926946880433,7.8180049304323695,-25.260489641345035,12.045819166413258,3.0
-3.7829841788816414,10.447220778901993,-19.407137154234647,1.7185923202205835,3.0
-2.3271702822746114,10.484541075516686,-29.196078429676856,-1.0646101074171823,3.0
-1.9809731206291823,6.900241276231357,-20.659063940834812,7.077195825267513,3.0
1.0149481966459097,12.73673415560901,-18.174448587734123,3.7095938152793666,3.0
-3.953503492167434,15.253396046579708,-23.072645153134324,1.9268855847865245,3.0
-7.960217203841374,12.055109961956008,-18.102934425108295,-3.35367895510271,3.0
-3.794966326947681,12.028029083537927,-26.11188933537483,0.06326845212177457,3.0
-5.744059758837199,10.695572111208682,-13.418193644953629,12.36666967151806,3.0
-2.993948196391093,16.683464083114195,-17.170587237925886,16.29090981889179,3.0
-1.05464692525935,11.937345642978913,-14.98594695239585,16.33252304167671,3.0
-0.29230654880253715,19.465699418231036,-30.771877529366225,14.9820454655989,3.0
-1.2429122533873391,20.85957995946308,-39.38039293251558,9.060069050189904,3.0
-4.455572423776149,21.620559337624464,-26.42209351276161,5.0557629676002485,3.0
-2.5368752899961113,28.283579042709846,0.07387816135546021,7.379149115734162,3.0
-4.867183173475863,19.764982243735908,7.377361787038673,9.323677389881118,3.0
-4.425146490721894,15.166620261173513,0.894153394561747,1.497804770948317,3.0
-4.233382970736035,13.198890202036852,0.10020004392069648,-1.9017264373081186,3.0
-1.45672907906803,24.209082678376095,1.5684558978254142,-1.2743429987481,3.0
-0.1788904216879641,15.319715106422858,-13.905368172636948,-3.6270126343527203,3.0
-3.473143739971845,17.35336734689831,-10.004907942836185,2.96419316519472,3.0
-1.3720130861749138,7.547157612106575,0.2773574385990356,11.878921733018322,3.0
-0.8576187856796604,2.9296714901523657,-13.743928235903653,9.977457201003466,3.0
-0.12281709991269452,-0.25257758979465805,-13.695777480169681,5.786715112564119,3.0
-1.3070585835410058,2.400288618083162,-8.257996017190191,8.491163054555301,3.0
-6.070721057238789,10.596305406280603,-15.441688643840818,3.1835583663693043,3.0
-7.7998079231362984,-1.6448775630379036,-22.68536473692503,8.740677695073003,3.0
-6.294640440874584,12.153015587970126,-24.636479368594074,10.209022509141855,3.0
-4.699732402380794,1.142265552982324,-2.224338123749961,5.152014366310637,3.0
1.2934224990345293,12.071670634557668,-7.98358611480218,13.895378406696143,3.0
4.561240993857645,9.793987235692418,-8.924526674579072,10.428895735710272,3.0
11.49490819293524,9.0615867606572,-17.24238596770852,14.212093342679154,3.0
13.957595171110498,8.409147093644144,-22.18577195723571,10.496565764991091,3.0
13.396148719398141,18.327702739742296,-30.385308993217272,11.459850332157139,3.0
12.67905959292548,23.20099916134761,-6.642679377749195,19.090014231574564,3.0
8.824578314078458,14.073086061188253,-1.9798238360877995,17.69210001123082,3.0
9.858602207117883,14.574927684443473,4.878736793263865,14.008253276555482,3.0
13.214241937512694,14.60934355929557,6.854731274698604,11.046460356107819,3.0
13.127506002712327,9.749334944669295,-10.057171619990044,12.818454983652064,3.0
8.60809882953107,13.782423281319673,-25.958233194708757,10.57575666943316,3.0
9.796136752926804,8.834614832877117,-34.151488016728706,7.452234339746613,3.0
10.1415036898262,4.099480770785608,-27.538336925738847,11.643086468416202,3.0
12.034654752944029,12.679994375149864,-26.58828421264962,3.7404540046725865,3.0
13.016260935781396,20.880519612719095,-22.186996717648096,9.986058302216664,3.0
12.427002717510584,22.712442861448437,-13.641239801814274,14.16297758364265,3.0
13.419196566814277,9.781155083902256,-15.154572888571709,9.883425334963317,3.0
11.624683392375275,9.155888893324807,-31.772075861844566,16.33589778559525,3.0
13.823818277913553,12.653759699317042,-24.258065277617284,16.050232707719843,3.0
13.853151716905819,5.6248192642024035,-36.797563954949595,7.289355205462617,3.0
17.070934227463894,12.20757217288817,-3.4541749558349792,5.833315466127766,3.0
14.133301384884968,14.660516021506544,-11.727354415619544,14.026202088446404,3.0
13.234814105957492,7.630892975497757,-25.768109118671482,8.428306377276328,3.0
15.578576370590323,13.86899953513711,-15.348209252290392,4.692653149745312,3.0
13.516609446345008,8.465565763639464,1.2395895279044407,-0.5659812069901076,3.0
14.750119688714976,0.8402852639993057,-13.875292350146408,8.257026975566385,3.0
12.219855028953521,11.00204527740887,-7.198672131551657,3.215760757273504,3.0
8.956578785751823,10.594477563872587,-11.308374121545985,3.4355873144278313,3.0
9.681857353671404,12.212079285061584,-16.496795657250168,3.837843784530577,3.0
11.844289321030242,19.29481484146293,-25.29747330782105,12.42595980605945,3.0
12.092904347508505,18.245321307352363,-30.66529770787087,7.07058899210603,3.0
12.08937353881981,12.53983769659636,-12.064893153094703,10.914149521823614,3.0
11.426135088164676,9.86231662543274,-23.106974321428503,11.372912482316288,3.0
14.79313684633882,14.879174407270828,-2.830981758342099,10.815216861334449,3.0
15.209318951738611,13.30743881849561,-7.283056106391651,6.642768356018564,3.0
14.661088290737851,4.219234087549341,-14.805824271196458,7.8194103282377,3.0
17.434494970901323,11.48630856205282,-30.129836223879973,16.271431090883908,3.0
18.042663954358268,14.599457737516932,-23.494487357816617,14.763359167982713,3.0
16.569177290667202,15.841657685216115,-8.684926632097064,11.99751228169491,3.0
17.27048917903219,-4.326279040303449,-23.9475886595424,17.349065047135245,3.0
15.383934264620269,2.981004029233457,-32.76065019989491,10.936395707529103,3.0
16.002117078689448,9.289359736876133,-37.48127597226339,12.673994821693189,3.0
15.164497477483135,4.270855023981282,-22.51713840970794,5.144210484712545,3.0
14.935257370135679,4.0492712321070705,-2.2125673540905417,3.0165588972621307,3.0
14.24235225245279,10.29857430724432,-14.503907593359415,17.642357618369722,3.0
13.53992806339048,13.086387808047018,-10.259090522472441,11.301346476289815,3.0
8.129209898612782,12.195426691411743,-7.1275063477683425,12.816449131938787,3.0
7.282327653837477,10.399324868017256,-7.033152847021768,13.158287640986368,3.0
11.107970701638346,4.544547088316511,-16.918030095323715,8.884222351200183,3.0
11.01275445810724,5.742947927531733,-14.983693432331227,7.270795835337765,3.0
7.141346417284257,4.072083934243702,-26.807045504280474,7.557702388894373,3.0
13.125626756361402,11.053655974900847,-24.57238098049057,6.723199704645658,3.0
13.023454782478066,9.129737696109657,3.980047548385139,14.119020527685347,3.0
12.259354317173774,12.794182674410001,-12.194995034739232,7.343468395812886,3.0
13.765064130671558,0.4046427913439752,-29.63581695016658,0.37599073392214954,3.0
12.44174859245524,7.457021743425163,-38.01029230304247,9.561555075840321,3.0
11.368697526114275,8.726106127744472,-9.398616043755583,5.759230191389156,3.0
7.285062046062302,8.44991369805005,2.476378426698199,7.463852617736145,3.0
9.188235367051977,10.110583570549217,-2.8117985320518475,6.773214301550674,3.0
12.754454427454062,15.184437863887055,1.0230461941780202,6.783567988194141,3.0
13.97853536817351,12.274472300613054,6.016701699117247,7.43585016472875,3.0
11.190795416065086,6.247485637944646,0.38496472365945067,10.73915835058638,3.0
13.268850147117078,6.261134351543792,-11.830568693324881,8.49195936099078,3.0
11.390261651262033,10.303623103862998,-21.36257881052388,10.245213490912166,3.0
12.11033270710833,13.689128604427042,-27.6818964107015,10.319669711456282,3.0
12.988828922683371,5.2550075820451765,-20.766193669253113,8.277035210809034,3.0
9.579883969946296,9.412015485214402,-16.990169570168653,8.405863425248068,3.0
7.361668484734829,6.565652633186754,-14.400136155581595,6.353254213620656,3.0
13.874720016743286,11.383675918157751,-1.5704308592162786,11.154314510250233,3.0
17.698870094237517,3.2791408239929885,0.5640486306424339,8.997509867304139,3.0
16.15021763361007,8.079749926783297,2.094302681183139,12.314301033260506,3.0
15.190639918475044,8.533660652204496,-12.869049066049131,9.577198748902925,3.0
16.458363476484458,11.802508992545736,3.2094649408214426,-0.5447741971639717,3.0
11.264675423270518,13.088057348305377,-13.829284614363885,3.1356721351113297,3.0
12.694380059523667,11.018675751569457,-6.7704220555637455,5.3755361556383505,3.0
10.478681541301846,4.489269834733513,-4.703852965756674,5.497696997521697,3.0
14.606568903917296,4.782657606255513,1.282653685834397,10.478655530433874,3.0
12.23699005990328,18.158437222610026,-7.1622058403118345,3.3375446025225344,3.0
8.406741486829603,20.45095217602495,-19.022859223172883,0.43304719576129536,3.0
8.271570604130527,17.658626318597157,-26.60818267980878,0.0051669606535593715,3.0
8.45626522960373,21.222420229456585,-8.18195015237312,0.04622373891701237,3.0
8.528655378493752,9.394476637045972,-11.95771299829278,2.247010056715439,3.0
11.08106533219106,3.658461670342791,-20.901577510984424,7.4700178512763005,3.0
12.64910990772409,2.383710148855906,-31.642214533774098,6.281639053939417,3.0
9.190827088254538,-1.1225682788426479,-30.341624839809057,8.692207472484451,3.0
11.797345862729422,2.5438968819327368,-12.376379408084066,12.979581804171028,3.0
12.244474276127406,6.516181086253087,-9.216766341765068,15.722418173849766,3.0
8.967552107241861,1.9456727379400647,-16.520446601437776,14.297085725487502,3.0
8.888779059030261,12.943603094002274,-26.630197166871206,5.265050092277798,3.0
8.861641706640018,7.935453251383882,-26.447961508611193,10.402766226083923,3.0
9.48161912011505,4.636296571644956,-13.22562916037886,8.451719342749374,3.0
8.939143554120957,0.4221726216174311,-4.787744505809536,6.788958064063151,3.0
11.928652224226997,-1.2382728582640743,-17.300312660409972,3.8140370567639046,3.0
15.574616340706132,0.2890954170819269,-27.248409542329014,8.905666902484029,3.0
14.266008667150317,5.440374016772152,-9.161091028366565,2.887924580859784,3.0
13.92661692128874,-4.139615751961433,-14.64037943049702,4.788380279684289,3.0
10.87078139131067,0.14059224535749415,3.6617066615682554,13.361430884322223,3.0
11.399448240935747,-0.29695515732863953,10.976547752546818,5.327548274228427,3.0
12.690019544278394,-4.258935955399451,-23.690415806181043,2.5749368797825647,3.0
14.603437368298385,8.414069670035202,-28.458426837042207,6.41669277002746,3.0
16.24377392065007,5.624232256247166,-12.584131551292801,12.561857916400744,3.0
11.616421824348665,8.10299587546999,-13.022053898852079,3.9240413568934063,3.0
10.558663399934797,13.9580277647276,-3.653175818060632,11.211467902710545,3.0
10.98122461121443,8.328719114704903,-6.280481141740237,9.651698513117967,3.0
10.734269348448137,9.615220980188228,-4.393572107159089,16.08764559615755,3.0
8.871735473682108,10.407060744700722,-21.157098611059354,7.312615168149972,3.0
8.896140906765915,7.836148900599598,-7.338864887991182,3.1863690924503154,3.0
9.471696959321596,11.242594019622995,-8.247153147777293,2.866421983258631,3.0
11.984458273808695,12.195391421855835,11.87348749435549,9.784192569262359,3.0
10.06270013995361,8.184532420826274,-1.1052656279594348,14.457062918914065,3.0
12.340331050911225,15.07936391998118,-11.464386589771,13.35685739290098,3.0
11.910929123634547,13.055668971021408,-10.206708210959222,10.351797974921745,3.0
16.71430667439278,16.12503542127188,2.573703529733111,9.878290095719757,3.0
12.063634035472731,7.664295235688534,-20.895737006718534,10.844164289328953,3.0
13.863742021863457,2.9685453331763,-10.637238136454854,9.476795814788856,3.0
16.133213984408755,4.3750326065564416,7.1162672886288885,20.93520944399299,3.0
15.043032298166697,3.0030039634460604,-11.76608089328294,13.597477496971802,3.0
11.295124020618898,2.7442925859116194,-14.394670006471188,10.051526916395419,3.0
13.373204229170339,10.76548270563822,-1.1842410724832781,10.977892904727316,3.0
12.668375981013401,12.505129178288524,3.8821356997410916,14.04009141808044,3.0
16.619760865891443,12.026330380604447,-13.410858982118668,13.023106164824657,3.0
14.561638049030481,10.017807542552841,-13.957430294767125,19.361773370333374,3.0
9.00799684251657,4.070364860676476,-23.17881099781125,20.394215674214056,3.0
8.748549425393767,-0.6961813200169509,-13.64358211958502,13.4176859664299,3.0
9.933969452469734,1.6468507165906257,-9.412545479001484,8.150412396780263,3.0
12.633663748393944,-2.2839577910991347,4.822301929088532,-2.2474977869693245,3.0
10.021092911291571,8.82429649727347,-8.46039685604715,1.8976049411796954,3.0
11.312457441250722,4.268575796849944,-2.484707886842923,-0.7261096009452928,3.0
9.160950254576125,7.798721743849309,-7.998902409076523,11.826877561696167,3.0
9.210318510519514,11.855499283875309,-9.924280512874738,7.752465024352473,3.0
9.818894722216925,8.913290331125578,-15.362625813990743,9.540882010822752,3.0
13.435554495702222,14.29683030112174,-0.6571788327856796,14.591695214888054,3.0
9.662194207336578,8.1373300601582,-3.3195370485531446,13.999253760520846,3.0
11.251186803132867,13.517413266277416,0.9700413059466015,11.035538628441733,3.0
10.389068276209834,8.215543252030214,11.30451262847795,6.0081520345056685,3.0
13.295478556068606,10.77506000052599,-0.17775290493499085,9.570818314559096,3.0
9.986780666390224,18.196814546010927,-1.7828885185612169,16.948683408676505,3.0
8.37749588150633,12.26050170472839,5.0215409502030255,16.88572822053002,3.0
12.998026531402246,14.842708608923562,-9.773240460709951,6.163903766265962,3.0
14.794556021450806,6.576272563511184,-13.18473869062025,6.715939818334875,3.0
12.862802509343481,9.262859890396879,-7.945359476050003,5.601346272685176,3.0
13.447608380006887,12.391909007734219,-12.983782139951249,7.017017075777262,3.0
13.683236035791971,14.122629946838186,-37.54699391221544,7.289212193305133,3.0
14.628437478768152,9.879807474787523,-31.070657431122854,4.006940180833091,3.0
14.563916375746864,13.94856861291369,-28.270849398089624,16.392088718199364,3.0
12.770706883663662,5.2384120309230635,-38.532582166465446,9.94176828322279,3.0
17.41755910518782,20.262203121857695,-33.59975549207611,11.751990904521396,3.0
15.009699613195806,20.577486552562142,-27.302669589102543,10.629082268822684,3.0
16.114295437329403,13.89015399885187,-16.304792877650723,10.300142180785803,3.0
14.159691124821071,25.951252560247212,-20.586625079613686,19.259467080638757,3.0
16.84284540468287,23.899232342514136,-8.360068302250415,10.991067493298555,3.0
10.488301114512907,14.504682160927123,-7.474933836106448,12.26673697592852,3.0
9.70307668998383,13.70698276107564,2.2926332797180393,15.988049532794136,3.0
10.744259187146898,12.158428577881597,-1.8448358986800617,12.713327754072512,3.0
9.009730781805079,14.317971753177883,-8.625939594553678,7.36533504158672,3.0
8.8893666738017,14.593127434098308,14.27523009835875,4.071603082004359,3.0
5.724859088629348,7.8372138356225385,1.1465538588271948,6.1388000027725145,3.0
10.531385656071032,9.110604370987069,-8.479801213422345,1.468597455744943,3.0
11.116473222903481,10.937793986125232,-27.032129677585836,9.24918551480282,3.0
9.23563833016425,3.2925964268119987,-7.560440175950983,6.27998768408554,3.0
12.128911977505386,5.91952448964187,-17.402724208334313,16.220707837224648,3.0
12.369394817741794,14.64410433276619,-9.98739599707604,13.860024641967252,3.0
10.611194179899766,8.971860218694546,3.4507379590679808,15.239674881043975,3.0
10.743319603427935,14.084639667538582,-0.7007202301256861,2.0106948044659294,3.0
13.091619147422149,13.773488235414572,-0.062128273905992515,3.5705639032455943,3.0
11.95381628858106,11.362243171882415,-1.1540741536944692,10.984785201249439,3.0
11.02328579731384,13.477853885229186,-12.357259275096787,9.451870607611607,3.0
9.675236437558027,13.62030215655742,-4.542532330909007,13.186998932335719,3.0
11.552456906947889,11.875620208820862,-9.448016831466372,16.353106484608286,3.0
9.776293181781648,9.896838832030634,-7.356199870461494,12.429524703410255,3.0
10.51249354898668,5.550103477010563,18.350781597011654,14.8187073918967,3.0
10.833345537708164,13.514061021613731,20.517609668419897,14.409778895176943,3.0
8.772700927365406,11.060496068642053,16.939277634548574,-3.2742007863235383,3.0
11.857089874556324,10.66117902119236,6.181712965515118,6.7151575922464835,3.0
10.684281767167409,13.034292106570145,-1.1216147960847724,10.408526351617777,3.0
9.528647950099128,1.8250565721285934,-7.493465554432698,8.206709845708637,3.0
11.802409457187338,6.779430035240162,-23.854067017945063,12.410298590819677,3.0
8.317029674208536,10.430315332796724,-15.937674304988237,10.72754938373741,3.0
7.857283732927492,8.034933570187853,-22.504105437421668,13.21533862230837,3.0
12.576252531491651,15.159962154889985,-27.545275534563025,8.260601514563602,3.0
12.155805302626659,5.543013157635215,-10.174581048815245,6.990485238238172,3.0
11.689279317643875,5.833166023091322,-2.5395267969573077,7.891762551710239,3.0
13.076495226231673,11.820206997421261,-7.359908422210459,11.891704313646231,3.0
10.422137428134667,16.213832349255878,-20.4491720822973,8.02190744191481,3.0
10.101206148759086,6.162976525589497,-23.490701070248832,8.128088784198756,3.0
9.83171336403229,10.11526149836911,-23.023916411886518,9.869487398475489,3.0
9.94306015358744,8.803605662681987,-7.360348564003468,4.5635326014460365,3.0
11.899099080695137,11.450290179650082,-13.855234456601577,11.416164952915526,3.0
14.639667122184518,20.530653642024205,-20.553894926175023,10.856560837225258,3.0
16.02836013015442,11.369078899296277,-9.62526846048131,-0.23534920140576876,3.0
14.987283326417176,2.059773544998537,-17.41847254976497,0.796605150316072,3.0
12.297113951367322,9.91270452126053,-14.046465687190578,6.925062687543059,3.0
17.736588516769334,5.463361861983934,-10.809330173567089,11.480278973580061,3.0
15.38092034073222,12.678163153816808,-37.524411044950234,10.959170759072848,3.0
12.39464974824788,16.808979834473497,-13.360422446040575,14.912354396409668,3.0
8.847691970550214,12.907439009557862,-8.78359563730108,15.784260598000388,3.0
12.910425634210295,15.492919741777229,-22.554519969731636,8.742513468214021,3.0
13.956040627600519,7.636643851119005,-8.954057343375768,8.41872392828494,3.0
13.878475769494816,11.99875596888766,-18.81243265137401,1.0639599198559218,3.0
9.982224100397543,6.800395931340668,-12.10181603537778,6.3055568452440465,3.0
7.5287576491282735,9.593764852260533,-6.06262663204709,8.498670393138559,3.0
10.523684384963293,7.253363521026034,-8.662851961743447,3.160813502135909,3.0
11.790065112913378,10.915173056001185,5.6277023447005,10.015856631072884,3.0
12.178802529965871,14.804964571560824,1.1205271710636708,6.589193233771407,3.0
9.99317407207334,8.235533023021297,7.524797333958204,13.834205776832903,3.0
8.56417783376186,5.464904999621153,7.196339851848281,10.052725045178189,3.0
10.721671236642411,0.05653371579376554,-3.951355024578124,5.325593673398752,3.0
11.6244451509893,6.796908813778005,-3.4214610535205354,4.853615974379675,3.0
12.359946149034274,5.806248825492622,-16.50494466028854,12.946352175477937,3.0
10.53227345890082,15.15616111450244,-16.078491454488674,13.939217398674412,3.0
12.501385347380129,16.945802605565618,-29.00294189723172,18.238881514090618,3.0
12.240419743055964,9.528612331183712,-18.12740746630936,19.1548565846169,3.0
13.735805921814162,17.498494339955244,-17.048352649688088,6.61346895514996,3.0
16.563369252633315,21.571534286374046,-30.35165447032002,15.702737573606168,3.0
17.29991236795507,21.39937162840897,-25.826685378840732,6.76292544673465,3.0
14.385373061941543,11.886574228227287,-10.850013407333142,13.526981791409249,3.0
14.514496928559973,8.899678072298663,-3.1226485313553525,18.816578909451874,3.0
12.61132539188505,10.783152848557567,-21.10295371190943,13.449470194992003,3.0
13.291131589041365,13.876070195704957,-4.307742615707711,12.073338290860189,3.0
10.672454539394195,9.031260266610987,-19.795708969673914,12.967494177826602,3.0
11.23169302291966,2.2489811416254364,0.28035037067242286,5.545194495062232,3.0
12.479215106388422,-3.9252157653430153,-0.3314624617559083,8.805526346838917,3.0
11.861884584995192,5.629037846767058,-4.463016895374919,11.424533912625709,3.0
8.640986769136388,5.8256950639757346,-20.574651345992304,10.816716641188114,3.0
10.789280176779698,10.013884638272115,-7.618176462619124,11.492082461236754,3.0
12.519507505899888,12.963413256990853,-5.834837660615873,5.669317466965963,3.0
12.627748260439217,21.49203665967836,-22.330501806582962,6.2133358442918105,3.0
13.530959273534254,8.035261962277099,-10.959161768263934,2.9088242752597275,3.0
9.920553987586139,15.09429724190183,-11.776450482237085,3.2631791728218147,3.0
9.438037629167452,17.73413831082155,-11.172064718063499,3.8686202789434616,3.0
11.287724936714454,16.462970867195637,-24.46314132506067,2.554129801519733,3.0
11.536284774772863,12.279637767582733,-18.825191476932662,9.35073923312431,3.0
14.34370182541032,11.413356954802666,-13.404410664891705,8.75542094212258,3.0
14.004456135040112,11.020491798639844,-23.024298902196747,8.888041664886302,3.0
15.735601318351735,17.11625181984686,-19.943972880917922,13.469703303376551,3.0
14.383189178583175,12.762154150977857,-4.243511676548318,-2.135517111800022,3.0
13.473209772223939,10.402579168426776,-5.049867540027361,2.61763357046343,3.0
13.176900063403249,13.511454622778434,5.479636324766442,10.839411975815535,3.0
8.849283484380374,15.741037376420476,-4.797105317033937,17.179942916553554,3.0
9.388221731587947,15.264128380466525,-21.594595259188726,9.071217076226748,3.0
12.324765410061431,5.873310789688012,-36.605770275960346,13.120631260824771,3.0
8.403848909052233,-0.8822249605214001,-35.43827766201139,15.921981442798995,3.0
10.484996447931964,1.1510282767712692,-9.07178525200067,13.901528196885424,3.0
7.1188011853643385,15.264512115682077,-5.056186937272651,17.373263841507267,3.0
11.793996190875463,15.598984014018367,-9.453202524187587,13.676259919666332,3.0
13.903618406011262,15.876303682080769,-9.331441962536864,9.164044819620255,3.0
10.506331258242954,19.302512753775183,1.6964136922184458,7.794765372967125,3.0
9.327757663891035,10.747865872305942,-10.327448334612722,9.57844096699019,3.0
13.021033804975962,12.507091002566309,-15.028835954447779,9.70873968116123,3.0
10.864365343591412,18.36991671201679,-24.097602881060784,-0.08505171400155476,3.0
13.953863206365511,11.448712872792663,-30.54101379532755,7.701683409156856,3.0
12.83107657074648,6.783780485056863,-8.349887176195548,5.2866293894205745,3.0
12.31460386288355,8.522815527475784,-23.567412417428734,7.78435416963039,3.0
12.897475133518373,6.052537949157436,-3.6945391925397226,5.834052926697491,3.0
13.908011713106264,12.954232418291834,12.906368889898799,2.721838154891591,3.0
10.617398641108078,17.445658714709207,22.110172667494627,7.695360803562103,3.0
14.383619989056983,16.50241666827905,10.939472605639699,12.397198769833278,3.0
16.884913402925125,20.01237253017004,10.066345247415697,6.091186516527513,3.0
11.483755069687241,12.379083448820174,10.689298947641468,3.1915699564242823,3.0
15.206911746552098,5.098885173949505,-7.622913696714568,3.5481521749010008,3.0
14.72367373950836,6.997270746449868,-16.91101906683653,8.566529682277956,3.0
18.37251595265454,10.491886790187717,-11.417362625853029,4.965270073751057,3.0
16.577713768682454,7.85679346207888,-22.98210705652121,7.643853066217324,3.0
20.364549531986093,0.06294411851729809,-12.740268009026963,4.827593758805579,3.0
19.792871560443686,9.434579784917403,-19.812324027218708,5.326195714322788,3.0
15.694817003913153,2.2768689730089697,-21.815972149914003,0.0761569916446625,3.0
15.598834032589666,5.814086208911475,-7.164541379720997,-9.02307975782298,3.0
13.15391398485649,9.601410684042559,-8.375909179386067,-3.8193508965297287,3.0
17.22433195467703,10.81233549249338,-4.649568695841733,4.124476417066494,3.0
14.30814674958049,8.771354612278,-4.763369444528274,7.506443242352326,3.0
12.76837275334336,9.240286338553569,1.2833848459681638,5.9101331570958315,3.0
13.888995818070411,17.47941779179139,1.163848387494891,4.26108119299066,3.0
17.437814205774472,19.29230829039811,-0.36565548161979855,8.65254970590575,3.0
17.227779580607063,12.343156787541666,-11.669920846104976,7.002041378112885,3.0
17.222833339953983,6.838357494515104,-3.1109069891411334,11.802082343746154,3.0
18.25615883849602,2.994514083653126,-17.72061189428897,12.397123729554506,3.0
17.685604764003223,6.434586299793111,-28.063052522783895,11.236217088246022,3.0
19.02987472153144,12.101785875832409,-27.35930029267368,2.9293877297314377,3.0
18.058101882009876,1.5887060349339253,-14.270041360083315,-3.3926151813294263,3.0
20.87568946072554,11.87577863238338,-8.436128996293403,-3.0545191955151685,3.0
18.36818103174233,7.5042839483601504,-11.290649016552075,-2.4121556682904783,3.0
19.081640167604586,11.370863561443386,-14.429564662107095,-5.834303144551088,3.0
14.315808003483683,11.68223329729579,-5.527022450871698,-4.557166961221673,3.0
16.31422930706809,25.2194561865468,-13.123276630463547,-4.289697555777748,3.0
18.18460837036166,22.790425658676387,-16.7760816127589,6.7691213605767135,3.0
17.24712650363011,8.121946790704385,1.0297413882877846,5.109839554647431,3.0
13.198939459089635,7.63283532159395,2.530148768184437,6.210059856372368,3.0
18.99143965038391,10.850706844400603,-14.437050925946451,5.955566666866095,3.0
18.188379102843157,3.5596834494988965,9.018957468581089,22.461635233811183,3.0
18.376729815963824,7.561918636512335,-4.077968094628439,12.639739493593591,3.0
15.662696789703745,8.298128231147615,-9.884409119154215,10.589730485153343,3.0
14.868041796975584,10.632983572571314,-14.162086881467925,13.144610932787849,3.0
15.205548473510156,3.6441291351534946,4.940293260578535,13.232730019051207,3.0
20.400510262762438,-0.5513832474469398,-13.52653706184837,5.292066392358135,3.0
21.63906777739581,-4.506323617905123,-19.392815384759345,3.8449258600267484,3.0
17.663670567219384,3.2391441446102336,1.967140745385806,0.23045009704601505,3.0
22.579080732147418,2.274603178397399,-22.185648394028696,9.265543178748516,3.0
20.89664656037065,9.7174956459241,-9.51941430088322,18.601461500098377,3.0
23.01390885223846,9.307872518075076,-11.63432129905432,13.38714121716814,3.0
19.838365901523574,6.454688625502801,-28.464447434895646,13.88007552381665,3.0
17.176902404549505,15.187085078119136,-22.339909062942226,5.549407805841977,3.0
17.850183784683452,23.660894131618267,-8.368474890888052,1.9509308997639834,3.0
18.279145020106164,21.845202604099043,-10.883404007445694,3.394003964994379,3.0
17.71723738421961,21.921806133638764,-20.852113897268737,0.8685236341598657,3.0
17.367348254251123,18.887136108538748,-23.809465442042317,0.9043272754618963,3.0
20.104165284723383,19.36231979174128,-25.036278781956533,-0.19958094902094636,3.0
18.57637945555467,5.225852199530667,-10.150516338891302,-0.9661500498822098,3.0
17.580202820617664,9.184840360329677,-18.148290520205833,6.688720644625414,3.0
20.68240976851183,12.404494748628286,-18.03797790012665,9.15549444794435,3.0
19.742874086996483,6.670264063983877,-4.284232090235614,0.021752721752961612,3.0
16.804207949294675,13.034396475398989,6.514329261153058,3.8360478875430575,3.0
18.127285350610684,2.2363270708996446,6.511202920490742,-4.6269507022295455,3.0
19.396049366365627,4.700261791569438,-24.937388660080366,4.230612391383304,3.0
16.139292760864517,8.189722965252415,-15.82656503019191,1.0703857658016762,3.0
13.169043259109682,7.945890399391271,-19.63915161485427,5.122321087593306,3.0
15.103837147868465,18.468085267125687,-18.161163914135216,4.330341226071106,3.0
17.102662098999588,26.2727666289017,-34.78106378308908,3.6024776677490205,3.0
17.9970150352921,16.948302704833498,-36.049549506360705,3.7014100690730247,3.0
18.640261322381345,13.569557052184736,-29.677646666106416,7.188323018025105,3.0
20.06934066956683,25.666152775418205,-14.53275562802687,2.9424919681565465,3.0
18.12644139653695,25.909263476420673,-2.7407559877675105,14.460804643447965,3.0
16.33222750513371,20.411580352760346,-24.703729271579174,7.441257270586872,3.0
15.436107399212638,14.076118848959286,-6.052989017073308,10.18552392892591,3.0
19.408224296489056,9.494451001399899,-13.754272111188746,5.31350646742651,3.0
15.735719043879385,6.2200143154895855,1.0531952426683304,9.63775898510222,3.0
18.173531059283402,9.15498390079346,-6.929476683945342,9.933980527317079,3.0
16.759841963757427,7.738570223283405,-12.965042799678859,9.382321348147965,3.0
18.95657374063293,10.143346572178485,2.442147382855641,15.397312124886227,3.0
21.446393553824432,12.746853218178108,10.3710302100605,18.793296503377785,3.0
17.594064938012743,11.540918207119098,-1.3251861685684148,14.244670529137265,3.0
22.60398809317965,19.423504968694626,-2.6701897825164185,11.715602604865914,3.0
22.320255036123317,6.61475377177639,3.075339459871163,15.252147146364425,3.0
14.500248145133352,5.524836576866393,-9.870564160084186,13.571897381524959,3.0
17.2261459786386,9.027598774036065,-11.406261965187781,12.831254863258964,3.0
16.047997812119522,16.353164375887943,-12.722039763050061,4.041142817523904,3.0
15.487518090259815,18.490057007396278,-18.221312202186102,1.6620931386461741,3.0
20.98129581592737,17.421049020666082,-8.593762445531297,1.253573349485885,3.0
19.214799201730447,15.435544844103283,-17.7293128758844,5.779333383233631,3.0
19.894733627550874,2.3928127853716505,-3.770816981980465,3.3049260720430276,3.0
19.664206172079002,0.6462421785527432,-9.680885822094877,8.541807902396599,3.0
20.303108127607615,2.083947479648961,-35.29712335009647,5.714375617087524,3.0
17.72366775661537,5.918428660640789,-29.535134930960346,5.341075405205165,3.0
18.342260901902648,0.6375928620749738,-29.876896208326322,12.704299156918763,3.0
18.54797917985553,6.915811560320843,-11.394166914984739,15.584240483277984,3.0
22.59029713216884,18.918210416902717,-17.195473212502144,5.386502391356611,3.0
18.286877627303994,6.931973314583406,-35.769675874793464,7.509504309174135,3.0
20.101700355895737,16.079496122184906,-44.08159055010107,7.85998881253705,3.0
16.001212024840445,26.565867853661235,-48.687959917638324,13.632111425050793,3.0
19.04218966685458,21.783738428151274,-38.678192889700114,7.20699700967609,3.0
17.69807944683398,10.866179960086104,-20.366562852587478,5.682640182870495,3.0
16.131179577583573,11.736446289188864,-14.588537194963006,1.722471287504943,3.0
14.81760286777741,11.158051042766997,-8.187437471653784,4.727652791816671,3.0
12.59374418853569,-1.6252045274085978,-14.101348041522218,6.147557598957187,3.0
15.684362459813073,4.856198009080701,-23.61756714012888,7.408681823951766,3.0
19.006296059401045,8.691396697060984,2.3471179590546836,7.090978814764119,3.0
20.683845359573326,23.768748525576825,-7.261277177049379,1.6978484430915977,3.0
19.511839213878677,18.340908315504343,-5.5077507952753635,14.054432759557528,3.0
14.08206114355724,12.580173690614526,-18.209854657938042,13.752695008712964,3.0
17.825116993221286,11.204260453562657,-18.34572810661528,9.146076698272731,3.0
18.92834283788782,-5.844213689284469,-14.969582508860272,1.577813407644975,3.0
12.905183782978966,-2.470240476890843,-27.974838799187864,1.4468800181225676,3.0
14.122511779118486,14.051589050593051,-17.759310499865734,9.345853036343659,3.0
21.769010726882446,19.073297804557015,-3.8929844355269836,15.79393626377768,3.0
14.613582530621649,15.324872126780647,-9.52085732421829,9.51789478656079,3.0
16.02372261737482,11.910201366291735,-9.763246889122454,8.780749827272567,3.0
15.251414307615974,5.3784190256772,-10.752523725102078,9.448892652406135,3.0
12.594907266913847,14.946089525235625,-14.854721507697645,10.741274682106596,3.0
16.726889310474235,16.106719005495915,-15.617127813401627,13.225562689370832,3.0
16.188405482040924,18.12137855241768,-4.909183770472364,12.693264692890532,3.0
15.454137358583926,3.758619721321704,9.54272944325529,13.132977356555337,3.0
18.788855086338934,17.406362872372807,6.614824391293057,12.417917251455656,3.0
20.618631770164335,19.270829016884722,-0.17270329169531795,9.554810761060871,3.0
18.63165692428965,18.410893897955315,-14.60825464994818,4.916386077452957,3.0
21.83157265779998,7.575141183965377,-1.600779139045767,2.1457751661147433,3.0
20.87561263122728,15.899119609735212,-3.5613735420150725,1.4743968960841585,3.0
18.83077980610265,18.660530825159352,-3.494672705123712,2.150400623786883,3.0
19.47148173060106,16.958357847185397,-18.58058888162094,1.988020300392027,3.0
16.036430572829985,13.540449978872058,-20.35671514902476,3.7669797618092504,3.0
22.912910726523783,7.849374415284999,-6.996665205941909,11.228290194622751,3.0
22.831927282392783,10.588703693208117,-12.341159755908347,11.060098952379569,3.0
22.73846229672146,11.451628190850945,-11.993310202173308,13.61768192325893,3.0
20.26080829028939,11.464840069117715,-0.7897633614686108,8.081060054839321,3.0
17.759091700576818,24.551632920362955,-6.706123273339257,9.98509049033893,3.0
16.93883558512319,15.26938830721721,-9.827326264141595,13.244164521523446,3.0
15.876843557825403,18.712808291671156,4.597467244981745,15.60850996471454,3.0
19.48980249927687,18.508987513690037,0.8484506080718432,11.086773627468823,3.0
18.905467316015457,14.238450958951912,-6.7727792948707535,5.221313378927906,3.0
18.437569918584753,11.924936965154204,5.192181783582104,15.116102836428293,3.0
15.14133946820076,10.428994267999293,-30.682272588421316,13.76989074072548,3.0
17.05479506090544,10.281965718527335,-21.298840112202797,13.882159119703033,3.0
20.02818654343385,7.069967369488026,-13.933044984896195,6.538196433394157,3.0
21.41942860320944,1.71868938855562,-1.9828373896655922,7.302466852149239,3.0
18.659920503836723,16.899988203136942,-18.684627799755095,8.984736731411886,3.0
18.900588124124596,3.7156491820551736,-3.9981178615349426,15.233308150353892,3.0
18.698987793106003,13.71613585964742,-12.149413706167953,4.445414119129689,3.0
11.732002951227644,12.65697852091022,-12.52489879585131,4.912842761040784,3.0
14.222591855783653,1.389963110612996,-28.59568852968954,4.736670972308468,3.0
13.772708522770571,5.993288509277912,-30.32957662870449,0.893516174421527,3.0
13.753861533984983,15.433857621030182,-7.984854712154215,13.85617920320708,3.0
14.558160737807373,11.964057943150973,-13.586382973850572,6.019999147451887,3.0
20.75519241885105,5.923985057256846,-20.716549294470205,2.3869952733688855,3.0
21.848588920308565,13.049175937203982,-19.253182644209062,-2.469946787709863,3.0
19.57238817563139,12.543275823532468,-7.635038785187104,-9.027460158198675,3.0
18.71493496772866,7.357038000878056,-8.274502024742924,5.969011120222525,3.0
15.95932440660812,2.070612135117539,-21.3467708075793,15.227559827638096,3.0
13.539861152923866,3.885573889780682,-16.592602840645736,17.47333190250255,3.0
15.71905119300399,12.235518702476043,-20.415594814361718,11.626976654157346,3.0
14.386898413583637,6.538561604056642,-20.443399335762333,11.386665076630349,3.0
18.555619954834505,11.269217772192723,-14.276949684842549,5.585668922546437,3.0
17.600334213877243,14.108617152344948,-12.761850184569745,13.728848311884253,3.0
19.509589148083432,19.764927435580518,-10.895874808143018,4.962019906771802,3.0
17.96356474415204,15.397462055303048,3.275178514212489,9.228526642661901,3.0
18.536376995950963,13.067781765417813,-7.384296377347503,9.717148537113218,3.0
19.516971628392547,16.342412743633226,-1.8089459823727498,5.759024162427454,3.0
20.37766195824782,12.812696126303017,1.189465164646255,13.170232227262673,3.0
16.91572790848639,15.43236609416978,-25.617159139659847,12.482873116764113,3.0
18.32700676914473,19.438874570211652,-13.85002599827002,17.301657456378045,3.0
18.77335420208118,12.56429506047789,-1.2811463319845142,14.11011878127189,3.0
17.824610289369115,9.000712197565083,-18.493101551084106,10.561967102406635,3.0
18.922462330872765,8.56338559229015,-3.1939683757188106,12.117561805087997,3.0
21.01141221402639,9.149543893715169,3.767981862896143,11.990302127143018,3.0
21.1732727756478,18.291154381873547,9.414925066851023,7.307558283770977,3.0
17.816886508648352,19.11828793272901,-15.78267895494282,1.7071532342644336,3.0
18.497204735919805,9.013722641899555,-34.43245649715438,2.537858258216293,3.0
21.1516353680647,14.886529439073422,-33.80871237329695,8.959388306446986,3.0
20.72645801777691,6.539854227084161,-10.52027938712399,4.258779187719959,3.0
20.806172313098887,5.10430371036257,-13.512795843658362,6.209372538097567,3.0
19.946777544228866,5.0430846458681735,7.4407323283884566,7.210191065887046,3.0
21.367685099082678,7.887778167667898,-2.093425653366893,13.021631522644352,3.0
19.8995674974946,12.008933937055494,-11.169876248325847,3.166308043974071,3.0
15.14572789107733,6.102990344820867,-26.47094116164237,1.0705607112074524,3.0
15.166816336446932,22.65947709670589,-8.244531004753354,-0.21057433538343417,3.0
12.079911787919638,7.498657536693646,-2.9336540607140273,-0.003989587854312582,3.0
16.955629880187438,12.479890489557075,-0.34967264821228206,-6.415926766880899,3.0
16.21219264685256,10.236969415824184,8.019868522867045,2.9050968239541923,3.0
18.813572454732288,13.704332241674287,-21.717405023955898,6.479383527796905,3.0
18.295795349795547,6.965229266452637,-10.079643692682176,-1.7852786757752108,3.0
17.010912006591095,-1.7864730517820675,-9.066441475841604,0.4123562185413072,3.0
14.135937483040925,1.452964496114019,-9.264103508113095,-0.9672977498653297,3.0
20.810020071035748,-1.6944437680142226,1.4688714808608783,14.073117337601774,3.0
15.715651845961897,0.43301427102119483,-31.962372556575602,11.214220083906564,3.0
18.517389509331153,4.1517037936317625,-23.89790433697406,8.864771897402097,3.0
17.21806330453808,10.696012852814299,-17.63460288638601,8.28457286737526,3.0
17.64674114934813,11.773515271605998,-3.3493416887890834,12.577646448173383,3.0
18.4042846174994,5.809708412028911,0.3094597238518837,12.456586569742058,3.0
18.594801297735792,10.517672521268885,-11.580115181573388,13.275519327795777,3.0
17.868748751248262,12.07432618379818,-7.638761712154046,10.734310955707846,3.0
16.354000052161265,10.55737573433542,-17.789364508897428,1.9980889245616655,3.0
16.038928651150187,11.479844584947706,-17.78418822157971,10.88224422970819,3.0
18.272515797069833,17.23594838964433,-12.506889401896153,15.320609217425352,3.0
16.591746655222355,20.671455690879853,-13.901080657975733,5.17486301609706,3.0
19.57554587229539,10.502496112429846,-30.8323566295084,7.090551166479382,3.0
16.979842424319394,7.349150659974658,-26.699463061389928,2.99816105519333,3.0
18.633739662519087,14.603655953648058,-16.39859142161986,-3.2603825957579398,3.0
15.840616010666317,12.20705439465593,-1.3385643670319851,1.4541182745415009,3.0
17.12477809958043,14.828878900283877,-5.252320015027832,3.9415588033873243,3.0
21.395799143011136,17.192969378930826,-7.677211852425264,8.554680589223535,3.0
19.98807198116089,13.213043004276518,-16.96074920143397,11.847134309487128,3.0
24.375647016669667,9.795773533346864,-14.350137751357721,9.597647277753282,3.0
19.049858953743737,17.01033496639505,-4.7505087960769306,7.260259901629363,3.0
22.942250495212427,9.852820380913943,-26.61071836833661,-6.7599261949273135,3.0
19.705916498614908,14.231138069055342,-35.70836130085882,-1.5117177123245513,3.0
19.64316659834661,22.477214271775846,-33.03990499133676,-3.3942162006533647,3.0
21.68075426891674,18.142718134917185,-39.536487136485135,2.9151769238435814,3.0
23.534173579277347,11.140079606729461,-8.576666486177823,2.4245191475371124,3.0
24.659616408828995,12.480619925730501,-11.384404181774679,1.4870982067635277,3.0
21.635130603063715,15.148820078986052,0.8933305503537952,9.35459775361153,3.0
19.88343365036163,11.052440069949224,-10.59820633413732,10.13708940946046,3.0
20.112634708959654,16.285215281060843,8.336604531141685,12.211871321483192,3.0
17.79192769521035,18.658764871731712,7.8522965446578805,15.848666238947054,3.0
17.014190445083354,10.407645031792342,-1.8722332498074907,8.141437647298325,3.0
15.566690687285272,9.918200769973978,-12.433242586177393,13.226790395705113,3.0
15.685186915342992,16.97796490270448,-21.123264704069904,11.490220072683545,3.0
19.97422574407291,8.681421194509035,-14.74085145891447,9.278947632850999,3.0
21.864304078688274,11.781464746101445,-9.796166214581454,8.979006840530412,3.0
19.386458371120764,0.3576487931462964,-22.06537396831041,10.667924265790727,3.0
21.043686381365653,2.9746206346625774,-14.058488865898134,6.064432141969075,3.0
14.94739630638392,1.7208604028713368,-13.375182468707035,13.698054732305852,3.0
17.570198519144192,4.324100486521901,-4.763244363131768,9.92219476763922,3.0
19.614974624107663,2.5746894488619,-15.937599992467646,4.656263138535933,3.0
17.17437147431199,12.887404894875623,-9.310365559616368,8.815381947676304,3.0
13.261572338963017,4.80030478673477,-3.9795341576475654,6.421775753241835,3.0
16.480306067789474,13.296986254450392,-11.281507842750731,7.665597141044195,3.0
15.948319609431017,2.28450252234863,-15.156514325158431,14.5974080099267,3.0
20.656500512713844,7.138042082990159,-23.608571794536488,15.04004205139103,3.0
19.57262778219219,6.051842907516567,-20.7796987556455,8.432407116296552,3.0
21.97185683625699,4.52404561819646,-18.61713306085323,3.9381303971543193,3.0
15.912568525932203,9.187167940091962,-21.178767447030822,6.449478935797378,3.0
18.924560591581603,8.649571277111352,-13.237528946175694,12.112443740754308,3.0
16.62275688247842,18.933758364836695,-19.0209408735721,11.55451244371195,3.0
15.443084788481103,13.877384540389402,-25.839300862246578,10.608736255329049,3.0
15.823144473845622,15.519715733671196,-14.004605215879213,3.9994488043205387,3.0
15.955443904516649,20.651043850549087,-18.428243666286892,5.436718697035919,3.0
16.057620930849545,17.78285455259924,-2.0727165617409025,2.4010784340456244,3.0
15.555708374511672,21.706316649821545,-5.305493807296784,11.51470751688685,3.0
15.430969469989464,8.73796685254134,-4.404140818877728,17.564048636175663,3.0
18.77616028492159,5.027867537979088,-3.9567180443140177,8.07852010628,3.0
18.44112760171745,3.1246806406355567,-13.832198763843179,6.54693265561409,3.0
20.646699715423217,11.911359349083462,-14.205990240522771,2.3327490882642925,3.0
22.113832692558184,5.318712625903926,-23.13061688464231,6.671837437521361,3.0
22.69419020486263,7.1224770634208765,-4.807837835545678,6.753810205586008,3.0
19.83977092830265,7.395030648952382,-26.39324274912044,5.594773087526428,3.0
19.751131477645608,5.814499368071589,6.950255642616391,4.672168839374514,3.0
21.913321873561138,9.540860332913539,6.343103514949474,-4.5979414562313705,3.0
21.49365826675938,12.766745092431094,-12.244871576236132,-0.8683557348152364,3.0
21.687798179106835,13.942036013456185,-19.796738373261434,-0.5922793317215369,3.0
18.441927139322527,3.538663821251413,-27.03321934319995,0.8375725515013119,3.0
18.217772293989775,9.487426578031286,-8.372045931589103,1.9731525618025292,3.0
24.842219521959258,10.419511590626916,-3.611097642126489,2.1470126790093134,3.0
20.636140646348505,7.419301722677823,-5.297349942932225,6.888968280864212,3.0
20.823972374013437,8.83564349088003,-2.597800956218167,11.108120609485994,3.0
18.881340512126993,17.37972002118711,-9.965442314250677,14.467661335565898,3.0
11.032707210051779,7.205068566851463,-23.177738898239458,-1.1950976622525782,3.0
7.065660244230961,6.250632564546413,-4.659993363947265,-3.0868923842252847,3.0
1.9720388281348225,4.06092580531349,-8.514666866634585,-13.24265682005899,3.0
3.3213606811256082,5.006658296912743,-11.799056065678997,-17.151462564478166,3.0
0.6858302343548236,5.4476385526020845,-5.756611798240394,-17.057902581567276,3.0
1.7041055716510605,17.184617612587164,-6.817237926669208,-21.431393364497723,3.0
-2.712668312159217,8.314989681611081,-1.9964650198433178,-20.226027190692566,3.0
0.8924367335436341,4.9532231449578745,-13.220405006246986,-15.937014636906461,3.0
1.8461949477634865,8.676942094438266,-15.94518843823423,-13.439964049821047,3.0
1.6732110096363206,9.969294488571274,-10.455878279146445,-9.758044713232419,3.0
2.3693278275857867,8.068787286511839,-19.13876915955236,-14.56191049399291,3.0
1.072162788176364,12.71738345567189,-9.581930436875854,-19.222645758973062,3.0
1.9748382122545824,7.728929638291063,-23.70370272955096,-24.25491695033147,3.0
0.9586559232680101,15.332989403961287,-21.037385545370505,-15.395306051381672,3.0
-0.29558838202525695,12.508159789035613,22.338434587304288,-9.138213617406421,3.0
-4.079426937667176,6.839361580078377,8.005227900290961,-22.04603903085159,3.0
-0.8713894970330613,18.810334095439554,4.656147635721969,-17.248683123016818,3.0
2.2669831057132113,18.917604961701095,-4.548753656425399,-16.085372320148988,3.0
1.6755995987696737,9.229468554672852,-11.620581293804731,-15.769697954800234,3.0
3.2296139246702733,5.047721559628593,-4.738669627585949,-18.45486523230001,3.0
-1.1249159110439706,9.429391831610829,-0.3604919313102952,-13.622791750225934,3.0
3.147303566126813,10.26845116978934,-14.419895600159617,-10.616251601567612,3.0
0.9113888936960985,15.834515162304065,-18.59796057651553,-14.789546338247996,3.0
-3.925352028795069,18.404472615218673,-10.00752175480748,-13.421541301228716,3.0
-6.258655589913025,19.256188401228666,-5.3460725477723425,-9.465308559005233,3.0
-3.067370277926785,13.365113945192627,-15.009231596262516,-16.11821494224864,3.0
-4.243587965186039,7.235551057456681,-18.17395950690609,-15.92755944621296,3.0
-1.3759574770041982,4.275772651718472,-19.63361691251003,-11.086080029608855,3.0
2.608237237908889,11.163817961689627,-11.034335579781265,-6.348172490220055,3.0
2.4567348007765153,10.236490692419897,-6.262102225772654,-7.461995528522755,3.0
2.3737183109276927,11.062059508370272,-8.590269205769062,-4.32509131199224,3.0
0.5811013788407865,6.583788707718621,-7.670702706511419,-4.9968483091053155,3.0
-5.662633089812354,4.088363939492465,-23.606280170001916,-6.885485531740477,3.0
-2.027415520330713,-6.008299586874696,-35.7167423202716,-7.475519201906744,3.0
-3.0161985118984447,4.47613732349695,-33.00811070388421,-8.680575642213839,3.0
-1.384739684510183,15.186309831093972,-21.370834746113815,-5.791439808951234,3.0
-0.5472429141970316,13.019202989583981,-12.274105430941567,-19.663723523199838,3.0
3.7836285943009,14.442939367208448,0.7149473547012679,-13.4326567849801,3.0
-0.6291886666880466,15.899996305509065,8.82993947642597,-16.97107835044445,3.0
2.423429039331352,24.169379774580634,-4.8612201025546256,-13.735520404092703,3.0
-2.291544522681536,15.146295785801637,8.47514201769366,-21.16677982075898,3.0
-1.2454944887367096,9.04092739704684,-3.5897468548730194,-9.531820096356547,3.0
-1.728155744527698,12.071669179451685,-10.140442436965309,-9.119354625876143,3.0
-4.599848365468373,5.173731406153453,-15.357494051203195,-19.739058079238152,3.0
-1.5092842770375643,6.276305382684938,-5.549431214490471,-22.54934789586033,3.0
2.1982428256066218,4.0607298207619795,-12.805583754820589,-17.58131139721693,3.0
-0.28521758492736526,5.346879270858094,0.6452327895382641,-9.113341551548785,3.0
0.18851081696716776,3.412632635161483,1.253583793073222,-14.108259336980556,3.0
-1.2832963802819028,7.675648050248301,-11.035102019742393,-14.616744890660874,3.0
1.3278753648505792,8.844433477423326,1.5887745935892514,-11.942253090358523,3.0
0.7786661556595188,17.975543188221028,-16.469832663746164,-18.210857063640255,3.0
-3.187838150800477,7.733756026686068,-11.235369359474916,-7.759839573903768,3.0
-1.8570330315313628,10.592790066556441,-10.80786020156751,-7.904952387893309,3.0
-1.8290074227243274,17.56718774640645,-1.8217309509597008,-8.789814422908128,3.0
-0.194808139801685,10.624201338541933,2.3044042185618743,-6.979276730050849,3.0
1.8355115800063833,14.654148533449332,-25.738650827444083,-3.30901491223128,3.0
-3.2778762568317474,9.210513317641503,-20.83303824588133,0.5917611186045395,3.0
-3.159283126652773,5.7202858133983,-5.721474373021941,-4.62692526945157,3.0
1.1670832460003437,-1.3778889377711163,-6.923047465629862,-14.803292432943813,3.0
0.1822003675296795,1.2212213875118945,-0.9720223287620149,-15.347534940669165,3.0
-3.2828293272197584,5.062963914750771,-0.5443729318691144,-5.060152445214079,3.0
0.1049840861134802,1.9529317763715257,-7.128292910043663,-15.985983768945461,3.0
2.1962604948504136,6.049112897567842,-18.933257261319497,-13.01652173069613,3.0
1.4127464033429882,11.146735736768758,-28.60079808988419,-14.091083671089295,3.0
2.6448534095382366,11.338632466961862,-26.745865627843806,-27.393453750738328,3.0
4.0144102149038225,18.07181832340106,-14.919747234764575,-25.139023843386042,3.0
-2.7072073927939737,16.7738360895681,-13.45926773435565,-16.032474487748562,3.0
-0.05914337124330288,8.92021030622464,-4.191280638862712,-13.460061633226218,3.0
-3.183678060295511,13.581824944172894,-21.81147965088357,-8.40528139443082,3.0
-1.0790736893173558,12.804247631801932,-34.940866872670085,-8.834737180566709,3.0
0.7477766042365933,15.621822422666193,-27.0003342817377,-14.088225091615895,3.0
-0.5860208061981718,16.860863908404582,-19.01629182406115,-12.475427782599558,3.0
0.35998117874325186,5.420573540248231,-20.69530435499672,-10.462742596829814,3.0
-0.639896231316712,4.568141132048225,-36.39902187608989,-15.868822556000149,3.0
-0.43029401225981045,8.05776474270119,-21.33777671442038,-9.60146331879352,3.0
-1.6830445883257983,21.664412754452183,-21.18963952629712,-15.442899562317434,3.0
-3.897541222593647,16.14802562039584,-22.24349251757124,-15.187158929872488,3.0
-0.6643287627571217,0.007914761977061868,-13.19986165283409,-17.765544667959862,3.0
1.2806045517144573,8.374400973890793,-27.406419963821232,-17.965299946066423,3.0
-3.063099946394562,6.317750381802096,-24.371834078129844,-20.83197136699947,3.0
0.40343361989248017,18.275251576006042,-33.47052563013146,-8.288220236225385,3.0
-1.7631040890412017,7.54862596171652,-36.08414628032219,-6.682084479680746,3.0
0.9615871773398227,2.550157882768774,-23.435360548996538,-15.273712193666857,3.0
-1.61290833857736,21.34010113201449,-26.012947598962224,-12.869206025247845,3.0
-3.9778664858827275,27.90324741147515,-16.76759538471145,-6.045895231442282,3.0
-5.979427063206496,19.67224472400403,-17.982756944445363,-8.392197903437278,3.0
-3.8304994271306385,12.064302741887614,-14.604007131481202,-11.45596221568852,3.0
-2.009982384630037,21.339326623968518,-20.1954432666862,-18.345735531487016,3.0
-3.341148294522675,12.407519978049233,-33.46409345208034,-20.038156935827978,3.0
-1.940749105601109,14.48693274010127,-4.206733748117243,-16.954413730370565,3.0
-2.9486746272489435,8.399543409757534,-17.864239594593432,-20.426772887224757,3.0
-7.441943786063578,7.27890568110579,1.551000735673922,-19.774727726414223,3.0
-3.6913744143170284,9.666192126576842,-8.791154199477909,-10.871775090496733,3.0
2.483948049091595,10.794793502949839,-10.868279868706036,-12.723029401279542,3.0
2.501373511732412,-0.02137246499900325,-19.621441977297454,-17.557899666904966,3.0
0.5389918920969203,8.818841849469372,-28.239846600068486,-26.840973794600817,3.0
2.7887682834657834,8.731463085756587,-16.53211294670028,-21.736587093587886,3.0
4.993543948014448,8.503299629187786,-7.967314566810449,-14.483424331583294,3.0
1.7491346718430933,3.893711202962985,3.6430093794198752,-9.296611579242313,3.0
1.5203490421067531,12.462911963313488,8.668752421859054,-14.503215362259965,3.0
-2.905432991719217,19.987066792917478,-5.395900228499392,-18.071384731283814,3.0
-3.0762990609067438,14.663274556602651,9.946934553070047,-14.852281659763216,3.0
-2.628788905065342,11.108088169390983,6.745278326306057,-16.298339526539536,3.0
-1.89948077083996,7.097120573570972,18.032970694390848,-18.606462736991226,3.0
-2.2284613374546742,5.9502148086076305,8.779150948514422,-18.55747804692855,3.0
5.9035080122441,1.916468272220619,0.8061952607520162,-20.367190674046444,3.0
0.05486734133216986,5.611916856132542,-1.02943614134972,-16.96866940794353,3.0
1.7863865283394929,7.955939054711225,-8.137630211504945,-28.448575197402462,3.0
-3.182524960070247,5.964849264062949,-9.785856238274725,-21.431465889808372,3.0
-1.5050112593458023,6.977645780658993,-17.454165991131976,-11.883426712105805,3.0
3.4443372024621715,12.001302004160657,-9.759773836853153,-13.089338609911936,3.0
-0.6553222906046137,12.090432829636384,-4.429161727252187,-15.663484343901448,3.0
-2.0352762238478213,9.078009479213293,-9.098367532181161,-8.765832008358313,3.0
-0.2462238576920237,13.482844679070746,1.5982264979180112,-13.625966602007958,3.0
-1.3123319807430922,15.35364826168011,-11.546799348807646,-10.396420177989814,3.0
-2.0212487837848228,-0.34818796251607464,-16.640994065167682,-9.069481710763146,3.0
-0.0742977816657987,10.161162883183726,-28.396972666518334,-12.787294536142742,3.0
-2.1750169335574228,12.959304385733127,-21.824243834404474,-23.374513090705186,3.0
1.1194156623162577,21.647636853658394,-5.218592494500994,-17.60649495713993,3.0
2.2397310386870783,0.9789550252390722,1.0008025671738086,-14.154153180930928,3.0
2.1785019852017946,11.18939360623604,-3.0093773833862336,-20.479227688564308,3.0
-0.03778132704923065,21.94525756902748,-16.745024177000815,-17.09170683481796,3.0
1.566332224661005,24.971352238901186,-17.583682533716658,-7.054869232148737,3.0
-3.9573247616120435,22.576112739446383,3.7944226316406215,-11.413970538902783,3.0
-1.4595325009117666,15.005653689253409,6.70299348565263,-15.040969225785217,3.0
-1.622521246990976,11.196001209944786,1.7772521390211384,-19.395986134687437,3.0
1.7895799738020757,5.424680951187611,-2.1909654159898464,-23.68666711951344,3.0
-0.19623957410699944,1.506581694320369,-6.7653166513081,-14.181118403231086,3.0
3.626598529772777,9.825021590631975,-22.300168878671684,-17.244357929633683,3.0
0.35511182181201084,6.35919286548829,-6.599144236279914,-17.125175216581287,3.0
0.24887353103597504,14.864949607187413,-5.4301308735753215,-13.644750839143546,3.0
-3.747558012046897,15.065907575847255,-9.882209508034105,-17.650874252992512,3.0
-8.061951302165147,14.873908517135646,-7.536200937104802,-16.656274202777908,3.0
-5.895868781121516,13.09649268581887,-7.859289174166682,-19.610505079953107,3.0
-1.716774248221286,10.251530561882749,6.466041740340234,-19.5248205345491,3.0
0.1280920659600746,10.117350138366803,6.397041907052742,-11.19930743338961,3.0
-3.5505600868144045,-2.501734041980085,14.000334457301564,-4.524231168764118,3.0
1.6355647101925983,3.862038133063919,-11.391041168495345,-8.952567338893799,3.0
0.3320982652247477,10.664677868401455,-12.063520139803776,-11.169826279072096,3.0
2.7300500846874094,13.745980979683644,-26.633190278665275,-1.804600392598541,3.0
4.3337610103330535,5.83566600420097,-6.500691820492936,-6.211857846276059,3.0
3.297854451565392,-3.3381241720798425,-2.464212580756571,-2.7287663858079636,3.0
1.8334930205115714,-4.667398962627779,-7.270270380051435,-11.605985940075406,3.0
-0.21826271488897242,3.065408958463081,-0.6638455181477521,-14.21547621247836,3.0
-2.016343210175686,-0.8643486375860334,-5.344726990093927,-10.694478425430335,3.0
-3.1667129162864045,1.110963017637042,1.2559276479575967,-11.305940705349778,3.0
-1.5664070765280707,6.742895967683004,4.3747915687783365,-11.784812440364687,3.0
0.03606675647319246,2.237896050434056,-14.676227986682695,-13.301983745516104,3.0
-2.8260792635471015,-1.876402496069363,-7.725263983313517,-15.494862515522836,3.0
-3.332032067626928,5.250450702232684,-16.80928343450604,-17.1804443828208,3.0
-0.607772199833424,-0.9104192240529976,3.020236381919803,-12.907656483173056,3.0
2.196541866539502,6.065256433373489,-2.498370736214115,-12.425447687474069,3.0
1.8049632491631513,7.539529616003152,-8.41823331758499,-6.172156665449956,3.0
2.2230548130633645,21.075910369687627,-0.4459416906376088,-11.794539976762609,3.0
-1.050555202886567,14.59722068645355,-10.97474560452019,-15.782561046460865,3.0
1.7386487835640305,3.5565890429146205,-4.83375218635137,-16.430121385348112,3.0
1.5011506160656383,16.601989118720113,-18.56980917995204,-18.10097387982799,3.0
-0.8600223361764571,16.031245892797074,-33.02681559643514,-9.226493163702177,3.0
-4.607508117434733,4.000969341439631,-38.95713400025451,-5.939798595706291,3.0
-4.534906042709103,-0.2806555063237104,-18.033997917344173,-13.13370990283262,3.0
1.0558000447638116,9.22697669201144,-13.38271823256877,-14.845332423485054,3.0
1.9169107915708943,13.771938921262494,-26.225540326184323,-18.70781950025065,3.0
3.764017177008984,7.562258931780749,-6.060392702880724,-18.620074202323785,3.0
0.10066493026811163,-2.769876226393251,8.635477218738984,-8.971741525041361,3.0
-0.45364020391004994,-3.4403408275433858,-21.13541765819147,-12.900651404836092,3.0
2.567369427114564,4.478937014229257,-21.439165470537787,-16.137690678429685,3.0
-0.7070289904785598,6.06119895997737,-25.27912278670174,-23.028088507195378,3.0
2.9562847622733526,-5.398712899489153,0.6994992746935402,-25.88896207881443,3.0
2.4437385742828726,-2.4188155461172594,-21.96536653814011,-22.049229447530312,3.0
1.2555380034057757,4.533726831554636,-8.258304617079325,-23.190944390921064,3.0
-1.0934760128116696,10.108476769644628,-13.26960639732327,-15.722599175422369,3.0
-0.366748744065688,3.528296992085263,-24.589382494548264,-11.012247166058424,3.0
-0.8779010162136445,7.838626704847037,-43.19565816125076,-10.946349035594906,3.0
-1.1243101939903781,5.44265420344701,-40.690665367936994,-7.484817257179673,3.0
1.3730031860371956,8.52916604119761,-37.799330768926325,-17.14845992148737,3.0
-0.21376607277170034,6.014381431451467,-22.00938242283187,-14.019280078317315,3.0
1.1204869905555048,9.680708509202079,-18.236837732262696,-12.230613703316529,3.0
-4.165176274252658,11.85386226621807,-13.744339119694622,-11.786428388968329,3.0
-3.45560150211484,1.5086472932509913,-13.6801496230225,-10.28111191359981,3.0
-1.0099273897382255,15.00207998274746,-21.79626620930632,-7.802513456241103,3.0
-0.5931235927647256,12.02706227359254,-11.053844206713627,-9.067035285238834,3.0
-1.1128225339624738,6.169552164966183,-19.549721928972076,-13.808702745686515,3.0
-0.10176580314282457,12.056671277169244,-11.665008515999492,-14.269592460829431,3.0
0.42639231863502847,18.211768909385633,-7.474344256388626,-14.96278211591749,3.0
0.24785276099059306,19.21193432724929,-7.511379135844318,-14.875995121276814,3.0
5.910549425361479,12.184162167315014,-7.745576310202359,-18.764254319996045,3.0
-1.363716544755143,6.583670990645033,-15.27145808271107,-20.91466818891717,3.0
0.3356764213771686,18.22136350415884,-9.16810567131493,-17.248361640638347,3.0
1.700931362022105,12.12218718435285,-35.31586980962424,-10.134415086056322,3.0
3.8285681012862742,13.479955319654062,-26.030108320796298,-4.701022262113039,3.0
2.388697552401273,8.748392321823346,-23.454600442224883,-17.098807923011865,3.0
1.7356611139978124,4.228411497363709,7.041665784949551,-5.750022641827721,3.0
2.053075854398151,9.745522781880421,16.000463517307708,-15.223344024588751,3.0
-0.30996272194394847,13.328458178546757,-8.26284633714453,-16.08396497985724,3.0
2.7535693033155044,11.21070211128437,-19.674707056467017,-20.095709743121496,3.0
-1.1795940589183866,5.397756033962827,-17.057818284369894,-9.444491306860414,3.0
-0.7725033362815206,14.449722673265311,-32.92024240142097,-10.994125008942945,3.0
-4.498716988937112,13.42123570477844,-12.008986140756368,-4.130308867414156,3.0
-1.1160128938293554,18.084288537691197,-17.149146075977487,-15.70053529271436,3.0
-1.2503303972309499,11.017066646443462,-21.404222234911366,-14.175762315508363,3.0
-3.462597951373522,15.050564327132225,-11.80451013969549,-18.448526283244554,3.0
-2.007926670645453,9.80622067091565,-17.4098584010571,-22.83565231470065,3.0
-2.015863047203065,14.2059879843363,-19.708194844395408,-17.549419430387474,3.0
-0.941772011146667,13.00069776191523,-21.092394109468543,-22.458414708613244,3.0
-3.2468050135289728,10.949680125763946,-7.9573128751005475,-24.309876576108046,3.0
-2.7896695627802623,16.967865856259266,-5.289162080533403,-18.2235994689633,3.0
-0.27294225720043297,21.964391038714908,-15.741679050237021,-14.368475612661364,3.0
1.891462135703175,9.605611020406398,6.994976092149286,-18.166304139035468,3.0
-0.924276326351405,12.536416563737927,-3.764067903751592,-13.597637802664233,3.0
0.14813250792848282,7.039674339423443,-3.780608634129741,-7.042149050476361,3.0
-2.147547364777015,-1.4267165916504059,2.974147771553786,-14.694947180325835,3.0
-6.575195580604889,1.1016870900624314,-6.637129715225713,-12.61438824886425,3.0
-2.7281772221272,13.202724006375792,-11.456861687815628,-13.92211896864773,3.0
-6.0853220556971825,10.643993745648785,-25.14213608587866,-12.759254784017244,3.0
-3.0301333196254983,11.173369609234216,-22.337483316890108,-17.807342206341005,3.0
-0.28156490627818465,14.481888278814758,-18.730026217823582,-21.829789887119674,3.0
2.813662444331128,17.014074337612694,-20.75336320981462,-21.877211536645262,3.0
2.0585586409158303,13.813208553069437,-3.500511695919723,-19.34967636207621,3.0
-0.7617957595158618,17.279650533948658,11.045296088346475,-15.330907851834183,3.0
-6.594704081997832,21.60416332165638,0.9584067368631874,-10.129709173461055,3.0
-4.748214922610168,16.13849168491138,-22.6872202611199,-9.020973663903687,3.0
-1.647298701758247,17.33400240654968,-20.004646047581332,-8.54869188610935,3.0
0.8260561622997552,13.373836238551608,-16.781751465206064,-11.074258243235807,3.0
-1.3009550165675392,13.725628752682134,-6.895539396229799,-8.985721565900647,3.0
-0.9263251840665391,13.063880222163736,-5.973354487972727,-11.647918739984863,3.0
-5.60800793972435,9.808969324241708,-10.569141654185003,-16.175645184389147,3.0
-0.7834831198655597,7.4478319246549844,-12.050371267408948,-16.00041392019454,3.0
-0.7720156721170526,5.3746887540100765,8.269944989037494,-12.600401490663122,3.0
-1.6250877316694563,0.33172558881962466,-12.334677572675092,-12.965816475438384,3.0
-0.024357471997260793,13.12866193041372,-23.299011950415988,-6.587758118326164,3.0
3.387982192821415,1.599340195142478,-17.49978553413235,-5.194470260419381,3.0
-0.8180552904679166,9.830650334952065,3.188740155731569,-0.19064826429894843,3.0
-1.8184453097509254,12.84778049925653,-15.846889008172264,-5.958506490681472,3.0
-3.007484935657965,18.4571672740025,-17.4100633812348,-9.157788025852586,3.0
-1.6139392359982605,7.028379121586657,-0.45646918179278995,-14.305252174261401,3.0
1.3612512431709656,4.397770791411368,-15.50862308850707,-15.182284566341588,3.0
5.878125952940126,5.051192201611152,-15.021693230570978,-21.792771233115552,3.0
6.842291571668495,9.479091473636508,4.632160477292909,-17.354403821743094,3.0
3.072650721337395,17.77449711047017,10.313972904795367,-21.258329562498403,3.0
3.20811119971488,18.312389908293103,20.659058873438877,-18.459755072075005,3.0
2.2460591867952724,19.81149830737204,-7.404259209318802,-18.3938299319589,3.0
-1.3744660562888094,16.736552156359057,-4.989533357079898,-15.673840689496718,3.0
-0.16994273876035232,19.295624714993856,13.865812637771242,-17.48918344982996,3.0
-0.5940256360072619,20.458832480109933,5.393535757071177,-11.703536778142677,3.0
-0.9473969381384684,9.967264271992663,-4.0054549924730924,-6.512263794144609,3.0
-0.06077884845953385,4.553965123154434,-20.691201042295756,-19.065181532563255,3.0
3.4411232947616543,9.766756669943973,-20.310683120163247,-19.689783782582502,3.0
1.9134008205631643,11.515837667028977,-10.302853877010836,-17.183940169052864,3.0
2.0822622158707746,11.716124499987323,-1.2934018492164352,-14.804786216341212,3.0
0.9660700228758858,14.97377238976752,5.535708249054136,-20.06253574624348,3.0
-1.9658714832836175,8.292116157238645,-4.75371513203887,-15.761807342464273,3.0
-2.6813196015672176,18.085833831738515,-24.503700272287457,-14.522352817620888,3.0
-0.6281466504488394,12.606940533579674,-24.52651867439827,-13.96838566512141,3.0
-0.5570523173189745,10.986423520503092,3.312888315616741,-5.340507039353303,3.0
-1.0914414849455616,9.598043883353899,-2.0836076732033746,-3.7717496684787255,3.0
-0.12999856856141245,12.828269177120212,5.480701241380281,-10.049428786286025,3.0
7.384131022921479,-19.67557831744502,-15.674993932124819,8.354687186495138,2.0
21.465874716191887,-15.37097897868849,-12.49506036102514,7.798795738034049,2.0
20.758056668054795,-16.147129843750303,-13.450367862758894,6.220797191866309,2.0
14.008027325443534,-11.90222555842887,-17.570866282656386,9.470649348388637,2.0
14.035030909864975,-10.994769272028204,-17.612721546362163,17.179461933188986,2.0
14.946630044437947,-15.695931047684121,-12.527236660460073,18.785750280891822,2.0
6.681014473187164,-10.701119547820587,-10.365297306646461,26.703857506836414,2.0
28.008910926059006,-15.59829181744924,-13.54505724247098,25.083247831237422,2.0
25.277880610830657,-15.590181578581143,-14.903445212861534,28.447618343027564,2.0
13.467862483644078,-14.250361744893524,-18.490477325823434,19.13628866006566,2.0
20.550100531503084,-21.455090420137267,-16.243089315881,20.253237907913412,2.0
14.545260583660994,-26.965617761368648,-20.467633220946155,15.138105841180108,2.0
-2.085268761341915,-19.69276527545377,-17.80184928313522,18.192855441665387,2.0
1.2740705270134933,-19.990637616656798,-19.318589046626766,17.3016211950797,2.0
-0.4166147559253073,-21.524184740582466,-21.74008389348611,22.692829263570175,2.0
-8.518741860891804,-20.847771764360367,-19.455746776823403,11.52658377124969,2.0
6.921003666945018,-14.933232365463127,-15.57721348960011,15.109420580179043,2.0
4.341593622942272,-12.77071724037856,-11.217529744208468,9.876167062225239,2.0
7.050945612125827,-16.932299304775274,-9.1540674753262,14.448809996058861,2.0
-6.940662442043649,-19.766619790694836,-12.039204888049666,14.716144288616151,2.0
1.427903199015935,-23.215493234694932,-13.712197368403345,10.175915355676203,2.0
5.695914796407676,-16.725771292062678,-14.868537361892,7.274268889285103,2.0
7.863832083060958,-18.74487510070235,-11.462128134963224,11.016482961718799,2.0
6.378274216383035,-10.133644119526815,-14.087687300001338,12.632861332382614,2.0
-3.2141317439500283,-10.282047528061133,-14.26865076721407,12.031752204620004,2.0
1.151970411937234,-6.1954985376575,-11.419977496827435,12.694159399313444,2.0
8.842979576069995,-14.375894573097735,-13.283136930875099,4.129489442402177,2.0
7.233812385014167,-16.820206243742962,-13.333209118091439,12.070562216589115,2.0
7.97354933062774,-22.96304337151157,-15.03160353797464,10.460243730753115,2.0
2.452520617291837,-19.30587843085723,-12.699593912147183,17.20628113868181,2.0
7.271216271810665,-20.016427187702767,-15.86497541811731,14.962953592393362,2.0
19.4631342850895,-16.91627588323211,-17.437956573229773,9.347752873274324,2.0
15.647971831850526,-17.20704070900109,-13.883734844808606,10.24010500646986,2.0
20.46401808374611,-19.096094775426266,-10.241235567404704,15.279344611398471,2.0
24.77731554416282,-14.443211772934543,-13.964481277773038,15.079811780680803,2.0
7.430447038027988,-12.848637771090278,-14.052764902121647,14.938314248087167,2.0
23.917177065141253,-24.072507452357804,-12.024122635556814,12.046642057036657,2.0
7.196050347599266,-16.1001797294964,-17.17523696789579,20.70913821792909,2.0
6.210314179553808,-19.254611522616056,-14.757391941537021,13.649656168211253,2.0
12.891763116988038,-19.68815602025145,-15.574910299282932,16.089212694395243,2.0
8.918136801144612,-20.85052218842666,-17.644651243654636,3.3532086547929847,2.0
-2.0609423965259523,-22.626178671113696,-17.905538836382636,6.862333049419401,2.0
6.03784927722835,-20.58996855661789,-13.031146085326437,10.680938178804457,2.0
4.225909202813909,-24.691629699126686,-13.352874338629611,11.770253326665182,2.0
21.31353436803489,-25.331611691729197,-16.992742793004993,9.154248414500126,2.0
15.338641099398332,-12.800693208406813,-21.179787258753482,18.188335793396444,2.0
15.870352823921644,-12.747813537590632,-19.992324799661727,15.6122586505366,2.0
12.576415483350484,-18.358864618580018,-17.387915238995305,15.048985318271145,2.0
4.910605071604746,-18.215405468096062,-10.585045935817563,18.137563640161492,2.0
-6.527880314970141,-21.351153480199564,-7.9140142350146325,25.81105150206325,2.0
-11.034742057941088,-20.53210807670464,-12.292342112362483,18.691489714629416,2.0
-0.2505089825187241,-14.039374574098836,-14.892384999620495,13.870149070414653,2.0
15.18534684708138,-20.889974633544547,-12.178262412062976,10.721256341890388,2.0
12.664710152181087,-17.69024109708995,-14.953943448359686,15.25779942136613,2.0
10.18813984751527,-11.312606101574069,-11.808187223887897,22.862880085840587,2.0
-6.461551116217873,-13.447167286992176,-17.34859376287264,30.206059545918528,2.0
22.840598026727296,-20.73494724735193,-15.236077632827076,26.05694804889118,2.0
17.134648803809334,-20.26697793843739,-14.203353900528718,19.38585914896492,2.0
-3.249165619043974,-14.029885846111938,-14.68852890748196,12.236019105908055,2.0
9.617965813467315,-9.709328523190647,-14.895027141869324,19.98184491902773,2.0
9.673890872574013,-12.89635632772213,-19.170956105107027,15.547602378449804,2.0
17.431626727261637,-21.515947734625016,-16.51500372869223,15.983951330546681,2.0
12.83196470721831,-18.749514735467777,-16.31359457209271,16.193179837688817,2.0
8.811210949820367,-27.22085007626414,-17.41935073025328,12.579975674492262,2.0
2.228146106660936,-15.19620180883149,-17.077345156049088,10.139534890900823,2.0
-3.6099485359518333,-22.754145719699743,-18.06944121277552,16.71681891948512,2.0
6.348787405953244,-12.793338004024829,-16.797820351956453,17.013249957366597,2.0
9.534953420564742,-12.743517285489986,-14.905983062753974,18.66393373187076,2.0
-7.250211420887141,-19.60273004248981,-14.493664825821163,21.89798685362784,2.0
26.07528192980583,-25.48829195971583,-17.407846050632983,15.141256473141688,2.0
19.081236917827372,-18.420345910983443,-18.878633528832072,14.821103639458698,2.0
18.58191260813337,-18.462931410321136,-17.992135664997104,5.037743568326238,2.0
23.251136782642057,-18.505211703744184,-17.858784743301058,7.237721897215565,2.0
8.603323683451759,-22.051109632565723,-16.465679076173387,5.472108295338529,2.0
2.115158659817318,-24.60287461648209,-18.0179079420962,15.783103566627366,2.0
9.176127534595803,-20.111283366485193,-18.031520329586613,17.446871170155056,2.0
4.173003051755004,-23.68971313352436,-20.464790620214025,13.77978724336506,2.0
-7.634099238935562,-23.5831237790861,-21.776761237002948,15.755825131510685,2.0
11.120268226082642,-25.65358178514266,-22.66577370799859,16.773186335424437,2.0
2.8131294420863484,-32.743687958577354,-20.834191017058124,13.961004470580413,2.0
6.504659589959125,-30.642261546620425,-17.254470114860535,12.905960283049284,2.0
18.957977237468818,-23.448930859801685,-15.720045914661078,9.97237624851885,2.0
11.123659851454466,-13.52416546210906,-12.797085130108616,13.358667552533435,2.0
10.11121575227677,-17.983216256443026,-16.451403538818518,26.65841181869401,2.0
13.491325950452925,-12.354207127764418,-20.87380274572068,15.36352324349481,2.0
8.57261965114163,-7.858207502421882,-17.073334505984256,16.073542516401805,2.0
6.572394914706664,-11.957768191745549,-15.215741990925192,10.03437233285377,2.0
9.49871956341891,-14.016636252219698,-16.285359870806353,10.943263398874583,2.0
24.80220006640836,-17.089973910279607,-18.049628023545566,11.711357149233308,2.0
20.134361513905077,-25.257535495715892,-19.428694746814067,3.629109028270376,2.0
30.388806147104503,-28.760636375868202,-16.56306893746469,12.160062895653532,2.0
7.033953931639663,-30.060066625851086,-18.122541047820967,13.417286239638907,2.0
18.84614530107731,-20.71083299340509,-18.24382146278423,14.169661688955971,2.0
-4.730488359240633,-26.117876867017788,-16.338355409150623,14.179992706479013,2.0
0.8401342291199576,-18.332518076233733,-16.794691815336957,20.59097219884896,2.0
4.40695973054264,-17.847116774121695,-13.250497091375106,16.758701373767217,2.0
-11.107522931816309,-17.292255457971134,-14.63486955145765,17.12681876860765,2.0
6.161250446482878,-19.42898578775791,-12.498831102690376,23.997958401558932,2.0
14.137527701679467,-22.40533624991439,-14.64355984355938,17.166554641225733,2.0
1.9954061507297194,-28.60223949445063,-15.731358049090666,16.935418630065026,2.0
-5.483256387137736,-26.854405107503553,-19.49339300782445,14.122159643401762,2.0
15.972087134568026,-21.25132571878588,-13.434047693518208,18.46880850535527,2.0
-14.12815147067607,-18.112500797456892,-14.465810068117534,21.593901104945704,2.0
-0.9570234934766102,-18.040580164794342,-17.5907221192646,26.127863766522275,2.0
6.128465992919968,-11.291468291385273,-16.019415544257576,24.338035735633685,2.0
9.74307027604017,-16.080118633705887,-14.27853204355975,25.399147620745907,2.0
1.4654789888883588,-17.667234002602452,-15.295380881479602,20.78187791018141,2.0
7.835154961956797,-17.633083384717793,-13.228667686800225,13.570913882617821,2.0
23.056875220547578,-19.24015232404178,-12.940716690775439,21.855393374222388,2.0
13.66693210419008,-17.569781582102998,-13.534447445716772,16.228488702525045,2.0
17.875327405769525,-27.061610696116734,-14.46644020768131,22.25738852472367,2.0
23.695025767132357,-20.557281327094525,-12.459014322067295,8.227628321495283,2.0
26.662111461758094,-15.603314214582177,-15.38621946494975,13.515749220504931,2.0
17.159701765031265,-20.526664566947513,-17.493654190772286,18.099272623660717,2.0
22.451464188283616,-15.033589734444593,-15.231877260087176,19.815825193657737,2.0
12.650561498269816,-17.36569715593856,-17.25138250658681,21.22259436587386,2.0
2.508393060416685,-9.355646057315996,-15.284897443846843,18.003140135446134,2.0
15.039380074741906,-16.52331733532239,-14.99885304529795,14.324309170532203,2.0
21.702111599959917,-10.839175649550064,-16.5390486835799,13.99904312283077,2.0
21.76427694425471,-11.222068026804617,-16.628765949461577,11.06271162291462,2.0
15.831782536244079,-13.338607464602303,-15.197478200335187,14.27060931788195,2.0
5.74149308912288,-11.739506103399993,-13.462449376769069,19.32739850966489,2.0
-3.2184804911013067,-10.556978697456165,-13.395438830450704,16.25557182371041,2.0
-2.7316992258003285,-12.615351381764999,-14.465852980096173,9.31248097237081,2.0
14.391161374649442,-15.56073619475697,-14.64504942708118,12.022273148716497,2.0
9.612519076357916,-14.105380222468831,-15.968590338029856,6.761898295341702,2.0
-11.840259913073362,-16.832039518442944,-17.633109467787094,6.8927985398709986,2.0
-8.725057061413787,-14.635278928991065,-17.70760533845202,11.596215538543843,2.0
-2.984042066874818,-19.839858487120402,-16.13370949874494,19.663264133660103,2.0
8.854815466789754,-20.037147558206815,-18.096312431245938,20.554869743931736,2.0
8.349907128717508,-18.8935446703972,-18.27333887218481,23.79361102546272,2.0
8.822035899923957,-21.02969062001132,-14.839304825186595,11.90020890463715,2.0
24.74374358855404,-18.222398247998143,-15.600067303018928,9.51751780056076,2.0
3.9008603451381516,-17.583057319360062,-12.934578941137332,8.558876321746519,2.0
-6.869560784609796,-16.438925522626192,-17.257079536700463,5.115478719016879,2.0
7.103802784310455,-15.619290959556645,-17.63277291059583,8.786038366783583,2.0
2.2481470879979977,-19.694452306655446,-14.208120588543343,5.737545523290567,2.0
24.796487387439818,-18.082602482604706,-17.492201024188716,8.24131075516069,2.0
11.76049521402862,-24.759084831613844,-19.6027827920598,14.983647744984367,2.0
-0.9917704406562309,-24.722183851891906,-13.721319739605153,16.629964014179972,2.0
-2.6058513456982535,-28.946488980357397,-11.952476141526663,10.042776659169315,2.0
-0.6686156454152652,-26.58788795382547,-17.172320745762633,17.99903626355807,2.0
-4.190927577462207,-22.358399239127074,-16.616970984369132,12.14013220247758,2.0
15.174830034120433,-23.36535826194448,-16.296365274851212,20.33501810271155,2.0
11.064163129938171,-22.026285787167218,-19.361637966216286,19.11893292453531,2.0
-7.539946840815254,-15.865967113609997,-15.4767649646749,11.347936819081367,2.0
10.161667809183989,-21.399099740290357,-12.854705552200754,18.184414246527734,2.0
10.50887856725357,-10.328686647648617,-14.864053431892003,21.314525244668562,2.0
14.379276926943934,-15.810964337607247,-17.523137351352716,14.868917805656068,2.0
18.359654171475754,-13.504129205031655,-17.35796249888654,9.365156248291514,2.0
16.153787768333494,-18.33971778854399,-17.94092412357142,18.628584142711375,2.0
3.0350341191039227,-20.948627139341784,-16.543374545110606,24.21762538939038,2.0
11.654136191106145,-20.353760284036593,-19.473278859986355,10.945308917351065,2.0
27.78842793635474,-23.81017651230904,-19.708713631325683,7.023035364117077,2.0
27.941510482527946,-24.013979573620748,-19.882285963971633,10.45071299199708,2.0
33.363147018687485,-14.249246102119596,-18.62227661402681,19.832447840421057,2.0
20.276360717913434,-17.57210012536914,-21.68202371461908,15.464715052249637,2.0
16.056671453541426,-20.02565176645116,-17.625886911061066,12.073216422415532,2.0
26.72020921123834,-14.04913887944496,-13.082496647882794,16.00517808080314,2.0
6.505167068581089,-15.306020442810581,-12.26359601336824,15.521981862790625,2.0
15.906976937157404,-9.534089090714323,-12.695608237733918,25.961463908201107,2.0
13.766298968158692,-15.055089543180486,-12.18224346283242,23.454027778031282,2.0
0.6480278308566145,-22.707934464463758,-13.237754138236465,25.15313223581382,2.0
4.214999606710606,-15.90738415647867,-15.834493130728013,20.77384318973118,2.0
-0.039468045120553796,-17.710677844953203,-16.012336834233356,15.626375950642156,2.0
6.07675270237509,-18.606907496230544,-15.168370715746029,13.802832110830341,2.0
2.123050509044619,-19.35785393834554,-18.872941999628267,9.444173312111031,2.0
-1.8855589556359007,-12.946393866866893,-19.49407608323694,7.800092084955605,2.0
16.576519221233333,-18.402063141476397,-19.135390656120514,7.771285572084159,2.0
25.538061287726755,-16.614152260457637,-14.562164111448329,12.29414847770488,2.0
10.314483024252603,-14.199514064871252,-11.710888048211874,18.493175785061936,2.0
-4.93849150346295,-10.871159383638027,-11.386475956585025,24.38321573307347,2.0
-0.005729713054822838,-10.381797947635967,-16.447337727851593,20.32330650874948,2.0
7.40372884772239,-5.449863961199963,-14.942783731491222,19.993503143604812,2.0
4.975937082614867,-12.481556541715875,-12.508383878972591,14.874226976034674,2.0
9.790844450400202,-14.580114974813203,-18.45802354542559,12.686912140634494,2.0
-5.439607288824239,-13.083374881961658,-17.82939985528962,21.059538460715196,2.0
13.500172932562347,-6.203802198594095,-16.078376701306247,11.638846838362578,2.0
26.329625150468956,-9.072105663681862,-13.598513321375155,5.625827979783862,2.0
3.5488872726011076,-17.21267554499459,-11.69624715563334,6.620810257664332,2.0
20.592324568387852,-18.716222646989106,-10.879039436436509,20.889899546006276,2.0
8.217859462591848,-31.115397055900885,-9.407147436574913,12.759672088775488,2.0
10.58091385757573,-22.94164584634439,-11.429454143719916,23.073551955513068,2.0
21.665591144111115,-17.674663162834406,-17.66794427828626,23.48875117098119,2.0
15.34653700310458,-16.435328833531855,-18.43779115513825,25.40650000641716,2.0
0.2721301864373329,-26.00572016049462,-17.62391280658359,20.59325077908819,2.0
-13.166320559285218,-26.439424676603096,-15.546678237355934,15.447230319496995,2.0
-0.2724812593335386,-20.71504499294101,-13.187910538995716,15.934137077348423,2.0
7.108272350060655,-14.906341639264847,-17.037406433152412,13.807301974577173,2.0
20.671232694225463,-14.0491678553496,-19.584848109715452,20.284163153898064,2.0
-0.24853590441578177,-17.196075123653205,-19.176098484291025,7.825767335477524,2.0
3.153594163858358,-24.68738831031015,-15.233746297923998,3.374315966128479,2.0
-1.9265965084601078,-40.11205008660791,-15.174858152845887,-5.686641743110295,2.0
7.598455000181042,-24.36632767807165,-15.42233648662874,-10.640401152453439,2.0
5.076212109843001,-25.282924866235458,-14.677512098629922,-5.98743621705907,2.0
7.304619499938922,-17.854917613188455,-17.79994472772542,-7.248770285152533,2.0
11.124482109175728,-12.436106411168936,-22.07209943131192,-6.834977852646332,2.0
9.578788465222658,-13.507312637671504,-21.133145864065213,-7.445493602396325,2.0
5.4185342585862735,-24.297346805901103,-17.992403933565555,-6.258045638629515,2.0
-1.312532859055132,-14.150124179958274,-14.97129200840281,-4.666505543135081,2.0
6.80244298754984,-10.614639246726917,-11.93150034220293,-5.351646647687647,2.0
-12.67853085301283,-8.109504013113714,-14.573271348436279,-7.294265884306497,2.0
-9.827263216396956,-16.57163720027195,-12.496088859651037,-7.732544813266412,2.0
-16.686113406473023,-16.915552182885786,-13.405882577371546,-9.0441721677482,2.0
-9.92471415317004,-10.072575311023186,-12.283454454116942,-9.603962631226988,2.0
-1.1469977191382554,-11.451735808443662,-16.916496478453013,1.1950982269226609,2.0
6.070475690068948,-15.16702671732935,-18.640394115890995,-7.129512816019169,2.0
12.532704377943963,-20.053137234048304,-15.643744007456254,-4.3032084766243806,2.0
28.273695585414906,-17.059495834775436,-15.656544500566145,1.7866386783800312,2.0
-0.7657927123693891,-15.689963090161873,-12.836962942353379,-6.094466735335642,2.0
-0.4594733015939756,-9.474423345421867,-17.97431481015285,-9.610785242135345,2.0
1.9632210113071666,-15.86641059375117,-15.878021890001236,-11.745542470523457,2.0
5.330601641206292,-12.91057081512717,-17.36123953005853,-10.74205032845096,2.0
1.077524629777475,-18.258959317466086,-17.152443561445057,-7.606958697572561,2.0
8.536745436441606,-13.16850686637742,-14.461857401887368,-5.654792932143504,2.0
23.78750094881066,-14.647601557433154,-16.448035786173335,-3.4844555231560035,2.0
5.302213117746057,-18.195106723272488,-19.485515303388038,-4.567573531541401,2.0
5.076541870174852,-13.49156724393014,-16.521466239509188,-5.057264314650707,2.0
5.57157307191966,-14.06671371254211,-16.726499323709078,-11.42918250308692,2.0
-4.74245661181274,-18.554409708253022,-17.535427854079817,-10.75574183771236,2.0
-3.487555670848221,-18.38776457967782,-19.48380242980873,-0.4968306594739449,2.0
-6.573648686052457,-1.9750890666909413,-20.89393578841409,0.10692197547180271,2.0
-14.924138208310511,-7.880245564449618,-17.269462171238718,-6.66340651146818,2.0
4.274695563492839,-14.264687248643538,-18.5410815051856,-12.75804219357785,2.0
2.7401372547530443,-14.856490087946808,-18.954432578994428,-9.133883191704419,2.0
-13.183478224355328,-11.83182726749994,-20.271478637884535,-7.095938724379509,2.0
-4.0913636933426805,-16.368766143257297,-19.065558855017834,-7.514143305862948,2.0
-11.472913283984388,-23.840877958825548,-16.58549616034494,-14.296009526345873,2.0
-8.44335116783724,-20.494909219860588,-15.103680189349102,-13.811046881718303,2.0
5.8339928490728505,-23.810547522992398,-14.129664800081986,-12.75911200287755,2.0
-12.357392390357926,-21.86803016531738,-14.258489084703859,-7.406891379659562,2.0
-13.347444342882898,-19.568428990228615,-14.156278718449327,-14.452029443692052,2.0
-5.490382749651854,-16.387908494765114,-13.462452071245576,-10.212119522324366,2.0
10.461175438494827,-13.31269360288374,-15.538945733836142,-10.25880752883856,2.0
11.67903005485369,-18.58973393874198,-14.223327039230405,-13.76987461561934,2.0
0.7297658098580486,-10.285284332469548,-14.51541569751795,-12.343182376458973,2.0
-20.106366149763364,-18.926999019278902,-17.36049505073826,-5.862784208616458,2.0
0.9154277716651933,-20.93033972636558,-19.327911875612603,-10.660349031267582,2.0
0.7882446766584614,-15.900704315258917,-18.88694622340359,-4.618915248274477,2.0
10.655938944026785,-11.592049701034984,-14.366425408781055,-4.564522517948472,2.0
2.5025435949169923,-10.77235115451624,-13.209291291901556,-4.570544032017418,2.0
-9.642383056780657,-21.74848552123399,-19.3220998915882,-3.6799413149602422,2.0
-0.799408750353499,-19.764770818244166,-17.801570669217178,-8.300576849446337,2.0
16.49476244327718,-21.833310435679273,-16.58017268186261,-3.7613305421819483,2.0
16.32378480900948,-24.459748100321413,-15.390692897320355,-6.435524522606983,2.0
-3.7698721190461466,-27.197101562031698,-12.059569066011225,-7.961382088384265,2.0
-4.176481313110695,-16.218384341720643,-14.540569978092545,-5.389870947923218,2.0
-9.502830568167342,-18.275262764017803,-18.341971508887255,-9.89145664721701,2.0
-4.308449475433848,-14.027707408886542,-17.712894898605505,-5.688452854832539,2.0
21.851747277459697,-16.726131525838586,-16.295788882914415,-13.232510193720348,2.0
-5.829247889533135,-22.309236587527845,-14.730650589044254,-7.292688630053,2.0
21.759742532934577,-27.517813504156702,-11.719623789170502,-5.012089197030672,2.0
1.0899634500578061,-21.29444612472613,-11.816547012604023,-1.9452870539905183,2.0
-2.5970152448590187,-13.697978112377697,-10.233636477465161,0.5857796360155665,2.0
-5.857109029075531,-12.163053684215342,-15.54682777803294,-7.121585542960765,2.0
-3.2107086273028007,-10.757199018147608,-14.896434337847005,-11.786817927664694,2.0
12.504003367153501,-18.273165354376417,-12.243282958426747,-3.722909582085802,2.0
-0.4740206736981145,-19.850149502660944,-12.82841363256859,-7.031985218102899,2.0
-4.944210318776092,-20.573216959032127,-15.527791055994166,-0.8032280395184506,2.0
-14.422983573283654,-16.189473887315458,-15.540391621353628,-8.323011429084257,2.0
-7.959200670505114,-13.253749636142661,-13.623185780771012,-11.530050006278444,2.0
5.128766558952287,-9.802534290072867,-18.682286864551305,-5.805921164719771,2.0
-23.931734541716402,-15.022268154394133,-14.721020602605192,-7.124652501686015,2.0
-8.846090868624925,-21.59212122940717,-15.867637484756816,-5.532776404643555,2.0
-6.844816869466366,-18.170804051581666,-13.747083164430892,-0.09070620800421914,2.0
-12.34989658270082,-15.326980242738001,-17.698539519273226,2.004101511661247,2.0
-21.29980552336908,-15.438674287454802,-11.192289709274839,1.6754897549591146,2.0
-6.196713811291842,-8.290186737559434,-12.412647091409038,-8.44089903811594,2.0
-6.2943273242706725,-20.53728915195057,-14.036115468750529,-5.502969779576289,2.0
8.78092392823148,-18.33949839185628,-14.744489516629113,-9.04962023830143,2.0
16.212250343130542,-12.862974313809822,-16.53325163753192,-12.141886670195147,2.0
-5.253751104830922,-12.071974297055807,-17.722327919330972,-12.24862051889792,2.0
-0.9779665844907601,-15.894887111740253,-17.608210891996276,-14.816966502426189,2.0
-15.905906451570592,-11.889898664029495,-15.971906345364644,-16.308793230584907,2.0
-14.83639602953999,-10.063831997896676,-15.60693349322292,-10.297452075509279,2.0
0.5591860612301547,-11.738745440132615,-15.475063473992982,-6.525633886283718,2.0
10.796023846482736,-21.884145274566784,-16.3040713675615,-4.000849190411375,2.0
20.437379428878792,-14.80798005710511,-13.73054424061962,-8.817528684912869,2.0
-15.058153273366377,-14.015365162189685,-12.589526266344269,-7.2165386782782495,2.0
-2.7115913031307866,-13.068499305087395,-12.529939070903222,-5.557387477264655,2.0
-0.4320071121692366,-18.134997152409632,-13.382949651803258,0.7552734971631807,2.0
-11.695161891904126,-19.13109511864954,-15.462525141721427,1.9509750966320283,2.0
-2.3298317144044853,-21.156541870945524,-17.518557307508505,-8.097831215054441,2.0
2.2941713306350655,-13.708241548392355,-15.309027028461696,-8.630988657727109,2.0
-6.739853982363892,-16.34583779253582,-15.895356135970655,-3.6596397119176522,2.0
10.161351483838674,-20.49765272095765,-15.559213301328766,-4.560356576288312,2.0
19.431800619130396,-20.167958965396686,-14.594094428734689,-0.7759303339732377,2.0
7.019071481249005,-19.647119476499775,-15.693337359780612,3.4197937940416754,2.0
-1.8896931405703699,-22.29233421691313,-10.864226737685179,4.173687540939076,2.0
-2.796409957167107,-16.727129243872433,-12.675889906304324,-0.7739459456441979,2.0
8.776260463549162,-23.397849103438542,-13.231386918192452,-0.9881336272432097,2.0
17.877393358631604,-30.59606438113778,-13.447367037819344,-15.970355449102488,2.0
6.946981469217728,-24.040688472451873,-17.81213235480164,-12.132028950513966,2.0
1.3374093842631776,-16.166312949170706,-21.48230268562611,-12.512578367955786,2.0
-11.302980137402248,-20.500921523850103,-14.665355659722389,-15.830275221342912,2.0
-10.484803764636675,-16.209359816981966,-15.974474312272402,-12.006531720579957,2.0
-7.776613141912134,-15.134316298663066,-17.30464546243866,-12.803521723042923,2.0
-5.782855814192539,-9.116603856705908,-12.869969926039088,-19.590477883159554,2.0
4.281689628146376,-6.162147378994289,-12.394461953938936,-13.168610465465559,2.0
5.624938383870072,-11.506703563308506,-16.760298082866292,-5.431668828855434,2.0
2.8623442380554,-16.563963680436817,-16.91638905489649,1.859132803893849,2.0
3.223319170943859,-17.86690523555588,-18.829891782337302,-1.3989501914376774,2.0
9.06601313555244,-14.710970109231774,-14.992926116362892,-2.956816025936337,2.0
18.305246571475116,-19.662993380734886,-14.32156397709544,-2.578301488327087,2.0
-11.243586394515956,-15.10320026161871,-14.636988390944348,6.233705754928162,2.0
-13.164370013987337,-10.56101870269643,-12.0261512871745,5.581605913563152,2.0
1.9729271286469068,-12.383018977240111,-15.202448985143628,-0.33908228823110864,2.0
0.08679334627674817,-13.652839070081264,-19.089789122374313,-5.212628782210929,2.0
-6.616723740684658,-14.633472396079235,-17.87681139899101,-7.778922547927422,2.0
-17.90590105045137,-23.16209271195986,-13.367828202524763,-15.594992388822991,2.0
-28.220997171718608,-30.00625483968463,-9.772990297106983,-15.29391385369621,2.0
-13.244292324907157,-28.418811722485163,-12.249181159076759,-14.311626697074193,2.0
4.540054363780105,-27.23060479864663,-13.51759691105298,-6.416604875721809,2.0
15.46868043885383,-27.28177624574658,-15.069784804093375,0.5088293564951538,2.0
3.328895416652685,-16.02254397469515,-14.842903193710281,-10.945065629935785,2.0
5.3983359729665015,-18.155451711170294,-13.315125676900074,-13.65459436957763,2.0
4.363558967985938,-17.61441968464372,-10.855221692111364,-9.254489170161651,2.0
-3.66406579662683,-19.83589776547255,-13.21786143199978,-4.655774406748559,2.0
-10.622936319186406,-15.287489530240542,-15.004561680539204,-10.066854655524688,2.0
-5.298941214293809,-15.39448830482557,-12.43213008860235,-9.062611938397978,2.0
1.0808006555263319,-17.217454219493547,-13.561288941824007,-7.650745494525781,2.0
5.491176161444869,-14.995397747615717,-18.1908231717693,-13.55113876931738,2.0
-5.466905142855822,-20.485194550376484,-16.942318522662507,-11.049128803130994,2.0
-2.1675429161825517,-21.710067867759612,-20.397457299957047,-9.910165737537824,2.0
5.094423941338906,-20.344461358648015,-18.40144020392289,-18.598651604758704,2.0
15.137929348408944,-15.71075180267,-18.6423497059097,-6.9349937878484695,2.0
3.651463064745085,-14.714169566026978,-18.94208954780084,-10.850682993247114,2.0
16.683318845390428,-12.097061746890184,-14.751161236137103,-4.326676882712793,2.0
-1.7785221719960513,-13.1077516799424,-17.140189221205997,-3.84553739301207,2.0
-10.24388877033401,-19.30834534485388,-19.405855937809438,-5.581063555008352,2.0
5.329012389552905,-24.590275666758238,-18.241070972642305,-2.7006186610546075,2.0
18.330599460370973,-20.058562041642993,-16.799174571967633,-3.380310464450215,2.0
28.34297474228642,-21.092574570499437,-17.97430518490694,-5.064080851213045,2.0
25.830044533926348,-21.579644795732882,-25.514515873962942,-9.002598373372361,2.0
25.315019731011052,-20.394625625006494,-22.322110005432815,-11.82919956184828,2.0
7.595494657273538,-18.11819105263054,-18.103719757439777,-15.049043396512971,2.0
0.6809233700813611,-12.9774697675731,-12.494291899781112,-10.420725172259564,2.0
-9.348477771535746,-15.83074610822424,-13.620825823951442,-11.43196857133543,2.0
9.242277568743518,-6.334980288051527,-17.282317296400905,-5.620296830044327,2.0
19.43959026827222,-18.43720242462723,-17.493899435340392,-4.973663776569209,2.0
9.857919812231613,-21.731700388770243,-16.78237249053376,-7.426285285100064,2.0
-3.3792875027945124,-21.788985218833307,-17.23471303059093,-4.079109738943842,2.0
-7.517991197607852,-17.79368915646843,-17.768390498327868,-4.2094126918421315,2.0
4.5106374655199115,-10.104159467735268,-19.326951928939696,-5.997337291771578,2.0
1.0891067730777726,-7.807094841502471,-14.324584531215892,-6.054696008261254,2.0
0.3907998659456595,-15.942746484674743,-13.680582923329219,-13.454719206844535,2.0
-6.720531168346596,-17.69074100990856,-15.35649922406548,-24.476078690934074,2.0
-8.79657968224018,-13.756300371372175,-16.093422585242433,-13.080797489005285,2.0
10.571774464764074,-9.4235238272629,-14.496282209254998,-12.350397282054448,2.0
20.804087496915052,-4.94545359368996,-20.662218834645724,-5.8111056876938285,2.0
10.360165990040546,-8.05632522539575,-20.524850089255732,-8.764487550108592,2.0
21.2899988011571,-13.170062682816976,-18.452605277432667,-6.441824467250817,2.0
7.845288219945359,-20.353039815053794,-15.552461726383958,1.6514350232048205,2.0
23.836478960723507,-24.15707653189346,-9.022338291136593,-4.169170195646741,2.0
16.978710703076324,-20.640361374274043,-11.095614791796253,-7.446209816310346,2.0
10.796376262029815,-26.66569176890075,-14.19750802725384,-9.00631389168984,2.0
8.83566903075603,-20.041045835836766,-15.035480185208364,-4.997244602399007,2.0
1.8789444274491165,-21.629970820219707,-20.62509438169013,-11.534853916421355,2.0
7.397535675168031,-28.946525405263515,-15.281574387971398,-8.382486306371653,2.0
5.775965117114273,-21.007022133858875,-14.632010505236234,-8.252419986977948,2.0
18.713324588313988,-17.603626216637277,-15.689555626804806,-3.163554128383114,2.0
15.180314452985986,-9.489428208023902,-19.470754754256664,-1.135670348586876,2.0
0.6067989412590467,-17.482496369477587,-16.72831580951503,-5.4586014540423236,2.0
-12.02098883686827,-11.825102861116296,-15.939246235176347,-9.903825603283867,2.0
-8.704757763631548,-22.245353041159007,-13.339526393373529,-4.506489645297897,2.0
-8.843208368519798,-20.942405573149824,-16.582841702565368,-3.754944640774304,2.0
-7.389494148916701,-24.26851917502513,-12.894504081805888,-10.91709241319181,2.0
3.890629233216709,-19.542324527626185,-13.249131378603732,-7.155181857630655,2.0
-10.157374147520507,-17.50175815614911,-13.217255059957486,-5.09510826763806,2.0
-5.3698611287325235,-11.292118645163074,-14.426984731016375,3.2704644382512837,2.0
-5.172748717959908,-17.553063911209627,-15.245371072779752,-6.724634348447554,2.0
5.805468149190441,-16.02609788695242,-14.608728423868953,-1.7321228424947273,2.0
-3.5077919824427166,-13.904124866162736,-16.50733903511476,2.32160107433441,2.0
6.419250385877958,-16.837200195058482,-18.28281927113904,-1.3879307832366266,2.0
12.125166439701212,-16.28345015010555,-17.589186290112668,-8.69144469539184,2.0
-1.2474532954354491,-15.236836661325773,-15.34345001389991,-11.882450003206543,2.0
-1.9651277065982242,-19.66735722797376,-12.17343335309561,-10.297658684693776,2.0
3.241142996501959,-22.106973533625514,-15.666336921177342,-12.360821980763252,2.0
3.2145787581948593,-20.859074544053705,-16.655266404689428,-10.308237534639241,2.0
6.666383237999559,-18.300797916826674,-20.949929381221796,-3.960267104921087,2.0
-15.042706016177405,-20.46704342987134,-19.467366850422113,-5.788345503531742,2.0
-9.950204249726562,-22.041273308468767,-19.172364514095054,-12.134320528649765,2.0
-2.2926743601866546,-25.541042409798905,-17.50250179394588,-16.09394337830205,2.0
-6.23542574383038,-22.684405111972456,-17.50119020153984,-7.359113709063477,2.0
-1.5070141661541339,-27.226995998951466,-20.0999317291888,-11.019325073119699,2.0
-6.727180713064826,-33.96319903993472,-18.297096330609044,-7.608902147778661,2.0
-2.955632346685051,-25.091021614169335,-14.406308001861621,-10.422639990066312,2.0
1.8845915516900438,-14.645777409018233,-21.398849234032298,-19.482156431432593,2.0
-5.545803412509883,-9.155402637458819,-18.160022378956704,-8.691509114941947,2.0
-8.821713480007086,-12.45966726665824,-18.612091985451798,-13.711976611591716,2.0
-14.592455598259665,-21.650908912004148,-16.284656186553885,-9.577660400395612,2.0
-7.366475309050409,-28.815066320799446,-20.572157318660775,-12.336146395831303,2.0
2.0006486243091235,-25.968682952975065,-19.4769980893326,-11.835798419953754,2.0
8.098626429805856,-20.651035809972,-19.8835345185486,-21.542762866211095,2.0
2.9297265857904193,-10.447141581005774,-19.753852440169815,-11.337120494133416,2.0
-9.291031017847859,-9.215540438435486,-17.806279927944985,-14.885724582397875,2.0
-11.545231224204425,-11.765868218780017,-16.722152182801736,-12.06681783828395,2.0
-8.329541039192895,-1.1835810756199283,-16.362937928527145,-17.17918689501206,2.0
5.219101033054352,-5.24389779445935,-16.772060808944353,-16.67072281412312,2.0
3.0697146374835116,-10.835015242521399,-18.507910028939232,-9.812966951082087,2.0
-12.045083427891747,-17.33094711371498,-17.03178905537238,-7.935048027111801,2.0
-15.956975788628839,-16.03948469136423,-16.473810884509216,-10.0469611136201,2.0
-10.993450458419678,-15.626689261910615,-19.3745446591381,-13.27089750424742,2.0
2.4361250319511334,-5.045019589228204,-14.51678152365001,-14.951331088420687,2.0
-0.45345748377725625,-10.801748667038591,-15.698749475835301,-16.75215430561287,2.0
-21.214822233097355,-12.479335095323162,-18.54963618892981,-19.067422767443478,2.0
-16.885179848028805,-17.018571575903792,-20.242758798953854,-19.332881977959676,2.0
-3.6781125192184563,-17.305342466645882,-17.74015524337951,-15.014014436783391,2.0
-6.527983303109704,-17.459859122151688,-13.380198848340568,-13.868520920608901,2.0
-0.11143438839545516,-17.57035198413783,-14.856270806311466,-20.814181841145682,2.0
-0.25465839009732827,-15.110079842288519,-13.935064938927264,-12.774209090530864,2.0
4.088963679959158,-15.185949629042222,-12.69973356429395,-16.707218414295724,2.0
-4.863052898758396,-18.24630849299895,-13.650983015548816,-18.295454222056843,2.0
4.2784493289635455,-20.542466888158724,-15.88975103401608,-16.075224220136384,2.0
0.4852512890369338,-18.67709489370398,-16.613173841486972,-15.649688725824,2.0
-1.3806083433663918,-15.618293676042358,-15.557577795480457,-19.20122532941002,2.0
1.5031359104518378,-10.079588731873596,-16.45219769277862,-15.505441900003174,2.0
-4.649761937154573,-14.093199353860932,-12.507039954619293,-10.14361943327139,2.0
-0.7438511570075867,-12.703476162812152,-10.799381767337774,-15.355664176904513,2.0
-2.981967713924091,-15.042034367966867,-9.840129431257969,-12.252183132640633,2.0
20.797167714927824,-13.131621427203733,-13.44760064545267,-12.554523588276084,2.0
17.53345592376575,-22.832696555685526,-14.087636029742187,-12.59403425533539,2.0
18.962535119132408,-24.596990233247105,-9.385846179234239,-13.970537881754648,2.0
-2.4656232849126876,-16.793488103183023,-15.059176079334476,-23.217392886949618,2.0
3.508400874492234,-18.44238519254386,-14.242976425799714,-14.309019121136853,2.0
-6.327527497641207,-13.095130320884742,-14.212949183822523,-12.138463080408753,2.0
-16.188453363040473,-10.788137689192286,-10.819728974449578,-11.222633070834876,2.0
-9.248108109372447,-8.872291973314496,-13.1009074277525,-14.441537532334301,2.0
-3.0471016944327713,-14.759755280673243,-14.768144495217024,-11.327598010615652,2.0
-1.4705007266755428,-12.667972778364165,-15.158402433674407,-14.385470498970221,2.0
-19.153057401366816,-17.60672029008193,-13.841658693827492,-10.450764156926489,2.0
-6.8973781577204765,-21.10463062104629,-11.948076094341669,-9.532948580703378,2.0
4.350633094625737,-26.772847007086774,-15.871461301424548,-3.527111670937698,2.0
10.812594255157173,-19.68984331980345,-15.515338379090428,-5.164133694707573,2.0
10.967485102206583,-17.997869103365144,-17.050041383548674,-9.353960372990386,2.0
-7.7875640270658755,-17.39986359505636,-16.565053460014564,-7.72383702268839,2.0
-9.454053916562623,-21.06012622039405,-15.941356892364656,-15.727705834865693,2.0
-11.30076071384173,-15.882503512510425,-13.838493609376206,-15.531938319984645,2.0
-25.03724821390673,-20.7422646355679,-16.002505025211015,-19.61955173660988,2.0
-2.333383438010074,-16.453762227839896,-13.207407591898042,-15.058086521196532,2.0
-0.2214659557137697,-10.415227302139735,-15.012438436467807,-15.347791952954255,2.0
-0.4203313699069442,-15.382077357659366,-17.044991954512223,-6.7541456723016475,2.0
-6.934207391197299,-11.732654365391006,-17.190792256712,-3.5849154486365578,2.0
-9.688771735916381,-13.380299644495327,-15.548105579754592,-9.810546873739451,2.0
-3.450048823140209,-16.40543675978212,-17.07633578047454,-5.72019491719328,2.0
-4.457658740312236,-15.534801699967224,-14.041764989609316,-16.93579017939533,2.0
-0.28181814943858763,-15.486250852337845,-16.555200743926477,-14.508185674206594,2.0
-7.522501718373534,-15.925052798057582,-17.48835051320521,-10.897900973506001,2.0
9.000509804961595,-12.572728068087637,-17.83395434753337,-8.128698865254812,2.0
-0.8403127058814466,-12.887516758947886,-17.506139553666443,-10.020744729001878,2.0
11.1365285408942,-9.505742844838162,-15.00225339302676,-14.954358748540407,2.0
1.2000335983087704,-9.018802472913642,-13.861469429115628,-18.63158346448604,2.0
20.30739572947838,-14.557909511876069,-12.780890547335892,-20.253069271882268,2.0
7.377275205757853,-15.912810492671657,-11.365939358624313,-17.16899797165136,2.0
4.954014182539168,-18.774416038663404,-13.113912792575544,-11.72056140302153,2.0
18.792563460779924,-15.301475400861081,-16.991184989219473,-13.591399427893368,2.0
17.362888195906585,-15.169828432704495,-18.818832195973755,-14.485951854981607,2.0
-12.292026500906474,-8.876054034214656,-17.248982083883774,-17.679222579711116,2.0
0.2008025484488214,-19.38634342914416,-16.261981201984753,-13.86093778085289,2.0
-9.684337376977457,-12.353799469937472,-12.970890801639433,-10.676664993836958,2.0
2.756656308066819,-21.508613236596723,-17.75403106001155,-13.26202199044041,2.0
11.204737978865941,-15.807432775545843,-14.043076225672404,-15.330873770969076,2.0
-1.9486586275201931,-11.737710714751135,-13.647096033322576,-12.544486594054838,2.0
2.16212258128567,-11.806320971448795,-11.391950908165139,-19.46503540067895,2.0
-1.6713616114211576,-16.999832556650173,-10.653906236520044,-6.694453990342412,2.0
-6.526090992712726,-15.644099051543261,-13.01237667282179,-14.351991307250948,2.0
-6.6319831787883405,-20.61119390257565,-14.003722618599536,-2.640988510481252,2.0
-2.212958365427669,-20.273577172237687,-17.34164936466994,-5.123476289318763,2.0
2.2661715752759672,-25.336238319397555,-16.177167191736853,-2.241452805656934,2.0
-1.179318910967874,-25.90885916100495,-19.029739009908802,-5.6409243233111255,2.0
-6.563862575602773,-20.970931487250066,-18.283998538563203,-0.4185966123716902,2.0
-18.040266808711717,-14.640086415309923,-19.09273243769352,3.00837120738635,2.0
-8.434782427912644,-19.603217451028353,-14.20169474506032,-9.935618176875089,2.0
-1.2541242997310773,-17.30837421600747,-16.59153109874707,-15.312307828282064,2.0
4.467445203399013,-21.79527819795523,-13.903150668188678,-18.26955683449573,2.0
2.8730611455575987,-25.78563288635303,-14.376953182651317,-14.859151420930871,2.0
0.06351164804858378,-24.784287373540515,-14.204839153194268,-10.693374497813336,2.0
3.653738045807117,-16.625941086927583,-10.16423054973482,-16.554420845712254,2.0
-9.534728787252176,-10.283426879495513,-17.72994645693055,-17.531433055243603,2.0
-2.9704576033973504,-15.535233790415354,-13.984582545551875,-16.810790924896732,2.0
3.7682719415114283,-25.992833813574588,-13.218740323255764,-10.250207416429804,2.0
5.210360147813795,-29.8104878967115,-14.210143946518274,-11.787328211634696,2.0
0.3319227059182752,-26.909034212370955,-16.58047438064173,-6.049135311753945,2.0
1.7060513581591055,-16.733440667009162,-17.839227749389327,-12.787881127836437,2.0
4.509785689110612,-19.799189199836583,-19.945280862074366,-14.054618349419268,2.0
-3.1704312869358295,-15.321527529937882,-21.894687681871616,-14.713470213394379,2.0
-12.8307380500431,-21.573750630886263,-20.802642926913112,-9.339693847049473,2.0
-18.877835368449745,-20.106433301543294,-15.609247928219682,-9.12092257038272,2.0
-9.484566114250189,-13.501373599992672,-18.79375553848721,-10.88423121136156,2.0
-4.026170515390087,-11.990533517551892,-14.999722561888094,-18.104723139498574,2.0
-5.3596489955548465,-27.46488806601372,-15.027423709548637,-14.761379530700076,2.0
-14.292400793440288,-21.08860229992296,-18.21794259372592,-14.074405562240308,2.0
-7.07071576366619,-25.70063529589901,-18.15996503677346,-21.89135131882859,2.0
4.767159541272005,-22.837216156607003,-18.417787526635642,-18.612442605536167,2.0
22.22657579392825,-18.71957431804201,-12.55784726718768,-19.263204457797652,2.0
1.4599344204751081,-16.745347768305948,-11.396364706937138,-22.227887458838403,2.0
-8.151757168346805,-23.05866147071639,-17.269180666485347,-18.43270412428653,2.0
-20.704168193676743,-18.896524287888454,-13.646547527977248,-12.199307720337337,2.0
-18.982497824398926,-19.234932249877485,-16.706947744914977,-10.4692627244849,2.0
-15.968903955342565,-22.191274414048163,-15.973298902336486,-13.943750215033795,2.0
-3.0313400375090143,-22.160461030787456,-17.088974056108356,-6.961808977212154,2.0
3.811772786185812,-23.247303351151004,-18.280445991812016,-5.456694185458425,2.0
4.675267681426146,-22.25126727834857,-12.746227901132396,-11.491539275877031,2.0
-5.517231669453918,-20.341382966242605,-14.06680227039113,-14.654807129066839,2.0
4.329225167401093,-23.523487722251538,-11.258721211037182,-9.805048321041737,2.0
6.197288800160308,-23.285532658715695,-13.950828655707982,-7.067934986502921,2.0
4.271143495746567,-17.54880801615475,-13.787336146653589,-15.284392360305382,2.0
-5.692206844565005,-19.62245464235821,-15.06177340793296,-18.841631616853217,2.0
-5.911558315711857,-10.68005501760772,-18.29396486409013,-16.75785844973878,2.0
-4.568788216961114,-15.993447270510616,-21.17478680928568,-14.791515179624142,2.0
-4.089444367531399,-15.208734700292387,-19.912839350115785,-7.6560427417004675,2.0
0.26273987068404414,-13.848279105338763,-16.010802954683957,-12.094595556597728,2.0
7.4119975333699895,-14.861272767361706,-12.784895986763487,-11.82629337695279,2.0
13.55099042943095,-17.207614916609785,-15.827708929942867,-16.55593329448848,2.0
12.410204816889095,-14.411175966512364,-13.075965727304286,-17.09977587838535,2.0
0.8864692299133019,-12.326195847544877,-15.772086931296643,-13.041116196349527,2.0
5.524034516930772,-11.355342704888876,-16.073778374360504,-14.302579123009224,2.0
-20.012925231849287,-13.415240396814049,-12.697115051204245,-21.17553900821467,2.0
-7.81908523646239,-10.844465715051019,-13.816851093097558,-14.067105519566937,2.0
-11.830659949738797,-16.40676330613947,-18.397214539984688,-16.898285606334863,2.0
-8.784277270663999,-20.78867883543907,-20.933347143688437,-8.072432276733203,2.0
-15.872213443488649,-14.841316158054873,-14.86889018297694,-1.895823900709508,2.0
3.305277899249191,-20.49431576373982,-15.516436838603976,-9.161720851552072,2.0
8.97101425567477,-22.946718400259936,-17.703626784364445,-12.779419756977054,2.0
11.400956667025225,-20.079887587194396,-19.71094197161901,-8.062799125988633,2.0
-3.569925766867789,-19.377807098422867,-15.678453556361207,-11.35814003826437,2.0
-0.8799571317787729,-16.91488768341913,-17.254060361993194,-15.545287594818282,2.0
9.714175741201865,-18.343467302565656,-19.006989730187495,-16.070025786743965,2.0
21.31464339385617,-15.332345530236209,-20.400160321714324,-10.308912699417135,2.0
14.03159614936758,-13.892215936367453,-14.44193616887644,-3.0674865652602623,2.0
-8.810453530169625,-12.694055970189304,-16.50709758804563,-2.983406239023708,2.0
1.4664911291528862,-13.878152756096148,-14.530547482057012,-8.572132720106495,2.0
6.0980659138307765,-11.554171089445383,-15.745464973619342,-5.957834891360001,2.0
1.2146172833275672,-13.022958923415484,-16.17188454616546,-8.617387065376859,2.0
-4.606246078449791,-16.669177717767717,-15.822404651379513,-19.213935772692476,2.0
-3.147560125701906,-9.346562882206856,-10.026151404043931,-15.539838076571344,2.0
-13.97577318893794,-8.01221416863789,-11.961913973139605,-19.446500619162205,2.0
-13.697723842993383,-13.367288608586547,-17.385228284633286,-29.254186973560813,2.0
-11.274800979029866,-11.832366743150828,-16.990118566983295,-16.022750211668715,2.0
10.445686581847186,-13.145468205432131,-16.404259225516167,-9.731867016314801,2.0
12.72225383242877,-16.31977410212157,-16.521960484001912,-12.187387666143449,2.0
3.5435931105755825,-17.279496058999204,-14.510267471163834,-5.193266872006198,2.0
2.231009069537816,-15.70895466794575,-12.643004245987676,-4.233526240043068,2.0
-13.527636823312564,-14.51700560675053,-15.77833960401265,-8.589822266518777,2.0
-3.39630058592602,-23.178677246462343,-16.443457894562457,-10.211973044336245,2.0
-5.543542056789015,-28.626862320144607,-13.315044748150418,-11.537339690216916,2.0
-11.424496626992063,-30.46793769486625,-12.472402103559208,-2.3803491167843553,2.0
2.0173609505150134,-18.865027637043198,-11.001541463778095,-12.203503699234734,2.0
-15.143025104056521,-13.424961158577918,-11.147537168713141,-10.076465309634791,2.0
-14.3912206204168,-17.126587176797187,-12.101250155907056,-10.827816891002326,2.0
-10.526922500669285,-14.816969699125199,-11.550513603556222,-16.6549569936854,2.0
-7.621759051199194,-19.75368134608695,-18.268472598762045,-13.855554345387874,2.0
3.057622552391612,-30.83534305248655,-19.12976681121662,-13.504724136206988,2.0
12.642821263152072,-29.890770906658076,-18.362129087140243,-9.368607299463147,2.0
-8.803363432669498,-20.088552600458044,-20.044371376601216,-9.59653280827725,2.0
-17.577059285647767,-22.375760866066415,-20.115649390114083,-17.62059542767289,2.0
-16.083993615693434,-23.40785326745101,-19.85174598804837,-7.707204506563915,2.0
-11.848208129560604,-18.02258801551768,-18.198256639712483,-13.193560483146287,2.0
-20.441088974771777,-19.004891646761997,-17.779081126303552,-14.674294046855536,2.0
-3.715270796707614,-18.56134388211257,-16.436363557150113,-16.30586488940613,2.0
-4.330225320720416,-10.47669469646934,-18.026908614815454,-22.59423210827073,2.0
-1.813101186849401,-12.255570915407564,-15.45829700458287,-19.67745200447503,2.0
-18.827549449025057,-12.532572315857319,-19.44533905487121,-12.988545966851827,2.0
8.44942061334461,-10.601730036644671,-17.531250435063562,-10.057571528287278,2.0
-3.0823649434623155,-18.63321305259436,-18.630354640042192,-10.59023312298384,2.0
-16.0030622359118,-21.570804388260047,-14.232902756938426,-12.093517919824825,2.0
7.70999778612129,-12.720093225934358,-14.827952254521488,-12.031208278963875,2.0
-1.2425171831118362,-16.8386903583611,-17.962546575620745,-6.053427837671786,2.0
4.048830622851639,-19.949217574634794,-14.139585690611934,-1.4109491525942062,2.0
-0.12468560232790571,-21.120854179920507,-15.499831552096047,-8.883240398951639,2.0
-9.792038555353843,-23.493003444866833,-14.12313800463561,2.6087031717011326,2.0
-15.984356342321721,-23.85566692122257,-12.498442523334946,6.329123306650228,2.0
-20.098824474535256,-16.280041423940084,-11.518405596572455,4.075298380636937,2.0
-7.8718770118958625,-15.249400094655934,-13.010724976789623,9.610731977188706,2.0
-11.55908972054833,-11.829794788111426,-18.720138084421343,6.889322855044941,2.0
-17.054458667627458,-19.813171944346117,-17.621168351822785,17.619781988897714,2.0
-14.832273815556869,-23.024276022976736,-16.842471225545616,16.787188632217262,2.0
-7.015031788060494,-19.75682228924757,-18.053237020555475,7.227086740502835,2.0
13.829278518064829,-19.963853406965008,-17.10522015087064,4.338902691396736,2.0
11.005885934868319,-21.60260638680959,-16.091086363747863,0.4936505932070059,2.0
-3.9089453930848617,-19.65039520057728,-17.43982155873592,2.3096036845224317,2.0
3.944626635108841,-31.83874687823026,-15.346374422298917,7.708508676660888,2.0
3.4068771541432783,-19.016095494267528,-16.98047874583695,3.3726480361432523,2.0
-0.9694848071384834,-21.37245984301965,-15.68016199864606,8.142356383312926,2.0
0.6535686328832515,-17.670844049122124,-16.942906147758528,5.889725492624233,2.0
3.244565541116392,-24.07594753875531,-18.87766463385604,7.2971771996847155,2.0
1.6101286859177888,-26.876320637515178,-12.331443047842562,2.154436229417679,2.0
-16.407113228563844,-16.804725240496552,-13.57768884929936,-3.6698286126785433,2.0
-19.6337512293903,-10.059065895833841,-14.840604334726473,-1.9941164330102144,2.0
-3.6382190835755015,-6.1712954949339185,-14.111436573275823,1.8489022636044687,2.0
-11.890678533882594,-14.739353485974306,-17.072080554084227,6.123210653470315,2.0
-27.333007735258953,-12.799684340075839,-15.908873192824016,10.077217370634198,2.0
-15.34817814198963,-22.563154672053393,-17.927526407698075,4.787975422486447,2.0
-1.0840135568322005,-22.098708127748022,-16.47477882417635,6.221453382909946,2.0
-8.962704138201415,-26.5606260920377,-18.367750432822127,2.028145822817672,2.0
-6.984666140321885,-21.208954156077684,-17.764193451510742,8.686018039109626,2.0
-5.206655598631098,-23.05732205307622,-16.132076058130252,3.0196234669626154,2.0
-27.475628774062752,-21.997237858854216,-15.877009422153238,5.193256277545917,2.0
-12.572181603716473,-22.556649720848657,-21.71742150420186,4.510335188186011,2.0
-0.8828951753711696,-17.671407890159703,-19.860314404531607,6.331372098189268,2.0
-3.500367472019529,-21.70241199642238,-20.380579922904932,8.712331529301279,2.0
-2.7870004942680127,-10.631490182231635,-19.386634453877598,11.391660040719604,2.0
-7.212655948090671,-20.18357232659472,-18.188098762632425,6.020958696513723,2.0
-4.102950657968154,-20.59684250790111,-16.306662869027438,2.5213349473313507,2.0
-4.929248655550241,-16.174716525970645,-18.70498220359464,11.642863793311756,2.0
1.8508993191464214,-20.67541689768288,-21.695170080287074,14.728502763699211,2.0
-1.494083680787881,-24.666561112048285,-13.519831914602335,11.46470527168738,2.0
-2.755453796315954,-25.61414218062947,-18.11535549448932,4.422699731781323,2.0
-4.277957384558345,-31.05786317835194,-17.857620327056082,10.41115729645746,2.0
-0.9183075264572886,-27.005032985175053,-14.51320021335508,7.05598561612579,2.0
-8.849461365513985,-18.392440571170262,-15.942411247534677,8.44194811602053,2.0
-7.04468102549937,-8.769626614432184,-16.86378794400491,3.115248060697599,2.0
-27.29803796875211,-12.154761782445833,-18.654105946880943,-1.597890228406551,2.0
-23.77760094528073,-20.621469651937602,-17.00640937988657,4.220499141576541,2.0
-27.5696851853838,-23.985396122827375,-11.864835378218194,8.311585616024537,2.0
-27.58937787904909,-23.395464667413172,-15.009868780123284,7.27074410063337,2.0
-10.506856740559275,-19.771406650134594,-15.645212592145919,5.136848202422642,2.0
-6.49283414488807,-13.701830002258543,-15.531658907743564,-0.2451551322108294,2.0
-0.4305913406447175,-18.110796108415517,-14.723064991855944,12.841830892124985,2.0
0.6521651342195867,-12.575857145337174,-18.129714663126315,11.469167589919579,2.0
-0.9884815870698302,-19.58783286299321,-21.586864217344797,7.002392096180077,2.0
1.596231756029086,-23.734568640103042,-15.461104376122371,0.16717038962283404,2.0
-15.595371014984108,-21.363841920231017,-18.528921509293347,3.9941639619037446,2.0
-2.7892533276634692,-21.429697071712212,-16.124880109966103,7.834541382875697,2.0
-20.292022933248717,-26.54650904296303,-17.529762565082844,10.175071750653041,2.0
-6.042856077081543,-28.1265234500178,-17.85453620386852,15.073124632088078,2.0
-7.804763862148045,-25.267490518544346,-17.816691245939314,20.25847145933911,2.0
-4.662836433896626,-20.499584673401742,-15.313912617802561,15.315224042678231,2.0
-6.930747494453912,-26.649789374326545,-15.20256617774645,9.709673127370545,2.0
-5.09760823115174,-16.555388329453624,-15.357488446157618,9.266622641107377,2.0
-5.476456014213883,-16.547193747874392,-15.39575527292283,10.560921021510538,2.0
-3.412091910819216,-12.923089776072572,-16.57751546389465,10.32234959004588,2.0
-16.977047659450786,-23.77214748263776,-14.507975941648656,11.148707608467536,2.0
-1.4293509233311532,-25.83717167896253,-11.940587820860895,13.49431807079198,2.0
8.967254426345951,-26.836315008056694,-15.079235181372598,2.271127068599572,2.0
6.8621165063017795,-25.316063050865083,-15.03367116391392,8.75558390634076,2.0
4.471570814695923,-27.869603936864124,-13.756585621071956,10.453389097446928,2.0
-2.9395007605930923,-20.248466385913396,-13.412805329972937,13.417414361897904,2.0
-5.329544298580261,-18.182410091544504,-15.548999440458921,13.67567084720962,2.0
-6.8869564161906265,-30.293169930446208,-16.89398423629061,9.048783966163764,2.0
-21.50500324064407,-25.24125849264144,-15.569107114942444,12.516302442834338,2.0
-0.7784811867865482,-23.50556359965482,-19.916631673855242,-1.2315419850388647,2.0
-5.08145547313148,-17.037731541641378,-19.428194231415723,-2.0103273999701186,2.0
-9.538133884248936,-7.620668993259748,-14.02160887837006,1.6049280169115834,2.0
-9.794122238641984,-17.152117168776552,-15.841388986569918,0.661641862897401,2.0
-6.089677320823455,-19.22732518740337,-14.682596307807353,5.496648311163469,2.0
-8.414900052656916,-13.753839906186046,-14.141783091201447,1.452105656882944,2.0
-11.747325324106237,-22.649658779560504,-15.248746604878702,1.1814898037595283,2.0
-26.38925555651468,-15.866217555625848,-17.10469605431884,13.170821909370966,2.0
-13.962283349924306,-21.107768745485807,-16.094338001517553,7.604318650557715,2.0
-18.946948238694908,-15.71229434467952,-16.182770944218294,2.4340777384317747,2.0
-3.7512214272346296,-14.685208390538868,-11.865822212004351,5.72652125816521,2.0
3.8792961395394894,-25.069524749395153,-12.86588209761609,8.103937442216019,2.0
-22.310800952212112,-25.761534631419565,-15.002713923541393,6.972677041773277,2.0
-18.322260675307433,-25.0239293786162,-17.764409295027246,2.595212473285428,2.0
-3.041305327748214,-18.477566862922508,-17.48445166091425,12.937459954158832,2.0
-1.1546968689438728,-16.26342224482474,-15.911907553869634,15.388435362452151,2.0
7.355849092712567,-18.14344557725802,-15.221489843225497,16.862733758596434,2.0
-6.372163434987564,-19.3019074743336,-19.117673857500463,9.639147570713337,2.0
-1.297783138646877,-24.801916793026678,-16.621074957636175,15.956874789727944,2.0
1.6964616011008704,-14.244186227293126,-17.130253275901403,8.717912235522924,2.0
2.8303211442372076,-22.391460566568405,-16.68420535403774,5.822358380938868,2.0
-10.766008056530842,-23.402044542757583,-18.134430242758313,13.876037995299892,2.0
-10.177400203226219,-28.132602132243655,-18.887325201894726,14.328787079374667,2.0
-5.140497569685071,-21.538782543041933,-22.46752776561072,20.24578905517805,2.0
-3.6005804109487043,-19.75203038419192,-18.40789106716671,15.986856102713688,2.0
0.6510253417542655,-20.328206869574302,-17.02004268245182,9.757375896686252,2.0
-4.045926664175441,-18.975513619071144,-16.076647161766807,12.94198137179832,2.0
-8.243009384396341,-15.897113692808373,-18.277516287535867,9.225565913494028,2.0
-2.7526599647710617,-21.726787931718,-17.24783271844984,7.523329236429511,2.0
5.013018084696441,-19.613711236973607,-18.23571449463348,16.19513701683696,2.0
0.15461502148550155,-15.306839067904273,-17.926709843091885,6.701041406859993,2.0
-19.55224487382542,-24.504754703613862,-16.489871184135325,11.400456045517242,2.0
-26.11953866654447,-22.881178891256397,-19.33905201743566,15.675497532758548,2.0
-5.1663917046730345,-21.65226381652577,-17.636059746291266,8.966536119929396,2.0
-9.098981547934395,-16.14395002704747,-15.960485902604894,7.839364772969871,2.0
-10.077509085875441,-19.159538233581724,-17.100094237839514,15.392107111335706,2.0
-10.007160168193119,-16.761123557224415,-18.45482174721735,15.56225587301977,2.0
-6.525471460127738,-20.617941141001577,-18.011281822946508,9.85506511656352,2.0
-29.415709287209772,-26.103435102702402,-16.37093252802175,8.919817263813442,2.0
-28.04810269930716,-25.140471274070244,-19.30943546237953,1.9512104179168688,2.0
-24.19033143317701,-25.80163958834344,-18.57405609034766,-4.154101427181164,2.0
-1.463427157761032,-33.865319814817,-17.085614028006834,6.827794626773947,2.0
-23.04733608115403,-23.531262142594777,-14.660820321057574,9.944004615654157,2.0
-19.60640675609605,-22.046766977738635,-13.740667649519095,4.631871875419437,2.0
-12.029133557478694,-19.585144379413425,-13.215674042805837,5.736468982813718,2.0
-8.60643644965839,-21.044810648337176,-14.518172662757864,9.02733660932154,2.0
-6.858226556760137,-15.012789972976718,-14.53912838381183,7.334568157300112,2.0
-15.059848967522168,-21.011617448985117,-21.836315840374642,6.739142289834577,2.0
-21.601991872612427,-15.63928867139088,-22.76594572923242,8.755313674424015,2.0
-30.928060467575733,-25.874570935032345,-20.27132649153977,10.64684749687001,2.0
-20.24511496077183,-16.902358540828608,-11.921718481168586,11.93296485479356,2.0
-22.59626215433344,-18.66172224702928,-19.11024000994569,5.837550782701346,2.0
-23.47763299122665,-14.764182375511922,-17.43561098309989,6.6903830417542665,2.0
-17.62367312905329,-19.387838964322302,-17.37100913492086,9.403446829021423,2.0
3.602618450478468,-26.510071342398852,-19.46493832243315,10.081370564517837,2.0
-1.9928013094211678,-24.795764555389205,-15.384934343246872,6.177070040440431,2.0
1.7211050234159968,-27.734645316703556,-14.350321349039065,5.968934013938421,2.0
7.979167181465886,-18.127757300575745,-15.868900040965007,1.9798979014570284,2.0
7.145872214255918,-24.53008315775923,-13.916719486866409,2.5258826745753624,2.0
1.9381384835691668,-25.42862397952885,-22.084209457789065,1.8565894827352416,2.0
-14.991780580742288,-20.662218835826966,-20.24990638985635,7.795380825051556,2.0
-15.460459818914718,-20.847436949009953,-17.791622374224957,8.443287239711822,2.0
-7.226557360045243,-26.5425545682735,-19.768475320244683,9.356292971468873,2.0
4.09749222674843,-22.61676042386459,-15.867677511003674,9.63763492584765,2.0
2.5441518998144543,-23.353098866241318,-14.624754471093258,0.8919696367054826,2.0
-6.778061693109898,-23.024206435683297,-17.46606630693969,3.0223320158912514,2.0
-16.25409924741924,-13.527528760903111,-12.193084175779298,14.568743291083155,2.0
-20.148280905200657,-25.04210013833207,-15.818196208313962,13.099697772806014,2.0
-2.9364427271510998,-20.828084542653137,-12.53936167032386,15.730096571991846,2.0
-2.14678727758122,-21.001984241051755,-10.531465648311693,14.598075857892116,2.0
-13.449904428435165,-21.92234125263129,-13.63691343163671,13.36637337121121,2.0
-19.73421251416608,-21.018159855179693,-19.030882172865446,17.025716721752566,2.0
-16.626174862642465,-20.89772404372979,-12.414635383028255,11.600005967287498,2.0
-12.11963793081312,-20.889803533789795,-13.144385521996671,13.032000963837138,2.0
-2.494993408380565,-23.07499818799124,-11.552142445216628,11.681387812677173,2.0
13.93914076767592,-20.99947723084817,-14.982891451698135,21.299351186189654,2.0
6.717010527054105,-21.56460874502133,-16.044202433345557,15.326594294614871,2.0
-13.019154155473277,-15.99585613057515,-16.812125049733694,15.42504513871508,2.0
1.7341578169275262,-17.39491989953312,-18.07172228898427,13.375400454760772,2.0
-6.728606978543008,-27.299747750317298,-16.110666493869147,13.990058977412207,2.0
-1.6717670901118984,-24.968624825557743,-11.956987545174236,11.933371881120244,2.0
-11.137738914149086,-21.99575710613607,-14.277730428191445,13.10535510748047,2.0
-15.76911162135129,-15.255615943972611,-17.952424277945195,17.44630010097486,2.0
0.1330576171247735,-13.180872660769882,-16.955771762257662,15.483475901046466,2.0
-6.624973386925737,-14.085602390685096,-19.464696375992553,14.557289975410287,2.0
-1.8863388526764204,-14.813559722890774,-16.323382564816338,15.283935381800799,2.0
-5.47761170875825,-14.871099851738226,-16.47472137731449,15.382169521782775,2.0
5.510869090826371,-24.173310047316626,-15.43343305619301,7.746398319774412,2.0
5.105417708059427,-29.43749574527225,-13.799319518208112,11.20140455000778,2.0
-7.832231271912498,-32.97879579820252,-14.44309861409559,15.674433432952613,2.0
-20.14542941748747,-34.42609093585259,-11.153397981632626,14.016564672767592,2.0
-29.4424557808012,-31.128046815905957,-13.18204602472483,14.251177846582525,2.0
-26.66913657203531,-26.942435496161284,-13.656459400938639,18.0421818135469,2.0
-20.755696653920964,-22.98222597070974,-18.153153251632595,13.212452075153896,2.0
-20.298761597166372,-26.803739587999775,-13.612018891118142,16.092593808817306,2.0
-4.918962741777815,-23.89953182745048,-17.327442911383464,8.118132469152355,2.0
2.941709808763915,-21.294912251318088,-20.14308818036823,6.942160306936237,2.0
-15.943149993773455,-18.5527953676115,-18.696368560662485,8.475314672846912,2.0
-18.669667358694923,-10.228647345928223,-14.112225773012105,10.250028667591383,2.0
-17.01542207374075,-16.370392853481718,-16.370863589875107,8.09935696203495,2.0
-19.88929604696114,-15.110723003294314,-18.2307822857614,11.631501288063527,2.0
-22.43838939449772,-12.693129534096853,-16.9083163615662,9.042607496501326,2.0
-20.84978269563088,-9.25989817072142,-16.813521122220145,0.7787463484970907,2.0
4.730903102480276,-14.032004457295136,-13.961851278706416,7.946100035805248,2.0
0.954114311376216,-20.531948805340058,-12.452919422372762,14.823927378275759,2.0
3.137966375660408,-16.673574896189184,-16.284761453421755,6.221941756237387,2.0
-3.8242749315841555,-19.49802147577338,-15.507388332443325,5.936095961024983,2.0
5.364309651406208,-11.809849228037672,-16.221554634439165,11.324146664024331,2.0
6.054704565347385,-10.614267140781118,-16.550467364359672,16.641725215948426,2.0
2.6770291919047615,-17.292842366317778,-16.96581749641439,6.998253535883041,2.0
2.384279436263256,-16.73183490530115,-16.368612423564702,0.9681479703939697,2.0
-3.4794711151641593,-25.41716342309735,-14.419903743281637,7.088389450182326,2.0
6.563706706156244,-26.262483512457198,-17.0197476061931,10.90988692587263,2.0
4.04909860995064,-17.535481383697505,-18.05835656936321,2.442029294289907,2.0
-5.278515690394492,-16.50686111860709,-17.6410341999348,9.613936050310802,2.0
-18.945524224699238,-16.378440973098616,-15.624287911207727,2.1808009940831763,2.0
-20.44197995535426,-22.09387185285179,-13.08251062461424,0.06340784616543615,2.0
-6.382554591729699,-10.586699671200103,-15.635513690312127,10.139823749855477,2.0
5.2130365176493605,-16.312386635512166,-16.01502470107095,8.727185424746782,2.0
3.110043901017158,-15.510412823105229,-14.462782424257888,5.563940338243695,2.0
-1.6188176433903303,-11.566784447309267,-14.525002965567921,7.371274041249045,2.0
9.950371325456935,-10.084391270586265,-12.725713042191098,9.83208291276722,2.0
7.856129529138068,-13.81927360471156,-16.15385394041454,16.38986487141573,2.0
0.24261594552012156,-12.701536526647851,-19.447154673924842,13.278981473767585,2.0
-2.9708239294719165,-19.53782513768907,-15.073435850863698,16.661166840853323,2.0
4.020807706520374,-8.926747873223976,-15.359715384860092,10.019067331353478,2.0
-3.189204004585049,-8.581320753426423,-13.024114098215467,9.172044724988888,2.0
8.302150068203524,-9.684711531279577,-16.51268276999904,12.42211931905455,2.0
-18.286960729386863,-19.017203584303108,-16.262572458660646,18.053437442052648,2.0
7.489622892365216,-15.072188073290592,-12.117335751576986,13.72476456168289,2.0
-6.358244975174934,-17.404154769709677,-16.507192676138715,15.922594796418434,2.0
5.22244300824167,-16.633736356259607,-14.397207792122925,9.51398942307091,2.0
0.43693390663937637,-19.612055021649137,-14.806523186113056,13.339296902711455,2.0
-12.295323828276011,-11.021195163435227,-17.060012129094126,12.631290792781574,2.0
3.3059169835825473,-14.160078399079476,-18.32979654164906,22.850174002294526,2.0
14.742729244830064,-11.05583287328433,-17.374567618063004,15.727656083029014,2.0
11.201437233197243,-6.327642323091762,-18.26057202803255,15.879492174948222,2.0
-6.3981175114808035,-13.869433292626463,-17.44695062832415,14.204856900546098,2.0
-2.286061529451821,-19.403060705429265,-17.683733819981814,13.168649098975784,2.0
-7.499638578977897,-20.340449027296962,-21.284366967836075,13.607384515998133,2.0
14.433644398394048,-20.47558987633123,-18.310640617144283,17.586296920043278,2.0
15.904040723456424,-22.24654522981834,-18.219600876938017,13.419270175946739,2.0
31.00040258580239,-19.407540423268436,-16.40976886908415,15.237528875334283,2.0
28.19361783189781,-12.69493617727328,-18.981835047753936,16.90293915065781,2.0
16.163844016678187,-12.282552433360605,-16.16135864801442,18.14765885774905,2.0
25.31949563487293,-12.959620789333561,-16.098734432146465,17.984816289023097,2.0
17.2088176208282,-16.495828290463493,-16.132293537942545,22.299795104145424,2.0
10.371655435413755,-9.215165477596237,-23.101302131179065,19.73714390057267,2.0
6.589205322573084,-9.130538199328381,-18.747410094393125,19.48182992351531,2.0
2.8005329812944275,-17.481010582020488,-16.494382995022168,19.17530484302311,2.0
5.660038974055837,-21.063380698657983,-15.015572551982023,19.350678068518313,2.0
0.3984214878298715,-17.52170456693021,-15.880766955117403,17.332934675515478,2.0
-5.580986843676136,-12.102646499687962,-13.631569358893834,20.62234721023485,2.0
-4.953681907289098,-16.75182843627841,-17.55481939334281,20.84270337354955,2.0
21.334793123916278,-20.461985416619203,-14.836412611310404,14.809838811866578,2.0
10.649048776359091,-22.09728301791192,-18.307881411048907,18.356143327520506,2.0
11.079772499303463,-19.246158015512226,-18.723432118278147,12.192434277734309,2.0
9.471775226862793,-19.776974038181397,-19.51785524957429,4.451085387371521,2.0
3.771051985866112,-18.638544238581765,-17.252656709232618,13.953198965733517,2.0
6.989586410430093,-22.683673692967023,-16.669938815249708,17.818178934291332,2.0
12.205356820294638,-23.60052461954467,-14.708652585044183,9.669263388140017,2.0
10.075202784377431,-20.524118459849635,-15.523743888803109,13.730494809031425,2.0
14.836642027225963,-20.12319202293874,-20.104700001384955,15.90616845847371,2.0
6.445755425049728,-22.24544964618543,-17.776590139171592,22.70814676749594,2.0
10.733827146689123,-22.224346797683523,-15.813642718445106,19.684661335813637,2.0
21.964330964228743,-18.28950860298335,-15.864431925690752,20.43136481032021,2.0
15.541093391958677,-24.80197955467663,-16.362939878002123,15.000890492548386,2.0
19.409167248613112,-19.84577518619448,-14.235302406270897,13.636506023491158,2.0
6.92230668786976,-22.280087985792974,-18.345280549687647,12.430333894421725,2.0
-3.2024737529057337,-11.571596926881917,-20.741318249292778,18.07819527938713,2.0
3.3330884763511577,-16.80747727447371,-20.61679970870523,18.73505715059482,2.0
0.4709952848355847,-20.89571224683592,-18.451184201840654,11.807402009474053,2.0
3.1675220850101953,-21.779272402839304,-18.006011917948307,14.264564950417899,2.0
-7.608580521513158,-15.446390227821727,-15.22264368382387,16.94335401485873,2.0
7.48040720106453,-8.987279627132153,-15.627143751502329,13.038869591603383,2.0
8.687627981798958,-10.39941262867648,-17.100641335820836,25.562777185725018,2.0
34.43622436053388,-17.741471033359485,-20.508112196567822,11.07665555880599,2.0
34.58361089830011,-13.53639506717259,-17.92568632282054,25.475972081924958,2.0
28.51218979715895,-12.057894771050872,-18.08759609051559,20.36408051145461,2.0
36.42105170040868,-14.784684787003338,-15.005045485199489,23.459442522142055,2.0
31.390532235766504,-9.41560989375241,-10.937967753518478,22.510017927099632,2.0
13.925357926394954,-17.150409076665525,-15.462180079613514,19.680956651526404,2.0
16.648876049125096,-15.445521845066375,-15.445527332086142,19.678208385703744,2.0
25.448825899243474,-13.064223703834134,-21.649914081066367,20.627301548206603,2.0
11.003089254679352,-5.477315831538885,-16.683701639629003,17.22438766790426,2.0
8.394171746339383,-7.538321121621731,-15.646097357647834,23.76036989827333,2.0
11.20211898073127,-6.172074338450415,-12.045153853379503,26.77494613897877,2.0
17.492604901046732,-8.288900972387296,-17.071062664753825,23.128189165781684,2.0
8.60374480052558,-15.924837979996944,-14.42417517757102,23.966499991110275,2.0
20.372796985779217,-26.142821764221537,-16.317459006963404,18.894950224158645,2.0
17.330480354143177,-22.951548004127176,-16.15363276060322,6.42016051038339,2.0
18.38465544036587,-23.642399985003593,-18.908190686141687,9.3272195717037,2.0
-7.786272189302931,-21.965512142185588,-18.7409985151437,9.713394630490313,2.0
-12.504837338547908,-15.009851816021845,-16.496774297613168,10.482887833233253,2.0
-5.0647683528117176,-18.172881872869514,-9.27481556833976,14.812283861098578,2.0
0.8935578632851686,-13.80706526693643,-10.628231922253214,20.301303864145115,2.0
5.9784657551522,-11.498226469792654,-12.551340060912107,19.782930325183763,2.0
16.76141706073082,-16.83595776646736,-11.608896826720553,15.046429610886145,2.0
12.935548385208918,-15.327369806336504,-14.86515941231582,20.15261252680692,2.0
5.795564198116891,-14.31357381501768,-18.460917534338186,24.81179127123421,2.0
4.074346950860038,-15.956605236944451,-15.050930761621837,20.139149619771636,2.0
-0.07932656277921879,-16.692205415215984,-14.781892282619086,14.726965469304519,2.0
0.8853667467630952,-22.954940998910182,-11.456049261888925,14.135374469611484,2.0
2.2007059765186296,-16.74828456164123,-12.192248513975628,14.76970915886382,2.0
10.461366784943785,-5.192224439616783,-14.617177490970676,17.213841333388125,2.0
14.667990724030524,-6.15956923280355,-8.872321134206844,15.09212877659764,2.0
22.717746932529685,-8.559789646817617,-14.742863403424444,21.575052869822642,2.0
19.1323821176624,-10.066333428287491,-16.084942058966565,23.03289034330216,2.0
10.925986495225544,-14.073424692383771,-20.236330499279298,17.499471756840762,2.0
13.301572219784575,-24.09701989201198,-19.98402498573124,21.104023948191557,2.0
11.520098058686026,-18.170847994327357,-19.00319434760661,19.09638573690436,2.0
5.472070305370231,-22.56329956091599,-17.538014277871024,20.55460312239941,2.0
21.252097373649605,-6.043362736830485,-14.486662042629183,15.915036576089745,2.0
4.893938144948482,-10.303399852117959,-16.376154284814763,17.142514262236475,2.0
10.989135396318941,-8.646033157445988,-16.41447597466034,16.73263749757613,2.0
-0.36201846244155167,-15.192312381550837,-14.634567216077118,15.335736851183718,2.0
-2.304767410576579,-10.67246907018148,-12.686519508152017,15.019883109690666,2.0
10.012813878014944,-13.189986927300215,-11.22718318431343,14.982886493656153,2.0
5.538116137790894,-11.369833206533999,-9.281451296576119,15.172245735140056,2.0
9.13671203626392,-5.683010341531656,-11.292369174394585,12.118184710060081,2.0
15.444102658464509,-15.929523925562506,-15.349255327346349,15.912830248360347,2.0
4.4261967346257345,-16.145180890350435,-15.221266592656121,6.659687782784641,2.0
-1.2802336839443145,-17.972435409164657,-17.04686341402223,7.617345443311164,2.0
8.643280651014425,-18.255952030377763,-18.61842049937059,16.428538003454168,2.0
24.436263473403464,-18.16326124622611,-13.039041993795237,17.04600038638705,2.0
-10.839789725467877,-15.876884525238589,-11.963635336632935,10.732259693617948,2.0
-7.88189988482177,-16.611973156177264,-12.124954315646715,15.219741797029315,2.0
-10.954611421956121,-16.45447799797641,-10.26278459697698,13.926254884677395,2.0
-1.8725419434083852,-21.34715779475557,-14.310344698040758,14.791934126672668,2.0
20.29268755511446,-13.078731427911181,-11.149632801271158,9.947730267093398,2.0
7.0500507827844565,-22.140744672942823,-11.16483875399193,10.375139186071783,2.0
10.84777237630297,-20.676016000257484,-13.821540158406021,16.180066713333126,2.0
8.507640781165016,-20.44360121217093,-14.13639173635487,15.780972986032626,2.0
13.183366284886674,-11.903982875273792,-11.857208679043522,21.875398703713287,2.0
3.824340872500196,-23.5835079378588,-15.421559866210508,18.99429572085111,2.0
7.2768807508563915,-19.432391470469856,-16.302921840693564,16.63697095438729,2.0
4.780277113906445,-13.86193963524234,-17.347064349875726,19.5965933682089,2.0
6.336052232420018,-15.73241681585914,-18.393648783453447,10.11948317672499,2.0
12.06631047045452,-20.620226679927764,-15.446562641464391,9.503393044486938,2.0
4.131177191786152,-16.51507641551849,-15.972238832244354,15.858911243764478,2.0
5.0513533079857496,-18.30828798420315,-14.726385597497657,13.598874598102181,2.0
-8.407604454974177,-15.824392674370603,-15.830692805755767,17.064714963157627,2.0
3.7973965252240425,-17.412371546061777,-15.519951250118872,13.66260645440053,2.0
-3.963151227515315,-21.214563749115527,-12.627809629165455,14.487582315248593,2.0
1.4221789268349196,-16.597598460835737,-16.52690644526929,15.437463132395607,2.0
21.616490374971313,-16.85509325703272,-18.007681435608866,25.40395323041504,2.0
9.878908794266819,-12.75762453426163,-13.4998680746535,17.043234688898544,2.0
15.494180075824413,-11.637703289584376,-13.431611424121874,19.205990574906735,2.0
7.93946306702939,-11.31351286297684,-11.286153343985603,29.154683908854935,2.0
10.080767515024894,-16.89044213310782,-11.64764094606516,13.4857615820323,2.0
-9.504676163098383,-13.48327598187285,-17.764725237143935,12.43590255273229,2.0
-10.771009968941403,-11.389615777767258,-17.144964901484165,10.952671265869597,2.0
-4.359848768756857,-12.876458387325602,-19.75916909738548,13.191966800809777,2.0
-2.6322840784999837,-10.410297549417898,-17.77298918255439,20.91003109767498,2.0
9.254090571374748,-19.41624921588053,-14.622742486793364,17.95050363959349,2.0
0.9502750766482699,-15.74005687887999,-16.1201224524447,15.036018649707106,2.0
24.589231136744626,-15.783864408572795,-14.191942903448155,17.723154098564713,2.0
12.756434334416404,-18.184130219275886,-14.528681150696888,24.962593083061005,2.0
13.06889710866626,-16.77148992497697,-12.73560668946459,21.24032792212177,2.0
-1.2638315238118452,-24.24469137263605,-16.106212595674243,17.859519469485598,2.0
8.897912125662993,-21.25428375663292,-17.0916607861137,15.89682838789312,2.0
-2.9781624823805544,-14.004099059800627,-17.17693574213638,17.81920397063664,2.0
4.264757889868105,-16.05663885839971,-15.861183211830326,23.012657106379486,2.0
3.4171232629826696,-12.585991189642499,-17.893966908809983,14.039490615598215,2.0
7.853374227596113,-15.26608335161805,-18.950191567139537,13.044511545341399,2.0
1.4410504565508688,-14.166279651199819,-17.842341405549703,19.489283873323892,2.0
1.7934413511546445,-22.428957190061322,-16.24326434169971,19.412742810440616,2.0
8.9516426900331,-26.318704908560974,-14.965580759708581,15.7125077458898,2.0
8.012335725995124,-23.26249293026205,-16.535016596384196,13.347899475498052,2.0
21.088433959945082,-19.215958722626407,-17.874302693033176,4.305215476276401,2.0
35.5702690598467,-21.847244582159096,-17.36350670549811,19.842213451858257,2.0
17.602811870708848,-19.488270147048834,-12.099165037799608,20.698751846652698,2.0
10.020385210207786,-24.487698130471365,-7.8422156331357815,12.215448743796454,2.0
7.413583254394803,-28.491446229762712,-11.286311021822662,21.099581828241963,2.0
17.287230817946455,-20.688108306939235,-16.719124819816216,25.84479186559296,2.0
5.491718973997948,-18.181904626420376,-19.46731617239449,22.815981271675632,2.0
3.8853306157781446,-17.58527189368428,-20.480536496561324,18.584020820876976,2.0
15.177156945587305,-19.45348551629776,-20.89899222537198,20.092731817456773,2.0
13.209987821786338,-17.320230493644267,-20.04407014851772,20.91562030867175,2.0
3.663269182361077,-15.868031179921626,-15.163066159478532,18.98332862253529,2.0
-6.735287671434582,-15.152729029439849,-15.727197398771944,13.303118837164659,2.0
10.125276582471301,-25.107301547363235,-19.218536543015613,16.55563048384075,2.0
20.520650013661577,-19.372053662922035,-18.527568848916403,12.676274480523134,2.0
12.650383417102013,-21.71904994818587,-14.647693125491525,13.114353846627747,2.0
5.433967019316532,-15.63326045982017,-13.837103089464387,10.455080915950647,2.0
14.598778970613868,-17.49283651699215,-12.653220066906751,16.12070341211027,2.0
12.703004767078482,-19.285127370715745,-14.607564015132938,21.138039483992888,2.0
13.30620405362677,-15.556402765333022,-18.812452158318937,14.152465676419048,2.0
1.0715663524958021,-16.507669991369156,-16.0044920576396,21.557553359843546,2.0
22.264875805835032,-18.45600549233597,-13.655874673610485,16.14487482596113,2.0
8.409148360999698,-13.784753700504261,-13.73590027163042,16.357175644331694,2.0
11.849794203984308,-12.49634698804248,-16.925396045614793,16.967399867111933,2.0
16.06665289119969,-13.461117908562159,-17.917520336447875,23.236347596193013,2.0
-4.803969916777135,-21.976185365931276,-17.094141903149765,18.920498135795377,2.0
7.59010562508376,-21.84242353567403,-17.895329650166698,21.55378402720185,2.0
-9.952691657424735,-20.20635785534322,-13.441486285009388,26.807290029626742,2.0
-6.468246519393594,-7.56451379105604,-12.176842868540891,13.385649263291796,2.0
3.159351122974293,-10.526144725729601,-10.55288783834741,12.513706890429367,2.0
1.9234264960014311,-19.16522788419602,-15.576168935843455,19.70313893963396,2.0
3.6139440185608978,-21.932446288107393,-14.003226547200834,15.48120679197294,2.0
1.8862971975955276,-17.10172859926708,-17.176268256514195,18.570150619534783,2.0
1.1387846659330374,-15.493479876857982,-11.880849055666488,15.840680024160708,2.0
5.6237475775260855,-11.097058622553853,-14.006681775608863,10.863090022790308,2.0
9.092464538949379,-11.85398559850097,-18.620062547561204,21.024356215719123,2.0
3.111743256349918,-15.162250028886627,-16.971343070598785,9.990150579686647,2.0
-8.830209546819301,-17.942448127462477,-21.86801031815712,15.80953671355573,2.0
8.002465626618593,-17.987372782346046,-17.893648054205585,22.92939772992632,2.0
7.1278159514564265,-17.020569395586396,-16.18489067908222,20.253589458977462,2.0
13.976579411680966,-22.719897832585016,-18.619555414136833,17.173306823248833,2.0
12.858850822803085,-13.739831161618904,11.00756982770912,9.569108352617954,1.0
18.9748172506678,-10.694130510671489,14.392120118821989,8.6249778313364,1.0
21.119728862141308,-8.709955901987188,5.81389500383256,10.033589903880348,1.0
13.441766013509652,-8.722443343697144,15.616887667244427,12.988478609799945,1.0
1.01947945710869,-5.028955750794932,13.404646153594927,14.799650163025008,1.0
-1.2945514769005486,-16.080185466464165,0.7149302578181089,12.908616428082414,1.0
3.227494765469543,-14.290878815795738,0.5016627549248689,13.006301605888282,1.0
-0.09273221320846048,-13.522052733097558,6.250611242424629,10.033471227051427,1.0
-0.018687719905091882,-24.52441833749803,16.039740160090183,10.242486482276584,1.0
-2.4509110143768615,-25.419574617040126,19.253093286714993,10.401724088800567,1.0
-0.7661175466724881,-14.646923798426526,17.412861502187432,11.782832632958861,1.0
1.2165041310171354,-16.14394367901174,25.114054547717274,13.884408484567373,1.0
11.588182807147854,-17.038300719705788,6.710617571468447,13.538905112733852,1.0
0.9568827690823327,-8.740355227644619,9.516856521477106,12.35299290143418,1.0
3.311875706605829,-4.2777062601943,13.594446075390984,14.535636649019818,1.0
8.67326885464077,-12.314464229066456,21.457601853162856,13.401850645720986,1.0
-0.4735828896662455,-10.26114702374233,15.171891891884725,12.009976820915373,1.0
-5.450428264960028,-0.9484948397250985,15.140096257853441,11.661765764110934,1.0
-6.094436276901119,-13.253842661533437,14.094739788049637,11.252497545198576,1.0
3.984512022474934,-16.047865762718416,22.908506680320144,8.488190204958489,1.0
3.2387619923649527,-14.724715424015484,20.78103640275242,9.389247043144222,1.0
1.1823375520151118,-12.533409480440193,9.403582243110982,9.551974576085286,1.0
15.934283488065756,-13.440333377515167,15.688592239422345,15.389544073643261,1.0
4.14569501770076,-12.11896071629242,9.565045698117665,12.145578030888267,1.0
5.97946770165681,-25.41912046969884,11.090578561107545,13.239157020969795,1.0
1.749693306940049,-7.2355086331053196,18.875397595459738,11.515651557607939,1.0
11.174338746532014,-6.987284997967954,13.060545518478287,13.167446114288282,1.0
12.161136658152138,-3.108786153115991,18.239771658199384,13.05522366565572,1.0
3.649707823536095,3.8303467877212025,10.72922265859874,9.975672913702361,1.0
7.793054090897334,-8.015402519617965,23.235614726382668,13.556369224608826,1.0
3.5370178906617586,-13.245156729371079,22.74862611042504,14.09145083988291,1.0
3.433919595952413,-5.807321541579549,10.748233710569105,11.808635515186111,1.0
-1.279088934292035,-9.54693103678753,10.219284677718564,13.836709114045028,1.0
5.098609504366708,-9.211316025628678,4.303417644712379,15.217646553740726,1.0
1.785564312744646,-17.416654774710082,5.0124690330779575,15.02993550564941,1.0
5.631029495782621,-15.141967585866858,13.267616193858881,18.64921545788162,1.0
-3.7561024197047814,-14.819628407658234,15.166669486930456,16.629854233179877,1.0
5.269973216987561,-7.977925709159125,11.98576600612415,13.909821077715067,1.0
4.896313539506595,-11.238635341056257,11.944966879470762,9.136928531890318,1.0
-0.1118927984457605,-7.770630262374991,2.9704268891791337,6.417233911205826,1.0
4.371699946747063,-10.954952839975338,9.82379872826193,8.33425326550077,1.0
5.486701233283,-10.508955871962117,9.043710641080404,10.023436312353585,1.0
14.037713991989847,-4.305539571849398,13.187971517624751,11.311962734475179,1.0
10.301197078027192,-18.226949740776146,20.388307450508123,13.491139768073548,1.0
11.264272104791168,-19.60396957496282,20.704261169061944,13.765247784098685,1.0
11.382950908736738,-21.11308712025154,16.635110794698473,13.335814388633594,1.0
9.644625364663804,-16.21738578622003,23.570455949122625,16.777265017046208,1.0
10.048427669258732,-15.94122266731749,28.4333858753115,17.942750200579898,1.0
6.105678099196142,-25.812001193613657,16.086382430716903,16.685343948105118,1.0
10.094135185295302,-30.71420210703664,15.681404070591052,10.306354226893607,1.0
3.4919239663527284,-22.14715699699011,19.751563817295086,10.860985616082694,1.0
5.706153726699296,-14.317134739938673,18.389680155673897,10.236348564385612,1.0
11.69621793598279,-11.41474848539712,8.47040677936118,12.555673993048991,1.0
10.180737977975088,-6.52468544253742,4.1892644721711125,12.178674048703527,1.0
0.8436166481672416,-15.83710640140813,9.927877830906995,10.891474151721829,1.0
11.481829851330865,-14.443813465009212,8.185071243248581,11.65813641853091,1.0
9.784249785318009,-19.640778527033717,9.194532597697922,12.246018721469154,1.0
7.0781536403637375,-8.029182130456034,3.9186994802818536,10.494061648206815,1.0
7.965510214253774,-21.004218136260533,16.89266488997483,9.335990913285695,1.0
8.378801730110554,-20.230032925090228,18.155525941139782,10.900657143824098,1.0
8.985047258323311,-22.163832818115598,17.200607466316185,11.685101778907125,1.0
10.781357517914254,-16.580069782990087,9.702362353438277,13.492859187758626,1.0
9.63844552854118,-24.824857188517417,17.117366198913018,12.565535935397143,1.0
7.036650170468321,-24.12409516227044,18.809445491866395,11.740271342722345,1.0
0.44517939417095764,-23.142037828737877,19.658646522357344,13.689681090274386,1.0
8.954033149152917,-10.96443750483287,16.671520432357756,11.080230673527412,1.0
9.185377291663498,-13.994063565006794,17.05174336556928,12.649580040778172,1.0
3.132871433620778,-5.965006700206441,12.362405752148563,12.41952226480795,1.0
5.33373794272158,-7.283889619207471,19.566773254341026,15.138763269223684,1.0
1.5827533039634842,-11.745314761913301,16.79962005267759,12.71311674507288,1.0
6.772458175702147,-9.93604098136975,19.47226229408556,9.16290202751949,1.0
13.448404430672356,-17.66362037410325,10.423333237627322,10.30174804279133,1.0
7.283435871703286,-10.68990493304714,18.721115332932794,12.057009409935926,1.0
-2.427546476237006,-11.562514314829267,20.446232889573963,13.919108662607144,1.0
7.247296206754132,-12.68778664899927,23.99447176209358,13.778722104406596,1.0
4.858155875400015,-13.026148471736857,24.025805980144664,12.96181381801211,1.0
8.507147285912316,-1.7103185637223817,14.751678037693118,12.931995792419318,1.0
8.423919628334207,-3.5558187728669317,13.86164292448716,15.057189425104303,1.0
2.5001548881921822,-3.377562325747167,12.25165765425201,14.26496554211642,1.0
3.0115845421040346,-7.64381786471672,7.8558338016383775,9.747903656852689,1.0
2.6170447533440484,-11.886031443930552,16.592734143686144,12.125151177873844,1.0
0.6786579209331025,-16.55803320235775,24.203326976807816,12.48199647565761,1.0
-1.8881730043709712,-14.979058915541142,18.702888832356866,14.461462102943642,1.0
0.7281898978110126,-23.403918687604293,17.11988690114128,11.193694096231717,1.0
-0.33807238827826946,-23.272442291699047,10.981013893642679,10.171000781533907,1.0
5.191249055410278,-7.79021702947456,15.312037652998042,11.054089409656047,1.0
5.976954869422038,-15.873562664653953,18.72763637430654,12.702577359744758,1.0
7.286197764737368,-11.252328354996905,23.543507330183267,13.00005983148503,1.0
3.490527928222447,-11.105352802600407,17.48704789731829,9.902599020524516,1.0
12.439330142764392,-22.875190462212323,13.803360858030373,11.394021959342572,1.0
10.641333144933004,-24.011093087116002,8.596168430571854,13.643223509034314,1.0
6.652565595991366,-14.709494276141786,14.263300742922834,10.644482062862162,1.0
9.399197551890373,-2.557323572406334,6.878233886302675,7.339655345685851,1.0
5.120406450059038,-11.791358044804195,9.384795978873553,9.073940502702905,1.0
-5.054419027436799,-10.958660738475853,10.128971486238136,12.983918681252316,1.0
-1.1533868771174036,-15.569007768122574,19.857264826846915,12.172646394100214,1.0
10.563395219801631,-12.666155452752616,28.469298142196102,14.57851422661543,1.0
11.419206723776966,-8.391705619049212,22.321757560629344,14.631441048115494,1.0
1.1924113334338715,-2.4313677453757396,21.08490242938492,13.358314147963139,1.0
-0.2666940420306183,-12.046899054153696,8.804798780385017,14.953439252707717,1.0
-0.08657430444964298,-14.239158635801314,17.165280985309103,12.17160107475781,1.0
5.001732318655839,-16.798654623614155,23.25711537986819,13.967349383545548,1.0
9.939814230533631,-12.046674136330182,26.31355130520457,17.50602288259666,1.0
18.6077619905172,-16.67980916680326,18.055900678365987,13.110077448006782,1.0
14.850287431037785,-18.327485305422524,6.543873399741324,9.257489382076024,1.0
6.396233316627063,-12.082498680963974,11.346376548114726,11.641307690262131,1.0
8.348381178791927,-16.194126369665796,14.996258075432952,13.176246888945082,1.0
10.076839244146356,-9.174697498722939,13.001090675762192,10.950966838575436,1.0
14.497877690716244,-10.256406359288835,14.017094819691138,12.066793846203444,1.0
11.542182217129644,-15.044579018107244,13.110889765847903,15.474565252624405,1.0
3.384247540600303,-24.323453295953527,18.39395333339456,12.250384585225097,1.0
0.22638843872723236,-14.907805945231921,12.586020499820908,12.841853335790892,1.0
2.3032389193169402,-22.747098570378533,23.3399315537724,11.78760686660599,1.0
-0.6140962680135593,-17.062781649653378,16.597746358659798,12.159864502153537,1.0
2.5902359461279967,-17.16655878156438,18.71296072265727,13.625762954985584,1.0
2.2469857260626376,-14.566454479697516,6.871548796408421,17.114486316623815,1.0
4.613745212818238,-2.9995573678196124,7.125680631644567,14.916413477686035,1.0
9.16309902002911,-0.6307575762859763,9.892839178970561,13.432018531940276,1.0
9.069042139828852,-10.846564531936712,12.010334410228804,13.247869514409421,1.0
5.373685297251889,-18.208339661160117,17.080378269470962,10.371899771940857,1.0
6.829899828966435,-14.862900553854697,11.778391806502615,8.73399154512758,1.0
3.8317671429486784,-16.481495108615004,13.198813961696219,6.284518008981982,1.0
10.44045961027008,-18.08655579760662,12.160112702217472,3.353504884940869,1.0
7.3314754510458435,-11.887406041561736,9.094086569753745,2.3112057473494576,1.0
6.305481058125245,-16.018320155105947,5.681922409006437,1.9018424051911174,1.0
-3.948607071614635,-7.234270655823007,10.919270395275335,5.930409502857119,1.0
0.4297180721619018,-6.188350891906545,13.801993733299174,4.69644061398329,1.0
6.701325965094188,-2.80051921428511,14.075090372728983,-0.4243346359999789,1.0
4.483275982091328,-12.580535786822074,15.857601933532179,1.173329452238908,1.0
3.142555093264598,-10.278701194022698,18.350350273603595,-0.8412501205241631,1.0
-1.0346765587736075,-23.17409827255374,13.585862652333129,2.029499785318052,1.0
-8.714897353428213,-19.78874154796141,23.415175743230655,3.69473207270484,1.0
1.5781657818609953,-13.56680453115688,15.83622274363343,5.591038050314378,1.0
-9.380600198145162,-14.611901308002437,15.828738457018991,2.593856008596718,1.0
-6.8336250576062465,-13.12842377048082,2.0654448344016316,1.1697979003062249,1.0
-4.58139710952061,-9.587432492906698,10.53028345262509,3.828530567899639,1.0
1.522504362165495,-12.022690528471621,16.149382465474773,2.7624130079337745,1.0
0.47456046371326344,-24.156344797517,9.230825530312302,1.9745085234701971,1.0
7.730828484244868,-13.056324168024208,15.116554913004654,1.9470666639958694,1.0
0.7715279455521284,-11.357595876338127,3.9500417263550496,-0.26730115957352774,1.0
3.152958416661617,-21.048653295351173,13.99819903292487,-0.3841580718054525,1.0
10.28698141138655,-14.923684215547567,19.545726052849894,4.1039116678112055,1.0
0.19017245206959132,-12.508309067204216,26.35614295832547,1.4734529993786505,1.0
-2.882564895205122,-10.92337447847696,19.69157960072161,1.190295424319174,1.0
-3.9954527755274682,-9.069325989054143,12.00679209478032,1.063639909639767,1.0
-9.923561978761587,-19.73595422046188,14.534225172898841,1.7097566080433513,1.0
-4.133520980938441,-18.827329891297055,12.756902072705174,5.216243022748879,1.0
4.913268747686824,-8.44047363112775,5.71902641228294,7.778632821011561,1.0
0.3028797542899406,-10.921989888837379,9.09669410204372,4.715622976214876,1.0
-4.763481045461422,-3.810838053419136,10.467940449495973,2.158827515826184,1.0
-9.168643610633934,-2.889305548769049,12.500458108794593,1.7936399522661752,1.0
-2.872885872467439,-2.8649504207366583,11.689078359700789,-0.4052867189848466,1.0
-6.663049507181575,-11.39822083784157,13.896445619618882,2.0888932000907054,1.0
-3.873916604501258,-14.935750274158728,5.390335875141145,0.5833965030392436,1.0
-0.8370777986821363,-11.984501659310476,7.037525407014233,2.0617059330190886,1.0
-0.7362975092905135,-13.733791517457684,17.23185775504835,0.25683060290498183,1.0
-3.446469448397821,1.4100259538429558,10.7800346626661,3.219355904356828,1.0
-0.10968550331184712,-3.233641594744803,16.94474878730263,0.6253644408860093,1.0
-1.8548991692385932,-3.9887229792916665,15.77896558467735,1.7596280692481039,1.0
0.9863664559561598,-9.519605061928067,10.416883048799567,2.4569468690168277,1.0
3.076631307963921,-24.333199244908013,11.661043704901617,2.541481065457169,1.0
8.516978776964383,-14.84712382048648,11.772333549279804,-0.5952879323789426,1.0
3.9265992568929997,-22.855069155365413,20.700129587333628,1.3493661816531985,1.0
1.21304289938825,-29.002617804546183,18.134508494929243,2.057858892910375,1.0
1.2016688751909483,-22.84603697506126,10.83713143087612,2.7149406311315727,1.0
4.170695482966288,-11.951748465405215,8.664573979685631,-1.4284422434410164,1.0
8.47637325511013,-16.299058254080762,24.02808084843261,-1.4732280608516657,1.0
9.129571923880372,-18.427168917329116,16.446355059155714,-0.9472503532981857,1.0
3.9770786406062903,-11.260056287215075,6.6940772345834585,3.9348409451229474,1.0
-1.4792169613557111,-12.477150904510664,10.178178942452117,4.332809985862177,1.0
-1.0530233984030544,-12.447399766709129,12.21713857317107,5.127185736242856,1.0
-2.451972315033018,-11.292310168103779,16.822073622009817,5.144227833228399,1.0
-4.532523381693701,-20.469867765015515,12.542316459017112,4.154758367163307,1.0
7.579876339973061,-17.337736060131917,15.190135506334421,0.8742053493822067,1.0
-1.703314694368048,-2.0639728003238016,8.567235619038753,1.8681805769517408,1.0
-1.3528835741835554,-6.7785867550468435,14.04492802786502,-1.154374114951854,1.0
0.528487487159989,-2.2975686752763167,14.063181233377467,-0.4937155243684459,1.0
-2.7220765680502073,-13.373542782915738,8.208047182664872,4.874660824281063,1.0
-2.4539025854148733,-17.38974616704061,7.2628489232810285,3.9433765168232355,1.0
6.007117222814171,-8.85364851355849,16.848983242632936,5.32908403038795,1.0
0.2584389027854481,-11.536726276484227,19.746025399365642,3.478354693562014,1.0
-4.341643779226324,-15.492850177756015,19.357977250753336,3.018994265814802,1.0
-5.609488106099448,-12.414880322661507,22.31506883484849,1.2885828406129023,1.0
-3.5657788137248905,-15.287245983476122,22.488503184420686,-0.33833018656796754,1.0
4.755240998328874,-13.32081817920005,11.469287599766101,4.442038930794602,1.0
1.8651168787643746,-18.06575885355606,9.204903790585936,4.525459403466225,1.0
2.4768904954636453,-12.973812376698227,6.589858430769128,5.214936118997914,1.0
2.7512260714427854,-10.009563634984072,17.84643983936828,0.7728568349170597,1.0
-3.275304444505709,-12.262173128352554,16.902522598994835,5.427515303950682,1.0
-7.772015758496466,-20.58461547501927,16.173438702704978,4.516499191228761,1.0
2.2491172665507646,-21.75271768419288,21.292240803539173,1.8408985259293256,1.0
1.560571101456282,-14.048778582293163,24.49748668012029,4.120081575510818,1.0
0.20062112432692653,-16.51422003584008,15.544357787625552,3.596330652412028,1.0
0.8410918579468732,-15.83610622742393,11.317179573774515,0.471245891143642,1.0
8.759029949410685,-18.13365979185734,24.5976212147852,3.391378235132925,1.0
13.799404701588298,-20.97848990967085,32.360897930569244,1.4844841538059632,1.0
0.5518417424017881,-18.140904411249068,26.85558279001318,0.16992984883039997,1.0
0.1570074750901651,-22.204018761139018,14.302403137424108,2.3359626292451026,1.0
0.8630605893262102,-22.09350596550256,11.63290306376397,1.415723501230937,1.0
-0.7687378026846365,-22.297773784056886,13.853954741733048,2.16485725876071,1.0
-2.7424990719799354,-16.390283510318916,21.00829884205657,-1.494004247813313,1.0
-7.90089557143345,-2.108706496838799,13.432254128736293,1.3351619511688,1.0
-5.620187907611762,-10.012420384570248,13.939116629571819,-1.9037375662847718,1.0
-1.8735222422257327,-12.222164537423666,16.14184546929478,0.5397309054630335,1.0
-7.26922719819689,-10.53757878915001,13.7110488972577,-1.7264051629515933,1.0
4.324196486249052,-6.580131349615838,11.553733928113626,-1.2241723547283554,1.0
5.655415387839523,-13.10589195535471,14.907626107876435,-3.258210247245481,1.0
9.639076016751481,-4.151416809501253,20.78818684087568,1.8086970050543134,1.0
3.2346640671721762,-14.718489859302585,20.483741291610713,5.5416760272507055,1.0
9.571266663591185,-12.438202090974805,14.796579568716794,1.556993616507584,1.0
6.5139653632545915,-15.141315840222324,8.434322146209396,4.261754040029564,1.0
7.444597846724351,-8.000917510213569,4.38171382841124,4.664477688912074,1.0
7.306973812369106,-8.984853419470966,6.296675414565218,2.073092485384941,1.0
6.639918665208139,-7.743994908235523,9.417822186818771,6.509283388060355,1.0
5.91607611111436,-11.037993471438451,4.083468295448881,3.7657513928261777,1.0
8.292852313093805,-9.816914672692402,13.398931244595811,6.939004487998272,1.0
-0.35645178747631623,2.3352906785859133,11.498967740480877,6.31075106718369,1.0
8.32562564155638,-2.0890171513641356,6.472605379706325,6.7392114636656135,1.0
4.027554629527234,-3.216643841011157,7.033656472245971,5.844469097315316,1.0
0.703802825504485,-7.654559276810296,6.501397826700471,9.158473899164331,1.0
3.453672906056575,-12.737461199120116,10.075455861941403,9.657578025729574,1.0
2.2457928953488975,-13.46143045295656,12.851949073210664,6.564993101137652,1.0
8.017831973070232,-14.347436774350227,14.475129912946361,2.5878228811155863,1.0
0.8692057803754112,-20.305268087401167,7.697702774985681,0.5713966015654277,1.0
-8.320460548452312,-23.095530254669463,23.009359368351607,1.3233480079284945,1.0
-5.957834670760516,-37.8501311294761,12.33043640356661,3.3142295277701037,1.0
-2.4212998152776453,-24.307240734458105,6.377616445128708,1.6777193204867227,1.0
-2.0026880047077866,-21.872464671262296,17.538174418894087,2.4142627105997985,1.0
-2.1859449975476135,-14.57760908884169,19.990514051652738,0.8306389645571743,1.0
3.2180679112066195,-11.578331713473135,13.990085596542363,1.2341203059564774,1.0
8.749050573076687,-17.18149445253041,11.0688637863334,5.608883859787225,1.0
5.024871961172137,-24.96262112484474,5.859327623357566,8.80976400036061,1.0
4.795639837891361,-27.428504094710757,3.8002508538598505,3.8445497657773866,1.0
3.2251902641817587,-12.128501857242183,-0.040716885328683006,2.8129061594690876,1.0
10.88598886918653,-25.961517588108173,13.993106465997247,0.5599280375336446,1.0
13.495212127987896,-16.318204196194568,13.673936800012676,-1.1747906223340994,1.0
7.550637167809382,-10.87586714895318,15.977080478699015,-0.8129864421893673,1.0
1.185207788598149,-13.05280983942238,13.365513133057865,4.49522892149221,1.0
-12.152645205845786,-12.105107127213543,11.912782789671738,2.222439423719719,1.0
-6.625215762852324,-16.79092825747277,2.8695268406762278,-5.03608391511014,1.0
-7.028704252511709,-15.279830483771367,14.582583858113594,-4.729518605469818,1.0
-2.8786304409895527,-12.266963445205626,15.343479381384862,-0.8597503900168983,1.0
-12.926002033515015,-26.224042703906942,17.70908658531257,0.7433125171427715,1.0
-11.708943134037945,-17.88290254183068,16.812155064739258,-0.9756334357919596,1.0
-13.677631470000184,-20.766870334708713,10.522883393124463,-1.2845930663759768,1.0
-16.012897618702254,-16.00953337594244,17.007681877903696,-1.0715493673313854,1.0
-17.58490765254163,-12.675806279111885,19.889158569504726,-2.0283113083740005,1.0
-11.254428052617584,-13.099475295748105,12.125324261126327,-0.8231594613803266,1.0
-16.70740798484273,-16.907851673956177,14.21664776227614,-3.2111368063540393,1.0
-9.620585152197801,-13.100055796587394,15.017223194586506,-0.12795455521071375,1.0
-7.428929740883876,-6.260179162756442,24.843524138505277,-1.1341595632126928,1.0
-5.9800570682785095,-5.827573055081576,19.260625549682448,-0.03143334034530998,1.0
-9.719785277758316,-8.363755227762834,9.382301990646784,-1.318415263191142,1.0
-12.33722004041617,-8.045580774471683,18.64683190959525,2.8094361673461568,1.0
-9.124735623658616,-15.30530724109134,16.785207846443818,2.9347321462642633,1.0
-10.43036552194399,-19.89983797205173,17.907118464591527,1.0387553212807599,1.0
-11.13891160123105,-17.060823838659044,8.482727503414338,-0.1595191143507626,1.0
-7.404827543123421,-19.665372331977274,7.258604971620871,0.9645071063801907,1.0
-7.694763558872018,-6.290429316154758,19.12206125954441,0.16404517453442047,1.0
-8.659370303462474,-3.3672018222561686,14.46245433973332,-1.2050073062804458,1.0
-13.421529120397043,-3.4601819777230425,12.306547476164194,-3.4161707721585692,1.0
-15.916221810055914,-8.84474000433518,11.120002673856684,-4.0212975583784765,1.0
-16.515768370780094,-23.342536324770435,16.30830453507579,-0.13108536659836112,1.0
-15.34371361067626,-21.839380381356346,9.948341650181135,-1.4907859976161393,1.0
-7.7997353523556345,-12.785865153594878,14.61389990872325,-3.8392581797979584,1.0
-7.686043441987422,-12.917260934619403,18.866087153977535,-5.049626128441103,1.0
-9.215453589580662,-14.61010617973335,6.495948851703154,-3.99723756902538,1.0
-9.01453200629052,-8.705985573092242,14.09721318365488,-5.21115169048855,1.0
-8.820773810229802,-7.033926378912565,16.498218726885476,-4.323276975947359,1.0
-8.00059204785179,-16.557363441538456,13.1293736798977,-4.518855914789631,1.0
-16.53184417541,-14.948776134522086,22.243384032469432,-5.066167795924136,1.0
-4.352992372282923,-12.612750561584742,15.009106646042408,-3.694177281650905,1.0
-1.545373816297138,-10.15297743677916,12.373048454785812,-2.9085081670117727,1.0
-13.060806625128263,-17.230716050867912,14.793059717899883,-6.892697452085169,1.0
-9.908690595958,-16.64757759531208,2.5255133734237134,-6.170834669559758,1.0
-7.6518238069508016,-19.038404645013976,1.0075808884681265,-3.0590106888523696,1.0
-5.684754465429341,-25.543739430533236,-2.6268576434527633,-3.6303139283856916,1.0
-2.354670257097842,-16.564338092682185,2.9040584807681173,-7.60321609701535,1.0
-7.0920806187465555,-8.97877719632963,14.57442997484428,-4.5562043410559205,1.0
-7.171464780900012,-14.298596029790238,5.481941167729875,-7.029125288223345,1.0
-15.165276828655688,-7.502645231834724,9.986580613097601,-3.2942392890408927,1.0
-18.64461566096795,-2.3446998411611926,10.740775169471306,-1.3111102360299345,1.0
-14.468333470854738,-14.385777154734686,4.7546053391097445,-2.6852000848546624,1.0
-13.316257289355487,-10.673709317025073,9.777175429469015,-5.0374099717295975,1.0
-12.279287635085332,6.811242811981163,1.2734797124548969,-1.4143752077599003,1.0
-19.276224806177822,1.4997639612121247,-1.6155722385023648,-6.959857044084029,1.0
-15.144341161379177,-0.5490927652415625,-3.267174847427608,-4.401661180664492,1.0
-10.506041330863665,-5.164669733958489,10.044128306835836,-2.856130182379709,1.0
-9.081275535014262,-6.45420446737516,13.880612428451578,-7.911198961999279,1.0
-16.987235234124032,-11.186545243695674,10.6994448141946,-2.5679316229235436,1.0
-12.69236029968233,-11.837259884780167,7.305304721490078,-0.4515941497949496,1.0
-17.632948153725224,-5.674540307155523,13.492663713334114,-4.8913932894217975,1.0
-13.330616040599768,-8.697150201299031,18.605272371833586,-6.8939081062714385,1.0
-8.842662082855213,-16.464787705041747,8.521022503426082,-7.080336184648122,1.0
-4.811043926136655,-20.298040401357987,14.1401271609742,-4.428377383408581,1.0
-9.344649128141288,-17.474031251793654,16.541397537093854,-9.993329896199725,1.0
-5.411883582486908,-5.674686134319527,16.0279781484162,-9.95817785470149,1.0
-8.61167048842202,-5.385236350012358,0.6936632788258077,-10.518153534177191,1.0
-6.406623280209015,-7.645283599621514,14.054346647349934,-7.6756131899279785,1.0
-14.7820254347487,-19.643126474868872,29.230901837766712,-5.1817068355186136,1.0
-7.023742074004769,-18.70497585148975,18.13310629992021,-0.36224701662281067,1.0
-12.615159682153369,-20.50983273073065,3.5383143892333795,-1.7302717250481918,1.0
-14.73667736909687,-3.7910321128187414,13.290353907898684,-5.169483190295689,1.0
-8.484883923995845,-12.51474690351384,25.28910967046079,-2.6090923603566245,1.0
-7.8594826191217795,-11.44948003923351,19.197336401146217,-5.105639118884237,1.0
-7.516813780093557,-10.147424238421388,13.033774780710687,-6.536493791986299,1.0
-13.347165599566338,-15.63827176338161,20.706362619675136,-2.4024369274714283,1.0
-10.104377079036846,-13.427824031153582,20.81410575868412,-0.3116365626168771,1.0
-14.98436221937052,-15.955002138937093,14.111421987305018,-6.504211010123751,1.0
-2.6839682419168707,-13.380827006905186,15.236421138061726,-7.562632634056495,1.0
-3.429902153096804,-26.15904374610671,10.031353104666481,-8.151200210556787,1.0
-4.718652127664397,-23.26340392784409,9.891574861729321,-4.9068895242208495,1.0
-2.87539379655039,-13.268124497613936,15.870824767712342,-7.354736614642194,1.0
-6.262386871327523,-15.862724546194189,10.15291829699357,-6.179880054145505,1.0
2.056354946419141,-9.894092023072059,-1.6267017499775918,-2.7017213057434026,1.0
-2.7863060769976613,-15.557937885379099,2.9547483458305814,-1.8980910996721112,1.0
-3.349658178789916,-16.383647594424772,4.065823744899797,1.3997789809948888,1.0
-5.891846081074628,-9.469892807174512,0.7433307931736479,-3.2137659315878424,1.0
-7.725335222905855,2.4346152234618366,7.2578813021082835,-1.165518480169683,1.0
-10.000550766115461,-3.272497191345744,6.75519152007423,-0.8395693370866877,1.0
-10.517744316073992,-1.1334592842329014,8.494870708708632,2.982854253168682,1.0
-13.153157247104822,-7.918892324906566,13.225359096713195,1.317312989425889,1.0
-13.447505279340403,-13.958363089617432,13.318480424575524,-2.6823973842311952,1.0
-7.750203107309929,-13.813128322816663,13.38135951949456,1.6080098162731433,1.0
-2.2544713772546237,-9.839045819112265,12.876369551585071,-0.9453668507575448,1.0
3.241224587190186,-19.677070132630146,16.986098081884922,0.2212747982398735,1.0
-9.53304588739955,-11.073458082290252,15.858288725982113,-0.05650449793315082,1.0
1.3984170443103494,-8.953789358533454,23.112181651887827,1.9591663813916531,1.0
-10.022708739527255,-17.803372426893077,26.1662005865255,-1.1214041695369126,1.0
-8.76628700174685,-18.758417655211634,20.453356248731684,-2.2227169465115213,1.0
-13.875552218615859,-10.153904529800453,8.989576994566598,-2.9128132472970423,1.0
-13.981003957833696,-7.427874267056346,18.78123928198415,-0.7593623168711616,1.0
-10.834741859190068,-10.17891025499669,17.26329933602214,-4.386553788183127,1.0
-16.419099151853878,-6.190551613480499,21.248969944686372,-4.369173331865113,1.0
-9.13746695307511,-1.9475407770234252,15.623753113955917,-2.4553388866868446,1.0
-15.904694746550135,-9.396669632694152,5.319905095486114,-2.1269479132256013,1.0
-9.406798375903763,-20.405239060610167,9.276181863201405,-3.911435910753141,1.0
-6.763491025509645,-20.264530993632633,8.83993947964985,-3.838260203429857,1.0
-17.26869722850844,-26.459482235924288,-8.12475409317875,-4.456553338366376,1.0
-10.766071097300538,-18.14443588069124,6.736363281419099,-2.7991198411515916,1.0
0.5101858804671964,-17.562868306283413,15.483970682799919,-3.6294452926100234,1.0
-4.257855111938295,-12.15554161138677,16.38702276054962,-0.27740116566485273,1.0
-13.715258829348912,-9.550497055821559,13.477175127084836,-5.622807383179484,1.0
-8.465394528498841,-10.639728789793809,15.041310484727989,-3.760158184792715,1.0
-12.420499906383258,-12.00645382655476,17.523179785129912,-3.0872319323284367,1.0
-17.94659988413301,-19.595568612139417,13.734040326864537,-0.47385881386852713,1.0
-16.622328811041683,-21.86783685692454,17.51868711597861,-5.231403249334287,1.0
-13.61945371876666,-9.399424331022985,26.18187772254747,-4.3849653473548855,1.0
-9.963981041512527,-12.996543840505318,16.729201516894754,-6.205429151865928,1.0
-7.792966938528814,-12.87331491726528,18.497040622723176,-2.7223870940011814,1.0
-13.525155815762268,-14.109420522058532,15.956479234356532,-3.14869781642007,1.0
-13.521043939551918,-15.640497262220673,18.80390829074725,-4.300003904982108,1.0
-13.871550147888131,-19.918860628723323,23.66033906535304,0.8511132275494879,1.0
-11.6505631306149,-11.521378542705335,23.81411428171831,-0.7480135193940791,1.0
-8.255036980348475,-11.567062423845941,19.39638208308415,-0.5215955597034019,1.0
-5.1791046497907125,-21.676225026097473,15.664490114709146,-4.394271939232759,1.0
-5.360194252899236,-20.40124791190272,16.858462750619758,-4.9544138401907665,1.0
7.065259296518542,-8.258549005235825,14.216965296544268,4.507900949844475,1.0
14.220216691709275,-18.261627666999967,17.02579258079782,4.517688780659129,1.0
7.855195422174159,-19.81734255989852,14.968535224965159,8.97280928053591,1.0
6.521875386161913,-13.688167129219352,7.952619558393224,7.9990716320118675,1.0
22.605483601767247,-4.922896436641031,14.480565958745961,10.369317145204564,1.0
20.208014365437638,-1.7018884687332339,22.090186513271192,7.220842170686273,1.0
9.913700344106065,-10.357756540660493,25.064017780963322,6.66074123199159,1.0
10.32747130787214,-16.619274614187606,20.247751748678816,11.986057030192036,1.0
5.042800571992575,-13.363632741196259,21.549935392220384,10.308149950467996,1.0
16.323754269149788,-14.907440713735404,22.85607120185847,11.231306845375157,1.0
4.5651134786605185,-14.874686793746692,18.551637082337827,9.86516108020884,1.0
1.7262649706354107,-12.444863777461977,21.327037202056164,9.175697065409395,1.0
-1.2371095963963974,0.4960348512694459,14.209307166592996,10.97363496667969,1.0
13.410744567287727,-6.568733624147665,6.032644041375605,7.052831828245273,1.0
10.455358632686593,-7.8336298609729305,-6.326420337984766,6.050662712101374,1.0
14.168873793531555,-13.623789889038935,5.418431689079101,6.5026737877055725,1.0
21.472560258098714,-12.033767417425514,10.234889273035158,9.346607608378468,1.0
23.863502732581075,-14.864978441761068,16.587332515543412,10.085064713205805,1.0
19.611626399867195,-16.9858016589124,15.333062145598284,13.404947261977355,1.0
16.949731223661523,-5.88851535938598,11.745704179308255,11.222533893770018,1.0
16.128075564149086,-13.25366530870323,17.500698274334525,8.678172753721933,1.0
18.109214146035416,-7.444009655351077,17.625044637043423,8.043142629927477,1.0
14.696367251420538,-13.252354434925522,10.267870844963475,6.617083969672651,1.0
24.406619178679698,-9.746468119249439,9.453404246911063,8.577063365440802,1.0
20.972416941587475,-16.536493695285714,13.198099812439056,11.98332368534312,1.0
16.317374658852376,-10.53128155934748,17.015545758160528,12.079925895920868,1.0
11.327562555242904,-13.221272687853364,11.081733405786375,10.890316083522704,1.0
11.583737573480885,-0.967439734281399,22.393795176719276,9.709564235804288,1.0
17.061396972579498,-11.688717467617074,10.778607780928702,8.749692995715387,1.0
10.764566749741089,-8.549556079231804,12.921399311527102,8.928101714164384,1.0
18.13139388347887,-10.80463708804751,13.780739518133862,14.64505018824487,1.0
16.960260275183764,-9.297444351363065,15.360339353185957,11.794076192070989,1.0
13.4195658624625,4.628213619392769,16.114633436008344,10.888328459780348,1.0
21.2812476689332,0.8573504522224482,13.573141631457208,11.070306636092933,1.0
14.998733240497737,-3.9942704444172,21.72457111247992,11.00389083851643,1.0
15.557009120119424,-8.356449546472177,14.25402641766518,4.797526580952298,1.0
11.904282745538929,-12.254869761316538,18.369030034223115,7.95223906684968,1.0
9.867151763104372,-13.712799101718735,16.381578277474798,6.391826971450929,1.0
9.143110758608778,-13.431233894892587,19.73956135901411,9.436532786667222,1.0
10.590371017204706,-7.272160998088961,22.020383849086386,10.326059328605966,1.0
11.657359973698423,-11.616902438820851,20.440591325961748,10.529821382406293,1.0
11.18852913617912,-13.898478193780312,13.626846531518503,10.822614474954438,1.0
12.979033473866998,-11.997354407721318,18.78755107105757,9.190074654011118,1.0
12.34412994306394,-19.453222064203366,15.826302693660425,9.185768241857499,1.0
16.793580006183205,-20.73569043049038,7.239960564335655,12.007597027794063,1.0
16.483053573127957,-9.286162251025353,8.153777994670568,5.759932497427315,1.0
20.307293303182966,6.227524986333716,10.4222134966341,8.572223120791321,1.0
17.996176983549113,4.384712620469266,7.768129931186424,3.8852108836239703,1.0
19.219415478323928,5.723936730529655,13.556915044308674,8.164600431469292,1.0
14.446620470990174,-5.540491399480139,12.231278068512061,6.8792525379270355,1.0
18.132487059084873,-7.990665121966046,9.5144457394414,6.181426117234108,1.0
15.99524710732217,-16.916087275292504,21.259709507552547,3.818942045420087,1.0
13.821847248716164,-20.85188569309873,26.814222685563703,9.851018236870523,1.0
17.62833838182293,-6.451832337346593,17.910679577008843,11.564226561555293,1.0
19.55648215075842,-3.655848455131869,12.353087323324798,8.00654919194307,1.0
27.864602477847303,-18.781905419460852,17.6220629571999,9.737242845495658,1.0
26.839127493649357,-10.9341220861961,21.54753231263961,7.063484587780296,1.0
21.094016337574338,-19.057765005990785,25.521156702704843,10.109087512941935,1.0
18.309915185730055,-13.592992593278309,21.92798375734475,7.451682644311482,1.0
22.137950487226234,-13.444141453498851,4.05401912466773,11.000861877542135,1.0
13.559752709471518,-13.402572383983898,1.6542051337347043,9.96722199199235,1.0
26.234557043606266,-10.217104426541905,10.126889834822405,7.519329276870609,1.0
26.425751917916823,-17.049362113411995,12.442233165047002,8.681443528495635,1.0
18.519508633939186,-20.651434197634313,12.244746994217255,7.842517894540502,1.0
15.638048485139805,-24.348899826204715,2.369103428845346,7.835290989251034,1.0
17.282549378314215,-16.86180696500255,14.638787764614001,5.513094548601994,1.0
16.66853626577323,-20.179003461967433,13.230683292220007,5.752770348154662,1.0
8.603389855050931,-22.78502171434184,13.786719674766259,6.493104564420413,1.0
6.349613952113602,-19.219306122985067,15.015367331582013,7.519758002796644,1.0
17.6272385416927,-9.208866379025032,16.354936215525406,10.187276704011577,1.0
21.78091850248147,-11.892361795019347,18.032031096258695,11.933181013678507,1.0
15.197387981490438,-8.355661991173056,14.0663075832433,9.441430153295453,1.0
17.421157652653648,-4.598889904456044,10.227528846608676,13.95991100255274,1.0
21.5905610787909,-17.06541478058781,23.288931670536684,10.7087842782189,1.0
18.40707733213285,-7.8937712666656035,33.787293965081474,14.314958984822784,1.0
11.82514154757539,-6.520126342466995,21.737256664730115,10.402064836595885,1.0
11.47503227766444,-0.9486391172422053,21.799491668725935,12.46214478136142,1.0
22.712709521296173,-0.4061442856169073,26.475933387080996,11.385072125030188,1.0
21.344604359075383,-8.140284713202814,21.085169736198665,8.46509916422991,1.0
19.423390505214755,-7.453547018292989,6.439574031324065,8.867300562286434,1.0
26.644998844047592,-10.46872490641036,0.6057485928718833,10.322407994869756,1.0
11.56739512369724,-5.737144668106935,12.618232480215335,10.50569627198925,1.0
18.278019706126386,-15.446294472851722,13.405573621962798,14.676377087710163,1.0
8.208915811194789,-16.1156568968321,17.50250303063727,16.546767659120846,1.0
17.69283062484776,-15.880589531082038,15.9499629606666,12.461885614089674,1.0
15.899612000346252,-15.217584733750504,23.31283573730143,8.666078738036251,1.0
19.103928150157675,-17.78240653004294,16.91246534311552,12.06293859697049,1.0
23.416585830272858,-22.417340932579584,26.970661055893594,13.0738867608603,1.0
24.227033393562508,-20.147688948663593,17.442813679758093,11.434705337236213,1.0
21.202341250759197,-11.458062337989,9.914368767314187,10.302918994114046,1.0
11.957941461717201,-1.8706067530633526,11.610037905025294,15.97329271906274,1.0
11.558879229227028,2.377239601178662,12.600980647670575,13.337377094953492,1.0
17.060810816005446,-10.923979005744432,12.165866153657234,11.19323637718764,1.0
21.485756803570613,-16.052384950233957,11.925673000769264,6.031711430040454,1.0
21.787609535129004,-17.021649343978318,2.147180562688865,11.23968017068193,1.0
20.499495956844758,-7.8125205862247755,9.227629883504488,9.577236935249717,1.0
15.678583191141515,-5.151570468841211,5.556944651845377,5.6993579401430186,1.0
19.38765709536591,-0.9414862053384203,7.414049483983248,10.378931438264988,1.0
9.258168633016753,-2.230227340401221,21.621623076687108,7.609505336781479,1.0
17.33107400388459,-4.128191777103222,10.146366872115962,3.7255144310299713,1.0
18.283112184167077,-22.412517312878094,12.645801822753116,5.053736714076836,1.0
10.042946710886376,-19.760635956085935,12.10154432325728,6.068813319262554,1.0
11.382644436820911,-29.118297476309273,24.196809364355524,9.836862223445934,1.0
8.007375153611257,-9.110155491253945,16.454378946651776,9.841856677234036,1.0
12.623085721053041,-11.056777179799127,5.574870580331381,7.0081574849281,1.0
9.618590807431893,-15.970200681782284,4.408111115361846,5.0020614058031665,1.0
12.15388291011498,-13.089552278367716,10.312951170159986,8.041047741933104,1.0
15.653869321415286,-19.33932918562397,10.688483280502297,7.669770471338909,1.0
19.798266161094794,-19.052539933986154,12.420728674650631,7.122068922655407,1.0
14.89539675437205,-23.232943226135408,11.813886837688843,5.5860583049536405,1.0
16.890281889031936,-18.417431596010434,11.754045660082697,6.311438350242259,1.0
15.858181947301645,-20.027478551915515,6.575671344628582,5.724311014203985,1.0
10.158866004460272,-28.20979324853905,20.55330712087224,6.084122753999799,1.0
15.285271631906527,-25.53454450887066,14.946646307314456,7.296424248369227,1.0
17.41435952205094,-14.778906398173755,10.618327612691758,9.616025374879499,1.0
16.418996198932717,-13.125887594946208,11.45046808164177,8.076289602239159,1.0
16.76685816613224,-9.010204826363935,13.600395420029054,8.94111289094105,1.0
23.840787659096723,-18.42106590300335,7.253148894717164,8.859955763233849,1.0
12.849826119735209,-9.307882571597826,19.775742095390576,7.222648268952801,1.0
11.73954756497733,-13.119541324833184,16.44014129864673,2.199440352186274,1.0
7.736385893382997,-8.960081571971738,14.401971761968909,-0.4109072617409839,1.0
-2.253958238591084,-10.930289943940393,23.0674831842614,-0.5934215641213392,1.0
-2.3242631435456977,-4.26657511044105,16.004331473082477,-2.1444255724253565,1.0
-5.957747072693849,-7.1714308544139636,7.449264010772373,-3.660651978805301,1.0
-5.180821803558883,-8.177427564408664,15.988635440633313,-7.785336753465021,1.0
-7.964133657977362,-15.831978999524537,22.648496578725933,-8.948487747220915,1.0
-8.138437404177228,-18.937244282876367,14.320324673792275,-9.59668109023627,1.0
-5.100972492756501,-10.14191383858725,8.440369374854074,-4.554780694352932,1.0
-2.6253953489521136,-10.15521759512814,11.818565798612397,-1.0417081390324094,1.0
-4.726768121317328,-18.48343539771288,7.265719286099905,-3.395905254263009,1.0
-6.767719195757016,-15.129412749457577,16.30869544455692,-4.011241338213692,1.0
-15.337358611499798,-17.142072464017428,11.51314272640103,-4.202564302886079,1.0
-6.4961637354041315,-12.261910095063692,16.281896830531835,-1.3653136742917962,1.0
-5.764258708030921,1.1263965538351641,14.370574169487792,-4.74315918319685,1.0
-9.12758774583213,-3.842709655474671,17.669902988054833,-11.26882762539514,1.0
-7.299609954053176,-4.476126930552152,17.579507611212353,-8.624166707980137,1.0
-3.681447949339057,-21.66004026450301,21.82938865826479,-11.195572708428006,1.0
-0.0024791166302473577,-11.932273298181368,23.17549357919285,-10.284054725485596,1.0
-9.04558864454712,-8.462791687062074,21.790332393476298,-9.702170406626783,1.0
3.5780617573888485,-7.275928101117628,13.455745443402503,-7.187667325503909,1.0
3.3772157945972934,-15.431021728448291,19.873082740732624,-9.291231325367004,1.0
-1.3045728320205434,-10.138762802266427,16.43711634926686,-8.804309550412903,1.0
-5.341023067649056,-4.321386886547586,20.748534544185247,-6.853504562080158,1.0
-12.673008889068111,-9.463579718432142,15.48833818855547,-9.751018084512399,1.0
-14.8973131630595,-10.747568908663487,19.831633300803226,-4.260935578209159,1.0
-3.7414128935094038,-9.09648455090767,18.406234679020024,-9.194423161033146,1.0
-5.448745640571645,-13.501910106166232,15.472553155820684,-9.771833759282229,1.0
-4.479135278773703,-22.33836960770872,25.124128222720252,-5.957674903632649,1.0
1.4355608638303412,-14.088141050555326,14.60590398109364,-4.630537158987689,1.0
-6.551761873188777,-10.517514276440815,11.12118950770411,-6.997494715833151,1.0
-10.094661553740693,-6.563802818000575,21.44229536954389,-4.127332256060187,1.0
-3.1711867645210696,-8.35428745988779,25.641725502701675,-2.701025151235521,1.0
-9.962010707821253,-10.24197127888468,12.978817505357377,-2.8452656249911694,1.0
-7.678135050664426,-21.204439133676573,9.545759144821437,-4.70078992972991,1.0
-9.272799307845933,-21.39057843668157,5.506219965109351,-1.9193982074115126,1.0
-7.877894705900843,-16.46551702072018,7.178847580244938,3.460372946796971,1.0
-4.7170269487705365,-10.932486961600976,4.639705651861117,-1.7966709331363462,1.0
-13.322692057486059,-12.04100895644855,17.304251941216503,-0.9377677944416853,1.0
1.5046435883198006,-9.872457326443072,16.6881187481223,-9.04699116399388,1.0
-7.978468932484793,-13.320497492202083,13.590217707912377,-7.522099653649609,1.0
-7.315381536107861,-10.156824823613228,7.824562981240189,-11.075751724664535,1.0
-16.670466117657362,-11.224083514605923,7.426585672723135,-8.553708714959644,1.0
-4.946646533700301,-10.656951066995257,10.263689512748535,-9.96607588737514,1.0
-2.53630884161601,-19.005806801782796,8.253813854793218,-4.892055231629405,1.0
-10.018163931705256,-6.007305274137617,14.852524880955054,-6.147627947081735,1.0
-2.734719835963192,-14.806309541510476,20.603489772826634,-8.07538251734466,1.0
-4.604696510157309,-12.586302869906788,24.72661124524147,-8.22560228464737,1.0
-4.135699921208456,-19.127718593489636,20.000874288481512,-7.760616671451967,1.0
0.18436609657864,-18.745674383838058,23.73581164044822,-6.204406387271566,1.0
-3.168558329510346,-11.38797893506627,18.206211073988165,-9.17451704090153,1.0
-8.82855081049442,-11.702708914126596,14.180361537896912,-8.626886916855776,1.0
-6.510855743412718,-7.732981202016219,12.66457651758495,-6.208286076891849,1.0
-3.9642664935918006,-11.30737778401129,2.515329261913883,-9.215283922996054,1.0
-1.188101618655975,-3.641038802945065,9.29719917845939,-1.961869619237322,1.0
8.095513974065614,-14.323737104817855,13.348325111406675,-4.619664872630896,1.0
3.877822702899177,-17.141660859269372,18.643405780483732,-6.418563724300221,1.0
5.608256487127399,-13.883125371806926,14.624193911534448,-7.675287471904159,1.0
5.204737220559123,-14.706080600420949,14.413152147870067,-3.205477172125284,1.0
-4.050939002444117,-19.76131461666296,9.136710801759692,-6.661892008062402,1.0
-2.1058523667947817,-9.877539840838509,17.07530998235783,-6.502901942577589,1.0
-4.024829507702611,-6.8291599567854835,17.57777224895921,-7.470708691626751,1.0
1.302092200026717,-9.811482799448545,23.460607971988964,-6.183055444243029,1.0
-0.3761650496108855,-8.813453908835752,8.03828004129894,-7.824721518669135,1.0
-2.7380083524833823,-16.460334586149045,11.271644405106596,-8.361071915625537,1.0
-16.03487031244237,-8.472521199500163,5.584393221555423,-10.929598463005213,1.0
-12.903335403674218,-8.000175045548083,12.809683541740993,-10.780322238234277,1.0
-0.7606364275495814,-5.542712235430362,7.351656133811006,-7.384198851959555,1.0
-8.516930275362,-0.6629650214625844,17.620491873107262,-7.496076357375176,1.0
-11.57289186184719,-9.954542871741467,10.889348181245289,-4.782270446329371,1.0
-2.3116671905263724,-18.845956360244976,9.367954491392238,-8.928886915519177,1.0
-1.5602461166253345,-15.800069305557695,16.235511890779833,-5.9563538222251475,1.0
-10.28734404458252,-10.419947042538475,4.8599399853100556,-6.7222954090583835,1.0
-9.008162747875359,-9.13458943635078,16.171327301157884,-5.679019601240737,1.0
-4.995887648849543,-15.378392312508945,19.440413190970528,-8.522305301202012,1.0
-13.159670212997131,-9.559410297241346,14.263376586060497,-9.510233831013217,1.0
-17.61859175614546,-22.16852389364753,19.64487117803479,-7.651179001903254,1.0
-6.808434427068006,-8.294319829895864,17.80537141720594,-6.441238661365704,1.0
2.3401474329275738,-11.93955580220451,22.597549294947356,-5.18632301314833,1.0
-5.12963276336454,-10.671598123530218,22.578755349267276,-6.839801073834766,1.0
-9.194891709458004,-16.91948554060072,17.34124420261288,-5.16016471410679,1.0
-6.244426032983718,-11.779896869110285,14.855544243022727,-5.474080188492592,1.0
4.331456862091304,-9.237038562457952,16.5486289833367,-7.245550722317969,1.0
5.000560957439042,-9.567446866912805,12.4821425373472,-4.865193384585041,1.0
1.5232568514735805,-5.619970265864614,1.239648858428505,-6.743557102920827,1.0
-4.677969760502469,-18.45793309620283,2.657398783913391,-4.398244242733574,1.0
-8.691647416170596,-10.216668614853525,12.561500765310143,-3.429424259678268,1.0
-14.39907730815993,-13.850355071246886,12.08873033481838,-4.626464659176484,1.0
-9.527766575312034,-9.599345377343331,4.919791642992678,-7.631284644062253,1.0
-4.479574270020015,-4.777878872141038,7.472739398870249,-6.115322611952356,1.0
-3.226776702341895,-14.300340019080602,11.484078726959556,-5.864218163879074,1.0
-2.3317085967166733,-19.13230192862313,13.300298349839611,-6.377216448712039,1.0
-7.447625924965649,-16.51411248385716,16.916960187641145,-4.370406594786349,1.0
-4.539402180670552,-11.483060303837073,14.557252149911236,-7.228889590712479,1.0
-16.92072880867932,-19.31808604958597,13.998681904641517,-1.4047922418266157,1.0
-8.027347711499585,-17.33553193152866,23.021727107517194,-4.310403310941705,1.0
-8.451161655218835,-11.212123357971741,19.11728437873599,-8.446037668881248,1.0
-12.179518719433414,-19.018071427398986,16.09250437616994,-8.403910898452699,1.0
-3.8327022857197983,-13.912664005096353,11.24680869785032,-6.519736931910223,1.0
-4.898429729486034,-12.665782231054031,5.10731498979989,-5.521874613299199,1.0
0.384075506295086,-7.6614353996370665,15.293007440824523,-5.457005537003825,1.0
-7.539959765193297,-9.081224441877445,17.771195042963754,-6.5582905563626195,1.0
-8.797871117601167,-3.610856085503425,9.903322919218196,-5.619785464534366,1.0
-11.759000264865309,-7.712173670766881,9.028472366921617,-5.470903336907232,1.0
-7.218025438341667,-8.722670350453132,5.875933352015514,-5.384200735470029,1.0
-13.74189209816034,-5.694082387609688,13.042360476382346,-6.055286173616756,1.0
-6.233879820117394,-15.695949902960955,23.14469175465731,-7.210385038471731,1.0
4.005000182144143,-6.138288416953781,16.351008341836874,-4.444405522479882,1.0
-5.419670726779339,-14.904406745976505,13.567204557693376,-5.647625010179172,1.0
-7.614509419435906,-11.167392403658408,16.249097156210865,-7.377892322990179,1.0
-11.027673963456913,-6.943083846335173,17.215901139575042,-4.59385928048391,1.0
-3.254378872122335,-13.530543600064835,15.679777913281079,-5.117604423556891,1.0
-6.377102536022868,-11.768451746301253,16.35359118550872,-6.47314369568536,1.0
-11.70554515293939,-11.854072464874573,11.857870040000883,-7.634127907119611,1.0
-0.543791763373644,-17.796681049136804,5.619165268658912,-8.847415060189224,1.0
-16.826190145031696,-19.774266280098292,1.6200883808905733,-7.508025672737359,1.0
-10.108320122271909,-14.117057889494628,3.5735618718004414,-7.308503983810381,1.0
-8.701066927956676,-6.909050109760717,-0.5792064994349388,-4.045264659303971,1.0
-6.326634086618862,-4.050469067012068,5.126437460521707,-2.426079678792977,1.0
-1.9258964351772867,-8.826326792704917,16.381306700072834,2.49620357466766,1.0
-2.2346860173032375,-9.18216032275786,10.56237006125076,6.56286048764705,1.0
4.651203000946164,-15.25579117813483,8.10841570646281,10.027269494770678,1.0
9.443699375290263,-10.871595641345854,4.3253405992706035,13.391114768972537,1.0
4.111493850789442,-8.623167812526344,18.99017698463722,15.290508262850025,1.0
4.313921493630529,-11.9376819229595,16.90158653366323,16.91063457123881,1.0
8.14383564240067,-13.293243776484982,15.818490105252245,12.37738047446549,1.0
11.695134543721425,-12.825938218309364,13.982077090459148,16.90257473953554,1.0
17.087556513899194,-10.729045372963338,11.476271946150678,14.179454912491938,1.0
3.166663735569868,-11.803909603114722,14.144053298255646,13.058427738296743,1.0
4.212667505034565,-13.373289146214432,12.792455132719013,13.384482483197539,1.0
6.900964235027199,-6.31421340793441,32.5174073559852,13.4688507438669,1.0
5.139660818787062,-11.164999305155128,25.118098990637243,15.078188602421223,1.0
-1.6014628097332846,-8.60266390535234,30.518731478299724,12.672408558071597,1.0
0.9264961585210085,-17.343979996467432,14.866126213377386,14.975348566719513,1.0
-5.0538245432253355,-13.368572069363925,7.485266370353354,11.689393250509388,1.0
-3.995202342850819,-16.441855344615796,4.3351383235953715,9.537112268808805,1.0
-3.6981426217054088,-9.844627632392818,13.439544269597004,12.596110528163576,1.0
4.085628511279361,-11.979788709608842,15.6792828229094,12.461814216203564,1.0
6.940686760179542,-21.22079273633817,24.22021499282646,14.456764989085883,1.0
8.448586051587219,-6.148275086608684,23.02320703973097,14.472645895019701,1.0
1.936194401681484,-7.483147671785382,11.145087550816822,12.830198822856918,1.0
9.237010347167297,-1.3978610261880942,20.8980707181439,14.603842530777603,1.0
12.521605493176116,-2.661406004821459,14.701395655365971,19.29044844348586,1.0
10.130556754065754,-8.080766974021639,8.722283852131627,18.53959158851804,1.0
6.352925172778564,-8.364970711915086,14.79191406777201,17.098785107903648,1.0
4.370867332513814,-8.038018807306376,19.80342002623248,15.02572122712794,1.0
3.1991073694681376,-1.390499539103244,19.39046222327616,11.80181507972568,1.0
6.354386790480693,8.187881003022115,17.875583393336424,10.630047072525352,1.0
0.5522098860522178,0.9376725530152967,14.037506382569049,12.178978629493397,1.0
2.3577443052785814,-1.4372491998506636,24.208313291730562,13.806772865169721,1.0
4.226259079769553,-10.368575532908235,15.290959526764205,11.87472166110837,1.0
4.478932956668672,-11.779650780958018,15.629651922705902,19.252155788544965,1.0
10.58606464084998,-18.75113821645496,21.36443373017886,15.945469768951995,1.0
4.54384786689562,-16.883595029505734,30.37472656395349,14.81517860445619,1.0
12.254010278820036,-19.599934229034936,14.876384880949123,15.19754372186269,1.0
12.725632411170034,-6.831353959970164,14.554100655580605,18.216804891378196,1.0
7.055243745145718,-6.988966056340649,9.102100027261484,18.500645692377574,1.0
0.4086007268505272,-10.175954632533083,8.023811555348686,11.489282461063963,1.0
0.4298395526819849,-13.807964983308018,2.4644854632760307,13.217355057087751,1.0
5.343837679416788,-13.911080338755049,7.594947108476028,14.939453517067012,1.0
1.1393195721988891,-9.66175306220017,17.914280741991917,11.415387999964313,1.0
8.152763378505991,-16.809622068954102,21.348198927345866,11.459690571833875,1.0
13.106778035364343,-4.830852033326465,16.762066581847947,7.427261553807096,1.0
6.511812942683099,-9.755740393076684,8.100101172002807,10.493514022383597,1.0
4.939877006154739,-5.921892468555657,12.184876231986715,15.817604592834261,1.0
9.728944049842989,-6.849095482449971,12.164232302288632,11.060683027080318,1.0
3.716996279583357,-9.855994156877994,17.620797031802713,14.474806294082823,1.0
1.785131123375071,-12.741700842571577,8.674668508579135,15.432444660672946,1.0
-4.046456693611743,-12.002434373596179,12.697278583101884,14.64774057523724,1.0
6.795896551902514,-18.06915089741767,9.506787428349103,13.564397755082899,1.0
8.908037999392386,-8.164537998637183,9.509292630598877,13.512715100566728,1.0
6.1583591678085305,-7.8307666557644415,12.608230500078196,13.022420872712802,1.0
-1.140524468937918,-5.1744780422780465,11.266605910227259,14.028880348946672,1.0
7.733480748226643,-8.295576362680997,14.004051269191425,15.852837157298008,1.0
6.355124081855827,-13.359723470393577,17.564260305387343,16.503572245939935,1.0
8.05782052707757,-16.037164059849147,23.76881337950997,13.8749675453617,1.0
10.971353980543867,-19.12967625759954,21.791489274468425,13.671387072369008,1.0
9.713976794026781,-18.803101103731322,19.722003663735304,13.2578826373299,1.0
11.318889593477415,-10.935162471811617,16.08417150665081,12.713705307209676,1.0
15.657056658336328,-18.504460995751035,7.034890786051614,11.214116347970855,1.0
12.413182135769922,-20.577148549059192,15.841317912744174,10.820434900690298,1.0
8.673399126671754,-16.487008485538617,18.772984665941273,11.531278002316936,1.0
-1.4585324319229391,-2.217457178858533,25.661221556097765,10.5569660044979,1.0
4.570833120004277,-12.576547490786037,19.64271007499743,13.605696399875331,1.0
-0.7235450321865219,-11.46382368458005,24.85160329973759,14.533171720237211,1.0
1.608684463283925,-18.43911919162703,15.180019845953794,14.165225285302702,1.0
2.6512396264859284,-13.879799897036158,11.678205172923764,16.641322170274805,1.0
1.2553665423900755,-9.880912778252466,15.415610918450835,14.63705513027785,1.0
-3.046231536937528,-8.472678570287336,23.172412195178836,17.33558573553677,1.0
-0.2448745422487506,-8.303235560563678,28.16280678719127,16.594197128069865,1.0
-1.1477904546098756,-8.166813948778616,6.789384459103017,11.513918200606913,1.0
-4.076239731244712,-16.060344993562836,7.140615916023715,15.083781736243967,1.0
-0.48618589826047476,-21.444054320965265,16.203569309018413,12.797477502804089,1.0
4.736907217433792,-12.331631524368571,20.671094226129355,13.852637666113955,1.0
4.814234229058301,-12.880987686128497,18.106780627292967,15.433638086380261,1.0
1.2900750801853733,-12.609581539947191,20.56206352488376,12.285724269909442,1.0
2.65973123436248,-5.543800848248006,12.917601071115492,16.186748011483868,1.0
4.770947579808618,-11.501356729518141,13.44265836455412,13.310477844231652,1.0
9.942267908818682,-15.03175177558981,18.614118151867675,14.384328803579278,1.0
10.342347589234873,-15.720432659274229,19.721560366963573,14.771064875311335,1.0
5.398659396308718,-24.449455751786584,23.689630839438053,15.164137085505324,1.0
6.093722526070779,-11.118003962076108,23.806222130053705,14.112611800894738,1.0
-7.406955172311149,-16.787458174844332,17.759133088466157,15.613378740436842,1.0
5.830935941642959,-9.800199879782646,12.438744374742486,15.367758524171064,1.0
-0.09692981276743495,-4.347996901095323,16.04743188956032,16.210785169018205,1.0
1.3644273631975867,-7.797860950982404,1.977640145557464,18.434267479233856,1.0
3.8491799303273044,-11.561714331707115,10.706962476029975,16.047515324601257,1.0
7.847285872164813,-6.612000434374791,7.956810974918332,18.113093174266137,1.0
3.1691826645615055,-12.100137115420505,15.298398753062575,16.93737374834896,1.0
3.3669938282431913,-16.530080963953438,17.37762166681567,12.470270900730776,1.0
2.650729900018211,-15.13945789502808,17.05225244560711,12.239426867161518,1.0
6.198262227504722,-27.26319640026926,22.852505752426296,13.727337227470075,1.0
3.9377274959668314,-19.95966393066494,21.018032143451183,11.029208296453774,1.0
-0.02531332430042088,-17.531950506792747,18.85223013497334,10.115787320651942,1.0
1.250510449366292,-15.623611873042389,15.038281270534117,13.344444372021412,1.0
2.6089482037098968,-19.062649846422346,16.904042939843265,17.338631821910617,1.0
12.70456406400179,-12.837655651642688,8.536548640711759,14.242226935180955,1.0
9.063065518226823,-9.310907514152632,-3.6930144567419543,11.358971096541383,1.0
7.912647042302433,-9.478996908729542,-1.4811043987387347,11.06904083145978,1.0
8.819420870375748,-6.1358835278624095,8.076819122241114,13.044318318013179,1.0
5.25209118640602,-5.799937527083092,14.501701905444774,15.529864728301616,1.0
9.90085111816967,-10.719443244720203,16.670037048448044,15.626393062995138,1.0
11.932332844704046,-11.191847874207888,14.32925943787722,16.123776944950492,1.0
15.079980135447883,-12.624833059306512,13.281611141213094,16.320094307607288,1.0
8.383669105241445,-16.27719970529072,12.557066717843886,16.860492090168535,1.0
7.567449459367108,-17.545046485097764,23.585069072870713,12.273331714493892,1.0
0.2755555511220429,-11.960560171873123,16.5417751785331,15.556472114294941,1.0
1.393302533005655,-16.24237295635154,13.628194050368158,17.429369577039736,1.0
4.8982701504600055,-15.448109380026889,18.924641039533665,18.42536549564958,1.0
-1.1225813347967657,-16.04474338113807,17.459934345332414,17.35754887632448,1.0
1.0501210297845323,-20.226182361326142,17.172916762412367,16.421695276907446,1.0
3.2865301049418756,-19.91015457159553,18.286408126861765,20.62872217946189,1.0
7.117687911962612,-26.630094919081106,15.92949020342401,14.541561195160757,1.0
1.81923268519847,-17.66771207364691,19.68530483559903,16.346577356657257,1.0
4.4100189199943145,-23.876561156572357,23.794160725093235,12.83814721288346,1.0
6.6502279329955645,-20.640130468508637,18.812880637341955,16.107156775380233,1.0
3.2289125827734053,-12.687195846771354,16.000775234939333,15.363812579803279,1.0
-3.2502127041251945,-20.42322979005221,23.311029555282417,16.13817627289774,1.0
0.7091850092010317,-18.804081461412967,29.737341905711492,2.5833103399356014,1.0
4.885834552841546,-8.790881128939738,21.12308941500307,-4.751070771504969,1.0
2.837104274324446,-13.210410727340577,16.671305342967248,-4.267563809837723,1.0
0.7537065383975774,-18.739549352878903,15.67797967682063,-3.7940215504012427,1.0
6.5285671827998355,-12.613908395598306,20.608635447648773,-4.928859801199248,1.0
4.888283425361252,-13.957439984361146,14.881341984457563,-5.834056740842891,1.0
12.370783348560426,-14.532099671808984,15.259158737477266,-7.79405424144983,1.0
8.649556444427859,-10.588393200499233,16.343762377396757,-6.114740477277134,1.0
11.036349561787937,-17.429062452467424,16.32483080872808,-6.325952591018266,1.0
11.71899841042049,-13.118121626183278,16.065630773433778,-4.474154396997047,1.0
11.86458835390307,-9.639740877572653,22.88054519144491,-5.636144621639478,1.0
5.369052816231644,-15.12790354433467,14.221641053075416,-7.345175502160961,1.0
14.504753267812152,-18.25572141089782,17.935011193693118,-10.093371571493266,1.0
9.291555074292994,-17.162280143301185,-0.056121160422834215,-10.370591279302051,1.0
8.295662858291498,-26.395269134465643,1.2630478169906247,-9.30734756507006,1.0
7.67033421856949,-16.57763681261636,8.775107355440287,-3.2235296039689896,1.0
3.644102753200105,-11.254295278440441,20.366372564829913,-5.548029011921953,1.0
-0.3691429109089217,-8.661993922361525,14.32100851382167,-4.678974213533751,1.0
4.761636662674387,-6.340358273844035,16.10952631344807,-4.5396593789892705,1.0
12.536871074464951,-8.998886924925378,21.2442081205981,-3.796949444269325,1.0
10.063994070888189,-6.2316286757494765,15.157352558562083,-5.441905578612018,1.0
9.48391648360899,-7.141422812980012,11.507317758110666,-7.309413858795277,1.0
5.470661218475373,-3.440765590777918,10.05844379974111,-3.2925349318260073,1.0
12.75444208489172,-7.051563891190056,24.051265486068992,-5.2052665524415005,1.0
15.370818627607893,-13.3927091794667,20.950821333061473,-5.261386845853354,1.0
2.6279014495837867,-25.184022679496252,20.53300832137681,-3.9639122579042194,1.0
1.0488873642560463,-14.6714906873382,28.517241669776467,-4.33276911761492,1.0
6.149042973374912,-19.574624224385325,13.121692350786287,-6.584142429429472,1.0
5.062351898294693,-22.51743489974428,11.299985476531571,-5.825042033672628,1.0
-1.5085543482340977,-13.206610841907688,19.242425215152437,-10.565729957024454,1.0
3.059649443218234,-15.134375790966173,15.055351617195079,-9.201333337891423,1.0
14.190600057959749,-6.356294105267198,17.569181025085413,-15.72571542108824,1.0
22.54981827745533,-2.508568048977132,19.78546685386834,-12.052775868455573,1.0
11.731447084617779,-12.81093122744552,20.57329280775921,-6.980128826419237,1.0
12.472516661682606,-6.272555419019569,18.92685720245913,-8.672486712893615,1.0
16.900940546150018,-16.13227163146745,22.403061286511754,-8.983904344087586,1.0
18.227484617192065,-13.64980196124322,14.13578747220813,-9.669727726271304,1.0
23.880799033431146,-13.818562689040876,5.192772794380236,-10.975716064534195,1.0
18.63672722614075,-13.52616210136529,10.299711856119862,-3.2027492844837058,1.0
14.00186499706744,-5.308184015283679,10.570423867362571,-2.657649999012637,1.0
1.1801566941705897,-13.01827744552035,20.45479037985677,-6.439733323604452,1.0
3.1442645676772427,-18.134644022428457,15.020701563257925,-9.87348355020675,1.0
9.872502570633722,-15.042052214087967,20.92703049310864,-8.90325341973511,1.0
18.313876973687275,-11.731540224259115,15.309060526205496,-11.688712133967227,1.0
9.162133136351315,-18.34206458147976,8.626214322893604,-7.688966348550258,1.0
4.27385711998393,-10.500800429850182,16.62039573863752,-6.612789144019957,1.0
5.589064170498169,-7.467007782956859,11.997390184686937,-13.810518146863501,1.0
5.752120217475734,-9.131368938119886,15.107150713376791,-9.543423057092616,1.0
6.152526079404877,-7.858495776546315,7.545329416777865,-8.27325578812678,1.0
-1.5903281305490555,-15.622561103810868,9.937473983254234,-9.410833405674857,1.0
-3.5583664341794385,-20.539423836109567,14.600277470884832,-9.964543587105005,1.0
-0.19668766384771708,-16.797910000801814,11.221892838297805,-9.484823704367145,1.0
-3.1510858272672593,-9.242165064306977,5.016780881355354,-9.935409704744691,1.0
4.489029803910055,-3.754856295599616,1.5640213970515475,-8.109557196314707,1.0
9.371070183771456,-5.592193392965086,3.2726241018202327,-7.842138449076812,1.0
14.477210781659323,-8.476344353189436,18.156688932227862,-8.76351420461505,1.0
11.142491728511828,-11.814002141331617,19.546396095818938,-11.476617345292775,1.0
13.60856155981398,-11.49300044939343,16.21121792896047,-3.9976340375448105,1.0
11.959874859837406,-6.88988796366149,21.720990050273205,-6.675540541602621,1.0
5.211224476156472,-13.863056081596087,16.170065983774045,-3.104747373840442,1.0
5.397022454357369,-2.4822029491996007,15.546978796245106,-4.698341972594451,1.0
8.887232923680976,-7.068972021906452,11.07004446447045,-8.310889833998113,1.0
6.42866107068984,-9.99189868980034,13.692222818259955,-9.380314251621428,1.0
10.600767753249308,-6.9214257803767705,11.223399234185022,-9.69506554369778,1.0
12.19582498293893,-8.755999348926354,12.83941169851926,-8.751320278137165,1.0
11.359663634291266,-7.464942837128494,9.466580760008162,-10.78908499511875,1.0
11.821209841980085,-12.572829508274657,14.468450991894922,-9.827255379519267,1.0
12.000800799289852,-14.16072105991611,10.34876673750657,-6.427801290057441,1.0
11.759961622058164,-14.296432789643617,12.781192317376675,-5.837605701196152,1.0
5.709645641114172,-10.1337052941344,14.96767087617399,-5.128611298319702,1.0
2.663952784642955,-14.526379226630109,15.08066861102798,-5.231944724535508,1.0
6.063154640624125,-12.283512804517287,2.822802577086293,-3.9193234454038777,1.0
4.883788818131646,-19.27753385385963,18.78378501929222,-8.397860461046612,1.0
3.5889925842507004,-10.621344243736123,19.43204422391708,-11.418779414449398,1.0
9.995327861155598,-9.86278227608223,21.686473445890826,-15.592339329506192,1.0
6.886886772483815,-13.430105612900608,16.283697346616506,-15.342494508481124,1.0
1.9711011942652203,-8.06166287896033,22.663699304290297,-12.503252892342509,1.0
7.016692971229728,-6.322786718938392,14.943173872239333,-10.024577866580877,1.0
4.387745581545006,-12.274832627197815,15.990051442312682,-11.588736284866496,1.0
11.98469013097072,-12.294208262605757,19.367132139435768,-10.242955690585895,1.0
9.855837210592336,-13.825306894682628,17.919586377357135,-5.91534209196284,1.0
8.430380796426057,-15.848249372022853,12.458352225182272,-4.8929110859543785,1.0
10.117327518078337,-24.61173462166625,6.3274831734367725,-6.595986172382855,1.0
2.9490181572453973,-17.836573605872687,24.775370413700294,-9.272827945852018,1.0
2.8160484982639558,-9.0234443734432,13.238766042015929,-11.166070483721477,1.0
5.901051954642223,-8.426248294700939,11.292012240757014,-10.914230253333743,1.0
3.766866556459185,-14.857084268510384,12.995169165610399,-8.927025700944444,1.0
8.33747045296657,-0.5049203558383866,3.2827024993599565,-6.6616828719519265,1.0
7.420188197774849,-18.529969766078988,13.209480632047704,-4.799805395411857,1.0
4.518240060164111,-24.18713575292137,29.334248180895568,-4.471157960366833,1.0
8.534432585144259,-20.970540098688204,16.38280687973772,-8.365308026331954,1.0
4.870876889613141,-14.06548209073426,23.111398532748304,-6.256502409563515,1.0
10.782249028585625,-6.723751870394307,12.363594525663089,-5.1740941888563,1.0
12.380662940863271,-6.313372301608932,19.313642300514328,-6.613447340076217,1.0
6.999735964691614,-11.279939530203109,13.933558609262887,-6.724852943884011,1.0
7.5272591828749595,-12.434539084578127,15.692343002202719,-2.0337379151956476,1.0
5.10459440186022,-9.294597430419152,15.771584872002698,-6.735028362967718,1.0
9.029824343445672,-12.62315485431618,18.814600960864013,-4.383448041584666,1.0
12.744084862493079,-9.365226403443454,13.993926350124191,-4.970274060836265,1.0
9.413341442355499,-14.320804241755058,7.836374646676177,-5.79989479143415,1.0
4.14295529714982,1.0801521973129997,10.902339571521226,-7.391508011995811,1.0
7.765412717543155,-15.84422389191198,13.350283941274087,-9.210615033798353,1.0
7.777802744405744,-19.420930649377844,14.828116550626623,-8.095790459625116,1.0
10.391324710104625,-17.1573738843771,15.970225471728714,-4.07118238884459,1.0
15.887447058476384,-18.08247623024906,26.408228015476645,-4.669320039407978,1.0
13.942911105416481,-11.587248868484634,27.397541888879772,-1.9710812683256451,1.0
9.760612763431853,-18.550222062976648,19.40333660265656,-3.4757452177199966,1.0
11.734808208129516,-20.046453326438115,20.190642254712902,-1.6386760757554875,1.0
7.409300156933505,-18.86185926750946,15.832565026033187,-4.194666362010907,1.0
10.76896226535526,-15.77291446837575,20.674656488803304,-4.939353929569675,1.0
5.542886940697668,-22.189700963885382,16.85603094870107,-5.979644519799767,1.0
10.43537633418036,-10.735167441173566,20.79448462764483,-7.594381841572138,1.0
7.322034205262994,-11.562418492364511,8.741223376469168,-3.245554391014808,1.0
10.605424415324297,-19.022517791520194,16.425811122901052,-8.832945539651393,1.0
15.385114908372048,-13.89328182133912,19.827815568780352,-7.823414295070527,1.0
7.7169979270079825,-9.35086408535359,15.46890190905945,-4.848272438530199,1.0
7.98879405938545,-8.19673982742453,14.813447502544665,-8.204847501556312,1.0
1.092056798976464,-17.053386728724863,9.67471251719165,-10.61153380344052,1.0
8.729330159915683,-19.051742122412445,18.84769535421981,-11.978156268358472,1.0
17.800879594594594,8.306734440029912,12.490805965312877,17.84940491041764,0.0
17.051673083355592,10.673274195451246,9.232905914158074,17.982551145976917,0.0
14.3276496818252,6.699068474657223,17.80962114060463,17.36450363316701,0.0
17.502273805307055,5.6275875754417175,13.539614097766641,17.263025460025467,0.0
17.459447323814256,7.778303027531294,10.782034753367123,17.387372739462823,0.0
18.32752682749638,3.168960991022833,14.343150887073682,15.647121898878174,0.0
17.927947379145103,6.732607790592731,14.394867020316726,14.729030759918416,0.0
14.246742040433402,6.177670874462038,6.771346952172137,16.188346516197548,0.0
13.93097334711275,4.942573284828654,7.104461572648863,17.552842917744808,0.0
18.035187203051063,4.842472217970035,3.7515088285109286,20.910083096994544,0.0
19.48393299677385,6.269326842742697,0.07748946110964994,16.13657605875447,0.0
19.034081069775954,9.282940511688182,6.845805205676681,16.533845732516873,0.0
20.704427257970774,8.699255886305988,3.7828457355942158,13.571296099292415,0.0
17.586585507273604,10.100710481791555,2.9791611445665502,19.817333146880696,0.0
22.063702620899864,9.866618027349265,4.436395798038516,18.354125639959776,0.0
23.215006794875677,7.702054963067116,6.0777845107907496,20.245642184920477,0.0
17.426393588166846,3.1058737533706133,9.841133530614055,17.67795486858769,0.0
19.082364913830567,4.874679625736364,11.795409910684869,20.323617851891456,0.0
20.24764720243011,5.07377709891865,14.371483037736988,19.412302414953924,0.0
17.83795261060865,5.438256317749103,5.737026903892451,18.7407709321176,0.0
15.003993437175659,9.011364331625671,4.464954556470756,17.03087668046017,0.0
15.247281629092539,11.246715999884136,8.653064999980916,17.81292002731776,0.0
15.489164176264136,6.0807384633083466,10.317507369642552,14.951877258079623,0.0
13.704142553912627,3.503339548000176,6.59142373391208,18.088785776987827,0.0
13.371680315977443,5.8748210289307305,4.988078083992981,15.553640250732787,0.0
15.224507228410497,5.774504458091284,3.8020310760182934,15.882673348485259,0.0
18.55857921518706,2.800906618019175,6.094283042687179,19.54756370963974,0.0
17.188364136434174,5.368457839909986,7.136769647389816,16.10974844712602,0.0
19.127496500764142,11.05221489858637,5.496558024751707,15.213695132115173,0.0
15.617658658316492,7.740594876240542,5.270468821810273,14.014644387345896,0.0
15.052352446095924,5.710141331541532,6.702302805586439,15.571457428122592,0.0
20.091629868941915,1.8897589261372847,2.743185155406586,16.95072285382263,0.0
17.812949244215893,2.9528181288238677,3.3274396646787636,20.894542751726252,0.0
20.00610726763298,4.277381137613929,9.211719989424203,19.320462330921874,0.0
17.92967518343518,5.688622952086958,5.103881345430626,21.083679619534465,0.0
16.01764840081822,3.854881617670694,1.063031094384617,22.644734535791315,0.0
18.675427482191623,5.819338334224422,7.732223835887851,19.178074964684342,0.0
17.978988941786074,2.662452200615057,11.698357485691831,17.587656554295716,0.0
15.74979862398392,8.87787298590517,11.053562844023663,19.431168133779664,0.0
11.678374412833538,5.397150450103086,9.633227059490885,14.852107759999592,0.0
10.769014525800669,5.8879697751944216,3.3743913756735164,15.372211850909958,0.0
13.848802478137248,7.603613250119983,2.406349024976178,17.202287791612196,0.0
16.134366900365762,3.942947627565187,-0.5355607154232729,20.360173155379957,0.0
4.536288997971669,2.2590210910341995,7.239829071453363,10.050984998492021,0.0
-0.8048208956355127,2.3213436017037523,5.683929127113534,0.820569670246651,0.0
-2.4928219028658964,4.998432082456231,3.997230315220569,-5.358457844935731,0.0
-2.849642945388096,4.3285108162204375,4.179165175581225,-6.594618480103258,0.0
-7.104326950647035,6.886312942211024,11.602649439673904,-10.000447281396982,0.0
-4.6801680189055395,4.610135542968515,9.796237046517748,-8.55795536136643,0.0
-1.3460866585817044,2.012915558955645,11.842349024590575,-12.219749888087291,0.0
-3.302938957736649,6.077332513815752,15.708709824708695,-12.362313930902076,0.0
-5.257398962710749,4.634837502697179,11.898521838766488,-9.645290452166485,0.0
-3.352537529401297,6.9958123224866045,9.432739479481963,-10.786054725555267,0.0
-5.96563230626096,5.3031411285572965,6.5211780864446585,-12.132861009219695,0.0
-2.118106461664582,6.260037993147343,6.389304974777305,-10.296711627831765,0.0
-1.010930710871186,4.375447933705647,8.254996416794125,-10.346378827500454,0.0
-1.355582606894193,3.3208005971999333,9.746732229361605,-12.474985089230026,0.0
-7.44276718681678,3.61239661326114,9.836031298882066,-9.780412822793286,0.0
-6.243639589004078,2.089455476188587,4.827296655202988,-7.607229138762722,0.0
-4.965536021076659,7.576022566611207,12.629275975463104,-11.034572983704328,0.0
-7.095871108389505,9.16620766521,9.63024560993498,-6.558789649336612,0.0
-4.503687813237909,11.872356571116896,8.939850708307219,-5.814148065583414,0.0
-2.6305195500360363,10.78015813631765,11.233978529332441,-7.903634512096546,0.0
-0.17017122843558274,9.371123262645327,11.890231116530119,-7.247105059180324,0.0
-2.019958963980038,9.033963623768502,18.70530276112261,-9.28208722498373,0.0
-4.423056734819562,10.042201604701708,16.445420311865373,-9.493194840553164,0.0
-5.227224607511935,4.958514970915321,16.882563602427027,-13.84153455450862,0.0
-7.913028419825684,0.8847712644233638,17.676802073532485,-10.646648676150022,0.0
-6.181198148902595,-1.4251326597969127,17.502180890176266,-9.664795306073028,0.0
-1.8204688748784692,2.767306448441106,22.384058468031668,-12.36113520159255,0.0
-6.6843200489537375,2.2286016012099354,15.592260144427478,-10.476933498300044,0.0
-1.8653828689856033,6.284417848557699,11.06512558140927,-13.900369732459247,0.0
-2.703253241094116,2.703458447830136,6.779756979042027,-9.831812929691674,0.0
-3.5047962804287303,2.163226025151202,11.455524499540573,-9.925108218046134,0.0
-4.228173739569306,4.649536481826267,12.022573372626127,-8.086165933694183,0.0
-5.838468940946738,5.082249504747942,11.193518795025165,-5.3257892611790405,0.0
1.423024838933702,3.6199909187259385,7.893570505407129,-9.478263281362187,0.0
-7.091939807799301,3.8862414369464555,14.529645756126818,-11.187279168983775,0.0
-4.598265099297717,9.409626990875475,10.818949573818019,-11.264691421309003,0.0
-5.729707153641453,11.223034147520753,-1.2772507699982798,-12.137512447989431,0.0
-2.7828745246403517,9.404207291955768,2.037872670792849,-11.44974520357783,0.0
-3.920066562536707,3.5935385364188743,2.7832272810444483,-9.986392265583493,0.0
-3.2206578922631834,1.4977086361175846,9.592518718014274,-6.7317971040379,0.0
-2.454385874960183,6.467519438177319,7.285360253769666,-10.39346477536429,0.0
2.432673779205508,8.003264532978868,8.833251495317484,-14.344809500081205,0.0
-1.7878086628335244,4.917811658610931,7.409528048544396,-11.47884239130691,0.0
-7.022524819933084,6.312772715125116,15.148000264275154,-16.40183994839431,0.0
-11.401246367480045,6.897230675397067,12.851232495190194,-20.60738435156337,0.0
-8.173335025793362,8.496691405822363,15.17116685394597,-14.433059162554002,0.0
-13.173498854113783,13.11295681500227,8.682879571152277,-22.91559345365755,0.0
-12.082881526251516,9.730138706012228,8.632013658648129,-19.022169785569517,0.0
-12.763177031731416,11.962215801840918,2.969993187542019,-17.456414473233558,0.0
-14.752475123542444,11.597559042246237,9.533992267747932,-11.979514732445862,0.0
-14.2090746229359,8.390040041153465,7.403607111193165,-16.20832012485931,0.0
-14.872547438117989,6.199615775620755,13.714959858633406,-15.196012367510404,0.0
-17.569391577869546,8.111899410298403,14.9590744931411,-12.735203262638091,0.0
-12.290096191791307,7.593718948548142,3.539190908727689,-14.231064344313621,0.0
-14.060144863605515,11.080810029386814,11.504398858159655,-17.5921220516975,0.0
-13.851209906578907,9.504479886455755,10.130630093113549,-16.25338738196999,0.0
-12.168704432813206,12.231832650882728,6.106161955969882,-17.640161406682818,0.0
-11.516320385602722,8.654807795396561,9.927804345228083,-17.45528304341529,0.0
-9.601895145912028,5.880661556180873,11.599830726147799,-20.102188155427715,0.0
-12.581053681377782,3.838566837454865,14.070848468230173,-19.029268415843056,0.0
-13.079021674077246,6.075813932049709,16.1861776442741,-22.118229617207295,0.0
-14.78632268066902,9.153490930544447,10.692856936370484,-19.92589347293829,0.0
-15.649392289507453,8.487959484304575,14.065320876746357,-20.692398926076187,0.0
-17.044287329306073,5.741143199581574,5.350327011636453,-21.09424053898622,0.0
-15.350133043273333,4.934751018037133,9.324938515228245,-20.925531894288934,0.0
-12.584604878496757,7.748609495204985,8.231681650390586,-16.275379154736022,0.0
-12.249073921770051,5.893485615646238,8.355094673111278,-17.993924550571116,0.0
-9.194357150915785,7.471909831360375,7.0189682644959515,-15.947994822376197,0.0
-8.248757814829002,5.198831938797188,11.852518478426049,-16.137375502002207,0.0
-10.486910951294533,8.913409814695012,11.811720574847774,-14.550307221219658,0.0
-11.543077711115606,6.448548756471814,11.18761640412523,-19.3042448199703,0.0
-9.830741958058665,3.8691851485294584,9.09376062513009,-20.745673285885434,0.0
-8.07914875207608,6.258538868740072,14.444679173388085,-14.414616080334842,0.0
-7.599085891911422,9.885061617507708,13.607523014082819,-22.483354798154274,0.0
-10.62825870138731,7.580608118819696,11.235686436893374,-19.626869403027396,0.0
-9.186148848192008,1.0743099619539578,4.553855878182063,-22.658088389243048,0.0
-14.888500448037679,1.4315851251195673,10.972635430550765,-20.113822403162573,0.0
-17.52284118756017,7.219122768652619,18.408460230232727,-17.063620084348262,0.0
-13.60713437756461,8.255173506127234,16.5821203883356,-14.181722739808135,0.0
-14.294894958259308,7.381453238742011,15.835129931302525,-12.109994505459849,0.0
-9.982684067555796,5.076871222701133,10.80867992933827,-13.074277495138581,0.0
-11.045988844126082,5.245635333032313,8.021953726522547,-11.8308469625188,0.0
-10.399549551965869,4.0234592303275525,10.581418682390897,-15.173929571927452,0.0
-11.664729002112482,8.205252963030484,16.721256761813713,-16.873870121540726,0.0
-12.070235968595162,11.159443552632048,14.806889719860475,-18.04509646369587,0.0
-13.23062426966045,9.589002275058139,19.82847048266483,-14.738363270862918,0.0
-4.226394746554989,6.129420200128819,8.415523381928537,-15.085789909095576,0.0
2.3536817622026245,5.178889458786021,11.44244309890793,-14.035199752323376,0.0
3.282822040326362,7.9632080693858365,14.71217755070432,-15.582137122777077,0.0
8.387633963725563,6.5309296547031,14.183986680712412,-16.37693858947472,0.0
9.637175647375638,5.486893621151899,8.64923673413363,-16.20183234397477,0.0
8.0028769307533,5.8313628454801805,14.318703945198116,-15.585742557446993,0.0
5.437006965329481,5.425069196773247,15.383299773183237,-12.265495290180457,0.0
10.600835325179641,3.518276356990243,10.67237067155792,-14.72983825650524,0.0
7.609248796796793,6.952658071234883,5.668251222244269,-19.40056901715424,0.0
7.723587834148522,9.078960808705311,11.254173636606438,-17.79779502129337,0.0
7.550939822218996,9.398020045047023,11.164288453597106,-20.50629829172101,0.0
7.090470327967819,7.8446814352406,9.430525432412736,-16.01919776825074,0.0
7.806076008779467,6.7740688094844925,6.2414357085868994,-16.012362105838648,0.0
9.343597751616958,11.838606546078266,9.78609479842196,-12.764026193575386,0.0
12.660011833680453,12.205455905937043,6.8588740665201815,-15.698398776604643,0.0
10.349775057817567,11.862526151197482,15.533062798285517,-15.571136009541583,0.0
11.283587963593156,9.748788399371712,9.779232113246735,-13.028561419091236,0.0
11.000418392924486,6.3571517172152054,10.937208606358947,-12.835574875274272,0.0
8.074981935528442,2.0170991653467447,10.058089708035896,-12.30953849223766,0.0
8.102809880829954,7.448635389897913,17.95544932597655,-11.976265397583303,0.0
10.50969807319417,5.716207668520012,13.032661548897703,-15.121722901993701,0.0
10.81621955403812,9.05364490870585,7.587054643108221,-13.257133908668436,0.0
12.6646247671237,9.359286273315197,2.407146706301214,-13.572315259757932,0.0
9.155323717799659,11.700583860672987,9.870596959359412,-13.242319619773202,0.0
9.487520060810354,8.719971443411861,9.726644961221172,-18.100176594915933,0.0
11.85139989915721,6.452977319541465,6.808404961168566,-16.768885372530885,0.0
12.175881617862288,6.061403163932683,10.837087062398613,-19.98996527253387,0.0
12.865897713353517,5.558443652896974,10.723612465178164,-15.906837580852148,0.0
8.958016422613815,8.070902470440753,15.57156602274738,-11.514321937057094,0.0
9.886653340815807,8.222533126850335,9.085585072653902,-13.539862703655825,0.0
5.72786775331112,5.6919406786261675,8.514822770395291,-15.318105076348049,0.0
8.87986134709653,4.284916751636198,9.828285502990994,-16.885104509327956,0.0
7.693623690712911,5.425145128155672,18.9286022823118,-14.085680593510446,0.0
10.270804225211327,7.580972444526124,14.615798031163015,-17.41316782493202,0.0
7.624899599223528,7.2695105931877615,15.908593424096326,-14.072689774279528,0.0
5.6226188205803975,7.324889388901356,15.110403184209561,-15.884254538651627,0.0
7.575764297171851,7.999437078684354,14.30039878064919,-14.06542063853267,0.0
8.912949860354946,7.406473450600718,7.368322250926706,-16.080427978105824,0.0
9.056275073225693,7.253172501657675,3.699682628866528,-17.040800094922872,0.0
6.378617031775927,6.68319813675685,10.440569781672068,-15.187547553792351,0.0
11.632768945811206,8.50649721886826,6.174209679897162,-13.422593517719415,0.0
9.680241212082432,8.129664356004614,12.126619697436096,-15.130593970445892,0.0
9.342056797114553,9.674400172426948,11.27653563695861,-9.383899400559155,0.0
-0.800748473773617,9.632916107741533,14.3983087372242,-11.591271522209393,0.0
-11.051541407837417,15.485916348281158,16.17082046127465,-12.332929329470666,0.0
-11.578488233156063,8.969290453264595,14.262810364765533,-15.914110006215285,0.0
-15.001668928049874,9.058652834882576,17.539192343575216,-11.14091501013268,0.0
-16.94696585268001,9.962119427705538,15.00775158868565,-10.445355829158796,0.0
-18.00259932572876,8.602113549056336,9.308280010591304,-13.013880509460098,0.0
-13.026695717709513,5.843009995359019,6.235993999810626,-18.7306580222858,0.0
-14.029725910941748,8.188121350192569,13.66373283468913,-20.082445813114887,0.0
-9.716557150256376,10.547121359422027,9.133545809405632,-19.84774149710977,0.0
-9.084560070722778,10.995459109184996,9.959047512863739,-15.063019418199254,0.0
-7.330361876333422,12.613762555855935,5.219242114609667,-13.286755091985144,0.0
-9.93339130463909,10.514941186350125,2.656978117640273,-16.03463212774843,0.0
-15.621913641435036,11.089680386009206,4.138867971874037,-14.14076324957687,0.0
-14.709406291286827,12.028450000699326,9.243590210635844,-17.25380379691075,0.0
-14.97910043848099,10.756778142184892,5.698486253484408,-14.256634312618946,0.0
-11.521286514729832,6.030226697801792,9.993565113594673,-12.646547291676516,0.0
-12.237964252900435,6.675403257191187,5.1927104514916,-9.39407709170152,0.0
-7.922855509836802,4.409112301942352,11.99566624152851,-12.272857846214698,0.0
-10.830477618753534,6.423779516771198,14.729728756630525,-9.629470808859546,0.0
-8.256974054537325,4.996014416103247,8.383921938646584,-12.033708702596089,0.0
-7.872043217180971,7.398093454376934,19.594182385919122,-9.774407088274845,0.0
-10.167496534745279,6.306503182271282,8.110219995213509,-12.305222850535161,0.0
-18.50043211462348,6.967091190904399,8.350877881837121,-13.087038505352448,0.0
-10.379580736333995,6.60540794332377,2.2678233810012802,-11.707619050926818,0.0
-11.786046908491917,11.500234788475412,2.4607704747447467,-12.504416959776735,0.0
-12.9926738038774,8.090467631250336,5.33584532372921,-14.67361871555144,0.0
-10.566889613558516,4.738375424093035,7.4886271497745724,-15.55788516802224,0.0
-17.411563453481012,5.038665282123653,4.548966290914372,-13.207408038084179,0.0
-17.867686551005246,6.238746726853648,11.911496462328373,-13.443156115354709,0.0
-16.888628270126766,6.5602614766870895,11.525176330673903,-18.062851569513402,0.0
-12.834160974054207,4.004182299383658,19.347844824549686,-16.648341889718267,0.0
-14.683954744665552,3.5591993641103277,18.231218442351597,-12.059126613924525,0.0
-13.208129859438102,5.037209361194062,15.656260934812593,-14.62718800815012,0.0
-11.697108058232445,6.31503387425851,13.696324804893468,-13.280231191251707,0.0
-12.393828694137138,6.364658394933104,8.454857546363055,-16.609940276299355,0.0
-15.677402652210077,7.594674587731248,12.434247698329731,-15.071475472136978,0.0
-11.50029208370838,8.62901072093711,5.732240682790984,-18.595544295947104,0.0
-11.861949516703685,10.07823980572678,15.749513559761743,-14.777709873669272,0.0
-11.483316821293451,11.339450556906582,11.836147435563861,-13.819325322067469,0.0
-13.567388428734997,3.1767000985127742,8.00678062575588,-15.183120134849641,0.0
-14.192583529651731,4.377939053338764,13.309767710804708,-15.681535110731637,0.0
-8.679151028045501,6.776594540002558,11.417354901399616,-15.829041678158768,0.0
-8.812620117381739,6.094648326420039,17.35256658538083,-14.820431487843187,0.0
-11.106181937360441,4.701707659794179,16.815405103062727,0.262291664399684,0.0
-7.013101120232426,6.584135598612578,16.68703505683621,6.836321023392452,0.0
-12.266397706999355,6.363981915894952,9.704907154541589,13.183661103136254,0.0
-15.67369247595134,4.946395633919372,15.901701769965886,18.942844807111317,0.0
-14.879997571038393,5.323257936254212,19.350832915471415,19.236144803688436,0.0
-15.111533394900743,7.75253412976563,19.538013429895507,15.17061409462657,0.0
-15.272399983929445,9.165805219473379,11.547648866645233,13.634635515707021,0.0
-13.173548225059546,11.768450211084005,7.092845031892247,16.415374151912417,0.0
-13.586133775591996,11.65006761733562,11.839061782338893,19.867961929065007,0.0
-13.080042436405488,6.373280290588681,15.235198533166892,17.660251798657658,0.0
-11.614649120931942,6.941637758177583,22.38946138313263,12.367220877478477,0.0
-19.295613608166043,4.7359526043599445,11.567402107802348,15.823170331532292,0.0
-15.742207732473767,4.60690881310248,18.190031438815346,16.456256635192705,0.0
-15.235968095809804,6.145991470972515,10.650851042703138,15.15769059417666,0.0
-13.038631018172703,8.748782564984717,9.259477048628913,17.11963851429522,0.0
-14.878074337822916,8.469541143993926,11.593289897424228,19.812466762987846,0.0
-16.662732769877895,5.959683397541401,8.710449418599424,20.292016408601576,0.0
-13.739100900778313,8.000247569877022,13.790144476114808,18.940823833959126,0.0
-12.915184100452908,7.853996137721777,18.236472384062452,18.823010165884504,0.0
-13.757154348679435,4.448781051222584,2.4863047179965605,13.31951281419784,0.0
-9.408364672025632,4.393794800626923,14.923147123867448,15.718505233089363,0.0
-11.63329618607955,6.748363111081635,6.777978197408544,15.55403019574532,0.0
-13.415022470370669,7.392000665537582,7.795443801255333,15.285940951058162,0.0
-14.551953309976547,8.128713578416873,4.519566348338335,13.4837882671731,0.0
-15.134182689949837,8.156783209290085,14.251125283046914,12.039882082062752,0.0
-9.248914313771035,8.525643692290007,12.127032147995088,13.79254975202453,0.0
-13.61772870253877,7.860777410172326,17.840046051528876,10.349573103819235,0.0
-9.386389955193074,6.724049127507499,10.741521985361587,11.481825507215941,0.0
-11.483850004832167,5.575867835614055,16.495792498722313,13.849354935033372,0.0
-11.952847464386123,3.5285984169734204,10.184783577781628,16.254966468821348,0.0
-15.955321968023856,4.4667621953401895,13.280896875791527,15.94900002824478,0.0
-17.45991021216414,11.002107498054777,11.741155123998675,16.61302423907913,0.0
-17.445414476877016,12.60456213691579,18.80118657285286,14.880259456547542,0.0
-15.420027458635088,11.091057025481406,9.534224194410669,13.517319230399217,0.0
-19.488391182260376,9.536061849890753,10.31864050260459,13.315311541143863,0.0
-15.789836601411736,10.928662535902733,11.682294858773659,14.294067728179796,0.0
-14.544999686729623,8.262664681027921,14.594167996443806,15.171500156286013,0.0
-14.413298664222161,8.563040776663291,10.781720388873193,11.679238435540356,0.0
-12.45718355725186,7.929375486473446,15.527997289912616,10.856550705346043,0.0
-11.585961793373155,6.969264699845303,9.689204483611562,13.058822083723832,0.0
-17.559681762457842,7.3209948416686,3.159873907605643,17.807627427194607,0.0
-18.196759790471162,3.2557992542564094,2.8632909952014467,15.810999584735006,0.0
-15.14204599900945,5.772479695469065,2.97096479983084,13.334236138382927,0.0
-1.5241794509039062,5.4875882228248924,8.841878020377491,12.078767264969105,0.0
5.512716864178474,3.6267323005430323,6.133090700157151,15.454449175115926,0.0
4.289321905037392,4.8306668576614875,6.90695726709648,7.529730806330767,0.0
5.081124262989161,5.821236310426052,0.3636377519617131,10.771691413431178,0.0
3.544221588203685,8.4190410205572,3.099498541011447,9.643279122566307,0.0
3.240347564883126,5.020865200244789,10.358034515362855,13.230041493615374,0.0
5.956680878973258,6.268229883434909,6.7033378805474655,11.738358136476306,0.0
6.162820752664115,3.7574902065174545,16.036897908510525,12.656580994652689,0.0
6.721941175260928,5.0609768536217805,20.85943985318322,13.631450054651689,0.0
4.801321099789533,6.6168676468672825,12.318564825025572,17.140436469495455,0.0
7.650603102828159,7.399779224936963,7.607777482391998,13.813220546895417,0.0
9.60800310666386,14.311985162316729,3.550815230706532,11.342999173763655,0.0
9.473500604902084,9.449913580695123,7.666501354404294,12.39154213589842,0.0
11.631867491135909,12.919307467866503,13.633383001711666,10.953563561032261,0.0
7.934658229903546,12.517838823179986,8.660521963456777,8.411038122781614,0.0
4.517390971049284,11.021292562831306,0.8154325674528575,9.86439800537963,0.0
7.772880023509322,9.079944440018862,6.063702704051673,12.227127235908354,0.0
8.891841868008044,9.700146313945421,9.251226716046066,11.391314474895037,0.0
4.924487753376997,7.5154145657715965,15.950251407450802,10.008479538416582,0.0
7.148038702024305,5.125543650630952,11.433915835178599,13.2821483949721,0.0
7.970108917598935,9.280041639158327,2.7314062014465197,14.89165075568973,0.0
10.616403930859493,6.832829327211509,8.661441385609585,17.30178932261554,0.0
6.916803759761192,2.7870259263347696,6.966619120875729,10.779938673188749,0.0
6.660986051378401,4.205064554662979,8.991655274750528,12.04079088182855,0.0
9.412994576217702,-1.9300420131116445,13.802099707989319,13.985647154999514,0.0
8.820102250239193,2.845450338481701,13.077261559107109,11.981505922710147,0.0
9.722553857464995,3.9016312163490934,1.3996997084631921,12.17975312776431,0.0
11.929701374353025,6.40645896288494,2.4933045809497827,13.37209733114937,0.0
11.68656846719099,7.601554968467482,7.008199609728917,13.96857249974571,0.0
11.256478340851308,10.328568156210698,5.10586220512683,14.265576872532172,0.0
13.686196262582635,11.673021282243251,2.788945344238826,10.824312160372354,0.0
13.254308789851725,11.085575553406287,-1.2258635211640891,13.865981058349563,0.0
9.791815144876782,11.80084732607439,3.1818396360141445,12.52803393475689,0.0
9.877533958686776,8.881086828282932,7.217538102053785,16.665918209549243,0.0
9.116549371136957,6.9840545763593935,6.877497231803362,14.756117445005922,0.0
8.853620817846656,4.505890942362358,13.743320004639655,11.245169318942608,0.0
9.595433220056035,5.755004720689752,8.440777800643424,10.011346122839349,0.0
15.184960827084758,10.159568346313225,10.720180278957844,12.001871048554209,0.0
9.352132898697956,11.525667076713056,11.710031995153994,10.035336673877964,0.0
7.085565312512535,7.476456859347689,14.598459637332335,8.100078969921896,0.0
7.598167295745321,5.666651786724668,11.758420403461049,9.170324867857573,0.0
9.210793068000916,6.983303883668088,4.654840501834185,12.779209025194417,0.0
10.000116294354989,6.984212197740623,5.645661385443965,17.12686980897806,0.0
15.467982918693169,4.370006587944565,7.894743179238196,10.767134116381131,0.0
19.89579593728101,9.226773585452497,5.756907770883752,3.4208817733847563,0.0
17.990933623758416,8.184338449369191,15.194013196767115,-3.2420846260596408,0.0
13.651039420821942,7.907963852465067,16.964160026257034,-2.4970110545918973,0.0
14.327004760696479,11.763225755702722,17.959946201273866,-5.198348622494042,0.0
17.234234298342425,11.30840605930577,9.227143050244429,-2.284276013484347,0.0
18.139500843300148,8.521817655628922,12.276080857004397,-1.8419491850741734,0.0
17.07399189816109,3.9837652492286635,5.662676004514223,-3.754761582803317,0.0
17.244088795908663,8.415477326693017,6.375604073135278,-7.026503870374954,0.0
17.117721281197355,6.8763909022846645,1.9914373765047113,-5.352197477214133,0.0
10.211901223072086,2.6667259777577907,8.721581193958603,-7.087777474695947,0.0
10.261478340074213,6.635263166424632,8.912726389204412,-6.185052847269741,0.0
11.224209399789842,6.924029826880764,9.886474937659257,-5.080982713375743,0.0
14.48113179108955,3.066105061330318,0.14487526562407282,-4.616818666306622,0.0
12.799378197800742,2.6677813263763035,2.3725504155368533,-3.795185293549139,0.0
15.453208240141137,5.179571528086758,-0.9639153595325407,-4.397800708161244,0.0
14.261102539157148,6.241533876671077,7.954551239523189,-6.250855017419738,0.0
16.85837867110983,9.849813685661394,0.577374915199222,-8.317919627516558,0.0
17.20353998360904,8.979479916759857,7.003897778293699,-7.365592212682061,0.0
16.050740920272396,8.033599954076925,9.717017900848154,-8.787032059906382,0.0
19.834947080349348,5.893462684793201,9.600994182587009,-6.098049962495764,0.0
14.935588056579467,5.44863577578556,10.177620035086386,-6.70353767742378,0.0
13.974068632764777,9.266381964594867,13.84695153943975,-6.145335337531877,0.0
12.189468386675017,9.826460465206358,18.008768274467062,-5.472964823121878,0.0
9.973302042634323,10.644963612881106,11.66692405609941,-2.3746476472695197,0.0
12.777762158532234,5.150227996516681,13.673000595064597,-3.2616043574037326,0.0
11.47308844488625,8.152739909707112,4.0450527598648796,-6.6804551368300755,0.0
14.204785224334495,6.337642966775819,9.534781870794342,-5.149516025546644,0.0
17.969295771521367,6.891708169478388,19.29548617284864,-4.80813164515561,0.0
17.15011584788977,6.947172516576761,6.834291102851651,-7.714821237278529,0.0
13.587600667050785,6.759015457778519,5.742966606135322,-5.637163441970644,0.0
14.587957992605784,9.515335780945076,4.349437694250018,-7.294587958183548,0.0
12.243606383864645,7.983040643730922,12.893896877604393,-2.6107693115735167,0.0
17.6467804159154,5.002626952547417,14.965766864870634,-2.2747911744106437,0.0
15.140237810586886,6.97536400577436,8.577568759266654,-7.898266233999834,0.0
16.687332815542852,5.30015146895768,5.801769670459259,-4.658042440546752,0.0
14.823076863814691,6.206552178605949,4.969766247753858,-6.101295779388417,0.0
13.989663654517493,8.80135365825202,1.4331474160272872,-6.587551385048599,0.0
18.14506049872684,5.79926808234524,9.577580495201458,-6.412395579965402,0.0
16.44917273832576,9.78095215099195,12.150447136886205,-5.870217013106737,0.0
17.455180992929773,8.440890375367477,13.941029948770696,-8.144660954205518,0.0
13.454518125472328,8.36588133522433,12.719113663509669,-6.991591150283043,0.0
15.903845232894739,11.29941899364328,14.52687556167919,-6.372835888739916,0.0
15.009739894247758,10.146742992799679,18.793489393278133,6.4449518642978045,0.0
12.545141495361424,4.130402164264171,14.547415620229415,16.07561353418564,0.0
8.870842607157426,5.774936009922375,13.089410503138167,19.75680567235325,0.0
14.780364096597712,6.653065018445423,7.504378352174369,21.412441412608793,0.0
8.476629563728014,6.698210501490369,5.780875926565628,22.836374885444297,0.0
13.016872650701563,2.240904779383039,14.339700232366617,20.18520396621807,0.0
11.80728938028498,4.492619311615783,12.999974944998028,21.885492475432265,0.0
8.611120725285366,6.12628908538778,9.304157891387513,20.759506470651946,0.0
13.160244171091824,8.346257373576151,11.86119371433441,16.53503674882845,0.0
10.472146543017587,7.025352433924036,16.968577175279975,15.508668123013466,0.0
9.588694895797275,8.034226349741168,15.34519431984007,17.979596647248957,0.0
10.142748242443657,7.863488314842901,13.828650636896853,14.7129364297449,0.0
10.63694156135522,3.778975431032059,14.956731671229067,14.56896797665999,0.0
11.822077146591193,5.786796183333299,9.650091249075713,17.081338529018996,0.0
8.164902516578232,5.012128875291962,9.83399171750171,19.888479625479796,0.0
8.053447142496722,3.9312720697878403,3.978868844039216,18.910966268316546,0.0
8.077057900950468,4.7468232862774355,8.925535303129049,19.043244757786947,0.0
7.809332958605259,6.144916182515184,12.577952760364042,21.035800214070335,0.0
8.875807799710342,7.882627026859197,14.960837968308773,18.191452110016577,0.0
6.771259940684495,8.948024485907204,11.588770440040985,14.978945155597355,0.0
8.9595652469652,3.1514546686777916,13.981448804088753,19.361738614965123,0.0
5.996434575029538,4.711514691957339,22.339360421932234,19.035036469080996,0.0
8.553542545533949,7.292051122267366,14.056737619705203,16.90297456495906,0.0
11.478911854976948,12.514546377731632,18.768417563702787,14.766507626763408,0.0
15.246983817091564,8.90994198555585,17.0668678566303,18.22780512800938,0.0
11.808136934806814,4.523477314107403,18.648296656440742,19.753887626550142,0.0
7.761115078763094,5.99505680481189,12.69995438453833,17.714431520850372,0.0
6.204061189879095,8.55513570962667,19.41396293606826,20.181443811545012,0.0
7.9798483272666205,8.642160608256145,18.377857421863553,18.910038311392658,0.0
9.03743376044976,5.55160208428092,11.89978780444471,17.78594429358246,0.0
12.517577109658056,3.4611639392813607,11.74222718369757,14.069936129530488,0.0
8.023159108520286,8.902136156556717,5.896237433014743,16.35314002672756,0.0
4.840423546734077,5.898747068192011,8.889003516535716,23.018364669192636,0.0
7.30076637677629,6.309991534074415,11.241137302042933,19.150685698658897,0.0
6.08400237795471,5.910885314243789,7.227461850186257,22.655931149543132,0.0
8.72284628894104,7.113414419972534,7.406682577411014,20.168912538637734,0.0
7.598005147216345,10.99166353127416,11.016703997159771,20.580964358043637,0.0
6.629948018630213,12.208600188523903,14.509487406692497,20.896166782807168,0.0
6.233839343035349,6.989636091783753,8.526805333614444,18.371972768198866,0.0
7.1048917858557745,3.509588094537054,6.833916820972588,19.159884927776563,0.0
9.467947510599696,5.435925192169981,12.598044868140786,20.15838738206783,0.0
9.396296400237665,6.610417546739416,7.76308982420979,15.415853150372069,0.0
10.242734775994707,6.440569234687985,6.777995489711163,18.96843470338367,0.0
-3.3286400211950067,6.9434237327724,12.245901747555475,17.28819360294726,0.0
-8.958518914205706,4.253071049088101,1.9151299911875945,15.854932866381516,0.0
-16.67625072272849,7.615543626692572,4.883636448813639,16.841980743055817,0.0
-16.65039778660921,4.633603260042692,-1.9079842931878908,17.47767639904105,0.0
-16.650516890223383,4.8553586795253825,-1.917292999420841,15.204380085932808,0.0
-15.754512322629623,4.375815636838662,-1.9003934673665945,13.392880930311168,0.0
-18.182892834437066,2.3005173966467547,9.659043865957145,17.492961230532746,0.0
-17.16674378636111,5.3656104899492085,6.02324674908219,18.50348424726519,0.0
-21.799439866297664,7.640758107918542,7.007551695133845,15.481876210171487,0.0
-19.236317352408708,5.496202566941161,-1.601474849686685,18.368989909885276,0.0
-18.308626843532053,2.423954337908456,0.16906121575213717,20.74752219135465,0.0
-17.42309063918885,5.866663226717312,7.9585355179302235,18.805726272907037,0.0
-18.169945968828404,5.235504815521804,16.53213694061904,17.445537465753706,0.0
-18.877070601338406,5.492917190979082,10.850128699925829,16.419560705362205,0.0
-20.282523999932877,1.965801399374966,10.174293900713495,18.004657952120976,0.0
-21.793032147559742,2.980428505520261,7.018717316447411,15.405885447884852,0.0
-23.855797793187477,7.2600344281131335,8.323895513407171,14.661673493059281,0.0
-23.402700868770836,7.1426673858239775,1.90612079749482,15.298024299203018,0.0
-18.534323419303888,4.755456216156655,9.77550845065629,15.50729694921418,0.0
-20.149321870740405,4.849245945648066,0.3552899897718085,17.40172547027054,0.0
-21.52928494390179,11.167848026178206,9.40832911361855,18.612069797775302,0.0
-25.439836616275258,10.732019705056214,1.1372416663253428,16.95792572276696,0.0
-22.119313673858052,6.884468748029185,2.2826680449151233,17.40462248171766,0.0
-21.360987097441498,6.094078169837874,0.7394710729759453,15.589352495535215,0.0
-19.542479881138423,7.086752241387136,2.9396587354179786,16.570470604643276,0.0
-20.650497252214024,9.312655519348754,11.892607563995236,14.625529373282369,0.0
-22.2112259360622,11.171917370221365,8.757250401886589,15.899169717993761,0.0
-17.443672241846958,7.752440414777294,9.755137672401414,13.928868589257213,0.0
-17.891048719480423,5.915943283720765,10.099331865309551,11.55183413054614,0.0
-18.263452088971,6.615184060169798,8.094751890881474,15.360900983741306,0.0
-16.929524881129137,5.029636140190891,6.080895077827128,16.6640837895582,0.0
-18.78708891305468,8.79157668582829,10.205422665746468,15.515252939971749,0.0
-19.01099017864829,9.543047589312756,9.448166427426242,12.563980343825952,0.0
-21.881922245784867,8.104556985806473,3.008898284837186,11.912204796349368,0.0
-21.04311912060458,7.90997836498248,10.788300244206901,15.563693540903394,0.0
-25.691913913709968,9.157665250121573,7.9790529575701425,17.48457318397692,0.0
-25.491622995784546,5.532150649233795,9.63684062206681,14.299184677981033,0.0
-26.04096044719273,6.676426587283675,7.568882575470857,17.723513028364444,0.0
-26.918177077482525,10.579711001742078,-1.1310065873246034,18.92750900010039,0.0
-23.495852709410457,9.142289018293127,9.879892678311423,15.217961862509796,0.0
-20.295974247923933,13.415981424917803,13.15075952057545,16.247221500995717,0.0
-13.681283287787014,6.558815826359863,15.848438577361506,18.030267342689672,0.0
-15.462229007081879,3.3559313048164894,16.520452795111257,17.804638236172583,0.0
-1.4223368533548113,4.919593068082788,14.044084304496238,-0.9183557746041517,0.0
7.808614410515342,1.6387883205661975,11.54436345089077,-13.439455132242053,0.0
9.758903787209686,3.497478421636509,10.05270133160275,-20.396697547173517,0.0
10.521334992803832,3.295456435604249,13.895586879716063,-18.9887065561909,0.0
15.058427755372044,5.7737361849388735,12.351399137713187,-21.70353077087831,0.0
12.333829373619883,6.7841671307810865,10.75499020306641,-21.98360215368625,0.0
14.356671593575218,4.3967144774288425,19.9800457732252,-16.82716541750134,0.0
15.74267350562396,3.9826181220378047,17.34641390849091,-17.429806544000428,0.0
11.269669342274135,7.919140605080664,14.486541099956984,-16.66088439312779,0.0
11.868042558657464,6.291901791745868,9.421983174010238,-17.230467660560144,0.0
15.131086293206875,4.461571029774479,5.366371302140917,-22.134941271822928,0.0
13.444567487994368,4.723030557323239,9.257990126137658,-19.792105361195063,0.0
17.34250799990546,5.389582068720523,4.1333959280227965,-19.29483181842692,0.0
17.057298024539588,5.740409742807293,12.29550850352385,-19.880735554489235,0.0
17.611347170612593,8.94486564005824,11.649023544260222,-17.221197042972626,0.0
13.2565749403071,7.781350464877374,8.81251583632829,-17.156109949837123,0.0
14.399982461966012,3.1443212545218495,0.8931441125889084,-19.22943302741458,0.0
12.728905529637554,6.423753008493953,0.598961661401761,-19.510361707321792,0.0
14.482369584556336,7.411635771505805,7.968181089394387,-18.708372260309414,0.0
10.165691259128785,7.628353272062031,13.12426741271205,-19.982405668321253,0.0
10.692930253859075,9.090215265801712,12.893206107751306,-17.13282739452339,0.0
11.465853888613772,9.661787660541671,13.944300402513921,-22.937268812177095,0.0
14.192803638502651,7.2397426607329125,18.867048774215117,-21.19982945834939,0.0
16.0996567359628,8.547811426506346,20.203603939378795,-26.616437074330207,0.0
18.959640297076497,8.863253888890467,10.273732480006384,-20.171659969593954,0.0
13.178828998985944,10.327412245635571,10.721686028098327,-20.409687924057316,0.0
11.472177181889531,12.321672632369346,13.470906207443296,-18.052917217976415,0.0
12.268044358144575,7.8264329272135456,8.937673083496124,-18.31880264869609,0.0
15.041536965332945,7.725118741592132,13.211319399201562,-14.691963211911741,0.0
15.774182474741142,7.76272613348109,10.936714393121495,-15.002944354002876,0.0
15.13498163917127,6.278683153124585,11.38210600928299,-17.727592651538167,0.0
13.449068490425129,4.473286578829894,8.074084539549833,-17.409368057440865,0.0
16.180921190422836,7.16711125136124,14.942683012670097,-15.468867383293732,0.0
10.356333466624168,7.426217290609651,11.93698158406663,-16.8754417979848,0.0
13.941264553809807,5.848250473703355,6.670122083550359,-15.316905458364708,0.0
15.508073427536974,3.0442975884530394,11.730677927931655,-12.393370440045759,0.0
15.411030795766218,4.144401464983632,9.103310614153116,-16.030018854855385,0.0
14.531964383438998,7.4153629067787294,-4.398421406133295,-19.214239971465243,0.0
14.960969378756998,11.029252133189425,11.618475359753937,-16.70939005397214,0.0
14.288099534577198,8.226907432996704,7.51044482558813,-14.541938504806684,0.0
12.82145742046588,12.802448400500587,15.492743667287364,-16.078292194885723,0.0
11.66520995339834,6.1184042220774515,8.651312919127456,-17.882648178959354,0.0
10.679899360022397,7.6598753013749565,5.280650860205483,-18.999223636333774,0.0
9.11870748511882,6.461792632411156,10.971806719213035,-3.352480139874557,0.0
13.318592764812651,6.389825902757382,4.290458675436842,0.5818326266300886,0.0
18.437169097163263,7.078013646190016,6.368815381198045,8.194749848090657,0.0
15.99954166238663,4.435904877542386,7.234245796757325,11.504751343214913,0.0
16.267913690245077,7.848729626143262,10.378199322588216,13.735692730915215,0.0
16.058524616782666,14.03471092815628,10.36830538064385,13.100104566126834,0.0
16.38220585776287,7.730393283166315,10.857004697596658,15.887611455675806,0.0
20.574982688854092,8.170230343255794,13.020585523020934,13.864852366304259,0.0
16.94625852842516,6.193269540384488,8.745917299173545,13.18839265715477,0.0
14.532126482683998,8.70958606990417,1.253703078534036,13.246524948966387,0.0
15.357674796479028,5.305068282777284,6.662618581746736,13.469023568439153,0.0
11.837027151037095,5.887670136429037,4.3906876214438215,18.912621737934135,0.0
13.715993573173257,7.120770598284902,7.075723618595687,16.5791703208211,0.0
14.089521899861337,10.770809543891634,6.64358292653052,12.547097860921298,0.0
12.100156292030045,10.31274453658543,8.508747482852705,16.243560708977753,0.0
11.043307460080465,6.729146991489868,9.034751117760772,17.5885538506801,0.0
14.286577533025117,5.118066614356316,15.475769751317602,13.925340141274283,0.0
13.104161339133768,7.085751864286031,7.600673433826062,12.694158565933062,0.0
12.407511750028902,2.5533349541394372,6.318062843496155,11.473647178864248,0.0
12.666153001773614,5.807913456038046,5.011225526072536,11.845513127045283,0.0
11.08227620459887,7.119267041887637,5.16909397176577,10.429779102295122,0.0
13.80237097797687,6.322245508765862,-6.4232160166299614,12.13697826919945,0.0
16.069002830787905,9.45917800431526,-2.090215905817539,15.867870468911608,0.0
15.020815618892593,10.68472764999052,0.07028648989748376,17.03935391154414,0.0
14.487992181897464,7.9636298957614855,3.5479967581987735,15.421179900787664,0.0
12.723152123114247,8.364761084294766,1.1700809606313793,11.703137475308962,0.0
10.229504444401659,3.954957722906602,-5.507230884891529,11.192931249580788,0.0
15.399536886540377,4.751005558276095,3.027196633515965,14.899679739344425,0.0
15.4200393900587,6.755611756858093,7.58886436557503,14.343351456159812,0.0
16.552380269231875,9.868044120063395,12.0083828790126,15.748003202501135,0.0
10.905799420850649,7.348806015415468,9.567911561655693,15.811946517621394,0.0
14.226673457350756,7.15790201305134,12.669259504081637,13.870187708225275,0.0
16.776727586189104,2.7451818697832078,11.133137219339444,15.858330251377497,0.0
12.991580243425455,7.26998861999868,15.364231358554052,11.121165774912592,0.0
13.241181956222889,10.937440209276676,14.154720998280137,14.70875677102216,0.0
16.828812619111826,10.47392824298241,6.784379663430294,12.127598099943524,0.0
17.26000774147236,7.373787204593278,5.823392990315118,13.449539604128702,0.0
16.036837988099034,6.195507166992051,6.613108157928874,12.930790812355733,0.0
11.695914165654218,3.6632151900141157,15.109622004580892,12.039970288597594,0.0
12.82498342974703,3.462890928685552,19.274868315362717,16.598723577429464,0.0
11.016953355832428,5.015768550224256,12.07504639769188,21.481046731207663,0.0
9.174662055333908,6.216211827886644,7.60029925788343,17.719837165127604,0.0
12.543075706354243,2.682956245288109,8.551291992993987,15.007783969884368,0.0
12.454058842715272,5.395372072565489,8.760969362285145,3.2520976169575304,0.0
14.133520452665053,4.329601960552838,5.636625014792724,-4.076888831445749,0.0
16.544755849875447,3.4978091353427594,8.910240564853993,-10.203087187536841,0.0
17.181193119706577,6.0343402737040055,4.228005848147304,-11.26768431391243,0.0
16.411646685428728,6.200460687127053,10.482738596275992,-13.602780942251218,0.0
16.925113427147885,10.89067081016272,8.575184183021463,-10.200046474577983,0.0
13.630227489169997,11.65841761004021,9.944038538186298,-10.344026935988092,0.0
13.15756249506747,5.900330724212495,9.141656025118426,-11.161085774423421,0.0
16.008805173649858,9.959416401365669,8.283160619130966,-9.909558515853451,0.0
14.774127374139157,9.90307156845402,9.352764920097686,-10.462784208253986,0.0
12.289871538195163,9.900055221963314,10.939090895163753,-11.391793597019028,0.0
15.829749756423993,8.707705755680355,7.380226528058149,-14.92751920592555,0.0
16.663720011921853,7.0516303616401945,6.270726608499217,-11.534393081453302,0.0
14.876950386761232,6.726105545043639,6.277333192912275,-14.176888857535262,0.0
11.640520188361432,6.645517007237798,13.217806591250913,-14.170608340349737,0.0
13.971738003065333,7.202488841039106,10.175940594760283,-12.808393352400362,0.0
13.918885881361177,5.170769523694761,12.883343602781743,-14.44505644543143,0.0
15.314264222542652,6.484660153290955,13.799451461940366,-14.891749307101762,0.0
13.866808176081154,9.670368726552066,13.756159793065168,-12.941557250809458,0.0
11.828414211711578,10.39803053227445,12.570857006683942,-10.776939021913172,0.0
11.603155780783265,7.2436946182597035,10.894370424297998,-11.73043205867803,0.0
14.034458970832576,6.221204170339045,3.953923380030392,-14.466304917139515,0.0
14.176198637666873,6.422105875282211,6.052505289291579,-14.507510442061772,0.0
13.08530174181635,7.877133449612141,3.3476036087280487,-10.542563854803129,0.0
14.907552542815731,5.6483141776256,7.215142295531134,-7.398018300697042,0.0
16.475258005653753,7.612284656324693,8.242177343208454,-8.597194082700671,0.0
17.721556610090335,8.322088791453819,3.3301712772586187,-8.077049894553568,0.0
14.621761189064944,8.13751467286901,3.7541130548301815,-10.45440583283752,0.0
16.447556606594976,9.097078278566247,6.050262901584096,-11.831707174060519,0.0
20.304155364591637,8.302097448137374,17.910439244803705,-15.252613325127875,0.0
12.372105368168608,6.915262056214195,16.82328977420319,-11.530408028883908,0.0
12.716133888235056,3.477924284345568,7.891913897689627,-9.425846260654684,0.0
13.416480139096372,6.143728037274122,3.6539604126928733,-10.20027157727844,0.0
15.940231692852965,6.392887024594773,6.632595379610857,-14.841188417512505,0.0
9.463538527422553,10.3156409656787,12.327893438093616,-13.590043952254534,0.0
9.715172214236953,7.2496509359687105,8.597905711827172,-11.20846108020115,0.0
13.773961201433341,8.874658291184026,12.496142760571267,-10.770430240477136,0.0
12.327991802037808,8.88359563751239,15.350691905386125,-11.339181198998292,0.0
16.213319849743453,3.214932344441113,13.844580906191966,-11.295993035180945,0.0
16.397118915854048,4.216209321100494,11.015292023676354,-9.830158792668946,0.0
14.836937417996293,5.345621256984784,11.866170699667073,-14.346837437505311,0.0
19.63015209846976,5.914165143118883,9.216848393806151,-15.549379172770676,0.0
14.114489602523413,6.041811055713209,21.137513448458904,-12.126557629100597,0.0
7.408780161135878,8.261699356606233,18.863713422071335,-0.748428365644457,0.0
4.289316223887914,7.985891760846178,7.617014979253676,0.9963166923319795,0.0
2.6355302357316357,6.9424769200864285,15.318352962648483,6.908877608639849,0.0
1.4284983762676555,8.76107250812094,10.256811319322399,2.1506130332595985,0.0
2.1174614445896243,9.179485595457031,8.948966273048358,4.841679688593075,0.0
4.998921535755111,7.658403835997171,-0.48976140412837665,0.12434058038720819,0.0
5.088009535911018,6.485675722171672,-1.2184051953745527,-3.072010308524916,0.0
2.908165752075765,7.652932423788529,5.5005509887855,-2.968308759961537,0.0
2.8628892970421016,8.216459311697127,10.154927572270923,-0.41194785585169025,0.0
2.72923682884728,7.282468469213303,11.999578038005748,-1.7893352730232457,0.0
0.7529574501436418,7.031554623298642,11.642196408877641,-4.853247169001403,0.0
1.2568362888125564,7.820640896268351,10.928830797430004,-0.9591809271399125,0.0
-0.0615981424780947,9.026455500182598,13.649092419433575,-1.877070708923181,0.0
3.017610660669025,12.064446020205752,12.473173437145608,-2.0917396449657035,0.0
1.6496324003382732,9.749470448925841,12.640810326253089,-3.5377125971851187,0.0
3.9132735378086316,7.406349265980632,10.19802642384644,0.5161144104622852,0.0
5.877578378411106,5.580733641519337,6.45698377043756,-1.2927013835070307,0.0
4.665627620174053,6.770031014586977,9.316985741995152,1.6822631213560828,0.0
3.8451233693993903,5.71675154429196,5.936953298004093,1.010423847583512,0.0
4.533353392228105,7.811560779401762,13.798137724734158,0.5463982444669775,0.0
7.245444365495439,5.329726103509818,8.991915319721484,-1.1338003313998675,0.0
5.062675763410584,7.451328739393215,7.365789035007765,-2.663751211085916,0.0
4.623181566961368,9.525080362564559,8.628794591236874,-1.036312979659477,0.0
6.823153657199265,6.849296858060652,13.198587928863752,-4.273193830084606,0.0
7.374096233727595,6.433469333576492,9.67051809923484,-1.3798233289809203,0.0
9.0731977720833,3.7788974109633697,2.741953927558013,-4.983116637474679,0.0
8.500751993886059,5.064014752479734,-0.4563739874165229,-1.9526559497465734,0.0
5.992670859535593,6.356090985668285,0.5688985725660665,1.3332706904895142,0.0
4.609669080697405,5.325486545470495,8.310912414982607,1.7866033217366164,0.0
5.140318356280445,3.0313137097253686,5.486646106662767,3.963260537002956,0.0
2.8701966373448142,5.038072581581289,1.3720678338083818,1.606608021962353,0.0
3.0287258255603913,4.921953212297303,5.596622110285448,3.791721796267045,0.0
7.981267732180397,-0.7439794015190087,6.877821715667827,3.397598898515726,0.0
6.341598380838203,4.876170508566863,11.916374480356273,-1.124039499324983,0.0
5.186672332270402,6.880809708404231,7.560009849803824,1.4060779734878106,0.0
3.2372304139481516,11.413218312298103,0.2489543749262877,-1.4775651208350262,0.0
4.588919719149761,8.645396604481665,2.8739130395092474,-4.061682404123719,0.0
5.672425918846433,6.804835476430375,10.490163408841815,-3.9888870638714926,0.0
5.09397174529479,5.167314112128227,17.705673589563663,-2.0778998086818063,0.0
3.652637237299073,1.669834593639302,17.640372414991152,-2.2580002039971845,0.0
2.3048499132111906,5.458593829907769,14.264379749752157,1.019113116772271,0.0
-0.943441623155481,2.251395845117215,14.404413491202002,3.2521807139024412,0.0
1.056441478562678,2.5822132530775894,17.962208170880338,3.7449613868474128,0.0
5.60095023281683,5.701144234309137,14.883807158504883,-1.7970745299735436,0.0
8.183977737766515,6.685248012153141,10.22196043970845,-4.030633609809819,0.0
12.481875777929405,4.126033090356383,14.53256323656003,-4.4579531743346035,0.0
11.169243259701355,6.992974852852447,10.955011925660273,-4.041098767180595,0.0
11.125403487658206,4.389193817196259,10.803025495591314,-6.872096427274054,0.0
11.05415696593111,1.655472085189607,5.339793912777518,-5.105222259872631,0.0
11.785750363351276,8.810358939725392,12.973353539143108,-7.333912524353341,0.0
9.277029308252366,5.2554417785450145,21.900191836101655,-6.365744980312737,0.0
6.366524705563052,4.8995309542345655,15.735107515760628,-7.975190353247985,0.0
6.639112920871398,6.551762975175637,4.717605740207718,-5.067590926521741,0.0
10.165586279110485,0.7960136827015951,1.007068044941593,-6.386243568953644,0.0
7.619603869053314,4.617188048950818,5.949042766843667,-6.297264933618432,0.0
7.695356615726977,7.379034844234949,6.3424270442832515,-6.587996061729718,0.0
7.154453359237005,10.89469102868258,5.446807749598016,-7.60723646303752,0.0
10.092626305443046,9.2173015577799,4.746815942178276,-9.318367959321572,0.0
8.336769954194482,10.824872839402666,6.378016322727112,-9.249983738819768,0.0
9.080565974409408,10.39084422145325,5.763985075944763,-7.583142479261005,0.0
9.659732255139087,9.276063587437612,10.799242933844234,-10.751986637224434,0.0
8.442086407318778,8.615931110539746,17.634370321754695,-11.192319723093677,0.0
8.9664013910956,9.104683081901314,11.804485587503404,-8.668556281150648,0.0
12.453131426334002,5.559492244868779,6.259667802146156,-7.332590356303712,0.0
7.605987226148447,9.884412665356916,6.319721867871895,-6.683703792193654,0.0
5.952909229783351,6.124074298687698,4.746009341390434,-5.50470220163253,0.0
8.753100626612618,4.673803085372589,4.905524008779543,-8.549952859198294,0.0
9.55663397962068,0.7635239838994323,5.425090131083872,-6.7855206051639065,0.0
7.641817182674504,1.0817260774142246,3.1734555297497584,-10.543386508642556,0.0
5.511081585497015,2.533878431256028,3.1361010927301383,-8.184769840279388,0.0
7.404418241489781,4.7938544824401745,3.757518689413785,-8.33447070292553,0.0
4.542218023968617,5.513125744275448,4.285387759431879,-6.716042329950114,0.0
9.32335429455926,6.559456127466121,9.945548067331394,-5.698605205005693,0.0
10.309814898832908,4.028263872916838,16.08265303942896,-8.81407982750964,0.0
7.039066146098367,5.697263299631563,12.810961066878845,-13.092011687583707,0.0
8.471459708490524,4.745244149365659,8.081131979167523,-12.46010075078891,0.0
10.176796427195628,5.172504430864974,2.789995234534814,-7.176379712551642,0.0
12.047204783869299,9.21742410886074,7.095371267935818,-7.831462176511533,0.0
13.278812228149445,8.476121455941042,7.6328411306921025,-8.190048808236355,0.0
13.33004398366184,8.628880180937024,3.791778800514977,-7.959397150678584,0.0
11.472234640086143,7.128126184448936,12.815357185002027,-4.2725109961520165,0.0
9.335948667661134,6.0820122583626075,9.708987248271107,-4.9023653716827695,0.0
11.193755226012211,5.32474332957859,12.608805779317898,-7.365191411329062,0.0
11.94782053058402,9.681957513149314,9.07821050283058,-7.949851834726165,0.0
10.785222194620054,9.655841429357308,14.06782859542426,-7.698219912786639,0.0
5.8149114710994985,6.043965254294167,18.772296444235966,-7.130862277409242,0.0
-6.34221567446227,4.272500903080013,15.131096141603575,-2.4264437009620266,0.0
-12.778335816256053,3.425907777787939,10.61838512366178,-4.83870403760144,0.0
-16.87493027223851,8.65069563921561,12.332865851969007,-1.951060992356676,0.0
-10.845229260378835,9.816905770018863,15.918810583064968,1.0553408510989088,0.0
-13.065012839793312,13.447470720481586,20.47125556677431,5.561320650626246,0.0
-11.554219286687768,11.347499743541059,21.425706110262094,7.118848083095823,0.0
-16.744840372354336,11.437386314130228,16.160918820046675,5.021485911155152,0.0
-19.707684693059406,15.846130088393192,17.665057891994422,4.7143204671919365,0.0
-20.259786870000394,10.861574545414241,11.143787598374011,6.566451491072431,0.0
-22.60441863392461,4.825714181482151,8.9734221753089,8.868400042923033,0.0
-18.830194567882664,3.7240576642919656,7.231664066735256,4.681058681815849,0.0
-16.18658332186042,0.3935491918182734,7.931545726889895,5.099500812520801,0.0
-18.88761445138668,1.8372981201981755,2.5465653718102246,4.460317936438008,0.0
-15.456407860915313,4.95363517005553,5.224398928164916,3.0557896462932956,0.0
-16.289817197889953,2.8044184940710153,1.135038910105652,3.7852205143475395,0.0
-21.292930327696666,7.361525935376666,-3.0404997327478687,2.8304472069956765,0.0
-16.422248484725465,2.8829804854045014,3.701123859220189,0.9153283623387725,0.0
-16.94903076522726,5.946945506208596,-4.45317752050365,2.523284335018979,0.0
-15.31214446854638,2.7278707667697004,-3.7040225356082654,6.713874084521988,0.0
-17.42485290348433,9.564081107482268,3.7862736753805875,6.04243873083676,0.0
-15.972224043130518,8.007339331826508,-1.4185039264251484,7.813656003085524,0.0
-15.106149343451417,10.822971010327915,1.5172669358725557,6.363891970449558,0.0
-12.66080304988144,10.280676682907904,4.222078353045122,6.965265284495204,0.0
-16.848563363175792,7.266507162901268,-0.002505503914017382,3.0538626433417524,0.0
-18.535488234069668,3.265191819957238,0.22706826587690188,0.23475444672786772,0.0
-15.075144789921904,1.4124150455670366,-2.787617665707023,4.947988214059806,0.0
-14.419776208714431,5.630266766977586,-6.164604033465895,6.780876881560754,0.0
-16.420211120455,5.198545840164031,-1.4877880581399694,7.42034488879544,0.0
-16.772140090680676,5.326171150655408,5.304201879032449,9.413860620354749,0.0
-16.98799737294467,6.281828538671916,-0.5019907646598298,5.319928958594895,0.0
-14.154587118460093,5.97071931264168,0.3623191579178062,2.311066279154897,0.0
-11.218622688796685,5.806850496034045,-1.6270038676868044,2.6717063451361445,0.0
-13.794114896013841,7.1787370690990535,5.317100197423159,3.2404144701793687,0.0
-15.243820878348721,6.156477518384173,7.251986033405861,5.371042483744201,0.0
-18.912787776258604,6.401430091139414,13.814286506905539,5.7169282884142465,0.0
-17.770407737215113,5.739687472932771,16.4560819000144,6.22744089516466,0.0
-16.505668518860915,2.958821072202422,20.136171531710865,2.585573886527423,0.0
-14.596197838176947,5.729447847063515,11.753979537297587,1.971343650792078,0.0
-17.917504231501542,6.8227448609645105,17.952588657841527,0.7476860339075673,0.0
-16.85034087549811,7.36924906098964,15.476752322570402,5.924888037190184,0.0
-14.504820235733904,11.209805999770673,22.2066916420614,9.060213233657645,0.0
-12.87645069741144,8.861697403407069,10.485353700112483,10.748322336305332,0.0
-18.437251675584427,8.681491248669632,-0.048273450960929054,6.021036510209948,0.0
-9.186383377388022,9.225803900344342,4.015762369530373,3.1135695788782085,0.0
-9.640457585697423,7.292768275083395,3.659259329128004,5.868870794947057,0.0
-5.84340439683047,7.317143169652299,6.491005936394573,4.4270022693701225,0.0
-1.6543603054173672,7.298653964509413,1.9463470615647118,1.4887296174780533,0.0
0.22931698620204743,0.022153553008370075,2.4937100879643577,2.7982197116082124,0.0
-1.075822326539008,6.214750458977121,15.599622944794463,1.0838227393252753,0.0
-1.6428289687807962,7.888514355653895,9.92690113814771,6.301196192685034,0.0
-0.4954429954870969,10.038979732586585,6.38165002912867,3.2196491911041636,0.0
-1.56414394772706,11.23168584229009,6.334888713940653,6.147199782354266,0.0
-3.6657944235374984,7.109057632403288,8.857524667823565,9.815572746812524,0.0
-4.0699830748928,5.920016277442272,1.5264674094434252,8.219669128531109,0.0
-3.8392658345089044,5.991400456203816,0.2727394059313326,4.815637884848419,0.0
-0.5080598167099211,5.764414397278083,10.401267401461332,6.206000868902528,0.0
-1.395135065035699,6.95730459116785,18.230205228661326,4.19127076283207,0.0
-3.2545406789615883,3.4566486277356057,13.183834440369107,5.123455663095438,0.0
-5.1141842065380425,7.698401255034476,8.11224798788685,4.100745757085576,0.0
-8.842034293124637,10.350383596711177,5.46210120306494,2.276333716518713,0.0
-4.5011203868662415,8.26343758765133,3.121123673687129,7.091576401822479,0.0
-3.8060471513946332,5.329647185693247,3.9009555452626596,4.3755928482428175,0.0
2.926475067831651,6.976891572704777,12.924000117352417,5.647956548347598,0.0
-5.446050570864656,9.792578186537124,8.918447155301497,7.698361053012232,0.0
-3.379806206436572,8.871262014074155,10.477885715472162,3.0421902392858793,0.0
-3.8530785452533265,9.563224546101944,4.909591312506651,3.715846517963794,0.0
-3.6456585617713886,5.568042636184328,7.909447148234861,5.953372472165283,0.0
-4.29418573506973,1.536043878801165,10.300222680810268,5.546322906825571,0.0
-4.64857829478274,4.341204392349243,12.008042693434703,4.541001516776609,0.0
-2.6915626391194385,6.562458972382997,16.7002529630011,3.3853391762662164,0.0
-1.7917051520867378,6.035057754353464,20.424177363278655,1.8888729534441744,0.0
2.740085855577038,7.151199957936377,20.47119545376264,7.067751078254047,0.0
0.021960663051095786,5.683033534984199,10.610219974764991,6.10522500351917,0.0
-0.8277751499559578,6.207650185856934,13.284293624848793,6.06696742549374,0.0
-0.6480921775324738,7.597082748358702,16.042550772053694,4.727007109969334,0.0
-0.9732920909717964,5.425773250411089,6.349011247302548,4.942200733571152,0.0
-2.262760373102681,6.488973496709078,12.009107549969048,5.04266342832759,0.0
-2.912441477093915,7.238457371170118,9.154493740863742,4.534596335548034,0.0
-4.828050500386967,5.2404795294792095,6.4472072966188945,5.659400483832345,0.0
-4.115734022235321,6.138138602825112,5.876489102374254,10.976571045425686,0.0
0.22570524778943257,6.2013884005958,5.157170695630837,6.924113355604633,0.0
-0.6123126855196979,8.197256817406814,3.3058766225428933,8.664840550655025,0.0
0.7755379210103963,8.680135301940426,4.6021081143867955,6.230754325330194,0.0
1.5034713890679647,4.7661568112397195,1.7273048392471448,7.155438623915387,0.0
-3.2887092372923554,1.688132970427537,5.477647063601519,7.681497734634383,0.0
-5.344433980319275,4.401810338397533,9.408121188139317,4.188574346286961,0.0
-5.2821890129312346,3.0183675318884964,7.0565102339049925,7.736632587799993,0.0
-11.862332760130778,1.1656631152161134,9.214694300652472,9.038876463038488,0.0
-8.426829528779054,4.6215304091913225,9.976707768083685,16.055316101987277,0.0
-4.3834857130486,5.4262259215547495,10.776853601099953,16.03596573027718,0.0
-3.5178526498951936,5.308507703837828,2.4731729285251642,12.087865438404137,0.0
-3.3564370263578183,4.917728466010216,7.001844738756511,10.767184456952746,0.0
-3.227037334188269,4.547831498275754,11.040440037919646,11.119766190184214,0.0
1.08913625449622,3.5464582124146418,16.878548934581204,10.25421227036352,0.0
0.3349755888346171,11.08909482584748,15.549842052955473,12.99257544991517,0.0
-2.182622382076276,8.618404846344204,16.895990159240167,14.13405810462187,0.0
-2.8626835451049515,5.771276172159574,2.638658795644229,13.607125145327924,0.0
-1.641269163994758,8.49414021405202,-5.133745775217097,11.286131853413842,0.0
-5.455275440360987,3.812098470834422,2.4659294969262673,14.13715926709282,0.0
-5.5719420474991095,2.191419796764554,6.876496518223186,13.549082671476592,0.0
0.5205279190472538,2.003900180851999,10.881134879775397,13.537857060010637,0.0
-4.127393743693796,2.04923698569101,5.483734367952627,13.240940294227798,0.0
-4.653605639909946,9.71464685668338,4.822292033051818,14.792886431964192,0.0
-7.386467344702904,5.924616525753404,0.4533459905995265,16.132289003074558,0.0
-2.7899373085247623,9.365491368656935,8.338936526980802,10.95717709059867,0.0
-7.623654829299258,9.006113990323538,9.193570955828472,12.663229433077529,0.0
-5.563246499521058,7.842268812706971,12.294563144897525,12.910552418006777,0.0
-6.578544200881767,8.514694373280282,10.581046463744775,11.282236415099877,0.0
-8.409568047606129,3.475713758417161,13.287498172176617,14.20238105365646,0.0
-4.763525290320125,4.613805636286482,11.927636879756317,9.926910771140431,0.0
-2.155095082052692,10.310144497734619,16.85233919209324,9.945537839195659,0.0
-1.9944208573944828,7.8747432264349095,10.985951601512289,11.050165534803941,0.0
-4.485708864933227,7.654020956376103,6.791284121202033,10.912389652464949,0.0
-0.8745760716031808,6.595101684998984,9.78890954360723,10.124046209264625,0.0
-6.3577075150114695,8.9719460625833,12.888971190303502,11.500446480183674,0.0
-3.645540945799694,9.060519343446574,22.93302265182309,18.01557961172417,0.0
-3.532170814293776,9.26235839082446,14.08866364592063,19.302665369075992,0.0
-4.665821288413765,13.88072580961276,15.848546718460211,19.286688837168843,0.0
-5.648358298082391,6.58683034371993,19.741185649191486,17.249832545943036,0.0
-4.172494132438842,4.454300792394329,13.75611811512494,14.73567881789999,0.0
-2.124168833502626,5.719518628073734,21.428017542223223,12.416354443591453,0.0
-4.290252853012693,9.090295346320588,11.94162216876787,15.737304455012866,0.0
-3.262839882952189,8.305143750268607,17.820436168436572,14.87068243379629,0.0
-5.239770643131323,10.241761833748727,12.020689916513474,10.454369627365745,0.0
-10.33221395016744,5.889038892749549,11.16092868411084,10.9778572266208,0.0
-9.463059102001575,4.689627103413296,11.54081026776046,12.260147568055856,0.0
-4.804573455209262,3.3752572652221486,10.599684967349573,17.630344863251903,0.0
-2.9907237633451382,7.252026825715192,11.104558572982532,15.642198292389981,0.0
-0.5592492848917232,7.044047606753752,11.310967433071122,12.25710463651333,0.0
8.515442372836095,4.082708720728522,4.9650815601741565,12.908456531693682,0.0
8.096832059716824,6.1993430040809585,0.9485915774437323,14.731441527906206,0.0
18.376872448859285,8.588930986224723,10.320322412587743,15.47470852078521,0.0
15.844571384426356,4.31103574440555,8.37068667960629,14.808334985978055,0.0
15.125675447340113,0.1828372665078799,10.212756509053012,14.885072470090467,0.0
14.401671196998842,2.1566750859018935,13.406117923393605,18.948550866809594,0.0
13.103361858995255,2.9448451156107964,7.9323328709933945,17.320237649228943,0.0
12.065197524321894,1.8559023767839449,11.766044140084801,10.225992795520888,0.0
14.90651239303464,6.730401824767163,17.708349331961195,13.322945158621506,0.0
15.489673174590818,7.513425404148784,15.692920930886432,14.251895935107717,0.0
15.591594201809032,6.31295251955453,7.6166216946384395,15.039219689422819,0.0
13.499421633036334,8.487590326102033,15.538008515595433,15.124292070579205,0.0
16.61054492364751,9.159288077095713,5.5983984155081306,16.064853280979605,0.0
12.173220622582111,9.990118966681262,4.234036159141609,16.065359005588473,0.0
13.688376579343947,8.179798486321038,9.712928133963844,15.017385445514378,0.0
17.53184850661121,6.188240761009304,10.936743438080061,18.788153485428698,0.0
19.716217464231057,6.9990002855788145,15.501909340877495,20.123817868648402,0.0
14.29246491487022,6.903261735267365,11.148282927591701,17.591461380397067,0.0
16.325984667941764,10.671210782081118,16.92781581508426,17.395624392527118,0.0
15.690478979004146,6.541944119748595,16.829835198876417,13.353737507200671,0.0
13.36122712772998,10.391181390606349,14.648572925856802,14.052729240242847,0.0
14.003067294315349,9.324542238985558,8.457365964739859,11.618049189752298,0.0
13.182831985462727,8.415901202893377,13.001682115947695,14.545826383151821,0.0
15.327141058115846,7.471874932297922,14.310573534242947,15.95012428574923,0.0
17.01817710045404,4.508650975683645,12.249380650382964,13.194461852389464,0.0
16.167064425177127,7.008297002261769,7.195321988169564,12.675273178684957,0.0
17.651766683746047,4.5108471995713195,-0.24100690731533803,12.764007855361065,0.0
15.189613759202032,6.57870776587691,6.321026252029368,14.777879629046428,0.0
13.757346648442018,5.55273159564737,7.361920585973051,16.56604063982742,0.0
17.138501562481213,6.012238749872865,13.35928776745276,14.321323973301125,0.0
15.582192120006013,4.3453011033567215,9.526871428445233,13.621749474861751,0.0
16.874327205590784,6.162148349345917,11.378919439287419,12.795272183659119,0.0
21.39997832756917,11.089637421099116,11.141133964675417,13.151908153742042,0.0
18.90094679072015,9.778313500720746,10.509527114503625,17.46980183105371,0.0
21.678191113539448,8.623359880491178,7.3269686890097345,12.668570599189968,0.0
19.434404202824993,8.894467355639787,10.69261374534221,15.159094307046434,0.0
16.362422531893227,6.548118784994044,14.2772752172072,16.37245852101401,0.0
16.64164955454082,6.476533982837195,10.473414519724072,18.63791161714014,0.0
17.299881259403097,5.27879070534972,11.073364983331357,19.741459693865387,0.0
16.71360461123615,4.909227272988647,4.059530423734864,17.18148959229351,0.0
17.518444336474627,7.136994859750821,11.97277694203913,17.41731634477692,0.0
17.852530968326963,5.769535324777263,9.435347581268367,12.946695125265748,0.0
11.86019474949986,4.662589659114967,7.663560681793072,11.259641474552252,0.0
-2.671550940684154,6.317729002540798,12.874259388356306,11.717962463416697,0.0
-7.767132497631052,8.259562233841754,11.683620928965514,16.70686523203659,0.0
-16.431039028254375,8.569349369413157,15.558032388721303,16.082134444572734,0.0
-17.732963676145747,9.31674613847507,11.236848806709894,17.563351767790422,0.0
-19.305272152695004,8.796643579183986,1.2859907834318793,13.503007889084188,0.0
-18.40380134554555,8.216607580774,10.389993326610544,12.713663345685516,0.0
-15.091395664607667,6.726275246094973,11.62946515668825,10.334219245276298,0.0
-11.956596302012525,10.496790902325106,11.258142032770264,9.070436553028294,0.0
-14.464559729839525,10.921530182506359,13.46134579295842,10.636031078957961,0.0
-16.31436650824165,6.447404266884304,11.268562178652378,12.998655754199277,0.0
-17.53385673354383,6.159253023311914,9.961664446302917,14.924663942800942,0.0
-14.368067402443533,6.62197368211441,13.02025131769177,14.903765015033434,0.0
-16.643727994100427,7.797453725321188,9.678207204663025,13.120506529033655,0.0
-19.206078495426983,6.404560964935095,0.653041223746798,12.002003314395505,0.0
-16.93829748520735,7.59743088926531,3.4379997635847213,14.60775948745826,0.0
-20.458395265629445,4.711447303226848,6.72781842179955,15.840986209691547,0.0
-25.56807775493009,3.1127371913293445,14.773311158397451,13.887713940784305,0.0
-20.026459058189086,5.508330991561641,20.74218432516735,12.804996991361545,0.0
-17.911109557875598,5.031751736752186,14.427207246573362,13.261608508123517,0.0
-19.11187533563536,3.114133621148402,10.267160810125898,11.709519621361645,0.0
-21.169763115332913,10.801797573727152,5.891759253078099,11.876725390033418,0.0
-22.596852250111443,6.736360067409416,8.607611199800528,8.619681818012397,0.0
-24.430574625705024,5.25117624985132,15.748056830225668,12.392505967255076,0.0
-22.60081727492351,4.688343564794808,9.461434922805314,13.212275617947157,0.0
-24.495720957794695,4.373845093567649,19.123550208266785,10.279094516000253,0.0
-22.43749923259653,5.8581476169336355,14.47848447439027,12.133001857926168,0.0
-18.26181563063341,7.814300439941896,12.116592348639356,13.937425955311356,0.0
-13.571873779076455,8.784147480915973,8.434847862874374,11.147143562119211,0.0
-18.0339193194449,8.12548899338741,9.06513369298657,12.130137394510154,0.0
-18.271186639805823,7.059889917699529,5.366742455107164,15.377114211914346,0.0
-18.194214411623232,9.81070022625169,5.237052350101164,17.521846133579,0.0
-19.144109789908956,11.383651479846932,0.7627831180403124,17.28358985329066,0.0
-20.87091927242184,14.338565115334376,0.778994907540425,12.710204640009248,0.0
-21.029051931409665,5.917210522644858,7.8767688472892985,14.107414534053781,0.0
-19.38790018227121,6.370291495045526,7.061560910037879,17.164837815041768,0.0
-18.49677563373539,8.364226434119557,7.133150491618162,16.708929605481302,0.0
-19.952851376653392,8.66528829050359,13.871582261220112,13.950944595405533,0.0
-21.223623127151928,7.615741756405578,9.44998879362907,16.588686751878964,0.0
-17.639324856885853,6.720376523959955,7.726143274255362,13.74065923817593,0.0
-20.21445672071219,4.8012059231260675,12.301466729981703,11.875338945900637,0.0
-20.834257205640263,7.78395910840609,10.220974235673541,10.466547095125422,0.0
-20.1135943629119,8.972789478329895,20.663910407414647,13.818286673794882,0.0
-18.23686004602322,10.439918692002593,15.896403400080159,17.192988039472123,0.0
