x1,x2,x3,x4,y
3.9285897680557196,8.97543452554655,-16.738321396585164,30.48629921568025,3.0
4.7462914279046835,6.659970244101365,-19.83913734361044,32.1163808581064,3.0
4.095211029852397,-1.66703508858172,-15.206439021213185,33.90269096252655,3.0
5.1697832860402215,1.266064465454189,-17.61830763334046,24.465001568829404,3.0
5.419478301779282,6.728954554876632,-16.007199147194807,35.088836357875394,3.0
-0.08949182459775451,-1.9931792856754367,-19.68178389410786,22.265540507690112,3.0
0.05149017923951971,2.5459051108556086,-16.340597669148746,12.714256964047644,3.0
1.9364853488771814,5.481784459989726,-20.103131917571744,12.400406330371329,3.0
3.473303878986458,-5.836535589521312,-23.434911874387016,14.500114386307297,3.0
3.864691244403299,0.4076732953239799,-16.15683313082198,15.930393309922604,3.0
0.12936547406437582,-0.5006098247313755,-19.533522748235455,27.940059228978328,3.0
2.489608068190957,7.571700133165567,-15.609732869579613,11.32088569210324,3.0
4.405628683233264,-5.624082190837736,-19.09259096804895,25.912400467438346,3.0
3.8619678081995112,11.747659989766683,-18.416294454366373,16.364775078726016,3.0
2.4915312945854704,12.133374258637119,-16.572863060803634,-3.4230592758789875,3.0
1.4050340782251727,4.111736901889104,-14.69829096722183,13.276436042674383,3.0
3.9077178439174682,0.7600890184314286,-13.550976259669625,17.555667112996794,3.0
4.138752093005945,-0.04158661801532437,-12.749691974719234,-0.4672628343900538,3.0
-0.0036560764479574015,11.077605030792949,-16.526689627065124,17.332935265622524,3.0
0.6914453504741933,8.077978216784452,-15.457999070548826,12.410591781674109,3.0
0.38999856821463186,8.646299844108377,-14.290425546867692,15.619782456046199,3.0
4.565140530214194,13.519570547291007,-16.02921531979835,20.049089143191775,3.0
-0.48792970842706695,8.182516939132164,-15.11219461786278,12.623407594932049,3.0
-1.813581213278467,9.601131860185456,-14.456631987954053,3.151906277822217,3.0
0.4365750167414255,10.787318957471877,-22.49914008794096,-4.499893701124357,3.0
1.48543990355266,14.316119358328798,-20.138527210177855,-1.6492953099168801,3.0
1.3355650011955238,10.051003078813785,-20.08200854170068,3.075915961175232,3.0
1.0262580495038933,13.617904136661725,-19.852906799432006,20.58646021629287,3.0
0.14823192436953692,19.071706890432992,-16.271905558289834,12.93971718230868,3.0
0.8181222280871605,14.714727708907642,-19.035050608581486,7.216373051532191,3.0
0.07280489738141482,11.39174599483404,-20.758345330342518,17.623866496253832,3.0
-2.7504223539442747,19.616438968104703,-26.259002057570207,18.059244542423244,3.0
0.30190639022119803,18.985010721875078,-21.080493732328264,25.623406396383288,3.0
-1.042338707403898,15.713342530670289,-24.28293342362168,35.65681667325158,3.0
-3.393845845619792,16.10801771980542,-23.149449859865996,24.178777411468566,3.0
-2.504645188024177,14.370220518695632,-15.08156415547058,18.750410484752475,3.0
0.8105855098146009,11.099295399250334,-19.152833975902425,19.922030713921203,3.0
-1.7562976703868203,16.39876538625068,-19.966054395585644,6.77661646611239,3.0
2.246007269024957,7.766998254716884,-17.567118994922634,17.006954995294617,3.0
1.6436726406462492,5.40349938226281,-24.08855612272328,28.17021332575849,3.0
1.102537557952131,10.20208284044884,-19.74513105309579,27.83141259847701,3.0
-2.3924148012534614,23.602765164815107,-18.078991585942983,17.610355154304376,3.0
-1.2651698098644175,9.4247261660741,-11.927803204859636,20.143449496082646,3.0
-0.663156814124986,4.38203005430346,-14.693085073748092,3.052999972374195,3.0
1.3264300283431445,5.005222738443778,-12.26904784239705,1.1397088542000162,3.0
3.2481511790054842,2.713790673794577,-15.88597752238798,-0.6347425448791171,3.0
1.4850956721137163,4.378021767005307,-16.96001536522978,-0.4709749627457942,3.0
2.459045459487923,-0.5509065492100058,-22.11460917363433,17.527967072823802,3.0
-0.11502240011075515,3.5818876409440734,-20.555850519912674,-0.4193667441451936,3.0
-2.0280103096734323,10.054582133119101,-20.324780470851945,-2.7258963569241157,3.0
2.9879595588626087,11.846329931538913,-19.41642574610583,0.21689579293669148,3.0
2.4672093673828543,20.79380741457041,-19.683514534521017,-7.826976441428444,3.0
2.789127268984533,14.624251960468172,-11.64620291098081,-4.04332949971404,3.0
1.7780511376304513,7.306008367935809,-11.552742396139285,-13.311586498535622,3.0
2.618836796656498,9.083409852721584,-14.193184291485766,-7.554705454895381,3.0
1.6780385161696438,5.404613063966447,-18.58217864974074,-0.6957670156455817,3.0
2.5001369625256586,11.75368490352165,-29.19069074538287,16.173171682610782,3.0
0.550233912585358,6.3223886155961315,-27.683064682918758,10.844370848177324,3.0
2.6097500219454535,7.597868521755336,-26.157054317837783,24.635139436989462,3.0
1.726716826906805,8.811650690781326,-20.27759483368796,6.370779995832964,3.0
-0.42157115026429604,2.6759730798204364,-16.434137012345666,7.875118716005256,3.0
-1.7035077473552938,11.688401928785154,-18.1361197075418,21.638763459613173,3.0
2.46942108673118,16.855633067384197,-23.766333243198865,18.031479997436087,3.0
1.1497263977660444,16.583954928547954,-21.89773733775022,31.204886889377438,3.0
5.067485514488923,19.492439005485338,-23.039749993524662,12.021224101253235,3.0
2.078042930681627,2.0506805799759067,-26.882020374090757,12.643808654238745,3.0
1.6910632606137832,12.940822047220301,-21.90783102727576,0.8971064651744758,3.0
-2.5787066958375005,12.709711546480374,-23.53471989497197,2.9734826083328105,3.0
0.7731346881109565,22.150673234906066,-26.923691206774674,-2.368910497275582,3.0
2.2420765368520965,21.405699840134787,-21.4234900642,-17.220669679142162,3.0
3.971544914533626,9.326119890559854,-19.21090109831997,-5.3050844874673935,3.0
4.170753282634328,1.7760483640016376,-27.182993488364204,-4.438025583388034,3.0
-0.23422728978821206,-3.744970982124551,-28.531540941402117,5.895349140661882,3.0
-0.10229602909719349,7.537877129745212,-30.86219202026089,-5.245142375957987,3.0
-1.820817215797062,4.605886193135832,-25.302156619395124,-0.7354650345054061,3.0
1.9543634531457368,8.580517072886225,-23.40318381849118,-3.657590480462927,3.0
-0.2407344171410184,9.630667332204903,-19.521240530424972,-0.09071909242591047,3.0
-1.2599557675163604,7.7446436484053836,-24.64768043476819,-0.4166787492990469,3.0
3.0822726790006,4.390676489102442,-22.82028351063488,7.743711465488766,3.0
2.3235344830178963,-0.24066203771599248,-23.294144226022365,11.38212411969187,3.0
2.7979044990045607,11.460897598277066,-23.805091619787284,6.823511141715251,3.0
0.27369576632427334,5.506616450600549,-23.78129744930618,-7.021275187318759,3.0
-1.8368705210238783,7.570427291389957,-22.1193855870788,19.937350862968554,3.0
-2.8982690750764912,7.5950671892320365,-25.18479132055751,17.816393294709435,3.0
-0.5997110755110513,7.7561868389424875,-16.815150487335025,6.984961040546168,3.0
0.0994387747708716,19.59294049472308,-16.450760964188888,18.080982431910478,3.0
2.23531169884843,10.632209769058939,-22.2340689382959,13.371047907098369,3.0
-1.7775199649806468,14.469665008367366,-26.241303950526113,23.238341480885765,3.0
4.964473441497726,20.758560793497615,-22.611916226854834,28.492729082946152,3.0
0.8087908103616765,14.193451781378991,-27.490092565004986,20.314119857591116,3.0
-0.2802591906562577,8.462137074102749,-22.203820604835062,21.224799598783918,3.0
1.7377947981436563,17.310570064679993,-26.885803116000872,17.35854313854709,3.0
-1.3037661862076726,12.14633939415327,-22.805459630248723,6.926051101650078,3.0
2.4088518996387926,4.382988481171279,-21.262358413884936,8.374253390903577,3.0
0.4050307820608896,-0.6907376789667636,-16.753511261898115,10.448122996242448,3.0
2.465796900180398,2.430212246002761,-15.240609311709983,8.703655432866384,3.0
0.9097551283702667,1.6645292955921294,-13.320632292480937,-14.831961781593535,3.0
-0.4505909325010863,18.147036757227447,-16.01330038079431,-14.824143796235123,3.0
-2.2928728225054122,1.5975674488005254,-17.013523240434417,-15.129965356642018,3.0
1.0163592956996395,9.845440169416054,-18.40786820687631,-16.471753652890605,3.0
1.1130162076134336,5.6454900004545845,-18.97121545561425,5.162240896510045,3.0
1.442366160039792,-3.969856348282521,-19.506972085304795,0.16919777935054725,3.0
1.6750320576416406,-2.4463835903264473,-17.80989811980299,-4.230715201140638,3.0
4.169183599162454,4.200097928480972,-18.887849355987413,-7.944128565273943,3.0
2.269296061902856,-6.037716843576613,-22.725300263627418,-27.774147384195654,3.0
-0.09481037258254166,-13.394134117975039,-16.05128315914033,-12.557318154736956,3.0
1.9553274190569945,-10.574257597460322,-15.226636406064614,7.375526771291044,3.0
6.226395187712171,-11.667751649096164,-16.926108352686903,-0.15852876784194692,3.0
6.7929877838819985,4.133135193578598,-19.19518636353853,-5.5209722416366365,3.0
2.515283960325506,2.8625845146778572,-19.219931107912732,-21.55108667529431,3.0
-3.4688295930950614,6.6455365049370085,-19.714693462676426,-11.051871018293724,3.0
-7.52122081707939,17.134462197676704,-19.389838827991138,-16.889897120804974,3.0
-6.316133931437181,5.992723611053851,-21.754300530151617,-10.866732424045214,3.0
-1.4156142063521822,2.518112607119603,-19.62761892138261,-5.842663146208967,3.0
0.17477341831210647,2.966282726294937,-21.130503396451036,-13.500673592866626,3.0
3.1948839444951487,-2.549045298011678,-22.25145755968188,-24.484932947014318,3.0
1.4358778645940267,-5.133031944167929,-26.144446054364245,-23.517042875857655,3.0
-1.6807061205018257,-1.1284820990050246,-13.645077589493702,-10.223626461298652,3.0
-0.5672013787469401,-6.627360650445125,-14.556048176667428,-12.531338322477902,3.0
4.678415649334929,-5.932409851272274,-20.61795980561424,-10.244198615538076,3.0
5.286294390649915,-5.861650710782213,-20.993511171846738,-15.776592015191246,3.0
4.563448676141747,5.925716836860625,-19.471382217386942,-7.45537453154974,3.0
3.270940142646216,21.845698003577553,-14.567748829137509,12.725779270361418,3.0
-0.32123648306417085,11.812876181936117,-12.466148067820226,9.023190106823993,3.0
-3.8261416583962404,18.237236793202165,-16.496190681736223,4.319615957467747,3.0
-0.07911826757129559,5.581905998934696,-18.832315360830027,-2.330998418000693,3.0
2.301570555503358,10.70819014527671,-16.747651156740968,0.4943568510487033,3.0
3.5161216608769275,8.601158186095493,-14.767682555944422,-14.760719247134674,3.0
4.634791315404902,17.117116980325154,-17.722706596917085,-9.931943275708615,3.0
3.404861835874442,25.069925396810973,-19.65398656674688,-11.896072479202921,3.0
4.50009889572064,17.08958774489936,-24.983700971241458,-2.1522479735842275,3.0
1.8519352056544214,4.301762646649265,-22.83921611633579,-35.34010949921935,3.0
0.40567036888601343,5.309376481355824,-16.481998068690388,-7.6938774257814995,3.0
1.016526761581456,21.790957738539845,-19.878561588375263,4.187265026352335,3.0
3.5562105760144966,8.763021131806637,-19.593694564597605,8.651587549150793,3.0
3.615308820342621,11.027684181120442,-16.207924235199066,-1.9305595834832516,3.0
3.788299678900894,18.59328557551725,-22.436609118993196,1.1197430367104535,3.0
1.4221444825601326,17.656706868791773,-24.480742057641223,-17.688917192229482,3.0
-0.4569807128026521,18.49405314139353,-22.57677681674155,-7.497830425663027,3.0
3.049621430839475,-0.3443328779876067,-15.265411825996544,-5.692388232114143,3.0
3.177078383631045,-13.444134114115384,-13.537653735745188,4.59740593759498,3.0
4.609975135119226,10.90505539853319,-14.446269911101997,-9.685876982487542,3.0
8.802497538217644,16.936405416909643,-15.81173265066476,-12.988554052648553,3.0
0.9634787835443728,14.878839278360875,-20.29610861636831,-0.23537405709520698,3.0
0.9761167166324132,18.902637800433077,-11.953054724821628,11.657668201919176,3.0
1.5868318979520044,21.868094657739082,-13.402126904932434,4.225726307817439,3.0
0.618322006014921,14.036190088806165,-14.875248490887001,-7.586401891975964,3.0
3.3440347413273432,15.360129507361979,-22.28217713329448,-5.184300238075668,3.0
0.5377425034483568,-2.299044699991878,-16.96861526329057,6.259238204294548,3.0
-1.6913449106849567,3.7872420095731623,-16.66664858432458,4.262612839441989,3.0
-3.363342047692127,-4.232149096780034,-17.45617030751101,30.25575423994278,3.0
-0.7290001424255419,2.7223505527061027,-19.414378342349544,16.5697577669104,3.0
-2.413572652668777,11.150887446458482,-17.538594752738,2.165681523101444,3.0
1.1406791001204455,4.275115207484533,-21.349055902222585,10.063136732388761,3.0
0.08038085021014102,8.44532435733566,-19.480196830199237,7.880209167675498,3.0
2.8821916578120783,-3.4256423777680136,-16.478761924370687,7.344398377733571,3.0
4.304279262356688,-0.3238339601648439,-15.74577005425867,4.458114939820411,3.0
-0.2816141159679043,-4.366034098125318,-15.32814465572974,16.77822933677171,3.0
-1.6472809051098007,2.4247490836692656,-17.25553070353161,21.643294289393534,3.0
-2.9896131622430655,1.1203533306080793,-17.709040341294006,17.310149548011438,3.0
-0.17420343783785952,-4.950004228308161,-18.21333070815866,-7.140927861633305,3.0
-0.8648923461187314,-3.567766473782557,-23.38206224134027,5.471694140199409,3.0
0.4439544597332432,-8.951179974554709,-19.71157826974173,0.6953336180694549,3.0
4.240080609397998,-2.102426584063931,-29.666898158507244,28.442728465404564,3.0
4.119108419213901,4.935386067357243,-23.220277226927973,16.990913871074593,3.0
-0.3088090759091371,7.34974792742047,-21.848180295676304,10.036567985026602,3.0
0.4876080517337835,11.604611927471133,-19.332763947041936,4.67207147269707,3.0
1.5295637139837162,11.066922143650688,-17.644183752910877,9.940958231019795,3.0
1.6014646154984795,18.75067886946872,-19.07992884886592,23.70661437090905,3.0
-0.1728392453513636,6.211941032446423,-15.430505851970175,19.198900449965972,3.0
-0.9281072052357232,19.45899798061328,-13.360036973668286,14.309513233647252,3.0
1.6345074768164882,14.91219440321099,-20.022036488851786,22.95515264050121,3.0
3.1201236169985047,19.776795653528055,-16.011877569700978,9.336373015909317,3.0
2.6497825256491065,-3.4423449618125037,-16.78252586671348,7.5334261971568495,3.0
1.4613502799001037,-6.383147705035272,-16.005543979983273,16.9117175117717,3.0
-2.281189801337816,9.331835246641518,-18.6489597064141,22.41910400737432,3.0
2.984264652859987,7.439417169176004,-22.60389170594238,29.954454078923284,3.0
9.149272801559679,-2.5473544084801745,-24.1469699208439,9.257859229872428,3.0
2.278688622348578,-0.6979516042198242,-13.33447347171332,18.267707842004285,3.0
-1.2633063500738007,10.818994579908018,-18.457578775707255,13.61977142551655,3.0
0.22859755654856406,16.62636504023202,-17.864905854361478,9.94078329275098,3.0
1.792910871954701,15.770079929489917,-17.65522006169022,18.038112997250035,3.0
0.7174720643788843,12.43898994125966,-17.92763376526044,18.71342124857485,3.0
0.212441776903753,10.25557516467341,-15.88736518285871,21.913577818026,3.0
1.320583014977886,18.884796995364155,-15.789908511041927,1.4977875106075196,3.0
6.958786407861012,14.855999991756484,-18.353266773283494,19.14242001962171,3.0
5.230748945617352,16.300527837824383,-18.48179752711619,14.846176368809452,3.0
2.1428361293111577,16.400545447110527,-18.53453267543668,13.09122896060721,3.0
1.3986896498200025,13.373278403987342,-17.43884130624209,15.328131472418283,3.0
1.778993170450748,11.724429313201057,-13.043170497566727,23.35847534904064,3.0
-4.090251252726232,12.333784064455017,-8.661444095487653,16.113554490850643,3.0
-2.134800992990719,8.873084370170373,-15.83565561386228,-0.8106144436002349,3.0
-2.9095704468933783,6.308452620851937,-21.326072425069405,7.74294546081811,3.0
1.61417307802216,5.870263536744687,-17.808315043748195,7.43080905163826,3.0
-0.9104217381412327,7.54886977556154,-24.588515814958605,3.009672952658903,3.0
1.0835691093744886,3.0058134140530934,-14.498281281607643,0.6998563281854757,3.0
1.8074959364865502,2.332651874921692,-20.077826712667733,-4.806677973887998,3.0
5.169230885275347,2.63292623031202,-18.623526626021636,18.61052665982347,3.0
4.619074842218185,9.629911214622513,-21.428497244684813,-9.032389512055245,3.0
1.9232239944811715,10.276640255444615,-17.825719349617703,-6.273070005310158,3.0
4.004073967811761,6.5309372542942015,-18.44579694402661,-9.805014089091545,3.0
2.981879850875474,0.6901781337717523,-20.535173983476902,-19.949621914789606,3.0
3.4962221125217035,4.797331410878626,-13.13081729825169,-7.6467640565773,3.0
0.957418373091019,3.109580505318522,-14.225227159137281,-4.364874202390597,3.0
3.1003595502588897,3.680580371068053,-19.14318540050821,-6.889454420839778,3.0
4.450028144174892,1.087749458280023,-12.752882548544392,-9.173804467224574,3.0
5.032918164639755,13.235749787742547,-15.302598119970245,-5.137416828941842,3.0
5.9893725823937976,12.433273240964914,-19.211626187326473,-6.945638664900192,3.0
5.117607671214467,9.416674339385633,-18.295603892278137,-3.7401738257530983,3.0
6.380748931540815,11.110405988418943,-26.891781962912408,-1.31380904105146,3.0
3.2578158820525065,14.6703563925799,-17.818896315955065,-15.116710345522957,3.0
1.852138102248976,22.632263335369725,-26.760574803840672,-17.35387395745273,3.0
-1.888136247397613,15.553685708548398,-20.42704808130688,-2.8246486298083435,3.0
-1.4806993388211178,15.520321957249404,-19.334289289780745,13.247448077338543,3.0
-2.3098983333375873,-1.4464329134823295,-20.889194983638593,25.648625396725773,3.0
-1.2254094291110853,9.16428060913199,-20.225131196722714,12.928164889984195,3.0
1.6782983412901047,16.44223267751205,-12.777579469378624,-1.882354381218982,3.0
1.5524507373770287,2.9669413207041417,-13.750414665428657,17.60785070842192,3.0
1.7841883304184982,-0.5858347742059209,-19.017510179037952,21.885955143695107,3.0
2.4334559532642195,-4.19120253871875,-13.095224808820985,10.75292220373092,3.0
0.2385698365535842,13.709036482440885,-14.812695637473956,3.121594484342345,3.0
0.227420989420986,24.003937395856134,-21.60210027477503,10.474335506930313,3.0
0.7728784916473757,31.62045107897554,-18.212681461211158,1.248243361948652,3.0
-1.2810697518628642,23.51131224507887,-18.918751216429275,18.59302955021193,3.0
-0.5194365832585692,14.959748457347384,-19.140815738982873,7.643539144575598,3.0
0.9640859203182639,10.53316203005161,-21.05699308708713,9.816295304111287,3.0
1.9581403575278897,9.001547230945548,-17.81760523533163,3.9499054300201517,3.0
-0.08023284244194784,0.22581762726215615,-18.55216361164565,2.695183928800604,3.0
0.8667785056913025,2.9006463140648755,-12.07301463228568,14.903031717480395,3.0
-0.7340044979348771,-1.1630823066377296,-18.452736784751885,-3.328807580542181,3.0
0.552816247230914,3.9852386286626773,-22.118719434324152,-0.29744769448242536,3.0
-0.5659357996981103,-6.009252024422885,-16.373832669572636,-10.54049414344323,3.0
-0.7152427796387661,6.643293943463467,-15.333698700502739,4.115576935248223,3.0
-1.9670918535748172,3.857734163547049,-13.533553979993108,6.106822367211119,3.0
-0.04304452270095471,0.9957140777513083,-18.222496760558112,12.496474568127656,3.0
-0.3840617517879983,5.720606486207547,-15.70001961989497,4.834371230922897,3.0
3.934540237957335,11.015478102171995,-20.544112625481592,4.109088644042956,3.0
2.0899403910920737,9.66892886298967,-28.017166020513304,1.1815410773864845,3.0
0.725703246879041,8.672286173753243,-26.024903633176677,-3.0699106542821673,3.0
3.8625800401672317,-1.5566367593622132,-24.449301976136894,7.364696317387165,3.0
2.7526789557847335,12.71221160346067,-18.126499795335395,22.363117160835134,3.0
-1.3053589707160844,8.70175077738239,-14.84955816176368,5.545254432057224,3.0
-2.182199436875969,25.066636643639683,-12.125265008693049,12.941410631479087,3.0
-1.9782780019079818,16.45153364073857,-10.816561433668696,-1.7861196575990501,3.0
1.7959973509937104,20.002720005639524,-8.329766152837255,-2.2865498679784446,3.0
0.8656817022119303,11.660532174485517,-14.045300078872511,2.8560153461860835,3.0
1.4132561068694827,14.833826730527637,-20.857118322652525,9.611432320740443,3.0
0.32725790362019513,9.741766415161143,-16.830229680867717,14.065030196554691,3.0
-2.0710570631934098,4.8830670473909805,-13.083433865300746,6.420151544360342,3.0
-1.580889952881243,5.5488666457533835,-15.342200429521078,4.179816960257459,3.0
-2.2653449741755844,6.059253129137255,-18.403265595538866,10.909061516720278,3.0
1.7018109983628178,1.197077119204022,-14.002269868142012,-4.272400556539516,3.0
-2.489939683870446,3.4933767596098937,-16.705399018282193,19.066356276284242,3.0
3.4228937015526677,2.7456003191658422,-14.707011071249097,9.177188398335518,3.0
4.09205437489412,3.1199491552060676,-16.73251719567175,10.662946817991612,3.0
1.8358177872570156,9.246766111577546,-12.231375424403488,44.27636090558097,3.0
0.728276938722326,12.323595203039282,-20.527181269714816,40.31018655146147,3.0
4.414612531988892,4.283784638373341,-16.167462385937956,31.592143662869745,3.0
3.681982137895872,3.8572246361974134,-16.930710860873873,30.160447893201912,3.0
1.920625977118383,6.4827639469605565,-20.564256229001113,19.192537340245053,3.0
-0.9579926982524591,-0.4518457347102629,-13.681150084947824,4.068670413356214,3.0
3.1742585360194604,12.931954098995718,-21.10710239892845,25.53933780621145,3.0
5.028076554582849,7.630732507066146,-19.638971785757278,23.256838473016565,3.0
0.5831991326001122,6.945607144813877,-12.069997717568771,22.59483660260011,3.0
-1.379861105982219,3.3659906791719925,-12.166517874497583,32.82127752777274,3.0
-2.010517588396427,3.0818603688586217,-13.09303892868403,22.318975828466254,3.0
1.374216555115896,-1.1622476392276688,-11.587486707396705,20.080316509104108,3.0
1.4272038847066346,3.4614928768010227,-16.002423418874116,25.820742650750603,3.0
-0.6767254119131465,9.826084790908014,-21.358831284680218,23.523952998308964,3.0
-2.3339472399687273,4.3727506111602175,-20.76577783308654,17.42033210265882,3.0
2.775412405802819,-2.707359866085225,-19.853822555454357,21.529877633847697,3.0
2.6996403443400454,-1.0010417724974783,-12.166618578739772,8.135386644067989,3.0
1.1281197531388332,7.837088807132401,-22.11526813056114,-10.505810548264602,3.0
0.9166864841997888,1.864179600029762,-22.915277727047176,-6.452208930076942,3.0
0.870412907820287,11.004276614717703,-13.356508406325752,8.796873800376737,3.0
2.308039812653452,-0.2732308464368387,-14.8964724088356,8.813716153483018,3.0
5.335743417005132,8.202786554276388,-16.951717529067707,-2.273690024281567,3.0
3.808362402044205,10.071701828741947,-20.82524255780974,-0.39442072794563643,3.0
4.650554200128522,4.8752682158491965,-14.449894660869626,16.45652808205733,3.0
2.79535813404723,-2.20967124879036,-20.135590272603817,-7.752130129247304,3.0
-0.7317336581517038,-4.929577681283424,-16.971408806249595,4.172794268348504,3.0
2.3503377812071014,8.63290112597731,-17.348412012609778,-9.351665256333792,3.0
2.9889577250077934,20.57234174219598,-12.737650590101392,-6.869845043166199,3.0
1.757267608015452,27.612896289563004,-16.0946395113279,-3.315349826391845,3.0
-0.612195967507229,18.64243270512757,-22.916561736253286,25.492668632938233,3.0
2.3467034505444477,11.50769830532608,-23.162607360857713,26.262095328676896,3.0
1.8736794844223839,-0.15013593674748282,-21.366407587829052,19.5556097965843,3.0
2.1748711983493854,16.547909119965446,-19.08847071805221,22.594323916371756,3.0
-3.2722333027530532,13.508453353715723,-17.19745930180687,-0.350008612958848,3.0
0.26082119454158725,21.71147260563089,-19.589064121319648,-1.1961364666405805,3.0
-0.023304114714544244,20.08735059162884,-24.59081669564585,8.2462016996405,3.0
-2.1145094512036593,16.56186418848719,-18.070532184370002,17.906945306892275,3.0
0.2052470819953136,17.835678621373297,-16.817414964283987,19.21111045808712,3.0
3.693027531013563,22.381616698913803,-16.799786377085216,10.198436015320926,3.0
0.7015608993990963,13.592899868327496,-19.08398389278783,19.097398208321376,3.0
2.1722863370532903,14.900393380754753,-14.96952608008174,16.43547414534232,3.0
5.063431550751646,28.422620618552862,-19.272094615487763,19.031495458246575,3.0
5.00995327463843,26.083666849523503,-20.685278583419063,8.959745649208095,3.0
2.592132185663717,20.708421659570824,-16.82182961931778,-1.9369362797961958,3.0
2.0081411613063596,11.735299210089819,-20.362464465182615,-11.130421984268228,3.0
0.32255741590710935,7.455617811032059,-18.938796009359304,12.098505479746056,3.0
5.118302904351223,1.2064461295924946,-23.44159880713231,-3.6112170287825345,3.0
5.160991054294145,9.562450719803909,-26.70708913637728,-1.1898232489024188,3.0
3.390845237122832,8.314631248717683,-25.402183970286337,-2.0429382397317783,3.0
1.4634886098803337,-1.4736587933652547,-25.72886693645074,5.387791386811765,3.0
0.12296849620444844,24.074716865103856,-19.099711285017197,-6.254639884341788,3.0
0.23414915293794425,13.696582088743043,-16.867201491650874,5.739361041677468,3.0
-0.9118114336117668,2.2332487952599425,-14.338963134853962,-14.150843998155395,3.0
-1.684705132440356,4.155893494671255,-10.193873100220117,-4.200439870443828,3.0
-0.4705772152283183,0.17602235680376044,-13.710205902462583,-11.960021557555573,3.0
-1.937012195407778,3.985895148457583,-17.14607764572595,9.314321523770483,3.0
-1.6522256543673017,9.435699497691242,-24.650149384949824,0.12991573348853436,3.0
2.5526824186076835,13.209456671107022,-15.798077923970993,-8.274139605278561,3.0
4.6172136929445555,0.6862511795901307,-21.70335352477442,1.2485023032500644,3.0
0.06752074805711716,0.9058812222816357,-18.797707046147593,7.141620598131166,3.0
0.457683868289382,-5.14102755013803,-22.496686919322944,-8.747876204193048,3.0
-1.7222125085305886,0.5546437195238383,-16.96205427723541,-23.653550029068715,3.0
3.004321773672261,-2.328050239291036,-17.425227072069283,-9.926746992361567,3.0
4.598824372605657,-5.732254131903851,-18.385423782316302,4.012538536434974,3.0
0.6050136038508771,7.166587512164579,-19.97186203533747,4.834235828525563,3.0
-1.9031283764540357,-4.255360590370607,-17.21093970295808,-4.054575761858098,3.0
1.4969582341250076,11.202206334553361,-18.559216848627305,-1.4578941584112486,3.0
-1.9678738003484162,-1.4067223233022563,-16.811491285769645,-9.071577133565288,3.0
-3.9381283502918167,6.170120203239627,-23.877881958853454,8.878700322396007,3.0
0.9967935197234403,15.736616311398913,-22.34087571297524,-4.0749185096080165,3.0
7.685776835796745,15.482694567029556,-20.88005869256909,-7.953264797407144,3.0
2.161078715692298,18.361647764271368,-16.92285484590345,-1.7468998894522234,3.0
3.7328860731080162,6.391663027784431,-18.809545476225814,10.296467270517006,3.0
1.7638598916570658,12.193558038866573,-21.600211849904316,30.57008737797601,3.0
0.5846526773060106,3.9740841708755,-23.238469677290777,32.97040661609329,3.0
3.0248421760488062,2.828878154656066,-21.04187797472354,9.144368787242172,3.0
-1.2931652364620325,-3.0011671723177473,-16.3399030297894,3.5255456986278504,3.0
-1.5232434781860755,1.2082412439823216,-18.147043476635982,7.42452009264574,3.0
4.958217714739352,9.40667200653741,-19.708736087015485,0.4385155386505355,3.0
5.430771971512416,9.481939454094015,-25.539080444098772,-12.717815828760262,3.0
1.6424450145707086,9.883561478399802,-30.636392516884282,4.697774180509393,3.0
0.7777936327902817,18.866193906039825,-21.182899135694868,19.642526356811437,3.0
2.264294199344906,19.173555983419522,-15.31003570047132,31.46090220900449,3.0
5.9015917128847795,26.86760679564535,-15.234504182134282,35.238984339925786,3.0
1.9460163018375969,12.875260804353097,-21.36742973744613,12.625671727752211,3.0
-0.22472333980282816,9.311974171484191,-23.695085882012684,15.850508573073181,3.0
0.47288144586546255,-2.0826329722278327,-20.073274785206873,27.883630161043477,3.0
-0.40265810308834427,16.73295509311603,-23.101736094469995,18.16540102253793,3.0
2.0431332649636573,8.260609328205774,-21.038874605222933,20.220168416705206,3.0
-1.193614557084621,3.0703630189426283,-16.54354119081752,20.950602322617335,3.0
-4.742061147302215,-4.754526923565615,-15.954948266998585,23.14970445602651,3.0
-2.2004808130423887,-9.060653668333169,-17.739003653494148,17.506186842757874,3.0
2.10734488524034,1.3965642613302554,-16.24910287075856,30.453193830170733,3.0
-1.2623921893400527,19.355751698371314,-13.055097043075326,18.261279723853786,3.0
0.8018048955165353,7.978055838208437,-18.932143376907835,20.72354919189481,3.0
-0.42332086662011703,25.482449856853066,-26.91453037325091,26.854776434772134,3.0
-3.1486091418407063,22.46255410064794,-20.449854641167118,22.618434840731833,3.0
2.3222711546202977,20.802458849289373,-25.906914779715983,31.438451955405995,3.0
1.0411033350404493,20.16508568143893,-26.717496573297325,25.557080972399746,3.0
1.2199824589277437,29.50962442846918,-22.655680980583657,32.28283987309945,3.0
5.862628401008949,21.933226747512084,-23.758181617440478,34.050682296310015,3.0
4.927144285852713,12.597691630862915,-20.884706160201937,30.590164604495108,3.0
1.5880184226839507,9.259161835533687,-16.283677612883775,36.13700497107354,3.0
0.3702592249141685,13.0565316621879,-22.209820173475563,36.961470308836255,3.0
2.9996102359436794,16.78764882947784,-17.333640377656142,32.08952210253989,3.0
0.4737739281198463,22.797676623796605,-23.581005643795763,33.68012491761867,3.0
-0.08952935757406322,3.546069098094115,-18.604578205713363,33.13025003487605,3.0
-1.9606140143727513,0.045696627222715946,-18.78871199028957,25.568149274122145,3.0
-2.2406523565633036,7.0561694454858435,-21.084257302987538,20.20802649458416,3.0
-1.724396911722168,-14.041175804723029,-20.91335426683274,17.143686728331396,3.0
-0.38080661183944065,-8.21901846900219,-22.428214847364597,9.130925287970124,3.0
0.7052897301411154,-11.710276952583516,-15.207931782574994,18.178699689534753,3.0
2.854909112893646,-0.951117494220286,-18.929207658270432,26.93661038229901,3.0
6.179553084936558,6.557763803270772,-17.705236231614244,34.67517211548582,3.0
2.3221510357276367,7.498755063022795,-12.162639405072891,33.74414443679794,3.0
0.06297593257402223,1.916250948552515,-19.124276391054185,22.964625129370244,3.0
3.048405699279035,5.586842116228416,-20.994595567963806,18.903849972499557,3.0
0.2632981467559634,17.492161858455724,-26.373930963414928,27.883654314367895,3.0
-2.6000918925552523,3.3017757076419265,-24.477102872730995,20.65902429899981,3.0
-1.149103319319547,5.679027559883101,-26.290524483626818,3.280696514989618,3.0
-1.4389952666347672,0.9929813780277215,-17.96435608029132,13.158902427780719,3.0
-2.1112883241635836,5.450718164233914,-15.926310892355566,18.963660941746646,3.0
1.1443677038573115,-8.640667145658094,-16.48420392919935,14.89528668786806,3.0
-1.0812396271125335,-3.0450933928485746,-20.33878745555467,31.27065639428353,3.0
-0.6592173458978798,1.3913395977477059,-16.825957927849526,17.90505515547796,3.0
1.7715297259956375,6.6213413526351665,-14.14899821079209,9.892498643850395,3.0
4.409206963830691,11.950797993277938,-14.9387215937006,11.058544966765822,3.0
5.11200121421482,-1.9881155695334147,-15.302311782637013,20.46652226262725,3.0
6.697064006115793,-4.414859285965469,-22.139475268508725,16.370521690025612,3.0
8.05152546835878,-2.811511873331616,-20.14783092832488,8.069373909159363,3.0
7.759178437253835,5.357764753968588,-21.439383005563343,0.3675940256761203,3.0
4.2113996408956,5.805729154024602,-19.127953707811518,8.13265750720367,3.0
2.7220847118289475,1.993031568895879,-17.346530828879747,-8.426389770282363,3.0
3.8282934481418254,7.669805729920711,-18.12794936113979,-27.951863738463548,3.0
5.677797454923574,6.151065754337505,-21.278003855354534,-23.394420909173064,3.0
0.21587998413538068,-0.8153284887677708,-13.791777947012111,-13.616012008709774,3.0
1.1550568858140673,9.801605730222354,-16.048788330231417,-16.35352428989438,3.0
0.34347253091942376,-7.2412201119955375,-18.402668066273417,-8.474095851133086,3.0
5.695753267015837,5.005315010221697,-16.7897316721348,-13.729082997528735,3.0
0.9238078659663954,7.180022191201154,-20.90931983393251,-6.550771305463727,3.0
1.7888524207323493,8.428273838963841,-23.644093245842054,-17.25017361979792,3.0
-0.27080827903001886,2.610125876403749,-15.97599706210078,-4.207137275245943,3.0
0.9598322874976732,6.82537950548875,-23.938066132735866,-3.0978274915920387,3.0
2.4138263772594,4.60724972647504,-17.594697129553815,11.597521562205666,3.0
2.262119816394419,1.2990244188799753,-19.401225596338275,-0.5947818181303219,3.0
-1.0135448735649812,-0.768871960715364,-21.606510582095762,-5.9643426907034085,3.0
2.726623726853141,9.799942364150507,-22.96433179401392,-4.968457843197369,3.0
1.163645850479516,3.739244745963508,-19.415894487811606,-14.720805912797221,3.0
2.28774640020608,7.261666266897684,-13.628138513675818,-15.210636922483781,3.0
-0.09826567390074367,-2.5763969079008557,-19.023013431687712,2.05695271407836,3.0
2.2994099804112045,12.357229710100864,-15.207686766971051,3.0190050357953373,3.0
1.5037837338686493,17.943920886785538,-17.68964171795573,-5.237963669180156,3.0
3.1376166302360344,13.070342472790522,-15.587078897389436,-6.652681279012875,3.0
3.1493295222303788,-1.5172170982503141,-17.418901912798372,-2.90180831885732,3.0
0.670031653722694,9.698695918213911,-12.847807570527447,-4.145764245782534,3.0
3.3500282599061397,2.5593877209376057,-12.202523423113275,-8.148034533980539,3.0
1.0758889698417335,13.689508904255465,-15.924421311933317,-9.70534324992134,3.0
2.307841200728896,18.5668084479248,-13.748220411872303,-6.9575730914138525,3.0
0.9410081083084398,14.38082387114422,-16.770714880448807,-4.098719291977993,3.0
5.704990985610543,2.5250606391905537,-20.79978769524556,-8.694213491124026,3.0
2.863414476138074,10.507919775573622,-22.309137915620454,-11.419057617528763,3.0
4.1798753838124485,8.591123296959886,-22.343410380202457,-13.78236740831364,3.0
1.484227994749112,24.578634289965713,-16.724578135971093,-12.301339391097772,3.0
0.03901905205885936,32.93121165464884,-16.349166650165433,-8.675482339966456,3.0
1.174222437185668,2.2228170373386487,-17.160859289954534,-11.475871044040376,3.0
1.039528024637392,4.984032023494047,-17.317057433783816,-19.40035964725687,3.0
-0.7852243178153802,5.007534699210262,-14.260081293084593,-17.964117214101194,3.0
-0.7443717858925143,-5.866363855896379,-21.68169264321684,-17.051402240586718,3.0
-4.001100690720931,6.23412130043364,-27.805489055262665,-12.17932936049733,3.0
-3.431994198660324,3.0065409201797433,-18.097440277862702,-14.135697249099724,3.0
-3.6277255623485676,17.36493360914527,-12.622097099675246,-13.533856089860432,3.0
1.780716974834447,22.887724314118287,-15.904936229590515,-4.314324535498921,3.0
3.9857780332746104,14.227119704408281,-12.954669845338934,1.127004047905471,3.0
2.608479772362468,6.317032062312757,-13.73792531529783,-4.02612087416955,3.0
6.064474944841182,2.4319223086965183,-20.98414376884123,-7.687475558191373,3.0
3.446113049158294,28.35810871713735,-23.21112448355388,-18.24701388925169,3.0
0.6446336141532947,20.20447900396527,-23.573531169697468,-9.165414695883193,3.0
0.4389101959626067,25.3522101789399,-21.22385365863701,-3.724721500326963,3.0
-2.1674742937655034,9.398963623783448,-14.728152974255895,10.452980951804562,3.0
0.12419116690873411,9.235272981206954,-20.297262362743393,20.798836234715832,3.0
0.9904528095790575,10.17461353132262,-22.854739376106536,16.79166304603619,3.0
0.6509310476579346,8.809385504877149,-21.60403184656824,19.423607825531587,3.0
0.5041351251510773,3.786776329452806,-17.439565344503432,19.498573083607283,3.0
0.43171835250542645,8.541750927353572,-14.613855149982985,20.61393207563495,3.0
0.704956245103135,6.671071802877246,-20.325357094777946,22.958255369913505,3.0
1.4500455070255582,13.744777121540402,-22.915423586114425,17.612449978881788,3.0
3.59921933906843,14.62603564878651,-24.131000050388288,18.958167807688476,3.0
1.2485192149424806,7.313039627928902,-21.18332196685307,20.422980205680048,3.0
2.3861977784016006,13.674501996026065,-22.30566260791226,23.266370758072128,3.0
-0.13884771569218102,-0.9559543593338349,-18.39978029900678,11.045857787493834,3.0
-0.07706472395976594,4.025562517783477,-19.282083639850928,8.750483276345836,3.0
2.8974474361684868,2.1094223439954845,-22.44151950804728,-0.9488377153455634,3.0
1.11535649112122,11.86611649321976,-20.340292629243827,6.779983127073951,3.0
0.5400551501574078,6.993202981842999,-17.614974932718805,14.55538218250977,3.0
-0.6548287471002794,2.2006424851943867,-14.098321729920954,23.48811499273593,3.0
2.761732976941129,-0.38722309329708615,-16.526264361204,7.631337237503248,3.0
-1.945010142200943,6.963847717337294,-14.925562348904197,16.051834645939195,3.0
1.5918660886245715,3.4156038321377205,-16.510266162277837,13.338683462566138,3.0
2.1072927522268046,5.892942331008556,-17.86833661411496,13.81904624682344,3.0
-1.39166133271118,2.3860163435143367,-13.75881759289411,5.878315214863186,3.0
-2.9787873920274563,5.758422066944893,-13.819899453018405,13.390205556149025,3.0
-1.3922790355346488,13.6870107513285,-13.113957986581402,10.94730882256775,3.0
-0.3996380406208026,1.7606870581297693,-17.302754968728937,11.175226268072828,3.0
1.603702734999561,-0.7153747154417731,-21.4478724280968,15.606623769255567,3.0
0.9884749715969303,12.217956468980432,-18.22121002985691,31.919302176366052,3.0
0.9216150755712207,12.588193629467327,-18.913171563251893,8.87479727651435,3.0
1.3305277141883929,20.15148060291836,-13.272148081861545,19.12034113146123,3.0
6.053336521627903,10.949556247603518,-14.01301348668102,12.412804670254761,3.0
6.054897723190502,10.247512848543916,-9.039356071688516,27.804708229159427,3.0
1.7259981098274535,12.306305468913436,-15.097466143744423,27.341718716908566,3.0
1.8836046414930347,3.9256711706327763,-13.407118577057195,21.16156190166538,3.0
-0.920004836916525,12.901838504527689,-14.879429932365374,22.35220097141247,3.0
-0.6093496598380257,-1.322282268101274,-24.727288056711604,28.65830562313719,3.0
3.6475286512504095,15.44985410381673,-28.02745599574957,29.18058191546922,3.0
3.504832337988028,11.576843461012082,-17.37673279866623,35.80800468899879,3.0
6.638635928790652,11.929468392325989,-16.45357627170641,22.028866911128752,3.0
5.677968836646402,-5.971620864285517,-21.299972503425764,26.376613294677867,3.0
3.313762309404679,1.1556810513093234,-22.10897212172222,10.275905012439438,3.0
3.220240237314945,2.879320291681725,-18.466113107891786,10.9769173057527,3.0
2.986062048473215,9.389330496680847,-18.30648562468489,3.6703086687107884,3.0
1.473301498810704,3.651254119619155,-21.75357742756946,2.212167022024719,3.0
1.7928942480638534,2.6057850609813755,-23.879100396144068,18.79822224962506,3.0
0.9520872929385014,12.732001874305462,-21.186623952491015,20.769980281909536,3.0
-1.640267050502879,16.63154942501002,-17.128204566662703,20.930636955579477,3.0
-1.0395400037233444,19.78985188615777,-19.10265607325679,26.27140807012048,3.0
0.9907448113127569,3.3912253891848376,-17.152691814013753,6.762347978190331,3.0
2.46497447064566,4.542207260736063,-17.78545606051686,10.415095921858548,3.0
4.24363410954459,-16.126594735640687,-20.1827194496551,-1.8677865137138783,3.0
-1.903829846181094,0.8124861500666221,-17.307991055542807,-8.237109809601112,3.0
2.0142149712782076,0.42684021034621367,-24.034365444127083,-3.560697981583957,3.0
1.1440190208410437,-2.1936941888588413,-21.044762103605713,5.887402852740898,3.0
4.093282234964603,-5.654800685001225,-22.119816164844213,6.512840430624446,3.0
5.117970047629259,0.06565914258059369,-22.761418886267272,4.908432670901138,3.0
3.1841469024675844,11.706625391535965,-24.48953583923759,14.532568879283708,3.0
3.3857214701672556,14.732087388424588,-19.315227795770696,7.791516759059325,3.0
-0.4998467327358602,19.94374637995727,-17.892879029273196,10.606103536346179,3.0
3.3035057698627215,14.845516897281207,-21.547865002461062,-0.2951452365420648,3.0
-1.7943921840339123,8.711248804434547,-21.72130074618038,9.25806885335619,3.0
-3.3574606532118603,9.649888165613106,-18.734474978570187,5.139872022255348,3.0
1.8066973712385255,14.558025983954101,-20.53789363511568,0.9700708595282175,3.0
1.690461237291992,8.03780684032173,-20.90329176734449,8.745461897563409,3.0
-1.93084298515253,14.755711517996682,-24.69646257499126,3.403184425402289,3.0
1.3478670860854638,4.328462245414955,-21.167066924701594,12.341346067523782,3.0
2.897716962015033,6.303596498850485,-26.530287600260614,-2.308118990910014,3.0
4.704401364214002,13.248672249401142,-26.560741581652152,-12.638774346480945,3.0
1.0155965200055304,6.759584272915593,-21.725412885283227,-6.242699514856901,3.0
2.5182512806728963,3.2052642139056644,-16.91093585550311,5.982688719587715,3.0
3.612376103092225,0.7532461726622306,-20.045820585181254,6.55491176204223,3.0
4.342314978027934,3.200522904591585,-22.71449520163569,4.88735198794323,3.0
4.067023378142074,5.169048678592519,-28.083581310621664,-3.2269447090046084,3.0
2.165998982873153,4.915780237404798,-26.746782513432983,11.331627305464519,3.0
4.812442098194741,3.655634045312814,-21.598119638395485,6.536937603102881,3.0
2.120755069956224,9.958116881858587,-21.68908502657643,2.354813220840004,3.0
0.2937746442369087,6.751752324091929,-13.90137602694341,17.81050754383937,3.0
6.284049067309194,16.39983758664631,-17.045098006544105,15.991699578311902,3.0
2.2914730345891523,18.261836769506168,-17.148828944274378,13.832982565592486,3.0
4.176711856960231,12.130615344681285,-17.364017109822356,13.483504469679701,3.0
0.17714965338145283,8.780102679118603,-20.95061324300616,23.610789670010618,3.0
2.760821462838352,10.24367318031035,-16.863314713710945,18.343523086928,3.0
1.6548436336563488,4.349385246591859,-21.579901840923185,17.682653049715185,3.0
0.9662196373708378,-0.18117394543613763,-20.25782381285362,7.757339898261728,3.0
-1.1754770879553054,-8.301739354086951,-18.448822022318748,3.5637941297635147,3.0
-0.618647890809481,-1.691728569810568,-26.83645921534205,-4.099972767767799,3.0
-1.9073432267633652,-10.602745601135508,-24.998297506590383,-2.5672759715620743,3.0
2.098811409796962,-4.155372262662395,-24.802383661147353,9.037124146165386,3.0
1.665549218445705,3.351071307077915,-16.190933161454446,9.086057731957503,3.0
4.693246563142952,11.946532972329045,-17.45855259058608,12.892935023054973,3.0
4.6110803165630845,9.30083414297921,-16.12877724546215,11.757601892773955,3.0
3.37277440931397,20.245962932720452,-12.635478146481198,1.039477318969324,3.0
4.9467166991972515,14.824795263191547,-16.283217132676313,3.4912713414723546,3.0
1.5705368412748533,12.449354401313148,-14.06257642707478,-1.9562994858642577,3.0
1.7402692541915505,-1.5542275573548778,-16.709919969792793,6.519993740335039,3.0
3.1250237627733473,1.9536433026055695,-22.33601538318849,20.010994356147833,3.0
1.782141041085046,13.376524535230043,-21.912489106610042,0.25817121106789465,3.0
-0.3256060999479927,-3.9827539132368655,-23.975800050310735,-19.528258868193312,3.0
0.9851730056806178,4.804641016626496,-19.921080039539856,-19.445358066042793,3.0
1.5085468293518893,15.145154624608587,-25.537656292684275,5.650633932188593,3.0
4.111427555496494,11.71749159356095,-21.34094579289795,-4.726747058280331,3.0
5.402369529853422,12.9273015646639,-19.933031816227405,-13.877149255496823,3.0
6.110540081367992,17.172548042477814,-27.934307890414434,1.4087193412380312,3.0
5.878055565121077,2.823477717630655,-26.491620403513764,4.561965285301756,3.0
3.0568763863933994,4.0964387117819445,-23.667662406001444,2.3665584789780656,3.0
2.6923877464850774,6.4160108186555025,-20.705872441374215,-0.38133045354442796,3.0
0.4479110032519924,21.795673715161943,-24.321698425195013,-5.126555366271061,3.0
2.6454292188264708,16.006846529757542,-21.579318705986637,-16.56445558499777,3.0
-0.22034349588153335,12.324691478532849,-13.310718560840279,-1.3284613014994378,3.0
0.18875344646084002,4.788508791674429,-13.527013948294709,2.070143931639607,3.0
3.7273215065341834,11.69715646665625,-20.07883603251163,2.8686859389585475,3.0
5.0114884995426,3.28596359643819,-19.820611512197505,11.319006865109106,3.0
1.177229327148603,9.85232343464682,-19.73721808958062,4.510154018652482,3.0
2.2645805711344584,15.887259301663539,-25.20898255565254,12.215004310691972,3.0
-0.22404095941917956,0.8754956183478368,-22.21805612259943,10.032956207475836,3.0
1.2796909905471152,7.391800870245975,-21.324433533545008,-6.091013498494888,3.0
3.8350668064979625,8.478400312954117,-24.487275327152204,13.39823229576622,3.0
2.0792858750148477,2.386705743451797,-23.03854731265969,-5.170411021965608,3.0
1.328317412036475,-2.7837539701691085,-25.125064837956533,-16.803634156303758,3.0
0.6294033215920369,2.0924636396984297,-22.77946034126204,-5.567733290804471,3.0
2.2675645402486238,6.063214910528057,-23.668187183408865,-18.033685492235044,3.0
1.6053621174539097,19.000806689640655,-21.372313596606165,-10.761845499349052,3.0
4.237111539163832,20.257363987952264,-19.793439659382432,0.7855120438646219,3.0
4.378647815660134,-4.180748100166785,-21.482113761103548,-1.2678891621507193,3.0
0.45167538951013153,18.176308538491323,-21.019319466995388,0.05119193176397019,3.0
-1.0053755646710671,14.235109614139711,-19.95862674289646,10.763373331621445,3.0
-2.4227253862524205,19.506252863142024,-20.876395665580144,-6.135514050857174,3.0
-3.45248232164236,10.41950488205676,-16.930630486922013,1.8664900097602874,3.0
2.9119349022099685,8.373039694980264,-15.304998369266054,16.194897347498333,3.0
1.3841744377988783,14.511622802689551,-12.162215409089736,14.968294048309765,3.0
-1.6942380819023635,10.86844163645412,-15.466831035940631,5.414681063673921,3.0
-0.026859793552704625,14.349639305965127,-19.30073852688665,8.304339873701199,3.0
-3.1612813995077476,4.930275838943147,-21.266667212876932,18.661102525463697,3.0
-1.04182259686303,-0.3015979105294111,-23.61578140476714,18.03235124212681,3.0
1.7469766545650292,9.729167404200915,-24.648658395260128,2.354248955212651,3.0
3.5042461525046207,7.897327114450115,-24.89449723939219,-0.39014273930415366,3.0
0.07728136590438694,7.256331273603445,-25.11946517661373,2.3331113737986104,3.0
-4.535725453383014,11.673965434967828,-26.515531651261803,-15.892895346415319,3.0
0.5947837219904608,13.204399339569305,-24.206008404992968,-5.799511813353558,3.0
2.407768272669645,-4.605721773251982,-23.550576911716,-0.6730141527261413,3.0
3.7008666943381088,10.946397986113984,-22.496348716734772,-16.038186776098033,3.0
3.7280007586793174,2.093601244624489,-24.959543557384563,-6.6728621598276305,3.0
2.287140159908908,7.894972073850767,-25.634804929819918,2.1292814498821766,3.0
2.17923018944769,10.862208032070514,-19.344711463276774,13.100131680320812,3.0
2.7250451231539476,10.489509226970751,-21.83821551531459,-0.7246485688372526,3.0
-1.8823232162247645,10.794297623539173,-17.465195289224173,-1.5076515776254409,3.0
1.219345992655523,6.668650253436642,-18.953196443333752,-12.743885713890439,3.0
5.083729778871367,-3.419234863335973,-16.895467822564058,-8.905639455253127,3.0
2.075367295462736,-4.519792388784834,-20.81434357527902,-2.3307668406802295,3.0
2.3181594457168337,2.4383577415259836,-23.77519868307854,-8.278561643634005,3.0
0.49351004205110893,2.7103912221287416,-24.796091463448384,-18.0566533747776,3.0
2.4447968104100233,5.448563638898049,-19.30887349088402,-7.161358314862072,3.0
-2.819719484155474,16.58046883022146,-21.513963859145715,-9.050505295226035,3.0
-1.5293086736672996,19.135951129237093,-20.42131548961312,1.5078561991778567,3.0
-1.3307203167547677,23.468598317168464,-22.92783769075234,-5.818921336876283,3.0
0.13044956877782,16.591817804253466,-19.7931183137845,-24.77969414204565,3.0
0.7865944906804719,8.618852356315049,-20.833198852877892,-21.553849580870306,3.0
1.4158534335545112,6.406704466667669,-16.251891782965224,-3.323003903923807,3.0
1.8198755080251854,-4.17732043694061,-18.624324474673525,-3.708552685903191,3.0
2.2496881203512764,10.371963006061108,-18.323722236040467,-17.293837298913743,3.0
0.9404697227227731,3.589349669318213,-20.816726647667856,-21.649279843508623,3.0
2.5127363885888734,2.1690140295059583,-20.109041428336134,-23.543576021413653,3.0
1.0728869353390809,2.5848710360145755,-15.882397899373096,-14.00266044443164,3.0
3.4163234736973127,5.650973261358223,-18.702269992336134,-9.1119570585672,3.0
4.5588527976107525,12.028282554428323,-16.414561031018682,-5.747833651931407,3.0
2.2965996976397296,10.20393312439258,-13.798181667389475,-20.556638973276062,3.0
0.3168892754027133,6.418347201030125,-20.46271271202625,0.9406626493846719,3.0
2.7035334149844132,11.147739961484255,-22.883001136270728,-29.97433673802032,3.0
2.6191273941576423,10.367447220844523,-21.936400799227375,-24.256460602373593,3.0
-2.2652901719648524,20.097887243874325,-21.653382329373354,-16.52346454238432,3.0
-1.68626082967915,13.593165266108237,-17.32862512703828,-3.4203168369931856,3.0
-1.6788152276634527,11.057647232889106,-14.084264101392074,-2.8985960271393605,3.0
-0.5293824712789195,13.543844850457074,-14.83567247223757,-18.35523252844717,3.0
0.2886825496613829,8.523327917177461,-9.317991961771728,-25.278045856868687,3.0
0.6012936275264005,1.3213094045232192,-11.709754462457717,-9.498879955709047,3.0
3.412291865445409,3.6934585550676333,-16.40465021737583,-20.393894941699074,3.0
2.515713553875986,8.517534115444604,-18.065236202954704,-31.311540336777444,3.0
2.4470136280865242,13.242410782952954,-18.659801653442287,-17.74167798450493,3.0
2.9260418629087384,18.402362430709374,-14.005044031735723,2.8797089640550473,3.0
1.1991399084163552,10.7736174632179,-10.465642793392503,17.91778359312074,3.0
1.33816727525294,4.976671532809754,-17.799433526884034,-12.696084322602081,3.0
-0.4941738964729803,4.668043733482968,-21.311675377300425,-10.449164008876952,3.0
5.035105970116101,2.8735762282893607,-25.512176330732817,-0.35036418973720984,3.0
3.3198484899788765,8.078548121865227,-23.98526422309854,5.3410749893270975,3.0
2.771096321567853,0.03251261819541451,-18.877892508546047,-1.8597392846302583,3.0
3.243893767994778,1.0939991459101606,-17.589434791584125,-19.681909544673413,3.0
2.643368951601011,6.796020043905538,-22.414782907166444,-17.277135104782648,3.0
4.529040379552367,3.736622308304705,-19.94339855718623,-6.089209982205748,3.0
6.991664992368273,-8.307997116720596,-24.598772341074476,4.519618260815106,3.0
3.8984641981712262,2.4515100829431233,-20.868465358147393,2.5032079537246954,3.0
3.8902175037704247,2.2577388820610578,-15.568509765140139,-1.2988116131873824,3.0
-0.20184633487629888,9.157702472121926,-20.69910553548883,-0.24346178244238548,3.0
0.5302401006052616,14.060312251492668,-16.616355410034267,24.49366006398614,3.0
0.6841838185899458,19.146634754061946,-21.206869730398317,13.152281496872819,3.0
3.742863442697211,11.481052279381165,-19.483108183525303,17.581294117581386,3.0
0.26083791389359057,11.260400723163768,-21.160435018313823,13.905365733867562,3.0
3.4406805897725734,13.679308658098671,-21.949348752486117,30.452986910070667,3.0
4.636058937158243,19.923710818206523,-19.221781136564957,25.387603687601413,3.0
1.8402396401046728,10.01619025598053,-21.63502935391197,14.048599290191927,3.0
2.1440427139494225,8.920590601191916,-19.560925820723554,15.230962492206803,3.0
3.90187936938419,4.56516725203546,-16.386385048788533,4.222786973379358,3.0
-1.428951350452826,0.7318198605026742,-13.615827564898222,6.3951862931629755,3.0
-1.605037933354824,2.8021197881116553,-19.60372313740848,17.159715876205585,3.0
-1.1164993618596637,7.009860499757519,-16.64325496863404,18.62430088637332,3.0
3.1955221583867397,14.963885688298813,-17.002110084420337,26.64910109970798,3.0
2.7658529916501755,6.672470203061808,-22.669461544528772,31.059995909327295,3.0
1.727153000983631,5.313257280190803,-23.78227347653027,10.353932399669116,3.0
0.16440765293944953,6.18028597965575,-17.51929155408398,17.48008562711854,3.0
-2.155931825386621,0.5712444956616789,-19.088016039912414,7.205714808967254,3.0
1.4823945863646328,5.186460460128252,-19.84315237093537,12.953222500971298,3.0
-0.7162931976197536,4.853814809509124,-18.922719448313796,4.2933518202824095,3.0
4.7245343921595735,10.294045597961393,-18.937639347384533,18.56392948165212,3.0
3.245479015402779,2.3435213624380795,-22.274630984711933,11.188908115997169,3.0
7.605796143396384,-2.4021444090738147,-20.906338957521793,5.333457724623997,3.0
5.212954117507596,12.84571553647238,-19.030978591679006,9.167813224673505,3.0
4.935470047128927,18.81252185403186,-15.978997568504283,13.657318913946849,3.0
-0.2386039039194997,14.23391139195921,-18.769966114726518,12.755738527590568,3.0
2.916159260736617,5.419047152040341,-23.93553351054927,0.6824214091468006,3.0
-0.620073827977226,0.6225287796232042,-23.664919770254258,14.264829095974784,3.0
0.7846722865133836,0.23358620977669187,-18.967646834191964,18.533195779008988,3.0
4.315322105081349,2.1824354030348228,-15.770793358967314,18.813566204848723,3.0
3.1311616604872383,-3.4535344253910365,-20.419386124615002,20.167425205993727,3.0
3.0054425001572973,4.576717480945755,-22.631524500010435,20.18696374115513,3.0
2.2400566254307255,3.5700355943877065,-24.146468974848833,22.23455693971868,3.0
6.617457491892756,5.881432563968811,-20.31164742879529,3.0639300902317848,3.0
2.0642867589092475,2.072830514570125,-14.321917233975682,9.356739601920825,3.0
0.9705966460405291,-0.5092619474942257,-13.798082602298068,33.13348382446576,3.0
2.8756511055019627,-3.548288896664661,-14.25562737249353,27.65485193392916,3.0
2.9679729574322353,-2.5721717375008093,-19.37357957147252,12.491995826721427,3.0
-0.7861519248382691,4.576917745905293,-17.622240938624863,7.708924302497648,3.0
-0.10304559793292423,11.389089335571317,-17.047376415567996,-9.83261596298793,3.0
-0.8030300312336274,4.1066270374662555,-11.827928745206076,4.636529932891591,3.0
1.7280442913530194,6.808054325144569,-11.839058893762365,8.5527686659111,3.0
1.5105021879133416,14.084049306469506,-12.69197632103838,4.613096052540876,3.0
2.1279902949148153,20.514372475766216,-21.28209423739019,15.45397977833742,3.0
-1.887905745407064,12.028118287555499,-20.670899197136062,13.53340237878426,3.0
-0.6107576075885639,8.98043263198012,-19.988053009170294,5.731546049137017,3.0
2.0736712858949096,12.803762366642427,-26.912291043431495,17.95027787037421,3.0
1.024462192433865,4.229751072529188,-21.589715883575398,0.366308190755932,3.0
0.5557754736581797,-2.173232380461461,-17.169169658988373,6.0015761289152145,3.0
1.535152061044192,13.070058986387819,-16.778642950257645,9.590862413158693,3.0
-5.045929534391995,16.171379156591264,-17.039558687543458,1.5760583012671088,3.0
-0.013560569202372919,4.808890682000509,-19.06198814211321,-8.132574715052236,3.0
0.16551309549727033,10.118957502466126,-22.022012110541972,-5.1128819696868035,3.0
0.27487636447509844,12.532999049112027,-20.133812082724226,-11.888424224910352,3.0
1.3424060845504644,3.9620495498680195,-10.676891114285082,-3.5981457964215124,3.0
1.6462892357610661,9.4736918783858,-18.019589832370546,1.215910995987926,3.0
2.385433141757228,13.358977366817545,-17.75987730088675,-15.211092958256792,3.0
0.4765002220627199,27.816625062610807,-19.569272210743605,-15.081967124601118,3.0
3.340349089577933,23.21089417960011,-11.091535493503402,-31.6252383004479,3.0
1.8658771807119043,9.999837009143091,-15.338817413150576,-6.665452301245276,3.0
-1.6697787089331317,16.118060928109326,-10.524276987192147,-0.32203645076568144,3.0
-2.132321755619874,12.258262366327934,-12.863245941698555,-5.484437867443715,3.0
-2.120110774142497,-0.6815762638456153,-15.578594527126032,-13.419053222643942,3.0
2.054596105482929,-12.66170216813686,-17.80066330174042,-1.7816416617739748,3.0
2.3596794376996506,-5.604113471028663,-19.811836443300923,-23.41539450661861,3.0
-2.950371618334831,6.805820071866702,-18.339428928250893,-17.286957907249867,3.0
3.1848732332125866,2.3324580972277724,-13.88871931736949,-12.234465221471334,3.0
5.8632975301109145,0.2344976209671108,-11.60367878124361,-19.043780817665983,3.0
1.9119683823140066,5.120917462315078,-15.862796617042841,-7.661200932842728,3.0
5.241897831180122,10.126135363600419,-22.2211643413104,-22.908103557657626,3.0
1.439509823719312,6.714230760898623,-18.690236402242874,-19.49147369490548,3.0
4.029765541192867,-3.6551049613461686,-18.817825923750945,-10.731946139518811,3.0
0.9136798236064607,11.13011086095203,-19.575489131181133,-5.932053273348378,3.0
3.5925377304228876,11.446227544516093,-21.537618827779212,-13.303075388531711,3.0
3.819328558471892,27.011860101836895,-24.61229524993452,-10.976727499903019,3.0
2.8968934612553427,17.31528683180634,-21.10808572855889,-9.458166887287152,3.0
0.5462925537943734,4.860290582302213,-20.875421134740392,2.3171877714419935,3.0
3.9475736266129773,14.19306467715693,-29.325783257472448,10.916907480949732,3.0
2.727039311498837,5.892767577627163,-23.355274108785956,2.981739077382244,3.0
2.355982169548393,6.517274408102359,-27.61704320661713,-16.788282416587577,3.0
-0.7378015113034754,-0.6163290982524163,-22.53707381418735,-8.13469938519469,3.0
2.422961320558908,18.507898951134294,-18.997201908008364,-4.772685003422977,3.0
1.6103353556056759,23.40991903061942,-22.86214163748798,-0.5415307457822554,3.0
-5.076336766002359,21.041269685525485,-22.26800457068772,-15.460121885892349,3.0
-0.035379805685476384,11.204029756060635,-21.898967128884365,-16.13951726967523,3.0
0.20498842892117608,7.374607464109887,-17.929268356746046,-7.242423941256936,3.0
0.27870633090705677,10.98877207572993,-20.54199292478375,-12.325180434672928,3.0
-0.6353023756429668,6.905531418768007,-17.63244709078269,-13.610850771760514,3.0
-1.1294671249984232,3.8342270533890446,-21.637193166788315,-22.388098413757128,3.0
0.4165507770113984,-1.9162890751838617,-20.036703362094133,-20.70549237488668,3.0
0.2105262165493626,-0.46314969760124036,-25.527287291563617,-7.90074057748018,3.0
0.5995256359342823,2.886783541065304,-25.470104550934973,-6.749869083116781,3.0
3.872986184286894,10.54143055373949,-30.14825082267717,-15.900424145328321,3.0
1.9246292410012362,15.15318779299575,-23.02500664569205,-12.558411130438191,3.0
2.7522992485895923,7.3856450045844255,-20.974721577614734,-22.078088797310894,3.0
2.378300587087391,12.33497853956199,-24.333594288485365,-14.857501843242325,3.0
2.9176238938726047,0.05634901633385514,-20.906649400437317,-18.270175762002474,3.0
1.9927032962962155,2.6102994258868804,-24.005794669300414,0.7004039203213235,3.0
-1.1831519464439564,2.3308864971930574,-21.936606076719162,3.1558789155944122,3.0
1.2296208601517327,-0.8888411734230703,-17.5548855872121,24.594849626758084,3.0
0.7771081799401978,0.5448245166143568,-17.874906138537686,28.180571747704125,3.0
-1.7039426289202595,9.152807807334819,-20.41572831430351,23.427995814550805,3.0
-4.166947022529314,-0.17500472198358796,-22.505014610837684,29.877239450977754,3.0
-2.5693914255068164,16.436483130299898,-18.02336988429539,6.333213913275243,3.0
-0.26054688671261306,20.95160927917329,-14.135031495111107,4.748019957974757,3.0
-0.11792028741554117,21.20267537988634,-16.026315531340117,-3.9143896902108253,3.0
1.215197082126478,6.226683023980124,-14.02438755898556,6.08785232898371,3.0
5.533959186295727,10.71216081506093,-20.838557031426472,-1.428347225215946,3.0
3.8608750199773914,10.473475051811459,-14.812234696616798,19.979819055732378,3.0
6.460539357372966,8.272591454525744,-18.312895387068327,18.843315106840652,3.0
4.243667529998103,13.700680300365175,-16.7694008772358,25.483030002950642,3.0
6.078672853201719,6.321846188340626,-16.87386717674399,18.08821270346474,3.0
6.369440325484884,7.964705889709652,-16.380430548264155,35.848823659624216,3.0
4.4322461990131625,10.180856528177557,-21.19452694917974,22.985817093527864,3.0
3.833508914815941,11.515460727815118,-18.30085754125138,27.343038375798596,3.0
4.0382223380986275,-9.83907535200799,-12.522200415144056,19.29726564184374,3.0
1.1330498609773887,-5.347443517972105,-15.899504921011662,10.631628938938693,3.0
-1.319728306696344,3.9927996583786705,-16.47166812133309,8.817834417066468,3.0
-1.4744790576880318,-0.7873720958482817,-12.637729013549583,21.98889775703433,3.0
0.5560927876527189,4.730811242614486,-14.238877883496961,17.11774400765043,3.0
1.7757746393116158,10.365067105560815,-17.07922604905109,22.06194314322516,3.0
1.5207176547207002,7.897368334142282,-21.344684655689633,27.1365532875486,3.0
0.23346418745586295,-4.301334303523953,-17.750466036893712,25.389511524468624,3.0
3.11595077422527,5.289520189471408,-20.530123798476573,27.161376840898473,3.0
1.3432204736832094,3.5284573622665647,-18.168817430715617,15.000902697151119,3.0
3.8175556828084374,1.679922076750072,-20.11425256010723,9.24333024079363,3.0
2.696136327478135,0.7724108258349762,-16.368191649319527,17.09313990452412,3.0
3.122286688788215,-2.341133914518613,-16.609029573561145,23.224016053421717,3.0
2.9349669056566765,9.866533447637295,-14.76917974476829,19.66213270391012,3.0
1.9582911976851762,6.214246419750756,-14.319450075181585,18.785999158223902,3.0
6.189462862839456,0.658958072624876,-14.71306640024605,14.624766369530544,3.0
1.948231182881516,5.20834284178977,-18.710083884810743,18.018785776584075,3.0
3.0786661321548094,0.9652336755437467,-15.167437135510118,12.285494680226199,3.0
-0.11666193010451353,0.42910523890249586,-12.2645554354728,9.142605024788914,3.0
0.03147657949377397,-0.5572915852782545,-18.931283409143283,6.164436106998959,3.0
0.4912583383450173,7.399542377984124,-18.290173099370715,5.677453591193892,3.0
0.33985172780938633,8.273573628321296,-13.652153959670219,22.823977135522018,3.0
2.682233683212986,7.82538225912668,-13.363304295125317,21.747186798407704,3.0
2.624372511960225,17.225950506844498,-20.643594536452245,16.519199712387564,3.0
2.3947626757230704,-3.6822132187993253,-17.21069990240188,10.973480255555993,3.0
6.656111202136438,-7.318578056846118,-20.631443338575192,18.47798843681975,3.0
5.19634624705582,-5.779496828674003,-20.477526136386032,36.55786133698531,3.0
5.051803732709801,-1.8909395882979605,-23.074155176868402,37.15905870825724,3.0
5.788244003629434,1.1727724447129138,-17.940733439229124,22.446263372123525,3.0
3.0388908353829702,-3.5843890933243543,-17.663038273241987,10.36824098297577,3.0
0.5049696747964534,4.025915017213146,-17.690709148999474,19.25665318767779,3.0
-3.274739515721358,4.427309721645735,-15.963460005883483,24.14548999974227,3.0
2.017108306965879,6.168798034706466,-16.278044952584978,10.22029271194232,3.0
1.7546273368086545,4.661251007049675,-24.32717155555683,11.374433238412685,3.0
0.36206867731798686,6.402140643187187,-21.044212519054962,-3.7585532132679917,3.0
-3.0442284259852306,10.207996250692192,-21.159180320302003,-7.764003880481299,3.0
1.9740595969601724,16.24039946933685,-19.69194258078115,1.1860706940760033,3.0
4.767705683941415,17.76225292342513,-15.768590349258123,-0.28018465058874664,3.0
-1.6563548399741619,11.334654275636899,-17.131188554192615,1.3955453966718987,3.0
-1.0416001947217453,13.6872085223844,-12.38354396787351,-4.764855382318429,3.0
-1.0076556679152626,19.626632345454695,-15.10915581548898,1.1353417381702355,3.0
3.0657771004994223,26.536077009655394,-21.159941672883207,11.521586650293855,3.0
3.914195195598494,32.008061596079315,-19.363398408365388,-14.579528885332753,3.0
-1.2153608112784127,19.53790524107073,-18.026890740709145,-8.546728431645406,3.0
2.357331269410528,3.576976871119486,-12.619482322889302,-7.597277739429865,3.0
1.284999787835404,-0.6188353391660346,-19.347791046604243,1.6909932424652077,3.0
1.5810624401148976,8.189944616301787,-16.446368208909277,-8.258745261870288,3.0
0.012138569143290479,7.267289919996692,-15.648757928026566,2.1743523395283617,3.0
-0.14051506806964742,2.604144515193906,-18.510973721295816,0.0853927120208624,3.0
0.37870470549684754,2.316785429639155,-15.493251080160004,-0.06180761779972599,3.0
1.3174354946092646,2.2931571565061675,-17.14640952143074,11.739952649223536,3.0
1.3275182217403985,-3.25334640187066,-20.774835294786975,2.189154011619438,3.0
2.106907446856855,10.946546268646317,-19.434448419900413,3.0850407166171,3.0
-1.7439102846197603,21.925546890018932,-15.716474797592248,5.449519708620837,3.0
1.024451772569941,24.55945327263563,-12.026078354418352,4.643763314821969,3.0
2.762482317270042,7.222490152425879,-17.344755439362068,5.328371692583662,3.0
1.8731136816869123,7.14159298960217,-18.09857799129582,18.37848096001028,3.0
5.767623133183342,-1.0534273473247113,-20.35309018408065,3.0614609829520516,3.0
3.990463988980545,3.6994347583945446,-26.572858017241625,1.5421685608532454,3.0
5.091778925160524,5.804770817108967,-18.888282453365207,-4.578616543737796,3.0
0.5961293448473339,14.564833076171038,-19.5627581071854,2.2232954657494997,3.0
1.654730798766526,-0.14203753761966986,-17.583929045053505,-2.559696768918302,3.0
4.13768819845633,10.833907782607465,-9.585099368101247,2.069434730216821,3.0
4.97452195942693,-0.8763915061375549,-17.034363238700525,13.29060246192111,3.0
5.813784771683276,7.638758080835747,-25.60114804376288,12.485449054114277,3.0
3.77652468144972,5.4242454830768505,-20.684294794519364,8.459616397431116,3.0
1.07211372585762,7.612927231453931,-24.129736210491348,1.0156273252831656,3.0
-0.9246466854347091,10.21246100215949,-22.795076435625486,1.4913638624438628,3.0
-0.6923040332982333,3.743240957000995,-25.1323463184705,-5.081251110259579,3.0
0.7291040761189957,8.08493972086135,-24.312382279987624,12.290616499264353,3.0
3.075603393427884,-11.662466008128359,-18.26948092770676,33.19776506094126,3.0
3.115979440949128,-7.23119259962338,-14.700034905124323,9.378212551092712,3.0
2.102192209158976,-6.7356441043141455,-16.89145594879857,9.656101003115563,3.0
-1.4617852619888023,-1.531472383843293,-13.5649456033346,4.265824778052667,3.0
1.8657040830234004,9.697106285627807,-17.79696307755184,3.4416218766028814,3.0
0.11267492997132872,8.959553723487346,-16.813741307100504,5.139589035895658,3.0
0.5681562927542767,2.913855203801955,-20.000791943649173,-0.04879409608691976,3.0
0.6028716280242061,-0.8988956920684199,-23.122772408047556,-6.6588402438176235,3.0
-0.9243026543982684,3.987320225828264,-17.688276446740574,-6.751170652795108,3.0
0.788490631334828,-0.7282379328410649,-19.88805659074143,-1.8119452374917593,3.0
0.36682153662701883,0.6155975649761309,-17.374184700029616,-4.627660395735695,3.0
-3.52537967441457,2.5208030296731803,-18.293761700913663,1.9210579341385243,3.0
0.8167511813431083,1.4507113994564707,-24.025569406345156,7.172559267273147,3.0
2.7168693672184276,0.6002529104105321,-26.56716382867084,3.016665060279073,3.0
0.658099292607383,3.6903944858460394,-14.881644158464574,0.287861240032238,3.0
-2.930647193822738,4.396914392503957,-16.554110075438494,0.004777803107367973,3.0
-0.9783638929470702,6.791455549307605,-15.77860680709112,0.0831445445170691,3.0
0.5231963703283066,20.071125611080674,-18.892720148411705,-5.85346229491601,3.0
-2.547550770143453,10.561407138461124,-15.650393477064645,23.61790534522658,3.0
-1.3141690394982262,6.018239179368894,-16.899699718394054,27.894483791175034,3.0
1.0249159168750905,17.521197101207974,-20.436476578605667,-7.941040351991852,3.0
4.576481720833419,16.875675411163343,-16.96585496516287,2.3589330564727202,3.0
2.606549953124835,14.478970269637378,-9.010249703006114,14.537148840639283,3.0
1.2675894817345044,13.457277624763867,-7.346337416307815,11.623957673195113,3.0
0.4694467179155535,12.602618679694839,-7.1041301400683,5.182343315976889,3.0
0.6457172953773437,1.594577163995754,-15.143456736251373,-0.8489481696578371,3.0
1.9708969918895385,-3.939758168633759,-17.957251063902923,3.703766737647547,3.0
0.8767744896932046,-1.7878621244605348,-14.334038864025224,19.47852390551855,3.0
2.0263384118835113,-10.02919400835036,-18.202380275524526,-0.42186317227791825,3.0
1.7755216576462058,-0.7953839122484432,-17.365771575658222,16.16537436141661,3.0
5.400927184050879,-12.298818586316987,-13.559272478603777,23.445282373628903,3.0
3.102348307498344,-4.900096335317151,-18.299266232243998,12.856736150461,3.0
0.997729625674102,-14.229289912608962,-17.072528582432128,0.6200603625090699,3.0
0.06459390491323536,-7.818948249998103,-16.77257230591947,-2.470717374423046,3.0
-0.3215390187229038,-0.2575069570606394,-16.134234380683377,4.2887726096085625,3.0
1.046939595332382,8.10510265781449,-11.057374432277303,10.624822658046458,3.0
1.30936671472837,7.02074412602033,-14.448169736443248,-4.087627740673495,3.0
1.1143632280958509,20.05204365289816,-20.759314067653904,-3.1314220698752258,3.0
-4.798186941581088,26.733706486309412,-19.419378965771276,15.249318469270555,3.0
-3.795787862970752,11.058111126900585,-16.036076269384505,10.349831756158036,3.0
-5.1113488320717,3.124013132306047,-15.301163044353787,4.35307595009791,3.0
1.5847287335372067,7.055456752782925,-15.41880597093503,-7.800497420124072,3.0
1.3824730487969235,11.22661229889825,-22.582973703369618,-16.421940326269695,3.0
1.5124741920326006,6.612369462734414,-23.444445274507938,2.583435274253444,3.0
1.1316736253276218,-1.3163993980568094,-19.614626171828316,14.400201440469896,3.0
-1.6798954860221011,-0.7689269862937884,-16.9072604326324,12.837304837928645,3.0
0.9736705759261142,0.9554164286398343,-14.822660851482244,-3.53756525157391,3.0
0.8445677921747454,7.072556385006932,-17.811149958765395,-3.6768326420030775,3.0
-1.2341563224630856,2.679518534201745,-19.53415201143807,2.5273517651571282,3.0
6.004807920944518,11.785195464624268,-20.823667182153166,11.86433983195795,3.0
4.671790085865687,2.9522318940118257,-19.977404308685614,-4.413452939473698,3.0
4.506834198616216,4.767956203566005,-23.222547442420982,-0.7500361666478095,3.0
7.431316649377896,4.554819759487411,-19.542610142092457,-7.867674614286795,3.0
7.7803736225805675,7.204326258031749,-19.48849658095053,3.1715265979667686,3.0
3.892783576045849,8.496058555972674,-14.499873943975164,-2.040992857271168,3.0
-0.28584290684882707,12.390622342082782,-17.261405217717382,4.060185397689142,3.0
-15.732141646233496,1.8303656990736075,-24.538618304960234,-27.223966182355277,0.0
-1.961392856567569,-0.621183851845835,-19.048566453457795,-18.68354738996384,0.0
6.152793911856094,-4.143246794771361,-16.06368323353204,-17.458380452005194,0.0
-7.708820792169627,-8.307419342097596,-13.542848692140845,-38.76452754238747,0.0
-4.329366477274798,-4.916116760038943,-11.713401563831463,-30.297764020860882,0.0
-13.557710791273124,-13.867040073486102,-9.228324608570823,-19.683434940658366,0.0
-5.2350029072711886,-8.357196795352808,-13.702996437462968,-20.27663613045305,0.0
-7.478155062149814,-11.773552392662882,-10.739465806682505,-10.441858909617094,0.0
-10.389120714986053,-13.716664357479228,-12.167049589573082,-1.1235281699832935,0.0
0.008254668166940426,-15.628336004486238,-5.753648267736206,-11.764546986403605,0.0
-12.259326012536093,-4.965406560427104,-11.785341954751537,-20.3545335052739,0.0
-1.413685758195299,-6.672735465588654,-12.93220631741619,-13.727902304929618,0.0
1.2480706452911638,-6.90866953955512,-14.268175707222694,-30.96692866966076,0.0
-5.399960737601305,-4.69628951860104,-16.482088882633807,-31.806753810467704,0.0
-12.924543703014196,-16.81785741775538,-14.07813661430431,-43.80790583421265,0.0
-2.9260037557496306,-21.481980249958283,-15.509248682332892,-28.203062474204373,0.0
-1.4114420512021781,-18.511106885694872,-19.99731194065994,-26.212592777229858,0.0
1.5002379803744876,-19.142398958012517,-17.744512766268038,-24.840957613491028,0.0
-1.0677719433930295,-16.519243535282865,-14.520394234186961,-9.11241149134029,0.0
-2.5143571200830666,-10.47192994203811,-19.638118260504424,-18.438202900542944,0.0
5.388015128288073,-9.680379284504003,-12.998418297703102,-12.5532871220863,0.0
15.400767135125236,-12.448455970002787,-11.171504055037271,-6.195773659293149,0.0
3.187706596846117,-13.255423984047859,-15.448203169847414,3.865882126106099,0.0
0.34549588355799243,-17.762030517689624,-6.683723161108076,-12.28010514401856,0.0
1.5229912460579091,-24.32876691590694,-13.059320745403866,-6.7433870693259035,0.0
4.9762723701716585,-13.423338980358002,-16.580214620437985,-22.16284433548048,0.0
-5.518428805861646,-21.426622189683087,-20.39431550253709,-13.731813636603867,0.0
-1.3263099259858615,-13.869423275729122,-17.63154022651268,-12.133330249321428,0.0
-2.03331834839018,-11.216261841469858,-16.895549003628542,-5.025314674002207,0.0
6.54223464303711,-19.571019679512773,-15.873045690821248,-13.261492774755505,0.0
0.3315910482654072,-25.011171148626502,-14.708904414719557,-12.737978532187558,0.0
-1.029652961606704,-17.985060593191918,-18.715069648809028,8.438217417008484,0.0
-1.50086341553558,-21.455133247845072,-18.91401195284808,13.385744886419243,0.0
-2.7370320306143743,-23.03273905021446,-16.00291380915835,12.673775681887742,0.0
-0.8557204281815141,-15.984384042831191,-18.728714025183766,6.668549863339715,0.0
-9.165954168780203,-22.976982112906335,-19.748571781110925,-14.530774503252399,0.0
-7.342015117482435,-24.009372005622332,-21.864323552183404,-15.074219913288955,0.0
-8.97288188406499,-18.440718229551713,-21.321962480318433,-15.885462960110555,0.0
-10.481773201085442,-4.514565329159023,-14.766993805526205,-3.76512038138622,0.0
-15.889207347756573,-17.347759638946687,-10.85204021720978,-17.506093328551966,0.0
-11.828679861780675,-21.84260355420912,-14.792232764983897,1.5555162101037876,0.0
-8.001659258475936,-17.130722741880476,-22.23456413694974,-15.049366738966718,0.0
-8.451201249850357,-18.278417535863365,-23.569590145217255,5.01143459762514,0.0
-9.453041238509948,-4.42442663010643,-18.621281333596077,-3.3706760830746214,0.0
-14.758958803125713,-13.761522427896233,-16.07085142465188,1.4379032511580725,0.0
-12.792342611797887,-2.578401519719087,-16.261181218884726,-10.68951103380099,0.0
4.217897699286437,-0.1641233889092888,-12.954320267023022,-21.323685779048006,0.0
-3.2528030848431726,-1.9831096074468597,-8.71124928913356,-40.04884981474855,0.0
13.08462016424512,-5.222431087880665,-13.906329649723741,-27.55518807738102,0.0
9.914284964717599,-15.169256713441728,-11.201074334043943,-20.99341518456226,0.0
15.673010440940013,-11.76389234782772,-10.896311024464312,-19.781979070661553,0.0
24.000810279216097,-9.445829482916121,-17.304900299414797,-16.06276109136686,0.0
27.35341923415675,-20.18462732055967,-13.377433723067497,-4.055713363041045,0.0
14.183853815788755,-19.7869362738574,-9.515907466696929,-5.277442428936857,0.0
16.964072752874333,-10.847437536432095,-13.362668424408707,-9.47535017725292,0.0
21.901828297712502,-14.32014634773654,-10.353003605320101,-27.592305452522826,0.0
20.45873989072724,-18.535157316281698,-12.436270686710564,-17.37398980210026,0.0
19.25600981169486,-8.568967187118389,-11.591307018934724,-16.45205154732825,0.0
6.401527838940979,-13.548259825236391,-15.45646349735719,-20.254915955665368,0.0
9.980422373470313,-15.107693040748238,-17.5912591464269,-35.85231096179636,0.0
21.69560937620677,-8.3532113397435,-14.860446092903974,-8.654568653808862,0.0
11.046031466860665,-10.556413990968776,-10.682288133914493,-0.6093827720593268,0.0
9.05277046954768,-12.814765169495269,-9.679485745265795,-3.2151768584096896,0.0
17.084217090427813,-19.87868319005524,-12.695669470869813,-2.1577373084899456,0.0
14.535610137966433,-12.86464772928164,-17.92525618530724,-7.571222956696133,0.0
12.118595317962955,-11.988792287949137,-13.997236011775916,-2.3933296615476074,0.0
19.412422034847904,-20.39436557189743,-13.485876995944672,0.003587492061519093,0.0
33.511505653739775,-20.667542249771216,-19.4142308413428,0.9660187957842705,0.0
29.16574493929546,-19.81676927458212,-18.05617511784243,-17.94710516128244,0.0
19.14142210793844,-22.82287909449903,-11.784407723893795,-18.8067583589898,0.0
18.835456225173438,-22.131918905128856,-16.456136640925994,-12.206683529822632,0.0
26.836379244305267,-35.126164683028705,-17.84625573425975,-17.565873126715648,0.0
24.877840863401453,-29.648909803546545,-14.951587153436162,-32.73202617701027,0.0
23.711509025306967,-26.696313242584985,-13.469209712203085,-34.25950253213536,0.0
17.121337855629882,-28.55396404840753,-9.838111446840244,-18.377062204707652,0.0
25.158214331400362,-12.24995176574359,-10.962026886863828,-15.958980280148957,0.0
24.335626792188638,-4.940956490686096,-13.727704604234937,-22.473994276376025,0.0
21.999079131372238,-3.9158531763219973,-17.356802038408883,-13.537476294405982,0.0
20.426826157376965,-13.044624553525207,-15.626934957392931,-12.925465378226505,0.0
32.09529220404269,-13.523578705100936,-11.035346024981465,-21.095655627954798,0.0
31.063154458417596,-14.687836288492015,-8.285407774457966,-29.60198100077518,0.0
25.58401565587387,-11.768329678087811,-9.279972271011799,-32.27778480620372,0.0
14.31501215674049,-17.049810280891467,-11.517990129467758,-24.653644986506677,0.0
17.879892721440424,-5.621580220199066,-13.607546137919668,-25.41243233233086,0.0
17.092028204195223,-20.747455384643416,-17.526172178607986,-24.04230003330602,0.0
23.232606932127727,-18.41070277736791,-15.311313099771079,-22.45771080793112,0.0
23.841948970081535,-11.525658752249262,-18.316163032921406,-24.08839673257586,0.0
24.182627727584702,-2.6671698961121573,-20.77285448820176,-9.971542549932007,0.0
14.895491079877303,-9.816612867366869,-14.043305522203896,-6.69056691590165,0.0
18.712959570701525,-14.348402838043572,-16.18454896224454,-23.14162107939907,0.0
20.910432897690537,-18.496523507130163,-13.55107071731462,-22.803379649082714,0.0
14.08627440328643,-14.399797310731328,-14.588542446435627,-20.63703532062441,0.0
12.057939814407614,-13.76390276130752,-14.878271664849633,-6.3973196168196385,0.0
25.220958082065152,-20.88457727477009,-17.34688230087268,-18.796155024378738,0.0
19.945772245680576,-21.2021100030939,-18.84662145320683,-23.489876346689154,0.0
25.664328187043523,-16.54474483435618,-12.849480222826353,-11.584972759034095,0.0
22.547987112976365,-22.219698190645907,-15.296429500990644,-8.889909972557454,0.0
16.52669791200028,-17.524547843815874,-17.195359975990545,-20.838717515607158,0.0
17.066500983075944,-23.516824458359597,-11.110863925234261,-7.450656802412631,0.0
6.974657757721149,-2.5894811748016906,-7.880857774871288,-4.688309085443368,0.0
4.316034174193152,-5.665044059746819,-8.902832198962553,6.976554869726964,0.0
6.742516269272107,-11.650887294545853,-15.644463479368959,-16.882827934245668,0.0
5.769904226332246,-7.685071096981699,-9.751661696272635,-12.182990635585352,0.0
4.421214139196005,-10.58992528078229,-8.256619023666454,-13.054960517951962,0.0
-0.17874939384710054,2.6146392337785276,-16.265366912063335,-14.235630220188114,0.0
6.205287674199628,-3.312153469532917,-11.314505042977068,-9.041893590212466,0.0
15.45363029475492,-8.261557351784866,-19.47906759739547,-19.484033694243095,0.0
12.783058440187867,-6.692535937556689,-17.052793403761363,-28.547090704284187,0.0
17.58613608754387,-2.175407768086526,-15.954455959461072,-28.146533684878847,0.0
22.79342013613596,-6.418160769156119,-16.400327162931863,-33.29907156573554,0.0
17.512697495663964,-5.131811798781945,-16.48426876353482,-27.877153512501266,0.0
13.502660077917907,0.3356208092489301,-14.923676273619884,-19.0148605163994,0.0
8.60818552313581,-2.2448854186295413,-14.650058884226596,-7.073388009079274,0.0
10.04199171230304,-3.7072262931523703,-13.982256658644278,-20.06570392722997,0.0
19.4771487398515,-6.158851272072284,-22.38767045946308,-25.861393964661673,0.0
14.589907818880501,-14.393142683269838,-26.7537749725805,-23.698595313547663,0.0
5.629137545505698,-1.8682213912587127,-26.800661935270398,-13.952742912464611,0.0
7.767130679234832,6.616565630439849,-18.959278766734435,-28.464420842692867,0.0
14.108182088355825,-2.8007999920326245,-16.28262749560961,-28.575296918650494,0.0
16.00324993417034,-11.412568542313245,-11.946044945510657,-29.133289771283458,0.0
19.472151145387258,-11.100536649277483,-7.985696950299443,-18.814311327562802,0.0
15.01830668707572,-12.222061477845546,-9.504279043545935,-39.4079539279315,0.0
5.071475175194268,-16.430897585235048,-17.88272083502318,-11.030555594059608,0.0
0.5399647565358148,-27.08198286917623,-13.84411941292812,-1.7473976628561116,0.0
8.850824154504256,-18.84417775529467,-10.782559187851422,8.994250776736282,0.0
1.46431398068313,-9.273598569133974,-11.132142498765091,8.261615162439805,0.0
15.871696815835397,-7.41495512723616,-13.220574185699899,-11.857150193540942,0.0
10.37005918595374,-6.633169513995464,-20.696524395739964,-14.821132424801721,0.0
12.387632079779001,-14.579944048438104,-18.962261973093526,-20.744070175541687,0.0
0.6717446273100949,-18.347112740052026,-15.205242552058595,-20.186888922440772,0.0
2.7124037916364503,-1.8594684467201628,-12.917142803524936,-9.411065783317735,0.0
8.913753172675179,0.3413332011198946,-7.012743143329719,-14.428455359400296,0.0
-1.536084746476888,-1.9740098603746006,-9.511213909481748,-8.708567258577782,0.0
2.9925789865427976,-10.376671036120868,-15.024094318326586,0.7500498018575508,0.0
3.6347448951032604,-12.239718794082258,-13.136610606625721,1.7925450617938292,0.0
16.894096417180734,-12.931436134204896,-15.460035984338532,-16.91727597141447,0.0
8.620652265565218,-19.105424310277684,-18.116709057724112,-20.708886898882508,0.0
5.736423746519431,-12.193493065602299,-13.933658785888774,-20.950843798251782,0.0
12.877492224449984,-8.64976760260246,-9.564122933701237,-19.112380881565983,0.0
4.712664457426412,-22.7819554252061,-18.60752182280892,-16.810517767933167,0.0
10.145581500075606,-16.026671204919317,-13.553363979423663,-25.901468147566526,0.0
15.214558010316464,-8.156264041410926,-10.920506357295137,-35.71519663230159,0.0
6.036737050744247,-3.6799195222053847,-17.10851541396608,-31.659389563831297,0.0
3.962639902608111,-14.197633766241163,-14.364117521089545,-26.273453466343643,0.0
-11.561770010013376,-10.878899707705832,-14.03397000418834,-15.16580636144008,0.0
-16.19213740508143,-7.0363488658764135,-10.104430519295462,-23.83368686528218,0.0
-14.40440359745863,-10.441507061351135,-12.593454568745402,-19.098012108792027,0.0
-21.227153346111116,-8.862190236779798,-10.12686043344822,-8.216725319188992,0.0
-18.475260133637956,-23.047205927081855,-16.770114948828763,-3.9279905667295463,0.0
-3.5461521709603243,-18.514887471780376,-13.894187364194337,-11.052495975525817,0.0
-10.124729111108088,-17.14753758076526,-15.338184350276507,-4.704595896786271,0.0
-5.3938754888201625,-23.626531070504715,-15.15170165700702,-9.232473142272148,0.0
-0.30200221596417265,-18.746170802776092,-16.386317318797182,-13.119109422822778,0.0
-6.718681746407279,-10.635296631431357,-17.540604852502035,-11.537795789968087,0.0
-4.641993288211381,-25.6851018305331,-12.46281290698252,-15.572757278794267,0.0
0.10039339979708117,-14.010904422694342,-15.598314034099056,-5.178190321419094,0.0
2.0419881049020887,-12.519899585501616,-25.691635203694343,-10.240303761661389,0.0
-8.563997520578694,-21.104708079767928,-24.791488136030438,-26.087478109253542,0.0
-8.201980376061451,-4.087998328872059,-20.371076674929565,-5.553221475093233,0.0
-16.127810914655143,-6.859643412792481,-19.68488156800459,2.478819734721774,0.0
-19.356794746304917,-3.138449013581969,-21.22510617719889,0.6787487603110511,0.0
-19.519315289258884,-14.921988559722891,-15.499659046898207,-14.636115070920095,0.0
-11.067630430580763,-10.879423843144515,-17.20572434207083,4.643655652866869,0.0
-9.57197706418183,-19.10414488545103,-13.385586740032354,-24.727335126778403,0.0
-13.94710462481367,-28.40119862702319,-17.075052231864152,-12.145970662320588,0.0
-10.133660302179145,-16.118523182121052,-13.637816023547662,-25.821752064929367,0.0
-21.50788584325292,-21.76684814486208,-16.838250880338617,-30.372026434729,0.0
-24.9664771638234,-27.284076269960998,-15.178968561980108,-36.22468808326728,0.0
-15.008425224405794,-13.234481814360226,-12.819168599932734,-30.045919379962257,0.0
-5.8789149695405545,-7.4897528835451475,-13.13948248361797,-19.94217930773367,0.0
-12.101028411756502,-7.120104865812271,-9.306906463424816,-4.670436833802975,0.0
-17.057486178181485,-1.2461184731813137,-13.190122221191201,-4.164201925485013,0.0
-12.477929630189918,-18.463528358678552,-18.177806121844693,-9.469591073104489,0.0
-20.226629015745104,-16.732478086105925,-22.189839073836296,-3.7436075071547474,0.0
-14.657652631043007,-12.55204995130067,-15.153882779040796,-17.07195580467423,0.0
-16.53701113400874,-17.835884283910946,-11.661575308199437,-16.991259694665573,0.0
-13.990335023689767,-14.023944200194904,-15.87627399686039,-8.080771300669214,0.0
-19.389407035244687,-16.798339537252257,-16.816591305823707,-8.159054895663196,0.0
-23.08834054369307,-22.65522077952366,-24.13932055243285,-12.216145582086519,0.0
-23.352643116925265,-26.326571252157745,-16.962360451992957,-17.84154613243381,0.0
-17.851742344210745,-31.7779431134722,-23.566829146897284,-16.943320247586726,0.0
-11.251326247135198,-18.053545151822014,-21.222821814785437,-3.997669816926969,0.0
-6.9745220111755755,-27.28691479556229,-16.33505904738636,-8.876462258837602,0.0
-13.830560048662015,-18.581101057772813,-15.392702396286003,-17.990794013474215,0.0
-9.748245800128139,-16.66418582202621,-14.870812204566564,-1.3166360647635642,0.0
-5.7833946770427485,-6.585910444731866,-14.699633699320014,2.834919976423805,0.0
-23.8674012054317,-24.227416510348164,-15.94681852386719,-8.68308882424612,0.0
-25.446069469473308,-15.626286026389469,-17.431559963988907,-4.111970507503744,0.0
-20.332042435011527,-14.245997552740727,-17.470625763975207,-3.064936774604509,0.0
-20.021832306652176,-12.772809351351626,-21.393358557097468,-8.984136071828061,0.0
-22.219553913760027,-25.820472823713565,-12.977416256260586,-0.7665791641447555,0.0
-15.989413480847553,-15.032784773164238,-8.834295215074592,-3.239865515940757,0.0
-11.060853326826876,-19.41406091773399,-12.759634060703814,-7.876640376527572,0.0
-7.308484586340686,-14.122581401832717,-18.504981024956276,-12.131258948474269,0.0
1.2600691243874262,-17.427236062851897,-16.53580694975384,-4.655822748204876,0.0
-5.366988799403069,-18.232661255873897,-14.198946854883339,-7.558020288679515,0.0
1.9864855235898684,-16.316688138640554,-10.558902986526258,-10.772523714569385,0.0
4.337266385191741,-14.886402202413354,-12.789753200729862,-10.026689736051674,0.0
2.1504551692591107,-11.741860360042587,-11.456054813890589,-27.65941545034449,0.0
11.704235327434827,-14.540906369288818,-15.05985395215693,-23.772133893930494,0.0
9.393763152953895,-11.535204881021283,-13.455511503886267,-10.981856156290807,0.0
7.156594165171715,-6.676677966562053,-5.802981708631503,-2.5435428285883566,0.0
18.833309886973325,-12.49174439724661,-10.348075437697995,-10.737728092812311,0.0
15.552066585344097,-11.52236901825871,-8.66600799904168,-15.907380094384795,0.0
14.017217209952664,-6.187428876194471,-9.503318990825747,-23.36761936386394,0.0
18.444446837498973,0.6873157425065948,-1.5814336865934564,-27.098580214144068,0.0
10.810474774193017,1.4480367723875815,-5.449949190831715,-22.29549095989814,0.0
13.86045830166864,-6.075575858345497,-11.36296301457877,-19.79668035069121,0.0
13.76890562352913,-3.1193665303023,-12.421391156234623,-15.382897602675685,0.0
18.66607615804384,-2.2662036742721288,-9.71731206705129,5.901846172296892,0.0
8.317656092008884,-6.929373748930102,-12.128173681890916,-4.697222792929757,0.0
10.939592152069118,-4.48344370035679,-5.53152671832016,-21.05916975628199,0.0
5.353604655468696,-12.824733030542264,-9.525419368008686,-16.346428380347238,0.0
4.615291596873421,-11.832890366428881,-14.114214747933975,-14.378705049414638,0.0
9.178573736883017,-18.123928519629175,-9.664906095504623,-10.30500574554842,0.0
11.22788254522706,-17.072244075960448,-16.715293353257017,-4.946181508039266,0.0
3.132006500845991,-24.336073802041973,-14.922549170757556,-3.541729483933538,0.0
-0.49340847220074124,-24.20921999734686,-17.26752697736771,-20.47557098121949,0.0
5.985025642327279,-3.2598689355274892,-20.11183593528893,-24.170185208106997,0.0
5.0930916978422935,-15.265746233161904,-15.690438161710897,-10.959369126651822,0.0
-6.309720684115536,-13.625265964051518,-19.23386502593067,-13.655483066123164,0.0
0.28203956741284486,-14.974693093111068,-18.09755122225608,-20.89879444922566,0.0
11.027782324725303,-8.111771324722781,-16.012756194341577,-17.229524394772564,0.0
18.47847068373316,-9.271060357950859,-11.370980324627526,-22.38331008097978,0.0
11.380620698836232,-5.0013615650251335,-10.110973917485966,-25.104027219514798,0.0
10.022640845628219,-1.0423708971700414,-10.64636542914162,-12.612078240296647,0.0
10.307697229332442,-7.813605209084521,-18.66989577312789,-7.223926640712836,0.0
10.906465132794,-15.613244976482779,-20.15396895603552,-1.5847780252194177,0.0
7.853884702525072,-16.39818793966329,-11.93489314653235,-22.911649562775924,0.0
9.221588093736958,-16.085479556290707,-10.279244351128007,-26.411137365973104,0.0
17.770112563599895,-15.167205171273404,-10.490504238039623,-25.18752682369891,0.0
13.898877923436707,-15.556807854833446,-8.964189686634601,-16.921018336694637,0.0
4.284199009009086,-10.206775158976395,-15.56098872261471,4.441119007233388,0.0
2.3355734425496397,-8.634186747527679,-19.144321450245215,-11.77924428759203,0.0
5.646549275503757,-4.949895613679976,-17.83533668283215,-23.493659468110543,0.0
-6.385195026439634,3.4096163230003738,-21.035734348566425,-17.010166678910323,0.0
6.9235893261551595,-8.667089300845348,-19.87628776823014,-22.68189099216645,0.0
2.1865919286991318,-16.60879428977585,-16.71463688219085,-9.352293341149263,0.0
7.027012966317066,-12.569794764132677,-15.830066878430879,-15.662658725261648,0.0
6.5728548818775305,-13.940784950966625,-17.22021528386792,-12.456278248332278,0.0
0.8380926441958838,-12.4600465275926,-14.062353107609066,3.7996937085811275,0.0
-5.821107967786989,-22.231419613258744,-17.83389530082115,1.9208062103463632,0.0
-9.432706522234035,-14.4577542027525,-14.259746661869649,-4.376568434164136,0.0
-9.998459335227185,-14.843279912179689,-11.249650646053016,5.332773742173383,0.0
-10.653043420359964,-3.9871695682515753,-6.255003463967563,-6.932990138203414,0.0
-17.373437889333136,-9.265649093248058,-7.590105839031132,-31.23589266572038,0.0
-20.283833775778387,-17.88814552652139,-13.289440518454127,-20.25129802048294,0.0
-24.125985183897214,-19.44326455674303,-14.853799532941625,-20.8746016834832,0.0
-11.109281741018856,-18.31392158226116,-11.70524882440258,-26.35831778706253,0.0
2.635326247402544,-18.4356291704297,-15.466643897708506,-7.996922252695567,0.0
-0.8822402148547699,-17.208830610919826,-16.238188826691996,-2.688623506367005,0.0
-9.026904932279152,-14.687257430503005,-8.859524773445814,-9.160121908635595,0.0
-14.00232879600441,-15.364806522870712,-9.25548297721247,-6.210565342278926,0.0
-11.410322157496173,-11.257794892084501,-14.472163556106638,-25.028602578473674,0.0
-6.948207318830124,7.07681744238814,-15.533776051988513,-13.716904398425891,0.0
-10.84855802297464,-11.120581729784472,-12.397511603116286,-12.565933043518497,0.0
-7.747295365055707,-11.762065263882043,-12.693971718051042,-5.266476376862542,0.0
-9.727404332008211,-8.124950141232617,-14.157281951655053,-14.970791934745455,0.0
-10.10271196782979,-16.470720038949477,-18.8168030514924,-8.730509073686719,0.0
-14.100419325419002,-18.37410128653092,-16.539119637444088,-18.398388843968657,0.0
-5.370080759046178,-21.429884641706973,-17.764106951654576,-13.336533600028305,0.0
-11.213632615713776,-20.753193036481704,-16.477877820259167,-15.447985035686761,0.0
-17.757833837360725,-11.161940065576076,-18.28775414153862,-11.750838882099858,0.0
-18.985888782026176,-9.417453632349728,-16.917298543451764,-11.782564958233012,0.0
-4.519229856080122,6.915416432384152,-18.747576748055018,-16.19283982928191,0.0
-8.392701942241745,-2.9664491335678385,-13.748043999045294,-7.892875594904739,0.0
-10.30520184852885,0.5799113414166923,-9.422657293940702,-7.486071991995899,0.0
-10.193205397605004,-2.3969829434627528,-15.430484260712005,-17.59450146628588,0.0
-6.960652579379988,-7.265575629977363,-13.821778570564371,-9.812133491076304,0.0
-0.6650139341708243,-10.099756466952368,-15.768044860162123,-2.2907421962518786,0.0
-8.372015071269647,-2.709633092569458,-13.022496757090567,0.7152983858310762,0.0
-7.791605447380011,-7.013811945086736,-15.090602928959944,-14.720220412695943,0.0
-8.854063490532017,-6.743441409583378,-16.28950239672283,1.781252531140698,0.0
3.4057416426098595,-9.776142707055008,-18.082584884133848,-27.09690054442457,0.0
-8.40420180994716,-11.07950005613273,-18.749205359810922,-19.38189385950319,0.0
-14.90681174342983,-5.6122060730302,-21.155475789627282,-17.043451333616346,0.0
-10.414897668200224,-3.6493101227523312,-16.51784432934121,-25.389523273400474,0.0
-11.701187500973786,-12.432421620422284,-17.608655868583714,-12.926611963249469,0.0
-13.740141565244866,-1.7463872883418556,-17.992075008673197,-10.732542107069943,0.0
-24.155648434443325,-0.7264220187583312,-11.294134477084693,-12.937639965201456,0.0
-22.735527599881507,-10.654992003610285,-11.427981403813277,-19.533125604304708,0.0
-13.237246391318106,-8.888193821800385,-8.31524458895019,-16.009514819396177,0.0
-23.63089443888448,-16.650011502203977,-8.741117480521023,-22.308431883747286,0.0
-20.617524234277532,-10.956222087209685,-11.28158419796053,-21.104405355837926,0.0
-22.27815600986122,-4.7873373231630545,-10.160508343116856,-19.875051437532612,0.0
-21.134437379140433,-4.763259274046909,-12.961855195066882,-16.59508669359913,0.0
-20.913694781420315,-11.524214788443015,-11.247545142388384,-0.8223129723337319,0.0
-20.85232202924348,-8.247936456769267,-19.550295337012873,-6.277303351433545,0.0
-14.344780208976935,-9.46494024471095,-14.596157639365329,-11.973817773929584,0.0
-13.511148533357279,-6.703186510229701,-16.298176643807516,-3.223816471743315,0.0
-10.096712590461397,-5.478213458681245,-18.950786814705502,-12.572752197624467,0.0
-1.6510260343545289,-1.7636876442812257,-19.579665925376275,-15.130518047695704,0.0
-1.1679140714484055,-12.450662217349798,-16.952403996856553,-18.219731394492722,0.0
3.7083072858938504,-10.997822654160164,-21.051171494720315,-0.4570348439877847,0.0
6.639944660531549,-17.140899547877826,-21.318929686257206,-4.761443790707148,0.0
0.6100106545090753,-15.255915181055974,-19.198810940608283,-12.783727603924845,0.0
0.9085053414205801,-19.85135045072942,-14.283857624779023,-18.367414110985713,0.0
-4.7485572761876504,-10.558548552781252,-17.873624585179904,-9.57036134635969,0.0
-7.295234695957761,-7.6823412443301295,-24.40710283444235,-11.05022204529478,0.0
-4.213734847169233,-8.477862108428955,-20.364180435925782,-5.660292459113176,0.0
1.1009958367883055,-0.5958723240117685,-18.174030353008792,-18.60790205662527,0.0
-4.332919448534839,-15.910632272866419,-18.93140955815762,-13.100474451336167,0.0
-3.096691055842171,-24.154491743217434,-13.361178078232124,-15.888160544249978,0.0
-9.977422531248923,-24.488143822699637,-8.887718806008694,-6.142631627502484,0.0
-14.435180474420434,-17.662152665452435,-8.933882843746833,-12.959247096016869,0.0
-13.585509672196928,-14.162321598329022,-7.13304083905075,-13.205969735175328,0.0
-13.003559430374704,-19.41189099943702,-9.307928293615216,-7.80799294569317,0.0
-5.814497609093169,-12.125576939502025,-13.858225577685612,-3.668263644042245,0.0
0.9854626101504174,-21.39052161386979,-14.029604416101659,2.9120696139517683,0.0
0.33225032215653005,-19.866981656683397,-10.944975287293465,-10.283474874016662,0.0
-15.028873346526646,-15.872952224465273,-14.892660160895547,-11.611966544218975,0.0
-10.65197361244687,-17.002415730776775,-21.828144899988455,-13.84338674103023,0.0
3.7957661775309246,-9.985568871718213,-22.131197375414565,-1.4972712206340657,0.0
-2.96685796036065,-1.682944237344337,-18.489896780359743,-4.689514016294431,0.0
1.3443361369298037,10.097294164943058,-20.69124811362917,-1.5356587668024897,0.0
-4.078592723280838,7.1635623778041,-21.01220491333455,-16.83174997893745,0.0
-6.933732744699535,3.732192641987215,-17.601978893545656,-9.480926362346807,0.0
-16.55322951713928,11.519780246080707,-13.49057919356012,-7.714306364485115,0.0
-8.146524844152296,7.502047600802477,-7.942297001033355,-15.973216450793394,0.0
-10.949640959950207,-9.430739029237738,-14.821144303718814,-20.027525784651914,0.0
-8.021808430397998,-12.261377319024987,-20.358698497399512,-16.94067994629597,0.0
-10.036337180869536,-7.184941666663715,-15.782922953412434,-22.260884690541577,0.0
-12.510970051875738,-9.57816921768813,-16.845290527436433,-27.673800951625186,0.0
-15.228329042881228,-3.790143539067873,-11.895426577550923,-33.227820842186546,0.0
-7.745075458874391,-10.902163159207575,-11.96144400987822,-14.706572291948236,0.0
-8.875493507490505,-10.541369511486824,-11.237504762402466,-31.268843182541627,0.0
-8.219095701681498,-16.656631917914673,-8.827727503435183,-26.95610053864184,0.0
-2.532413680196764,-22.083802675791787,-8.469687745142913,-26.417482589996503,0.0
-6.439401224630592,-9.376408442542138,-12.531827522495522,-15.295953321575013,0.0
-3.2609491331945835,-19.91811504383842,-18.511631006068733,-11.986103681284797,0.0
-5.025121289900581,-7.797810865746062,-15.835212163748334,2.186596515850878,0.0
-1.6819812251392716,8.86372699239681,-17.633729390434997,-3.3949665863339327,0.0
-1.7387133174345846,0.4149629341867076,-14.312626238434747,-0.5590879027607016,0.0
-5.538664694383533,-1.1777483353392402,-17.248349502378304,-7.63333668553766,0.0
-4.61898699285354,-6.008161924536463,-21.066950325274025,-7.460449867447084,0.0
-0.8467217696969156,-7.353840954365267,-16.75723980490153,-23.45388625373315,0.0
-5.208334314329894,-2.347056173871554,-16.244093750149112,-15.12847234672548,0.0
-9.49394232431312,-12.5596180821322,-12.255543458140115,-8.922492720724568,0.0
-18.24399559726042,-22.54309536647986,-15.844232485387378,-21.436871034171197,0.0
-15.324991112555713,-11.112788105662386,-20.693209586446383,-12.823577967592305,0.0
-13.827584081626947,-16.272386517143065,-23.960063377867236,-13.975474942280087,0.0
-19.04222054164753,-17.338368917573572,-16.470368463578325,-9.268142359306106,0.0
-15.252410209814727,-18.53211825370632,-15.344646365604547,-10.302971699437723,0.0
-24.544561033001585,-20.253686525505227,-16.88213438013851,-5.814046440239522,0.0
-18.014364732565816,-4.707359158205113,-17.679405492638896,-24.072773876448025,0.0
-10.039897491512573,2.606421983205074,-14.035975485431038,-10.260286308947212,0.0
-10.452563095163816,3.7232159696668443,-14.88798502907951,-7.48681193213857,0.0
-18.54869865796115,-17.316790301778997,-12.053282219550772,-26.464391418466878,0.0
-12.928309588904542,-4.312743758557142,-16.677294365581535,-8.620622562376207,0.0
-8.877257430275712,-8.746171841677693,-14.799051281400061,-5.749737392275009,0.0
-6.347766224965309,-16.214782019774994,-17.11725576709012,-12.251056302081428,0.0
-12.723771038058704,-15.754459397997332,-17.215490714562975,-17.79151232250608,0.0
-25.96430341503672,-16.968772733681504,-20.855390773426137,-8.322344187785655,0.0
-13.872345864641103,-21.401896494067465,-14.074993480412305,-24.45781224105242,0.0
-15.021236307304783,-9.222283330478524,-16.872962846307736,-16.35745930880918,0.0
-8.849303746166282,-7.735289463152263,-22.625439551636173,-16.753630607008333,0.0
-11.88769681308889,-4.984991616720699,-24.456044547226284,-24.979050146373634,0.0
-10.113453692580787,-19.772917358505296,-22.774040851908893,-8.835038285409357,0.0
-18.932176764481095,-17.15585159865694,-21.106196433709655,-17.15110654591202,0.0
-16.61667130930047,-10.371550640702395,-20.597590158802074,-6.656575946061638,0.0
-19.998090729163472,-5.64097547124816,-19.436988172280547,-11.86714301214377,0.0
-14.718881990310159,-11.673900522322803,-18.453352908924447,-11.081672697724995,0.0
-12.335839345535993,-7.427784157181296,-12.648306806052123,-13.457781392395392,0.0
-10.794819999967388,-1.6009684449047592,-6.471960693250843,-19.32435778025504,0.0
-8.633753052130908,-1.0082142641509257,-12.536638551281825,2.4867753017194314,0.0
3.6897377886850045,-1.8456705971266647,-13.193677297312265,-17.12970640038238,0.0
-5.969328579399466,-16.60149645048322,-14.66462836523663,-25.104541996217772,0.0
-5.190013139802999,-5.801704837873218,-11.264970866306571,-31.18173920893235,0.0
-6.69663927948805,-3.7248664123493143,-13.69260868648722,-31.094663279744232,0.0
-10.847170237699146,-3.8906034445790314,-14.808957627845729,-21.234579963646993,0.0
-6.3261057330020085,0.3345725720975725,-11.16753251189569,2.5119138829735004,0.0
-14.359245680453375,-4.312777142382938,-19.24871651779636,-6.823107090334197,0.0
-16.406632744621707,3.533004785179614,-15.435640879464017,-9.2186994973245,0.0
-15.279292575913601,-6.792173519018808,-19.34743856284607,-3.939221848929476,0.0
-7.896538865546667,-3.89340609697706,-17.64143176540787,-10.305161687367496,0.0
-12.251598853975196,-7.482359848211754,-17.601949183041768,-5.744486893476054,0.0
-4.4600414375683055,-6.390684354198798,-13.349226558158351,-11.425365272733433,0.0
-7.280803959940498,-4.470631375581917,-18.21592577868421,-19.98081868626434,0.0
-8.461028758158777,0.6550495295001006,-14.898576196652748,-3.2298614161087666,0.0
-16.405001207389805,-11.67488239788679,-12.084602448928237,-2.504730762071862,0.0
-19.140079765927254,-2.8748767555299355,-15.716158356460745,-11.22086006680478,0.0
-9.525088426281943,-7.393486871495512,-17.441328039423958,-8.3131414009635,0.0
-14.81316181882361,-4.122231372166604,-16.978889182082515,-19.3251405767508,0.0
-12.236469877389084,-12.889340110768524,-17.132973105547002,-19.244911173750296,0.0
-7.23653629622596,-10.742017822152105,-15.019989215241706,-22.022022899436713,0.0
0.5132925326936633,-14.641380042406425,-15.473802135392773,-21.57243087779642,0.0
9.429794869549731,-17.640609183143496,-22.918870647807477,-10.660735598858963,0.0
5.8219479539446235,-17.366204534438776,-19.85378546305242,-22.11909673839228,0.0
3.66489758203173,-15.320307942522804,-15.071202660402587,-30.469286867886417,0.0
1.3623500883532067,-14.403835727642253,-18.891197036868366,-15.708966285559594,0.0
2.034137888026825,-5.190259795116471,-15.15545136464732,-10.10348224048682,0.0
3.841910086547036,-6.660504868885212,-13.404995519573045,-9.328790500492428,0.0
0.7703194395243091,-2.811075477596998,-19.386493408142634,-7.0388144106995245,0.0
7.036807115127422,-8.939089371754864,-16.344670732650158,-7.079357825132682,0.0
5.229633161238579,-9.980909951498344,-18.003175553634623,-14.380877266843646,0.0
16.385380711949118,-12.044720195986248,-23.470253911504777,-16.06685238285498,0.0
10.067842801360372,-16.960627664050357,-16.61640690251708,-12.399865596874431,0.0
5.533764827981255,-32.087942614877605,-11.797042920787952,-13.454737094502065,0.0
4.8692190513389635,-27.77931398959419,-14.155950512578409,-15.844928731262005,0.0
6.573947516055837,-20.607912932147435,-18.082851391153003,-9.735093335170426,0.0
6.224202751779289,-15.815928305755907,-17.001016975128596,-1.027801956908693,0.0
2.1752811419131852,-5.666881602373632,-18.028609029502228,-14.528109992980964,0.0
-3.1856782755282933,-2.9502268965975222,-17.45549997637319,-18.758839736311234,0.0
0.4706900633670352,1.7878833241187166,-17.55404851853556,-14.715640606788192,0.0
0.8967425265275839,-10.666149180917662,-16.58629574595491,-10.015136850733784,0.0
-4.517095100089417,-11.416996516870089,-11.853376100422324,-7.468798662952234,0.0
-9.753311519342855,-18.79676276876559,-16.957163797613266,-18.518780924212784,0.0
-9.6098355030944,-13.494829103615828,-19.609780198808192,-27.126103614296717,0.0
-9.936278222986735,-14.787565603717573,-18.42833908936231,-26.472159356865077,0.0
-1.6952163156227522,-10.051482050192181,-14.936303204971665,-15.358229806639633,0.0
4.234702594694255,1.78198138529069,-11.359892069463706,-6.42041668707014,0.0
-6.041978814684752,-8.093171619336463,-12.774175843348898,-7.892271947805741,0.0
-4.807094538426743,-10.336513117125929,-14.804450779006334,-5.296359678041226,0.0
3.050828162906962,-11.854889328088786,-17.923086907510967,-1.4702709184019618,0.0
3.192204019207239,-10.949167254439004,-14.797066763005894,-8.661911789245611,0.0
-4.839313726885118,-15.333606238953628,-11.992302487183183,2.9621219088845834,0.0
-0.6911766973086189,-14.66594183525174,-10.313524211030373,-0.7737405891518438,0.0
2.6449188185723056,-17.718597759546846,-13.693551836789977,-14.442881994771476,0.0
6.803510352977982,-21.182030682644616,-19.61360379635654,-22.601515117229766,0.0
6.002310361598961,-12.549447066263738,-15.163427167910001,-22.123072312550935,0.0
3.633779288444164,-14.499522057026644,-12.281341039168726,-12.503508880990063,0.0
-5.7956592410643,-16.5779162384952,-15.33347762241911,-24.118734568861598,0.0
10.357003832600626,-24.832774250847685,-10.430996162419145,-35.382991696334884,0.0
4.392056267262736,-16.25619149019311,-15.708529410588309,-8.816906431443789,0.0
2.789756263121951,-2.038563090574546,-16.343767214006522,-10.413612545029643,0.0
2.646809857405909,-13.910635775723705,-15.806557715487644,-16.417614501831522,0.0
0.07808911810360719,-15.908275295189506,-18.586547552341614,13.778019157357674,0.0
-2.009411906200903,-14.064144046384563,-7.268471985650498,-0.5821541839164031,0.0
0.9766675174781456,-20.20725423843814,-13.221131744075137,-1.2627477466160784,0.0
-6.089629387591458,-20.08644986646569,-14.7613893360805,-10.263145017117072,0.0
-0.721985440187886,-7.6635533437449475,-15.050602051131758,-14.669795222871038,0.0
5.063330211075376,-8.704756785342878,-13.798583517219576,-18.980108198577057,0.0
-6.1133632270441325,-9.608355239558634,-10.015319039784558,-10.754280131399831,0.0
-4.5355552464647,-10.56360177672255,-13.60590288265926,-1.6222683679019774,0.0
-10.049782647421138,-4.634507428871747,-12.23022795554547,-14.127943166513514,0.0
-12.550654309191302,-12.046142616657464,-9.351724363637462,-23.210779482640948,0.0
-10.219470250236366,-5.988936219464389,-12.682536273879856,-21.55908401689983,0.0
-8.35057671585316,-0.3043195317735492,-17.27590750260036,-15.494141238338235,0.0
-13.996658987512077,-3.87591757531289,-16.658762214887812,-30.090267338514288,0.0
-16.840024186740877,-1.671655993762152,-11.9705731822591,-26.910381211858777,0.0
-14.285461084001255,-10.513736538441828,-8.999257275839199,-20.545190491354443,0.0
-15.153769639295817,-9.799456448245067,-12.845979128602835,-33.96768899057669,0.0
-27.23915943179128,-13.754405035308736,-15.35929715705394,-26.187216410318975,0.0
-26.00580286346672,-12.532615012915507,-20.896979863179645,-11.422918957482421,0.0
-5.052787422621822,-17.645849723153162,-10.614645261566976,-5.17616110209054,0.0
-11.52075748168954,-10.17690657104121,-13.434516116031375,-7.638384319978343,0.0
-14.39208904851868,-15.861843732231218,-18.109385950646395,-7.6410137411394725,0.0
-14.992990522521897,-14.256315440613545,-22.53356257137838,-8.576581719084398,0.0
-15.467400665946421,-11.027902750106247,-14.067530807462928,-19.741810281640724,0.0
-15.86550571243692,-18.198841087063272,-14.874391763107383,-27.436404880495818,0.0
-17.52960231287186,-9.258734138811128,-18.663459648841403,-16.390237627287394,0.0
-25.29152323231173,-4.5064170277429,-13.902380832224697,-15.387375361905109,0.0
-16.354864880351915,0.7874869575299295,-17.605394666291623,-0.7768867035459426,0.0
-19.508309211617078,-9.004507730284264,-13.9074137019385,-22.6324146216624,0.0
-26.840575176572536,-19.217965927537197,-14.046660627029436,-26.455164889414316,0.0
-26.03040652784133,-19.203007774359097,-17.75631995190376,-31.184572757380487,0.0
-21.151227857649822,-17.77326295498291,-16.638480956591536,-7.37145933172261,0.0
-21.094380213756995,-19.187287429999664,-12.302241479613016,-0.6875629033590964,0.0
-21.382823471541037,-10.067806577673696,-11.75579457371565,11.767757248154892,0.0
-24.492654839683258,-19.42038240585478,-10.687660251182974,-7.233188558878493,0.0
-16.528149186893362,-12.182144291518991,-14.956392488642805,-0.12659811194678028,0.0
-9.447097794059081,-10.089260727691329,-11.652951847149616,9.310696242768158,0.0
-15.062005245630768,-1.9767463660451057,-13.128239174525818,-1.1548997822395242,0.0
-13.585905626078763,-6.705006753468762,-11.038953135384867,3.885750502702331,0.0
-8.039664295329974,-4.768563332387416,-10.983795455039298,-16.178207459953143,0.0
-11.374165724928297,-6.561646213780275,-14.914834078790479,-22.223497226068897,0.0
-15.180284320634701,-13.285860629779677,-20.899500233262586,2.55212412779124,0.0
-17.191160934167893,-4.869410419617443,-10.809544492072497,-7.912153363192294,0.0
-12.442921245394317,-6.440374538881073,-12.33860326071591,-9.43176375991551,0.0
-21.496053506560408,-13.67857817307029,-11.597790872562342,-22.03376967764403,0.0
-23.888018269621185,-25.538391769799183,-17.61136764992756,-21.127128226888665,0.0
-18.59180683543881,-13.130973987684637,-19.609952847617617,-19.253853339239296,0.0
-15.03811025350438,-16.92139329838471,-16.709462529083453,-14.75947509248343,0.0
-27.90132364233047,-11.641574145427857,-23.054598967410886,-13.436436862671172,0.0
-28.168317478712382,-3.9876279021983727,-16.55272393043365,-22.6157810034071,0.0
-17.964487890905502,-2.0328477343856406,-15.044083734763722,-22.741860107213896,0.0
-7.404660579701964,-0.863717129611306,-13.178794601370083,-20.16083050447031,0.0
-6.560485653890321,-7.669580836412117,-9.337332309080356,-18.256616201693294,0.0
-3.849685983148669,-6.025592097325941,-16.295493662466782,-20.21739432234126,0.0
-10.213363514273293,-19.33420310265207,-11.46592456487484,-21.33567021270875,0.0
0.19464101885078566,-7.959062513005058,-11.408461306176152,-24.53788490954979,0.0
8.693145154791402,-21.018461532705857,-12.69234783601366,-22.121361084007294,0.0
13.692384348156386,-17.967122244799086,-17.734110140487658,-26.102277083041912,0.0
9.407928961504624,-10.25578728995734,-21.176388722381297,-28.18631525477993,0.0
6.125348808905433,-9.363441345736494,-20.150645151652,-19.116171892645518,0.0
7.592338989832534,-6.972539935127363,-16.59569575215671,-18.616335442030653,0.0
3.3997048392312177,-8.355769530174019,-17.43765631978301,-3.806088702907619,0.0
15.39152273624596,-3.9604254864539,-20.620458297201978,-11.222741637542132,0.0
8.445613654306195,-4.544834412956394,-22.658966737664976,-18.094552442157816,0.0
12.682203665359378,-4.087087802799191,-15.960206532101626,-14.870671684970988,0.0
13.609511740257503,-4.895859655290094,-15.801567419656516,-22.038569155874747,0.0
22.881329764888527,-14.862237443280803,-14.404292957073569,-15.661039781755932,0.0
18.04585702491712,-15.266672809752023,-16.904387794017776,-3.771423098779124,0.0
11.90262363143172,-16.35710805356836,-22.226390376501197,-12.716679268474596,0.0
19.34395049482713,-3.8190554555754357,-21.325856639917035,-3.642404111029289,0.0
22.281393861046276,-9.130760951091474,-23.61617270917933,-4.223144176803192,0.0
13.610033488815267,-10.511478837605967,-24.151473018268323,-11.777194688894683,0.0
20.814579611849894,-8.805669204154949,-25.21370807527329,-0.09961742536012963,0.0
14.618271945614492,3.5271299313104763,-23.71828177447479,15.340236414012361,0.0
13.246714127714203,-13.915490704389184,-20.74123574660635,4.178950254202615,0.0
11.408895237810952,-20.2456978608629,-14.730375210169832,-8.002802660054035,0.0
2.523196257993792,-23.74353143779779,-12.128518440761306,-14.739992754246664,0.0
12.825058378879513,-11.188952580543422,-10.289373402662829,-13.909806614120313,0.0
18.50660222203132,-20.448259094523408,-15.266230351311876,-10.73268939586724,0.0
20.080084674361387,-19.87640128242159,-18.018032450851425,13.4472990941948,0.0
19.010736268165523,-10.637731759721717,-20.466815700764368,-4.359320979540746,0.0
23.08352584356752,-21.6296960695753,-24.738510364127794,-14.966812148837384,0.0
18.37949694920216,-16.069622270753655,-18.506906342005088,-9.246972079306474,0.0
21.612760603919313,-21.26671118958358,-16.59412954203917,-16.69791950777435,0.0
10.37979465842599,-17.79943286150261,-19.953730474957148,-6.102497670924811,0.0
13.641503764690908,-4.564257562145332,-18.74017171040503,-10.931919617542917,0.0
10.007304327639371,-13.951309380013377,-18.48769982720154,-12.824653009614261,0.0
9.114865829043673,-7.684965684261175,-16.31857380050693,-4.930146731458073,0.0
12.46935453314692,-14.653914810930416,-13.7572760343419,-4.170391657434358,0.0
11.31054786370817,-16.211394666368932,-13.582630986527343,-6.6957097549122055,0.0
3.945727068191567,-13.334703840901723,-12.822063670184475,-14.05645529508556,0.0
5.26520200289437,-14.361826568143412,-9.483773215233263,-17.729951323944135,0.0
15.073221675845868,-0.010716199168680163,-15.586365734452704,-18.557635556949194,0.0
26.417674140098633,-13.667547122278512,-9.848014381009719,-28.60087966408245,0.0
16.550446395959717,-19.136710105112726,-18.75390458669584,-22.272091469747625,0.0
5.610644882279201,-18.282086161924703,-20.419706255535417,-20.66822373137098,0.0
21.006690865498477,-8.942375447596437,-13.633181867287968,-26.722439728765526,0.0
14.307460843244108,-12.870737751377881,-12.652264189709088,-23.710373189173858,0.0
12.186218413820074,-16.71278894926476,-18.651221275372865,-11.88925522712692,0.0
12.925934696936293,-17.444401388198898,-18.04746276367442,-1.722778874885046,0.0
10.313036394781703,-3.6666828776726135,-15.095154090130901,-21.24696060159354,0.0
19.860925261171836,-11.558790430843992,-18.065089356320158,-42.58300658348675,0.0
23.654911677370883,-7.343351544303934,-10.490188337135558,-24.002976931849563,0.0
3.2793866314848494,-14.354849628830591,-9.47915788979767,-22.09114002222338,0.0
0.07622468025608697,-20.654945021077996,-14.671141280442821,-25.905969774821692,0.0
4.035236982259446,-6.881857632932286,-20.459882442105958,-23.005887914078244,0.0
14.062500985574632,-11.163620329910158,-21.40640732129077,0.5148850200988733,0.0
13.433772838006433,-12.01148379654781,-19.826792190080667,-13.878223954686403,0.0
17.65666069716922,-1.6487924601484432,-16.592700551209568,-3.166174259484147,0.0
5.616143005348223,-5.765338286279835,-13.179260840499005,-13.805673449652,0.0
3.5372871600114446,-9.420653585797808,-11.841252567486716,-24.113866953049147,0.0
-7.975999275658889,-3.7821863949803047,-12.32919624678852,-24.367299918067918,0.0
-8.63880675565203,-17.995403652153456,-14.12853559744114,-19.011005447901827,0.0
-13.712444796092095,-25.715980048524898,-24.521670357619584,-9.886011973896498,0.0
3.673867757273329,-25.93792653118465,-16.65360373962647,-0.6634100938591736,0.0
2.6922323499424863,-15.748663561121493,-13.899200492031008,2.660649695968985,0.0
9.882144209255932,-14.89526562631894,-12.66254081706484,-14.582941395500818,0.0
5.736233287372576,-13.577169606275568,-12.266617011328304,-10.395231803763478,0.0
8.041968419368372,-6.425777392789299,-15.403295174497352,-9.156753526652068,0.0
4.366995998059567,-7.864713012972705,-11.39923205843285,-15.515919308556308,0.0
-0.31232209731767346,-3.964469496628204,-8.170722081141612,-7.963914004658433,0.0
-0.447498073831224,4.776355325545591,-8.598735236445513,-7.76629229740772,0.0
-1.9734556559050374,-0.6328324007978079,-11.749653620471188,-5.080457792591481,0.0
4.122751274930746,-8.98667413809937,-16.4070791759331,-12.548139232289074,0.0
-3.7486884608965774,-13.49122453809596,-19.940800587820494,-9.929993264027322,0.0
-3.255488888012223,-13.603082949741294,-22.513844633763906,-13.46826230530983,0.0
-8.333349105566034,-16.86744551266258,-23.402306074435977,-11.892393632630192,0.0
5.330450278115659,-23.690630943243065,-15.912886746156142,6.0084792095787805,0.0
2.76906210450478,-13.336009423437568,-22.532644635380915,-4.8186112847170195,0.0
-10.842322593245783,-14.189607341924509,-21.423810907862393,-5.437513810922122,0.0
-14.76844128044866,-13.202302647411107,-17.90187467592719,-19.56057186668173,0.0
-17.987001816471157,-24.115747650559836,-12.99977553300992,-20.489215458915158,0.0
-5.195454744534146,-23.12918873068072,-8.812720096518253,-27.871751190512654,0.0
-2.2480965162957527,-13.757009202590266,-9.905999034424932,-22.575831784373744,0.0
-2.3718901854351477,-28.257590611077752,-6.645605491958349,-18.075973631573618,0.0
8.354250000632572,-18.288854050750064,-10.716081561060658,-19.75954107028324,0.0
12.738204553355002,-25.6591959928397,-7.2934534428688425,-13.506453239459688,0.0
12.63956923358188,-33.12464720391107,-5.5232236927678695,-23.02530180485755,0.0
4.085456061298739,-21.41218029084291,-6.9075420390839355,-19.53391658847338,0.0
-7.118449711564228,-12.32981690074487,-9.90251632788516,-7.1127984015905446,0.0
-8.937799143534981,-7.853384200636806,-12.031991855111675,-9.870320736512477,0.0
-5.53124200737382,-11.480573060142351,-12.629677586824139,-17.793592225312203,0.0
9.059592481215104,-12.133693003098134,-16.88854937542308,-14.314512525666181,0.0
8.269851024246288,-3.4990430359783904,-17.882504288984546,-11.227640747905117,0.0
8.41401366783342,-5.431694265837066,-20.468446261922505,-17.322371707053588,0.0
6.432234456142973,2.112097780451908,-19.003761040403248,-29.352309423580806,0.0
-3.1230909737526265,-10.068306624121092,-18.144393504253777,-29.367811025504775,0.0
-2.982498690059989,-9.44871403792878,-19.05421121724445,-31.138246236558484,0.0
3.6905464185116816,-12.02577572150809,-19.07977152907455,-12.84352766265588,0.0
1.1286739938975794,-5.033986421188284,-14.036524613417424,-4.686979290998088,0.0
8.386092377589772,-4.593121811531354,-16.96674408584246,-11.288557315117988,0.0
5.8467579609194855,-17.380962709764987,-15.242765833200444,-8.397745874207828,0.0
6.919153336103253,-17.958224642280193,-14.949380111498147,10.041692053935101,0.0
0.5540116476412695,-10.383860414106906,-13.265220594151394,2.488919908932652,0.0
18.967065737174508,-5.56461705507429,-10.010994901288157,-8.520142499362207,0.0
8.146368344756635,-1.6937026651850875,-18.231034452463906,-13.51927294852404,0.0
13.889001871803412,-1.5412647914482047,-13.786981334048303,-17.70415903776949,0.0
11.436596148317967,9.063416935424815,-13.939446957903348,-13.85617482243919,0.0
8.767554245639326,-5.5293039115516045,-18.048991416328043,-18.4583532269371,0.0
7.320271078895269,5.466588248408755,-17.834242148551,-0.8742490666911884,0.0
11.010445124344754,6.3116717869783745,-19.616836740220535,-0.2591031105548538,0.0
14.10950393876334,2.0403489479665247,-21.124336238610844,-21.110872591299366,0.0
14.519710915101786,-13.51040103245749,-23.045986819756504,-21.764735513425293,0.0
16.16450526320916,-8.705756477576031,-22.30147896165326,-20.362618044584398,0.0
13.313356993119765,-12.314272282792354,-26.42104004876289,-7.188388161213274,0.0
6.209513859392656,-2.4428091810082755,-23.24678408628686,7.173669547210826,0.0
20.38625145627188,-6.4050252758882165,-17.252220372268376,8.631247248035715,0.0
25.692702188590893,-18.591800781993385,-17.25676142892218,-7.681186284084477,0.0
18.976120631262994,-9.978325427014,-11.934237477650345,-7.54034964945536,0.0
15.77401594569363,-9.060615332209998,-12.471571017430753,-3.2114465696776566,0.0
19.023213962470514,4.480452712251049,-11.309191600626603,-8.006317094262938,0.0
15.35707925207358,-1.9155858676271276,-13.237963460976951,-9.09067274051117,0.0
4.151575952425009,-0.9080057844808449,-13.697732316323929,0.25494834732593574,0.0
11.589031489227997,-12.250740585782994,-19.765234056089927,-14.653784125167892,0.0
15.145334875348858,-24.940514392835404,-21.208556129013168,-14.306643550469783,0.0
18.425158602113044,-26.852563540775552,-13.935784006067964,-4.589474748991421,0.0
13.83550962035285,-13.524518286820044,-17.807001004461497,7.383843170881644,0.0
17.82309189545456,-15.866540408295052,-16.96537973785848,0.007682327849806825,0.0
23.47905726185964,-7.111415539776084,-18.256649331121498,-11.786668812772234,0.0
21.83906620011407,-10.687140917990373,-16.330981963510546,-19.63899394567774,0.0
24.509394097084062,-12.075076575750279,-15.947881616509237,-25.424086997366224,0.0
25.95407454620135,-26.305556884396946,-15.845237097192594,-7.97912801406685,0.0
24.358139778468438,-18.543293608576032,-18.263741322305133,-15.744327904355437,0.0
18.53215686641281,-14.738346877179017,-17.590522182895157,-11.721912633812758,0.0
12.32392614665591,-5.3586897814727585,-17.45287888363911,-8.11246324254616,0.0
5.927661636727299,-17.309619977629854,-16.12040924613844,-11.202742199712302,0.0
10.716342561685064,-5.655131955363078,-7.40857877675685,-11.716804414516224,0.0
16.372988739423693,-3.153765480353882,-13.074363908534657,-13.764176867794133,0.0
10.685033259163141,-13.84014515989328,-15.640237766835483,-29.85679086066341,0.0
14.373542560351451,-22.090192149662162,-13.299283203931706,-16.627358841141092,0.0
21.417222058688203,-29.84613432929158,-14.423470137092101,-13.111643856908156,0.0
18.11734739420883,-28.02761568923686,-13.776076962737493,-10.983711238250798,0.0
13.786469578265677,-22.33957017945051,-12.30176753060636,-19.260450334541474,0.0
16.034244522575168,-6.503740137289018,-17.188390658423145,-32.17035893482519,0.0
18.976902739567862,-0.500037524920435,-19.644154352687504,-27.385358453124564,0.0
13.339637914551055,-13.018328022342391,-16.549131098732403,-28.265936457903567,0.0
25.34986294696251,-4.599383501784734,-13.860755432365314,-11.595374033051995,0.0
19.536475158305013,-7.292204272475034,-13.922315385780506,-4.095491788020279,0.0
12.274177083342208,-9.169991058948607,-12.736046842137112,-15.152111830016663,0.0
0.562682391513385,-15.443113634286384,-14.897321199544525,-14.412888048363424,0.0
1.9087839205561221,-5.77110644398787,-17.51531423870718,-18.021277713493685,0.0
-4.057635502934019,-21.28634625931038,-12.90301199388988,-20.984837892093093,0.0
-14.56885050269033,-20.954953101168627,-13.894104143049127,-4.476183740690711,0.0
-16.28896401130281,-25.084830963388363,-11.07756594695621,-10.041702309526691,0.0
-17.61886654528492,-26.855857037996262,-11.018767821866067,-13.111187916921956,0.0
-11.680502248208775,-5.118537360452169,-5.634206049949416,-14.061996627543206,0.0
-10.047798499050536,-15.344917982093925,-11.07081812987506,-32.71197166186114,0.0
-9.450989192657818,-0.38999958285890557,-9.922753907628922,-26.46535630455587,0.0
-5.586066256532275,-19.513774396141354,-13.288585058022472,-29.18006255235574,0.0
-7.11833757492051,-16.707757276492703,-16.2446524191692,-26.06334287629075,0.0
-8.485499914838584,-10.652118846285166,-17.996242056520728,-30.586768425418434,0.0
-11.37699219291882,-2.6918764389974585,-11.230478110254278,-16.100248173074913,0.0
-16.51714601447681,-8.420764969302097,-19.094635831909738,-8.87209203471395,0.0
-13.51491827121751,-7.73176805984307,-21.705389754438094,-8.508403972379362,0.0
-2.647707043762006,-6.8142896898454985,-11.465638264281584,-14.704015963967366,0.0
-4.389583466584085,-11.23307501711447,-11.780474433185201,-1.769696466323916,0.0
-0.9057703184725145,3.8918058198407133,-13.399844833607963,1.8112900985497298,0.0
-8.297464922190876,0.9700463991062476,-13.850139342756277,-2.5368836682082225,0.0
-0.9818004175884218,-1.1003146123287237,-24.077305992995424,-6.067139281662456,0.0
-11.431164222616303,-5.428803174547445,-19.79581860920253,-10.979832657262465,0.0
-10.068478852926782,-11.196124108015498,-20.620562414211285,-20.24468732987241,0.0
-10.7160973998513,-14.061579680719593,-17.59790741901373,-14.907614319031563,0.0
-20.533729233750194,-17.23224616986579,-10.030903516398638,-26.314511239771928,0.0
-10.8384470120195,-24.839197154829566,-9.962603298974837,-9.093479367843347,0.0
-9.14488683582518,-20.534303480681757,-13.517823707692063,-9.774195003595658,0.0
-7.975771152948518,-8.705349846363475,-13.394080897450063,-1.7019683112382458,0.0
-3.6030594616050493,-9.564663298684849,-10.83115607150686,-8.423898208092496,0.0
-11.767983366611833,-5.347403363429603,-13.03450774185664,-19.587289215919476,0.0
-10.738431392968351,-14.449439798251499,-15.99852097668568,-27.23613388208799,0.0
-2.4067224397726497,-6.450964982915114,-13.039324908810638,-18.524961209933938,0.0
1.8625765003436672,-1.7567228990447656,-13.70719406510351,-17.190231268846233,0.0
-0.9254187054804162,0.3746997747007921,-18.06747238474426,-17.984274836159855,0.0
0.9901997576389734,-5.316684739929186,-17.570166990423807,-13.539785237084919,0.0
0.5776548401818129,-17.427827017248916,-14.042508366892482,-20.531280491977498,0.0
-1.8433032671353957,-22.579157405341306,-21.172288129390598,-35.25970497503863,0.0
1.3235330096459883,-9.077597997543258,-15.47338067488771,-19.622805480767045,0.0
-13.619608470359458,-6.430818239949151,-15.532000615216255,-27.016243933062952,0.0
-6.411453400044826,-8.786924967643087,-13.399691013343883,-4.240524497322738,0.0
-3.460155794939112,-4.713149850646721,-17.317860232135057,-0.23277324932565913,0.0
-10.12203577883066,-18.314497496940366,-14.158895319922074,0.8129187553194281,0.0
-11.737178439556846,-10.28793549892415,-12.06061150405004,-0.2348061965347492,0.0
-17.56260450739391,-4.985816926875273,-13.506196629560435,-5.955039290410928,0.0
-11.981960359229564,-16.093761886598596,-11.819109697066901,-21.98700058382091,0.0
-16.49324623983111,-20.208755861645578,-16.39323524599747,-12.623563092276225,0.0
-13.942593955744325,-7.652882398889949,-20.026228051129674,-12.915188896092316,0.0
-10.491347842665192,-2.740701727835159,-22.85483484537813,-5.561951255633886,0.0
-22.63056030234832,-11.97538289227199,-16.006480079717228,2.677196162147659,0.0
-18.62468945845661,-14.818005976426678,-14.661742773534565,-4.6806539492458725,0.0
-17.178135030312696,-0.681640168859035,-13.045041145414206,-18.858052792578036,0.0
-9.060560116784384,-8.46080558002971,-14.63409470491327,-12.943542497231014,0.0
3.9353153152746536,-15.167102081982812,-14.040888261245657,-12.908856710160807,0.0
-8.208465857134033,-11.411708019057862,-12.13623320981784,-7.368058714274797,0.0
-8.765091498578322,4.14097584300483,-8.651064479074318,-9.530374694864584,0.0
-8.687232138300184,-2.2703678887053194,-14.021698498432192,-11.682826659213294,0.0
-14.021316550098886,-8.219123809125211,-20.50485292882003,-9.933655129458817,0.0
-14.49190562050329,-11.641130313420364,-18.02066201653877,-35.87624430454606,0.0
-7.840715528831229,-9.952589639885659,-16.71708997856099,-22.25367872851839,0.0
-7.583981171765394,-8.082317403068918,-11.603754556926926,-25.26380640271246,0.0
-13.207965644241648,-7.901730917134694,-19.061042967970923,-31.796845246756064,0.0
-9.273831313064454,-13.573010703406666,-15.392503639210945,-11.745082753844722,0.0
-12.485074277957636,-14.393814144492506,-17.034675987808146,-20.365284618852066,0.0
-0.40291925526716543,-10.246818914570893,-12.775248399205115,-10.819775156243892,0.0
-10.235075528048213,-13.024448539787755,-17.2330946731526,-7.6504993307822335,0.0
-8.936890309147168,-9.89798777754466,-19.39476387624554,-14.294816676395019,0.0
-4.752079169228178,-19.810657434334683,-20.15585183264905,-20.41372882283264,0.0
-3.109601230389403,-18.49760804316685,-13.892534496271466,-13.227858566292213,0.0
-6.524481629825647,-15.376816959970473,-13.224795803430464,-5.466747570154842,0.0
-1.3890567591357006,-4.478598086376618,-17.091045671321474,-3.403882817398571,0.0
2.8062269422166257,-23.736772018188383,-17.039707087380044,1.0642026987094866,0.0
-1.3787485122303518,-21.348407219936426,-15.688496288880344,0.9116946546957578,0.0
-4.1977817035330975,-20.164529552554583,-12.225709931204905,-7.3057994477291075,0.0
-7.982372490804417,-19.85301368703594,-10.557360676936286,-17.61676002073241,0.0
-13.519961064187168,-18.288844630105444,-17.268213150751166,-6.753862690778757,0.0
-18.216265953733,-11.582059923478415,-15.78638857290914,-23.58693286185524,0.0
2.0470031703084466,-13.147377180633141,-19.366191711456953,-12.996133723673296,0.0
2.165468319486165,-20.07451115707,-20.26586006951124,-15.717426136794556,0.0
1.5337637597632732,-10.926215835729465,-18.962522301942446,-12.192714131608678,0.0
3.404911746734239,-1.4923764541423985,-17.958098533757184,2.1531033475626487,0.0
2.971411234692341,-5.35663295715057,-22.502799839934173,-16.304357602813344,0.0
6.126297581664598,-13.27681572545907,-17.442491068884557,-19.03796432078586,0.0
-4.50933666544965,-25.04090809415602,-6.728488684191511,-10.910187405095039,0.0
-8.482694445829363,-13.549280270671176,-15.89105633955068,-23.370735879689477,0.0
-5.318547322254691,-4.185929742383793,-15.61788212839626,-9.476642390602587,0.0
-2.128458496820946,-15.8268952337617,-17.034059669306785,-18.874845710941337,0.0
4.084126905317698,-15.391511951537908,-16.880524187379223,-21.901588420624684,0.0
-1.2477087511474965,-25.989518061961824,-18.742127815117083,-17.006903430042797,0.0
2.711862165034921,-11.355210077417357,-15.578298063231761,-16.861610044458004,0.0
1.3083377568330747,4.209629723174004,-20.582870803597594,-18.052889819208133,0.0
9.580352797044354,3.0250198208983106,-13.901932758863362,-28.279352613824926,0.0
-8.117270279448324,-2.4176205830300095,-18.308971831626703,-21.971883819104658,0.0
2.3500191113012256,-13.04713866249331,-14.147621898602537,-6.911821889800327,0.0
-2.312354853341919,-16.683588383477932,-15.321383741529946,6.51998998784963,0.0
-10.365178978153462,-18.82861767162174,-15.462309085093338,-2.0316797214183193,0.0
0.7935184638236068,-15.908217508406057,-12.792103463839291,1.0174424762604097,0.0
7.504501208571997,0.41568652517454474,-19.70605345769468,-3.2512135698215836,0.0
-2.0696696403707726,6.867947730764845,-14.773742913337205,-2.983504632937832,0.0
-8.872836117667678,-6.8895974577844505,-11.00006439227597,-5.605657834025035,0.0
10.654625474034527,-14.645590352036553,-11.864469206709153,-11.43867590296784,0.0
-1.2050460363120266,-14.669316301179906,-14.483523879047285,-10.697642024833868,0.0
-6.440405666777392,-26.80771726410549,-12.04285487128382,-13.334129514884468,0.0
-4.474751794693687,-25.56863816355333,-12.88474897172986,4.240770477313578,0.0
-0.37573906331678497,-21.378213900077448,-17.384344593438342,-9.150779513923219,0.0
3.28011302797887,-20.17559441080167,-17.48177334653689,-18.674226612072488,0.0
-7.642472916469988,-23.110269829086455,-16.407563668771022,-19.090787335695545,0.0
-4.90994491510223,-22.146873163140686,-16.389714775658167,-26.91160560505451,0.0
0.5037333497327174,-24.36553365857022,-16.94801745249906,-32.74403823408238,0.0
-18.419392627518235,-17.257731158545997,-14.636150992221165,-33.244118633343106,0.0
-14.890319281870006,-12.38552226298929,-19.196572371858657,-21.170458903565432,0.0
-13.057971648346061,-9.972036025615997,-14.648187597717659,-20.861238358620994,0.0
-6.587842995282095,-17.85459252453726,-17.428280979970225,-23.178070675651814,0.0
2.4997517889959804,-4.291895932070473,-14.481756803424986,-15.094015147000423,0.0
-1.797360947193679,-13.98871952516399,-9.090194583740985,-12.672109235025625,0.0
-6.769516666040291,-12.781597220271944,-12.071459148457528,-16.369265286838104,0.0
-7.305970892451631,-17.167482104904714,-16.242693425679732,-10.37033547103383,0.0
-4.42537192820333,-14.0173272697739,-15.687454438007212,-20.680763087446604,0.0
-11.854240568637913,-12.960357355509709,-15.182365266785261,-8.607184785164959,0.0
-14.024453179130473,-5.393784074134686,-19.66779943868401,-14.471300652212339,0.0
-4.52634448263846,-13.939014352100024,-20.68232013387764,-18.678567912242713,0.0
-1.262128211386225,-14.054613860764666,-23.056292217523715,-19.757480735027045,0.0
-6.258708362480554,-4.808882109955183,-14.079843195673824,-13.30904794735452,0.0
-8.67639505652809,1.811856623976881,-11.171966435209033,-22.950425637940743,0.0
0.5473702591285345,-4.264672448996893,-12.638714049789296,-33.306730192266215,0.0
0.8707923529217201,-19.210290936851514,-17.851039512881357,-16.398479460469883,0.0
-1.9806024078124174,-13.66044462659353,-15.650877395713891,-13.865032746203529,0.0
-7.582224565180219,2.585993522128275,-18.517972589720213,-18.91659715577813,0.0
-12.913162224837542,-4.929606039902141,-14.550439015005512,-14.365821195906776,0.0
-17.245464396596525,-11.560665462269991,-16.661671666836867,-32.46529046191449,0.0
-15.76002222522077,-10.390789621162527,-16.10363901031369,-13.412745915208529,0.0
-8.654872360443543,-7.682935435147104,-15.802342531754583,-19.71023630027092,0.0
2.6795354428898657,-13.938520407316858,-18.382367912937198,-6.189787422509223,0.0
0.9257466305669997,-18.276496409048598,-13.103897383005075,-8.169704174493436,0.0
-7.82223542285697,-30.87941377977737,-8.596301855845105,-13.139294862849518,0.0
-5.333712772908041,-18.294965356753146,-7.62756217679289,-29.507762823528306,0.0
-8.602585528164118,-21.398672752648835,-12.453365148514006,-17.1563094306411,0.0
-1.0402282179173825,-7.9664128311493485,-16.730007871739712,-20.883928106636144,0.0
6.43058202445404,-10.883111817017657,-16.903365297968705,-27.98514420850644,0.0
2.233223340828145,-7.040450121239552,-18.30334076731035,-28.498769150093867,0.0
-8.143279212739625,-10.780269758297855,-21.758409741814635,-35.22015045452471,0.0
-11.675120729785302,-20.632280265392467,-20.883238767754264,-18.682756602237482,0.0
-4.226544575774081,-18.163406701047464,-14.665624565293943,-25.890434061259185,0.0
-3.098805895510741,-13.084055521696307,-20.091721749301453,-19.658889239868884,0.0
-7.308423129270617,0.3930915531266974,-16.23769194178549,-12.40114515482605,0.0
-13.220025175314966,-6.773815189884182,-9.004805320672226,-7.159381028926694,0.0
-9.903020189756933,-6.572686879622648,-13.362463832688606,-10.828176597477304,0.0
-10.547839281912983,-10.194217449678938,-9.66087893511687,-20.231970604298127,0.0
-7.212915571373466,-9.0099465744842,-18.97709150512626,-4.994069506292944,0.0
-5.538914394204974,-6.32981416885214,-18.758437441775854,-0.2568666442879426,0.0
-0.7474099159816197,-1.554294812952639,-18.45293144386928,-3.380939282691057,0.0
-0.66848904072491,0.25542706897764944,-20.256704288724507,-17.894311416539935,0.0
-0.23122985035687704,-10.852012624932518,-20.074384867343035,-19.11862461349731,0.0
0.12006018831918985,-9.374095930525087,-19.39894828321131,-31.30679094182708,0.0
0.8174163082572039,4.084587458072432,-23.771909219939126,-19.581776039467627,0.0
-11.351732787015816,8.788430305590175,-24.137128584741546,-19.02519034516022,0.0
-1.5326498718098653,-0.6315497595657096,-14.484853460084874,-10.651672551384376,0.0
-0.8173518810833105,-7.005480232501398,-16.453378753774153,0.9608156879468392,0.0
5.398234216705413,-3.855555314750161,-12.53798472426677,-2.907364181284268,0.0
-10.188558879573034,-2.5093718377503276,-14.892605299258094,-16.15947065844137,0.0
-8.470481843479112,-4.731679910525523,-24.31236829764805,-24.72816211922447,0.0
1.9846677472175385,-6.487610335709385,-25.918618096113523,-23.09800815843865,0.0
-2.550056297193561,-17.51798178679257,-22.507593346839812,-19.181556203642838,0.0
-3.645543756190662,-5.057991981812747,-12.746289796331153,-11.636216078478022,0.0
-0.29106470446108634,-14.787481631671477,-11.0557710658459,-24.52160305590305,0.0
8.944438336474109,-17.028318718493473,-16.751104172014532,-4.370101387913452,0.0
3.541203575737299,-17.23597627843937,-15.26309596979983,-9.76701996677033,0.0
11.832255428602178,-12.327440359993286,-16.832819961396762,-19.73814687278742,0.0
1.4400581103823664,-5.733850676597501,-14.658044612785654,-19.254551899559363,0.0
-6.964084268665221,-3.1470823507697743,-15.6973299910803,-23.330623251095677,0.0
1.428387625720891,-6.378447971828288,-18.994472462745183,-10.29633388338479,0.0
2.1145358932616487,-22.327814547228638,-16.084486042171836,-6.884482724049576,0.0
-9.071001654288818,-9.749294130677036,-13.158102321936475,-27.600657725556324,0.0
-8.949579712577377,-12.004837007496487,-21.74402563208809,-12.556549364841983,0.0
-6.733944895013796,-10.944397535057403,-17.06032119882228,-6.569881284729181,0.0
-5.809665058534795,-11.738464703401295,-11.541377371563037,-6.80683458531934,0.0
-9.999071736687792,-20.039074445550114,-16.21835419266121,-8.859796616375297,0.0
0.9675283411337183,-15.09722160014627,-12.057158421634265,1.0303714479533248,0.0
-4.869715709997811,-16.390406603657503,-14.245475920942624,3.2591530932871855,0.0
1.0962462577261647,-13.626098225790644,-13.753236745818464,-8.6557613153166,0.0
-2.9335497198619445,-15.961214613424636,-11.190722704169364,-15.23945620444112,0.0
-2.4985096814662304,-28.505016457012783,-14.546881541745998,-25.487119340673324,0.0
-8.994807084474093,-20.36035204164071,-15.854674052540219,-18.50229548332168,0.0
2.3941384119499425,-14.311874089109473,-17.389528482139834,-11.159707292555623,0.0
8.470633530466653,-17.390185465269372,-12.00904493734884,-10.844830374579455,0.0
6.752617308453761,-18.734394722113656,-14.629615652322572,-7.971688007674299,0.0
7.545724078610343,-21.66585171511619,-9.767457691473865,-14.007643157925688,0.0
-3.507438181913697,-11.058627083794937,-13.209726208856157,-26.013546788591814,0.0
-8.313157766782883,-22.60430320966286,-13.437374688545457,-24.212545272310805,0.0
-2.392515236382846,-17.95512474707035,-16.613406804433303,-29.0084737596177,0.0
-6.803246281876415,-19.4898274789761,-14.139192940914805,-20.734413417139265,0.0
-10.013329381302324,-15.909323568027737,-10.836602230694172,-26.297169350840036,0.0
-13.090354670966416,-14.042878774402352,-14.779350518689672,-20.095442767944668,0.0
-10.568564095302603,-10.459644680988449,-18.00609234050238,-10.885237414185601,0.0
-10.48782627028827,-7.567855349080956,-17.722807912147996,-28.361741157763053,0.0
-10.48087336236133,-7.322814834094919,-19.147478985614043,-25.538454899439042,0.0
-18.174702599169624,-15.538433590068951,-11.698245302284198,-16.21336874586096,0.0
-14.179545984307635,-0.4958480984239806,-14.886486387608015,-10.722759387207923,0.0
-21.533145645673937,-0.6053537376162375,-12.28061372642968,-17.877769986271666,0.0
-12.988679457395818,-12.213205524843364,-15.820225126386847,-20.571795461924978,0.0
-9.823993426715548,-6.435317855746053,-13.563032964831958,-16.08338624771543,0.0
-23.25800568936129,-12.7117240474021,-16.712887359759492,-19.686826528945453,0.0
-12.209507518720697,-22.755753176751476,-19.342055992488994,-17.944399306993013,0.0
-17.23586143975075,-26.35817004632012,-14.220078262131898,-30.59229633209432,0.0
-7.5645263776794796,-22.553744156600427,-18.196908650776294,-38.818158136586355,0.0
-21.25035589664431,-7.541739567166163,-11.486782421849366,-26.551639139150886,0.0
-17.860484635022573,5.505922295611068,-13.902312770551834,-17.915897150000724,0.0
-2.764442957922528,-13.093041720832932,-15.30991424283367,-22.505578651259356,0.0
-3.80685620549394,-14.103814830630249,-16.14169539657266,-28.193006665005324,0.0
-5.799996622967868,-20.5361674563657,-13.424577649487098,-25.864515450708083,0.0
-4.126800291110188,-17.17381587566016,-13.032777729834859,-15.121874788209546,0.0
-3.524411555804569,-8.890320621175324,-20.280950479812148,-29.574131980984287,0.0
-3.9110368179415094,-2.2331034603515967,-22.68713074308967,-17.942823993880907,0.0
-19.119057754911267,-7.260492669864628,-20.069477050492203,-6.885409477278111,0.0
-13.713554156923337,-3.3683883090256774,-18.257653668468556,-20.91905626452995,0.0
-13.012404546050362,-22.60631647087219,-17.670449315943554,0.29713357745573177,0.0
-29.45683312919799,-24.684394525384327,-18.392743236633194,-13.12186750251765,0.0
-19.663791781473122,-26.5318940552591,-16.526786947499726,-1.3941990644915583,0.0
-24.931265433175827,-15.372779360159642,-18.078865103341325,-3.1535059298260126,0.0
-29.185379135154786,-16.213657352427603,-15.341327853379104,8.343379263916047,0.0
-28.062466726569355,-13.848967642460941,-10.9582925689763,14.576257801534778,0.0
-16.104063035484778,-15.256287927947831,-17.902265376138015,4.810944753027027,0.0
-20.719479759516005,-13.514748545059,-15.154894594559526,11.142022982747305,0.0
-23.94747216600809,-18.612522978097346,-18.290343713178466,-1.8001180713319922,0.0
-16.374324697060565,-29.097245305759945,-14.707636548525958,2.9976298974455045,0.0
-11.928247863498573,-4.733477143069985,-11.902201656446957,-7.7888953803467516,0.0
-10.335774889944883,-10.088989720801045,-19.517091415150915,-14.782081884661686,0.0
-12.906653995730485,0.05462535872790575,-19.126089876943052,-19.852369272242463,0.0
-15.282137980245203,-19.659995222967712,-18.36668963344927,-10.61351184857523,0.0
-12.131869939570393,-15.770233360146396,-21.475961863614998,-9.182734726031093,0.0
-2.602942145671422,-1.4500244683913914,-20.2266339509574,-22.606452768623775,0.0
-6.59321436361453,-7.3662316986295355,-16.245389301646128,-33.316795362139686,0.0
-8.65174826050372,-13.43528401105314,-14.131227514925161,-20.214403897883912,0.0
-7.918964288755236,-0.5941735324764794,-20.308016283021033,-11.282987225156042,0.0
-11.203846844676022,-12.38364714918238,-20.364340447542137,-18.909625945059553,0.0
-19.31373407724966,-12.610071796267684,-22.02658835008002,-16.829690473258424,0.0
-11.585693129512622,-2.3181029852344475,-18.493462906326123,-16.392691053346596,0.0
-26.87460278172834,-8.919810233792735,-9.713553779712242,-13.169606966477339,0.0
-30.443832399067013,-9.073914657322089,-14.170123804112052,0.08539645129422446,0.0
-25.301890167583462,-9.566147867721934,-18.738495148578565,-7.627058404392315,0.0
-28.661284131660725,-16.983577320431454,-15.810323774637327,-21.248377994009147,0.0
-23.22042595669904,-17.45429315359591,-14.45949527690305,-21.643148161022484,0.0
-0.36634747996885153,-7.661626688745521,-11.06603643106676,6.320203032838344,1.0
12.004576689237588,-7.371231474062156,-3.7862771423884802,0.28814108541932093,1.0
6.982888712690208,-7.2638396405996435,-4.788165142937491,5.869161178007137,1.0
3.355729928870046,-6.365409810200398,-10.064318812638454,11.309254154448066,1.0
9.622194371639198,-5.574039473795613,-10.336080477003279,3.105014921216793,1.0
-1.4616513303277276,-8.140533269556709,-19.81709847054826,4.9904620929107155,1.0
3.229815729569671,-6.481422478596837,-20.37544317551929,-0.6264208257511905,1.0
16.885192262197897,-4.85109014078208,-20.833882906939454,2.307812520478885,1.0
16.673991526698938,-5.211265535733439,-25.554224424415214,3.864998828815714,1.0
2.3748656982159817,-3.293796249756279,-11.884424106338207,4.913809969801569,1.0
11.07330329873242,-3.5625448610993278,-13.48908377811222,4.649499032684224,1.0
13.696779780449802,-4.409016465054393,-18.88235426621234,0.18806610045138816,1.0
30.847944723483163,-5.2120918950686415,-17.858330059318767,3.19740775524611,1.0
36.799435967353446,-5.2598439930273955,-3.358654822989659,4.545861537697627,1.0
23.290828704579404,-5.451808438181826,-2.057326868306534,4.741944495472711,1.0
20.58431641488941,-5.074979629435276,-4.7731002842536405,15.303292376783446,1.0
9.69023359923808,-4.235809669385333,-0.05139356089642799,6.1543482175592725,1.0
18.83817400260966,-6.286979969614989,9.663986426235649,16.418733225388657,1.0
24.439231657657828,-5.949651349554836,17.9630470163006,4.374176064900485,1.0
32.38366245215484,-6.28630877629527,8.153434363603342,7.3675732470444935,1.0
31.55905107505268,-6.078963643105588,-0.003250770867483155,0.055414492677074545,1.0
32.31351967233235,-5.74738106759729,9.889871772760202,-1.9417475059129097,1.0
4.490437280777057,-6.289161853461258,-4.726043517548092,-1.3365225997045898,1.0
7.0674008792983045,-6.2255672463667375,-13.490917400776059,4.288555130976722,1.0
-13.059789425503475,-4.7968482014946945,-23.258270062762584,1.7461169161425825,1.0
4.765442032687573,-6.933780429830927,-7.017640381805467,10.149457762444094,1.0
-2.4546737348597087,-6.99083520556006,-15.619404231329547,6.156120803817185,1.0
0.9682928187088713,-5.518213170684778,-24.15976807918265,3.493741175896772,1.0
9.489903791587562,-6.711904995968235,-21.472400844438383,4.062700614928426,1.0
18.089340385261924,-5.799100739555491,-4.117675362447762,0.8782450237994741,1.0
31.25989337735616,-8.05119802654798,-14.27349113646621,2.8949720387941613,1.0
3.937777986674277,-8.613480270409363,-14.369245327760801,-1.30921954759049,1.0
15.184789808818866,-5.291413653028216,-25.86592675775933,4.783099498568725,1.0
22.177970347306246,-5.651600349985929,-13.956991363272094,5.603295333549861,1.0
21.17845837412836,-6.221517856387384,-21.9458699705353,6.412663555794657,1.0
14.030265858782016,-4.388117335377655,-21.56723026699897,7.783531351347702,1.0
18.437988117731496,-5.134539533586304,-16.402706551433383,9.667018513957025,1.0
12.274694986016875,-4.958739407355971,-3.7757857369032144,7.161228284991422,1.0
-0.4398404955026347,-1.7737743721223875,-5.672841308823836,14.365281717813982,1.0
9.409879112656412,-3.386786921333849,-12.903952283025523,4.802483446489191,1.0
5.871663791745529,-5.488962149081566,-12.543606452911359,10.771601665783587,1.0
20.207424763646515,-5.629293800176901,-19.744631532374143,-1.0690138175494157,1.0
11.655656782720385,-6.567053534675878,-18.594022541184664,4.422152551786761,1.0
22.233010249044344,-6.650365145106745,0.2163524293805974,15.265979872909089,1.0
7.579525554406814,-8.50055005997647,0.44808754767499437,6.922171758642167,1.0
19.96153953162117,-6.5101880186512915,3.85908307982883,9.503454231232489,1.0
14.60162506181001,-6.758674003913926,-1.8938843850974187,7.693556328976621,1.0
4.451936921229684,-5.985941043797186,-13.847613398767287,8.646781342765335,1.0
-9.070589923870736,-13.032401516781224,3.1598871001509607,8.632270534907931,1.0
10.645495168575797,-16.228542525163114,8.725417300954348,2.72979653214226,1.0
1.6831198762111228,-18.011553962895324,5.5480452978946655,8.016040396594867,1.0
-1.6530457475968259,-18.574235176217197,-9.041371714779764,12.392531445743533,1.0
11.45323839897486,-18.633884084086286,0.5664684478758688,7.82782581373433,1.0
15.162771809931995,-16.843349109191394,7.8463041232670925,1.9781176701969658,1.0
5.702728388124432,-17.802022607406915,-6.453897494535163,-4.385504091711597,1.0
2.6242780941330803,-18.776909535714392,0.521640832105069,-5.203697204664489,1.0
-10.720440424191088,-19.472948370872082,-2.1968801483721077,-2.7448470769706836,1.0
0.2547118218445581,-19.736203429121698,-3.639050297585147,3.88267004069455,1.0
7.2806742495749415,-22.598093728100224,-5.019430783740173,8.338168394682791,1.0
-5.379321664746198,-22.125213292702995,5.288080274403141,8.596782489437448,1.0
-0.6026093103828223,-21.151665928679424,-6.077080265825045,12.555194250488672,1.0
-0.2790966178421952,-21.416946271273154,-8.98986849663202,15.119038370247393,1.0
8.195267111323481,-19.828632759115106,-6.477470763232215,3.1254691103922685,1.0
-2.7739432955133445,-20.41223065940345,5.785107585996093,3.240894443080015,1.0
-16.832784268011743,-19.305643516965585,-5.566321513031761,5.681942186054074,1.0
12.314359843799092,-20.66675066629408,-6.7983677652734915,8.881467907620406,1.0
3.4125753343549405,-20.942746152219044,-12.859497846364613,4.51156027394548,1.0
3.7030896507647917,-20.868615542439404,-3.8324476189260874,5.084510432033294,1.0
11.033838698880103,-20.02173084622761,-14.915806124680465,10.998503619363913,1.0
24.78970622521405,-20.34988852462017,-8.192769477233991,8.846362324460696,1.0
31.976824703480183,-19.106516373434065,-11.338548988206092,3.610811610078627,1.0
19.01042490898084,-20.35104525748758,-18.566095725114504,7.31106051162174,1.0
24.57277435931102,-20.807260070080723,-21.613313082181524,-1.8768678898056654,1.0
6.697615952330674,-20.551496534597966,-19.695332630775365,5.179199123235758,1.0
10.313241668787818,-19.97658904471316,-14.680230762164664,1.5512385141817937,1.0
11.487732577201957,-20.748577654814806,-15.110552673520445,5.9234859724183195,1.0
23.74003590710325,-19.31801560100658,-12.853104564700564,4.603823622753193,1.0
19.276075471147227,-21.046021323032935,-8.004031600807117,-1.5457871594258448,1.0
9.40172583610247,-20.236374564820675,-2.98812293197628,6.4794702444171275,1.0
-3.3496845920015836,-19.410568599601724,-3.448389087766632,0.799822735614073,1.0
11.20690190793368,-19.117002982711025,-0.5978399872090643,0.6813499475112685,1.0
13.292364285134864,-18.63014260416189,-7.983657480466299,0.08260664775284088,1.0
24.577277142955055,-18.837499925815383,-7.96365573946821,-7.701980469330962,1.0
-9.579029568615832,-19.53869937482473,-17.126585616482792,-9.666599662591365,1.0
23.830245170722364,-18.72137653707548,-8.854157351621433,-4.466876838605082,1.0
35.47672431270073,-20.46765496130012,2.749056451670068,4.414241739478355,1.0
24.135964748997402,-21.557539140280674,16.107968521547015,-0.05975204995135863,1.0
9.588593321498186,-20.313827203906783,0.15993413398546696,-3.272022437404316,1.0
32.47841480408012,-19.77207347547255,-0.5549738912668278,-2.5305856759819756,1.0
33.13333331245519,-19.7428333223902,-3.815246805056347,-0.03970326706076488,1.0
31.88449863694517,-19.1710434676936,-1.8405175732810628,-2.1551690980403837,1.0
21.754736280552354,-17.564548642234854,-13.160696244714652,-6.518291518531907,1.0
19.961627932213396,-19.55976705241123,-0.625321705255601,1.5742842119445373,1.0
-6.64562626736153,-18.435720974990947,2.6979654056708107,5.151558837623709,1.0
-3.657567457461714,-20.207214843678507,-8.748050954552745,6.610619265460761,1.0
-0.5996587703601453,-18.10163220668154,-2.149453245252735,-7.482524199319537,1.0
-0.11893994780290207,-12.996727527850254,-0.5481668217457241,3.393719584712075,1.0
4.068535077347162,-11.837851938507386,-10.662823044545856,4.1465379010359165,1.0
12.0341669486703,-11.874887274274485,-24.73219994186762,6.373378782679279,1.0
16.143645035094863,-11.102955589310362,-20.671255426354854,-1.4464737696174899,1.0
29.01016016192264,-12.416722349564525,-15.22314080937864,-2.547809003276571,1.0
24.08299438502923,-11.547869845672665,-14.805702060116317,-1.0174665267379908,1.0
18.55616908698831,-10.982609438237427,-16.334127429094877,-5.861001324344959,1.0
5.269155523250747,-11.175793156446405,-13.702289365497059,-0.4291387539561198,1.0
7.458528056110603,-12.228936539825213,-15.63989744763022,11.776817987782099,1.0
-12.384666786175615,-11.402540678443184,-5.238702432511354,5.096531952712084,1.0
2.8884586782730013,-11.741417481935022,5.541694831231183,6.5587459389706435,1.0
-8.70451802165573,-10.44560245400975,-6.324389309987022,1.6234819993389165,1.0
1.2477991294970714,-10.680438707252433,-15.585570571519826,-2.9922812495416995,1.0
1.6400609138347804,-11.26624846384558,-20.87332823364014,-11.877600477342025,1.0
-4.318939387483789,-11.597961832583271,-4.557949171987722,-3.2134586344451206,1.0
-12.111977875263921,-11.156932584205508,-15.688739033667781,-2.334364588942079,1.0
-6.630206093071251,-10.547540984951393,-10.367155091992633,3.4046305608901406,1.0
15.675907753527179,-11.379356299209746,-8.903033097782021,-0.9762192263322573,1.0
20.171322350442267,-9.996575593426126,-13.742415181937183,-1.412892975839788,1.0
24.922974670831326,-11.434443668757911,-14.609119494777254,-8.424149533056816,1.0
29.6321139532974,-10.597471780565204,-19.141236101068795,-0.5356537047057071,1.0
17.10146773056008,-9.571362554454074,-18.17929831555696,-3.4221389699614146,1.0
25.131991403156597,-9.658644225572884,-19.139976027144854,-8.90003081655486,1.0
12.151451963298431,-11.381657682145242,-32.745401398777574,-4.280650295378916,1.0
11.382095284803228,-12.113124358234758,-10.773208863091455,-0.9132624252273764,1.0
7.377649635351227,-10.847267095366952,-0.6228579850135691,0.16808610030774762,1.0
4.116061997333108,-9.278520473862368,0.17347767263849434,2.4790197398665335,1.0
20.880411106357737,-9.836838659439124,-3.0244223432499364,5.136026001596167,1.0
26.829988864973508,-10.545571013841174,-9.825668853992788,-3.0384601899737644,1.0
40.23149514381829,-9.72998508018819,-7.423032473678856,-3.250858434113609,1.0
30.406886292939262,-9.894761023753633,-10.938372841644703,-3.1793687336942087,1.0
31.671090161444376,-11.224388583616182,-2.409611860890138,7.347280338216272,1.0
19.4010447180492,-9.64871287295977,-0.0926200002573192,6.751398520465324,1.0
2.311235996108092,-9.467340227229574,7.75787138239439,2.058683902368287,1.0
0.8896432490494615,-10.652613692340502,1.8325216432422007,5.833462428780385,1.0
10.251998288474665,-11.81717423420016,-13.53556294752176,10.799449788190017,1.0
-8.107859736796144,-12.604377194206977,-11.137940429686143,8.405644330354463,1.0
-2.996851803369985,-12.908775387204075,-4.023246806555594,8.446691229069385,1.0
-3.168133342732542,-11.242497519006115,5.185323216729298,8.005720637936493,1.0
-12.07314562937552,-9.628579455884411,1.1174407514991573,4.863195291404807,1.0
-7.533007779291719,-10.60416064968194,1.3473801573145678,6.6133485292111835,1.0
5.67954353805148,-10.880794970119418,-7.391986460421063,-0.8297005626063623,1.0
-0.3564969435914911,-11.598100721930049,9.484704437135377,2.5104984395715944,1.0
2.416067689481805,-10.569287372744252,2.025479390565609,-2.702961552648137,1.0
5.571524567191102,-9.340159806557278,-1.8657653845123139,-0.3644699103729945,1.0
6.995335313483663,-10.070534860268694,-16.50650180553724,-3.2432500779105293,1.0
6.929556534509723,-10.945912187753951,-21.115182019360248,-0.03564202078737466,1.0
4.027802175637015,-12.000583077356167,-16.450315044910422,4.960879296803087,1.0
16.357590841872792,0.9724510671905056,-20.6151199763943,2.3478327905372924,1.0
16.427176885310267,8.24163964994138,-14.550104298258299,3.3094669635234597,1.0
34.32939109941794,9.163990296585052,-35.365416861484746,3.6672808032837234,1.0
19.749578459956993,11.379828177368339,-10.974876637702684,-4.122830198049646,1.0
20.292219705597457,13.675377849315382,-1.2063472164248665,1.426598155415041,1.0
25.317111930571425,12.649579085490682,-2.872630503769927,7.321914731992539,1.0
8.396535246492594,12.788395850054329,-4.475827697271777,7.3987724620532465,1.0
20.43274226339946,16.33307789906407,-24.163742259570267,9.51419889426926,1.0
15.01659326547845,15.932667403929551,-13.20216656686347,2.7912069688930132,1.0
14.942625684624964,14.95706621409895,-12.767926642593546,-1.0696356433273557,1.0
5.591034232536292,13.396250924781988,-5.695013673040601,1.4932294781599653,1.0
33.237882690894594,13.92728637884916,-4.155881853370332,-6.381004467276367,1.0
13.371712196202733,13.575267188107276,-3.2507064735703977,-1.3910900124754502,1.0
0.8095799185469605,12.672443856475372,2.2288347424312365,3.1323776570857476,1.0
2.7669990385066106,13.63300496205229,-9.079680913059448,3.8474448831883015,1.0
9.268144531298894,15.580319380230618,-8.059275174242902,4.696889895977803,1.0
26.83465196603697,15.834003969627764,-11.486495173078922,8.578927835299375,1.0
29.941985481337177,15.094327719239965,-15.910383438526505,3.0670850059100316,1.0
21.596011159246103,14.934426172403349,-10.394511288482544,5.90952069258419,1.0
5.184438439440688,14.273764876686014,-12.887058061928268,11.269659546318522,1.0
1.2080711757619849,13.844144774970745,0.7516430819232887,1.6680826645958344,1.0
23.024382016318626,12.353980711776416,-3.559126933353014,6.346800139483204,1.0
25.794729051920044,14.368907175294268,-0.8059697853604959,5.516891484722285,1.0
3.7425272504699567,12.715912090867542,5.967184885873074,1.1814343248972206,1.0
-8.240745048514317,14.1369208716492,14.309364205114782,13.55719640175861,1.0
0.04021659656466703,12.693710226327145,12.806853114190085,7.634692655477398,1.0
5.239244055398984,13.09298391145391,14.5112039884777,11.637267499766258,1.0
16.296346843602656,15.348794839775461,6.927756223961396,5.889543149129327,1.0
6.610379860480085,14.51395183543595,2.3311441085583455,-1.2416758278810973,1.0
24.012647619786524,14.34106224029744,7.13449659671833,3.0174992060714043,1.0
18.18958214861609,13.74846564438512,-6.30558243214616,3.7156288189561604,1.0
3.398272497257045,14.541032763170444,-7.519014650821504,0.5220703783990972,1.0
16.26103401853279,14.855128671366197,-8.945498227897737,-4.604720291906068,1.0
28.274758055961968,15.936573838409043,-7.612697371381815,-4.3882116155776645,1.0
15.007123026202501,14.93877945900544,-8.786946230910775,4.99572276723846,1.0
17.575999646150134,13.704312645097712,-11.693936820122271,-1.2422462151084677,1.0
28.633439826769372,13.768147334865501,-1.7766421901321996,3.421717930887586,1.0
23.80394973201844,16.38797398740046,-20.101516121709082,6.649765435966975,1.0
11.337601395558242,14.10726292914027,-12.011609941265341,6.762442448919185,1.0
33.83651826770938,14.59515231821008,-7.913120578147459,3.6257348145273567,1.0
27.202794266662075,13.760379181816697,0.3482716219961688,0.2589512770965712,1.0
8.047732746679756,14.074215923265392,-12.844430485686708,0.40366878611387147,1.0
5.7757465930223475,15.271823470016809,-1.234461074182212,6.436612512394872,1.0
1.7715786551204253,14.479100455720467,-13.256751196462535,7.343046734879492,1.0
18.114735661863865,15.017938906979232,-11.793535400628034,-3.4466466382124157,1.0
14.827539040188858,14.583116463146798,-13.078582885088746,-4.2248331925085525,1.0
21.08770711287999,16.41552944682503,-15.614440149573898,0.2549068121707483,1.0
18.64726278440508,16.366276788701526,9.137691457861088,8.87914222776415,1.0
12.619477045737831,11.680708533920319,7.767306417805161,1.7391239099185194,1.0
5.555035358450041,9.055148252968978,-0.7068001582788437,-0.5033707234140725,1.0
-10.356942416585596,8.96264990462249,4.026856839228147,9.008010886911498,1.0
22.176502252590165,7.6971075111898735,-5.009938496931264,-3.2206310076245463,1.0
17.059206394839247,6.880121443580278,-11.993820690942487,0.5677876044758436,1.0
6.455723769766842,5.691248291229007,-19.402890602325023,1.7272032955176995,1.0
9.989119695914924,6.463567568869276,-6.177770117404678,8.189810231149348,1.0
11.569157861415524,8.530654323541858,-16.012244637362738,10.125005931354279,1.0
4.825803839256677,8.27208695151004,2.529110037709513,10.711265166265118,1.0
8.714016251921844,9.243125984053684,-16.940824413124304,0.3785063298268838,1.0
7.120978566253352,8.105007472188726,-16.773893268429152,0.22870596978142999,1.0
-12.728670437181563,9.544627601948191,-13.473968702601256,-0.42157390052168875,1.0
0.1647265974972818,10.413692780886896,-6.6984280701296735,1.338033698567417,1.0
-6.920042676020492,9.82292344944552,-7.7008256879755335,3.901020660000495,1.0
-6.604808088705642,9.587101984334666,-3.0169005921056034,6.066691069114283,1.0
-6.409969713133533,8.414292769796207,-8.640945485542119,-1.6722100590037137,1.0
-4.626184731871213,6.73972575776474,-17.648842747668038,5.423264345979116,1.0
4.146529615048674,6.161464110251048,-8.399920247672409,13.461021406379183,1.0
18.008183258885012,4.826960399566115,-0.046519882674028956,5.258607380622126,1.0
18.89799961125182,6.122565507373902,-12.870117241960564,2.788880744235056,1.0
30.18711880917978,8.221364739226855,-12.66257726989427,0.2851988569365762,1.0
3.468794224781515,9.309043848985144,-10.340214008794941,7.050999551605544,1.0
21.095901755427114,10.23590559146998,-16.6015625313399,4.529111311126871,1.0
11.553343718868044,10.994280951161226,-13.34664630120818,6.675408956292744,1.0
3.691455576673098,8.758192259982177,-8.930416763658721,0.11690799184494516,1.0
-3.607563605968691,8.451189645285119,-27.662781158551304,10.015187809084065,1.0
6.891001690976536,9.195631321877391,-15.835871330269336,6.1113412864103385,1.0
10.127088024984364,8.7941848711278,-13.843674739122704,6.65881858499098,1.0
3.326873498851123,9.520942352837835,4.880268133377104,5.466973326963196,1.0
26.217250431795513,8.025507013095066,-15.006345666837094,8.123113166046581,1.0
9.223325021087762,10.030667966698624,-15.760161375200228,13.478236661346886,1.0
2.112610905752131,9.98484757023056,-15.51941752229789,7.6413285842421175,1.0
3.8402379725768725,8.30041462836825,-0.20600908636163062,1.7449374476004287,1.0
11.818007252333693,9.761996223731064,0.08688667631549052,9.892072187898272,1.0
2.887459812056165,7.883927107453103,-10.722635458138392,-1.2507564929128563,1.0
28.011594187939195,9.26956893525267,-24.47947216302981,2.956268207511908,1.0
17.795788485680934,10.070154961904748,-13.787599905654824,11.568668589078662,1.0
18.160247152510053,8.368536666227936,-13.596037068577184,6.425534989647382,1.0
22.841571707029786,7.728213069908482,-15.607308480824294,0.18972705318706762,1.0
18.500580711222895,9.060829574807235,-0.6786049350696493,4.735411459993866,1.0
11.16579177599267,10.108573987828631,3.2475568204558423,2.5511121003321655,1.0
16.759324264175973,9.092435189942437,-5.438059709519759,8.565682155458266,1.0
27.68934352911069,9.332801425491311,-11.887160638754638,5.63077947421601,1.0
17.788616000789723,10.493238768273718,-1.1204770551109755,6.394153998350445,1.0
18.790829580902408,8.791657834888683,-5.935363920763672,4.70230817704978,1.0
16.538977895976828,8.702333549922477,-10.612901849550251,11.553965512686974,1.0
18.871855676411926,7.052136313743035,-20.627926078530795,15.00698153340843,1.0
1.508252559648235,7.341187609148972,-14.534377804310642,16.655015113288314,1.0
23.329618265319922,-2.0037749788914017,-16.47272504421121,5.726051460794544,1.0
16.078820228170553,-6.40871058369643,-11.145624213889455,9.455736122299033,1.0
4.259033713647137,-8.844762565180128,-24.631771708676453,9.545180599914485,1.0
16.239738257448597,-10.346985846889902,-14.384234808583354,4.484590229228706,1.0
23.854612306923,-10.735996219375386,-2.1391206210241216,3.9060755901360213,1.0
5.178079209622645,-12.323487649806816,2.8065355671949708,1.6136198490380826,1.0
39.39971826844667,-13.021323397884217,5.401841943769564,-0.5161151164120585,1.0
39.73365674436718,-12.391376076761322,-7.808605229932813,-1.4637024894279662,1.0
21.96424751345708,-13.333096112665642,-6.249202768050925,6.5982407262594425,1.0
19.305631250527924,-10.33870892243825,-11.855562363032604,5.389723333481932,1.0
15.858020674662383,-10.860960600529415,-6.68936008396223,6.310821033971127,1.0
26.43375486146134,-11.039856741863005,1.7560431622760113,13.660720109942373,1.0
21.99276224793956,-11.274270304413172,-4.961220581644185,0.8201412560718326,1.0
22.90858920538454,-11.681664024794047,5.851148810691335,9.832885168051442,1.0
12.663949653756426,-13.754339190948468,0.24454991138529225,9.887380758278914,1.0
11.37781488134251,-10.442751749534573,13.394113303502312,8.253500929362541,1.0
3.656600197849995,-12.544803763829677,6.166063012684682,6.584922005720315,1.0
8.908411396563777,-10.070008120801226,12.811554789388524,3.115518893850522,1.0
20.400141049397934,-11.301506382822046,13.822153015809889,1.4727655015163164,1.0
22.267030370668007,-9.207537359223167,6.903182238995372,5.555075981440564,1.0
17.920060097982905,-9.756364045375442,-15.617313427391382,5.11338495152852,1.0
24.600610276204257,-10.826356196335981,-0.7234261274693397,4.802538295585358,1.0
14.130244270293709,-10.262936193384286,-10.340185199596618,3.527931819426193,1.0
14.924233333805805,-13.027938470344335,-10.426289766890797,2.826500025963779,1.0
11.907115372622648,-11.844051431722441,-7.760289569035069,-5.375791960277483,1.0
24.831313591275315,-12.72939104045648,-11.444036131692288,-3.3215595447171697,1.0
11.865140292831564,-11.174236148202764,-3.7637278209861416,-5.613170154916295,1.0
16.74233516014956,-10.241789912994552,-19.179486472746085,5.782867522660322,1.0
16.05598618199216,-13.249744907091998,-13.414195551155403,9.101536936907795,1.0
8.466585107875916,-11.761992426496784,-14.319449511217538,7.239285257723787,1.0
15.167234258831026,-9.914260744155788,-17.656767587753432,0.25438196295454274,1.0
10.313093262868886,-11.39882617132875,-8.990689249044461,2.4435722947364646,1.0
4.301214031420745,-14.055663519432418,-6.713170286338148,6.379549918339565,1.0
-0.6200192142001324,-9.950724437716088,-26.468164265632282,4.8514791194674585,1.0
8.444850866529968,-9.737286503819155,-8.112697153985906,5.2678779940547305,1.0
14.147779367941807,-10.301114552806213,-14.35858413365624,2.8843617313865426,1.0
23.683249982742524,-11.230062162382987,-2.842924024753792,1.697522289654163,1.0
4.012762993166227,-11.552765545106235,8.828338080486333,13.147886545712591,1.0
4.613448194876083,-12.250726033884243,11.148088269458677,2.495018844278456,1.0
18.72288327203971,-12.223261171553222,4.881755399178166,1.691893886321502,1.0
13.149660931902046,-12.97547676056276,0.9496998578818374,3.3273941827117888,1.0
14.022527704497872,-8.778781799514617,6.961237832701231,-1.9666932456710797,1.0
23.13922358388521,-9.442122042651334,-7.973492752570167,-2.3261450919089675,1.0
14.78014185972204,-8.564675935510476,-8.189593837731305,-2.712653635975352,1.0
22.543322916420216,-10.329875971550324,-20.825672828575556,-0.6035932803697719,1.0
-13.429884607639995,-11.597101721756442,-12.832931263635857,3.0652448529844287,1.0
3.6203405947209095,-10.357267335026322,-5.594019975252983,14.000701466893197,1.0
23.690566696556154,-9.481500122464968,-7.842465107759102,7.330945372953751,1.0
14.411592180464329,-7.653895993735023,-4.871034014084936,12.024467516051917,1.0
-3.8255324709517664,-5.651614397848848,-0.8244089553782228,1.262956181803868,1.0
-5.700542122942306,-4.041231996051005,-2.8616203748267033,8.23096661956787,1.0
-11.731122907931418,-4.137837797614051,-11.43827934749614,8.092814599142287,1.0
14.452902296619417,-5.921406709966092,-8.319783124900399,11.717414445034215,1.0
13.538542541603078,-4.024538996436229,-15.32237061807703,10.657701495696147,1.0
17.182217433449082,-5.420558318457215,-16.815852343940044,4.084518567554735,1.0
18.965010585485114,-4.054397936477087,-17.60107826752863,7.465519804860033,1.0
9.31212331618208,-4.981638734687647,-22.98281939385378,8.842198222646251,1.0
15.070992929450624,-3.1559707707628006,-12.299873310514245,8.502234857440182,1.0
23.581623855752504,-4.9897940222461,-9.756096514545911,-7.517748615147084,1.0
18.401510159761823,-6.030118525047735,-16.754433117957273,1.8439961386213035,1.0
10.727031869505211,-4.880668447852324,-16.681236733595888,-5.7466281307742815,1.0
17.73610831607443,-4.0822599944377345,-24.232462034804207,-2.0197484020777825,1.0
16.065924139652672,-3.8030687998051564,-3.624788407142466,-0.607206997358235,1.0
9.4235147212429,-4.426494321767582,-10.291455947070384,8.45969975009353,1.0
11.255653277528726,-3.6687239947127783,-8.228257404663099,8.437055968420474,1.0
12.70431794522431,-4.004065929961042,4.853960428601992,11.379689342776983,1.0
25.800147698771077,-4.410033677547249,-17.37832970707979,9.762546555665587,1.0
13.401922126618981,-5.0683362442247875,-12.06755328959372,4.976106067762977,1.0
1.7097823282559368,-5.8505690146162195,-7.48878326609443,8.005543040204584,1.0
9.723841211967354,-6.4488698299545,-3.3105108548062443,6.528601775353845,1.0
21.465367935486036,-8.279546489444163,-15.556555066899115,11.592528164199416,1.0
8.287381437781058,-6.971833049452064,-26.486627350464673,10.233171572582071,1.0
15.029713750257347,-6.179752216460006,-11.575593644452741,6.8388490219659275,1.0
20.150144666529858,-4.3589158759926905,-14.724642045568071,5.808624317277402,1.0
18.560095749131413,-5.045196196813648,-2.802367865129959,3.103384322784973,1.0
7.4128127541591144,-6.400527221013158,-13.10018003439481,1.6193860274955139,1.0
14.47129232026869,-5.9102302208976365,-10.770946288145112,3.551826388846781,1.0
12.740594834360673,-5.759112195544348,-10.27084177084922,0.6072507543064338,1.0
17.898023234225928,-6.760936411399806,1.31378102325184,-2.7214893355136764,1.0
27.843785651125117,-4.792195187504197,-2.924239015952921,11.65609593716981,1.0
20.83074922774866,-4.837613756307726,-4.002013277481403,8.267539305749835,1.0
18.450712246213662,-3.5109518953479286,-11.041855721886764,9.446158012915305,1.0
6.241108985254551,-4.125163524590381,2.076856788414272,3.7715578401664884,1.0
18.32143271909054,-5.300964795354613,-13.365286069220968,3.8191979034049686,1.0
26.89775441155411,-3.207884448931865,-9.355983282835506,-0.058502182911434275,1.0
4.077510965546521,-5.4805547328431174,-8.634050953209666,4.2088057766982505,1.0
4.927332283991719,-6.699852852927365,-8.822671525264429,4.810086497460631,1.0
14.446018976427688,-5.693127585385266,-6.2191107520473405,4.376338406906393,1.0
-0.947716990125576,-6.43290758618865,-3.2663678815030908,9.114484844985903,1.0
-3.9863181345076972,-6.668249689757351,-10.750437897329215,9.263155311570532,1.0
2.7217723301042884,-7.710920684516692,-1.3792070030110835,3.840270460967357,1.0
-14.873961739235309,-6.509849224001475,-7.215197924393268,9.743329076100258,1.0
2.9991520729972967,-7.277233831060013,-12.926526283081708,6.864855409616515,1.0
14.143539176666508,-5.6506050686882165,0.47963037359365845,-1.027051072110095,1.0
26.75540426458519,-7.003524022206866,-14.206353328827753,8.46335110024538,1.0
-1.000771521673986,-7.078191834851678,-17.662114233656407,-3.0122283714769797,1.0
-0.5173906044341194,-7.3179946852961795,-13.805639852573114,-5.440057497273173,1.0
-0.17609246093309583,-5.421876500495923,-4.128969053079313,-3.9763609936326203,1.0
2.477417146711616,-6.717705887714945,-10.963028045549185,-2.3499097761470997,1.0
-11.94558653701621,-6.132409756597122,2.5827833941492537,3.3632719660637207,1.0
16.466443896315855,-7.658125278324595,-2.2806355254941053,6.616045997065022,1.0
24.8898701066082,-7.121956295587777,-6.327407458872806,10.8395284472078,1.0
19.378393165715703,-7.643841343449256,-4.65060764323429,4.683392740053764,1.0
8.686519930544819,-6.998629853552804,-14.616386312605162,-6.3010836117971225,1.0
6.245499687805242,-6.055267339346921,-16.47965256865794,-2.5440884261950285,1.0
19.57938863007039,-8.438600137706487,-7.308962391537471,-1.262842476921242,1.0
21.991856677120825,-6.926534737762108,-9.014184365114033,2.354913301368671,1.0
11.032931786936098,-7.5663813361944126,-2.9000308076888843,1.6866713510994822,1.0
24.322461647537388,-5.302709455985396,10.777219458667751,0.7082891772660087,1.0
19.104241315088984,-4.9023752835725425,0.5014654886256746,-0.48469510058706966,1.0
25.003235867727014,-6.548104117610934,-7.63210116156181,4.122471220253995,1.0
13.079752520433807,-8.162676759916428,3.0679137110609584,5.094160397235908,1.0
9.238255793905463,-8.447747072764628,-5.124914492238675,-5.380689302462147,1.0
1.003317949021147,-7.270470042700851,-12.668383318480908,3.1754423546419948,1.0
-8.376926701102294,-6.617819674101006,-20.80743361697325,5.53869784108759,1.0
1.5701670797844276,-7.487138327562806,-14.710374146879603,1.5480104951656148,1.0
-3.3897439523065067,-7.648012576522935,-12.61149899653914,4.857853577981182,1.0
16.415613165020595,-8.62861767942929,-19.268446525114733,2.8120819544971685,1.0
4.994264682577665,-7.602843826951935,-17.71701127611968,2.423429300493103,1.0
-19.594480779047284,-7.049095552934804,-27.284485118131972,-9.982735917102321,1.0
-5.715621941106358,-6.6218248937668225,-24.65526217269941,-4.334158129232197,1.0
0.6134183103666349,-7.7656441282798125,-31.300371175388626,3.5193798687778264,1.0
20.354691876161944,-7.445862031807731,4.624701974104568,6.480776319301867,1.0
11.611012612140787,-8.512320399289171,-10.402522441281679,1.5308744950799418,1.0
17.732422702527014,-7.639844506428645,5.344032299407977,-5.745337747633097,1.0
22.73069685036149,-8.520282108816243,-10.511009726462158,0.15480002694172246,1.0
21.915284332633878,-9.755090414827555,-8.639998126437261,1.269280887958919,1.0
4.61763588319186,-6.439218103555239,-25.699739684622962,-1.2725087487858224,1.0
15.06793709795172,-5.909211553917514,-19.575464491242467,6.229353995282107,1.0
6.549095417299,-7.045140375969076,-12.333185351922086,11.331476351361417,1.0
15.784191575160461,-6.870403374466937,-17.957335412358248,11.262050765483739,1.0
17.570514258622666,-6.676986297648056,-13.617105321696155,6.902784491211573,1.0
40.081176031178686,-7.536200881348271,-16.11711299742489,1.289385474220424,1.0
19.318170960786233,-7.944093698256545,-9.369973459465779,-1.5335743327677345,1.0
5.419495593641144,-9.235423063684689,-13.062088959236437,-2.1058949545845644,1.0
6.86993702589713,-9.215524129772529,-3.875652354563206,-3.880886669547748,1.0
18.516274486849646,-9.18321308586376,-3.3302837284205244,1.4695653982246262,1.0
20.935488969404886,-7.5661647297298185,4.105846675733716,5.715928207249668,1.0
18.8385463597342,-9.294269799966989,3.398249284490321,2.0101350052798095,1.0
20.327694199429203,-9.063997688147293,-9.539127271286748,10.809774110195303,1.0
9.0086467837747,-8.76482616489548,-16.34822041672262,9.751851863298137,1.0
-6.313757379310518,-8.135937542413055,-6.539728478188768,-0.35086196735033237,1.0
-5.88589627429791,-9.001404682876782,-7.945746532907336,-0.6303117485953811,1.0
2.9785178066282434,-8.689293970537273,-16.717715804175874,2.515931022506935,1.0
3.891555717296143,-13.187214578551206,-14.89349204662536,2.8766325855849364,1.0
-1.7209762744621582,-15.518576098879361,-4.875047552630605,1.8915235890840574,1.0
13.354404463667908,-18.479744434567696,-4.623544661232641,12.714449237988022,1.0
9.259916464075507,-19.171592754895723,-4.151781426500244,4.938576313931618,1.0
15.659559528984143,-16.34507281274995,-5.1235019228411005,3.8394048457688674,1.0
6.594726795418278,-17.818240112824995,-1.6567456744915292,0.4569309891464197,1.0
-4.41533507021961,-16.79531437150023,1.0830368150064666,5.200447405593223,1.0
16.81518686947794,-16.977453152218853,-5.500926510528664,-2.0079129059474887,1.0
18.665700874397807,-18.35404049289808,-7.036049530478661,-3.9521406961641268,1.0
10.612782164933662,-19.559324662611584,3.18460361522816,4.6378606912395695,1.0
1.2535461128368226,-20.26301751586005,-8.681527622664527,-0.9911124031589758,1.0
-15.266050467530896,-18.080647665106717,-4.845823686947465,0.39231174420289605,1.0
-11.517229876689782,-18.68681775524955,-8.072363820815248,-0.1671172909877674,1.0
-2.2066860673314697,-16.11180279536183,1.4841037782667592,9.37994329400663,1.0
22.651295759816716,-16.99300539927836,-0.9378264650085659,3.3119376765185815,1.0
41.52464833329117,-17.660617590209668,-8.905756049473604,4.345062834054429,1.0
24.00366046299157,-18.083872321704128,-0.5017009501799699,13.556347293219513,1.0
13.703625315667443,-18.198720384568666,-2.545700737448078,-2.5458201862706273,1.0
17.637995262238412,-17.144952979090792,-8.161972621998245,2.8069348231344886,1.0
15.962065144223352,-18.33651721729571,-24.777339980407927,1.1743950016657403,1.0
10.528797401366676,-19.7377680985569,-16.653095712688188,0.7217850156849863,1.0
19.63789504028709,-19.372617127704114,-11.538158628576674,-2.795405014316863,1.0
13.200302306256209,-18.486595615954922,9.035001108123902,8.642138929358305,1.0
10.525502388040378,-18.624181858321673,-19.486875766948014,4.020249047724505,1.0
4.3221319059580985,-17.48443991657016,-12.096829232165602,1.829222233998558,1.0
15.959467955522243,-20.55477308229703,-2.7819250094895764,3.6337490962125605,1.0
8.307664018736904,-17.64761652524003,6.461590748717576,-2.494106514065887,1.0
22.030577755528107,-19.29675064731488,2.9844953800630583,-7.465400238287993,1.0
-0.2899387879388673,-17.010681270178036,-5.282993006883431,-14.581288927587519,1.0
-4.421395905523377,-20.599407184065406,6.094507906242977,0.15903409421197257,1.0
12.682046557496868,-19.561357362783824,6.034198404058277,5.834451506286774,1.0
20.287582060954477,-22.58598849918688,1.6093918554019162,8.208198858583538,1.0
17.055382374535444,-20.27290100549726,-6.755614026563887,2.5573396836822826,1.0
14.743068475264316,-22.07090279718149,-6.470975523879632,2.115167540048957,1.0
20.572307449930662,-19.320668097201626,-17.875469710523667,13.216936050932636,1.0
30.065548310133767,-21.634795777510366,-8.248567718387953,12.327428012890753,1.0
34.089838803571354,-20.612787877302395,1.1647215774306847,13.225924780199442,1.0
16.182733151364523,-18.76869871503075,-1.9797913304802348,11.80658974232173,1.0
14.922133806458342,-19.177099050202944,-4.511539567095603,6.416634109287035,1.0
18.61354202117847,-17.47997177887666,12.497976784330904,6.430922839442159,1.0
12.523682964525445,-17.908502554404798,0.49869713316790154,7.275858959807719,1.0
17.28389571268705,-18.709500385834737,7.3784011767632744,6.445118441396535,1.0
26.353855325775143,-16.417720396415834,-7.554576705009661,2.3850880669231413,1.0
16.749333661595266,-18.800869703075325,-14.197096152867674,2.0063409537335524,1.0
17.82315223161326,-19.4239971114414,-23.382520161076606,8.644684655480706,1.0
3.8052558767126268,-16.52693430835378,-27.29920206718914,1.6508129371738094,1.0
10.413042321893784,-19.180758616895538,-10.272241224399533,1.7323279366314883,1.0
14.254020910884414,-19.16141031773484,-6.0213908002263015,-2.1990438237335743,1.0
29.711146445468607,-8.646381507074635,-12.452169850672465,-1.7811515163253175,1.0
21.036178454726976,-4.163488565108284,1.29408699355991,-4.3360115675736335,1.0
15.008976114017782,-1.1939796312442876,-14.757761266114219,3.0882562238173477,1.0
19.486199946223852,0.27515613052471327,-13.156185362451318,10.156445944901007,1.0
23.485965185194647,-1.9480870280907,-20.771276990864397,6.768463131667607,1.0
-0.966237583975726,-1.6606342569084096,-12.7471453052506,-1.9316401553546065,1.0
11.065432226197188,-0.5324182484654602,-18.22392340481488,0.6518676745500258,1.0
14.870105342160262,-0.4463506755033038,-8.49166904317612,1.7552984025989025,1.0
-9.275637019370407,-1.1264288304268473,-21.611138023010895,2.7514515049498653,1.0
-7.158237733693941,-0.5377478477545029,-5.251396341703617,-2.637259382143567,1.0
-8.49163968418705,0.12315790714655117,-5.048393393764499,-5.235640958981935,1.0
19.97729047278713,0.771736085152101,-21.681628250627774,-10.547948546858839,1.0
19.834176928835497,1.001374277441708,-3.7812172355601312,-3.0885114789434596,1.0
27.91986799613164,1.2578064805322349,-9.622472331054205,4.833356824403733,1.0
12.117018129552418,-0.35702607679814813,-10.006691993894522,6.331930427254924,1.0
16.47074478363475,0.6115835014793721,-14.320091658881758,8.677723561758835,1.0
4.349719514543508,0.42268606775733353,-15.892590673346751,3.663634777581305,1.0
-9.800283490642574,1.1335422314780885,-17.818152500468933,-4.373412091253591,1.0
-1.906424345903119,0.797177468803413,-13.906128605830155,-10.363463298747083,1.0
21.458982423938583,0.08345118650811945,-4.884693175536505,-4.55107803494474,1.0
19.3524927115001,0.2078946936602127,1.4194307597670166,7.438662123115412,1.0
8.179033683561626,-1.477691596616458,-0.005799945735471823,9.21828843190164,1.0
25.921682661219595,0.6727042149872178,-11.54346962539364,4.972574507148449,1.0
33.9454523734743,-0.25846337261424657,-8.837714707685393,-3.0718420067042005,1.0
24.04132558806768,-1.0795219106161833,-7.843361362183252,0.9995761971864563,1.0
24.42185220126982,-1.2644152918568599,-9.246534897247907,-1.5326179126052164,1.0
28.143912309697228,-1.2595264625210816,-9.48313012313454,6.689669867184573,1.0
36.01357623840798,-0.4420901992529038,-14.505564928842379,12.327308212428873,1.0
32.894542843677826,-2.135676556103256,-8.645974210134588,11.866657608136522,1.0
29.790548305364204,-0.25309378555666273,-6.663785744240205,13.051505167475998,1.0
21.4257113661504,-0.050326540481816076,3.211207553822229,9.956075543158224,1.0
7.326695002656551,-2.1915285139290313,-8.010446082610322,14.21898366812199,1.0
-12.16574694336403,0.29614488837027564,-20.92738825841937,4.2615602463849775,1.0
12.725416461808374,0.04805079883291799,-6.029326493334882,5.568419271525621,1.0
9.812370206823235,0.16313556526878936,-11.243175058454927,9.091869924839429,1.0
16.094452657574507,2.262198873362326,-4.940309172986272,10.044452373862178,1.0
6.984566854362885,2.13654981338507,5.894036049561486,4.0262328490993955,1.0
15.876035283856645,-1.0213138443621759,5.452237807883058,1.8688289122150405,1.0
27.85968330368884,-0.6876772332650734,-7.404425755534952,-1.2301402083040678,1.0
17.33228647037113,0.9987434781250952,-18.93588361341904,1.0494906245533944,1.0
27.64981530714647,2.124067198741627,-25.94355380078596,-4.192956767019858,1.0
12.682065089588278,2.189883899576122,-12.649923770868241,4.08652123506452,1.0
6.7869779607582945,2.0132482038104755,-9.659364722257092,6.8771256673902235,1.0
-1.6883635010957363,1.156387432943588,-3.48555749058257,7.36416200770434,1.0
5.687677846831333,0.265550303257605,-17.431290964716872,8.360064881944854,1.0
9.957444376092765,0.10940271215804175,-1.3112205119540485,12.082960105963084,1.0
25.54025262151273,0.9350122151677207,-0.33403467087441996,11.366185163988842,1.0
21.834728431868186,-0.729858342291627,-0.9352678213926096,5.724570086523514,1.0
24.16155347135681,3.2033169347342825,6.7430095714819815,6.87014001603387,1.0
2.2264695697514494,7.467766171496085,-14.345876782259161,1.9658973392699903,1.0
26.9550686474895,6.812048058235748,-28.113409678405155,9.616545323135556,1.0
25.638401350540175,7.551313928672879,-15.86347891074453,-0.9505345656530144,1.0
21.780233647850835,7.3695349678110205,-19.25806130490202,-4.261726937644472,1.0
10.297086140688041,8.004804183304987,-8.708010747831143,-0.6119212745639349,1.0
5.909031580705943,6.526139242099985,-5.558457462099306,-3.2831714900738236,1.0
-5.937631655665375,7.800664646616345,1.4277549102299103,-1.6465000707062862,1.0
25.86756872030811,8.35397418571098,-9.249778370262387,7.392883443825184,1.0
15.120384802686175,9.3270070735104,0.18373605392713976,11.974692033598132,1.0
23.84934191057367,11.009025941336654,-11.182159844324934,4.420671863436963,1.0
24.91386924806275,11.967156665111943,-13.271591660851616,-1.6326308496305124,1.0
29.747411385297564,10.421261607265775,4.616047119530748,13.317661697445327,1.0
22.4445541017094,9.622492872725193,-1.9896437116396468,4.712783502027955,1.0
16.218439434282637,10.680398175512002,11.356999539363157,9.811879414589175,1.0
28.300155894583497,9.76581637384923,15.317135052317145,9.358084133604452,1.0
1.097990054349892,9.836825185750111,3.3539874192186563,4.814035560391399,1.0
-0.7615043547636198,8.861038681798664,-9.115489975105739,4.576700085006912,1.0
6.52984767285249,9.986920958090789,-9.446768345339555,12.162062998678573,1.0
25.803211441756115,8.404039140847559,-12.019837368827371,11.167890875728316,1.0
11.940857594243736,9.213211427214063,-8.017520824472992,4.562619623866089,1.0
24.266503386922274,9.548836555139577,-11.075013697603929,8.676320186620057,1.0
12.209074267381013,9.996378263249985,0.26890570719262774,2.761223743040271,1.0
12.067638569489507,7.534281854142558,-4.935775770751894,-0.875597259735591,1.0
27.712635072332073,9.254666700857078,-0.9019366683587116,-0.6729124282527001,1.0
16.51231911136462,9.578549649297425,-10.625515446134145,5.241111802446207,1.0
40.489906148832844,8.232437226101723,-14.326221354677235,3.1156563563447244,1.0
24.29495741253445,8.740316141091023,-9.250457508182613,-1.131825972644127,1.0
32.80578891154192,9.4067824842751,-4.011489313497628,1.8810636181981755,1.0
19.225462706305656,9.181229411390838,-19.606327571005608,8.579661382601895,1.0
22.70539883710952,9.603021604524864,-18.021462228640033,12.072953956743117,1.0
33.85394045040283,7.448943541297648,-14.819520208902738,15.100723826174086,1.0
21.26534706719457,7.390673377964532,-12.606272794882852,8.055388623125426,1.0
19.996026106466896,10.087910274786841,-3.003231315136783,3.9945701047345317,1.0
15.558712294476903,10.03865667511456,0.41782500365941555,7.464327401905263,1.0
25.461646698483275,9.283366629580486,0.46854308484541374,4.883545507745556,1.0
28.204088761038054,10.365317269735803,1.9730008795890752,3.0263648914347003,1.0
5.8771464772994975,8.782204191946947,-0.5813052011225621,0.4691619318509108,1.0
29.073120305714756,9.278524042965863,-2.181268098043774,-2.533891075181156,1.0
21.079668418957063,9.981523161355215,-4.2460967155753115,-4.33089947794603,1.0
2.818446110639579,9.5924523897345,3.527714062080669,-1.7511072701783457,1.0
17.990499822386038,8.439854049801177,-0.4957527755181417,-4.713315532058761,1.0
2.534259731418379,8.331121169859498,-0.15574113726561833,0.15152059238214477,1.0
1.6065797692891763,6.939592809173087,-5.0770345585082985,8.924896365926548,1.0
15.99748225168059,6.149880218718095,-16.97675901109755,2.475952372790479,1.0
-7.746194558603449,8.325855212000173,-17.048611923821607,-4.222029116308414,1.0
-5.6301931482000445,9.455918708963727,-13.234471966716985,-10.690405423734973,1.0
18.621824747266004,9.40099750839249,-7.799633116787974,1.7455317528303365,1.0
9.292620202798552,3.888632593485849,-14.5782012477726,-0.6733287249281288,1.0
26.130677428978387,2.4421991556559215,-6.2011944363247435,5.742995549095792,1.0
21.766528429869922,1.3580031813166027,-12.13395776399277,-2.542157118255508,1.0
19.316989338558724,0.9736327459562604,-20.45095321814852,-1.8256444636095868,1.0
12.094284967943892,2.5447751715670166,-7.118753480884255,3.9894129487315446,1.0
21.453462881455742,3.3063247232048036,-0.9703974546249237,0.9463616145953679,1.0
9.42292889871116,0.5956016536903285,0.1041424966322193,4.1570305405111,1.0
22.299116609937407,2.8503791472780575,11.43491953628027,1.5103225444814417,1.0
17.270502999163327,2.5617908961948874,4.273949436602797,4.602555533245829,1.0
22.071685974418166,1.99591259070026,-7.5305619741193786,4.320740210059246,1.0
17.439337100016516,2.8700103216271144,1.769397246824676,0.8530097784511472,1.0
11.511320944722181,1.5910728801748149,-12.495031992529476,-1.328574856742601,1.0
-3.9380109404170582,-1.0535625414348555,-10.368247989973373,-0.10459321103070218,1.0
0.929033260355073,0.12349772420052488,7.095715409253371,-1.9751971568282993,1.0
1.7664699984628314,0.700112462082602,-11.146840351144675,3.707135830984811,1.0
-0.8988934368437729,0.47592966307718654,-8.666399199074728,0.9275476326119758,1.0
2.5643015177652226,0.6553773956533611,-18.732994893531913,7.595568899887772,1.0
11.92638372356629,0.46061140814136314,-4.9284934497048365,-7.440785080439493,1.0
16.87552614998993,-1.8656345806791172,1.5902511785211342,-2.1136817699554267,1.0
23.69112563177246,-0.9139548552684866,-13.715156048834995,-4.74470487967949,1.0
19.0740967216909,-0.19865608240082666,-17.49618704748743,0.9505389845524173,1.0
20.65762576682028,0.11848275200802955,-20.72311065661814,3.186593856681198,1.0
37.104072886761344,0.47556441831631435,0.3594110282502667,8.725013282470563,1.0
45.9039289558245,0.3641535503297171,-3.193921028063655,3.2533109938893627,1.0
44.051125213507795,0.22346460709234067,-0.5579970842306081,0.555067181483178,1.0
37.85480780621805,1.269055003825988,10.36786084615539,-1.1350266769696415,1.0
23.664975725945467,1.68053670137174,16.597021337878672,-0.33595977884715644,1.0
34.4232877981698,-0.02824597949184752,-2.0177694827332777,1.4029584169982416,1.0
42.46176288342396,-2.147748442393954,-7.2728021643537595,1.7435884432832123,1.0
44.452414316338455,-2.0717555103612257,11.043536856761028,7.941745611394834,1.0
29.249909677768386,-3.0973927385719384,2.7476632651011563,1.829771078488587,1.0
29.9530349487565,-0.18527846505066953,-2.7429169528463153,-1.7606196308140696,1.0
20.741819139968257,-1.6760460075587247,-12.750249535196115,5.957514496280384,1.0
6.925179922713505,0.9659620946466649,-10.702781062889512,3.8125944713890467,1.0
2.2043900071930267,1.5510297243567204,-22.62487620362902,8.9240022707315,1.0
22.758261227808667,1.0599193332516412,-12.79210606675224,7.75742826871312,1.0
18.066759114569884,0.43874974215933754,-20.13683625435742,6.364915432448523,1.0
25.958651312700827,-0.10059697305546755,-14.466231610254965,9.082000676625873,1.0
21.050398049087022,-1.8934502037232739,-30.42427651034863,8.972028157963884,1.0
3.6365495236191334,-2.9993645237256774,-12.878754604938383,8.648121029921203,1.0
9.605511834842813,-0.4548858784313384,-25.903193906969967,4.523960172919061,1.0
12.000524257922113,-1.187203834862672,-26.773153253455604,11.36115691532408,1.0
11.742412683567679,0.9408666747969863,-10.21748793446955,3.457726434692466,1.0
14.87362684512834,0.6474148568156914,-10.933977258720766,0.7527951835787796,1.0
5.726816831283087,0.25074932968167296,-7.725564744258299,-2.06064043461447,1.0
12.434694728382677,1.7692019845791527,0.25998750004574944,-0.3829350688581199,1.0
13.485847470711185,1.371455450782001,-2.832115709690434,6.300535159409636,1.0
24.095984808213384,0.035225630894937354,-1.7515726162962224,7.062773312019706,1.0
28.945018654712026,-4.0888257157207235,-7.072129540621832,6.817864156488178,1.0
25.404229648839525,-3.2046440503112117,-12.561643929178695,8.495962568226652,1.0
41.840180883509404,-1.5718725300185088,-4.0295852313504925,9.71393651128093,1.0
45.890479994276575,-3.142507397591907,-3.908701013326463,3.8729177838712943,1.0
21.142091364322937,-3.4019928281385656,7.9878547497970445,-1.2648417512685595,1.0
20.990378055178233,-1.5003204382698074,-15.879651991582442,1.3332636276193532,1.0
1.2990842073211688,-2.5170920958853573,-6.093247640920495,-1.0118616727516931,1.0
-2.5915300796528484,-0.45624264345489873,-0.9636266930541879,3.1105287018378998,1.0
-5.962372310273643,-0.9913771088717176,4.534992000853686,4.685015212132242,1.0
6.348287509054521,-0.41461663304146157,-1.558618389453212,7.38380094067966,1.0
23.520841849008526,-1.842879751632943,-8.597296125679712,6.790894762559087,1.0
29.467080272204036,-1.6692603174359093,-16.039235296456138,3.119243112520811,1.0
16.930893465673677,-1.4259479348622754,-9.812325018954809,-0.6389991185025534,1.0
21.575254698873337,-2.1278740761977453,-9.21257283842956,1.9531806194270467,1.0
26.27917423288743,-2.331898727229981,-1.0888841951043773,7.3472987601678685,1.0
29.247931567469312,-3.3726189104434647,1.2231875329518251,7.222869538822559,1.0
14.103885042394738,-3.1203826554985525,-8.40296371679886,5.151913619602413,1.0
19.949877363167705,-1.946267302459658,-17.400069318208224,3.016892560970952,1.0
0.5498464242471108,-4.612361761384589,-22.37928076146099,-1.0870723953857828,1.0
-5.068541296718832,-2.8588476359934907,-29.589311528933763,6.186992498484216,1.0
7.094474399370483,-4.636717497754526,-14.174338143584627,6.215500703330715,1.0
7.576288775032378,-5.798943229841451,-7.427779295879863,9.008393702271732,1.0
16.04433854298333,-2.9051784287109323,-4.062175769216328,7.522172106494073,1.0
5.965902402133095,-2.629384247523595,1.511236144692214,11.089017302077014,1.0
12.005737631253252,-3.657309234550552,-0.9125517814591344,4.041684709227345,1.0
10.858580205402518,-2.9716571653911528,-8.22675352624427,-8.81459601020292,1.0
9.612312078154403,-4.720542274724598,1.6857829671331128,2.289329221541246,1.0
9.772518458856176,-3.753512367975293,-13.494731184755995,3.463949181053234,1.0
13.769510415440907,-3.4964685643604105,-6.1360103994343405,5.371946664333914,1.0
7.457389707279511,-3.004062907348403,-14.33299569925177,3.6947015464656294,1.0
3.4583843331284525,-3.9138667663770743,-22.520356712908892,2.7236493663796666,1.0
4.533066240263471,-6.332173623591853,-2.4581764615324992,4.593846160693357,1.0
11.564401401620106,-5.134566201947498,0.5387520625398885,7.417422507891831,1.0
21.21319249544379,-4.11596726238216,-10.790297879783967,5.645185448295,1.0
21.92911143570189,-2.3316020586098998,-10.324604060116624,6.802544876193737,1.0
16.033515261971473,-1.2625978059472382,-4.537669395413508,10.737476879230673,1.0
14.457916866768743,-3.8297440550939115,-4.289530278998075,1.6428218004861392,1.0
2.0982773423402907,-1.8984347057463453,-10.350111304809298,4.598978570379785,1.0
10.44722401096924,-2.9119054404458447,9.64957190843299,5.756413421926753,1.0
8.243009851161181,-2.456867344073651,0.00984408265847403,1.0564687245266633,1.0
-0.5334308669722958,-4.117362604395826,-7.35946024937896,8.308890400453958,1.0
6.764231844612455,-3.745642641906738,-2.552398373654775,0.01153643401530724,1.0
18.36824018016938,-3.8629840963493964,5.96937427905279,-3.1382410306242026,1.0
15.981797127062622,-3.953386355749782,3.3563598739765377,2.801203898489745,1.0
11.363203158094116,-3.524615209745932,-5.124383210200499,11.017569071496077,1.0
-2.3524343421196843,-3.158962672181286,-4.21475437384818,12.891324771216107,1.0
1.759845820759395,-3.0169494334088607,-11.845627510138716,10.546136962607674,1.0
20.914963693544756,-3.6784892732165573,-23.435728318195743,-3.7070351260095142,1.0
26.04106830991209,-10.700904436312852,-20.74932808853871,-1.1465474851832624,1.0
11.735009662254758,-13.521567283496877,-3.557944878685941,-6.342326495624185,1.0
26.74718351401505,-16.99814944727925,-2.5054816510741933,-3.656074213250351,1.0
26.242194354482663,-16.887515904565895,2.8555782494466113,1.7268578908619285,1.0
16.84613082238841,-18.211852538481054,-1.0016284146554493,-0.005664873261599368,1.0
14.974947934870924,-18.028650126913355,-17.45212169024623,2.8682479012103466,1.0
-2.226374586147415,-19.294193719721456,-12.443857337564797,9.855754330325313,1.0
11.528943530754443,-20.34710156538051,-10.664007326342077,17.62935844154083,1.0
15.114706009141427,-19.241117730423085,2.255416347293364,6.598481106706314,1.0
22.528353985988154,-19.440703907205805,-5.785146131311574,5.86292655368032,1.0
35.4326299728705,-20.190636364463884,-11.835001069812392,3.7697323441118242,1.0
15.90747314460872,-19.176751343306115,-6.881442480025607,1.176789770710756,1.0
21.41257192102775,-21.34167241932225,-14.777337262624794,0.7312579994200041,1.0
6.4336860116701065,-21.937684595014783,5.1838518025195945,7.073520364588331,1.0
7.391254986242204,-23.456767189061498,6.732401642592501,6.286894686458403,1.0
14.141923758025268,-21.987850841686186,1.3512946880603507,-2.987759437893345,1.0
7.950362827030451,-19.468658567647033,-1.6602228638349525,-1.1086079950662944,1.0
23.640298717610378,-19.423940275828585,-9.968968979033415,4.074957439354528,1.0
10.559016571681752,-19.357570743368065,-12.656249610361437,1.3602317226536291,1.0
18.544078911005712,-18.621817770461547,-7.929656119619352,-0.26206817548863537,1.0
17.268192176470762,-19.514735816479977,-20.31944413067407,-0.3733937189073142,1.0
15.691899495878635,-21.14067801140246,-11.964898537624137,0.863302836503165,1.0
12.092174163648233,-21.332598272725033,-10.62512752513552,2.8169776462910825,1.0
14.77344764200653,-20.861642871587478,-2.4791075492564634,-0.1588917084975101,1.0
15.790385704078123,-21.47521704208512,-16.377027488312947,-7.32061045473767,1.0
13.621346641904964,-19.294463437785186,-17.2267356723774,-9.218165328910821,1.0
9.148745731332426,-19.29055242823788,-16.27133278231499,-2.604960510733778,1.0
0.2790999519111237,-19.014050482612017,-15.190388806935067,1.3670999838032967,1.0
5.972982207102776,-18.839141667153868,-24.81312172420121,-6.2625115410617855,1.0
8.457846725471176,-21.05119347420236,-20.762455904228204,-6.000146899837361,1.0
29.50363685280743,-21.019407739641505,-12.742812492769565,2.7979088144888955,1.0
35.586611601702316,-22.085411451201214,-5.443526311743744,5.054477962108692,1.0
28.118289474171803,-21.01467611965251,-0.29845345928427447,0.6505034251001538,1.0
16.71588146979384,-21.862757787240163,-2.519825385118721,4.817418806452696,1.0
12.592498224130134,-19.33857031898753,0.7944362637386515,4.591891168510354,1.0
-2.051401475314691,-22.312225677325607,-8.252324664586009,1.0526754158924714,1.0
18.601463500675514,-20.375468397820185,-4.0657985105046714,4.7323503788636,1.0
13.844616947066474,-19.678541635421762,-0.0420163325845504,2.4189692840281243,1.0
5.830696997315506,-19.932201533554668,0.8836463920945485,8.101337741146882,1.0
7.003284225950907,-21.36795114128907,-10.124449638617856,14.9825333276362,1.0
11.157035399478307,-21.581999144799745,-24.099732720145873,8.784387202270192,1.0
10.679365191850763,-19.848381070339354,-5.335732360891978,11.542260213288092,1.0
16.16438037815387,-18.950511449352,-8.38350553080485,1.278386854631489,1.0
7.965928129412513,-21.038343552393403,-8.41432342662667,3.5167392178117707,1.0
-0.18221029341392203,-20.179947500375302,-9.621196229072986,-0.2747124936149561,1.0
-5.01518398413031,-22.068781942427705,-9.59212388826867,-0.6275991939480621,1.0
7.835761410377719,-21.644253666905104,-10.393057584374766,6.7627491234052135,1.0
21.369583458781793,-19.895821492863345,-10.146057978965656,5.224498145517181,1.0
27.913496967912916,-0.30662056698061524,-21.83673067521545,8.0415796554563,1.0
24.334808725215858,9.263638952153196,-14.459624947370989,4.354798355436227,1.0
9.488898846727356,14.448472552895764,-29.416525107191575,5.979504302833924,1.0
24.095530454974377,16.76075892921399,-35.165926793984724,13.7708439187081,1.0
23.152929154611023,17.5983392631985,-26.922695177887498,8.794684382731841,1.0
14.134410314555925,17.886872826938017,-8.724423990071985,10.06286797564492,1.0
14.528455345189938,18.22943755828388,-17.935829003855012,11.675923314318208,1.0
22.28726805958643,18.001529283758284,-18.287804415363357,4.0542180176129285,1.0
19.460140902045687,17.586248832603953,-8.680542417460108,1.2638393538512354,1.0
3.070234929463666,17.213355620797657,-11.548113829892111,7.14594681208029,1.0
22.668941450430047,17.902603709206048,0.7909881354228272,3.0591023075660164,1.0
11.683389301746411,17.222488979386473,-15.583311328139182,5.50525051263265,1.0
16.152064902241086,19.067809678292434,-10.388761649627154,2.7425958556958365,1.0
4.70508937692367,17.609554323463875,5.758948799890664,0.09226869860533848,1.0
8.451498201860062,16.687545224296485,9.082117898156262,1.5236560818493698,1.0
6.4034725475358165,17.97325306629996,-3.448684064290422,1.0184575762842951,1.0
3.388448723344867,19.707393259629427,8.768403761851445,-5.313030007768662,1.0
1.0125056157062389,20.77264742110786,3.8329680921610976,-0.916170660454291,1.0
6.0685583197968445,18.247023088259947,-5.159192301343251,-1.3876627751308628,1.0
29.437230849449694,17.567222859986177,-8.66897210504061,6.02819868731735,1.0
26.31200425907584,18.191838332364398,-15.976223943107694,3.599324337340469,1.0
7.98301987555479,18.898130612812164,-22.385371539472217,7.64804161350938,1.0
4.704933077508601,17.627440145135775,-0.38953631941333455,6.6354347679468955,1.0
4.708275657094897,17.65244655727189,3.5665742204351893,6.262350517610749,1.0
23.224011012754524,18.88539983302328,-1.0982906984103584,5.844281853891136,1.0
23.29157348335793,17.026851740780632,-5.309931830430452,3.868026196831223,1.0
28.481174752816212,18.53000940681309,-13.533633265755102,7.729705070500277,1.0
27.509741260552893,19.073376124745327,-3.6764165885774247,0.4878204575522811,1.0
5.931756353736336,18.165085645323177,13.325366422721322,6.346495049656355,1.0
-2.579656561991973,20.112633728665767,0.8077163722643497,1.3076992411479695,1.0
-0.23810189522605074,18.427188477500206,-9.075021910368417,3.899399501313806,1.0
5.013837076419425,19.06657288596022,0.4557271983654081,9.321198314382263,1.0
5.735731811790763,20.207566400704675,-9.349233636027325,16.78877739230486,1.0
-0.24798787479336148,17.791547628694254,-14.726721152766128,9.696218439661374,1.0
-5.6487398234095085,18.045704792865063,1.5802800284114302,7.028196046225758,1.0
2.9655294723704912,20.485970015417195,-4.64393759467749,5.840956524798459,1.0
20.128615578233656,20.729138693501437,6.099567396788688,13.488614033830007,1.0
16.49938899405553,19.03122156727344,9.466777426854032,7.786587990711395,1.0
17.20098642635926,17.322293008379656,-2.365026965571972,7.9582431160472655,1.0
19.1468113211374,16.177172126827113,5.128622673795062,6.594871700576482,1.0
16.515358478431924,17.77552103992924,-8.136062865681852,-0.23766725726637228,1.0
-2.0109309669880995,18.233543467011426,-6.954447544919782,2.834809721214861,1.0
0.5626600201443814,19.724064567695628,-8.62464897332864,7.064232265699358,1.0
7.274848448319468,20.363187697687795,7.925259117434384,2.312168255267422,1.0
16.527298782850856,20.024264246311557,-10.680510059599648,5.974120056530357,1.0
14.770722602230629,20.746479073216864,-19.38485743770271,8.53613313546687,1.0
9.55166974820804,17.30479457845273,-12.114196100824534,2.1660861943307217,1.0
-4.568551134887326,18.41333692687093,-16.739895463040074,10.13029811074777,1.0
-14.213105529365524,8.180641997872524,-8.682162767453288,8.310918274249598,1.0
-10.698946484646719,-0.13667132272046123,-9.098920393467505,6.230041660099497,1.0
7.896992820344618,-1.8548992917100826,-1.3434300150185008,0.1131970362542809,1.0
14.218831358073755,-2.488769790563152,-5.976767545022085,0.5291458724210578,1.0
16.562637843922232,-4.44447677561798,-0.9159821388288165,0.49055386674915313,1.0
25.625647434153088,-3.2195305666213203,0.6352238175926956,4.321605133287456,1.0
37.53760806939968,-3.0667323205132355,4.114886859054827,2.26319905028726,1.0
41.563862406990964,-4.006256141812495,7.923981236696845,3.9041840494405666,1.0
31.74744577638628,-2.150568279531007,-10.040817805011866,2.4767178847681484,1.0
22.227798276464085,-2.6429291745210506,1.852475642813298,10.22587780791033,1.0
23.00170084829393,-2.2533352648128013,-4.351709500108932,16.245913821931957,1.0
4.039006552607205,-3.127579238812737,-4.288777725989959,6.962817442465235,1.0
5.445098984402009,-3.3875194704827623,-9.05106517159438,11.854089933599697,1.0
2.4949833018866157,-3.4848531640170943,-16.114808697754217,15.757917576240603,1.0
28.638785399030443,-3.7823465857748992,-12.609318965824855,8.517155089871853,1.0
31.87133014592298,-3.279760873634369,-16.955078495985042,4.1028664740062055,1.0
31.195425495685505,-4.2254831796175525,-24.2949866587761,13.88517315973424,1.0
21.809852646212033,-5.152100497779691,-18.186356816596444,6.568051492900594,1.0
12.167690722338294,-3.8627095663399325,-20.843305888896133,15.177373037279034,1.0
8.133609418458407,-3.8574746682738796,-14.81397876467676,12.257943730205488,1.0
7.988282319210029,-1.6713211066811025,-10.864985493753457,8.749103102382222,1.0
2.5202375863801505,-2.5822694996609235,-14.390533809141559,11.387941595865454,1.0
13.25127742077408,-1.853296744197547,-9.88576352736527,16.577141292376254,1.0
17.30465978857201,-3.6422021561184827,-19.474040945318265,5.420422817441797,1.0
15.844020451227491,-1.1443429029036372,-20.665091099465776,11.888572165323994,1.0
7.319443194887256,-1.6943926456776666,-12.241703261567224,15.126089459598077,1.0
0.7607796294324238,-0.6201679822159998,-8.31671161146257,14.040646139581654,1.0
-2.8962500547413956,-3.626266498559846,-7.942767810941194,15.037071052255861,1.0
23.63436485099855,-3.8131924646913635,-19.619331867011937,1.140099693624685,1.0
10.972532986695427,-4.870979952167307,-28.704165773676024,-0.7547702737390796,1.0
-4.419985815945157,-3.925165055348316,-17.756731755549943,0.6061847263941147,1.0
6.952375455268363,-2.040501493623,-18.664431597743068,5.126841107626869,1.0
12.89575093749383,-2.5396592407804,-17.97190493035903,2.5935611934083624,1.0
1.3023242267190929,-3.0505487546865764,-8.506124023705164,9.14234054219612,1.0
-10.914293731678036,-3.7094788775187064,-13.171436746668572,8.256398364146959,1.0
2.8608152142641057,-4.910731225874774,-9.008243335244531,12.164400497910883,1.0
0.6929225484535468,-3.1888615879435385,9.47691734364293,16.747520992378014,1.0
4.9988880052041385,-4.165202875793517,7.029945255617598,2.2843662397742417,1.0
0.7150668972395682,-6.016822665573144,7.090623475902026,1.810971179157622,1.0
-3.296961896826266,-4.0772151022556695,-8.740802195242853,-8.492854832693126,1.0
9.376443101460975,-2.181528389656607,-2.6637560157211326,0.4558912574644589,1.0
22.44616015161065,-3.634565875975236,-2.7233412923598186,4.013811088557544,1.0
21.611540415382013,-3.144333403107102,-24.89690168665604,12.845623113091584,1.0
0.043236093814496,-4.209958605132385,-31.244870047572903,4.527074144945747,1.0
14.730374256015562,-3.4454882941341793,-32.264333568729974,8.775238310457885,1.0
22.07906984297705,-3.071071451175355,-8.11267618351508,9.776759442776065,1.0
17.563287264309118,-3.891561976444701,3.803648296409209,10.937947851471463,1.0
6.573817998758573,-3.5493068171923308,21.078089968740944,10.066075703355246,1.0
-0.8467783132126669,-3.7894971785213474,-17.005512441494403,4.376960989054863,1.0
-0.4054190832560316,-5.115268556712595,-15.773868856919744,7.842343934507745,1.0
0.9886322929893776,-5.325658487234214,-11.424025170125937,0.9172255932122939,1.0
6.76886787011177,-6.757074269089425,-8.85948097534829,-3.7175879353347314,1.0
-3.8887867413573147,-7.078637185188251,-14.909852928011986,0.988434023382835,1.0
1.703220845881411,-7.440862156318188,3.113872451555775,-0.6233472496311303,1.0
3.4715406234472006,-6.450181308695359,-14.663018926131404,-2.8317602419031105,1.0
6.8210993947244125,-7.046206363147046,-15.914301173645354,3.1951359728503994,1.0
-0.6814628260355793,-7.4692386000114155,-20.0278953056707,-1.6562563142496183,1.0
24.167595381812465,-5.606988971010075,-25.89265764206874,1.4541915022526926,1.0
8.893492299707376,-7.2295767006827605,-16.59511910373245,-2.268417235787447,1.0
3.499385318981658,-4.176248660387976,2.8000965132500015,4.706385540976329,1.0
-1.1261973221131676,-6.1228140135645805,11.032656546437376,6.155510202055936,1.0
-16.592965399927966,-5.6387359243115265,6.398146149181827,-2.3744978147328046,1.0
-17.362370267647673,-7.55987699689836,-8.708578894156929,2.6808541491762545,1.0
12.717734436496455,-7.211851354124358,2.234464621548155,2.9568440546737618,1.0
1.3418200112426764,-8.553519397679095,-7.880899779771834,6.438622246900676,1.0
14.024368228680284,-7.244808591192687,-11.782787281562253,-3.8373686989472358,1.0
10.25011030189356,-6.357947932053858,-7.687584069545455,0.12060162003579933,1.0
13.113137342907137,-7.837238764098279,-1.6637303902891851,-1.9438337197352826,1.0
24.041350255372382,-7.603685399897309,-21.06011225532508,11.863419165709473,1.0
16.94659565271064,-6.4597565550833,-10.011510636534158,7.9668378026021545,1.0
13.530765660914552,-5.9764824447012375,-11.383578898381169,3.116592685817305,1.0
-2.5560565438208407,-6.005366017871225,-18.30425146189538,5.164502147901913,1.0
13.235795216629437,-4.824908782847024,1.1179948575360026,1.5807344187092842,1.0
14.699736518745963,-6.691527808297431,-6.244529939967943,-2.272530541995263,1.0
17.371895084795433,-6.106544454273298,-2.5485942342959813,-2.2475929896347857,1.0
32.477864370745586,-5.215253201735655,6.3310662006835,11.622193193563692,1.0
8.619573253025582,-5.500513818527717,9.475792882416666,13.444561613116356,1.0
19.550240156657903,-6.805729417653762,-2.733148643188467,7.936119641999111,1.0
11.381351862913743,-7.535704517287393,-11.907240768164776,7.7768100477025905,1.0
16.041033461707055,-7.633726311940739,-17.595606053468615,7.262540703221154,1.0
24.696699098964956,-6.9024483562381445,-22.59271839747967,13.440355280516268,1.0
30.714480026618084,-6.623981929440691,-18.575251234500314,3.861922497950693,1.0
25.791067894864256,-4.689158088851501,-7.194744818678019,5.835366131707194,1.0
7.1329342530387905,-4.876317657461733,-0.6914811601005724,7.8496889005490615,1.0
21.53457369267028,-3.5132677215433215,1.4366306382025842,11.068903530378979,1.0
3.907613622043728,-6.47245733577374,-12.545093375833655,5.155643674697742,1.0
-3.8869513765958033,-4.763206869984594,-10.262467636291902,1.614019700077221,1.0
-2.1952513227182386,-6.431761991471026,-11.492970539031482,11.651258229668766,1.0
3.1240771886478473,-6.199057787040181,-10.008304856300741,6.170468251072731,1.0
2.0722336874333305,-5.665551179429461,-1.208990388444084,0.47220707930462424,1.0
8.120824593791937,-4.74950884092833,-3.2152324070082514,2.704187192375419,1.0
3.3865327398562095,-5.810677359261414,-1.81658656386014,-3.491246305916998,1.0
-18.792852291564706,-5.43107753628143,-11.292604438740346,5.569444874476972,1.0
4.554694060963287,-5.9588526719147055,-5.174824578344865,0.08410186885573068,1.0
2.5057746634692,-4.328619304660709,-10.599915462097263,-4.910827091733731,1.0
6.468837237032297,-5.4080578958643795,-10.083490046369405,5.283749461466881,1.0
-18.51644703638052,6.482437154820049,-2.203476098404284,2.9373226104910897,1.0
-4.6749293019621625,11.447939312649192,3.4413751499104137,4.760133286776415,1.0
-2.940904461774725,15.547580606559107,12.894570125625588,5.934702000683178,1.0
7.923948564741448,14.895574198282352,12.258314139865568,12.022762858311836,1.0
10.267975977223532,15.183709477052007,2.0496078362724894,8.260651941626595,1.0
10.350943388459678,17.39627952071833,-3.570122260784042,7.757848809371243,1.0
11.808519486340966,18.090024166690466,-2.7009407067009352,5.69917929157568,1.0
-0.6292242562414088,18.427071611197995,-19.227915039888597,0.741834526995259,1.0
-2.3315008969963706,19.3711458938313,-15.417150105214828,-1.3409342306507268,1.0
7.239307036673535,20.595884430133793,-2.9873433330631665,0.7792282405541293,1.0
-15.48112734016951,21.21276561001058,2.326690113625114,4.318153211591813,1.0
9.113558168542081,20.821185809873555,-3.929229741172241,18.232734500555278,1.0
11.879976361159972,20.54776334454331,-2.7147401163520306,8.922337352054612,1.0
8.300788807059458,19.7166326693043,-11.95047977327678,-6.303326900070921,1.0
9.661074919472298,18.280127611837507,-23.23952507690862,-5.822702026682301,1.0
18.96560861309163,18.567907701425593,-17.38951475410681,-1.7346002496206516,1.0
19.363681747642772,17.299233102661244,-9.415420026368977,-0.7627822752073135,1.0
14.639057792730242,17.949959973601302,1.7247155972383457,-1.4829330691942637,1.0
-2.8486233314994465,19.46989228134874,-2.4603012832027993,2.2621316441205748,1.0
5.511246473293474,19.729063221461143,-5.156470299462959,3.078011774784198,1.0
22.071557168329004,18.870511609848105,-19.793515837115955,15.791074001788903,1.0
30.54018004805574,18.80172616707555,-1.9934927066341697,19.888446096005474,1.0
26.79936457751308,18.324306578188505,-0.23218747165139675,12.473068684225279,1.0
10.153996942211368,19.284056160201793,1.2235329570981808,6.317846754005066,1.0
13.410101752377562,17.47410040783613,-2.342143780053194,3.251292540466495,1.0
18.537690046964016,19.519006081290218,-12.444139132352001,-4.216165748845654,1.0
19.719770757246764,19.344764042972443,-16.860146982422165,6.149968716798654,1.0
7.943844729275423,18.463796562402482,-13.819327366395875,5.030975998102869,1.0
26.287371307867478,17.65188581005873,-6.512869591295086,15.391775219301948,1.0
20.264107178189704,17.52985791561968,-6.313066335667257,16.410549217234095,1.0
15.657554851527951,15.934764764671316,-4.4792180668107076,2.9413958501377304,1.0
13.10763897861523,15.660122768885616,6.534247262804147,5.45541572683532,1.0
18.99116630938303,18.152359450152858,-4.51889364536462,-5.624186019727022,1.0
14.333830506752353,18.0615096613674,0.15289279632554464,4.794330666384593,1.0
-6.842903551479547,17.77341329715482,-13.224061843420461,-3.03389918877114,1.0
21.881745990529005,16.774069056270207,-8.467740844992884,5.861433129535914,1.0
11.212660797439147,18.579963171557516,-10.378823220606535,7.838918017678293,1.0
7.794530828780421,18.95315566586398,-14.967273290597586,4.557196086589547,1.0
14.44842947250929,17.18629342176869,-9.655901608135022,0.9399854395157519,1.0
36.47573399254637,17.78162293392599,-5.8381474462241005,-8.30730615848557,1.0
21.610691898508318,17.98019381127349,-15.715967494274302,2.225174535619793,1.0
7.431901324906335,19.18028568191872,-28.16409512511751,-1.7155709588161954,1.0
22.993544898316117,16.959637392684836,-12.30003616247081,0.9300866627767572,1.0
27.779021659870587,18.403147424773575,-18.26704426011505,2.91933567559118,1.0
10.911973462385248,17.564311078226734,-8.741599004412844,8.140507891620281,1.0
8.041338468859818,16.582847938873137,-7.054804468822862,1.1206956735495428,1.0
17.398508426111302,17.09364604196792,-3.906272584635117,1.136305382802985,1.0
4.532047139804826,18.675032276349437,1.6773315496408374,-3.619283716480439,1.0
9.882517878800476,13.47134141643714,-1.6194865881065712,7.875041503545803,1.0
20.339552475989898,10.202753853435757,0.3260401102294761,7.962762074108298,1.0
4.002300260633171,7.167275004246113,-0.33355574585586467,-0.31404629035836296,1.0
17.063453495674825,7.26579975837492,-10.783967030271617,5.57198109338736,1.0
27.489167761594764,7.342625682335901,-12.848116420139366,12.665066042115456,1.0
31.33384549032577,6.765849521244313,-8.85217732196158,11.113154419434627,1.0
13.914241012894266,7.741335501726659,-3.101564676148017,5.4849474485449194,1.0
25.043892548433035,7.011614771051474,-2.470882816640338,6.729700958206877,1.0
17.53576141597457,6.7461240881967015,-19.045621703166773,2.022561717253364,1.0
7.040747587524976,4.815518067888788,-13.490252802655387,6.775501336094945,1.0
23.92126100372873,4.104563259008339,-2.4640934304342528,7.189540028007759,1.0
22.45766601740634,5.901351044204336,4.148937349747342,8.06295423394613,1.0
30.64121727792957,6.022419688953107,-9.694584797915379,-2.24972772495538,1.0
17.41414201243731,3.340816896991237,-17.71856224879035,-0.9156130050590359,1.0
7.830143561514252,4.191964831705702,-21.16126628678269,-0.49051669218454474,1.0
28.975208209068697,4.1807810233395335,-20.591026545809513,-5.187502684876208,1.0
13.543571966325137,6.801915456096149,-11.859296837457515,-3.8708637390177696,1.0
30.324033250570476,6.628811702921325,-12.646296360983918,5.9625199206344455,1.0
14.79713254125895,4.76935428357798,-15.671680095833564,-0.6724306250892691,1.0
14.11131906363024,4.304063918980874,-15.558247326074834,6.245791887452575,1.0
7.663244137146592,5.976036430770444,-8.560622300738881,12.146949432067181,1.0
17.63587672641338,5.845488418777977,-1.7030554450115716,2.8687879451089033,1.0
25.011024058809546,8.066079040044185,-6.063826992453069,-0.7571318390485926,1.0
27.07302354335899,7.5133139013816805,-14.216081370012862,8.74367174253895,1.0
27.05707000849722,9.421082990300627,-10.613461237156535,6.733289771563873,1.0
22.484660453540883,7.625221848493709,-7.70488426971165,9.188458242335445,1.0
15.52098386789008,6.455808575732418,-3.3644248067233615,4.99746449781821,1.0
11.677177780629428,7.0498788269493,-18.09017043898011,0.9520769301258496,1.0
35.461436624141065,7.256029110727852,-1.7607068176478418,3.492710155705729,1.0
38.34636109831372,6.2840424728207775,-6.011181454024138,9.036135421599328,1.0
12.878713141660674,5.129063348911712,-7.979386138496317,8.86751512905639,1.0
-6.819320826086267,5.195546838655835,-8.4038546358502,6.5276768189165795,1.0
-10.311731856221018,5.563800376601536,-2.639305135428618,4.109705570193892,1.0
-8.99597393675808,7.881443064302655,-1.9293299440020868,0.6231143884461134,1.0
4.755926028846293,4.979773837751531,-9.131145654404563,-9.75807105013072,1.0
12.803100356512134,6.706561240505399,-8.86206443986757,-2.5603378525897273,1.0
7.778190144090271,6.183452644273672,-9.322057320224985,2.9256183890647645,1.0
-6.253865649389994,5.489923486428262,-11.206252834956343,-7.003561517255007,1.0
-5.8660156972770885,4.74787196537656,-16.509109489493994,-6.172742034043275,1.0
-5.987558906194794,5.565022849653509,-13.736976335224432,-0.22117626196443663,1.0
-1.6549189829465911,6.506819146359719,-7.184128587779472,8.530595867413993,1.0
19.124402611031357,6.615892668760225,-6.4947991966806855,1.4304735953026206,1.0
20.52839902720762,5.4694553826784995,0.31269387056785014,-4.678582415646019,1.0
6.677559447064282,5.429848857596068,6.9970488252928265,0.6545645684617574,1.0
22.368089559909798,6.0112007956585165,7.413412256864229,5.602580100950204,1.0
37.01625407212778,6.176864304682422,13.414408309195835,8.798039168139983,1.0
23.912621801451706,7.337542207844112,-4.239989541734859,7.026539783638672,1.0
25.340285409887546,5.453540014228507,-11.580376582878158,5.587600805457273,1.0
-7.1511065956901145,-28.78572578506475,1.1413072127534183,-26.02264454438422,2.0
-6.186585012213582,-25.112742682661732,-0.9615199368264387,-9.801318823510593,2.0
-8.48485319586468,-25.632175104606976,-1.476592457699022,4.337825569472744,2.0
-9.730299474393444,-12.995390991825282,-4.00064140283673,-0.6087566015778858,2.0
-8.891466361065609,-28.607905381296558,-2.928501306737329,-12.318189855050205,2.0
-7.981373799032402,-18.515760098529178,-1.9242264466018657,1.7712216373943284,2.0
-8.060796778144898,-11.468257014442507,-4.0029743106600595,0.6736505692092304,2.0
-5.1895773378916275,-3.5204154605613116,-0.5251109199701705,11.941383582942212,2.0
-5.071332460824428,-4.338507043019689,-0.26785461203672756,0.7794229547589975,2.0
-5.016395378015688,-5.7578092798911165,-6.765919447845283,8.785680738437762,2.0
-3.039813281216635,-3.6869453274860007,-7.764677682721452,-2.5160973338707455,2.0
-8.806143693454455,-21.439755864353067,-11.93936240278452,-3.470892192478561,2.0
-6.777282006094435,-3.9555765908570173,1.9447444953502433,1.9930620097825429,2.0
-2.8568781018488623,-14.538181465515079,3.77591733210573,10.674366833991336,2.0
0.41621651655025715,-20.3537586796698,-0.4095482987769641,5.422567313476431,2.0
-5.625132165336309,-11.345521647643148,6.750195428952576,11.513887100623156,2.0
-4.747882060350247,-2.534079923002176,6.337963802763324,4.529122305497014,2.0
-7.102890144619057,-6.368963901089002,2.2599944272288104,4.058584359851638,2.0
-8.431643455033944,-0.2808884613560707,3.4856212261591004,-2.0774651049778114,2.0
-6.285741499372807,-2.8698739709396577,4.190362937183355,15.030684658740233,2.0
-7.243656095549737,-17.010838560741853,1.8752573022583578,0.03802657299402634,2.0
-7.22658089347012,-16.37371691182831,1.9060275161471198,2.0215386972116836,2.0
-6.640788063009313,-16.147551924875188,-3.024493666631144,4.615668928092789,2.0
-9.444307648864829,-14.195854185311665,-1.5140502060374779,10.145309775137745,2.0
-7.225802465001911,-9.291968281511416,4.704476266772929,-7.967592493560088,2.0
-3.75852240209231,-22.909664104938756,-1.024107590675533,-1.5779444189884604,2.0
-4.145951001393675,-13.542663003438879,4.138368635872071,10.912814359934007,2.0
-5.50511168532582,-11.522176148743569,5.029247056570765,-13.048293102101246,2.0
-4.279732934941409,-36.496031329403976,-1.9899963269318568,-27.948957601682945,2.0
-3.764558421619602,-33.14476171803524,6.048101463587803,-25.852806320370675,2.0
-1.1187494905051514,-22.701224712544118,-5.862487156587278,-6.828797908594471,2.0
-2.775983268517342,-33.71099527363877,-2.6091216053318935,-11.794496074987167,2.0
-4.76887736503954,-12.063746173058611,2.4099209965059507,-5.94711991327183,2.0
-8.017804679737468,-6.824692355791424,-4.086003136099691,-4.273873605335276,2.0
-10.87727708227245,-13.13561124564124,-1.9251370262976648,-6.484215445708278,2.0
-11.149320034996116,-23.102810060709807,-5.73041752460791,0.3657593992090362,2.0
-7.592357657876429,-13.517601745128953,3.4366142619631717,5.187400625552851,2.0
-8.257872768246095,-1.8475198898578125,6.060629474253123,1.3910296967349742,2.0
-8.027177078135143,-10.088027227995047,-0.5765724608295979,-4.487866988307988,2.0
-8.50633636152991,-11.582940427139576,-0.6954477932196186,-8.13295121729515,2.0
-11.782879915534423,-13.08510525503387,-2.2121148383690796,19.576836934046053,2.0
-9.636634941237233,-22.22751070626775,1.1111383513489315,-3.37636531274027,2.0
-8.405478569873653,-12.281481019384042,2.3850036768605922,-22.489574578985348,2.0
-7.271205147738322,-13.115579285081457,-0.13436937125771298,-0.4006756521566146,2.0
-3.2744700635258197,-12.741788376413762,-3.4574342768027577,-30.289407944381175,2.0
-4.597922196421727,-8.410189694431086,2.1770114473822573,-2.1792288121327026,2.0
-5.067303622111023,-11.866983752093013,1.5729899385376729,-0.048049167495030964,2.0
-0.1607951348479415,6.661253554425979,-0.9099980938178365,-11.33590455295848,2.0
-3.970990103456924,2.1483237523580883,-11.215184176169714,-3.3209564878358453,2.0
-3.795651100796928,-1.8701825779686736,-19.447144896734958,-14.672715404476058,2.0
-2.646703860693531,-6.769969918600992,-22.29666126324985,-10.214160715018902,2.0
-5.349850443302076,-26.853315651430826,-16.465211343520316,-16.51182616821621,2.0
-4.619936674212293,-23.581229101011647,-12.331963185494129,-26.209906476586674,2.0
-3.9945960961183022,-19.388709712540198,-12.857164390498383,-11.11773670246671,2.0
-0.5852836480588697,-15.6288447024915,-20.763441136059804,4.350442748387973,2.0
-3.1628524149662347,-15.944776185949175,-20.847667730278662,10.774504966922287,2.0
-5.197520781423978,-19.014283021657867,-22.82145617552588,4.404510523094967,2.0
-5.248624976137741,-9.477555041087392,-17.419258613349392,-5.7585354835353115,2.0
-3.652329701449588,-4.553724003189279,-23.01738247135256,9.762556181868746,2.0
-9.009502715518185,-4.852673991719602,-13.95004283229568,-11.294424197754273,2.0
-5.871039122639003,-10.334602237595828,-19.48543676888771,-24.717378437848424,2.0
-6.383174662468807,-11.239776736062925,-19.88557078381282,-5.5259004288181295,2.0
-4.671581261051557,-7.481105579290961,-14.000380542024276,-10.768640171446124,2.0
-7.745344413267586,0.4897079544051426,-13.052974511354412,-25.83856269506858,2.0
-7.411972085237594,-14.194607597431823,-17.3693629889473,-7.267083993959304,2.0
-1.2356915126930055,-16.777177024773827,-13.890782463195485,4.246583735404236,2.0
0.13619583511760514,-16.109052609807733,-16.15719579158964,2.871100628964176,2.0
-3.159394520249198,-12.9864632617467,-22.989857894476703,4.249270912107814,2.0
-2.360057243733271,-17.852259860635208,-24.468999619040535,13.325390042066726,2.0
-3.377289633363475,-15.125564724110408,-25.4001930927675,-17.890542828694702,2.0
-1.4968302981541166,-24.9804022853914,-23.95373575916538,-26.82440050147187,2.0
-7.967195550663951,-10.492842923455182,-25.056572324113013,-38.36071746526368,2.0
-7.603080979129629,-26.19418404949055,-19.430336236174846,-28.141297944443515,2.0
-4.775796973146918,-39.75878189776762,-22.298596505747177,-22.079395035809362,2.0
-5.387215602286621,-27.298496335988254,-20.178341235733974,-22.98037818735836,2.0
-5.481669266937416,-12.756822095686353,-23.136429067235348,-7.228315991541919,2.0
-4.114295162488499,-21.856591614880344,-22.157570215258268,-30.966404148830815,2.0
-8.296496200976522,-16.587089584765533,-21.051689470971905,-25.953889829398122,2.0
-6.992638576255388,-17.32884160398693,-18.55978415383875,-23.185361092755585,2.0
-8.714389673228608,-18.380092921075892,-16.914747233046615,-18.820112995769264,2.0
-8.67659970228717,-12.631752330705403,-16.898445569225718,-1.2153598848854639,2.0
-7.10531651925361,-19.749034174973417,-14.71187749331618,21.832105176356155,2.0
-3.4627381688207146,-22.756772078680335,-18.517627656050507,13.361493583599284,2.0
-7.186642757599007,-19.009872242462507,-8.722969248975362,19.074408226585422,2.0
-2.8089390422900404,-4.118254311515351,-14.729111657889447,-4.47790170145928,2.0
-2.0584994621062798,-10.746938174424583,-16.497824690294074,-24.61752200953055,2.0
-4.5421098111813905,-22.40066440507079,-11.293326167117247,-7.995984085575144,2.0
-5.8470635280226055,-18.609298563943014,-20.102663933969165,-15.843493426939222,2.0
-4.701606649274289,-27.832322602768095,-22.083173728006233,-8.74721156286543,2.0
-4.852818511828334,-27.005649189038884,-9.184043360152698,8.158588162594413,2.0
-6.105104375566566,-24.443291249688468,-15.845022816235643,5.29447193479435,2.0
-7.263432559920277,-28.46172417209115,-20.611062174074345,-24.65635998313441,2.0
-8.257315262125639,-33.03001656464487,-27.592219928741372,-29.49965306994184,2.0
-8.591521020281537,-11.174126024568132,-27.88159062557741,-17.168964435232652,2.0
-6.163367806523619,-17.703336081617245,-17.706867630586117,4.7859442968436925,2.0
-3.729992961851775,-19.92802239925563,-12.82941173215497,16.48676758538739,2.0
-3.254819648005251,-15.059526200556265,0.19562176767780937,11.390729139522879,2.0
-6.981470444276887,-10.50050150216816,-3.812757729598334,-15.328255498665794,2.0
-3.237819512863685,-13.056560756728539,3.4686544937296606,-21.097740129733353,2.0
-3.9316916723973185,-22.829526117558512,15.100934247276001,-20.992387723077115,2.0
-5.0679524440607056,-10.896598395090972,6.197874513593932,-14.633420563589587,2.0
-2.2931386777481566,-10.852336413090864,5.533225571778847,-16.647194467258196,2.0
-5.333715587510104,-0.9529014155501478,4.644390872970176,3.1889193026512537,2.0
-2.1073378767006363,0.9191895718279568,7.666012708111023,-18.15807783963008,2.0
-2.0210490984874605,-7.068506167846344,9.693431269721609,-16.93466863844119,2.0
-8.631823537178029,-12.152107110345002,9.619420467371986,-12.870644668899512,2.0
-6.199689248038842,-24.47830348312753,2.8032520997717016,-8.134789455648642,2.0
-1.9207516406153404,-19.139486494610125,7.338531682570794,-9.704199275399278,2.0
-7.124789561933724,-8.100803299543452,15.74079169023291,-16.815307017728486,2.0
-9.11326467480118,-24.195159917018962,6.4715231096517964,-5.764804709152316,2.0
-8.26325678528012,-23.34894138211733,2.2953810002681667,-20.778237841192997,2.0
-5.388120615373731,-20.764230544339995,5.589975112286393,-19.928149501351886,2.0
-7.077359562823063,-19.07717369775468,9.858752888576676,-10.97676548279751,2.0
-8.284440701044588,-15.653617887220179,11.582796179378798,-12.238381991794949,2.0
-7.426497079755752,-14.438652797685354,14.172088086903914,-6.910726175021818,2.0
-4.599050283267685,-6.638791575892151,8.181818884625379,-3.611064663666906,2.0
-3.332256240707051,-1.6334524988964247,5.336268767244989,-2.6390140279505214,2.0
-6.274395592787372,-8.437375418574733,9.816932490245229,0.969813620083869,2.0
-3.450073631855008,-10.301686348401507,2.3416738735808242,11.570494248393306,2.0
-4.672175854593659,-21.18852359345597,3.737720047461837,-9.270072937286455,2.0
-1.9097009680391128,-15.496579807399417,4.863090488382115,-3.3707723139973442,2.0
-6.325118470403966,-9.767624108909507,4.345911565885853,27.58418962892015,2.0
-7.368208328210242,-7.295665747727817,4.652286337616681,3.589635802692829,2.0
-3.254247269526685,4.273754139529419,1.2356163162538127,-17.436580026803263,2.0
-1.7574468592204333,-7.237537576035644,12.763344023259346,-5.568504104726056,2.0
-5.06722362370391,-8.037534245242979,11.929323525499004,0.3059271186990098,2.0
-5.517378425405422,2.7664323998463036,17.48272714919648,2.8895648344656895,2.0
-6.504509314805112,-5.619961104298596,14.09509095213678,-0.8516492365089317,2.0
-4.337863669057353,-7.313815985795781,17.636170491830526,10.663734879600959,2.0
-7.264186138692625,-20.162388684048736,5.550952576896694,1.7708150288872408,2.0
-5.532175206392983,-7.476833279609333,11.697909159647699,2.031518542510967,2.0
-6.9752555231952496,-12.08313816889816,9.488588583392273,-14.913353503746652,2.0
-7.462855316342427,-6.355522164053806,3.510616325542305,-2.7048484469867162,2.0
-5.610161444694496,-19.714627499297457,3.3317966646877153,5.11641235829406,2.0
-3.262521390919413,-19.374951630744604,6.761117549732186,-6.990671069834872,2.0
-5.589224981728334,-27.184351336554915,9.759100232079128,-21.070176254525165,2.0
-4.804881419682334,-23.30984625960173,16.306382312874803,5.0124339845016035,2.0
-4.911655614014979,-18.357610188048948,17.86954411745108,-15.737033076055805,2.0
-9.087008126790565,-12.647267978846642,18.467213099281512,-10.59802824567304,2.0
-6.236977596458491,-13.47396172731292,13.892548359248973,-30.306203278331893,2.0
-3.6153965685423923,-2.059467747644079,12.603486934088448,-17.328628539910135,2.0
-3.9704088517931364,-17.601221722775946,6.819235393071949,-27.97421426628707,2.0
-3.730437035247265,-9.488575932808752,7.226432432895404,-13.251024064181522,2.0
-3.881061011847326,-15.083743340780545,5.16030227234374,8.026040874106418,2.0
-2.899757686566306,-20.11236383807615,10.84371011852571,-18.752165018428084,2.0
-2.218689767373288,-28.64320105213721,14.955708864069752,-16.222222356459305,2.0
-4.483604083275036,-31.785309544023285,16.07195947361277,-4.125695564103065,2.0
-5.761762880678921,-25.34499331013859,6.450993955611855,3.7489961847716238,2.0
-4.416129170361264,-20.976413171504163,18.573380649149343,-9.130297934029299,2.0
-2.565775143412968,-20.9509741298995,21.824382283119974,8.630217779430179,2.0
-2.984898726834794,-24.09582577555986,23.433444872048987,-2.997491076597811,2.0
-7.148773132385562,-22.312097702694853,21.98606443983832,-7.77342978189436,2.0
-6.85162789225361,-20.37631257004265,21.1959336086596,-17.894973089064713,2.0
-10.324070428470716,-25.660843555305615,12.677857223865892,8.314161779492652,2.0
-7.022603657455136,-11.58562678209962,11.986705283788472,-1.9874330468558314,2.0
-3.3934656248301236,-16.875779406147817,14.415343020483323,-20.931526748335433,2.0
-4.1454133384331975,-29.617889742056143,18.850279345166168,5.100134116085567,2.0
-9.62598340130949,-2.1741197505645005,17.641625837745625,-12.458020328215952,2.0
-13.6931671693576,-1.9228291452198274,15.00609056321509,-4.524505901278563,2.0
-7.705173528166338,1.331610987728249,13.22051397244627,-12.534520751348389,2.0
-5.87895767332711,-5.719360740918631,12.87883706801705,-31.117083030955257,2.0
-0.5918207879418063,-5.388502033406124,1.7081089295587084,-9.535545016673217,2.0
-1.2860512249006044,-7.210910909042777,7.888375088201965,4.117310163577674,2.0
-4.334450797651787,-4.4879911973257895,5.380533024723135,-16.314267579015997,2.0
-4.752066677473081,0.022177804627995457,10.138449015912743,-10.98910767848454,2.0
-7.098389710243744,-15.465225350411465,19.06987688498043,-6.037546889168508,2.0
-6.316932747285615,-16.588099806919296,17.729162702795367,-6.032479073359889,2.0
-0.6992773885343357,-24.729957035773296,16.62885482945622,7.287627886422756,2.0
-7.283016407977005,-31.12928727945083,17.346132323531382,2.793258593246399,2.0
-6.737116692024333,-25.452806302051584,13.092425799149865,9.492513903926955,2.0
-9.966439838743064,-19.88139700661263,8.236053745420689,18.010493738448325,2.0
-3.9257100718866207,-15.526450023928103,12.174024135050717,14.398164408695813,2.0
-3.470231277546378,-18.939351804939477,9.19366502973536,8.891373303285846,2.0
-3.8940709651189893,-26.467508772443367,17.40847800330264,7.735926865549175,2.0
-1.0399954479279327,-38.21075986831009,12.012974338872516,-0.40501718333524117,2.0
-3.630119226289263,-30.906496168075382,12.750371145065586,1.991758484838976,2.0
-3.294309471871984,-16.19255090998522,14.38648715760803,-1.153839185226079,2.0
-1.1205605873955902,-2.614011052886937,21.236944628168757,6.898308177601008,2.0
-2.9642291077457394,-13.805016816828342,8.497854517445589,-6.152288476655909,2.0
-6.921619166930688,-6.2354975840485025,7.351585629933869,3.161945270222196,2.0
-7.772694708666579,-25.854452693088223,20.096271311273984,13.017460215975204,2.0
-5.6015965507070495,-30.536772544285707,18.691585020797163,22.91286987802481,2.0
-1.7280744395516705,-35.02930686938862,21.068874439821393,-1.665295226721628,2.0
0.7659336475124601,-19.437304333876867,20.075673708461355,-9.474600639933433,2.0
-3.9101854257920947,-9.766299550405979,15.527231414191746,-2.1031138775395117,2.0
-7.627762283830807,-7.713496357799441,7.035945404415797,1.1739826339174284,2.0
-2.8471576941443897,-17.616830015861535,10.430267495004166,-1.6596942672303534,2.0
-0.5566497071642091,-4.133582203551448,15.515716510756441,5.8072446069057335,2.0
-3.6944172547358614,-13.323975922033851,25.741270250575248,-3.2533083994986534,2.0
-2.2516047786669295,-23.467762382885788,21.94403705118537,-1.8303648439227622,2.0
-7.895717412250386,-19.115935107733172,17.287218240406073,-3.6933254900028403,2.0
-7.633419273169962,-12.072300064336005,11.990071077001264,-14.530486505320418,2.0
-1.4631971649312003,-18.4915939046016,9.158833331014492,-26.645088301574475,2.0
-1.618326336923122,-17.94837372774316,16.758940318387527,-27.2171170880438,2.0
-3.827875752065485,-26.09814867504098,13.882953847780286,-4.859702163969436,2.0
-2.0114469335942737,-21.82822729940466,13.075826172377727,-2.305440505297665,2.0
-1.3573929424253244,-11.288973940998417,11.06869204996196,-14.859924728826261,2.0
-2.9482032401261984,-8.867174964755783,12.831826026598694,-15.014443596508503,2.0
-3.1794305473971334,-7.40509232946518,3.767048295369252,-17.95482424728795,2.0
-3.7255791781096073,-15.857289352086646,4.0622887391120965,-15.03016333180011,2.0
-4.014498758035446,-6.580363346290792,-2.2155199106927173,-20.411194462887767,2.0
-4.653145202012834,-1.4323783259977816,-3.662144606634439,-13.184177317165965,2.0
-5.908860761016402,-4.775776683610909,-5.533282177679937,-7.881377933510226,2.0
-8.315244651447914,-11.518685587512113,1.6696353476597343,-21.996957255560368,2.0
-5.357649911638271,-25.236735751322286,5.455248456008062,-34.04093335151879,2.0
-2.17166670305377,-33.69619885920871,7.1346669312652615,-24.570136043522908,2.0
-3.222539459103315,-23.34222942199162,3.837419105617654,-4.415564695113687,2.0
-3.3470264884933796,-28.90360197911596,1.2442786009609246,-8.193621461971759,2.0
-3.8005301613982727,-14.153554958437294,4.69167062081212,-3.877631185103528,2.0
-7.539380716157844,-20.439483060634547,4.71350257103161,-19.49402782646486,2.0
-6.18120177041349,-15.268318909129245,8.153530449533251,-16.130417855715034,2.0
-4.137808514718136,-28.296940371851896,0.3001285643915148,-6.954973663669208,2.0
-2.9985030276457243,-7.197524464262594,0.747825233202688,-5.568260959894204,2.0
-5.595002807094528,-12.995253248099104,3.9841193945009303,-5.075130053720655,2.0
-3.7288825939314307,-13.0241871720219,10.205866742408343,-7.297202932622128,2.0
-2.739424563907013,-12.356467683452342,-4.379052014576027,-3.2544334940699002,2.0
1.1888567305350595,-15.276440327527943,-8.089619708772148,-7.91306718777719,2.0
-1.368005554015338,-10.652567444358617,2.650145266778752,-1.5479276342076265,2.0
-0.0168997715360395,-6.770107666333303,1.8314927053127155,1.3397825370209508,2.0
-0.8492563826184618,-12.12700329102763,4.397408748427889,6.252786080960314,2.0
-6.245077726006391,-10.890507599660937,-0.5936031470595666,0.4817650088612009,2.0
-10.597757382075802,-22.00111504547265,4.4678550677412785,-2.8437789838408025,2.0
-5.727131192055892,-7.164660328844471,-1.6009005702398227,-15.830292836882471,2.0
-5.7948577290641845,-19.517084023703767,3.476900851329617,-3.4862520076147234,2.0
-7.95409821114146,-18.632192779862475,-0.7923919706924512,6.750529182794832,2.0
-6.981034537074055,-19.85827356828068,0.8119806654586263,8.772797460126682,2.0
-4.070826453333501,-22.867429527512627,3.118511027248882,11.082243350491357,2.0
-0.7238456469226988,-14.702767218473959,0.32635928292967353,-8.278004379290007,2.0
-4.3168542478495295,-16.872440142412295,0.469236539989784,-10.326167136429696,2.0
-3.124317313506194,-15.606244480135551,-4.523727757799643,-5.631311296001206,2.0
-3.184971722121862,-26.508642120929302,-5.407331531223643,4.064289162836291,2.0
-5.367737916545454,-18.152879689965506,-0.12744961245059838,1.2394098291678124,2.0
-5.92493070294193,-18.11471819599472,3.574752408254102,4.087919915398019,2.0
-3.740697193554885,-8.23848240135916,10.42658638349177,9.268376627361059,2.0
-4.5797223553593875,-5.212328731533194,1.3957408833258327,-1.397013207910102,2.0
-4.346454984195654,-3.2524831267950027,-1.0610707254080434,-8.670349881225198,2.0
-5.068832239197312,-18.269231721853238,5.226331984168411,-6.853495091752655,2.0
-2.110195598867343,-22.94788992527838,3.3355605817669556,0.14150519037427634,2.0
-3.951972690521152,-11.955392091997796,0.8249630129628712,17.951793005412725,2.0
-5.630503382576156,-28.555447638816705,0.4295916438453471,-5.161381017802105,2.0
-5.6029305587269596,-21.487037958797305,-9.154203934976634,-25.069121333537478,2.0
-6.034678734895257,-15.2539596850212,-9.21848697391715,-21.42864461948107,2.0
-5.0903855997625245,-12.673239251499707,-12.591996391734856,-32.4528446400234,2.0
-5.186758218462211,1.4731052839547072,-15.14772419171243,-22.212587656695057,2.0
-5.8724825434270205,-12.192458625887028,-5.776537302843782,-38.20154239848006,2.0
-1.7991081230271968,-20.192894586887896,-0.437552578668829,-16.424578448897126,2.0
-2.6161545761707936,-24.691738915823503,-3.365840093110209,-2.5789971816257644,2.0
-1.3307786643240256,-13.179745256622743,2.936021220965988,-11.489847891639261,2.0
-1.9391330217922964,-12.738539331997853,-2.7217205536583444,-5.212999543324937,2.0
-1.4418745532512292,-33.982093855559924,3.0589421773846017,3.087442790962063,2.0
-3.0853909915328224,-23.26157983636717,2.8589193460842646,1.7514824556123276,2.0
-9.708475119082518,-16.30386144818374,0.2848113765867104,2.621238730258269,2.0
-6.363862315167222,-14.42581085990562,-8.396959713708855,0.11432643314915936,2.0
-6.270708153945249,-16.28841478774173,-2.317294199460007,0.38553205798881995,2.0
-3.795963722315089,-21.75332406555266,5.863046851147929,-1.7044892778073937,2.0
-7.2632499978855165,-24.564617055835996,-3.552544664626182,4.297563558138526,2.0
-6.172590286049526,-27.46683168798378,6.295805040056817,-8.576359176152867,2.0
-5.113726363947125,-22.750162774335266,4.0280298507986005,0.5050801013358668,2.0
-4.368869325414321,-29.475524216448772,-0.9375613011659936,10.303506288239232,2.0
-6.550809529144373,-21.300938010333166,-5.4699317361947415,2.7354266066448996,2.0
-2.191592876873187,-25.86191777455239,1.3697570601043414,-4.050475267476225,2.0
-1.9503820758932022,-25.10339552602097,6.960970551385152,-3.6092449976808583,2.0
-5.869698809209784,-7.368936054609851,4.658580190037685,6.343288213944816,2.0
-6.793208507854218,-8.822667879234071,2.83656532592067,-19.11043016295089,2.0
-2.9571288050985043,-15.41713278915229,-4.100590891232593,-16.870479685620012,2.0
-6.537184958701682,-7.69628644735692,-2.6238486139646433,-12.454725301928747,2.0
-8.067105821292515,-23.02376623335467,-2.417504422328653,-3.8499330170867982,2.0
-3.4527671607184174,-7.9168263537733505,4.637666737144252,10.359866871540287,2.0
-2.9417573416174,-23.86145884336144,4.488998872475804,23.91864394301852,2.0
-1.8668073583727653,-21.061838427402094,2.514644105865046,2.1554007183299806,2.0
-3.2033061159013543,-23.082809677574687,-4.527349855744131,-16.392213180389906,2.0
-4.662142609519448,-16.512938134184118,-10.951125542262462,-16.315498495149654,2.0
-2.2205762012142234,-22.535399430617797,-9.480359722920111,-19.869528093260715,2.0
-2.447414625540584,-10.837200230421944,7.297705210734419,-6.681477949375528,2.0
0.7940069583522877,-12.832943284094451,-1.5251217740945002,-6.880075525552101,2.0
-1.605970163573533,-13.46449083713622,1.132983286558813,-3.870116953331363,2.0
-6.665938279743868,-18.855208122785648,-0.886019894154414,-4.065104888925354,2.0
-3.730954003881898,-18.183090925456163,2.9587907711092254,-15.12910269493103,2.0
-3.976350721202322,-13.390352401352175,5.637233792634165,-15.634881836091028,2.0
-1.965358538732263,-4.265856026300784,5.392831182426589,-0.34460090689586664,2.0
-0.6014349124745291,-12.506958757563254,2.3062585628467733,-22.552762585609504,2.0
-3.7105077419980064,-18.92899321251814,14.927297241093674,-0.2917443218661635,2.0
-4.768369156025717,-25.127394611373994,8.798138053604308,9.257806447751804,2.0
-5.469416793391562,-29.51748102552162,4.863672204585037,12.873478737739585,2.0
-9.057128800618578,-34.625829782027076,4.545221586373926,-0.16304612237889948,2.0
-8.812522219030285,-14.875013607741796,1.6494969354641262,13.475148369735265,2.0
-6.417132671823002,-11.236105691240857,0.44190152730295346,-1.5306365885197581,2.0
-6.784627687986744,-11.04558760346815,-5.356244652234235,9.154646747992988,2.0
-6.377234249959537,-13.310701448816623,-0.7658923349364724,1.7212904801026019,2.0
-6.992388915313395,-5.1069143059794,-0.1383706447268649,-23.506105406666904,2.0
-6.167249802607302,-22.437763383889436,0.8352592435150337,-20.90618238038008,2.0
-6.119402322456272,-13.5104052679817,0.6988249552390231,-30.313217149472372,2.0
-7.701125079634757,-10.366352333026185,7.535014302972241,-12.173461397987934,2.0
-6.445029513998623,-17.555474885085847,18.04975169653421,-5.861556633675019,2.0
-6.20667151834257,-9.401380638145044,12.562341977192318,-2.3787153505668437,2.0
-6.80620987560742,-2.4312772398214717,12.282435947843783,-12.80812818900872,2.0
-10.209313974311621,-11.499533239643114,1.9958138479988659,2.3144674523143633,2.0
-8.6479539086193,-15.37586224669319,4.739245444593913,-29.03174589860963,2.0
-5.166067508018612,-18.065867626241015,8.906946033598718,-13.866736173004455,2.0
-2.262473486841202,-20.307210193229402,-5.453609577643192,-9.42450094202576,2.0
-6.251468346895025,-12.439310233051689,2.024928016253714,-5.134322775792254,2.0
-4.089015009300098,-19.368041716611486,0.8842470614315228,-13.957662174729109,2.0
-9.713181227441135,-11.932350764637114,-5.275567994488171,-12.154859713614762,2.0
-9.315642037974886,-14.154307395815911,-6.041721193965449,-1.3091000667829622,2.0
-6.109816023873368,-21.063333998981474,-0.6822842110945411,-4.4856456191314305,2.0
-6.028910814197767,-19.237609303628382,2.1989005192029856,-5.7589487808938085,2.0
-2.923169919864298,-16.457828530579818,2.362897851621028,1.6499112567972762,2.0
-1.6473219608697276,-18.44718872255548,-2.4185815677104823,-3.080716936056972,2.0
-1.33568417209091,-19.757779957977938,7.306485830806924,7.335146406944277,2.0
-3.2630593630766462,-7.461546412059763,7.100792550995537,1.9222592590213239,2.0
-3.4723172536624936,-5.947086681109882,5.254747138622665,1.1276859411000633,2.0
-4.156750560430578,-11.06677237611379,3.9504366080222795,24.309512488598994,2.0
-8.855305111344235,-27.550325130178415,1.829192776436411,18.47753664337059,2.0
-4.847387059172823,-23.409102534124187,2.746695126929362,-14.04119506319134,2.0
-4.414278176635856,-27.67087543668059,5.29472660466476,-26.37750238281084,2.0
-1.1897720245858823,-24.01486661219392,7.297868103856319,-12.409584493674654,2.0
-4.431437109249595,-27.662176294877074,13.35722096536979,-26.22192880019653,2.0
-6.814096421439125,-18.919229981169707,8.94943286447465,-22.132759709626004,2.0
-6.275016846901741,-11.898165471971836,12.696009440234953,-6.967013770749936,2.0
-4.25676934028787,-16.822473339987926,10.001711409493065,-5.598250970784855,2.0
-2.216737800068559,-16.49290594621198,-1.5115215497710275,13.976630835079847,2.0
-4.100514892278337,-26.06370549807286,7.594635162241079,-0.7421637449881793,2.0
-3.7836494873043804,-20.733293682000042,13.1164571397759,5.510992298414176,2.0
-3.3345206647029766,-29.351036573941126,9.060200622315744,2.029188594804194,2.0
-2.530689628913228,-11.585141528787739,0.079840568885154,4.028844730796799,2.0
-1.9865900804726353,-11.570445992448953,-1.14116011794526,-15.754176238209357,2.0
-4.038417617990623,-5.467334137120087,-0.8226687943290472,-17.981183055344516,2.0
-8.356036467196857,-12.212081483947955,3.418576720727641,-22.018244356529607,2.0
-5.074309187919977,-11.751601430820049,8.089968994608286,-18.613310417534407,2.0
-0.8396995737114494,-6.872322908592541,3.824835563543848,-7.9349888902135,2.0
-7.533804806467716,-13.69162576421293,8.68361571979333,3.8968742151926463,2.0
-6.016029048919715,-37.01438989888563,12.040959980020531,-15.346601020238957,2.0
-5.336610252473984,-28.568035554619676,18.94610361806083,9.717594388856469,2.0
-4.0675697969572955,-26.07416686889568,12.042913654739253,4.7968268228344195,2.0
-5.849140461685578,-21.806971593425654,7.659674226469654,-6.78407791370261,2.0
-3.121876459016675,-13.379143680851492,2.5877976200756825,13.959415945890305,2.0
-3.103598684783311,-5.898852645396779,5.092704412415985,-3.5696723701756436,2.0
-3.8019528262464957,-8.972920042327317,12.1316018105599,5.522902954472816,2.0
-6.662728876947121,-16.15992278491162,8.082350527972398,-2.8114655092955996,2.0
-4.168068485600162,4.106110532472389,0.3430354035250991,6.811144727951755,2.0
-4.9781105758888025,-12.804125175949117,5.9237809244905995,-2.13430491062849,2.0
-4.687215664856391,-21.124276851302472,7.9928177853892866,-22.038168637151276,2.0
-6.366247389101725,-25.579979524687044,10.257555060276793,-32.58821060198059,2.0
-5.32697105275115,-11.673385876506911,5.00582073436615,-18.257120073148606,2.0
-5.568306991217612,-8.303893082974291,16.570777353703438,-6.384206969271678,2.0
-8.594943671300374,-11.137208460223334,17.893738726034748,-20.818361786370872,2.0
-7.134867951533232,-12.120572656444685,18.21453755453347,-5.0343509118421945,2.0
-5.452820093159515,-10.947096017630946,10.73054926915423,-30.460239774812667,2.0
-6.106313318859235,-15.66497949052078,11.557461915127561,5.351564244532362,2.0
-1.515247669000071,-10.164383682484917,9.2240180319211,7.478142681503701,2.0
-5.52516685765281,-19.94678740216945,15.087066479485966,15.714969503165555,2.0
-1.0105868128838957,-26.295561110816447,1.9386042283871716,-0.5824980222402054,2.0
-6.805448526810416,-10.215169039699465,10.100133025698387,-20.073101546548184,2.0
-10.006947086835964,-12.03995585709725,1.8610150724590486,-16.52074158116261,2.0
-3.3808191627463344,-14.86530159561923,11.678953395478754,-14.029835781165366,2.0
-1.5400089249159683,-22.70294312053845,12.03174674208953,9.035854637946747,2.0
-2.2025835500063127,-12.242993911129018,3.673966314351005,-4.584728308038925,2.0
-2.7020177297764905,-1.7685464095882875,3.8920387721747183,-8.679537879256305,2.0
-1.4409126256712463,-9.710567885419282,3.6255194051550905,16.715348733490046,2.0
0.7950311904169203,-12.34285013124828,9.699367703340258,21.32831591129192,2.0
0.9590020084906064,-19.191911112198667,7.505143682074905,-3.995772286676511,2.0
-0.2064364237385874,-29.32244345323664,-2.0640156645863765,-18.777728049938347,2.0
-1.8972588104253982,-27.785974390147494,-0.7412756302137034,-17.3294328530921,2.0
-3.781961093238483,-19.95176438355698,3.4745196270050727,-9.852347766643245,2.0
-2.9809609842958005,-22.201901125519456,7.593284281774576,7.210989236002699,2.0
-1.5165113298060717,-20.105110553577042,9.281301459525077,-17.427247307210106,2.0
0.9119321905112578,-10.25664019962964,10.020177467861757,-10.444460711635681,2.0
-3.1364114617877803,-15.692807451653186,8.852355464059043,-2.977994529240053,2.0
-1.7513894145462925,-16.459492414140474,2.2032465880741934,1.6544551418351747,2.0
-3.537356708019456,-16.036543404582748,4.335304946559674,7.838815720099703,2.0
-3.644641915298246,-13.135202169185877,8.70530727728889,-14.623672053618517,2.0
-4.585114576320401,-12.592223714152798,8.19139339268327,-15.422687843011193,2.0
-5.377356284473166,-22.68809600686198,5.672929084035777,4.726657136775692,2.0
-8.176590975833111,-23.62978487149951,1.9096404726228307,-9.330720295439704,2.0
-7.721570484058272,-28.88219977155864,4.544755568875663,-24.77517807497742,2.0
-8.44046906265448,-14.859600832219204,9.754698186845456,-1.8294305242131985,2.0
-5.191080719833441,-22.39743916937683,2.8662211611726387,5.654059855756854,2.0
-3.2673320727463677,-25.330646621025693,3.671162129329927,1.3989262640529059,2.0
-7.122828155323354,-9.56153390885138,3.1292502964596496,-10.917490692992944,2.0
-5.067049153852333,-10.364641983532044,-0.14206420168053358,3.0254221456206256,2.0
-4.17180080214504,-5.995585566909514,5.776506803100099,-10.736975327760259,2.0
-4.170113557638827,-10.117055651849402,4.437598906200666,-6.648738532900065,2.0
-2.1634647341785294,0.18213464876881957,5.024723316168708,-28.63005278732588,2.0
-1.8460119595651268,-13.323464363613937,1.3281905899451325,0.08806908818774772,2.0
-3.292579078445203,-12.766806899410941,-3.685133653723911,-4.717254589882823,2.0
-3.449930528061169,-9.235013293489288,-5.061881819726468,-12.737677579187535,2.0
-1.490305329841351,-27.74050199144258,-16.964419945154976,-8.331234408904994,2.0
-5.807385631371524,-13.520275568570574,-29.94115534838414,2.3361696467535893,2.0
-5.872485489901103,-13.69594683296378,-24.083299226967142,-17.820206505168702,2.0
-7.796966257807245,0.9541384842691194,-16.55811551111725,-19.139207081419507,2.0
-6.300761336656019,-7.632767881061989,-14.099713468962364,-10.531464509524664,2.0
-4.262030498647124,-0.4992263549625502,-15.226215660164765,-19.6163795691322,2.0
-3.6744060187940235,-28.55571305438496,-16.3018349153219,-22.397638301213533,2.0
-5.283229750781111,-17.914729274812323,-8.84610843441984,-10.168646100209031,2.0
-8.974383083999374,-42.33151470518604,-12.457119391221866,1.4299501187212842,2.0
-11.69249928811315,-41.118172613794485,-8.090330028187434,-5.518782363486331,2.0
-7.861538122038117,-32.644131896639614,-11.162544864372041,-19.52709750484748,2.0
-4.16444258186647,-28.038349870885813,-9.088158270510704,-23.65508642715018,2.0
-3.9551761467673483,-24.127394519004515,-14.831033564589529,-11.831230837866848,2.0
-6.13065226218119,-14.391326125647566,-11.896353999293375,-10.669026107205271,2.0
-4.791592572161992,-2.2075527252276768,-8.863861491537875,-7.518193463622204,2.0
-7.123370573561667,-16.57468314901717,-4.928144784020581,-0.8862339063423064,2.0
-8.829708417698793,-10.885541461020514,-11.277940072277389,7.853006023395345,2.0
-11.062170796873314,-10.019065370453047,-12.033362283685564,-21.80677148389935,2.0
-8.215335505458281,-1.9145107026687054,-10.464952518543559,-10.537310753868098,2.0
-8.821828218234101,-10.840663751560953,-19.21353949546094,-5.1613254083682065,2.0
-8.058141057522072,0.6994853764723707,-20.681716209269332,-7.879615502689122,2.0
-2.7892831677939904,-14.017248302631701,-15.294391773135258,14.691242071711454,2.0
-2.984124558862433,-16.83656994784767,-17.28730207279286,10.519082242095699,2.0
-4.154206381818428,-26.593327383484215,-17.771480471856442,1.5826973283805197,2.0
-3.9166200158713624,-12.145133080134839,-19.70577593107069,-1.5702090173597014,2.0
-2.9647316422834225,-14.291748305493785,-13.579709604513585,-5.333821759520826,2.0
-3.694513782712841,-18.403270415490343,-12.275063827808985,4.119070855005147,2.0
-4.163501003207263,-25.214590052105603,-16.261758680448658,-10.587631134356705,2.0
-9.92836769852325,-31.79868322770256,-18.017564481193137,-27.46491313416959,2.0
-11.540372165494054,-18.902497859786287,-20.473902553538775,-20.384054177971787,2.0
-9.638397390124751,-15.970767438685845,-18.322860360121478,-19.873610134560778,2.0
-2.4327018047928375,0.8231251568870928,-16.00948244333506,-15.300284839369706,2.0
-5.814474088925663,-15.26196480661558,-20.525107306747994,-12.694133420922912,2.0
-6.343901366474342,-15.28854082990826,-24.900493040873087,1.2212810951293278,2.0
-4.3307212472721055,-23.143556915563337,-23.313052243878694,9.817391039132335,2.0
-9.350287968406915,-16.468143292234526,-29.20032131344961,-8.439001329020641,2.0
-2.6364739417132057,-12.120507262309307,-22.900330375125336,1.4099899791092803,2.0
-5.521840068824378,-11.650299937033559,-18.161671885549083,-11.350118236021782,2.0
-8.235447071058335,-25.746742188023585,-13.991753539280397,16.90592710119321,2.0
-8.494460683369843,-8.45705509993627,-14.146545775400005,-7.384045467849506,2.0
-6.990150548478754,-9.879321591722634,-11.86280833484458,-14.800238562484868,2.0
-6.101837162702868,-6.907423863832202,-18.320660121610814,-5.3226699441251,2.0
-8.243969056169757,-9.063513362442022,-22.39947866926298,8.053179710035211,2.0
-6.365737104230663,-15.863142277904261,-22.08499881270748,12.030019864023936,2.0
-4.67669603501601,-22.588645000414527,-7.8833446047986575,-1.127444274176253,2.0
-3.595967654820691,-36.81470007013908,-6.380924277083487,2.258562883084789,2.0
-3.751609952809229,-28.741501479777426,-11.023104963190018,6.547651992554467,2.0
-6.333485052779864,-34.29332891062406,-17.315681858070167,1.855789860517492,2.0
-2.064339778411857,-23.140145193557878,-24.480013853966977,-5.666485164397573,2.0
-5.198720131271817,-23.223097508568483,-19.834326157817266,-5.01205995395895,2.0
-0.37769624678980573,-29.656602199494948,-14.738273078299013,-15.177630612046995,2.0
-2.582497429588018,-25.797866651741682,-10.202257027727285,-9.707857032359293,2.0
-5.9770461705976885,-25.399457682095544,-17.834637808911587,-6.732503987672073,2.0
-6.6268375871320595,-13.127389766913772,-9.247976861399163,-23.265732995123415,2.0
-3.1363724488496922,-14.195614104931959,-10.907672631847376,-14.891929333305137,2.0
-3.797504995199054,-15.492253864693305,-17.067603331041354,-15.70508492538089,2.0
-7.820133665072317,4.84141815644994,-16.643748578299196,-15.077674252519108,2.0
-6.158332125534443,-6.320910385398797,-16.331128318398264,-6.8888168809378225,2.0
-8.543556501879085,-5.494283334869564,-15.465762312056869,-0.0038160534611617614,2.0
-10.062426901273879,-3.377441862649892,-13.40430695574521,1.0155434912898755,2.0
-7.675106252821669,-10.949830245139358,-15.770498200705354,5.857744555762974,2.0
-6.29300441527425,-14.884850793999066,-19.511477681868165,-1.9092814677844547,2.0
-2.6333110872975762,-19.68074977440247,-16.780477903784057,6.875313378275541,2.0
-4.616757457009634,-24.111183364896682,-12.777859833653475,-11.779195277511826,2.0
-6.112185703904978,-21.284249911676238,-17.373259424955247,-20.191108554332963,2.0
-5.78562556247247,-26.239194365520458,-18.831692698061772,-14.49105059152583,2.0
-5.0350136484184755,-32.23417037434776,-17.732749419069442,-12.592117542149737,2.0
-5.7913772767720335,-13.93765545760791,-13.562997266490218,4.293953766757893,2.0
-4.936139423951494,-14.655739122957405,-17.00176711890003,9.581470045073274,2.0
-2.227220367837233,-21.832638882235624,-18.16863439781689,9.967215179742512,2.0
-4.891964086998519,-29.962657162601147,-11.932770801317023,-6.719620368851423,2.0
-6.222467966828486,-20.082123938012227,-21.02225659082128,3.8004300745884763,2.0
-2.9279217580861934,-24.761071546051177,-22.56897913728514,-9.880855549989441,2.0
-3.5359623179679587,-16.687266621079292,-27.0118314990957,-11.323112335963694,2.0
-4.443951604247761,-13.961910033416723,-22.159179441220456,-18.09721666673446,2.0
-7.157124568939825,-5.588672304155989,-11.07794451590056,3.835380621626639,2.0
-7.26613540305042,-4.25607744341726,-8.341626330220727,-1.6577718553829852,2.0
-5.074880711340861,-13.670688938516207,-6.6230838209834015,-11.04597098084073,2.0
-5.631259108674792,-23.750447997905663,-10.574210125743242,-4.211029549595679,2.0
-9.03229963129387,-26.272143572708874,-13.82204265486111,-24.49705931511949,2.0
-5.376282195002556,-22.718803076823917,-15.657139096499728,-9.873337597895233,2.0
-3.2811803704600293,-22.801292747021023,-15.268658334063469,-13.073660053695711,2.0
-3.503806121730848,-17.247647476960438,-19.93055441772975,-8.882609020792689,2.0
-5.659849748793873,-15.360350719286014,-21.591536113693035,-7.447718446345684,2.0
-8.390488168203126,-15.259567113863696,-17.885315031481753,-8.276442014871911,2.0
-3.7261711360743712,-11.90439820952335,-19.592348623890942,6.582376379023618,2.0
-6.667782262123605,-19.739957794486138,-16.135652781036505,14.91176798010061,2.0
-5.900621164741976,-28.840069875515198,-18.29769895184547,3.09163242017957,2.0
-3.699504045392219,-34.42137570820334,-25.928343484249382,-5.765910585261387,2.0
-2.4820181010568025,-28.612979702831087,-22.959592510562487,9.935781463490583,2.0
-1.8364750223122783,-25.02590770425156,-21.487937783653912,0.8036464458474093,2.0
-3.090480546367041,-10.027162485417115,-19.269505247371736,7.417943174109167,2.0
-1.0529559755697502,-14.767999415740594,-24.581608880997237,15.03758126845498,2.0
-3.1485113937807983,-20.80451804628861,-20.148719416698906,-1.0453106588565024,2.0
-3.147735852490564,-32.59581788395877,-17.339827262311918,-1.3982988034225095,2.0
-3.1191116770710066,-21.92836606037987,-3.7218020878647953,-6.488969305715191,2.0
-4.674316916214678,-25.96568127770805,1.8145921255489328,4.161520177821892,2.0
-4.220303411292715,-23.885427345366807,-6.57243953151186,8.118723282803638,2.0
-4.762755714885723,-15.827911070222289,0.2564871458292717,8.189015687551557,2.0
-7.050270877158898,-27.776397384822197,3.382454474106493,2.4085297107528785,2.0
-7.631356858986829,-14.091497303810577,10.057307048774216,-16.981934547861307,2.0
-3.3043166041744194,-6.787619247859931,2.6859744730824753,-9.080303125878054,2.0
-4.889395317118479,-13.279185168305714,7.216663079298371,-10.444441817845386,2.0
-4.668573626903776,-7.78070979576134,-0.3751195823406981,-12.720232083496676,2.0
-4.81881176317825,-3.575887105713667,-4.271866671549841,1.9284535481158471,2.0
-3.9362814284632477,1.9081277493670008,-8.637113361476919,-9.34605143680682,2.0
-5.14504154924818,-1.473926359903956,-3.7081515956703712,-24.054191808926767,2.0
-6.491170129179577,-22.529559550272207,-4.983323307097875,-1.2278254352139948,2.0
-5.427819302256224,-8.142680900851818,-8.049525812608774,-8.60789889580758,2.0
-5.621856036135856,0.8134328257078387,-6.433494875052047,-14.532734078933174,2.0
-4.783593236543837,-3.6704830712669256,-12.97893034573877,-8.334180011030199,2.0
-1.5181252994293972,-3.2905959709044694,-8.127120597738944,-6.80971292932303,2.0
-3.0845888662337466,-3.6404797204633947,-1.344124890205499,-22.860151594256692,2.0
-4.507040713473326,-21.18283460178046,2.4145463251445936,-13.122769561265743,2.0
-3.795809680254727,-13.596068582468243,7.161961634582781,-9.223343836732196,2.0
-1.0639998261374215,-17.054082922114176,1.4760855788088851,-14.169750849507793,2.0
-1.932817961746303,-17.791749723102946,-5.457196341595866,-26.04449867462681,2.0
-3.8063375176928074,-9.510306057893143,-6.594680274234488,-18.432986580509784,2.0
-6.446065436093675,-8.85125895317346,-5.643617356530802,-11.804014025278713,2.0
-7.431488222307773,-7.878735619592778,1.3850947343311373,0.11370133836109986,2.0
-6.02399445482966,-3.419144354250707,1.1937288933996693,-12.984557662610811,2.0
-4.5985162705992035,0.40803534723869284,3.2105658507506893,-15.45155404210418,2.0
-3.43971393781285,-9.660565278179462,-3.175038682103542,-3.1846513764316775,2.0
-7.068173080941548,-17.3617017602665,-4.0683852588358995,5.8284633895320805,2.0
-2.9941733761954303,-13.233839414150838,-2.577431203180547,-25.19693090636971,2.0
-0.3673382706613295,-24.682129089225906,-8.443096009905299,-7.7774451386269385,2.0
-4.4086613661375615,-16.797283696334482,0.8451254729144688,15.568522765510007,2.0
-2.2646119238713416,-18.868300031580155,0.6715104618155685,6.633259895443883,2.0
-6.847767898019431,-18.513906465250194,0.425748851063823,7.758178077785294,2.0
-7.2658595456894695,-7.077492330745361,-6.492162987047,3.884009776885651,2.0
-7.366215272938482,-14.77426855402174,-3.978190164717496,-1.0947172098480977,2.0
-9.827046204192978,-14.80320701332273,3.2468842189456355,-0.2262837676112932,2.0
-8.146953087172452,-0.3475438091690961,-1.108969342168198,-7.234621251141577,2.0
-8.678474183590598,-9.38149579185953,-1.9305377777730799,-10.243709958484983,2.0
-7.475130985653644,-19.718026498367216,-10.303240993354503,-6.168899381577574,2.0
-9.151068021591135,-30.104599147312953,-3.6232587659126634,12.79486884655159,2.0
-7.342761124892,-26.21206041692973,-4.146880202449071,3.469475396827354,2.0
-4.366946859564409,-15.872950367488768,3.182984567232949,-3.472559374433784,2.0
-5.920314051345595,-8.29123040128888,5.514928556485894,-25.108878749137936,2.0
-6.851843147109269,-0.4532220300674039,0.15160707343958357,-1.081186364275002,2.0
-7.524293844062204,-6.168830908700382,-1.7712069795487881,-1.761122470831764,2.0
-5.931579342142694,-28.279952868137176,1.3033159041803568,-7.684250197541115,2.0
-3.8462286322925374,-28.60985190753263,2.7583975684898805,5.000366956613396,2.0
-4.063309336643588,-23.415649841613266,3.463656837604474,0.6538513305020008,2.0
-2.021423184379716,-25.324261162417233,14.891918427369331,-12.953118672911538,2.0
-2.8606586226208677,-13.349184250114806,8.977853809127947,0.705857992452831,2.0
-5.87033233700674,-19.719670351427922,1.6865614521355918,-1.1726962975345074,2.0
-4.6406084370946745,-21.34833244212716,2.19336631205596,-1.0936391016717835,2.0
-4.367071199427439,-22.87536614657831,1.0458347943854651,26.802858434916317,2.0
-7.146274431002794,-17.233523528532693,9.978110994351223,10.140887476515076,2.0
-5.340441076766307,-12.852979612359324,3.934358984634585,-8.969999755583446,2.0
-4.056799227565203,-15.065534845195009,11.79706710635422,0.78085245791002,2.0
1.2810900960974245,-16.919522248713825,2.7259806369055983,1.409252212149765,2.0
-2.724019673867126,-6.313729122775722,9.479989571661669,-1.2273966043894884,2.0
-6.68219552543914,-10.190940474841613,3.460063284217314,20.754907593100803,2.0
-7.231323061637513,-10.666994054498435,15.491043955438066,5.7164945280915385,2.0
-8.661295087907213,-16.516394411667843,15.998905302899583,-3.9712089664464605,2.0
-8.018936082494182,-8.626302153406087,6.611432272235262,9.374804102753357,2.0
-3.735591961881254,0.05974103418628829,0.9627305343821888,-3.0585679451249055,2.0
-5.66058481044867,1.4900691492526228,1.510894886587141,-1.0541702897190852,2.0
-4.536067549181892,-7.57553624575614,-4.127683462173277,-1.5524008110655028,2.0
-6.925330279049626,-0.4994344167038012,5.328591282888264,-11.875658353845367,2.0
-6.407660572594846,-6.025928196512062,9.303766697325596,2.5215552014708766,2.0
-7.210505047611276,-16.396345502318106,18.589046902954742,-11.936506710551104,2.0
-6.232830282433408,-23.471253090246215,8.679641288424927,6.266595802635681,2.0
-7.076837646522034,-18.912264000692748,6.6244610638083135,-13.03236164825612,2.0
-2.5083997487269816,-22.955799236078768,0.7312301768904614,-27.03155746138377,2.0
-2.7622611571434663,-18.317717195795762,7.315203435170481,-0.8597575222233882,2.0
-4.80140658476455,-9.454382993624511,3.646996449921227,12.133697473954186,2.0
-2.367084067916921,-16.882462401609892,5.797864228777776,13.610634061843134,2.0
-4.499113621073073,-19.68963536498475,6.109239452211339,-22.772941353362487,2.0
-4.455610355357624,-18.78400183764649,5.20452874940867,-21.459166171755133,2.0
-3.3201213618183307,-7.600487260421501,6.0517303126388935,-13.796563957126352,2.0
-0.44661378014213327,-4.999737047212751,4.030797938687857,-13.609075070243303,2.0
-3.295150650867238,-25.30684234177323,3.921656190944473,-14.523024991154738,2.0
-6.209079738430658,-21.615013838040035,2.7624832281500664,-2.987592734184353,2.0
-8.971128493576703,-15.204078641691495,2.402714747303275,9.300835485272758,2.0
-4.53534011300329,-17.889356619084325,5.305404284542313,3.0379903782973674,2.0
-6.240838105989802,-39.529773109637645,5.004530080600308,1.2742002706810425,2.0
-6.525069878191371,-25.732653586483245,-6.559457372884248,-7.594322238511895,2.0
-3.8803986613694845,-2.233829317212386,6.9164259682839715,-13.40085081175965,2.0
-2.2940201577873287,-15.436353004209208,9.196377980330348,-14.598908156298577,2.0
-1.488017306287822,-15.377676862065773,20.53056718342907,1.8855193313610084,2.0
-4.05827031016425,-22.220604816765608,19.722042032797702,-4.8249632686876165,2.0
-0.4342161834042315,-16.40779326698829,17.71794385617266,-11.983262515851283,2.0
-0.02189015409444428,-16.07955002760064,17.938182753468418,-10.666115021732827,2.0
0.41776101550062883,-9.396884379630423,12.161145368162208,-18.050518961495577,2.0
1.764126212719177,-9.100007391047134,3.774515339285921,-26.64921641162939,2.0
-3.1487167826817144,-12.959161600736124,10.604626383739554,-21.570615482934734,2.0
-4.456198443466372,0.5398675047132624,14.740287964790054,-5.0733541954213415,2.0
-6.590578090930313,-12.116678768780435,14.95159152761008,-4.85978262863706,2.0
-4.308708363502278,-20.869051078509486,15.550945113833553,13.130874720717735,2.0
-2.0609110038752667,-17.030268013829676,6.41302487819979,11.141203520478753,2.0
-3.4530526061181983,-3.46903444007593,7.225306025423327,11.253719640465558,2.0
-5.519018321171382,-9.899367028641617,4.2821482247451,-0.2012845863217776,2.0
-2.9471769867892306,-10.446340356098007,2.652790803571968,-2.1654490445891676,2.0
-1.996570429490042,-13.020548333129526,3.1862620119642413,-0.9280481935713709,2.0
-4.510364776583778,-22.83349082791275,6.017827504184413,0.5399860995842554,2.0
-5.372902337968929,-19.790968149481714,3.718441220671101,18.826456886701802,2.0
-8.007630924596437,-13.6742833662212,6.129563667439136,21.408829236560067,2.0
-10.29833868508768,-16.895048304778104,9.624273313045773,15.099971350299263,2.0
-6.57449498698174,-22.606779468881285,7.918459385914913,2.251268758222748,2.0
-4.17044278037828,-18.3111324571187,14.892830269499935,0.03335620879960288,2.0
-3.8000768237289613,-35.61331685168193,10.158473030992685,-8.49971329750786,2.0
-6.209644535685075,-12.594968252135015,6.398772434779527,-4.360882374258207,2.0
-4.952103527072399,-18.463995194997516,6.916468436548864,-18.596202595454045,2.0
-4.548543547474294,-13.478271908821439,-2.4501246388489895,-33.23547880345994,2.0
-5.201207130650708,-19.87442069214775,-0.933183957759046,-35.43890347701431,2.0
-4.650119798099,-8.308005730627212,1.6486629246476943,-20.03656926028936,2.0
-4.01012221839769,-16.30586084107348,4.280835900676295,-9.853176673598256,2.0
-4.979310212125045,-32.389860195137004,12.823719432253592,-13.254005845465416,2.0
-0.04354469216311685,-0.11916901729125051,2.4330088352439176,-5.578708450618801,2.0
-6.0213546221613035,-1.0653868133797175,3.1279600813682364,-13.292696583420941,2.0
-6.251464112168231,-6.064075926229705,6.296919785122011,-10.046115448313401,2.0
-1.7646752047526326,-7.994579082053888,5.7688356685614535,-3.492282680239555,2.0
-3.8305857405311476,-8.819775110818933,6.809394089884757,-11.208347009373366,2.0
-8.448387588800962,-25.035354225266605,-2.717838459193379,7.015619479197454,2.0
-5.249362804281611,-29.881721967186145,-0.18624900675289435,-14.198230561101221,2.0
-4.164772332653233,-16.707862683869024,1.5595794822617735,1.9407116529244863,2.0
-8.394808429875289,-25.535467040918032,4.1786005042163294,2.2272862095243293,2.0
-9.642261958209145,-32.01260579070986,0.6942956062993595,-13.994087897736865,2.0
-6.17581138748968,-23.552868549577354,5.995001421970822,-5.902005264696288,2.0
-1.2985602481770167,-11.402551384862901,11.558835491889518,-9.966616027038611,2.0
-5.88706433860405,-34.344088511482454,4.242030869832535,-21.482843277268888,2.0
-4.394636655201309,-12.43593965097019,2.1867118710951434,-18.998602670993243,2.0
-3.2384204561422054,1.0751259137199725,-0.4359919240870074,-22.997788930462164,2.0
-4.804831801917725,2.201577283140253,5.179276583910278,-24.405315425199067,2.0
-2.3161110634742315,-3.9601314166990456,13.028090249736703,-25.585477217502778,2.0
-4.698638971868602,-9.323510675825709,7.915321313932517,-14.96488771841804,2.0
-1.6958702291702679,-11.780060185061464,1.5323939506952877,-17.403017105938645,2.0
-3.046827489192239,-16.631209185408252,6.475634405468249,-12.228354209267872,2.0
-4.168091696382452,-15.910668100632176,-5.499936412105574,-30.37659200183149,2.0
-4.328124466515643,-33.255297624104045,4.529772918560711,0.7118550283956164,2.0
-9.463482066699676,-28.210659934028442,3.5681672723509212,-1.834737649054353,2.0
-5.261887191115335,-37.93521222480111,2.808313414218513,-0.3630148479841635,2.0
-3.439893479829725,-15.04831139798998,4.364819588429585,-12.79547163302713,2.0
-7.945903950210553,-9.173448298376131,6.848596127595492,-0.1534161053381795,2.0
-7.5696940627768585,-12.565299868432959,0.4609384090362276,-10.849408156096443,2.0
-6.4218698581723235,-14.574074314708671,6.460596446638391,-13.978614159016526,2.0
-3.548938167400366,-7.595602019511029,12.344138914801881,-25.00871527546235,2.0
-6.799893279129495,-17.454654531139255,7.184049190396216,-23.80960764800309,2.0
-5.86178743832551,-28.8106961899059,6.486742823616236,-22.621557047272177,2.0
-7.185733392975985,-27.525133229198815,14.112883379173509,-17.83956535790655,2.0
-8.157813952219806,-7.759529064756994,9.593988552765518,-27.024758964133518,2.0
-7.217276312984588,-13.70679235689776,14.57799485761405,-17.504227210630333,2.0
-4.417757495198837,-21.25342037018475,11.887108123076263,-20.561733317170074,2.0
-5.873267807662129,-22.83109152174462,10.61532115330772,-19.197260306605543,2.0
-8.665756948730404,-18.388157450596722,12.08349502433474,-23.255767866840955,2.0
-8.709813456988478,-18.35743121760119,4.072862847007252,-15.7444330850672,2.0
-6.861847646395765,-18.572158482676027,10.365326583334522,-15.859631800292082,2.0
-3.36909331913557,-28.212702468143938,7.6152731426679185,4.576407419565699,2.0
-5.793103790352316,-15.894671362574256,12.170426559968558,-8.444023129321135,2.0
-7.81705488324948,-29.57453701091678,6.446222453141185,0.05736990547938392,2.0
-5.624312733537058,-28.921062661017267,8.327373192488729,-4.731745053819471,2.0
-5.78981803205699,-34.077971298839984,6.289676363201295,5.779097417092497,2.0
-6.104098595458136,-27.31723053289333,4.754816924605851,-16.43409597884238,2.0
-6.680290406086485,-39.385649321820075,11.981114298452399,-1.3028964644919796,2.0
-3.1202286430322808,-39.381892786450265,6.3983389331836,-19.15111061685702,2.0
-4.109253000872399,-27.203221455386664,6.665456213917852,-17.451170705705156,2.0
-2.700036782424381,-19.902658243215665,9.486109246795927,-13.796159854978558,2.0
-3.2283225081619795,-27.71968616978753,9.555760021348533,-13.216406150980117,2.0
-7.291285210835815,-16.700157462286395,2.4820649126464573,-14.881739355488753,2.0
-4.312021019710267,-22.192950554885964,7.481197225889353,-28.3352906397878,2.0
-3.9848502743421017,-19.591314577385788,2.313642968496797,-35.88198375810204,2.0
-6.878251038407115,-17.829620331079315,4.20540923799196,-12.666062296747835,2.0
-8.89627320180005,6.271478352215109,12.767882274333697,-6.983168550589491,2.0
-7.1836450506736425,12.134590483437382,10.904763331454326,-11.21720247866116,2.0
-4.300281455317104,-2.306294813275473,10.321354891162223,-24.763205033532866,2.0
-6.17815696407048,-10.837752213026382,9.691860440445659,-12.638641561575772,2.0
-1.719770361623983,-5.2866623059413556,10.635626202391588,-5.03816075291851,2.0
-4.587989077594088,-14.5193680201096,3.689726575024997,-1.3768794882193074,2.0
-3.921655864543724,-18.907053020486785,7.884584737825637,0.9801716503132807,2.0
-0.1532227259955965,-20.087373697233893,22.742206093416023,-0.3994801230703512,2.0
-6.411937459330103,-26.095031498254016,21.76422946583677,6.037577103038139,2.0
-3.9178336501812554,-17.066709000978673,21.63679538781521,5.814095131486112,2.0
-4.342917489401631,-38.484465550554475,18.16465096445852,8.455641656049215,2.0
-1.9483997778063742,-34.93446593170772,10.308268547396285,-11.92226707628095,2.0
-2.658515865284746,-17.691966387473634,17.149388303126234,-11.278993701378564,2.0
-6.376692094915082,-22.124857130138523,10.823988222875728,-3.4503935479454406,2.0
-5.563396015721538,-25.916631177833295,16.78549628579438,0.7295250496027883,2.0
-6.5677847742594935,-9.363822513261768,10.814981883579154,-11.62173016402744,2.0
-2.9014021700686357,-17.42112569422722,14.947339402025639,-12.126521175894915,2.0
-3.246395192848372,-14.08083229658627,10.118863898172048,2.9781142613621103,2.0
-0.40415601371967647,-9.326187410569853,20.295778663910934,5.240465694068945,2.0
-1.5770295818954185,-7.549935012186391,13.302100800660476,-0.9106195981253133,2.0
-5.268656393313163,5.894503555163611,14.726080482142095,-17.9445367493651,2.0
-7.23002935537539,-4.8698452962688705,-1.140347905414448,-12.886128859602849,2.0
-5.787030711844483,-0.9971688710835114,-3.6299475714744687,-0.5300334397195288,2.0
-4.667550239258574,1.5494002724732905,-6.217956155344076,-22.915822490205727,2.0
-3.627458910139454,-1.0299886816897743,0.16826223050775635,-11.180055383573487,2.0
-2.4995272089672786,2.609592793981612,-5.832705616025877,-1.5313087206106282,2.0
-1.420434203447578,-25.274890170860434,-8.582470271445999,-3.036979915564365,2.0
-3.756712615070903,-24.877168387790864,-9.980579150567593,-27.959649536455366,2.0
-3.433869201844063,-13.651116933300784,-4.3503376060164705,-23.07146474516339,2.0
-3.5933320950186567,-7.373540989596805,-0.538988031514205,-1.5728587511088898,2.0
1.6088505531221289,-14.44806588338896,0.9994895109980069,-11.54695264094952,2.0
-0.5092518744931447,-4.087095214302586,-7.542957110078035,-3.4876237655908886,2.0
-3.1291820301283146,-3.9525568809150746,-2.086981439124243,-8.31760296624849,2.0
-1.3263630276405056,-18.12826703027036,-14.453311940495997,-3.7561001211152583,2.0
-5.782818872878613,-23.686286859715306,-8.281062088315851,-6.133285351075438,2.0
-6.733135898000789,-34.72957382248451,-4.2351378041320835,-8.92689876708463,2.0
-7.819385316591347,-28.55522879483763,-6.854048538636601,-2.7043883709186076,2.0
-9.601502516640119,-23.61048055006776,-1.9912922787553136,-2.4165640943178452,2.0
-8.482674471183113,-29.504297661329684,-2.4002291271498786,-2.7735989298538986,2.0
-6.776035066950051,-31.709530956390225,-3.9932368133544927,-6.229680810639082,2.0
-4.0259678501679295,-37.201478433737805,-4.578573742825068,-4.916763688714301,2.0
-6.250838263428783,-13.059604047541228,-10.059287119742033,10.137174597349397,2.0
-4.757879367519703,-16.879133867622528,-13.032222843658571,-11.909080678616982,2.0
-6.404709547765632,-12.233489145928454,-8.590160405811307,-3.6402800669694075,2.0
-5.913573878762389,-3.356957714174597,-6.600858918077032,3.1627889029428706,2.0
-5.2999670504417296,-1.9293641802013752,2.4135206947383434,-2.4272089198379483,2.0
-5.065280927170254,-18.965113453004353,-2.805594632193557,-6.5266365081436035,2.0
-3.433316589454072,-14.665926493062582,0.1285640265359702,-4.823069397012304,2.0
-3.146749972516517,-16.87794854235637,2.915264379221409,-41.27275084642234,2.0
-3.8388050611081876,1.7988594152392352,-6.357671034149233,-38.791300565064944,2.0
-2.8757347811056473,-9.043037553471313,-13.03292995530604,-29.032799470392277,2.0
-3.214928187303342,-23.674001958863812,-6.228130084411783,-17.67368130332696,2.0
-5.064899433277246,-16.119564025993466,-3.3287166563257706,-16.61165445209287,2.0
-1.7723552011789074,-3.026372619837252,2.1782133917928053,-3.6003927732567993,2.0
-0.46685846954695576,-10.92490350085925,-0.7077779741703354,-0.05952740337464846,2.0
-5.371104787219274,-5.389682945345468,0.9554965375878837,2.6621905416721017,2.0
-1.5034615294673266,-3.4992207548767595,-4.943558854237094,-31.473719390538356,2.0
-5.248716133025309,-18.5396978215741,-7.42092408609034,-26.95200604140209,2.0
-9.775673205880164,-13.6869464588712,-14.1388151351637,-33.521730344255616,2.0
-6.9990531201579,-14.470944007004027,-14.054732981970206,-14.597156898675266,2.0
-3.633152561935402,-19.473216787673874,-11.172438659264909,-20.040882312114398,2.0
-5.4421376950115095,-22.84028117972711,-18.1038563031389,-11.403656939559044,2.0
-1.6077932050488544,-20.39905727886469,-13.058637322739514,-11.89766472310858,2.0
-3.388763981931749,-27.077344172205464,-1.766104170595276,-13.679919085116884,2.0
-2.5761383258426647,-17.336950981551364,-11.41117860989857,-0.6932820576223673,2.0
-6.867156474884802,-28.549068497152966,-11.158160478273789,3.4463107411457123,2.0
-3.5194174608485107,-36.85368278727469,-15.004594074984887,1.3543643029461432,2.0
-1.7059781624138108,-28.9004367931625,-8.041584839632682,-40.07868051683981,2.0
-4.8799486841938,-18.809593862526164,-13.12045315343512,-19.16765734521215,2.0
-4.36799732286409,-18.66935594162013,-14.665415914786504,-11.307297139853638,2.0
-3.622300553440005,-17.734370898939943,-9.964374314353442,-0.8123179321133405,2.0
-5.823535898300651,-8.031784223425621,-15.278137490259548,-8.74086590982813,2.0
-4.635059107916266,-11.163814455841894,-12.107676674035265,-31.23196005375374,2.0
-3.480228523789214,-7.943691710965883,-14.974888635385573,-33.86407165351339,2.0
-7.551719105525278,-32.28959391712231,-20.09582902726094,-27.613214141947687,2.0
-6.867004833227575,-21.04516052172618,-14.229579929524425,-24.240675689014292,2.0
-4.5931950018749905,-24.81547973894373,-12.185496667577931,-24.338773959941438,2.0
-2.3531361188969875,-27.763348159582087,-10.93160723181205,-8.53664146284967,2.0
-4.547844288510781,-25.549719813274038,-7.914232079498571,-11.093207703322655,2.0
-5.532669891103051,-33.61001447310272,-18.851156256060204,-16.8836634148458,2.0
-2.4200155345022227,-26.674748084579615,-24.336887430122083,-5.960556545342495,2.0
-1.9272432074513581,-23.925546089093416,-26.072191216586237,-21.338163894476672,2.0
-0.3327441357034284,-9.543817106278732,-31.580671959825487,-6.984436449455218,2.0
-3.356835539748808,-12.304696181712949,-23.37469411799835,-11.637339266936472,2.0
-7.33411771479183,-13.003382682191651,-14.660955882711773,8.374162813147965,2.0
-6.382362392373843,-23.06593459628856,-18.79040607945978,-6.794095258925766,2.0
-3.737389606874944,-25.406346142205432,-21.31808236126235,-8.341358011121994,2.0
-3.091486199914428,-24.478141713452175,-23.581204797824707,-30.85398686934643,2.0
-3.9863354600214165,-16.68169263188022,-22.69033679784468,-9.150559665414043,2.0
-5.349864188208642,-11.685742798053818,-13.803710747670824,-20.01456370078599,2.0
-5.177436737560101,-11.813924381368825,-10.725682382613229,-25.734550221608803,2.0
-8.04758121886676,-22.2999009049965,-3.4652528534445093,-37.08653962072867,2.0
-6.498037960431459,-25.46606838795376,-4.240629180188215,-27.826061446524136,2.0
-5.833337165901272,-14.38599105938671,-14.187263905057732,-6.521609834610281,2.0
-6.427571074672873,-14.71364725478796,-15.860308151334278,-7.471992395548845,2.0
-7.76949388378945,-16.406390922667896,-22.364450431860618,-0.72570133049636,2.0
-9.22912675408793,-24.71332430897975,-24.279962600507332,13.265021698421409,2.0
-7.9152859935336854,-14.632744454587737,-24.222127853113744,-4.874739711171765,2.0
-3.824798750420971,-10.153422280340354,-5.818358329971568,3.8127524243975532,2.0
-3.159201253826682,-24.145523899327102,-8.54003450963872,6.956409173016683,2.0
-4.10524500342453,-31.062585201590707,-19.247964739358594,1.1906104795711148,2.0
-4.359103540206901,-41.73021425251097,-11.020880127243338,-22.47430841839327,2.0
-3.6247685216541257,-27.69555187548314,-10.92802313941106,-7.737138190621716,2.0
-8.187852196635431,-20.84033905102366,-2.500392790720575,-14.660396841313238,2.0
-10.365481583695075,-30.050071689356905,-10.196424859661768,-0.9874962773809983,2.0
-6.998646267270582,-22.58562662394963,-14.747997134521738,-18.741981722425113,2.0
-3.0299726141602052,-31.64536432346656,-13.536323633867895,-5.4475193220333615,2.0
-1.461250321715335,-27.33382459490352,-13.52260455885612,2.3534989262193484,2.0
-3.31957550742012,-9.721190972519203,-9.917083101061548,-14.242899005876222,2.0
-3.607064581136799,-13.718028282001612,-9.89023204428673,-15.478108264412853,2.0
-3.842230679931877,-26.180703042129288,-19.057922272962248,-6.182891433257151,2.0
-2.0269129522565823,-8.631709415196799,-17.695857153262928,-3.004301647209606,2.0
-2.1530003383175584,-14.884799210974174,-18.081482582640685,-3.8475411012882663,2.0
-4.155005047983206,-4.1968454058993006,-17.36143546802597,-20.351205732283052,2.0
-3.032725674248117,-14.311504951279417,-26.601519713975723,-11.690966677750058,2.0
-4.491860312684416,-10.780099529277255,-30.263712533539874,-16.59273717450621,2.0
-3.786129933171706,-6.350830719162143,-27.623035174055097,-0.5208379262253326,2.0
-0.4149389238377035,-18.095539444358135,-3.863095832604531,-14.013041439665663,2.0
-3.3526383750083033,-22.489895407896547,7.393154332393524,-10.656126747226892,2.0
-7.511306365365327,-21.98420125452814,5.062728641150463,-13.005066605834624,2.0
-1.9189981712222801,-17.086646066583345,4.554315509188601,-19.259394636673868,2.0
-2.8196660094541626,-22.13956520457618,14.30481802221317,-4.24445880169161,2.0
-4.489321115873421,-21.528447615377797,14.091080775990097,9.7587039707053,2.0
-3.2717950621768095,-29.156519816364593,11.263461926207778,5.805764856763579,2.0
-3.4298028590526908,-21.057443720946722,9.84176361469511,-13.320648235324857,2.0
-11.373936867381262,-15.110641131228748,8.334092639439186,-8.910245292590952,2.0
-5.323502600869983,-16.021355740658414,13.994210895765763,4.930802462836644,2.0
-5.840679082450705,-15.134339291980394,18.417382820146944,-13.898700472206677,2.0
-9.21279628616564,-16.291582902869465,22.500769107105715,1.4287038238454262,2.0
-7.670929767149903,-17.17572461977123,14.816687210800213,-12.379796911665842,2.0
-5.947933482426391,-12.001949514303735,11.756122071330944,-2.795195070590866,2.0
-3.091335135958327,-25.01132934659173,3.884156807928375,16.09120176738778,2.0
-5.000435415930183,-20.117090305369345,-5.261757351300065,-4.791690123757722,2.0
-3.3397675220113867,-15.644005114815265,-1.8575663348353553,-23.030472339383735,2.0
-5.369327716020418,-15.160709995956399,4.299466520269075,-6.695831580128088,2.0
-5.807215675638147,-28.32675001224918,10.67030217318024,-6.4823293600553695,2.0
-3.7360298696147543,-24.846342025852046,15.825722503398866,-3.0493240446159593,2.0
-4.698288338075505,-17.831775320267536,17.153862163651464,-12.1787680857807,2.0
-3.582830763535018,-13.678980590219009,19.246141860285675,-5.097642768952664,2.0
-7.010464315240947,-3.9579586435776015,18.958724486318086,-13.751536906275838,2.0
-8.561534863567061,5.908856751087733,17.356982977008474,-1.8084822275622727,2.0
-5.0799410791307675,-4.564170442860395,19.8981729780529,4.2374279266349255,2.0
-7.181309033387505,-11.34532609554266,17.302885356634704,-7.454865241157956,2.0
-6.82152642557705,-10.823204075048398,11.61566330322937,-3.772815306624616,2.0
-2.7391099923057727,-12.711157804914066,15.098131807303965,-13.495469338870782,2.0
-2.867286206475262,-16.35678384764647,13.407804270200945,-4.433492744908542,2.0
-4.184745541268212,-6.837968264270643,6.373530159772894,-0.12758531575856047,2.0
-0.6315999048056513,-6.0836442865467815,7.712789419269464,-9.840106476847838,2.0
-3.8885934044425965,-8.382555145321625,6.977528607679388,-10.449976863028192,2.0
-7.971800459049405,-14.119865478566048,7.588479160714251,-8.086311635720065,2.0
-3.6647830758843867,-2.5422181412928584,11.826589711853178,-3.114218056006411,2.0
-7.124114272674584,-16.311762114162498,10.64449670069634,1.4719905018562756,2.0
-4.675573450031346,-23.526984302619645,3.6477007237691765,-3.127081778879475,2.0
-1.6400857726649214,-14.620817179884,6.016124030397773,-35.76453092995668,2.0
-1.971932654356075,-16.21016936746424,9.370253892084618,-29.41421284027054,2.0
-2.1218210595791382,-17.31038824654673,7.010848158650289,-13.686730758266947,2.0
-5.131450916123314,-9.635076008395583,1.0254632554564296,-14.602560775726166,2.0
-8.504360437247634,-17.436906601718015,8.897536759918772,-26.167437781882278,2.0
-6.074292798056883,-21.194305656031755,11.951498693000945,-27.980573484155073,2.0
-6.029507939477709,-22.925886366781338,18.3182057791423,-14.216486208930643,2.0
-5.620635550544012,-28.6486242570796,17.91732569235284,-11.056466325279953,2.0
-5.292692030357751,-21.40798545122092,5.233877371896597,-0.7664772802450806,2.0
-5.8027107043871595,-6.931201607887967,11.102457229151288,-19.824035563947806,2.0
-5.621070188122337,-20.789659941489703,9.774947295991419,-13.964418680238019,2.0
-9.457064105717905,-16.60900742672624,14.280428825886977,-12.64511883202151,2.0
