x1,x2,x3,x4,y
18.808249781399752,-11.869177825888741,5.760790892163078,-2.2732602344837227,2.0
19.980325679085514,-17.44096802479869,2.7971063191216112,3.87465167933852,2.0
22.094022534793268,-5.602524145945189,5.274713281554689,-4.928513721242421,2.0
15.595825090065556,-18.19624094763566,-2.0529128780653636,-1.4770924564664862,2.0
8.030472356481656,-0.790313202907523,-10.249482841311345,-11.644004239866472,2.0
6.509746756591987,-17.240869822604893,7.598608046861523,-11.100753444721997,2.0
14.204802050580378,-14.811510391817526,-11.136217599771241,-9.043832176583148,2.0
-0.3068581582999914,-20.4148409153135,-9.51742180172863,-23.34296435604537,2.0
11.63656925720473,-18.337198405827536,13.792559333467686,-14.556336980296967,2.0
13.515715367751078,-20.012897377651363,-1.6272734026934463,-19.63338150804979,2.0
13.086751789726579,-24.154339936352834,-6.952231583156108,-19.029344453614044,2.0
22.88810906796317,-22.402965912258487,-17.703742048317572,-23.14601445336177,2.0
7.542831267431295,-22.738633224669858,-14.867919359451363,-17.430960017721336,2.0
5.230578100182341,-20.500407262297838,-6.498265059673486,-10.399510357683535,2.0
-0.5854836499918159,-12.461604690234473,-6.167067421733279,-21.42115652482509,2.0
-0.5229995443231248,-10.596877609952685,4.151127375156012,-25.649455255252384,2.0
-2.78449937563514,-14.848036583419145,-5.281708645840876,-4.863744760546535,2.0
0.42493207304946834,-11.185165411021888,-9.108560909814226,-6.5813794609518474,2.0
-1.6187414136352256,-14.426832533798335,-12.987858262080717,-3.615599118526299,2.0
8.013898842232164,-1.2159328023325902,-13.144638964105432,-15.804244300724433,2.0
22.98003938081343,-11.919186154671943,-10.700440219685511,-32.197025461767595,2.0
24.28821519026671,-6.463221168006932,-7.939737036533824,-9.605836671968465,2.0
14.553008796913588,-12.768275045342767,-3.045850852743585,-8.6870297974945,2.0
12.412103344523423,-9.913293808105376,5.110535260458933,9.728442123600665,2.0
5.188137890603902,-14.156960269003157,-19.35245658246089,21.160059197290444,2.0
1.1766639927984608,-17.963926728277414,-31.354204705871673,12.478132533123759,2.0
-2.000074356670431,-4.987541571163462,-33.273458998522024,6.068127661280593,2.0
-0.5879745169756587,4.9436599853248175,-1.6683920347790675,-18.70073543430954,2.0
0.7126701917340483,-9.112457540164144,2.841702786107529,-12.031982859153818,2.0
-3.8633339086006817,-17.138162257379285,18.63684419070258,-7.55911796404719,2.0
1.8400541546606126,-25.581063023782274,-23.94862801080085,-9.59606398176158,2.0
-3.6147582051528753,-33.01605333539902,-30.73694800800442,4.190097530705774,2.0
0.9232679900155514,-2.9006439385965628,-30.836925887074955,-15.971947780928707,2.0
7.911071100522667,-23.185010342700554,-12.185284626246533,-17.491601351734957,2.0
1.5699300563721463,-15.40457999504122,-8.710117275825835,-2.3525968660293617,2.0
1.9229390982853172,-20.77369199664981,-13.688342367094904,-5.174361478777026,2.0
-5.363592151428569,-26.44400244735315,-11.007282153374874,-3.3488128163164874,2.0
-12.33052451510524,-27.539256755978204,-2.3457712185128337,-15.572506155758646,2.0
-6.779718361051637,-36.279771016754864,-6.232908473020094,-10.165437143924049,2.0
-4.558478527690946,0.38962948509524864,-8.576847718831315,8.480219706101487,2.0
-10.08076962578241,-0.7173814344709264,15.473091063067166,15.315619780286738,2.0
-0.06626967844627618,-18.54243702130645,-0.839185103787365,21.98457461576198,2.0
-13.88655429909609,-30.98436763764245,-6.8726359078740735,2.782391261247202,2.0
-6.519402354548761,-20.82973473118121,-17.792369674813926,7.122472200052821,2.0
10.75964368990962,-30.10018976153215,-10.77401271833435,-3.85245033138197,2.0
12.637093150485674,-11.663323107122785,-8.64091250633879,-18.508060478622326,2.0
5.124013610908882,-16.66570945695016,-5.862692254559846,-19.167375132496737,2.0
2.0700151222567644,-21.301180416271052,-0.662417862368132,-22.536582389351643,2.0
-23.451590439256456,-25.904485768065044,-1.944723266912848,-21.109052063652463,2.0
-1.9471545337373488,-10.426117528103395,-0.604737472758953,-18.459142545359942,2.0
-4.592832848375965,-13.41522393621938,-28.04146814901595,-21.280699093708627,2.0
-13.514641650605613,-6.657087955886778,-25.634971056666934,-12.297849097907758,2.0
-12.193388875585716,-4.590806981849411,-19.107327379974933,-0.7794111388210858,2.0
-6.866406505329179,1.923334086301093,-4.306169508016337,-6.469297933719396,2.0
-8.433904745188638,-7.022615759418003,-2.994943030568477,-5.892426945924267,2.0
4.271276181968849,-26.352477182344536,-13.571871974249117,-12.408334169183144,2.0
13.018236235883483,-12.10567645134514,-17.170967714763417,-19.137322054148022,2.0
4.319212188648543,-14.191358814792856,5.044675327826951,-6.274771620575401,2.0
1.8315615871115472,-37.884449908070266,4.107224241634134,6.934698885812233,2.0
-3.7313956635721777,-31.517522062077767,-18.67806944482181,4.233775964886462,2.0
-1.1645800615443083,-35.13788449597886,-14.579923004601682,-0.30025577374633805,2.0
-11.95853225723628,-23.4066029341897,-19.394427591628947,-3.5753522611848956,2.0
-8.011056073559992,-17.6795742106349,-17.320207523051003,1.1048076324067635,2.0
0.9755510892172019,-24.75852861370702,-23.30629066001938,-2.510374343830616,2.0
2.404507588013972,-2.8081544886321055,-4.510705753247909,-7.301983530227386,2.0
8.04094079177787,3.549192897158367,-8.49027354701416,-20.169125990002065,2.0
2.251605184523658,11.304637947264881,-10.950758257629925,-5.1704291520756,2.0
-1.3719719077799177,-11.225715349384998,-5.749012106000485,-3.4419529622023664,2.0
-3.7276864802001564,-21.092720283518958,-17.840197318987773,-6.985284915521702,2.0
5.231401904963969,-17.196145865579748,-10.774038746581468,5.213048237931929,2.0
11.35290132554209,-26.006208442745553,-21.555009661549356,-2.0453430536033075,2.0
6.787919608255413,-16.396698221579673,-34.69660634818776,-1.485527239619986,2.0
2.798268210456336,-5.249751434792649,-5.897672568561938,2.159067285033988,2.0
-8.351087155263572,-22.094767163139764,-15.867451027279,-3.3820215662457622,2.0
1.0222631338609522,-17.41983555015409,-9.259794772115232,-12.265408511922228,2.0
12.016855410968109,-24.703922011501483,-4.580721181557899,-6.765687573798414,2.0
6.58487251378857,-6.176062634989212,-16.77338774148618,5.209064768212697,2.0
24.194110412266916,-15.229960428369303,-13.817085892745371,13.81823397666426,2.0
12.115982789983896,-7.32672865681536,-19.29648829267397,8.171356745505191,2.0
23.346398707981763,-33.12263725860547,-8.622930922086653,-7.7129186003973125,2.0
4.152181077352129,-18.3422395442933,4.306446250700042,-1.804648309382511,2.0
3.167419605160446,-8.405085420303548,-10.552439048948521,-5.941683404462705,2.0
1.7337785506696788,0.30993312974093534,-4.680215838588904,-17.33159800226458,2.0
0.44786458761317144,-13.94186777486376,3.934352978956971,-2.207480241595629,2.0
6.1059491601593825,-12.907029249652492,-2.6341063492151617,-18.375236906671713,2.0
-12.401320024440174,-13.629787544466009,-17.68809899003392,6.770142444914276,2.0
1.0000580168892483,-3.1911500965502597,-9.44893138056653,-6.349995984766834,2.0
3.8045632992276794,-28.04316234456398,-9.222372837510429,-9.059196521953346,2.0
16.34117134927152,-16.005565271935293,18.813242637177154,-1.6735454650429151,2.0
13.15682500845098,-20.737324399169548,15.76032561211019,17.146117224701392,2.0
-10.739436038049973,-23.26781381425176,-2.294788581961466,-6.295756340969688,2.0
-10.241595524464538,-15.905491567086328,8.168678923512688,-9.626133328065215,2.0
-3.8407898234034077,-16.90094442004245,-6.716042638128375,8.835941744910656,2.0
-8.274063651558318,-36.30378202204692,3.5081442821146,8.298512221816903,2.0
4.865589739974501,-23.070019444627807,4.237322647276621,-3.524154568895895,2.0
8.340673789127312,-16.00005008113949,-5.405712181414055,-4.138113079435655,2.0
7.245260988512517,-24.4410642413193,-0.4629713614859119,-8.381507474834644,2.0
12.835632691619821,-18.843711547849807,-6.562670176097761,8.135344923007136,2.0
3.0774855626666673,-9.504658221215873,-22.81301283595854,6.6593075095481105,2.0
-3.8805572789509224,-16.15070611614164,-30.55037625471087,12.039421518345666,2.0
-3.5895862988514855,-9.614418904665488,-29.803697263829505,-11.141383374671346,2.0
2.6487675924529874,-12.26767405065581,-0.8888916286406578,-13.325680810054864,2.0
11.559722401976922,-25.42663982866079,21.727675538763318,-15.302142529377505,2.0
-3.3089669040355183,-9.563049869516382,20.233386256116507,-8.716936374691622,2.0
0.29386691670772436,-1.6411989938021123,-8.910755767687661,-4.797370879754454,2.0
0.5760928031990935,-14.69543738252461,-21.946154355371014,5.119607087999303,2.0
-0.6780003695590127,-15.85480304205507,-4.859554628252013,6.28704708426911,2.0
1.6932216326170728,-7.098111418567619,4.824671655469757,12.388450916221787,2.0
-13.583878447424844,-10.003451529213061,-4.815663757704425,7.120041599044335,2.0
-3.820403810246111,-4.126312338598005,-4.918021938177976,4.225112167729469,2.0
-0.8803312302649915,-6.372538278072677,-12.819772358538605,-4.716878923294152,2.0
-1.540681534296191,11.071189443878929,-12.604170335185012,-18.221660182591098,2.0
-11.671142590883173,-10.081326853008292,-13.685982425714771,-15.47925638435284,2.0
-16.095522767848863,-8.032626548012544,-30.960707662399052,-11.543987428257768,2.0
-4.628816384534538,-20.32435605077087,-25.18740082568341,-9.448735380698562,2.0
3.71330672742841,-26.602616267118936,-40.58353968604821,16.136667691089507,2.0
-0.7740297513892767,-18.202573054598727,-20.625724485142232,13.845933315575731,2.0
9.463548122323816,-17.864492500640253,0.6846343108445172,3.4910447989702345,2.0
22.935572254340723,-6.6079735277069265,1.6750335568556265,7.785329299786187,2.0
17.403855759553572,-7.749737469208871,-8.91830685555251,-0.39998446210189176,2.0
16.572692979646707,-7.252866935308078,-1.8389012191489655,6.757192683231977,2.0
12.06010050981029,-8.425523437913903,-9.594353509763824,-5.892103656595233,2.0
9.326488492756301,-4.449004565105598,10.709495339315454,-18.51943253931875,2.0
3.338902351040571,-15.026977142995023,6.8742665639523715,-14.285051071921608,2.0
10.6429269907426,-9.871049067902945,-1.4904890398870991,-14.031799706049403,2.0
17.345837493350288,-4.683637485818071,-9.130864941923727,-11.109238835128568,2.0
13.056129748922931,-20.96824129028379,-8.660284209913534,5.570363033179762,2.0
16.04030696118037,-8.711331525714304,-16.789394816886748,8.757124913411033,2.0
9.510087369783449,1.4838065722374782,-21.53711573793529,-5.552351390511451,2.0
5.304936222724427,-19.424771024704427,-19.700524300669002,-3.7664411409485306,2.0
-6.837804208241803,-0.01570045530335129,-12.656252151206177,-12.935826667657391,2.0
3.011466587660264,-10.101273327209068,-22.138472292991214,5.7830547377428765,2.0
-3.8025170176105307,-17.358561656374228,-18.290221723668726,4.430612563189934,2.0
-5.357752323654548,-21.734816926778368,-11.949396686109667,-6.942481794413523,2.0
8.269381273978459,-24.62744235100269,-6.4028927761560555,-22.911792292459317,2.0
10.518816834268964,-11.784344308340447,-9.323313881880228,-11.030051812316454,2.0
5.410384879761825,-24.201959402099092,-28.15826677216781,-16.580549894394718,2.0
9.364073406132933,-2.1475625321777603,-17.30225926775583,-18.29897115837911,2.0
-18.417436121053534,14.909316830558637,-18.934908809569613,-4.055625192693972,2.0
-2.5914874422201724,-12.999201861533818,-40.607688851976526,-9.231728745949594,2.0
14.225192249405396,-18.102120397077794,-2.435882752126523,-1.4046829610405518,2.0
8.961858993831157,-11.095720749128251,-17.203111836814507,9.346486430862063,2.0
4.642067251340663,2.547288729664378,-15.597164541988663,-9.788396058937863,2.0
-7.988679290616996,4.830133134771847,-14.679239981164859,-22.005982436664063,2.0
-2.2851369555193566,-8.604455641711178,-2.564030149066987,6.557735896489887,2.0
7.125409827228683,-6.982102394331276,-4.065490079424603,3.1112039325894916,2.0
0.596790356706288,-31.184816462787012,5.24407618101907,15.727288162627826,2.0
8.174921844275195,-21.654989127008392,11.844124029366196,3.4529484078218173,2.0
-4.865701648514744,-19.867173814240342,2.5034271285170604,9.551756168553286,2.0
1.7565077080287268,-21.81333956995029,6.899100131114444,13.947223743557176,2.0
7.066081272673015,-17.974318412842695,-11.66426991338637,22.71727116708184,2.0
-0.2834155710717676,-24.987289879763832,-0.1898854502845566,1.9137209047961956,2.0
-13.262455724087467,-8.400142609993754,-2.3797935033923903,2.1901154752408534,2.0
-8.380672203195111,-15.68671477792432,-14.333390879815944,-2.5053659688910503,2.0
-4.1177350944112545,-28.413433279797477,-26.385876848806618,-0.521594864385829,2.0
6.063154996957009,-26.32820232134274,-23.302735024165678,0.4081117658729294,2.0
-3.045194618887948,-23.67447724038677,-37.48269860927275,6.098793506087195,2.0
9.396171496681928,-24.90073806988339,-36.46968164463679,-17.318722096816224,2.0
-0.13583402503022524,-7.520430860665135,-23.52693148174281,-10.751325556588597,2.0
-6.52464096692527,-15.155539244007645,-9.00448118360523,-17.227557571629255,2.0
-19.0245415583955,-18.554189503587047,21.594930533802742,-18.124502274906774,2.0
-3.727182186960519,-16.26038298553134,10.73367134005139,-6.712905583775527,2.0
-12.205865394285574,-25.97097214554804,9.694364207317843,-9.39652013909879,2.0
6.693671340875042,-10.25421623264017,-4.0261052271375055,-5.447618005700187,2.0
8.098776699870129,-17.611147011459167,-6.013076602117913,-15.557895339090045,2.0
10.274262170017325,-6.82161095906145,-14.005069040518546,-15.726380901230085,2.0
3.2970828502202156,-21.523257090612216,-7.4542480650344025,-20.527982770161756,2.0
10.857777688428161,-2.5694036024883165,-10.509663337592944,-10.21709893300504,2.0
-0.8727315871321655,-6.9484057886389,6.887972141009929,-8.15476642752482,2.0
-5.223287580014498,-26.230738435569947,-1.1569939254612969,-2.026132290046763,2.0
-4.9022205426271945,-1.4523003539776091,-10.596137171912385,-0.8308371547708506,2.0
-1.2176936500601485,-6.943101145332735,-16.253102725350367,4.244010803005802,2.0
7.116026590868381,-4.41500988113658,-17.147764846351134,-5.019032764280356,2.0
10.209480447354004,0.9975891386655622,-3.489875123354059,-10.389053694570023,2.0
5.431729099378849,-15.053138688018402,-20.035849024583463,-15.608730535744945,2.0
-3.8098222276739167,-22.122026058857443,-4.205104371163461,-10.237515495896075,2.0
6.389756433696288,-24.26183627004074,-13.694772511595554,-11.287754488181076,2.0
-0.028557811117318366,-10.971395117605258,-25.767432259944645,-12.444284324101822,2.0
0.12439853238000553,-14.208597449316516,-9.064498215267502,-1.3282683185859199,2.0
3.328469986133535,-10.824844031159067,-30.127794859834857,-11.810468767752136,2.0
19.532033173816085,-7.116951273095946,-21.675699320665945,-1.4948595964335183,2.0
8.971934138152623,-15.019563523220025,-2.827163434913599,-12.996638236514466,2.0
13.211005537650728,-14.04135954414435,-7.27077055137978,-17.763848601735983,2.0
1.6192182535827095,-25.864829376262584,-4.17238732598476,-21.551261416280727,2.0
4.607655277215334,-19.191018911895476,-16.45779590546499,-22.701594485644545,2.0
7.536409347493535,-27.737661718500732,-2.103299819656012,-9.675745272174492,2.0
20.437962351086938,-20.0622207984394,-5.605429541640397,-11.655936335736913,2.0
-11.036216171581248,-16.983052946920104,-11.16334682807889,4.113627890725239,2.0
-14.7545766741714,-5.119150182494506,-6.325666129259149,-13.933719930075267,2.0
-11.575072393579552,-20.355936068961025,-15.938273682687008,-9.867903950112892,2.0
-8.918989553465693,-18.60421426730913,-12.5288401579551,-19.3275189204182,2.0
-19.89642440130279,-24.494044695023046,-6.8558886156701995,-12.677688305800771,2.0
-14.486670788182641,-15.863871842632417,-8.73824219746748,2.376295176021598,2.0
-0.042213911029087114,-41.64021867620827,-15.70265628174873,7.947926033952609,2.0
-26.909465946538504,-12.841646799530071,-24.586527315258778,-6.382252937165097,2.0
-29.72869499960888,-15.517443931787895,-15.599906170626491,4.7768213583833,2.0
0.7478977987146704,-6.629702299096889,-9.775421093482596,-17.726003334818948,2.0
8.660525512590173,-7.0322381413999295,-7.955990468985022,7.3036889514833625,2.0
11.292756422869292,-19.566384935395515,-4.006411997242192,9.520852380639088,2.0
15.521351955771959,-29.780297958599263,-1.9342605371095978,2.1522836750816943,2.0
13.961105848147467,-27.201508824046876,-16.447993231337534,-2.7113763674523135,2.0
-0.8824071100263744,-10.969646597412892,-12.189185857163203,8.662639349376828,2.0
14.72392417645624,-24.397894662457034,1.3969426969906742,7.809178215787685,2.0
6.284357624380354,-33.09351361716193,1.0550693189289309,6.423307318049955,2.0
4.665244789368476,-14.70871546682601,0.19371771598340182,8.865881373959224,2.0
5.314556919227957,-20.899700703130783,-0.24685572957158008,16.575787717745108,2.0
-0.9982938890840125,-21.411231594977842,-4.486076648498583,20.92967612558841,2.0
1.1017870276129083,-4.328374034658988,0.06752479609667983,31.44929747057121,2.0
-2.8612994629292205,-12.406740986208835,-0.9283065826414827,33.886912702228216,2.0
-6.519482357845471,-21.04690514156365,-16.114931571620478,41.12265464904367,2.0
1.0123734360439833,-11.512294348344403,-29.985452255245608,42.68494654993157,2.0
-0.07127939490948698,-12.06626474053884,-25.308738146127723,40.62357557725737,2.0
0.30909206257642685,-14.033460390746345,-8.656022347149271,41.87437397174935,2.0
-0.8198353119964008,-26.27115993699578,-5.400789865091889,30.235277721731713,2.0
15.348372513405794,-23.425478864321114,-20.267301721949618,43.680112349959394,2.0
15.541935196482717,-10.648084168095382,-5.857221852612949,34.02122626432626,2.0
19.159647435904585,-5.233312659181301,-14.962234361589774,32.784149648913356,2.0
16.61189520580456,-35.96053539865722,-0.36777962951976395,25.255890209770882,2.0
16.258805138115104,-26.784981754640548,4.914614288177019,10.462309929206853,2.0
0.11976407677315137,-23.715023072977704,-2.954802845722538,10.238554888386846,2.0
6.120488792450842,-32.508390482945245,0.4212508460763633,25.76351794741067,2.0
-2.7898397768710392,-24.52685919470246,3.4453009122374336,16.576598933427842,2.0
5.097463193522017,-16.562250336346747,11.821379716274516,35.281407894237326,2.0
12.076404707937131,3.528180470791824,-5.323479051053629,25.199072469725042,2.0
20.05046778506501,9.629007778164748,-14.47822232258743,12.107604315402138,2.0
4.773532016183124,-1.5783832141240062,-14.504659444455038,7.471387008562614,2.0
19.136154672137707,-27.920565728391853,-5.87524414176672,12.263089706902495,2.0
20.71468932932784,-15.62346292223791,1.8752780805652591,4.36384426748543,2.0
4.585570966327734,-8.727531433581575,0.8335024936001627,19.03167971442843,2.0
-7.982405143154672,-5.862751551505138,19.259143533650967,16.58446467259641,2.0
-0.7688547905448653,-15.962196880806472,-4.753615664081335,2.3581963207136774,2.0
-6.975463981045069,-23.57443095412754,-4.57146046023937,13.25978434231433,2.0
-0.8835773417223369,-24.69144538397107,-20.331052609193865,11.512706946028043,2.0
-5.52212865355853,-8.574127122977124,-13.181413289597476,21.22247877183863,2.0
9.43130957350888,0.676881290289046,-10.496018665716493,35.9489075495719,2.0
8.59386732349229,-12.470678389206533,11.270589575904914,31.57422635900268,2.0
8.966751166296858,-18.275881247877425,6.395268253653327,31.85594700037831,2.0
13.207761265123324,-18.869771770832326,-11.137248405803929,22.11660454155922,2.0
8.268486054298577,-13.27634428442901,0.3344704326842942,10.927928342289217,2.0
-1.8104074954268548,-6.906681008014582,-8.253099228451696,20.87811445301287,2.0
14.667257103245275,-12.342824589187163,5.543903580906757,36.969658109721635,2.0
12.859287058939215,-12.047969193798039,-3.862550545854122,41.261377096555734,2.0
-5.111189815952137,-7.841132149498942,-7.500698678993651,31.72370435921524,2.0
12.975488632880168,-18.01614696422044,-18.88822259140781,29.27656729172783,2.0
9.83895767477416,-10.091311696317222,-12.500025227415966,18.027528081204785,2.0
13.46328085096375,-22.71160954551271,11.923610744193317,2.566378427036609,2.0
11.758942285062947,-33.59514300058621,7.172638521661096,1.3853413400512995,2.0
-3.9972031014373814,-26.19729507737307,1.0010293491334474,20.02170172320971,2.0
25.99934688830795,-1.0111756331342754,-18.751751299935727,16.807614519796218,2.0
21.184020678259795,-6.903102987170085,-28.514502097879927,12.608948300231152,2.0
18.367080684682634,-16.770976660907614,-8.307776318794653,17.398597787349335,2.0
3.7404184091056747,-18.484375424080156,-25.37707116527783,40.85792821864285,2.0
15.993141376960375,-26.116591127933514,7.00677841367032,24.152636471790636,2.0
-1.9596961221688067,-13.926901489551692,-1.1468027485207077,-0.5247986562943527,2.0
-0.2557661021868878,-18.81747267068405,-2.850833801123433,17.010795528276052,2.0
2.646487711329489,-29.43493560942084,-9.672870542250203,22.510465685461128,2.0
4.827801345257317,-30.735308916291725,-10.946722107317107,19.363118336058804,2.0
10.302122849969045,-28.670810192286222,-9.079211371371454,22.833771064565695,2.0
16.911262399096003,-18.637993222253193,-14.008567918249744,16.312554100966878,2.0
11.100791386598061,-23.119694061244665,-7.768393923176213,30.6963206462329,2.0
22.311187370397356,-22.01954383825341,-16.752828896480313,21.46214898533277,2.0
12.57202555665253,-19.176000618045872,-9.022397385227336,14.408948475491734,2.0
4.05773257083495,-9.997679141089353,-4.082174445804522,17.627514664241986,2.0
12.913341507294323,-36.44690046522295,-9.883464441635242,10.097180769386515,2.0
10.49678719803335,-17.878973821845072,-4.826293453816086,6.1909725160600235,2.0
-9.088261338623402,-17.246779841330362,-8.314828905012007,16.150300579992578,2.0
-3.5314299604679524,-18.85494054137317,2.8218737337585793,19.879622900130485,2.0
-9.836225672294972,-36.12603548149719,3.192007830147938,16.045951221769602,2.0
-2.804917738450804,-25.126474401633303,-1.3826735728269721,13.390997784755479,2.0
13.481412252773808,-44.533644271427875,-21.17380931337678,37.53750575146156,2.0
12.08131147420938,-23.220268194793395,-30.857385787737993,30.14447178806157,2.0
11.115303562718895,-14.320453471969552,-20.651097270245778,26.210308113157474,2.0
18.24248615695197,-23.293507799283525,-29.04013325094681,13.212624178981498,2.0
16.86887628897486,-28.66708790906549,-16.501866451842222,19.317816768089173,2.0
15.302228552421035,-26.55219262836419,-12.598787460666719,27.014080985288565,2.0
12.016116931348463,-4.471159705867173,1.8640130660356178,23.112185497622498,2.0
17.993957730493896,0.19222182248037356,-9.461909689587877,18.587899365495332,2.0
8.94622408996677,-1.1755327971591747,-19.13783389828346,33.37521060786016,2.0
16.260938133894573,4.775406790177632,-6.011471773545573,36.01830943270654,2.0
11.116008150092426,-4.202647579483575,2.6195221472759256,23.735434435856597,2.0
7.926042116596007,-6.105645097410301,10.103307233607248,26.54329006809182,2.0
17.83666109552794,-20.594279654561973,4.726690962263902,18.34972648707142,2.0
7.315554480726267,-8.397539923538394,-4.950610208225113,31.875921033270814,2.0
6.926674474493918,-3.825092254541584,-14.84516998040367,16.329757864521238,2.0
15.936018492561733,-23.959912470706698,-23.5316091775325,0.4010033380763218,2.0
7.128694198036687,2.801440804854975,-26.557032789886858,13.807104640443509,2.0
7.769782938647852,-17.8102319188964,-13.898570140433293,6.48943755724178,2.0
19.7221449023669,-4.1526751056808635,-6.495299023376289,14.557027307838432,2.0
1.9832258531330078,3.986626476256369,-15.508865569745003,9.552049968490962,2.0
5.177114903206126,-11.573704274822418,2.258983559376043,18.068663673052075,2.0
-2.19076392870787,-7.685793228663453,21.318378264122618,29.819191180706348,2.0
1.212158657220213,-9.899862338296753,19.574131299197884,42.05104742232918,2.0
0.19390109845658188,-15.701215948024936,4.099523907663869,44.403672943159165,2.0
15.408825543342042,-6.572495768613868,-6.062103070070913,35.78147696834748,2.0
10.173410468291259,-17.581652415870526,-10.761138668701733,23.227755007295087,2.0
11.01806456455737,-4.599802681067812,-0.27637251958931586,13.139057982018478,2.0
3.649416802273282,7.298190718555354,3.72090964819669,-5.213223188197672,2.0
-9.252827447916562,-3.923524751997304,3.7869251715136354,10.631876402524806,2.0
-5.7330123937607045,-5.308985724010564,-13.787026383711797,2.37636217017271,2.0
-3.526435473325231,-12.955225091295905,1.139432138888493,9.260608137209491,2.0
-5.06321582920884,-10.059399752195258,-8.736875316667245,16.805662342425848,2.0
-14.553508678311076,-8.253964330348744,-5.312022487855911,19.71612382772229,2.0
-1.1896346023661266,-8.465976610285537,-19.780178946185174,24.377816929964762,2.0
0.21301144238455638,-8.070462215251851,-38.95104331575472,24.09893391671315,2.0
5.964469730996232,-25.903274037405733,-26.501574271584914,7.890671561903433,2.0
-3.5374704780562247,2.100032111548691,-8.406315086278571,18.511824155353967,2.0
3.4671960044603285,-11.758569828997715,-6.39071226436775,29.140009497226394,2.0
-1.6248848618406821,-9.756932972130882,-3.7935281809862094,21.846865420127486,2.0
13.332119591857959,-0.14400573186702204,-8.414503561463457,6.675961730390842,2.0
10.855822331603266,-0.875450085173453,-34.29492135101226,13.814868837157002,2.0
3.450224171181861,-9.456667883565737,-23.158986278956668,30.14480687641823,2.0
0.3059699388756467,-8.726840871824141,-37.191949739279835,1.3850346050920006,2.0
-2.2085447744200932,-7.938927313238979,-4.127002575509012,15.74426607451074,2.0
-8.044304409140254,9.766567011357797,-4.622240481464763,-0.7915692590497425,2.0
-10.149751558788306,-13.021205029175645,-9.35938958645049,21.114515036211095,2.0
8.309037520314984,-21.839666898619015,-11.122727109420413,21.05401190117353,2.0
-1.083105592879411,-1.5563701053949774,-7.098664958841858,21.903185770073257,2.0
3.2888827661097615,-14.693575812489854,-4.03728511059113,29.27207630627609,2.0
4.159056679677331,-10.427537208423676,9.64287936406058,31.329765816927022,2.0
0.6769847874013379,-16.570482182743532,-3.6791911507721657,15.211724553200575,2.0
-0.5571714529019145,-8.149416378128745,-24.476492403015556,15.069931393169938,2.0
-5.413261840269968,-7.187858133487287,-10.784710157294388,21.27265099321469,2.0
-1.0172787548239253,-6.858868277309892,-18.461108774428162,23.588646828721615,2.0
14.547820205833741,-21.15274003473796,-16.599341574757982,7.809527901796388,2.0
6.091019754213752,-19.947737823516256,-18.4714788102012,21.79121345261644,2.0
-4.355897965907523,-30.752105620183833,-10.933594007630585,22.722038785216828,2.0
-6.096159748500657,-31.613058320439567,3.4065704581851914,21.259257881193395,2.0
6.585732557783898,-21.428976569709967,-5.505317723645351,28.259821373448514,2.0
2.1800432530646052,-23.54338145361114,-8.808412344660482,39.07373617305748,2.0
-1.961300121533931,-16.67579159448972,-21.2715515879374,31.60938558746824,2.0
20.653815527666993,-18.124585373162887,-36.50804342267286,32.74618365374042,2.0
8.291451887640982,-15.352234320490568,-32.59860106639387,35.8832449248134,2.0
6.201836097356483,-2.4037444352665673,-26.22769737769637,16.70950800512754,2.0
-3.632721308677196,4.060147693901875,-9.465526895397465,8.24334563838347,2.0
-11.277308702867984,4.6209360773365695,-11.000113805423965,10.619269119266274,2.0
-7.103592628674363,-6.607036974670747,-23.27484616214685,15.330308411501829,2.0
0.7500181612995132,-17.324833924869726,-11.22264961905256,32.37426286147421,2.0
4.129390271339368,-15.142730270088538,-4.963748169417782,23.6333193965776,2.0
11.421643143576489,-24.85825017663961,-1.5549444255112341,16.175493200038698,2.0
-3.261010287487826,-27.14552115287026,-19.613264982706944,14.478172934647052,2.0
6.497556945269584,-19.226952589775525,-20.572836394280763,23.05756163249219,2.0
7.3057126283429765,-22.406738954518076,-9.665917579525935,13.824900245797973,2.0
15.019413169034337,-17.725709214297382,-14.000054325496384,13.735379331979527,2.0
1.9023932321921353,-18.473775846717754,7.991373254335443,26.840462418117884,2.0
2.966909333941918,-25.560352553010702,5.437840422035039,21.725690581524532,2.0
7.5195870040570405,-24.618773415365336,7.007460978706289,27.54657196552877,2.0
5.6616842704407695,-28.77663358705196,2.3854844284612042,20.69151890256608,2.0
0.5284422331651366,-15.510779967413452,3.3856486839541278,29.519013709128828,2.0
7.728149298779392,-19.99782446032045,15.791442979156294,22.727702414552695,2.0
9.20338363695323,-19.492249798864243,5.440435833819363,29.301556667955225,2.0
34.754177041011225,-25.728647469749085,3.1297849395319064,18.192976160940592,2.0
28.25767385126565,-36.191716808757285,3.987956921066748,15.244903431852292,2.0
22.55178305439574,-47.3060712442733,4.919383162548767,17.61225123615602,2.0
23.686427354380488,-21.178611526769235,-3.306064498660552,23.053550882612786,2.0
19.955803236985314,-24.56310382432207,-12.233740420987267,13.476469451471127,2.0
5.077958822577274,-30.265942349989224,-18.399148749639753,14.314987556348285,2.0
11.245060198846359,-26.950255942499602,-20.092837441304766,13.00384440500004,2.0
-9.252302661671191,-28.272770503046942,-10.931388209098138,20.971038780301257,2.0
-1.1087370362737143,-8.378210983819521,2.302959824202066,10.572758155130845,2.0
0.1197064752386705,-17.115125305422474,12.254501398917995,5.897650051575646,2.0
-10.383384943555633,-1.1917901951986956,-10.438673841507512,10.312652893105236,2.0
-9.559068260263674,-14.81079976897979,-25.798195068072445,11.591993937279241,2.0
11.618034378450107,-22.470901113861856,-29.734034121927905,8.697462901609883,2.0
9.612664296737197,-10.847692343411124,-27.308079819163147,18.636105401464338,2.0
-10.934439468483594,-2.0559329439301415,-1.5810357759797382,20.53094527035819,2.0
16.117307762262534,-10.472321297717432,-4.217719890853367,20.412370501438026,2.0
18.423820480745093,-24.351469510871002,-15.341912155177308,28.36917816877159,2.0
13.895163130661382,-24.128698671713323,-16.35517933979071,6.0328056134184465,2.0
20.867850844963016,-14.88371584215919,-1.7275310484735513,-0.5138036519922169,2.0
2.5064400366818504,-7.059483272258227,-4.752510914396173,23.908327916670807,2.0
4.6423183627825155,-9.461480896797358,19.617692569834773,15.956136561696328,2.0
4.9943342220781926,-13.82748253478407,6.4004115473501635,9.777524787253615,2.0
-0.01851083880676807,-17.90815354744093,-20.616383598827355,4.272114860254657,2.0
7.860393203624659,-12.017200420343139,-9.470859296001596,7.4322778292221665,2.0
8.215463790923472,-11.656360660055014,-6.161205483296994,19.12378470808986,2.0
14.97613126383191,-30.85198335193602,-13.759257997680082,23.007125744765673,2.0
14.449948890662633,-13.166157928438857,-1.8596714521906659,22.436078741847247,2.0
20.34453742213498,3.6862160111752207,-20.959325592711675,17.18180710510177,2.0
0.931211349024534,-12.705504170123223,3.1677333778556935,1.1883522503936348,2.0
3.6630280591711033,-23.699001789025584,-6.827353748915977,-0.7046639137303607,2.0
-6.894872962500186,-19.473283218220402,-21.830475610740685,12.631371576865906,2.0
3.999005600953823,-17.51677565617991,-11.11587532223838,9.131093343357707,2.0
1.2939652490252733,-15.877950314410771,-1.5607553977564228,2.3367899951441045,2.0
-12.101589965380624,-11.197943438192485,-11.017726882443535,-7.855463804852147,2.0
-13.07318922316988,-10.136128633959652,-1.8855722887184567,1.5928446130890568,2.0
-2.2619220621325358,-22.216893011999197,-8.962379658681062,4.529579292913333,2.0
4.425638870686591,-16.331993199764447,-17.35460621764183,-7.387414055198085,2.0
6.798769284010935,-24.953411947510595,-18.31616330196332,8.171869954678414,2.0
-2.1252053519512977,-19.837402502243386,-28.92611788741084,4.132742459087235,2.0
-8.300328168837096,-25.972790942703156,-24.010242721135377,-8.317004971999133,2.0
-7.846865712259098,-9.278118265360613,-13.481297828872613,-7.034714496857685,2.0
11.174584780317122,-13.694587735303243,-13.77229074496326,9.763814348680791,2.0
14.625391534503494,-9.562392019061994,-13.325851660722828,7.916381003112146,2.0
15.260802672854009,-10.567014573425094,-25.81018137950224,-0.016685696538371708,2.0
15.459162506196432,-13.29911277170853,-23.209593205539818,-12.960891771213163,2.0
24.811983900244858,-16.98392180011187,-31.875529245265753,-1.2125536139664561,2.0
17.059348921508914,-10.681134253838199,-21.91854562987057,-7.524224915301543,2.0
14.685557483471372,-3.6872989428331326,-17.402848216904744,2.268019926676817,2.0
25.133345915709267,-21.21029590965773,-26.839712264114738,-15.938960095715174,2.0
16.34388213791331,-5.784934775040381,-17.633695339108918,-5.239889244092204,2.0
8.772919093158054,-11.10094662588359,-3.3850884085631217,-11.095775181322988,2.0
6.451846435168314,-4.240776922610682,-14.722975766912299,-19.4551488391802,2.0
10.380398860632585,1.1042634205450224,-8.664949395201058,-3.4074012082251057,2.0
9.310126970530611,-10.879858093205163,-11.155301658298125,-24.14201818654379,2.0
20.784005677327688,-15.40429789459897,-8.912006875427368,-6.1470886156750195,2.0
23.457828126615944,-6.258069141683297,-18.95711292215752,-14.340110580809238,2.0
21.17027260587303,-7.5358203800209385,-13.60634098832324,-17.82572778501647,2.0
15.275859690009685,-16.486412878409723,-15.997053177308409,-9.524925944803368,2.0
9.978733466405142,-35.5565971383772,-4.983401142970087,-12.747424340092046,2.0
9.036913051512855,-26.9646020063339,-13.11116402975911,-17.822261549164313,2.0
3.684846145495534,-15.434695479176707,-12.889414682892028,-8.370638446702202,2.0
8.16687164762599,-36.92749571119867,-13.264485844057923,-12.274807855143884,2.0
14.609622272824572,-45.14738641103682,-12.510646940108876,-2.4179392606305044,2.0
30.296219221259165,-29.872961298438604,-22.813671201781247,-5.290044898806538,2.0
14.825524495813054,-18.048274094873733,-16.11507475567784,-2.3868082792413694,2.0
9.394698494792905,-29.63591718985184,-10.997408169507429,8.940746153638875,2.0
5.619510680730576,-36.08018027566392,-10.809582550167335,17.375776139629615,2.0
6.762200386303876,-4.367462232739301,0.6358611573360049,4.91244068318988,2.0
16.80821277972442,-0.9050404979082458,-11.235599197017722,-4.8919083929663145,2.0
26.345544505683968,-0.4961525812373413,-9.370427631603341,-1.602684761862104,2.0
19.930230451074088,-12.45393129074725,-6.3018494864210695,-12.528115185040848,2.0
22.80872628306136,-12.63639670243666,-14.927666945854195,-9.45690864844255,2.0
16.158777757196734,-25.62945597022214,-14.955255406933436,17.19806499581047,2.0
19.966120232981364,-16.648490496117144,1.291616512179138,15.931508397781608,2.0
23.79509133928081,-16.389894053826367,4.124212972951512,13.413132423577752,2.0
23.118218306832674,-10.07160959944495,16.836040744451836,-3.178651068931239,2.0
22.72031006101388,10.484895022304272,9.014364584187177,-12.411872091051787,2.0
8.190538159760164,6.455613997279256,-11.692925169335421,-9.61327946168421,2.0
9.187914754070132,-8.853215243226527,-17.782946742023608,-9.573706132738227,2.0
8.670347341860484,-13.467150177346358,-16.478957976798107,-4.575750986477183,2.0
14.281050663141482,-22.63462092621853,-34.93572863907701,-7.921802390100121,2.0
23.191768102290748,-13.852949576663786,-31.690888681477965,-8.398696646323062,2.0
17.33893838016095,-1.551540376755426,-18.073339029182417,-19.7982559169696,2.0
4.118510954690205,-7.635320154796817,-8.006857609614922,-12.527782031392345,2.0
-2.8289149975512764,-11.488221173732992,-15.599900526766618,-12.14850815146933,2.0
6.241382076968581,-17.41858997074238,-28.283645400599827,-2.3763696284899036,2.0
12.681048340445201,-24.92542262720839,-11.802636684117292,8.76318163557302,2.0
28.9887675136181,-20.126998671332554,-39.1148997003056,6.996962929293118,2.0
11.71743626148094,-18.190114585969056,-24.282863871434028,-4.629851321851602,2.0
19.63130876606647,-23.93190430908328,-14.362915074525251,2.68080587748302,2.0
16.814593143738957,-16.971267350355646,-3.123812514235334,-0.8435876370552817,2.0
23.214889468670634,-15.769329685125646,-11.548148198601037,11.273335426008739,2.0
14.82436798647124,-15.397134405491837,9.615982275985328,8.674655017848366,2.0
12.545605622274707,-6.786555814836127,-5.578126728078599,5.656896814058697,2.0
19.49347864008879,-13.292870963640954,-15.491743267899457,6.995876446317533,2.0
15.591393443303273,-4.5419650299047545,1.3979164601461438,4.019664463403482,2.0
0.7232354857568417,-16.583400449673064,-0.399297794046543,-12.606222812110108,2.0
1.6081386544025733,-14.096882014886924,-5.8862468057330775,-4.1303299396228095,2.0
6.902090461364006,-17.906300332127778,-0.9666208671501444,-14.596046196151816,2.0
10.451581226056746,-15.003924800311394,4.688178452647281,-2.7486455126433915,2.0
6.8248154234470295,-17.521979611410224,-8.019959564851051,-12.963105350462499,2.0
24.0903089865156,-5.4738370429111,0.335604893808382,-19.756002504529953,2.0
16.29932760741702,-11.427647685777494,-9.834728063576483,-6.672963289376082,2.0
20.3675927384567,-17.01916296172945,2.1490844514070098,6.061387006617415,2.0
23.673359156408974,-14.734267792177105,0.7807950255724663,7.444588347715049,2.0
29.05337798861792,-9.850194609767147,6.972608873990092,-9.306826228079096,2.0
41.86306905737157,-6.283456864259797,-5.339450783273387,5.940462052520244,2.0
42.76698970104707,-5.92827207811732,6.507726217433939,-0.035247276159688035,2.0
35.02835471851451,1.9907181646716214,6.801467759907033,-7.014179230106809,2.0
31.566299667332032,0.10988726530787929,10.053327185135691,-7.217316079235817,2.0
16.595307951179926,-15.319697580958705,1.8729934977069673,-4.015093728560409,2.0
31.30269995361205,-28.848233902581626,-5.683378491150711,-1.3836548842275742,2.0
34.45110678271731,-20.78317424726118,-8.818163696861694,0.34259563204170096,2.0
20.945462174455,-42.32631873187175,1.6804026218861399,-6.927365296134403,2.0
22.28612866829142,-43.61903103333122,-8.840497730357342,-12.688517565253965,2.0
29.708028258796315,-20.44972144528917,-10.504430545357888,-7.595279015492489,2.0
10.959639364681042,-4.877029189772131,-10.957067794270447,-6.225500259333096,2.0
9.359384341283663,-12.307354794724155,-14.928532700371605,-1.8596943590189348,2.0
10.616543134981672,-12.664129530450458,4.738572891835476,-6.279065193848348,2.0
14.364350595131544,-18.488108697729903,18.20666985616821,-12.025166150338897,2.0
26.87623444833356,-31.365458509203123,9.717086856378158,-8.991598423649204,2.0
14.549541890752003,-11.494993284415628,-3.325480508985243,-17.719904059159216,2.0
8.678989848602654,-15.68294758888324,-7.805871226321489,-9.287322425567254,2.0
12.089274220109356,-15.124112602342217,-10.856382579852994,1.0138035146612623,2.0
10.379002802425374,-3.354818936928977,-23.6444648362948,-7.410546827013279,2.0
21.127630907326257,-9.38273911487039,-10.723949427235496,-3.9318415272452087,2.0
29.62128779228679,-10.986911148317656,-15.891314095671214,-9.291489944819727,2.0
16.211039327648287,-23.403193926872614,-28.091315249263253,-10.775164189893278,2.0
19.25449354858261,-15.217188161063778,-15.198998023710992,-9.13770535594438,2.0
11.15783259061213,-17.641489248837487,-8.794464263698028,2.139906653178117,2.0
21.23422721494121,-9.814838719532759,-3.818476096517952,7.833750557130878,2.0
24.498025843184276,-16.167739675593324,-6.451566339502913,14.249267856780778,2.0
21.602038490931783,-2.2469654722648826,-11.43884586994563,12.006812482622124,2.0
26.86767228824679,-10.425448209971853,-12.789924273124075,-4.5558578742461515,2.0
21.32545917298409,-3.296609670962603,-10.975976101395961,0.5350388627136873,2.0
27.784938286421458,-10.291398570006653,-20.031807516795915,5.997568317016821,2.0
18.205996381054803,-18.44823684919158,-1.1193235156213892,-7.080330074111621,2.0
24.133783389600374,-14.510452837641834,3.83211852349844,-17.115243366924823,2.0
24.97472960322317,-17.791195811243597,-8.722659780849591,-22.188273013978453,2.0
31.731830425830417,-8.601229952589334,-12.210458276742342,-25.324333072627624,2.0
20.099330362588717,-15.484418207053771,-0.20364180080123617,-29.76574926951079,2.0
31.224419736401817,-24.805107893032737,-10.55150785701353,-9.957297824790171,2.0
19.108117502595043,-36.876201895422625,-14.206028236432608,12.034450226344477,2.0
7.509918290477478,-27.205772458294202,-5.081417768398018,2.929736520350499,2.0
25.59670053826524,-15.964078185220808,-9.85979113292137,-2.130933544414228,2.0
23.271494312597895,-15.87933366605862,-4.361538784871075,-2.8414252269146516,2.0
33.5998070931281,-9.025689590776402,5.168211093581828,-13.506192297472357,2.0
20.465072067927004,-10.437062899801449,7.752486126256404,-4.3413605971031695,2.0
10.707961104294935,-10.467129215150804,2.939430954533325,-16.17946906560004,2.0
19.818107121611945,-2.889288414962346,7.329292182767631,-7.000107588396495,2.0
29.613637122366395,-13.273573694720387,-8.288586915263508,-4.4563653467930155,2.0
23.919254579092247,-22.45907054781283,-9.343179212231107,-16.85906439835411,2.0
18.794422368652416,-28.63134114988618,-4.968332501072025,0.787476924704464,2.0
12.761416577555561,-29.68551548246936,5.166912263963182,8.574992961318934,2.0
24.88561574879794,-26.05019902649681,-1.9284875500148724,3.0683012562031484,2.0
25.161737378393013,-19.72568849488062,-8.957120429874433,1.1885009870236098,2.0
28.424680859436947,-20.143953639576704,-6.172604660807907,5.0965751146288465,2.0
30.981546538667654,-1.47386614505072,-3.828163465976286,-1.581784535419172,2.0
30.436425848387845,-17.383644208767553,-4.938310078113842,-3.426493365387854,2.0
37.149279664641355,-29.76974681571241,-3.956446544038108,-18.336361299882725,2.0
39.547734380124496,-33.36234582966949,5.231159352097226,-19.254704706872065,2.0
26.89501037786775,-26.32539800782525,-11.567563204600969,-7.719338162632499,2.0
31.930512526441024,-30.266038567205612,-22.40940318512814,-15.483311275315533,2.0
24.624335779845115,-36.71781051929129,-16.78039392348866,-11.543169991239736,2.0
19.403968755003266,-24.45264757128387,-9.826690742689156,-15.426362093214598,2.0
9.16042900518903,-9.286033401288417,-9.127867559821699,-2.538522212778445,2.0
7.768534149833664,-15.05143191866017,-13.982571752473662,11.620822379190635,2.0
8.733590688755104,-10.833573740786955,-27.048530533253928,-4.697694992103458,2.0
16.097885622862105,-14.583250353361896,-27.977311954939253,8.403475623074488,2.0
8.629827875135888,-2.240056238201813,-15.01875761627505,4.202857675002511,2.0
16.792390667951825,-6.404429971736089,-16.174408506300864,9.329384573929834,2.0
27.472642188219563,-24.75917028627169,-23.01271189451382,10.822392072369034,2.0
37.40041327410327,-31.933578125536258,-34.46901892538379,4.032854878773573,2.0
21.9693085690704,-13.078718985160494,-27.32350741526537,8.96448447213012,2.0
10.702661887612344,-1.354404588826446,-20.241742049583976,-7.4228964651719505,2.0
-2.4920366922968764,-2.0945858305126084,1.5901796875477903,-14.333066386315348,2.0
17.263792608406277,-5.93433534408409,-1.8891822467974846,-20.25784192025072,2.0
9.283548789689291,-2.2971834678903438,6.712938751035562,-4.802514495467203,2.0
15.61707761823184,-18.254540249868864,-4.751014504339861,20.73636133904153,2.0
26.82933962018783,-8.207322585995056,-4.271863392583018,12.443403803505738,2.0
25.796989753165494,-11.900001386434319,5.358032307598652,-0.22605711680641516,2.0
26.87954100590251,-29.51672378096432,-6.703115431410808,12.32934530585761,2.0
15.308307606224899,-20.28659529590569,2.954134559677227,16.34009912800734,2.0
9.54277899090284,-15.880350219862564,6.046081695354564,-1.4421778654248554,2.0
4.252408705745122,-16.725945492732855,-1.269437839145577,-5.46183295017251,2.0
10.904002304345536,-16.782142003354412,-0.6932172796644771,-13.921035275801348,2.0
13.598270199816557,-9.534945438392999,4.178929325755631,-3.8270695754081174,2.0
7.9438093246522765,-7.001658810658297,-12.448304553656081,4.531956301232423,2.0
9.406679911332375,-17.33297725710705,-10.355356220475109,-1.2677821833961849,2.0
6.324659035339465,-9.664090624697636,2.015406799742201,-4.572573701518966,2.0
15.589423325212529,-5.489799995151889,-11.396699515844736,6.405674236320258,2.0
24.87518770972331,-35.29146893181416,3.6091737430243027,6.92600039850905,2.0
21.19776604604428,-24.76376265608551,-20.217641563081173,4.4545851459611985,2.0
17.580190385966436,-19.79990451485584,-21.805311916635446,8.26956726766167,2.0
9.376604963898444,-4.204025746805575,-20.3087446925241,-13.781279122760983,2.0
2.400162581253168,20.862514692820174,-19.637762181935166,-15.926726884424346,2.0
13.98103933444721,5.01323475874776,-4.2618594818479805,-4.674471424155905,2.0
20.587833293479704,-0.05980117489087178,-5.074692459025119,4.402000538156246,2.0
28.27067393235007,-9.960265189375503,-10.478242730082647,10.467312767366906,2.0
13.031920471897203,-18.253387012766453,-1.8427486675184586,16.00420551393907,2.0
21.306284186418367,-13.921970192484043,-16.526671806209166,14.526770081560725,2.0
3.1104247299582024,-19.08423633267612,-17.622650491988058,10.620049589635968,2.0
22.10528737158342,-15.808851488300936,-26.722275986535514,5.409738307428563,2.0
14.242086102873138,3.3291098001149813,-16.06113103116286,-12.28750505663562,2.0
2.775727510912418,-20.89910511200232,-14.967441251112927,-8.770908054341017,2.0
8.355507224605912,-18.151285125016486,2.7117894753075316,4.769731730689962,2.0
6.533886781235408,-22.15876335074607,-14.962597397259424,0.6235092230595232,2.0
17.013552759140335,-32.35585702827441,-24.14060640604118,-14.383431372691389,2.0
5.3369953655773426,-17.109195097926317,-18.45813301838328,6.559058674878226,2.0
17.10121069137133,-18.418241571002007,-18.54780718764377,-5.254525175863591,2.0
23.979089473220785,-12.583885209166318,-16.974748612825977,-3.2060557045344336,2.0
1.5543849850100369,-4.699999079415286,-30.47656288278148,-4.0946652819037705,2.0
-6.020278979904276,-22.323154521816374,-21.454443703968632,9.55952896173349,2.0
-18.474127392273036,-34.909095459756244,-14.685354734650016,0.5180432713070964,2.0
3.4880900163345876,-29.72043253173357,-5.215000348589698,-5.978086397959343,2.0
0.7036813588999653,-20.47988451511014,2.469955959030745,-0.3781295731538421,2.0
-1.3419394241508282,-12.92765969476876,-4.7532072182024265,6.579017272914905,2.0
8.094482814090679,-15.58871233345768,-1.684653373681443,20.950947452578724,2.0
0.4727006302146659,-18.590277006552082,-1.5925270686951727,12.247188632332772,2.0
-1.0170347232809327,-34.471663471304254,-4.7035763129767965,13.382313662806641,2.0
-10.759121012418095,-23.528481090122163,3.0791390040108126,12.745544992219413,2.0
-10.41700643552061,-21.311108739869425,-4.580384890906801,17.960120693148227,2.0
-19.47309245680895,-21.48392440963945,-10.266852489534024,6.1325147704248995,2.0
-2.944851123553855,-23.53529334024726,-9.053793729529207,23.14882151123463,2.0
-15.448556200617041,-7.187330335121413,9.585280806389175,22.50578032103781,2.0
-23.42362357567322,-10.506300939029723,9.779038379919433,8.651398847131627,2.0
-28.468101813064678,-0.8033650232788823,-6.99862264047413,12.63654598439744,2.0
-19.844683080603765,-4.4921718583501615,-3.050016025776774,6.671196396197475,2.0
-21.808007587352513,8.624666866366233,4.419432011492059,7.311259275613105,2.0
-2.040624176365019,-7.566666346229048,1.1518881396984977,12.40234832016526,2.0
2.6466106072158375,-18.970483301989514,-20.9072941651729,24.236140562319974,2.0
8.52795961916339,-12.724954159835121,-24.87941918908362,3.020080444316144,2.0
5.418127891921494,-10.250358708232557,-10.055094480066417,-8.43956220306853,2.0
-2.4529259466185644,-7.966951159649442,-27.905174571011877,-10.28094195617042,2.0
6.868654083708402,-16.015737826726422,-23.605537485766618,-11.316319161124289,2.0
-7.232176855316258,-14.765643800531302,-21.86062918505707,-11.464859869221323,2.0
4.9302898373671,-19.99673649595246,-15.60367480500161,-3.0168532620611215,2.0
5.624947424484335,-27.02872277936391,-15.417463944466775,-24.44056895961907,2.0
4.615270589200968,-31.200689499120035,3.041586943680212,-27.69802718318831,2.0
-1.4090214493796742,-23.878025588696453,8.10068618259725,-26.227143537852193,2.0
-2.9108618379998754,-10.620388702427633,-3.889745422999958,-20.350433325254343,2.0
-2.3269544019560726,-7.0410699970334365,6.67581485059339,-15.605728282500628,2.0
10.468012712186042,-3.9050484548196405,-24.455913581424603,-23.849542094297796,2.0
1.6996539323610393,-17.64739924347712,-20.618939503360405,-12.877118317118512,2.0
7.581019266284582,-9.612535762720468,-17.20826291120427,1.7462100592223386,2.0
16.493339000982175,-11.980834216546093,-27.712978212399875,-6.297046918668133,2.0
-9.398154144575443,-12.666415627431943,-15.55745632847044,4.695707620915847,2.0
-2.9101937191680323,-17.534851618723927,-19.1644112203276,-10.949738160574812,2.0
0.09251081176630516,0.7365425042841522,-12.763982986218766,-5.018810116875759,2.0
6.391385324691061,-1.1131890760336631,-9.559934211847153,-0.20034370164325543,2.0
8.545757607946474,-2.04123526976565,-8.696673268591493,-15.488358897065039,2.0
1.2334534733765725,4.320417808984198,-25.41779561737963,-16.097820263365584,2.0
1.0620112420351644,-7.692922020266993,-31.63431758886177,-3.191075315142541,2.0
8.882030399553585,-1.405714528593954,-22.608968438420728,-3.281732772985565,2.0
5.330575066902499,-18.241060474680193,-9.17638889240391,-5.135807835040996,2.0
7.546957275673439,-21.828048656106972,-11.511073956517567,-21.480551588893977,2.0
1.319486833486467,-16.84249746755194,-7.741160014572303,-23.541818844671308,2.0
-4.32405675042913,-23.152845082821518,-20.363850910949445,-24.573610412774123,2.0
11.622381776026467,-3.5601443888012554,-24.90794008178581,-25.879758430569304,2.0
6.487069167446344,-19.494393047907785,-4.130691021941229,-36.22718278331457,2.0
-4.085399180994938,-19.99047025268974,-1.276960076218148,-25.63762683560455,2.0
-0.3545464724894063,-11.792752354282133,-11.723996746017583,-5.444234824453982,2.0
1.1868057566719035,-25.177623749436762,-11.9038802384906,-0.5572020200183907,2.0
14.540849470747627,-4.2898603819481025,-4.280032582901123,-11.284289340399766,2.0
-2.082184502559518,-4.2152175370007505,-0.7231514122323295,-16.05230089159389,2.0
-0.6657870728755071,-3.0486692289366975,-3.841905985412051,-16.293106326742084,2.0
-17.1713689856402,-13.29776761409359,-6.635393588553685,-14.396122719631569,2.0
-8.14032587578038,-25.851231062427704,-8.317369388063119,-5.422456279337135,2.0
13.48067815534516,-37.06869422492365,-2.991166245451465,-1.5239835927380554,2.0
-9.02930838642721,-16.442238313780027,2.0804989369885973,-5.3537942626434685,2.0
-3.8186647560352704,-0.44794275421539886,4.407594079558594,-7.572591376926059,2.0
0.2687401918846679,-9.30546474337978,-7.740583657556606,4.8088493460148785,2.0
-1.619081089409602,-22.51750484634904,-20.315486993077375,3.452908821291736,2.0
-7.8527960603970115,-6.094434666508942,-22.769342175179574,-10.198855524604948,2.0
-5.9104791447655405,-0.04758907453323147,-17.076444137787128,-11.304620114885125,2.0
-8.716550605525992,-10.683222897817243,-15.88710066656838,-10.619732377005885,2.0
3.9063186235238225,-2.9662426021004684,-1.8437234094581965,-6.830998719598796,2.0
14.677323251830671,-8.069155483191137,-30.792758091549747,-6.724327605884762,2.0
11.966396144299196,0.7634296323196317,-15.454077816852191,0.7432448603875805,2.0
11.003936739538338,-8.232824606356754,-13.525819558640515,-1.074480908183233,2.0
8.975170398302133,-16.649339511487884,9.574534184616983,-22.196252063227234,2.0
-2.582134760686796,-24.1422641267403,10.19085685652978,-0.6035615239977368,2.0
-0.4330672668258093,-14.173426344007858,13.153896206688254,-19.775769723407997,2.0
2.359940510051505,-14.311308490636726,10.009034001958263,-0.6309677280737702,2.0
-0.4681891599411152,-8.792182938020156,-8.571089336141945,-0.6737727571962715,2.0
13.6130644598762,-5.896286749740398,-1.4146233451607486,-4.755277476739065,2.0
-6.0345614795176,-11.479774027968318,-8.04589764534083,2.850277178769698,2.0
1.720877668926725,-4.5126639455926885,-16.435630102281124,0.39382875553187446,2.0
9.968510513339018,-16.258037707899412,-1.0733201123061056,-14.50924261057899,2.0
-0.209727561213791,-14.040117571408034,-7.0428193986562455,-24.606363718605184,2.0
-3.2060143396308103,-22.242902163636366,-3.9356061321676314,-27.521270664790123,2.0
-0.9081224377138843,-25.059123208407254,-1.7970479593651945,-35.45501890889662,2.0
7.340619736840366,-27.4828468714163,0.5647771900256497,-24.622825396237666,2.0
-6.35586861597951,-24.230281606372376,-10.040421374874379,-15.637438326191646,2.0
-0.30906002140858346,-24.178692450239037,-2.9557119279948396,-9.865837685831325,2.0
-12.717606330616139,-22.685721826852546,7.3893640669292076,-18.649643204186994,2.0
-2.2534949231620844,1.7973540025221837,9.22599042320691,-9.375845199923448,2.0
-2.1125945907105725,5.012787522988834,-0.7764822398220161,-9.004652257176984,2.0
-11.88488847885168,-16.201701532229233,-13.038229207796329,-13.655123329670095,2.0
2.8112820745588687,-18.98050744150528,-15.599819947753998,-29.34138797800033,2.0
7.619004249518811,-4.960659807913592,-13.594755379303638,-16.603198494053718,2.0
8.413299156728462,-21.214742508708458,-1.3680441372276153,-6.022152522245731,2.0
-5.345453441987946,-12.917504864010253,-11.833266882110854,-17.741483772353835,2.0
3.6540233978295107,-8.098385396951704,-17.97045832978422,-25.015721814612878,2.0
-1.2917330900963329,-19.7817768715847,-41.85824912456934,-19.674070898999855,2.0
5.080209033411956,-15.507128095159274,-32.045935116558084,-11.732281714458342,2.0
-1.175861143724502,-11.390924318272877,-13.888846670985085,-18.98729715759686,2.0
1.7417038169859378,-6.778652608352266,-11.697565046815242,-12.07112378640733,2.0
22.15107845020713,-2.4350829108183785,-11.935968043578772,-9.498202842954123,2.0
24.009550907953393,-9.78731249105497,-27.264840785429655,-11.866089454152416,2.0
16.721484587313306,-8.869958783885682,-27.161910055594284,-4.633232200688499,2.0
-4.444807657816598,-3.6816189746991377,-12.323531208130955,-25.756387314097847,2.0
-2.0520295690243255,-15.921063598712182,-16.781133577423837,-20.384200308858922,2.0
4.1654918186630985,-9.34850418758074,-11.58692979483869,-14.446273431350939,2.0
-3.266475396254956,-16.995637084812326,-12.292526772912485,3.709399959219157,2.0
13.621278315073639,-10.816574740671156,-5.532424420322082,-6.54681796529275,2.0
-5.067798385325679,-2.7423537665418003,-11.934142193688253,-5.977508284116805,2.0
3.761927856126773,-0.1502549566175606,-18.56963328038001,-20.63231973470502,2.0
-1.520200275256331,-28.06837423905615,-16.14822258974828,-21.391129436340744,2.0
-0.7743048680109306,-21.458442070765344,-0.7476716739455842,-22.38237930968086,2.0
7.94124482684273,-14.754999477417485,-7.324143711850407,-11.241106112254819,2.0
10.779585025063223,-17.22621101983229,-10.720488154537767,-17.893602196175973,2.0
21.142041468526447,-24.70614131047331,-8.302329038108226,-19.80461190113051,2.0
13.668164553576865,-23.47115036111298,15.226399179882979,13.783578937563409,2.0
11.87438358509879,-21.44757039062844,-0.21474004132340951,5.7779909266655505,2.0
0.7398714309513839,-12.872043907826368,9.229703604111455,13.834270331184744,2.0
4.407499261552833,-24.906555861704398,7.487282014497176,-6.779194085958974,2.0
-5.028648437246675,-26.382645263416176,-2.3312919116446764,16.205875124237902,2.0
15.239429177542489,-11.534464761998807,-1.8127093941652968,-14.48485138692851,2.0
5.498605062273475,-10.58202216261584,7.848575049965067,-8.972380743442086,2.0
3.845536510815752,-16.357280084886277,2.9456699339357275,-16.745129646691026,2.0
3.2130826924717844,-23.202078950265467,7.352242165313025,-31.647256082705553,2.0
-0.06688703742681756,-10.248057105995912,2.2051505413077273,-16.07574354917962,2.0
10.834435281612663,-15.447481350259967,4.09981283179144,-9.138297498973786,2.0
-6.533280095103004,-17.943940515868995,-14.824145592959454,0.9500292367085148,2.0
-5.950303378833221,-19.258301163224424,-25.763387019631555,12.375139371753175,2.0
5.076985611300603,-8.840559546641288,-12.3775437383053,4.5608898801036055,2.0
-9.27325359068945,9.414730527438962,-3.7324036772911278,-3.783329747717959,2.0
-5.909265704294982,-19.053055004797322,-5.9266548166003785,-19.80368383851058,2.0
5.102703369644235,-4.21521636897012,19.614271309274685,-24.72907347645046,2.0
-1.8017992551449087,-10.372354012214357,4.691038166150101,-10.620163891752767,2.0
8.027777599913618,5.397316300841384,-8.444090231931439,-30.29135372945788,2.0
7.60300627790053,0.3418727407085367,-1.5017390634560903,-29.277497649745683,2.0
14.581753415935502,-12.940104830203012,-22.33238923191235,-32.672966560989806,2.0
12.560972335274634,-22.55892030259795,-10.625378777939348,-14.687356235004854,2.0
16.6835364172321,-26.147405304722888,-5.049326216417158,-24.403990463509814,2.0
14.623282756166525,-27.295151978213188,12.648560184225873,-5.4983946307493,2.0
-0.4898405108315931,-10.621575667600474,-9.619686990511706,-8.17422511570916,2.0
-6.0543780319533305,-4.058456520250667,4.7435061702169685,-11.880140589826905,2.0
0.7878089229771472,-27.286674963732246,4.474201879944644,-8.965363710369441,2.0
1.718605854545524,-36.58258756819434,11.386134829831587,-5.350263185690656,2.0
-2.5072776640513106,-36.77904895809815,10.401091587562847,-0.49616598407625023,2.0
3.1868143065237957,-46.21069819542805,19.953853411966122,-4.503550605060876,2.0
18.47547119764976,-22.25186680063876,15.31838933360544,-3.4636385902807962,2.0
18.532418041931045,0.3965173630586829,9.892671772725132,-28.672063306466658,2.0
18.831052739539125,-8.972194096242594,-16.99636017101405,-2.6183503587310035,2.0
3.090768976173119,-17.929425401109913,-26.01764255766853,-0.014875845450101899,2.0
8.464179517661645,-5.730746849483241,-13.207553697476277,-19.164982148018957,2.0
22.647219993640217,-2.855779378404698,-7.11881467714909,-5.583505764102171,2.0
18.888181445001088,-11.12475733626027,4.880655803602635,-12.437537929580355,2.0
20.278925349959643,-14.144426958601793,-9.196159063673832,-4.526108491531081,2.0
17.93302209946487,-37.317883145610324,-14.94605304811356,-8.292644132533555,2.0
14.900421251309306,-31.73434578194572,6.648255927856195,-13.795996432511506,2.0
10.915954931556833,-20.115698903458323,-4.8234863326755555,-15.701869901571172,2.0
14.457241262638286,-14.285230156819335,-1.2718152196390546,-21.061581781800594,2.0
-10.163027564711765,-12.272982070957854,-31.137001834267913,-16.026856904885463,2.0
-13.311780284166034,-31.33183225959715,-18.993803152891537,-14.749749914162136,2.0
-4.672094751503369,-20.69723042482944,-6.334869656872338,-10.108876872021426,2.0
-10.114598623043438,-9.473187277253986,-12.93146400909481,-22.77920880911251,2.0
2.043243408358963,-19.932099395016092,-10.742814372217312,-13.393268427808621,2.0
6.8043255496520665,-1.099191900112384,-24.72313734952312,-22.32332052922387,2.0
-4.420122865248402,-2.753119481993547,-14.467783760623155,-18.488710812207213,2.0
-0.5534548725203718,-16.788886682489235,-6.980405649934971,-14.129433575072426,2.0
-10.265255992884956,-24.046920052687117,-10.450511248630596,-20.30983018126559,2.0
-5.343694360722089,-7.026549972257941,-14.180221828519015,-9.652045549378752,2.0
-8.3077189531849,-11.26258209104341,-28.02142424277862,-21.577570644045814,2.0
14.716936923056029,-7.398897030708515,-5.27554548281368,-5.577002300316141,2.0
5.576810620926599,-3.980031959112317,-11.922257930498214,-3.726527408712828,2.0
-1.2682559150033368,-2.0350883998559617,-14.975221414208697,-12.223486550346067,2.0
12.432364568455625,-11.316651104600929,-7.333569260426355,-15.418694932608176,2.0
1.934007033966243,-19.424219097227656,-5.657933934716023,-2.9479580638491845,2.0
0.8597634609606244,-6.3565366664697835,-10.939858837029176,-4.603945802683372,2.0
-2.503518507161442,-21.552979022520873,-11.802807730370285,-7.871983600719678,2.0
6.8850153859513785,-34.72640081097621,-11.473249887859104,-18.856440940282248,2.0
-7.583641364926134,-8.958631408247413,-2.719291377766285,-19.23252156131869,2.0
-3.5103616168730265,-11.036524426919414,-20.67696273866164,-29.0800165022954,2.0
0.7933644303025611,-24.122143422275805,-5.375044272022656,-29.215355861149398,2.0
-11.279844412282662,-17.99806107460268,-14.608783877603509,-11.347800468797761,2.0
-6.742019538425504,-29.09305302153124,-12.142239755267896,-17.692852480199583,2.0
-5.715053204251995,-24.36556650946409,-13.204554602805567,-11.966407174394984,2.0
-5.829974760395346,-11.866824867351108,16.975912337039205,-37.30589504201563,2.0
-11.737481455521076,-28.779886855185875,-10.281452779490799,-36.243868963655444,2.0
-9.302367886007518,-19.11874441795141,-19.627836030572176,-22.80462668089396,2.0
4.525809026629995,-22.098372311654636,-32.760145120000075,-20.559451116346732,2.0
8.619950856166756,-15.711805301086276,-34.78942892151342,-18.37332244877681,2.0
-4.774787512238502,-20.98729325726287,-33.78821676566643,-9.806921507528157,2.0
2.9471450835655615,-32.81733001526685,-19.546157260621236,-1.9121954172166156,2.0
2.809047757866924,-39.60347380569928,-27.054956789648493,-4.097469346358677,2.0
6.065574233682113,-21.83394854325264,-25.22192884284194,-6.486224048399012,2.0
14.426745456418423,-18.192692144333275,-23.241604872309374,-8.446663295225877,2.0
14.402457777738118,-11.215878450138007,-8.483252513471413,-4.136386860675307,2.0
11.202181192838871,-6.434154372602613,-13.150540280130917,4.152075707426873,2.0
11.918271972359861,-3.9633247897990707,-23.829569109552033,14.480219150916797,2.0
21.092499847418466,-2.25352990478239,-14.746138770306036,0.3563969417716004,2.0
12.161176109525801,-15.641135811937614,-9.326659762829872,0.19441532482631274,2.0
2.0257096899585623,-7.361175715749736,-23.83253273275955,4.644973350697517,2.0
-11.812718980432974,-23.572753901205054,-7.637577877470199,-9.136635727000225,2.0
7.408665584235148,-26.41261922002846,-21.429882014133877,-38.086624150671064,2.0
18.31039978805716,-7.241955337941311,-16.341158869962943,-6.878917972873978,2.0
20.470254539521683,-0.36999202442035894,-10.638076881699957,-1.4768403618958672,2.0
20.791556699427726,-4.728792970183111,-3.364364184108403,8.814740828892514,2.0
10.03506593927338,-6.516185653672711,11.168124076208782,2.608487972655474,2.0
3.8673195825403592,-5.289923134266681,16.675279876271066,2.0128714563313146,2.0
-10.142914110448956,-16.229979935474024,-6.85251808736466,17.8212366574003,2.0
-6.486088861889125,-0.7135518310221567,12.687265241892803,-0.0014472405269065902,2.0
3.2979651119565703,12.059254031905828,-9.375303585110355,-1.3874914474341669,2.0
11.409222216397877,1.7916818218115544,-5.216952783657593,8.844820053353928,2.0
6.417102395684587,-17.136375391200993,14.331693048201522,14.268716125946058,2.0
14.79894375583104,-32.164215028602285,-4.525763753808484,11.67322365950804,2.0
25.539541007491337,-34.31026732403818,4.437611828789292,11.72430974748486,2.0
14.40313235122297,-19.51465754918634,0.43142038997573806,20.154447226348616,2.0
12.292715469868995,-22.555763369787183,2.894812399953574,15.630611174299501,2.0
9.11374621125281,-16.133716195286528,-2.923917753449418,24.61234133420067,2.0
5.59429313406376,-31.656866578504342,-15.42139781176137,14.172376395388389,2.0
1.6241315257925066,-9.303766956782798,-1.227770331448462,10.12205452487347,2.0
7.4503963138724565,-23.260628281327364,0.8068837573904881,19.191160210046522,2.0
13.031198804399686,-15.754887020341972,-11.833485311476911,2.8158764388066473,2.0
-2.135361712584686,-12.178270839502291,-22.35392529354117,1.208268834132685,2.0
1.6644113139625833,-30.248090799601705,-27.322654299308187,-3.7028454441605163,2.0
9.021657243163244,-26.42218083603891,-18.798212066442986,5.117678355757853,2.0
7.5104897776655815,-9.022596454967179,-21.226326899643382,15.977546996163458,2.0
-0.12781824977495937,-16.242606701180264,-27.42037750685002,13.213966329028516,2.0
-1.9103124584345297,-20.975964217363956,-12.658032447450214,16.341734553435906,2.0
10.963410435263999,-15.388496895574656,-32.10674110531049,27.482760852974895,2.0
16.78001899087448,-10.97061156221674,-28.66125752262271,18.879713028217054,2.0
31.38303239279431,-23.67272737193963,-19.512347224510922,8.707156476637564,2.0
15.305731103000014,-6.307978445365529,6.946485866567414,7.155672482271182,2.0
7.863402705796494,-5.038765921788293,-0.0428863665272714,5.0776666070389815,2.0
15.258051879259254,-13.193077746068125,-29.06671571739289,10.311165024944613,2.0
10.475880487864192,-10.784756759588088,-31.847268484684168,7.478799091553622,2.0
3.3878919590912355,-0.48064699155997914,-20.19977052381224,-6.076782866037334,2.0
12.144241599703205,-15.59918642790387,-1.2059307407291082,2.102863231368664,2.0
12.175978936716064,-6.738325117658364,-4.473905225460928,2.421605660901765,2.0
12.661259285579316,-9.509436041064912,-22.228881995978316,14.134136281512983,2.0
19.314826406014433,-4.4111256387072615,-22.786745238284844,10.811858098138268,2.0
1.5089451150095607,-6.21700358611807,-17.811283570128865,10.2866206332606,2.0
18.336118656416843,-9.013922163662253,-12.171181924539479,11.108412889742814,2.0
15.448066882972114,-6.739602657342012,-25.593758364134878,19.733597576914644,2.0
11.433484386957202,-6.803604992669396,-11.843061794965744,19.777168645098268,2.0
11.76959368114756,-3.463860910459717,-23.43774373061852,17.00390962945594,2.0
-0.8688288698800744,-4.8036844094422015,-1.4163246615412,10.774955783300115,2.0
20.966611117136566,-10.341682032642607,-4.542394779933023,14.214984847435396,2.0
26.21308828928497,8.05611908508043,9.907379132074936,19.758157794483658,2.0
26.296187743914768,16.498856538443864,-13.84633718433921,16.886594712911325,2.0
20.725995731204684,7.281825213549366,-13.397101219832116,34.26766479854349,2.0
31.361438791873567,4.814887630708142,-31.42367013994001,26.00350302618152,2.0
28.762542928593163,6.820833021160116,-20.3647717300651,14.789321298294523,2.0
21.184987545090067,7.971539559872198,-21.197767350952216,30.208520691125507,2.0
2.8592907098027016,-0.6828931298895533,-26.71062595750119,36.81150757213457,2.0
1.6603693720851418,-21.023028911993364,-19.734011957922814,11.803424304507114,2.0
4.938912600842701,-15.173999667521247,9.530029229874096,8.898641981644872,2.0
4.627432328841702,-9.91492572060808,-0.8138338967221475,18.98403715348221,2.0
4.635110235246674,-22.891731715408863,-25.46450490243609,10.325054267297615,2.0
3.446185125003524,-18.193942790082684,-17.33711390248295,27.761419354098578,2.0
16.754237945720494,-17.6251113577749,-30.403586203706176,29.506378089618742,2.0
16.702861148714216,-23.858646051009103,-15.55219623162246,20.335204966243783,2.0
22.780747981796935,-33.07977911931037,-15.699352487023365,9.497253057481926,2.0
12.091576893411538,-34.10528108951691,-13.327700765039083,3.753000875169964,2.0
4.903405641348545,-1.283397153775633,-6.729078390630271,10.516784617457574,2.0
2.5243663452647813,-23.163778947302657,-8.003600575174332,22.905884959716275,2.0
2.6353245236100413,-11.218037150414535,-2.392585629218839,29.437126476638973,2.0
11.361111557108405,-8.352960212290315,-22.276056626806103,28.926297590804882,2.0
3.8488377917672283,-3.0747176973629555,-13.12372847104679,21.51583225775137,2.0
4.102787470476337,-18.01892033228241,-10.634622700411139,4.707771633156469,2.0
9.642973991169875,-20.881557789713984,-16.854765575650404,-10.974122134745171,2.0
19.645671001499956,-27.052633521186188,-17.639353678595086,2.779551911780729,2.0
17.024735471713196,-17.468126404514013,-21.42282324286368,14.698193039360671,2.0
14.485367187657452,-20.00691206677838,-2.884504165722769,22.282647594058872,2.0
5.19626797280886,-30.52182892862965,2.709476956140276,32.30667847785381,2.0
0.2551669455578045,-25.439741150702904,4.9292042671641205,29.801417563759887,2.0
0.5476425641585445,-12.86431914201963,-1.4333452769848698,33.345686667901944,2.0
4.038750282489524,-9.157904492605756,7.647509275969371,11.48912845958893,2.0
8.104441677033758,2.968825004483797,-16.675985972481286,16.32571567939088,2.0
18.340497245565015,-16.319981809943506,-27.1381620776177,28.277720030954487,2.0
15.971755387625304,-22.21214595207768,-18.58210385730713,20.54672922212256,2.0
18.714081137615857,-5.152008042826548,-17.486405265123544,23.02901581980045,2.0
34.61390434258193,-13.605257148843348,-22.635473976033715,42.50547433821673,2.0
22.586194362706916,-4.103439507811386,-18.351102172536883,24.234762243945525,2.0
12.188035766068749,-20.077871477704182,-0.1373137529905457,21.72856997899529,2.0
5.191179193757595,-25.52532937928298,3.899205282759824,23.964913162888003,2.0
2.925078605392782,-15.083640850722787,5.919651950329026,7.93748033962819,2.0
13.403994064796944,-21.598894553514256,-7.891409959852348,0.008986733956811932,2.0
-2.1094153124817954,-16.448287712676414,-18.930327832087265,5.448600001467246,2.0
4.4768451691982865,-25.902969669466046,-0.43419798997778436,5.706692718766263,2.0
5.596195541191266,-28.142292217434047,-19.946236592549155,21.370860004034817,2.0
-6.443057117296516,-14.303437008837207,-16.658159553677706,22.727751035218585,2.0
4.950804685847108,-18.284828284722813,-8.021027505635917,25.30288548459275,2.0
8.152002153781803,-29.34165215925938,6.1697394417226725,29.634526345252322,2.0
2.685607525412342,-15.093026248280633,-7.232225084535411,16.163793928515375,2.0
12.078257489649697,-25.93790726680327,-2.5352266133843884,19.13103967776648,2.0
16.767791577493973,-28.126763686187715,-15.710382307736484,24.291038959887857,2.0
4.551969015382875,-30.720909316383835,-13.73128606259161,25.1140934918516,2.0
-3.130601079894996,-26.95440537855689,9.668961813837399,15.626091096954886,2.0
14.01219572218168,-9.972757921366,-15.516263687345509,-2.328610326454154,2.0
19.03706666054407,-18.71380389103842,-20.29559060976503,7.817106363458743,2.0
18.18338584668388,-46.10517950801487,-11.349944831433888,9.881154902924134,2.0
3.295028934749922,-31.328725878856332,-6.378121444455696,21.215558573200383,2.0
-3.7748670768352337,-23.091131072757847,-26.84037265559506,22.1792692746094,2.0
-7.389608569779966,-13.34134885917884,-22.48608989529282,19.475971091028093,2.0
1.5242734609167474,-17.593459208752034,1.5477951055919767,20.713613642504967,2.0
3.1533587595236625,-0.18797167759692535,-5.958612427340888,14.95212989316702,2.0
-3.3120991787340106,-6.500013662002485,-10.369988874309715,11.019913836292796,2.0
-5.263126565432738,-17.715237680145428,-6.003575748252314,-2.6428239971695184,2.0
-3.296999719622768,-10.067244827826713,0.80801195399191,5.883116015734401,2.0
2.973360564717918,-11.047586776570238,-19.26978527642392,0.7771811259734225,2.0
14.470346560736624,-23.186094143544572,-19.846884203704946,14.439053227403999,2.0
8.012874726850782,-12.258219406719562,6.900994515418543,26.219835658143793,2.0
4.823831180687428,-3.396531434931008,9.573460131984207,35.22239877236328,2.0
8.507397480724661,-14.110636769328936,2.357263246045653,33.6441401233593,2.0
5.792251374547657,-20.0983127419669,-1.6607300965656062,17.05390597783103,2.0
-2.3342822390669298,-17.837005861580423,15.339401902283127,27.911447766547752,2.0
-0.6652496640075629,-31.823768897053718,16.602992791418675,31.993584252437294,2.0
7.0623106676768765,-23.599906855102752,-2.303827936100988,19.166655932028412,2.0
16.15068742074847,-21.462768480573523,-4.197294157891941,21.53454098995113,2.0
17.536364063761958,-38.23797648214666,1.6043263451926757,25.210696930514338,2.0
11.877348830615412,-36.29070686611742,-1.1103354827078977,20.229164200272855,2.0
8.425219122341606,-13.944169918401446,-6.5503021721052,0.25853512838156156,2.0
17.495874316745713,-16.035369284730084,-16.056383835960165,18.852526271093264,2.0
18.741014134576385,-9.11272545552177,-17.963862999638508,16.25457659339356,2.0
11.508011209714425,-12.62322346193486,-15.67084126247903,10.962584711421027,2.0
9.914704167012651,-9.12572176548121,0.8338251735598163,4.400868016436215,2.0
18.178871869071344,-5.3934529875398844,7.588383426814605,4.782249724079719,2.0
15.445572758457518,-11.433051981351039,1.3623945970215745,13.260220689350398,2.0
17.414460146957044,-5.451670282419901,-3.732573802381687,18.581413753876944,2.0
13.676675932568813,-14.273030924557936,4.558558089884139,3.5864122224509565,2.0
16.644878870844767,-22.038025410859163,-4.181397067902609,11.275016521278987,2.0
9.12286845388799,-21.072810013042343,-15.646573495316876,15.366268051052975,2.0
18.984641591641644,-20.25300743891015,-19.35292358427543,33.63430712661619,2.0
14.66054029111261,-13.734298809044224,-17.90424472706375,18.588710529547534,2.0
4.541832414134285,-18.539164928424178,-20.21350336749626,5.116145437104896,2.0
-4.377154891697966,-22.887092428497276,-13.940380013903638,13.240492646809196,2.0
12.591910744074086,-22.276712815745583,-22.248793595478183,15.15477274334909,2.0
14.138419937590953,-7.91401860121363,-44.08412386848388,11.131635077864267,2.0
-4.032179264441922,-12.934967113698514,-28.45153765229272,7.387418130393602,2.0
7.277026315283105,-17.975762418958087,-14.53271103575493,16.521721299396553,2.0
-12.592438359061516,-11.527866733860632,-17.511518919605628,19.80472383190086,2.0
9.650186949675149,-22.55439949819982,-13.850421616335526,17.22861248263844,2.0
5.320874815134311,-22.982283522211535,-22.370699508426878,16.52692347577131,2.0
1.281669728771135,-13.317756017064843,-24.63855339859189,15.531570949245225,2.0
4.928161517153603,-24.70084363212435,-7.4231871597462735,6.886745191289776,2.0
1.3354318745977851,-23.45909406704637,-4.912664286981738,3.6513741423727915,2.0
1.1302615119466146,-27.56377890530525,7.793411995046743,6.287493132042849,2.0
-7.809831628665384,-30.013596848073753,9.920428388123938,-0.28764826203777005,2.0
-5.6792530247816515,-25.979705897370803,3.5080277191057654,-1.6414720574186692,2.0
2.7484655407744487,-10.042779017995448,-6.8927873809937275,-4.783050540130766,2.0
4.963691953799197,-8.97588073883237,-10.03098466802738,6.132896053552781,2.0
9.242242958379528,-2.8129986690241324,-13.567426487917535,10.064198704236695,2.0
19.70078731790362,-5.530979258895282,-3.3695875565827853,20.480811870185946,2.0
15.459851578485333,-13.540824082371287,-0.9834478642751332,19.107158060653653,2.0
10.393876666575498,-5.440108377522108,-7.318487306850362,14.868513755310913,2.0
3.5688378025430714,-5.370578765300994,-14.735923758557503,14.376760080178798,2.0
1.9672391722543114,-26.342245484891304,0.6170290595350485,14.904870078283377,2.0
1.4818922576926319,-24.874817955159386,8.566958127955672,21.64790470647244,2.0
12.119800897431476,-15.695529121773479,-0.8251711976299099,34.98627692654144,2.0
17.141235627454186,-14.167048201878316,-6.011356841613922,28.82621989600875,2.0
22.87190373497241,-8.810541677044895,6.562749061058109,27.351521429066693,2.0
-2.914405041371193,-8.039880183059477,-32.75126550134067,30.20604209823392,2.0
6.012860717962661,-19.58589704939798,-29.531026072451944,21.650925777613065,2.0
20.65381407881079,-33.527931094754706,-15.905393594507649,12.366419019422139,2.0
16.888978908700622,-27.83839932291568,1.4375549241144103,7.713198809314475,2.0
1.13994536860484,-21.210930921566646,-16.70307543014653,22.552958095158566,2.0
13.499439404801052,-22.086157169550305,-13.461279886989093,34.343561047297385,2.0
11.308296180890546,-15.727077834302209,-19.1760803362418,24.007711053519973,2.0
6.566970045903075,-14.870880208220369,-16.410048363525135,17.25594591034012,2.0
14.07622742321978,-26.068713191670962,6.418511584355089,15.638838191601337,2.0
15.904930554592886,-19.407158579422244,-1.9919550814504534,20.062648403188323,2.0
16.877491075474836,-25.749596029184353,-20.53235619169041,25.47805577637999,2.0
21.314591034837335,-10.59258392279077,-40.28895783016393,21.45889866947766,2.0
24.841908239660377,-13.810434899172424,-23.072718872278816,8.058301901589656,2.0
23.659729428073188,-7.962892648050778,-14.212976834465662,14.144943083498806,2.0
14.536456238904464,-15.450444563090022,-22.32805182001838,12.258004461903743,2.0
8.918014240338298,-16.718812337780673,-10.179623023830395,18.663808465303603,2.0
-3.7521540244436444,-19.301848479497718,-20.853677650058923,11.986871362075046,2.0
15.285993720887209,-13.959869050840478,-15.992833332164277,9.657924707233544,2.0
9.306291342140456,-16.10891267204581,-13.982222198550332,-1.9677439194165016,2.0
4.1174904881208505,16.67705488905588,-28.60163165449101,-18.88405042356686,1.0
2.369945387275962,18.177256578934916,-15.885655361253356,-20.52071092638709,1.0
10.827177716153692,23.920896443731287,-9.222405991187802,-17.39907428832305,1.0
-14.973683497926492,26.192519258505172,-12.13427319940956,-17.672842234534947,1.0
-16.24853293452688,20.060929614211933,-7.047722315678367,-16.681772729466264,1.0
-5.102872721234524,22.57739491564611,-13.501867583658335,-20.63724277532704,1.0
-2.200742077308934,25.027292690907494,-13.388474014457964,-16.37549421030143,1.0
-4.035863037094114,18.5423992702281,-20.48419167530546,-16.185118961037656,1.0
3.936542240883194,15.107126069874958,-20.51969658180918,-17.4676059573925,1.0
18.109304911443814,11.101821670637547,-17.306366449154616,-16.598506608926943,1.0
1.6735783502927246,10.986870984969787,-9.255257550552361,-19.24135240917498,1.0
0.3870207965756154,10.107707202191067,-16.569125587549923,-19.54531425291504,1.0
-1.9182345843522095,3.354077684543494,-16.241142662559955,-17.93489789573059,1.0
-1.5336936719569265,8.308549217660893,-14.02939108740425,-19.622140343212028,1.0
-9.535316933997303,4.063147591553413,-15.647969873873176,-20.440334246309657,1.0
-9.05756428318764,18.208628342781612,-14.7296888917406,-17.26904772338798,1.0
-3.8873787802809385,10.69701476071916,-18.13233726848302,-17.81099013768422,1.0
0.18069991387207818,12.955477499821782,-17.297426088893516,-16.227398826755042,1.0
-0.5702033866113303,27.259805997766634,-28.797094888716465,-17.12093025629201,1.0
-1.7813458550409442,20.420923487696868,-24.132412325114387,-19.611814997998383,1.0
-8.604719373257758,16.731076422627623,-22.491043527150016,-20.14149486218741,1.0
5.285677682727364,14.16715200041493,-29.854112318865408,-19.12447409632215,1.0
-16.73014012788173,20.386348096990126,-23.80393086005885,-16.19118571248276,1.0
-12.000440934544898,13.385437792470437,-17.389819976609378,-15.268106415758723,1.0
-0.710349703289876,6.935225114578089,-18.173840623119894,-15.95695867516971,1.0
3.1271418822715247,18.508318733184385,-17.996232848570628,-17.240221850232096,1.0
1.2579937135175023,19.074909544898677,-25.726505903181053,-22.653440907496073,1.0
8.77732468080366,18.116971254757658,-18.51009818654872,-22.300968678117748,1.0
12.361021305784533,10.102054133165627,-18.636362655600962,-23.37093662255975,1.0
1.50509532654912,11.310106624771917,-18.767944703342717,-19.118871736820108,1.0
-14.076736714256224,19.270283148357485,-25.876792234771244,-17.074500732340162,1.0
-8.352624178203872,20.72019316193342,-16.434598489270435,-16.437776515593693,1.0
3.397679869746712,29.18392622999247,-18.881665638902156,-15.252759274443743,1.0
0.24418721571283175,28.454368068669595,-18.592002705041544,-17.19614108628208,1.0
6.496800234206436,24.30111988092348,-19.016554495493178,-18.288786385449228,1.0
-9.706099786889563,11.812052786483058,-21.246054304702344,-16.543590958915992,1.0
-9.858839853082333,10.150106001231233,-23.81914788841069,-18.320727405386425,1.0
-2.551417572177039,17.570140936553006,-16.23452240163483,-16.834300029633326,1.0
-8.561187577678151,19.310781295384928,-10.581700723518134,-16.67508244877183,1.0
4.01426584836135,21.623946306811227,-11.95676090116245,-15.521155414946515,1.0
7.794236085098752,27.067675026633005,-10.514182292596162,-17.908573755290615,1.0
-2.1026006426439334,31.381401370016487,-9.794757530399595,-17.725545407778906,1.0
12.512953394631698,18.041589357074336,-10.072052529894144,-19.228035877553218,1.0
0.8357333406893916,9.674464605017315,-15.068148420014326,-21.324525226806774,1.0
8.155815135905076,6.883381493490488,-24.271708881532504,-16.730941790355942,1.0
9.1075116679032,15.905329766414217,-20.22409659696899,-21.3327953236682,1.0
-14.214095084901432,20.635918073436496,-27.723648362674005,-21.513154069691915,1.0
-5.319625234453294,28.50813514017535,-31.148359738468383,-17.992014067214857,1.0
8.657150952215119,21.68028212912273,-32.022319378135414,-20.037298899160092,1.0
-0.8581682235257113,18.39654322255527,-22.43119344956559,-18.00395773712503,1.0
3.4994849479891745,14.138854573645267,-25.609784655860068,-18.79452881555852,1.0
-0.19168656743115342,15.970287459307166,-26.576561220381087,-16.455143047364114,1.0
-1.718238979434899,25.476538815777864,-18.204361146803535,-16.68691640460093,1.0
8.745355180558537,20.25562777353348,-18.400107996029803,-20.103297593038658,1.0
14.426374970897491,13.259100598468194,-25.849833715683204,-20.52689625604688,1.0
0.42028967370973014,0.962054855792557,-22.537922063526654,-19.63419783387623,1.0
-2.6759891384619126,2.964352654541962,-22.34478663400741,-18.343865315330454,1.0
6.383102123070528,-2.6171419234494593,-8.343041877285378,-17.925965800040583,1.0
5.898662991751011,11.991654755224634,-3.1456929088259358,-21.043364246526345,1.0
14.774174711921892,13.643863184572567,-14.290284091008417,-22.94922384484916,1.0
0.3983060790050814,14.602271808626547,-17.5775245780497,-22.54317438954966,1.0
25.10629172186592,-0.7581094675787874,-17.704861155440845,-18.935891224931748,1.0
12.917272196560628,13.297544327815487,-23.35913713818463,-18.0047785759285,1.0
3.6459468581742684,8.312609649253304,-20.24769903914913,-18.83892738329147,1.0
-10.182407502068793,3.244437333437393,-20.2651047468567,-21.528307995289445,1.0
-3.6288040247096665,21.613592814311303,-16.333449805391368,-19.991512765964067,1.0
-5.05419963198327,20.17790493419788,-25.486208254083564,-18.928259816841724,1.0
-9.60401491413155,23.778560509644006,-24.496646555471287,-15.4446019651174,1.0
2.6833088340967923,16.974756592328653,-17.2937492816526,-15.418442283709311,1.0
-0.5437653638087947,9.583286330213777,-13.458904802726613,-17.023445998565148,1.0
12.36941072612036,7.366106218449651,-14.833127815363058,-19.075643895461997,1.0
-1.087925388965627,13.361622185121089,-17.645394625869244,-18.169067033316477,1.0
1.9063032919076925,6.11177316444485,-18.18876728830742,-19.512963126603942,1.0
-4.975511921928845,-2.5106330992766708,-16.810110784374587,-18.83073435019506,1.0
-9.58769619694934,11.822987203134087,-24.34697947427998,-19.85830854036775,1.0
-5.923413185598271,22.06988696338943,-27.286513590954506,-22.38097222933306,1.0
0.17395516562175484,21.63774326079957,-27.511934744831137,-19.666903649220053,1.0
1.000587299937358,19.99054965688058,-21.55644749276528,-19.25855604574251,1.0
-10.387456563802067,13.488420149412338,-20.59809220683165,-17.729670912688263,1.0
-12.554486058475492,2.599179856952958,-21.656728439185024,-18.463570887158852,1.0
-12.639296978508959,19.26662848085516,-10.677180537318293,-16.695362415475334,1.0
9.985330903556155,13.96473193397378,-17.323411766232677,-14.282518170381191,1.0
4.575969227366842,12.94767947099057,-19.366374865733377,-20.337297358074895,1.0
6.785859447590338,16.432449633733295,-20.249503534688312,-20.680271195725883,1.0
-7.053589145312499,-0.102913341961818,-24.031061098930746,-19.320499215227734,1.0
2.5217501479833886,6.934382684343508,-16.744666051025632,-20.146571047686162,1.0
2.026076214219551,26.411932049475766,-14.583034438182379,-18.716562673920166,1.0
3.6546081345169883,16.954200677150176,-23.145400064753122,-16.925418904769483,1.0
4.41806457261705,15.89580009785606,-25.156928694472516,-18.038398685675094,1.0
13.879928254466964,7.891679141367909,-15.572596447995243,-14.805352100863956,1.0
5.697883783807153,6.037471322876725,-14.13839836293173,-14.5082402076923,1.0
6.433490937961695,11.23311583095133,-14.356190117687795,-13.82158879385353,1.0
-14.531549387837828,28.773544708545472,-22.79818464791979,-19.56040140930038,1.0
-19.750877890534948,22.08233682445927,-20.541531661446555,-20.584902404466924,1.0
-19.176940929734,15.137634505695264,-21.926803432851276,-18.307079621918415,1.0
-4.221646741687463,8.63933756020732,-22.542694431897104,-19.141332288599447,1.0
-1.6870900515642813,13.111136496621725,-19.280562369873557,-21.839147324787522,1.0
-4.968658393340215,4.06866431846025,-26.91843014725535,-17.622395780008148,1.0
6.052423834975057,12.902409806810084,-25.188373692111902,-19.22672711118411,1.0
11.812033844626608,10.901198037896116,-20.352256576834783,-17.279178193598582,1.0
9.260170162917381,19.075920791204044,-16.988736306057405,-18.327294164383538,1.0
12.303947589502288,21.799461889095085,-24.290550147085,-15.928801719749673,1.0
6.5267381996662,7.851843588981291,-20.934436504399827,-12.85596033934797,1.0
4.954617611610343,20.206436281627308,-24.914278361640967,-12.55243708877135,1.0
-5.85422097688563,11.071184465923059,-22.66868838227681,-9.305750847127076,1.0
-9.563164707186232,15.430789218300692,-25.964993251002497,-12.83001128995962,1.0
-5.792362686050972,24.450235851764884,-25.06155089014873,-15.725700132539044,1.0
7.3938965980111195,16.97868421267286,-23.93197723199129,-18.644340627924198,1.0
0.2065784865817566,7.988569491370619,-16.921087197012074,-17.007924714203295,1.0
-3.1432513165850446,8.480012829824238,-21.01353605414479,-19.59462524736822,1.0
-8.803512962446959,21.803143232247514,-23.12874702273704,-18.598991631657835,1.0
-11.419560785876442,11.728746903302511,-15.985419418383369,-21.211357656705896,1.0
-7.071616757747828,12.636276503805403,-23.531987652913426,-15.539433493909616,1.0
12.379117988328456,12.089581637387376,-28.066619973692493,-16.513898954504157,1.0
28.92673410161076,17.867947406428065,-28.62433630887655,-16.788090493887598,1.0
10.519094438791775,18.039760647827414,-30.500493646188406,-16.768323145362892,1.0
4.0409616099013945,14.688274466505899,-22.7097792459717,-19.212694333458742,1.0
11.042531087988456,13.667035480267938,-22.689846750434263,-13.93078920341631,1.0
7.777253385450403,15.582068047912621,-9.730305288826923,-11.117287751779124,1.0
2.929366606129072,12.068040631989469,-17.963812196182314,-3.3811484320014693,1.0
18.77135219699437,17.98590870948055,-16.92069056326794,-3.610668159751346,1.0
34.552682268121416,15.676123891741254,-21.057586794895162,2.6224048235987225,1.0
20.07477760528628,22.597381964419377,-22.166769238049724,3.7949539872336695,1.0
5.674857593995656,19.136508828218695,-21.303593375677437,3.3140482514444507,1.0
3.3282288163574343,14.230880131825934,-18.263575571147207,4.643339679292564,1.0
-4.57414933933584,11.23607931062545,-22.931436394126262,4.61385580989451,1.0
-5.3910853851263845,15.185762608900452,-25.482195512547506,3.7781831649633104,1.0
-15.829942362069374,8.344001619137492,-15.538475556417337,1.3578601124112613,1.0
-12.448442790375875,3.9460587840368486,-21.693954293011522,5.233139432092263,1.0
-10.845223037790145,-0.37568856925347305,-21.859372727609372,1.6711240199227895,1.0
4.348421071595194,11.96560581545561,-15.579534587698237,1.3880765877288057,1.0
-12.819415977802311,7.389401152967771,-19.217987257564943,-0.6562144599850275,1.0
-7.7734153234543175,4.555675130648851,-17.48293038749732,6.139331140284434,1.0
-11.661791314600894,15.039468355581922,-16.388289435209643,1.1225021058407372,1.0
-0.1813947337565338,16.527795691110224,-9.809707455776195,-4.535290179593181,1.0
-10.830050955537178,13.625261450726377,-16.757511005558378,-4.861224517113975,1.0
-15.222911680604568,16.708341761565176,-23.502223825725864,-5.426397822713879,1.0
-3.1074379958025684,18.90766816377173,-22.170373525755064,-7.509881086513993,1.0
-12.322974830328853,14.539964629849,-30.875127515235647,-8.001642785054177,1.0
4.839834511732978,15.915585386930214,-23.715803201570694,-5.698909614494424,1.0
-8.432781594556895,9.535401172451158,-24.167169538360515,-4.253622815967272,1.0
2.2001958236972676,26.13636125396814,-17.417872871241308,-3.4614745901214015,1.0
-26.416500533458922,16.686541869326426,-17.79256959099746,-4.06010532380458,1.0
-10.349126973009351,9.358014530563871,-11.364571956288993,-5.541822032292462,1.0
-14.598010047242239,10.964426605885954,-12.378082184386678,-6.80465457901096,1.0
-28.00479792819496,18.485354026914997,-15.603163112798061,-5.180076205039906,1.0
-9.401447404188312,13.513210574894858,-17.913413867098562,-4.54034790668481,1.0
2.8153087313145804,17.7198360351189,-15.774644334940033,-4.753047445508604,1.0
12.123225286014907,20.967489816278206,-19.94021865015585,-4.831424641566529,1.0
7.59473735919374,13.917892472931804,-22.46347608791867,-2.748404990403932,1.0
-14.464517207164924,17.01412467259249,-24.007396712445296,-5.921573690401312,1.0
-10.656687794845794,22.6166970757196,-18.954380882929932,-7.045777162767692,1.0
-22.185930067110696,14.99444181433299,-17.7839853433402,-11.622155402226664,1.0
-13.243744476259277,16.315317952451768,-16.432811521530603,-7.966584809998113,1.0
-10.374198595064586,21.80441430290466,-20.44653443469711,-7.934435345600198,1.0
-8.409716956988948,16.76885799894495,-28.083934599928106,-6.545862844915768,1.0
2.700218314728419,22.36905131538697,-15.592622426097746,-5.411378543408975,1.0
-1.345198241311822,29.558098210913048,-20.71068428896198,-7.069084165862281,1.0
0.7926813892547706,15.689956664336911,-24.399758829568192,-4.21765582268232,1.0
-4.813605348810124,7.043732749569793,-24.320280319341368,-5.2188586878120375,1.0
-14.738703181374197,12.117793456554809,-29.442035907419147,-4.6378549512252,1.0
-11.352652337516252,9.599684371897531,-23.31614768580611,-6.578218346836308,1.0
-14.690417840409694,-0.9970798242255388,-23.784936833030955,-3.1498847854385223,1.0
-22.214437000522018,7.694473418578747,-22.750289070732684,-1.7283310348820176,1.0
0.43806703170246664,19.706705385624854,-23.51449890809146,-8.649997963183134,1.0
-13.944555020791872,23.944940734214292,-16.860660703608442,-6.444899577257303,1.0
-15.08523253401778,11.549347316025031,-20.150331035706095,-5.566701039391146,1.0
-19.555175375539818,13.413770321841861,-26.620785822525793,-7.072544596098103,1.0
-29.16331922653773,4.1523756442146755,-23.68886734194303,-5.780548272196386,1.0
1.7718355028271553,3.772884933932863,-24.511196583452556,-6.293195184914163,1.0
-8.987983673202061,13.326728348691887,-24.507371570409894,-4.517972223734933,1.0
-8.363496113122405,18.465748118669108,-21.079325431030654,-8.856511807985193,1.0
-30.894333432834593,21.011741586440174,-14.223516047868543,-6.8522475198549015,1.0
-22.87986221106398,14.857112317286218,-3.6971012059187025,-8.180023302067607,1.0
-25.16498724837478,16.84100295316883,-18.751327511149213,-12.773505320826875,1.0
-19.779635112683064,25.056935436348727,-22.22923846814287,-9.252617781351017,1.0
-3.381873211448136,17.602203305798678,-22.302240433355557,-10.197528434715583,1.0
-10.034068093149006,19.257103247568793,-19.90525593772658,-10.183249470888654,1.0
-7.269797942814398,15.227273073192173,-15.185983417018283,-8.343203227905576,1.0
-12.841490676611864,14.375175343992419,-19.191862967162375,-6.471012865088175,1.0
9.125995360400639,7.207509217560876,-24.424965080940567,-5.518719261189936,1.0
15.56725691573278,-0.5651525804381361,-17.314886342484794,-7.816147505683238,1.0
13.575594525973358,5.2033962571561,-17.35604342865446,-8.461813351350928,1.0
-2.806422009443441,8.475431216823873,-3.548857668656378,-6.8994366463518215,1.0
-8.527295715637486,5.224052599152109,-18.092387587330578,-8.308872344829833,1.0
-6.506890234371793,15.143130261520884,-14.352116393722241,-5.409969107140115,1.0
-9.016877021201038,20.068204146695674,-30.218381952718403,-5.6950262708953465,1.0
-12.340221886252644,13.110021320473958,-26.364052161283137,-7.82026000661467,1.0
-17.625961296519364,15.789605501205479,-15.150158109295889,-5.2453021951517,1.0
-12.45601160849751,18.10911044927933,-12.487888623744201,-5.199608937060491,1.0
-7.915057161502759,33.340047099368036,-7.3400649313443065,-2.7391913829772703,1.0
-15.794393633950179,20.638425112418624,-21.242719456820282,-4.382883647864821,1.0
-9.869987684368649,15.200023132592097,-20.115926127322624,-4.051432323720492,1.0
-2.26736958898824,16.196008250201103,-18.587260397081153,-2.534818071395792,1.0
-7.075027749610254,19.39270548315946,-13.318152620373578,-1.482156679048174,1.0
-18.449379188547084,20.89948196102941,-15.554278102999069,-8.14088005001859,1.0
-16.37476201326713,19.298810027080243,-19.68023879549657,-14.332365667401458,1.0
-9.135420058225375,27.928529130161152,-20.532791738508237,-12.313488979079548,1.0
-11.44973787911684,13.581525820794631,-26.761536832862184,-5.48073644756991,1.0
-8.119308698060603,15.405560370202311,-28.207793927744728,-5.7783637897628655,1.0
-3.5282034402578812,11.434203588691094,-21.946685666431886,-9.430397451494809,1.0
-23.667871433370763,15.58676054291404,-23.13261820791351,-8.154199560286997,1.0
-38.380500294243824,22.2508428279818,-17.31403347338768,-5.783674426629601,1.0
-28.48741453281391,22.160407602434667,-19.857998277330893,-5.481705602245286,1.0
-20.703391177886417,18.182409409787024,-18.767433391873887,-5.0546327745541895,1.0
-9.33333123797222,13.822621638209615,-18.880651096020113,-3.814002037113947,1.0
-7.194086976516312,15.572530304875345,-18.939115914815343,-3.1838783974070406,1.0
3.503857441113487,25.64875107748059,-21.680401585669827,-10.62859140387669,1.0
-8.593675299183172,23.591651190260986,-22.452633417446012,-11.18341042222192,1.0
-2.5157275543408506,18.097268413789788,-27.254498412595886,-6.796027079157741,1.0
-40.814502119029925,10.202156752482038,-24.737939263816898,-6.299726849136953,1.0
-29.225285274219118,7.328186086796347,-18.59329646378898,-7.833235332927433,1.0
-34.18503205996201,11.39541177935512,-20.76323571799371,-8.030753399038039,1.0
-33.163962080524854,19.70099054800926,-19.101792171597797,-8.94569748852846,1.0
-23.385919378738933,19.05959831055331,-23.131802226376287,-9.58578539637557,1.0
-18.088487864940916,27.815705032431257,-19.29046645778243,-7.449736176291053,1.0
-26.151326910080535,21.279134560010505,-19.375968711972188,-6.052054321080469,1.0
-13.451119525188236,26.273517873508982,-19.87250223350223,-3.6678019983537555,1.0
-6.393557986092447,16.730741272713793,-16.282445148863342,-7.473324421469335,1.0
-32.46141565079573,15.21542107379879,-25.82888895061062,-5.1992615676978,1.0
-27.817595202828983,20.112863285284682,-22.57957868559194,-2.887976043725052,1.0
6.440002228844213,22.932363900945987,-27.811253562923255,-1.3000081499753673,1.0
-10.945854917010596,21.465111345708987,-12.160788650588797,-3.401138530401113,1.0
-4.778265342930535,20.713420490245134,-22.415136318903585,-5.17600529147307,1.0
-12.991557636134804,27.77466526290658,-24.898815226537156,-3.6662045176089633,1.0
-17.650420943799364,19.744545239037002,-19.835964287389814,-3.9933932587015004,1.0
-28.079976945908857,22.494458955623806,-23.675882968605684,-7.875756024859157,1.0
-25.915120768618188,13.327689660763369,-22.790748918164947,-6.547597194856788,1.0
-29.449959117071188,27.291796610049584,-20.811548003870648,-4.815412660253113,1.0
-33.558860228543466,26.293712605851148,-18.400580788575777,-6.7133870416365,1.0
-27.511886433105108,14.824648492103902,-24.725318175875227,-10.347713511756638,1.0
-24.643816963271288,9.143000808007551,-29.233504565084857,-9.896674445386326,1.0
-19.67151635440087,13.352301448085555,-20.338921119356847,-2.826133575946787,1.0
-21.836630248102054,9.912169362767004,-18.745999319701582,-4.637649212585655,1.0
-18.92005813837038,7.608517547769267,-20.066464536175275,-4.066690814599241,1.0
-22.839918560146113,11.073645353969132,-17.828581047854918,7.0191171929471725,1.0
-16.80732659043016,25.885526722248322,-28.058213182619575,15.383451986337066,1.0
-13.491897461913712,20.429347665426214,-18.097588848014958,22.012795649018383,1.0
-19.50216686947305,28.107582623339624,-13.94094451181152,20.307637994867,1.0
-9.509361959446986,33.64856219526797,-17.64244885751223,19.025010046773264,1.0
-9.024469083487503,24.167618833552446,-19.74046706256904,11.76002731802539,1.0
-15.513242655682244,8.10704539573629,-18.592028677500664,11.52799024270723,1.0
-23.659612019572712,19.130265169877248,-19.65248162496605,8.813033769808207,1.0
-4.557502947628226,5.751427408398753,-20.610398841117853,9.022790145886876,1.0
-1.1681239643122456,12.643360657084475,-23.650188987468077,4.132487123281551,1.0
4.299966431443805,18.52038833557777,-23.965076821807294,7.913940807494803,1.0
-11.133792130176253,11.451892155457681,-30.46805370087646,6.387944319094283,1.0
-4.745998133714247,3.4437697653013473,-23.08871808495364,8.806727080302732,1.0
-6.477180940513068,15.12139083182292,-20.105300557696935,-2.1657828568985864,1.0
7.2077482702208195,26.282161797414528,-22.96113468076457,-13.869635479315688,1.0
-13.420528045925217,18.85008510151939,-20.555092571020776,-18.053378563755025,1.0
-7.688619085002327,18.083904327919303,-20.091631536287096,-19.17709023239021,1.0
4.17157461191561,21.091594722354614,-33.70190591183482,-19.175921101882675,1.0
-10.803926711937134,23.11884326172097,-30.78964048320245,-16.786040503387,1.0
-14.828516016709724,23.25517033233257,-30.46658730769626,-17.697834105526436,1.0
10.285578631278934,16.462190111494785,-27.26864968056832,-19.822142631757025,1.0
-15.464649129619835,17.676481716376333,-31.49936456532767,-19.66690423781702,1.0
-18.620936030117495,19.844157420114744,-25.781566747279637,-15.835767446122283,1.0
-17.695554356313068,15.01516336345274,-25.65900005948819,-18.0813729917862,1.0
-0.3500879319598038,16.221976530997136,-18.88904516706042,-18.975235686623435,1.0
4.120332501722636,9.836305707013848,-20.50277588057322,-18.48715910307422,1.0
14.096204253393672,12.51558180321063,-15.34136800993278,-20.441395004948767,1.0
3.7267023162830286,10.389257120482782,-9.483798814914334,-20.017932200550437,1.0
2.88147049813039,17.104744684049518,-12.253285550376892,-20.401848522110615,1.0
22.30571165121686,20.12453814327533,-18.664002677650224,-16.549288053988565,1.0
5.370098691733907,24.981616686730682,-14.438628973249582,-12.076017989936897,1.0
19.899278826627693,17.93373152392532,-21.582948799383736,-8.642891518268843,1.0
23.749084910049003,13.412920061815633,-27.437496918500543,-15.324057630926848,1.0
20.332132091492355,5.405255885722523,-18.5048031280469,-17.339735885999836,1.0
24.75242969088469,2.757974284577447,-20.598991137281647,-15.838790436171399,1.0
8.571716231936435,11.00225022614297,-20.193526374401642,-16.319351059452078,1.0
6.060488218226808,11.186565096228843,-23.609095745423346,-18.836118778812303,1.0
3.0426062383357366,20.79546013487874,-20.904150403085104,-19.32224424662027,1.0
-1.0465120209317165,12.284025720505682,-19.8377616340154,-17.761849923058357,1.0
2.437439765577231,12.831847239709273,-19.359745431369113,-14.265592486853777,1.0
21.270585849520437,26.22004257710106,-22.726307494384326,-18.822527567205352,1.0
-4.013778681428337,30.565117705187745,-19.731799332308718,-18.910224816622705,1.0
-2.6612790661799437,16.22570587774902,-17.279035435171387,-15.435137999718139,1.0
12.854600328788088,18.227591696475056,-11.129335510676293,-18.771347228366434,1.0
16.35608135568058,18.11448803169813,-26.12183499527783,-17.335404979409258,1.0
16.323522685808143,7.677806801723002,-28.073381116028607,-14.376826530779208,1.0
11.871020439078704,7.717918843881138,-23.328915470989806,-20.070309138756212,1.0
33.02246317244108,31.75607643835373,-24.509513686441625,-16.04325423200133,1.0
31.796927586102306,15.003515617572834,-26.01354565441865,-20.804562257197265,1.0
17.964856114796405,8.855269381765343,-22.657463306412218,-18.353918998717862,1.0
27.36659985541801,13.450231058322053,-14.540715613070617,-16.754905475512683,1.0
27.998140194817267,14.028628633123581,-13.766994216943898,-12.953067902749023,1.0
11.90857925885802,15.648934232772188,-16.867740392636442,-17.655514850090512,1.0
2.7778976989407806,8.852082958501963,-29.65101486336231,-18.469855732174572,1.0
1.9742489947248978,2.8658060989530743,-29.58375749483624,-22.09031582933523,1.0
1.9725443819052586,-0.07997151079967857,-16.616487866636035,-17.04056705690685,1.0
4.053341720893728,22.283777404599086,-13.446929585061103,-15.434659046906546,1.0
6.031635744340917,31.27070512870162,-21.14202668977212,-19.058561028825316,1.0
-6.515467069313839,25.132113989532712,-24.14625320861783,-17.884859480370604,1.0
5.097851586734958,22.830636122736788,-18.022766213716046,-14.95584644921189,1.0
-11.85177334313189,23.23086686923214,-22.186076038077957,-13.145726967175241,1.0
1.385835069144092,9.449549088427023,-21.114704024029717,-14.85365146726485,1.0
-3.187298120420431,22.830648187589354,-13.271258389288402,-18.429738241007442,1.0
4.892342897839383,24.553512361151206,-20.371177774104403,-16.48488196650226,1.0
-7.084354996834588,13.625727583089839,-21.446419302068225,-18.739262800694615,1.0
-0.42953729242563,2.7968637099321896,-12.212471980266903,-15.125671113107419,1.0
-1.1376572627875925,11.689426551552682,-17.415184991144407,-16.878903492857575,1.0
3.125609238923846,-0.800652528756693,-17.144613644402842,-23.48549707809931,1.0
-5.760299838375428,6.570911112768886,-22.687306189469766,-19.31498355581825,1.0
1.9704298468243562,8.001932290486131,-17.606271702246396,-20.908871787593803,1.0
-2.804323791099148,20.052360843839494,-16.979228517993263,-17.758942498343945,1.0
-7.651587141294355,3.933491158371206,-23.8896453288339,-18.69183450337231,1.0
5.40052183794697,16.197451918551998,-22.12590241112574,-18.543261022371134,1.0
6.538322923190663,24.606044841872105,-12.576943485437459,-20.496008844545116,1.0
-7.092241711331953,24.72490900042063,-15.557214056322442,-24.62058366833262,1.0
0.5434959193585946,20.339545792574377,-13.718348251438861,-21.874592783057373,1.0
1.5341958721205584,27.059419990516872,-17.141824482027975,-22.161657769361124,1.0
0.2467791896502156,30.021950014223194,-21.927030494417664,-17.736647901908828,1.0
4.633044682095708,29.06390896844459,-21.32007199667585,-21.3425721797342,1.0
-9.707441549398567,28.88211947001635,-16.009897034871795,-18.574488620413096,1.0
-12.60468015517914,15.082288744986252,-15.871396603813439,-20.22289565123248,1.0
-2.716634163275213,16.451190158080234,-22.08553077774068,-20.041283369341578,1.0
11.517038986328679,19.345159394799964,-17.02285348838012,-23.556795277280102,1.0
1.020717555585055,6.60295302118679,-18.06269733302335,-23.578776870954563,1.0
-1.8051858346175234,16.95510401597566,-19.02991007675658,-20.80675948264329,1.0
-20.193571228933642,16.278960268594876,-11.695492732230393,-15.556803906149879,1.0
-7.2304137089399525,19.992440460438004,-12.42840110405664,-16.63542714205872,1.0
0.625527509825337,9.398277026611158,-24.22114894683635,-16.387875950695054,1.0
19.943291720168865,14.573045956281476,-15.541418030729943,-16.58655962661161,1.0
10.044339909014575,18.00529136432709,-18.37881056637854,-17.99797690240284,1.0
21.22623320340587,14.80215433568093,-26.2879322228,-17.818417279798403,1.0
-3.1625723310851015,8.229755576924436,-20.704615290087773,-20.771574173978436,1.0
-6.547618976353671,30.764783947729807,-19.447644578853843,-15.685559663450732,1.0
-6.776938244403375,25.738504805652045,-21.37713839639388,-15.133038714718674,1.0
8.097585252915632,26.84216570321292,-24.57884243954072,-10.187662259962206,1.0
18.8244580662084,30.87792176084032,-27.726268134380604,-14.145687045158128,1.0
23.601829854023322,22.883904940856105,-27.502292507329997,-16.510782673358342,1.0
20.574598140814125,13.39476597583581,-28.4401698761378,-17.037147585216697,1.0
10.65729038080606,16.48192769001849,-25.42264760077714,-15.010045952635044,1.0
-0.5863296836753555,29.47067864438366,-26.402213915018635,-16.77242390560491,1.0
-11.229478124766676,37.39960760338663,-21.99833959114561,-21.91282116481225,1.0
12.416465489385397,25.472987777379767,-14.586420447808568,-23.03215286053364,1.0
5.513442758145789,20.401218148909045,-15.634708802024461,-19.197804264835757,1.0
10.332915052314727,24.287850085890547,-16.44619471601496,-20.97199083913032,1.0
-5.473519900563615,15.34212517678187,-20.449432949428644,-21.236552146366886,1.0
-8.985096972023594,-0.12651095394301848,-12.88542272590257,-19.611368519785433,1.0
1.5124977838596765,6.4374991053686745,-16.45330061163338,-19.69441847882103,1.0
21.61281471677205,7.935428860622935,-14.917341467684842,-17.893392899672875,1.0
-3.4943114048040327,13.052634584747954,-15.835037336051961,-20.12283379614092,1.0
1.8739118312512844,16.31315072768462,-17.247046286771425,-20.044279840042726,1.0
4.0137351921373625,16.17512613603808,-17.710550733952314,-16.22843917332269,1.0
-11.602905750649715,11.195250956992986,-13.175949962529891,-19.97958788853856,1.0
3.0906704144547104,10.098807837092146,-21.435495631158634,-17.730447384074534,1.0
-18.755931391641226,0.2896886838882331,-15.509376678046657,-14.801227660952593,1.0
-19.459357655478286,15.747930817447497,-14.634704903865757,-15.418318128368782,1.0
0.09533472991053671,22.549624916359033,-13.502612311687148,-18.574500474403322,1.0
7.624951469602106,10.866545779335464,-16.14906332949967,-17.04723644898877,1.0
5.490773090713086,15.928230088054965,-13.984611316076279,-16.73431119764528,1.0
-1.0290062685952988,12.90246195691835,-16.91231983434318,-17.157857062000552,1.0
3.499489052299014,14.420235408945654,-16.72566042313384,-21.264580944947504,1.0
8.776834512813126,3.3593574248762312,-16.52510016259155,-16.0943214063456,1.0
-15.99465977591521,12.008680926186962,-15.805356985844174,-16.670402253107472,1.0
-9.36350899324823,10.577178284477846,-16.706834031006313,-16.900277444370914,1.0
-17.739695379462063,5.8523322922282315,-12.997751560866853,-15.96799255281665,1.0
-25.532142043897636,4.466482395032353,-15.347231761212177,-14.269673358057101,1.0
-13.864051205675423,15.252177805270474,-13.490709421455808,-16.532981870903583,1.0
-14.246288687576694,12.157149853669642,-12.961476410999502,-17.323960113362098,1.0
-16.689370648264777,4.072593168954024,-21.259733596836828,-19.468787818278997,1.0
-11.513141115689189,-6.203237505638246,-20.551153076584917,-21.552195527724326,1.0
-22.10230376133783,0.9332027731579604,-25.313486197351956,-16.688400730761245,1.0
-8.685907972438276,4.792485396289192,-25.613173533980778,-19.530317205205186,1.0
-5.52117759780386,2.66119456523519,-19.65770925987956,-20.054890767789605,1.0
-12.42130288887545,15.842693365392307,-22.7888081987461,-15.851408386530698,1.0
4.326438276420479,18.832775765507314,-25.912995621943963,-19.90820509872891,1.0
-1.7283012580272663,15.095953975185157,-17.57137179931951,-17.790742638765977,1.0
-17.598233972453183,19.84185878169915,-19.935007091058377,-15.039688456805084,1.0
-23.52022270177482,26.616220703090477,-22.834468825346555,-16.354567219785512,1.0
-17.793826260525577,17.653963708874855,-26.283414841276908,-18.237612556742068,1.0
-31.969781632705107,12.263404476588171,-24.42162549274243,-20.129877264427485,1.0
-19.6115197880292,18.390608050421466,-24.06249658441321,-16.202098841091804,1.0
-21.369435259379664,5.941558700118649,-17.83065093079824,-17.26750155113758,1.0
-12.122155872438391,6.97423539574998,-25.638239449843375,-15.794670400247966,1.0
-17.454599316928412,19.273745211945574,-31.61746726037585,-18.970919586217377,1.0
-1.4299570174051315,18.112426513485563,-31.12075928996007,-20.46514850013337,1.0
-4.648221410150288,10.964387735293124,-29.674129744887516,-18.97834035904985,1.0
-5.2350888201639405,8.419265263816563,-20.454774286714777,-24.346331282983247,1.0
-24.242736717202863,20.10972589866658,-22.673714168039098,-23.711214634465204,1.0
-23.976700438347123,20.285320611009514,-22.723437063474194,-18.700158533832212,1.0
-10.337346599346093,17.51474691550079,-15.323193079301948,-13.366787614503137,1.0
-6.920042922114172,27.919508847417305,-18.537743928793386,-11.156504815580146,1.0
0.42073050549277546,23.83883203900638,-22.136925013938775,-16.21034400640346,1.0
-8.622832450367031,21.943041724605813,-20.006526118831545,-17.04550656771881,1.0
-6.966183482632689,27.75245863473595,-22.498413327744675,-20.073283669170987,1.0
-5.3611773338289055,21.059060231925752,-22.367778051142444,-22.271900128347276,1.0
-27.22084084497656,17.16918094665801,-22.80033353629349,-18.304713603405688,1.0
-37.364365253694146,27.094827467336046,-28.572227570431647,-16.991993459982154,1.0
-18.77884346306594,38.68302969504952,-30.68663541859007,-15.900497721665982,1.0
-28.846026420415036,25.51795403609826,-24.393800614696254,-16.600160820675224,1.0
-49.213829640083304,10.391034873898775,-25.39022749101106,-14.845932028824906,1.0
-38.8181665786808,27.230494584017293,-25.362785212059627,-18.95985935292965,1.0
-19.140029182895105,20.277713413103495,-15.75171480291315,-22.270768438040427,1.0
-23.513280673161553,15.029871228054901,-21.43651373457512,-22.01789725725535,1.0
-23.820407833727376,12.773241353310686,-24.67442266427905,-20.409079822992766,1.0
-25.135043887788246,18.590326058927282,-13.181115275314228,-20.073709992496767,1.0
-11.121714681701887,22.511808585991155,-20.515242448983834,-19.788364279658666,1.0
-9.62722353511203,24.76767812926719,-30.44895576294823,-19.136675607760203,1.0
-11.789867055382254,13.609726027503196,-31.142918443658193,-15.623787685352738,1.0
-29.50163265174399,22.450217034473237,-33.356221113938886,-16.393709201978247,1.0
2.843184242336891,28.566486947958477,-28.949427083041705,-17.75657563711657,1.0
-15.163528773801954,22.922918897016032,-20.434613853407217,-18.050537124000268,1.0
-38.467063880343574,20.180937305324292,-20.96429150019572,-18.581783562495723,1.0
-31.4330263545421,23.888940317239438,-20.081606729008143,-16.41980523800452,1.0
-46.039714255615536,30.289796444102684,-16.95186769109477,-19.428784411223877,1.0
-31.406966731174997,27.662477803997362,-19.147316357371675,-15.715415355079324,1.0
-17.78612780478462,23.82252402881916,-21.247733433005163,-19.644481591003206,1.0
-26.165458969104467,16.543501568785846,-16.781131532627636,-17.441056480161823,1.0
-22.35252536065044,2.5784223951276513,-19.76867887400432,-17.409514717756156,1.0
-20.46842268870744,5.267455447089091,-13.503876819077844,-18.421387982126614,1.0
-24.21831454732945,6.918448683938438,-15.225849041679744,-18.41063413177546,1.0
-6.879601458259692,3.6357358244146276,-14.632540701051536,-19.39876201414157,1.0
-12.563624630023924,10.796405556663172,-18.918169921392945,-19.904004814959347,1.0
-25.67982929835144,13.66286060902417,-10.373839652600212,-19.83250415830778,1.0
-15.2911854529313,12.847531708414596,-9.975792430726642,-23.599002742783934,1.0
-24.61737159903133,16.524759828194842,-15.302589354077366,-19.435902392938623,1.0
-28.32227012713583,16.38528932186177,-14.00731062647747,-20.35292857325377,1.0
-18.561702880072605,12.714693762175907,-18.83940477880398,-16.428291969551193,1.0
-1.9791403006039339,10.317260321778438,-17.367270541923077,-19.634256645542955,1.0
10.917501054628541,24.99677289723082,-19.15167147917187,-18.03673482187636,1.0
-1.2424234977976099,20.015591123304205,-17.493024525259575,-21.36681007370112,1.0
-14.817206215261562,12.366693201850183,-13.258208053132421,-21.4459754647253,1.0
-6.532694750624819,13.692876955588835,-14.0743532030383,-18.130099022082305,1.0
-17.61070297033144,23.366146726008168,-21.414039281693046,-17.024825279077334,1.0
-11.330621194541585,22.07081346650464,-28.16051863921983,-16.580518677534506,1.0
-9.299101598036755,6.4129803427005125,-16.531858157044482,-12.676193034224157,1.0
-8.895325849128128,11.107557603460059,-17.854181181656095,-16.88624676748291,1.0
-14.090793038112125,24.433231258206852,-22.536988104604617,-20.219538111793074,1.0
-9.729880870590764,31.92972084486628,-32.85079367527945,-17.246989418901514,1.0
-13.514822949550936,34.20397488949415,-15.738672362243255,-19.927417870694192,1.0
-11.063008267255704,30.87983049604008,-27.28131359818478,-17.715094437325693,1.0
-15.243577882754005,17.48525698313597,-22.141342187992112,-13.55549020030126,1.0
-16.77037962955483,13.015228695811594,-24.051286484290273,-14.758166894572419,1.0
-6.891868504116836,14.060736838112966,-27.42840585057159,-19.159044549046435,1.0
-15.555301732944262,16.395916464880166,-28.992420981666363,-17.10975460393089,1.0
-1.091413521963755,12.563222678165747,-28.490008243416135,-13.76976636783688,1.0
1.8954751695007914,16.09764832869377,-35.355656042809414,-20.211848272321465,1.0
1.5040166726202084,16.145781869481358,-22.98714384508952,-24.586217001332642,1.0
1.144179837194356,27.65909631126857,-13.84938182278207,-22.26138382710343,1.0
4.016118408636306,24.74915069191645,-17.088637381869432,-15.611825858298648,1.0
3.3818837609976633,18.709228234947698,-17.77855041583998,-17.902291430423265,1.0
-12.663333659162353,14.240767195279208,-21.36587453933813,-19.0873455230466,1.0
-15.016884638247076,18.71973752048627,-16.89128943877546,-20.507695239313886,1.0
-33.16308633070964,2.445916237035714,-21.477949507892912,-19.69921828975571,1.0
-12.90307344768573,3.568457941896451,-21.32894728570528,-20.021331605929753,1.0
-16.413071752632085,19.198260569928046,-25.040688923915603,-20.627760067546276,1.0
-25.000499213835067,25.17596327470625,-18.81724515832749,-20.925928970374517,1.0
-22.503356530239373,20.37560843496516,-20.051700281140757,-17.55374830405794,1.0
-29.902313090140208,20.566555397699688,-18.762182732311878,-16.208904609461968,1.0
-20.28604986987223,6.624645553324772,-18.96084852903876,-19.1451396532355,1.0
-22.440102195636552,3.7575306041059005,-14.732988853386981,-20.677241214599906,1.0
-12.696409054269397,3.071177617054257,-15.06819288136085,-23.00015431501439,1.0
-7.365177783814386,8.102546529015193,-14.915285898480782,-22.225292050415057,1.0
0.6244639690895966,11.2028483276214,-20.087004890345966,-21.666051453001632,1.0
-2.6061390893760983,8.278669381494666,-31.369472075397134,-21.654183329570035,1.0
-19.589770617075523,11.153350585745127,-27.93835352790727,-17.783974334489677,1.0
-13.184037516340283,12.239033064939239,-20.65519580612496,-13.759878838699365,1.0
-2.536505678205547,8.48080544923095,-18.84683548472589,-18.565283477204115,1.0
7.80248639765647,10.053058806985618,-15.100529404926107,-20.9044003500695,1.0
-4.700832675643264,9.295431225976374,-23.26940723642155,-21.3948309349923,1.0
-5.546149820013058,-2.4797946408254745,-15.019449946585278,-18.7437763787831,1.0
-1.2394437003028544,5.284544951827774,-25.905544287502465,-19.214826724469933,1.0
-2.69331319253663,11.262299280151968,-14.257687725366551,-14.271804910890166,1.0
14.260258518704894,12.030499095314724,-27.211234378481954,-10.497121196514973,1.0
12.843323336072983,20.19467564865921,-29.79319517855547,-6.7279669313291635,1.0
-0.16591751649578512,12.488189572772045,-16.93263639874809,-7.778550879961862,1.0
8.449666103195216,11.850524056316376,-15.908542414753747,-4.743599651590881,1.0
-1.180805234920264,6.9451088053645575,-22.572467338435928,-11.623879019520782,1.0
-6.7999686007042595,20.732007400634984,-22.62684638191806,-14.564668839809292,1.0
-9.316437861318304,11.048965775740477,-16.48492063638386,-5.89260983012179,1.0
-24.863525579976674,3.988484324692582,-24.504245625559577,-3.2886529783398517,1.0
-24.32772357570243,26.467536229067836,-19.163109102612555,-2.3819427671931988,1.0
-11.860163085913202,23.482382634786102,-23.466051515457043,2.232297725968828,1.0
17.22598908179985,25.583754618182912,-23.726720882040965,8.595578263352506,1.0
6.064179301266976,22.08591228330177,-26.186553348754792,15.900838213545075,1.0
22.58156667129247,25.76656142517377,-23.96199461310326,13.003528120581423,1.0
29.123557912751554,9.63259902398868,-23.697002085681476,19.496035798422277,1.0
22.04074241868357,19.63927933529002,-17.462457021641114,13.509706555842952,1.0
-0.6785668037024664,17.68479061699243,-28.38467793739456,11.976861938389817,1.0
-25.921008973593104,27.831525469004184,-20.631037185767905,4.126919153632336,1.0
-0.4520281620619029,39.7594244794031,-9.30457615042286,-5.1875198667400735,1.0
-0.03981759073321145,30.088200585194613,-11.96677861902971,-10.882212289306496,1.0
1.6132332548781285,32.06144084475951,-13.498552941726164,-11.895218788516685,1.0
29.614999511546266,16.276387370749354,-15.55089635058529,-11.09512281727945,1.0
16.343666781080998,22.862479310720325,-17.246341690512377,-12.871868730676058,1.0
13.734950032175556,15.58024723555637,-21.158433221385025,-13.83781383112191,1.0
-0.7617788980874316,15.993899564936495,-23.19383639097307,-14.016907608600125,1.0
16.362368642126214,15.872794549796984,-22.38675049393632,-14.406847694576179,1.0
18.574734547162983,6.382813193302955,-28.869557126600675,-15.491410364147338,1.0
4.282951852470585,21.434737384311696,-27.63139683842266,-16.683157890092467,1.0
21.985299874212714,23.04229977938072,-24.221325499963307,-17.279344776338895,1.0
12.921958209338147,19.942987541732567,-23.26202809530464,-12.730788459988034,1.0
-2.2189690714198598,29.22445544502865,-29.3701033990409,-15.414010617052366,1.0
-14.861233004343006,32.04576732815926,-24.986447318503252,-13.794597230839237,1.0
2.643391307788745,28.908946900953943,-23.205049111439678,-15.439182841100463,1.0
10.84606217963704,29.04381957067979,-19.48801700230662,-18.342491712999287,1.0
28.74207639249498,27.2912957860667,-14.957932492092961,-19.758304992349295,1.0
30.137473928749692,30.39780973558753,-9.440206882237716,-18.272828813329046,1.0
31.296556527663256,23.605077314629515,-19.154953825798387,-16.270353282907564,1.0
22.045629206828636,22.760120374966224,-16.495555525199304,-16.922163915298242,1.0
28.298729489714574,31.30946027225088,-19.134086678928465,-18.61863028660519,1.0
29.25401148438884,30.69276615422372,-22.278592829042033,-17.849269803984072,1.0
21.354062884306813,33.239119844558914,-17.667793421229202,-17.972071773071576,1.0
13.977921769931655,26.458021599274183,-23.691514344674165,-17.368543992368487,1.0
17.764138940949824,24.227064787008935,-28.1628358517926,-18.664248390323454,1.0
18.760993842930127,18.619482493902478,-24.21951699526859,-14.729689114761772,1.0
16.400027057304236,24.51878282531598,-21.87964425955365,-19.565220845556198,1.0
15.371216692389792,12.058146734309018,-20.28158384568665,-17.733297567377157,1.0
14.53712353970817,15.925620861361649,-18.708090638485118,-16.070864550047265,1.0
17.622505606546227,23.361103810532043,-14.87179984304203,-12.826716466454643,1.0
34.69467162606755,11.931286188490361,-21.03235860182037,-12.749396388097868,1.0
23.282783544977065,10.74643486969686,-18.829648584745517,-13.944890196694889,1.0
28.827190353460047,17.788366461892966,-28.30906762113504,-15.406789087023432,1.0
17.863449312335824,11.725936180824995,-28.793803584199267,-15.092129637432269,1.0
7.771465166257464,5.393790090110183,-29.835279341280565,-14.102430701600793,1.0
7.4239440314487,-3.5141785212809395,-16.103102144461765,-15.415392491643102,1.0
7.234174366510636,7.70770154019233,-22.27621410693676,-17.109044236377354,1.0
18.0273942123296,2.50302610934804,-25.512116692833924,-16.053922075564856,1.0
7.231413382997385,0.3441503932630976,-25.22178500011262,-15.539939987095297,1.0
-0.3068815397126734,20.22664860724477,-22.929251967439217,-13.280516381859558,1.0
16.81732178415748,13.35244339139511,-22.70422730536697,-16.085181056036994,1.0
35.18882883822346,18.005958361280307,-23.80888383863469,-12.160757703634754,1.0
29.2201618891658,8.796879069134949,-22.957260404595942,-14.290765531184192,1.0
19.3193485612225,11.286903183021252,-15.083861056371482,-14.48780928226875,1.0
25.37831317408002,20.126070027306255,-19.81863198703381,-14.773411707556866,1.0
35.11079682003843,11.457283296479844,-17.89348578618244,-14.777360536917103,1.0
27.397896663014357,3.91724467295818,-25.8254360807892,-11.122238488250971,1.0
26.656179291556757,13.158163067246926,-36.67067956820098,-16.81470238061091,1.0
27.458850110668283,9.64076056820506,-25.95045963339465,-13.614047283749226,1.0
25.636763766029052,9.45655031970523,-20.666248549432257,-11.508838636811763,1.0
15.72516551069587,17.402395263747295,-23.626780039862275,-13.705403863117873,1.0
12.758191525235045,20.089337309496848,-10.877211533253934,-17.695466134096577,1.0
10.880355676343855,16.510552198373205,-11.346081466487433,-17.547784253869438,1.0
25.262136741363072,23.086980807057543,-20.33854918109391,-14.644963079071573,1.0
19.536812182623088,12.62153332213217,-20.857622500893243,-14.82839544785206,1.0
37.881736574663755,15.6249847928305,-19.50645546492001,-16.835980703451092,1.0
28.412473232103547,26.106060255673867,-13.955221076401994,-17.33245028435212,1.0
29.90742007076841,22.01605308802562,-13.30508882932191,-13.257919311542826,1.0
44.58043671242075,22.644264528979384,-22.19492022396366,-10.630502604925375,1.0
27.66327601798667,25.308554640451693,-20.50541956460752,-18.105846707231738,1.0
18.718434262464,19.53902058398211,-13.086567639486537,-14.398944953258692,1.0
16.04782908780878,14.147481128365964,-11.66215870598817,-12.594325064923709,1.0
24.17037434599235,10.578212165423624,-16.17739088829794,-17.15454946733526,1.0
19.06562687230187,3.47370816873676,-13.327231219613124,-17.40120587265306,1.0
11.496482863223903,0.5443333296854007,-12.954512476605858,-16.731526892357675,1.0
10.917053998537805,14.38820248630886,-16.326294927664936,-17.673642323310723,1.0
23.377969800417702,15.322759340306476,-19.623545640105014,-15.924655907654996,1.0
19.590230186312887,8.81515088209887,-17.166772471048333,-15.498995881341477,1.0
22.36975904306348,-0.32318743485284784,-14.389581390873929,-14.009560822068973,1.0
33.95783064429688,0.27238698167992936,-9.698746769092551,-20.60332597135266,1.0
32.640026211690326,7.332325350189382,-9.257255895143215,-16.775016897342223,1.0
44.06477913842381,24.282688976359495,-15.362026268630926,-15.833622426865531,1.0
34.89700674369698,20.250178657189007,-19.820388543549466,-14.389932615695418,1.0
19.8617542594908,26.515868222718694,-20.133379166185726,-17.467034563533165,1.0
23.347837476185667,11.499952668688458,-17.852634898510473,-12.273803911240737,1.0
20.5455827235681,19.167242888279233,-20.418821493167115,-11.17009557162157,1.0
16.95900780340911,20.012077379586778,-19.74094236056774,-11.203852866689248,1.0
22.27372280136594,24.764485925776416,-18.054797229214405,-14.91828843162913,1.0
5.644886516967496,14.902565462227267,-29.61725192730232,-15.02676654236966,1.0
14.691306785564054,6.391951482981931,-25.324071245946662,-13.296410110012566,1.0
11.431427423696581,10.978095784475535,-14.710459354804382,-17.9442194808226,1.0
3.6436494401613793,16.038268630010183,-21.599725083097624,-16.105412345403114,1.0
14.928564499842917,17.073665766356292,-15.830002703535055,-12.917761355961979,1.0
18.172147027303446,18.655674027976616,-23.514604862001868,-12.971817600039284,1.0
22.250672348768425,22.302342563860933,-27.703632364748515,-7.7513960303771805,1.0
17.257002998771547,12.466194875831135,-23.64760206645964,-12.083968183517587,1.0
18.485349795710704,9.293473913834404,-23.36653014463238,-12.764245151857308,1.0
35.017275397632275,11.635716284903591,-14.51611802112056,-11.316367949055092,1.0
41.795674207113066,11.462005591652291,-19.405707130846118,-11.869009387354346,1.0
42.22920430006188,7.569570300351579,-20.9465942676547,-14.113827877856338,1.0
19.248561988849147,15.10667281680304,-22.559862974221705,-13.495389230616736,1.0
17.852106091617134,23.739329669681613,-21.77271526678006,-11.600312148196128,1.0
22.057948826097583,21.066420055847516,-27.088702406221593,-13.210058037487197,1.0
17.269294320087194,4.427752655467524,-22.5541911771562,-15.300555087083147,1.0
15.500239396605712,11.408262186567702,-24.129978855125096,-13.298779151431194,1.0
13.92196477493828,23.11301382972224,-26.053623791548347,-13.562576177083626,1.0
13.84055065997823,23.78885458686394,-17.526005199648633,-10.466222254956705,1.0
27.545530001357747,34.297742255456555,-17.641381210273646,-11.905067008149672,1.0
16.874996634916453,12.466085115600823,-23.212125367143067,-12.365627777803978,1.0
30.96764374541231,14.399588683050155,-23.131043948011865,-10.813273866839387,1.0
3.9524978929233097,9.872545198235297,-18.01119044524715,-5.375603319583658,1.0
-12.850953311619632,26.245888091524883,-15.200342501225157,-2.8636221649361646,1.0
16.948999134449675,22.351537629986872,-19.139281868577456,-3.783403747853305,1.0
3.4737024451179366,19.0944998808232,-17.908169377646995,-2.4637589104787243,1.0
-1.2917994208872905,24.373427307708937,-26.79937049307527,-2.466479402309326,1.0
-0.1058425625267807,30.79518307311388,-23.45133926871868,3.7008875608704015,1.0
-1.0951161170306678,8.432742083271718,-16.680486171127473,9.31679731133394,1.0
-19.17055965647979,4.67792171151499,-21.497673709152487,13.43991638023556,1.0
-28.96782668108349,15.769391221110727,-25.76376291871175,16.1019845358849,1.0
-26.738903928266772,5.582503186532142,-18.299203331638488,4.02662104956149,1.0
-13.391296306762298,13.972090027058233,-21.89613309185962,-2.5867349867696383,1.0
-20.203169453825023,12.626111053523339,-21.200735209550228,-9.53927635734819,1.0
-4.209821944298049,18.64882547508814,-27.495472900022705,-10.664252890643374,1.0
0.5662236283909312,19.419462497816937,-28.41671052629919,-8.025582605699823,1.0
6.882590897057371,17.456825062046065,-21.337516638108568,-6.372240048252745,1.0
-9.023441836677293,19.795879087831114,-17.666980987998222,-5.554333498254571,1.0
-5.753123929011161,24.52453355159931,-19.918647055650123,-3.5339835624569838,1.0
-10.40778167043859,19.20418416950711,-26.1464165375418,-5.717441126801187,1.0
1.977060761647678,8.814817305534703,-20.848043894983793,-1.617137851310959,1.0
12.394433701894028,7.045806330441964,-19.384588944370996,-2.9734143944197697,1.0
-12.12692883325235,16.940323310469225,-17.856582667956854,-2.3641174579987654,1.0
-17.550055189891644,18.750555079850287,-19.59154991200092,1.842442094510727,1.0
-21.66745577136375,15.502576659509705,-23.4270934605676,1.9460542130981038,1.0
-23.815929842119562,12.816987431490011,-21.754254257576513,-2.508902886888572,1.0
-16.631189059456283,19.732741612401167,-22.583028643880688,-4.318308185949556,1.0
-9.20372473754998,9.919345507680298,-19.970129720024506,-1.7786667182141622,1.0
-15.527543794847809,17.237696549103156,-14.501200201558413,-0.9125711302206458,1.0
-5.113496071137314,15.10748319495579,-16.938097001911316,-2.674667780418325,1.0
-4.796074314391931,18.449480019793718,-16.246691196410275,-3.3499358656866773,1.0
-3.24569512831346,15.473938900023056,-18.603654000431696,-4.848319522744158,1.0
2.9114903458959285,16.21300627047188,-11.876692256809799,-2.268828587398884,1.0
-0.2614879370977361,11.168451349176792,-14.084817423963846,-4.482158923394276,1.0
-9.477648336389217,3.5642350004288286,-19.875510115858496,-5.939909959975299,1.0
-19.34913815813541,11.870079494869296,-22.183604006496708,-8.707308985887988,1.0
-11.608297548490992,4.7306413202883695,-18.885314959484642,-5.890831566040103,1.0
-19.091386107834065,17.589963363557626,-24.61027068222227,-5.150337260812819,1.0
-19.688576251800228,15.437867106427213,-20.658478985892415,-5.968327834042366,1.0
-11.149135326687945,22.641572173934122,-23.49762224684537,-5.2214664397291175,1.0
-16.770563720949404,17.439936623733228,-26.865580900963348,-5.878070077645717,1.0
-10.70040174105284,14.340969867473587,-21.073075305241463,-6.775140416016063,1.0
-7.271499950943749,12.202207623768459,-22.423979631103037,-8.611346946185337,1.0
-5.25056122378595,9.760172096663357,-23.754107210624305,-7.349799807080268,1.0
-3.031225246522072,22.373031707472627,-22.08161209147595,-4.861480484193042,1.0
-2.0390169824925763,24.19913221052991,-16.117189103299783,-6.390595841565925,1.0
-16.265971638305125,18.026834740029848,-17.04307534606554,-5.438665584509076,1.0
-10.18855699904449,2.7567344423142135,-18.780424455116357,-5.88347321856226,1.0
-22.219347392975166,6.204336793106217,-18.889549794065818,-6.5334038844841995,1.0
-20.857616814672937,3.1149611575813143,-18.069798288082847,-7.239876369603213,1.0
-33.94011489352586,15.226821425506262,-15.702369272807179,-3.3264122659373765,1.0
-29.850384012237193,7.198352371726172,-18.429314343647448,-5.441938412583787,1.0
-22.93829787787505,15.593486501471476,-23.478331818415946,-3.8590945851788203,1.0
-9.625233969265473,15.699774738674579,-17.87528726912393,-1.3204244883491736,1.0
8.628065567510946,22.16637945360563,-13.38334664263759,-4.800732066534798,1.0
-17.55249995414906,21.522799744392803,-15.445350122647106,-5.118805919063991,1.0
-9.530919692669423,15.561836116849545,-28.615796517217873,-6.502982833620647,1.0
-3.73448465804384,20.176358136002307,-21.913954481612066,-3.7295022509955356,1.0
6.467457417073852,22.086969495028338,-22.76574365142757,-4.979309260376445,1.0
2.3725738179133966,11.353751856328063,-24.463985554305314,-5.5573454240528335,1.0
1.7691478723701355,3.2247271196781018,-22.709047024072206,-2.986280979351042,1.0
-14.879235910025168,7.678821048573914,-19.77471295997655,-3.5548959973210605,1.0
-9.918000497841138,-0.7599522257975977,-29.15607533095304,-6.479948685621527,1.0
-3.2828863558946484,7.500943705043824,-23.590852362739902,-4.104182870410503,1.0
-7.1338198806712,8.843873226528325,-20.745758396633832,-6.66228939414592,1.0
-14.93461956544828,10.183941341510971,-32.40884574104707,-7.4843611220510855,1.0
5.533972050746989,9.130874853157078,-25.787039860742915,-6.279764676693102,1.0
7.0842858066487775,10.82798507422993,-20.776121674371307,-7.978721104910882,1.0
-3.341993578201947,8.523420382993141,-11.942587929862125,-6.212467916372744,1.0
-1.8625897239288953,14.63104179303635,-9.489015058848038,-6.451994153936032,1.0
-27.462823182988316,12.910615975064873,-12.917985119205637,-2.847683458335263,1.0
-17.31309049267559,26.146978029041378,-13.41504422755205,-0.6029334034242968,1.0
-21.66117402528566,25.871974121326655,-23.89903972316859,-3.3582260430532065,1.0
-18.696894705412213,23.41606039280715,-22.501477982956196,-4.088460074623093,1.0
-11.55982019881143,29.70187526135019,-25.687069626618175,-7.009094955776141,1.0
-6.299600748190083,32.91437794699103,-32.13989421933001,-6.603021270002626,1.0
-10.124911260127586,20.09460651659861,-29.562648909356867,-7.8906776991779495,1.0
-12.43641913033388,19.057552691206954,-23.358881453471394,-7.419360551053886,1.0
-26.6353309667601,23.60095002804131,-18.19198644459801,-8.099879125322305,1.0
-2.274322035672993,11.645502637673282,-14.901088106546336,-8.318453319931566,1.0
-11.639753057883073,15.840105481371245,-17.883576963788297,-9.925783995552642,1.0
-20.846145951302887,40.91640494769395,-18.030970709730582,-6.395336473864028,1.0
-13.020559029185314,32.242623195961116,-17.802866555079554,-6.704017327164572,1.0
6.188443671230727,21.118102319220277,-23.247615080771887,-8.332860843980939,1.0
-14.485878882949796,15.650969880562418,-19.71304226260579,-8.214370750282589,1.0
-23.365448138228196,14.202865205457144,-18.532144059471303,-10.637979985994033,1.0
-8.95404692158917,12.688410929544178,-28.455236515065007,-8.766571670410695,1.0
-6.475639574053488,15.262834637947513,-26.482678602183796,-4.550031487385599,1.0
-10.460775340285553,9.958858946081918,-25.973505357304074,-4.761843268435095,1.0
-12.751279134672414,20.768576654100826,-26.064046329937852,-1.417057842359145,1.0
-9.326299154553762,15.132719192688713,-25.88940137747227,-3.949380566132226,1.0
-3.3042187752074,9.388241899338775,-20.13445655055648,-3.772474723841466,1.0
1.2779543394437525,21.981441476200082,-21.662354191860278,-1.2559761850544335,1.0
8.626690797099542,27.670692596463585,-19.081624490373507,-1.4131230999576507,1.0
-8.514995266863234,26.617028752888437,-13.541122502869946,-1.91220668643843,1.0
7.521951707365492,26.1256811732178,-17.770847423259823,0.9078584193312804,1.0
2.174925686648818,8.071845062978182,-14.069802057283397,-4.884958503292989,1.0
-12.11418445896262,16.965490604956422,-7.091338072483822,-6.403276599356448,1.0
-24.692116445984794,18.028771226646985,-14.710454518953775,-2.2725423924858865,1.0
-15.194097366560435,22.33810987137386,-13.56437039333159,-0.7822703774617636,1.0
-20.066592848462136,15.229784171716481,-20.60250364611704,-10.91787557197048,1.0
-7.4492263518388375,12.782813074457561,-22.268929197269056,-6.453735510436465,1.0
-2.8956352117602253,17.13857802896695,-19.515961076696318,-5.976469079503642,1.0
-12.32501884431133,19.52542850391396,-20.388828740427876,-3.196489058495966,1.0
-26.37801214664928,18.387188627126868,-20.851621533415727,-1.3423736949586362,1.0
-17.43469415227908,22.336084211683062,-22.93489775827455,-3.6672306654710347,1.0
-18.92247959384718,15.32493976994979,-15.965597580412787,-6.734176012243883,1.0
-33.652290556578954,17.686150573767357,-20.414239978220326,-2.805529253805658,1.0
-24.290526547472073,15.780530704857828,-21.003203800121355,-6.058324244670527,1.0
-18.584424794094993,5.218269633695316,-23.399546391061445,-3.9800315906479824,1.0
-12.49674491862905,18.61316263616604,-32.607111948018606,-5.367083513639035,1.0
-5.188629013735718,21.862591975402616,-18.472995637198014,-4.118176619265038,1.0
-8.631583038542134,30.700671534358136,-18.2620889992709,-2.7197463680046283,1.0
-10.476909945903753,8.172964837226768,-15.594922000172259,-2.9233476106971805,1.0
-16.702187104495003,7.131652191177119,-22.33346483224925,-5.955791106882458,1.0
-10.790333150837824,2.7040780297053466,-21.12423727001247,-8.37323831080248,1.0
-12.780358612394942,12.780533161516363,-22.901887282197936,-5.672691200722018,1.0
-4.306812610232644,7.552090278933903,-18.479020526103152,-4.986252926297588,1.0
-4.357939243016517,2.235656302884429,-19.966145986675834,-9.053186149998991,1.0
-5.773677622645794,12.17657397241442,-24.91065396153776,-11.268126972830213,1.0
8.513539207310584,11.519782513918509,-27.23752274990616,-12.855285754743928,1.0
-4.726632549430185,10.662268319570487,-21.082517145677084,-12.008606510830889,1.0
-14.269109018157202,7.342565754042877,-22.58999427348377,-13.981591654269534,1.0
-4.569549363687452,20.55448378911168,-21.706221324910246,-17.563239098679848,1.0
6.5151558939656375,30.38252499895268,-28.038915762805296,-12.025271470025011,1.0
22.837690492050903,24.76792456295552,-27.312915881519405,2.329932582244547,1.0
21.670233272895675,25.268485955343102,-22.515958894911353,3.4757404410455797,1.0
10.766813428624873,27.004096392108472,-17.665812492066664,2.3025515160950043,1.0
20.76711033067925,29.170986305462918,-19.166365558005857,1.7963797392349807,1.0
10.416498897950495,19.926062779387074,-16.259453707680112,6.895653570568983,1.0
11.081381987757908,21.772491490045685,-11.838716623586894,11.292239561879063,1.0
12.085069081865104,6.3600192332573275,-18.77368916934516,9.112168645925765,1.0
9.29194646993738,13.537847410421431,-20.04380832565918,14.354433062423157,1.0
4.146102992637029,10.92059209831797,-19.93023241885265,7.70796825000261,1.0
8.962064263715156,28.213048901597595,-20.933522333818097,8.362004025527266,1.0
6.439060998759659,27.124481304946904,-22.11444516095392,2.4792862860712255,1.0
10.093624291573732,26.358715821417846,-16.83994758095306,-1.4281628215575335,1.0
11.68907733204911,20.84995852043086,-14.424240125302473,0.3752775504424637,1.0
1.2088144356092858,24.7640310028336,-19.48485318485113,-1.6599624895811225,1.0
7.123614797330989,21.58412128426569,-19.1161702766373,4.1212393582992615,1.0
-3.5854783252199924,19.009574825146256,-16.675408360895787,4.440761562478825,1.0
-0.09277973170688414,25.977422123678473,-15.234789081179178,-0.15204627864312048,1.0
1.685894346771473,20.219925946860037,-12.964558992556878,-2.0721776650069597,1.0
-14.778608479007364,13.6387316051444,-10.468621993817104,-2.356878034331637,1.0
-9.920515292094326,13.856564428451776,-16.488954058009547,-1.4131769976619646,1.0
2.4828373954690006,23.21578093629408,-16.086692706652254,-0.9897408032668882,1.0
-0.5898576156689864,19.47810568817162,-15.605883578331806,-1.1155162624180337,1.0
0.6840361786233746,14.781637458079821,-18.112707340145512,-0.5313533335393352,1.0
9.449245417123258,13.845261636180975,-13.307613142186062,-0.1308841221528505,1.0
-5.368548433569928,19.05636515324644,-10.44349293789984,-0.9749228326946331,1.0
-7.740339542291208,28.498093344994416,-18.01710435059675,-0.6502639055496042,1.0
-3.0246503202448416,18.3604937578174,-22.729990166698318,-2.1272775400673622,1.0
-3.6783076634163336,28.078816343801435,-24.02119020242023,-0.22228306617515892,1.0
-3.3282799429884995,26.591503232589478,-24.465706901571252,-5.623612197312543,1.0
-16.24054170334945,20.266514075779455,-25.469119959888797,-4.183961888493285,1.0
-6.254547177426353,17.18571584490394,-23.4129779902854,-5.634327206084494,1.0
15.106327844393322,13.997146230584075,-19.473867510662124,-4.427430528808904,1.0
15.16112323810611,0.04445528840781954,-19.198896983617793,0.7064609822517802,1.0
7.75596156928421,14.43428248119735,-10.300744382563927,-3.449141854782482,1.0
1.9316378985336602,14.224248623389308,-14.010452653217211,-3.082417155579289,1.0
-0.9480374536849077,13.146442831758733,-16.270511675388047,-2.854897853793774,1.0
19.217547303470507,22.890757491113757,-21.163992944257327,-1.5746159783991545,1.0
-2.8091457833667732e-05,7.268040955890456,-26.636308884845988,-0.05347528761312992,1.0
3.6400898640053376,-2.125996816167646,-17.16282776738784,-2.6384495699378627,1.0
21.17558966362406,2.9244581360942723,-28.798391080172088,-0.33935857868867547,1.0
17.011700091307738,12.210855241278828,-25.00609762915895,0.1460631443661451,1.0
31.23856560238475,28.387343536740644,-16.269522805599344,2.4323351350130844,1.0
25.42947994850755,32.5963283436895,-25.007410728382247,3.628477690802391,1.0
17.006771063797245,21.823912936273814,-22.179001850538583,8.235840309380414,1.0
-2.4679601161759344,18.16918536951653,-21.575712797114083,3.2037204918348374,1.0
2.1483078887027864,14.379129312973419,-24.58830079768881,0.09035194974581806,1.0
8.05587897365249,21.281338605691534,-23.016805828849467,-3.663059607047158,1.0
2.2195820691787524,17.04765630953251,-18.854587511072328,0.14206971703429594,1.0
10.89476519039518,18.11358417515528,-22.023699323144356,3.213849563114322,1.0
-2.0858338696497367,19.986336866646354,-27.19302029566562,2.6072725247982262,1.0
8.079134199105802,9.739623768421907,-18.566585712530724,0.5963170633077227,1.0
4.38643424434421,11.250985706565398,-28.7527470879348,2.237885294417311,1.0
-13.511456949985538,11.125348623233782,-21.717370421539023,0.27783656701724624,1.0
-5.501983633266132,25.278877009197206,-20.538926391837812,-1.4445824466221244,1.0
-3.3502622713531895,21.900274337351327,-20.71941541887154,-3.5423435267577994,1.0
-7.079263818474248,10.204473500898544,-14.636124826412496,-3.7470453503675247,1.0
2.6756685547643055,2.869332404061881,-17.683655537708717,-2.0977441939249153,1.0
13.673048360817587,0.7952992093390598,-20.39240357808645,-3.837605492070536,1.0
7.15336599301264,-10.066642982629453,-20.45989326707282,1.9368537800482368,1.0
-0.1481467159620493,25.590111817756764,-15.807270797184557,0.8538376658834246,1.0
-5.019681088457435,22.222414668781475,-25.046974818379013,-5.186208346782605,1.0
0.7976720420494079,28.160218181668576,-14.026473350463021,-2.8802534196391076,1.0
-0.6765774907459488,29.096657010737616,-13.11986457344363,-0.8533408297423384,1.0
4.376982324878901,28.881189150521585,-20.484890259979476,-1.3914267185007247,1.0
-10.222626742244625,27.65701204313602,-23.60127912470054,-3.8440346448642773,1.0
-5.299466574563085,26.59265732135332,-24.914362770951623,-0.14964991689802165,1.0
-12.230772022857133,34.19476905248673,-26.951628053191367,0.27416628494440776,1.0
1.8573068599613145,20.73603379949762,-24.35313564815322,0.0546039202560582,1.0
-2.8931858318019312,31.652469158364255,-26.800847526168642,-1.711857677796549,1.0
5.056869425485893,35.806598866785066,-18.154584680358717,-0.33265462276151814,1.0
0.20561750775742382,24.28028871484134,-20.996759889030432,0.7316575708706887,1.0
-6.530229115489688,19.62547626957965,-20.63337081493512,2.6430327791017922,1.0
-3.2611375106578073,15.415269657583371,-18.685420672172704,2.8290804755690875,1.0
-9.338711748326265,19.157289493143935,-13.411016978379509,0.017122393449582773,1.0
1.3690455442549148,17.397464451318523,-15.614982472648817,-3.6554310398256296,1.0
-1.7376754678929718,20.52353291043984,-22.19941338879716,0.46759974409960425,1.0
21.778483460704358,13.864983446058284,-19.801915107161804,-2.6632606230871874,1.0
12.342496470087397,15.525261792105624,-14.558788684406352,-1.3589574711693009,1.0
-2.752165125144506,27.659097292567907,-19.06858210177436,2.3312792503125195,1.0
-14.309406327063328,31.22325218797077,-22.391679376452803,-2.5298053807694556,1.0
-12.710875310927484,19.08540281818398,-15.65169942095568,-4.81321068294488,1.0
11.748119987566486,12.02813864289493,-20.222632930871097,-3.1621949234728635,1.0
22.424677677165725,12.656181598937646,-18.26424061656607,-5.22270074815716,1.0
12.541053663733324,18.794472107588756,-16.918796465977792,-7.952130673780827,1.0
0.6600818366234149,15.019542753340094,-22.34505961513024,-3.3629055428843846,1.0
-0.19606458505160607,19.092541387067378,-23.947230622984176,0.5854494505116479,1.0
5.832669093406329,14.88298172743949,-22.681610716872832,-2.3310363446748568,1.0
1.489266888638718,15.500342600322668,-22.884970843043778,0.7688449307528145,1.0
7.728825622836516,20.844575813845612,-15.731393634661586,0.5129032152970827,1.0
5.956309407762563,19.576272139419267,-19.55868370830719,-1.5822388932237719,1.0
4.888190521602962,16.27925012161789,-19.332340224121218,-0.9130191906191981,1.0
7.766030423134697,23.75570943943029,-14.654210890918844,-2.6438736307337205,1.0
25.996703842003896,16.292662028907305,-15.61558703366008,-3.827513639632327,1.0
3.8368374178891558,23.49803504006426,-14.129554477235613,-1.9456322120657663,1.0
9.639747934454356,19.36585782360401,-13.14534390886589,-3.538684515452248,1.0
8.400472406245433,23.12900932147024,-21.911440365375803,-1.7462483577868868,1.0
-4.095660727202045,17.232636654386347,-21.454500611434902,-3.3894971740092235,1.0
5.455752899112178,20.59808124074563,-14.739881492909754,-4.599187754361862,1.0
0.9617454354730537,16.60839630938969,-14.363908890729522,-1.2561034496407344,1.0
6.162625738233453,28.25418482076988,-18.557312637666705,-2.4153478992648787,1.0
-1.405108412699258,19.78680277628983,-23.272670245613647,1.033835136181021,1.0
1.1248468653233377,8.570477038275854,-27.046567164059933,-2.601152669117333,1.0
-9.358627008515292,7.482471286557555,-26.251516943832044,-2.8444243351639167,1.0
3.6377908760330353,23.807570869595686,-24.989329942483533,-5.384784425324597,1.0
13.352358809014138,29.205616803125857,-24.167118993378956,-5.09356069921178,1.0
8.512732597968894,27.37316729297941,-17.657640113434002,-0.6594573188546808,1.0
7.940757786427743,22.558424690689762,-17.618776929567993,-0.17724430654896595,1.0
15.574444585360432,20.115179861424895,-17.79071457278643,-1.6637856935836068,1.0
2.3335487062007334,10.935194406800479,-23.900662992319152,1.2650231726207872,1.0
2.1756011666711377,11.02624193129265,-20.14016338631292,0.33759593675028654,1.0
-0.082599209830434,11.79929999203376,-29.419555825148855,2.5990570601202023,1.0
6.123753022150778,15.489423167124821,-20.317379513573627,5.781650924487575,1.0
-6.129018700782057,23.599820618723943,-27.943636973599556,4.0587546118528195,1.0
-14.643840998514204,29.537840455150075,-18.31419191283475,2.8691553826445304,1.0
0.595072588377926,15.097950294761585,-25.875363582569314,4.659972629704647,1.0
-18.929099615330045,16.10215417897092,-18.90538696891155,6.959010817706467,1.0
-22.04395378965799,9.170147293523536,-14.441366705929548,5.06960942943595,1.0
-7.105231327432327,13.270053613945278,-12.476119762716282,6.744221418736311,1.0
-2.579017360552998,-9.499878556274759,-14.486789796203542,12.445347268231364,1.0
2.7511728125513932,6.196878690517352,-17.042377075062127,13.301945350782596,1.0
-4.554056096498698,8.674961307689468,-27.74447545829292,14.454076341612986,1.0
-17.460474281886327,20.876536736361704,-28.324080674651846,18.587496043107986,1.0
-18.82178741987382,27.54234553494442,-17.777479022289146,-2.076245219327578,1.0
-4.284133886554144,15.027299618490424,-23.55820014604562,-6.911589838333091,1.0
-9.627985843979474,21.559192596912876,-19.528010274428524,-11.780031320904953,1.0
-1.6105107980537028,16.7323180569534,-18.91641233798677,-15.628883704963833,1.0
-0.5305509311613728,9.303215459271787,-27.411611132160722,-16.113299950394108,1.0
3.625616249234734,12.180847460887584,-29.47008021154157,-18.94214955808314,1.0
-8.502974188001124,11.83194512215029,-30.192768455637623,-16.024281542633034,1.0
-16.539017344720808,4.12369563255746,-22.584083060316807,-21.356625187682766,1.0
-10.50121997866465,-0.11573057935071418,-19.31607266025147,-21.718859777278,1.0
-12.937137542558762,1.2206411837639557,-29.57143566758019,-19.49015104316654,1.0
-0.544643051337605,16.431261574426365,-25.341705255009284,-17.966390279999928,1.0
-2.377450052496175,3.9909152945180164,-20.930688949184965,-16.754134034215575,1.0
-11.355683486728967,-10.805168697740836,-21.043146733628028,-18.43944907069972,1.0
8.985664032729712,4.454375108984946,-18.25964260631558,-17.259736290471437,1.0
6.2309580739204415,9.339861187293184,-21.45759525056564,-18.766579412605388,1.0
5.653407563392045,11.229555385218454,-25.36510830183559,-18.356063423621585,1.0
-2.3204262317025655,7.709416336654358,-20.772732362310975,-15.927013690339011,1.0
-7.457239887819602,13.170040904095739,-27.548213452010422,-18.336532538187466,1.0
0.6183449653904223,18.221921608921242,-23.24282037451006,-22.63699273985899,1.0
-10.107767379087367,10.06198725207004,-22.134355382249574,-20.46064715251061,1.0
-9.498915263071346,14.651180825027481,-20.36631208841344,-22.415775318379396,1.0
-16.98841344395773,32.28753099272902,-18.830007649462527,-17.243565649363813,1.0
-7.596630036799423,21.401468272431952,-16.408176826380735,-16.625651696297684,1.0
-20.302868222050822,19.778432950594137,-17.698499956946172,-19.795042589882105,1.0
-32.01717765609259,29.593157081247323,-23.056132761349893,-18.243096592670096,1.0
-15.371772508546432,29.01590627737827,-31.038509598713286,-15.401674253763526,1.0
-14.655537520351857,10.991169732330967,-23.860874758884805,-14.92199543418407,1.0
5.1108354857345795,11.92413632754109,-18.239307978579244,-16.299493962229153,1.0
-2.4918908704557836,19.05239371522215,-13.091771517094049,-15.728975136750405,1.0
-10.120154509849673,9.207990709662942,-5.5241629061557465,-13.90791265590151,1.0
-6.847691496864812,8.598947883579022,-17.699174952976485,-14.457314214991342,1.0
-0.8653809520524529,16.73497451280881,-17.627646141389164,-18.009737561162805,1.0
-14.18923895143773,20.66987809403958,-16.112553159725703,-15.94923057303038,1.0
-14.242170127682867,6.939501017913498,-16.864961409823344,-17.224025577553682,1.0
-6.795955343450919,13.709831920079452,-21.178461906962706,-18.15127774215646,1.0
-5.039666742293795,9.430958114968632,-15.939109426520695,-16.259600992480795,1.0
-5.518144163045764,16.662269630962506,-25.648740606018734,-18.27929956327751,1.0
-7.722555785328879,22.976793283735628,-24.553354546571548,-18.827687468089703,1.0
-5.211462996386578,5.665070334750528,-22.00746333799638,-16.8225904652024,1.0
6.304375977404752,8.859235392562086,-28.56157636508817,-17.815832428830923,1.0
20.56604843278093,19.713238151883345,-26.548648741017477,-17.084133103048593,1.0
21.487958350452217,17.619413786821227,-24.887335637512734,-13.060942950239967,1.0
-1.247286955659427,10.487825178034399,-26.587613524323395,-17.395973359406597,1.0
-12.46725504068455,17.86541526783448,-20.250583404809106,-14.729630924268484,1.0
-15.835622217463364,4.8512334207498515,-24.58402712339892,-16.066929540203322,1.0
-13.252860202441376,4.232576420155285,-23.891376418025303,-14.828904255957005,1.0
-12.402128507738587,-2.1240566877926508,-24.004122588490418,-18.59049055183865,1.0
-27.82633903453845,5.239466208048362,-23.359683406892692,-17.09519620719821,1.0
-20.054995126947993,13.213151834475832,-15.285448187939847,-13.884541309867005,1.0
-14.329670882336403,24.40778937640016,-15.065646704021617,-16.17664457365466,1.0
-0.6558417370020315,13.408456101798134,-15.165475666682886,-16.700829383326518,1.0
0.9868521338073668,29.045088466514656,-20.910959019252463,-18.787037557352413,1.0
3.6415193386712,5.152335736632093,-22.090195811364943,-18.96472699842861,1.0
-10.053841230457508,21.763977181276005,-25.461993071598634,-21.663863471530462,1.0
-20.366592691692787,19.87525643462154,-19.26045076960998,-19.599956720321273,1.0
-17.898979559963152,10.974330869510702,-13.096746586477332,-15.589426083822076,1.0
-5.51383575177813,16.363727794079217,-14.740392245407087,-19.21915667141969,1.0
-12.730891081468982,7.667179537872104,-18.68414129024142,-19.132629018850135,1.0
-1.405990260725991,11.501020055476637,-22.998845416915508,-17.524841653928014,1.0
0.4029063650751752,5.328943695819952,-16.219046900883836,-18.184266976223853,1.0
-0.42655142878722074,11.999966214048387,-14.486267066017833,-21.377213108963637,1.0
-13.721626204317621,9.945396732281411,-13.07705546842785,-15.9224920654085,1.0
5.461602590825859,13.450808837987665,-19.16344804007274,-20.255091090148017,1.0
-15.789455980243577,18.97611866241384,-20.249750429641892,-18.806042507424948,1.0
-7.932408221008842,9.567239688414563,-27.88635699118219,-19.13802133170239,1.0
-0.05176978423446421,8.715290483385155,-22.970839045207146,-20.420222378330756,1.0
15.746571297168886,20.039251365858618,-11.228500174709993,-22.00700051001242,1.0
17.077256191519993,8.367124116056686,-14.417848396328855,-20.70845880712476,1.0
9.890584396266483,17.947441200263718,-26.87577802589466,-19.60715367059167,1.0
-3.8597934072437536,8.132629718267331,-24.40346707561767,-16.319277121989476,1.0
-14.783050121521567,7.530814227082784,-26.175045384685056,-16.480905322506786,1.0
-8.802272999293773,23.824986802873795,-17.39871026079912,-15.575345605452595,1.0
-7.112286066189229,15.043554949639981,-18.44960493012765,-13.74612982564068,1.0
5.158520054111775,11.449367756014889,-21.738600300068075,-15.816674577021061,1.0
16.33388221259466,15.143988392815167,-16.160984652877538,-18.34715761103599,1.0
9.321725771928001,17.604039926183134,-15.875546727000497,-20.920954094446735,1.0
-1.9101469593328417,2.0317536768684814,-13.266309683111123,-22.163341969885913,1.0
-10.842815506761294,7.176339162305186,-13.170042938563558,-21.818166113882487,1.0
-15.47240262521845,7.833775896601747,-19.14781248868653,-22.1580620786536,1.0
-21.30505029609754,6.634413911932818,-22.676190221720965,-21.17448737867601,1.0
-12.33436250132483,16.55926506864101,-25.788503632921927,-13.76358733452835,1.0
-7.932849991932336,16.918160390374535,-21.62255806410169,-15.698810325747013,1.0
-13.410929705091156,7.370440153314206,-20.214396917743134,-15.779172354256527,1.0
-7.907941116758319,17.58665799110234,-19.98268976043453,-19.232953323402807,1.0
-11.431673324875728,13.731969149942412,-18.660727543874696,-22.571074558840927,1.0
-2.906274185831556,17.36990353834902,-19.418981371872786,-21.44701063665034,1.0
0.8790959400821308,20.11632528408624,-24.082092377446326,-20.68935770360583,1.0
-11.844962353552376,15.529180166956799,-17.89862821625202,-17.73171716742072,1.0
4.012344783542039,16.93707296599828,-21.438904112235658,-16.398612254311924,1.0
13.801226415438002,9.068534665058817,-29.97191938759638,-16.99013400882263,1.0
-2.897798624003631,19.285067223970607,-25.869106592092802,-16.17720685843347,1.0
1.1885448477023814,24.922665786673885,-23.69357172542386,-18.05372304049812,1.0
4.47443113920559,22.700257090080875,-16.644628227152694,-14.571373698725907,1.0
-11.271475815152293,19.048314363953242,-23.229075366295056,-14.892095563473559,1.0
-15.958632194556895,11.475404589118467,-20.985756634744526,-17.085370851311964,1.0
3.385742439584079,19.58742915345789,-19.622922748146298,-16.042558326813552,1.0
-10.256899048588302,16.16743347870785,-14.153542197473037,-17.16584846759008,1.0
-11.909381769345819,13.898608971008274,-16.04330149998633,-14.076552312261823,1.0
-6.739581565381381,21.897597620493517,-16.26586315256737,-16.047079232233425,1.0
-0.8556539066499091,15.85699480488753,-23.482174062704594,-13.743723272987793,1.0
7.665180468258943,9.407447628577799,-5.5340334832005285,-2.0723138052316266,0.0
3.484029474768084,8.778041481022749,-7.9144310914040386,-1.1697616691105912,0.0
4.4477309299526375,10.30718133150445,-6.455872729804943,-0.724135622673167,0.0
-2.006533622767714,9.311543682260533,-8.508422117084676,-1.5912700760023981,0.0
10.596181894485584,8.075361631881371,-8.521647473361607,-2.3410790333532887,0.0
15.304046749296914,11.887740637622919,-6.3034195680156095,-2.9029373583044005,0.0
9.978340969269214,12.067948678522097,-7.004901976860337,-3.1892678444428064,0.0
13.926665731597527,15.310621968687053,-10.182926473899157,-1.8451472949829264,0.0
7.939492481581469,15.374154823276886,-8.915446618512979,-1.5323382603986646,0.0
23.798468557391626,14.609417135729249,-5.270027846939923,-1.1441471830036747,0.0
12.259050930374997,10.94753599350745,-4.600908213456778,-2.850310450633002,0.0
12.09392484578018,11.184325196132946,1.147037617988202,-2.4158159549757245,0.0
14.775550773060992,12.046945197165433,-5.577010479007292,-3.8280328927145364,0.0
9.23871089557982,10.965629832831612,-3.4305190120039573,-2.4416291454386476,0.0
16.622318671837633,8.795329312900598,-10.321705595842044,-1.7351938433691254,0.0
25.29752646360658,10.46276492339179,-12.746534542553722,-1.733945326638241,0.0
9.66231212050122,13.841730606886056,-16.04029292613867,-1.9343268955973212,0.0
2.2273144204400843,11.930411589658984,-14.334441135179002,-1.7108871633166496,0.0
9.822554773404317,13.655195047160344,-10.664150964595132,-3.0422276135475403,0.0
9.69443869933932,7.640461436841119,-10.080704405156261,-3.277084156260879,0.0
27.777253735144846,9.790762470727687,-9.755412132706805,-2.221684337927594,0.0
27.3733918358073,12.486224618647888,-13.199987039725148,-2.4517973867937513,0.0
17.42691424889863,9.785609947596463,-13.896140181911779,-2.859325013452495,0.0
4.097422599190061,7.797378486365675,-11.229620411876876,-3.992776077825928,0.0
9.681841343116465,11.394599509250922,-15.623564434387179,-2.134498330544138,0.0
15.114376635623426,7.569684701017344,-17.28763060136769,-3.359703514110601,0.0
9.079932940324206,10.28074054319165,-18.50164709733903,-3.601456121470738,0.0
-3.301565734108612,10.152195835623285,-13.07178229698563,-3.5267082431397156,0.0
1.9744375892351957,6.570642974029228,-12.846911446798902,-2.8786525444254023,0.0
1.5804666689895193,9.229380739469981,-12.083465990068447,-2.493059639257682,0.0
17.777568275553513,11.463175452169779,-11.587860507670424,-2.4027738656094906,0.0
21.34316744302567,7.7784005823932745,-12.268852428654494,-2.116191823303879,0.0
16.33214368493937,9.87833459120333,-8.153817715276094,-3.259447286839558,0.0
10.124373225435097,11.160828923564226,-12.321609913236943,-5.340980113617595,0.0
-0.2240095403912381,12.272732115243443,-7.912305813726958,-3.446947502959778,0.0
4.798174470373938,12.22657691004062,-3.5102529431133256,-2.484704424531905,0.0
15.621096844706926,7.292262480109634,-5.879944844318752,-1.0369250039089768,0.0
11.450995567847816,9.846771410508117,-8.9796382435359,-1.8575090104216745,0.0
11.729312809822597,10.789302230024749,-8.678797742823079,-1.5506622721422272,0.0
24.69369428925958,5.229220445004208,-8.881152973347445,-1.761061943000523,0.0
23.743558117258623,11.014434281781924,-10.434200616919872,-2.071282937617013,0.0
36.230054101242274,11.220336828943706,-11.440755631124318,-3.0510154744494997,0.0
22.489592315296484,9.995416439002476,-12.457136231676515,-1.6414787658749903,0.0
17.132691712113633,12.622340845491957,-11.956883969792,-1.7410798852339429,0.0
15.238084118720177,10.32865271073722,-10.463882831635464,-3.7342533398673203,0.0
6.7443702025253085,17.501882171772,-7.954314217686604,-2.5745186561521978,0.0
15.202705998640138,11.321796150080573,-12.380979294193324,-2.542101504934651,0.0
8.89285921858431,8.81456454880634,-11.850834581138974,-1.8993014700776705,0.0
3.3732263979256025,13.306112609259989,-15.709336587854953,-1.4813985322398817,0.0
5.303140400200006,10.00524508987013,-16.62910509124924,-2.9384383415236695,0.0
-3.3693327123649537,10.143053907506905,-13.705795580812303,-4.185424683442219,0.0
-16.866691202745912,7.992649180221524,-17.03214640762507,-3.89763420765025,0.0
-1.3730138520033766,10.15472869603094,-12.277059727374887,2.786258852325055,0.0
-10.949341351520893,13.813663586622067,-12.883815828611535,6.3093173414052055,0.0
-16.13842140945475,12.902179126703368,-16.818912170102355,8.372736374551925,0.0
1.8218571376569415,12.388586525459164,-12.882497293352412,9.602801322236102,0.0
15.59515288158035,16.398333682479738,-13.979067641876247,11.29274699761731,0.0
22.89390630630735,13.345694653540807,-12.193864340024005,-4.81634021169131,0.0
11.359751050209844,11.383089259802219,-13.985138186228998,-13.931997525471724,0.0
16.784706758394233,17.130141576144325,-10.670986573479764,-17.931289349551,0.0
18.23667986684071,13.69197048829755,-14.421128483545706,-3.853194818947637,0.0
8.287323415819944,14.505306882477962,-12.20076325717109,4.805383335149962,0.0
-7.171985337486336,11.489357020592132,-6.114498308640568,8.971313713964552,0.0
13.280666007684388,12.912016595699448,-3.672005541520126,9.351148111404232,0.0
6.564498470850998,13.265069757576047,-12.656338415617356,7.005615959625445,0.0
9.232850449723001,9.294236922453472,-4.298888532236212,8.19082388809842,0.0
17.603232123443135,5.527397006042829,-8.910458244562836,10.165254409723506,0.0
10.949125780778637,7.327757649251707,-11.238253145271381,9.34717026997754,0.0
13.298198371714061,10.642984276764384,-2.3878781936357356,-4.496998359087682,0.0
18.285726753461006,10.546337340509217,-8.271806811815752,-9.673168490895367,0.0
21.475239662259888,7.469514414305203,-0.9501486593724318,-14.661026395340292,0.0
19.94947375990553,10.082268136008935,-1.7254155092089762,-17.536450523599328,0.0
15.150958169492892,5.547515208088105,-4.004589921200023,-16.65396286058397,0.0
33.53202868149355,8.88570376541338,-7.8074480791591245,-17.92433594608817,0.0
28.962109227278734,6.457009973328182,-11.723368461719847,-19.970572360218213,0.0
31.28433235293816,10.444093551804341,-14.864052839229284,-18.664110737062522,0.0
37.77519843125209,14.262238901728892,-11.83399194819104,-19.097617428864293,0.0
27.959394424796287,16.456816080487513,-13.436579579704723,-18.959389992734202,0.0
28.392917642174496,16.827085293484792,-15.448895511828317,-19.64130539795372,0.0
23.259122018337237,14.238023913790595,-11.85449092281053,-18.267407504880985,0.0
14.163794444844484,13.35532325500969,-9.819676310695485,-17.53183944007732,0.0
16.127954523613063,16.023112227819222,-4.113291302371973,-17.72303667514432,0.0
20.57494258265203,13.270358060930107,-8.48441702097714,-15.808138649331628,0.0
26.35793435512625,8.891066035672294,-8.32772281015749,-14.27501596793758,0.0
27.674591067580508,9.718298171735706,-15.574982366254806,-15.00630043031989,0.0
19.345068125518438,12.022222177272926,-9.06299830242613,-16.33073393019349,0.0
22.156112557215533,12.000803582152326,-13.586461833618792,-17.650375626064175,0.0
28.406636906359807,11.331356256897267,-14.009640017273004,-16.40970001537317,0.0
41.3427648702947,4.732139039178786,-3.9309258794169004,-16.268207233687857,0.0
54.13190394221185,7.4647146823545265,-13.479200211868754,-15.805684191408728,0.0
37.706291202626886,7.957129492512726,-11.663546090356508,-15.096260520415326,0.0
27.302935071701587,10.05305775266973,-13.584349520844588,-16.87299732244296,0.0
20.844021858878616,9.667845184561433,-8.756010651464933,-16.81782693564072,0.0
13.42404544604614,10.054837998819016,-6.175612126851954,-17.198341514233743,0.0
13.563209474408875,7.221911249415225,-10.918176370629745,-17.56985340146773,0.0
6.690528889489537,12.09547455177945,-13.167972149880821,-15.837736636350552,0.0
5.929235406048882,12.225236210153774,-13.818996813597577,-16.94537189036814,0.0
6.447343446163895,10.899162739570075,-14.885321922954663,-18.324317275404674,0.0
26.48543285604962,9.55257039388771,-10.743580562286654,-17.832001484046398,0.0
21.87801950344717,7.020480684183217,-12.869012476250138,-19.565213542113305,0.0
12.005722037532777,5.8731900290901535,-5.3169155228569105,-20.048762246246394,0.0
12.812437108391304,8.855443371306585,-17.714182983704546,-18.424174973928128,0.0
16.57227101804374,10.519969435749669,-12.920952731345732,-15.671419124779465,0.0
11.692946128403847,13.00267019057393,-15.097922760536473,-14.283669969734987,0.0
1.6591619631943963,12.714352617500325,-10.505628111969692,-15.405765818452553,0.0
4.335000387913057,14.00265262064573,-11.534809631890642,-16.454495921739582,0.0
19.663645627894063,9.619451055329803,-10.331192340595468,-15.484056323253636,0.0
3.1126951358195116,13.16570066561069,-4.825567805908688,1.4300248349745024,0.0
-0.18381685567579886,13.46118132145805,-10.851618406756781,7.519026647769511,0.0
11.806539089256415,13.920198582788124,-9.196592702835813,11.29802096730129,0.0
14.790830726689233,10.92661806535185,-9.362885805546457,14.344518901484024,0.0
-3.5235286491861584,14.307143061498937,-10.448540125506835,14.387531177782666,0.0
-11.262676738348873,15.567466095644594,-12.14772666792926,15.72087449959235,0.0
-7.922901242804217,16.266834460966162,-10.482460532345334,13.834606189303653,0.0
-1.7830808491528067,12.748321629895841,-11.908986007277935,2.171064746199366,0.0
-4.229021102432817,11.612926723172286,-13.854083398596181,-4.320440941318312,0.0
13.068153679549457,11.042186449782335,-11.606688991468346,-7.442785098702358,0.0
8.21215708900208,11.2699242744513,-2.99123529754372,-11.468543966457089,0.0
18.929855638119342,6.376259813936092,-7.104689193567494,-15.363487801967137,0.0
24.288572313292946,7.697449957351427,-11.67757948136666,-17.025318112068444,0.0
20.449912290550127,5.436332270878508,-13.360985374408019,-16.87000883416789,0.0
23.407713288978844,7.4536655108725345,-10.25466208460442,-16.118508847006765,0.0
37.39180364811476,7.906912703625372,-5.758056105489733,-16.385148340457206,0.0
35.552731268131225,8.474441282822147,-6.693142542905102,-18.419401544999868,0.0
18.670992639154,7.63773316836054,-9.422769928392277,-19.136731106642173,0.0
18.86482073190659,9.593980604573561,-13.457621693823315,-20.632995274348144,0.0
24.26964374437965,6.248468006550266,-13.717569662172048,-18.015782077586998,0.0
22.191637146261606,8.349381984881619,-19.5052590322148,-16.308196185946187,0.0
35.448057987287726,8.26014991812596,-13.730126126891331,-17.664029563555466,0.0
37.050879273960575,8.563536228580885,-11.793208983227993,-18.753164835570075,0.0
17.825741738416674,13.367560653159911,-5.438710658515746,-20.41758452593586,0.0
9.71524048883515,11.15359566274753,-2.5249910267315627,-20.22345181508507,0.0
13.303617475181074,12.87994287001819,-9.468790926683464,-21.51684972424357,0.0
-1.3235057107029782,14.370261826446622,-13.931005912918703,-20.735140005161643,0.0
7.648696619898624,13.650186582632564,-13.054699778407638,-20.658254657595617,0.0
0.911524149492827,10.10830230810372,-14.27205230578275,-19.976234390616646,0.0
9.659723516583671,11.264293427666814,-12.219465178743356,-18.442889434304014,0.0
21.584695346044715,13.58718175728572,-7.971611945134811,-18.522007492189445,0.0
17.770272461420124,11.523536808565295,-14.481600710212954,-18.835424073375663,0.0
34.01174061610558,11.50350810221243,-10.006432866399006,-18.617036128769666,0.0
19.36887164440376,10.88368906817269,-11.812566958068626,-20.581405688728573,0.0
22.646758325146994,12.87118714850859,-11.58412016699539,-19.8414725166676,0.0
18.259374733360048,16.889389991859336,-15.410362469969957,-19.40100955394036,0.0
15.280162798775525,13.697220281287436,-18.040623920933477,-20.678766555858672,0.0
23.43327620866431,13.157916796909614,-14.692728099865192,-18.758902019376574,0.0
18.266002264077393,14.505038879969195,-17.275617318562794,-19.725247632399075,0.0
8.682078119612733,9.873915060180998,-11.76236303848674,-18.905570353589408,0.0
18.018853044933707,10.390663876869509,-7.497092260889421,-18.77424755683762,0.0
25.85886129144756,11.371354100277124,1.2212901661808013,-18.058737244808487,0.0
26.628048866533717,10.352839007746917,-2.953582625714281,-19.01006555527595,0.0
30.616888983694885,7.588834222020937,-13.66869202549897,-18.3953779195401,0.0
3.5388974088522875,8.608651795023611,-7.244555183140207,-19.148400652349263,0.0
8.593042517823672,7.601907094189764,-9.121641586951762,-20.063479931271463,0.0
3.3121445928555993,10.82473280632717,-13.320306382529997,-20.885791724095867,0.0
9.308291068173537,13.620504177712721,-9.555172670558207,-1.146860147009603,0.0
6.187776708543041,9.741862207140295,-11.705409309976137,6.69828688475997,0.0
1.9948870887453989,10.295108840367115,-6.861203087126764,11.395958864615995,0.0
-7.103003961355242,9.197172518551644,-7.0066551398715,16.758336488060948,0.0
5.441167570989784,9.456428827885018,-8.334344994541304,16.534207806678616,0.0
4.230013124959622,11.587111328615393,0.5142552539974758,17.654568862155326,0.0
4.213013037620362,10.68632895561505,-9.341830453830791,17.76074064410738,0.0
-2.316240840647284,11.208264695015542,-11.558488221157548,16.95252679478483,0.0
1.1824136432899133,11.438942776839209,-9.309366074143476,16.796572613759743,0.0
-2.4219371625018327,12.318094456109645,-13.585834147067056,16.944393089296316,0.0
-2.5956939368430216,10.533031123963438,-10.768835050053356,15.819519346681098,0.0
8.222748665262108,4.84502590298006,-11.750148494143762,15.588934178728097,0.0
-1.7122401405130567,9.385358529463058,-9.417911049175734,15.878651488523062,0.0
-14.125755812282424,9.511894098921255,-8.141546719764403,14.929056665710775,0.0
-15.725288271894497,10.167478385580848,-3.73113696464031,13.772298245863581,0.0
-3.484404981466284,10.09538157662874,-3.566675159066209,15.825807331576257,0.0
-6.722181734788985,12.681117161397287,-6.806242838465813,14.810533174062734,0.0
-5.5143669969795885,14.980913401880619,-11.951455200867926,-1.54337359532326,0.0
6.293263833177752,8.864820512007839,-10.74460299583905,-8.103197896160184,0.0
8.352351080233671,10.87673454095422,-5.892305697218902,-12.110212427331222,0.0
6.121261209629145,8.691675956150487,-11.891245202864614,-10.627776263577822,0.0
3.750218492069655,10.479394451447794,-18.09697040382403,-11.187259720858687,0.0
2.6199818392079193,14.176883219399704,-15.760928135198887,-15.921976979667363,0.0
3.6958539769214545,11.4101101149362,-11.154820912178028,-15.395189681433266,0.0
3.265548569766702,13.008001683472344,-13.730272637370671,-15.539126402453231,0.0
6.253264795278831,11.17012763642013,-11.30534050507714,-16.02033823470764,0.0
14.974048574573205,17.542541507814832,-7.716465930928116,-15.873883461543418,0.0
1.8593359612088125,10.960116794165648,-14.039282673429934,-15.025101435827295,0.0
3.7555429464563277,11.440218480005793,-12.238779749051414,-15.783249259624386,0.0
11.548184706160852,10.300092893654123,-13.216386793575694,-16.41214909046042,0.0
6.4595318103991435,15.502407238007741,-9.653084839894543,-15.626919378176911,0.0
-4.704983940351651,14.446883255084309,-12.959404836082179,-15.768445967011893,0.0
-14.303307022037853,13.636662146327726,-12.41022784319824,-16.97778396057355,0.0
-7.4919035100342075,9.67857202481184,-8.337089887000287,-15.849891626083787,0.0
-11.921880254323298,12.368016694916015,-7.562346596811681,-17.23787214306027,0.0
-3.946949575820058,10.318275695885415,-8.878811451101626,-17.16432704430773,0.0
-9.548138694410136,10.310323163901085,-9.304326441219322,-16.56823187689988,0.0
-5.78637509541082,9.575121974342178,-11.181803530433069,-17.664515196563098,0.0
-4.906297532509926,10.306454598500306,-14.077786518191813,-14.399606607388707,0.0
-9.627761065947649,9.260812337003351,-13.510413095920057,-15.017575972084227,0.0
-20.056793449893377,9.074639293884955,-10.40019463202952,-16.192660649265633,0.0
-12.041814637384725,11.36016115833057,-14.779538077374658,-16.103521771882367,0.0
-6.5785654600751275,14.069895941318716,-12.09017920949531,-14.459360769626567,0.0
-14.043646955574115,11.991874311555376,-14.564725478562147,-13.179653671029838,0.0
-24.865424863220266,10.47733281623709,-10.767094968608488,-13.559830002110514,0.0
-12.706016920985476,9.710951095043558,-8.581206519193026,-14.79421187259705,0.0
-9.35985954016904,12.496971763351816,-16.536933744029636,-13.56856617884361,0.0
-6.872973841990522,12.245909259692702,-19.86699301426404,-15.20183231886412,0.0
-2.3422049023166895,10.848957401559158,-18.181907846909954,-16.176497145225255,0.0
-17.378922876746117,10.27573219456076,-13.939103521214324,-16.51232338019422,0.0
-15.628699270003775,12.952263533837941,-10.792520957777421,-15.522470966061817,0.0
-15.139268638659635,10.283909023043709,-10.623171221406684,-11.350261186077717,0.0
-16.855182882813462,9.830292843702495,-13.091872671630517,-11.582578931544973,0.0
-21.93777232992267,10.125129732424586,-14.921182334098845,-13.015845821461436,0.0
-15.688222748578374,10.283185989045892,-7.322448834001849,-2.170288816389112,0.0
-12.39247494400222,7.42613089966666,-10.556799859944563,5.523559105751512,0.0
15.06922388870926,8.040467737891262,-13.58557612145573,6.500253118501332,0.0
9.464358426757503,7.8746204291115,-11.394386667904719,8.17390192171078,0.0
3.4200431067981807,8.522904727564793,-12.650468342550031,11.201853143365785,0.0
-6.7639014131821735,7.714060118819379,-15.390779176635931,10.42126821789032,0.0
-7.474110586218409,10.721863361943193,-13.82940157409128,8.717883047137567,0.0
-7.584092234844198,15.403222022318522,-11.777717790757077,8.583650097816795,0.0
-15.283310253010168,12.760567751712806,-19.660440487118596,10.638792142020403,0.0
7.382687983291992,9.596710693577233,-17.32373594623762,8.078322600734046,0.0
-4.312810285168974,7.100825617999307,-14.79810922340177,6.702942930448451,0.0
4.99767322520818,7.010462666843015,-11.906686328921571,7.071772741473056,0.0
7.912735352837416,9.671782289043016,-15.18385943554628,5.938492548686321,0.0
6.04329273281134,8.511995215280436,-10.124912998529735,5.296950955304465,0.0
7.480766047319429,10.362359213592153,-9.305187805147265,4.430546664269224,0.0
5.432612745460629,11.94961610533678,-9.70824103581691,3.9962859033888636,0.0
-14.593584979056983,8.624563317427866,-12.188898579410262,1.8748906322572005,0.0
-4.566695609180233,9.983739711866852,-14.26454718976057,2.4325915751399854,0.0
-2.7238139391333736,11.336279251437702,-14.436104636443067,5.251952271898468,0.0
-22.562146414988828,9.796648619474555,-12.041451133765246,4.597927593652679,0.0
-11.373073132180743,8.46313228205486,-1.6918031722641071,5.219076698914626,0.0
-11.073174847815272,10.440470703360095,-5.275019014628624,4.4955889155479305,0.0
-4.3088467782918105,12.232507028928827,-3.727476458401628,4.714095314979652,0.0
-2.1903150750093836,12.79998303430301,-5.902571135303797,4.81436806546376,0.0
-14.335519190607577,14.351160951531885,-10.927774039344614,3.2494559610315896,0.0
-3.7902136927441985,15.353051222962982,-12.348039261913607,5.03115554897139,0.0
-4.859301367156766,16.619107576712693,-8.943181745222004,4.729017230672752,0.0
15.22994054921906,15.741221773709865,-13.564753496609121,5.986096188007894,0.0
25.097820769441025,8.50492632623593,-10.009817325575712,5.161789406259746,0.0
18.708518821911095,8.58817895143048,-15.663866742317238,5.537990083551817,0.0
16.35454043176502,7.289922242890942,-16.727828671561387,5.437032382605072,0.0
-1.315677661283428,10.652537343057311,-12.283184686776291,5.507036014029269,0.0
1.0079041288137258,7.491080178280837,-10.36436704057674,4.952483160264471,0.0
2.7148120500012576,10.900452629651063,-3.3304669492432133,6.763988476997078,0.0
-2.7595678373636185,12.89706832446384,-2.2689044961132705,5.316856877422788,0.0
-4.190026722352556,8.887059666683133,-6.241809317073306,4.75141194268352,0.0
-5.426165566804167,11.399370568352717,-10.473276744946856,5.13752861047661,0.0
-2.5989747369056184,9.608977211487904,-11.034778562913447,7.314946836703599,0.0
-1.4139751558608689,10.461116545882533,-9.984793911545466,5.758060037443393,0.0
6.067821566893299,8.335532916283373,-9.069690823716064,5.678934578025696,0.0
15.402237311351545,7.641493299780739,-8.760286660969523,5.7455970005418315,0.0
6.136576449120927,10.199216305804176,-13.319335705915886,5.587930477517355,0.0
-0.5022250549212526,7.068583984484638,-14.396427234962932,4.7486053947846,0.0
21.386561120458182,5.1735398201606975,-12.747390987923417,6.000908694741102,0.0
5.904080923777353,9.088459422815907,-15.526582870518986,5.764244888844135,0.0
-3.6480811744930453,10.41644991302204,-8.987804280077377,4.245692939817754,0.0
17.092314373560953,10.580051830185932,-12.795336283513416,4.98921960333101,0.0
16.642360858514728,5.6301196964272435,-7.764636411253124,7.500086423562789,0.0
19.43131371205816,8.299197070169768,-10.600251223855649,6.953486393885234,0.0
12.062399474120737,12.092990846317736,-14.607422681536999,7.64042619243854,0.0
-9.492586854085436,10.053335520422953,-12.167992071159198,5.77245421214336,0.0
-6.360715987116016,10.587095977674586,-6.108712863161048,2.413933008571283,0.0
5.388067782136894,13.254081151989892,-7.067879957679158,2.6678672760322693,0.0
9.800528044490001,13.015179031668577,-5.639543082050286,2.021629688770502,0.0
18.28435345136905,10.72217865416783,-3.209354469479699,2.6497341851151264,0.0
11.966062491571911,12.255882824682931,-5.4923295040289,3.3645166500870696,0.0
3.575626516296774,11.812925534006876,-12.086236954655291,5.553196664142584,0.0
15.398970216864534,12.26909347983777,-13.533589190639272,5.339101552314267,0.0
-10.552816900483055,8.567719426994165,-13.743790605874143,4.204333594824847,0.0
3.5445348553511584,6.3148492727130785,-7.68834418452721,-0.2100546555285182,0.0
2.70883737733117,11.979043111950842,-11.128106142123093,-0.8249975956573421,0.0
9.185406756683772,12.500171052487726,-7.017579344044098,2.0950268929421156,0.0
8.45830798194938,11.604236188093713,-8.912479956585772,1.3974228565626778,0.0
5.327082291229242,9.729075882533767,-7.628550550988858,1.2791790635189468,0.0
9.363660216231647,10.250279555139501,-3.7557226686154763,0.8876027388556184,0.0
-7.817942028660836,14.103464852532131,-6.517312513764841,0.35552596360400074,0.0
-3.099451571029394,12.056430120837904,-14.221352145615295,0.8416345135550459,0.0
19.27548206355009,7.779131561143292,-6.388820171482726,0.5245637964545511,0.0
5.733899036183217,8.149295848074765,-5.600097356714738,0.2946053264422396,0.0
7.862217544279153,9.909348978145074,-10.0327641715248,-1.618579169296767,0.0
19.904178763648517,12.319035363253452,-16.17932520335359,-0.10770156364478678,0.0
18.285974442266934,7.829870562181139,-15.451762032878621,0.17033911416286263,0.0
16.219983805134227,8.929690765787235,-13.27713574533151,-0.677830823685446,0.0
6.197065060086488,6.006274938300619,-13.207558883820674,-0.21582933119051617,0.0
-1.900543651456589,13.055223244166953,-11.753856555625774,-0.16720505004465983,0.0
-4.2707396371375195,15.011247300668657,-6.312117145782045,-0.5154903402534416,0.0
6.257029360786088,14.622050116149564,-7.540590220292579,0.14791389709972902,0.0
6.048095886521409,14.296531038231233,-8.101960400951691,-0.5490079687394661,0.0
0.23591824681128704,9.161971828324305,-7.944798206607822,-3.3347361913682247,0.0
-2.040002919977008,10.769383689300478,1.2662169629009234,-3.6964540144913007,0.0
6.196920563281585,9.801126347286353,-1.4610750491278388,-2.6346098846031767,0.0
-4.656519912442232,14.680476785882007,-8.237110566390903,-3.1761603071629287,0.0
-8.303718732562844,12.56697984401653,-12.788345327099567,-1.7486187468253447,0.0
5.975711293678567,11.148928100672297,-2.122934971159334,-1.7777985723349086,0.0
9.590766320703782,11.905861505554714,-7.93518030378422,0.49808237250254705,0.0
8.801031403997461,12.898406759922823,-12.219546648842597,-1.5804546156258659,0.0
13.433951620939801,14.280316517746499,-6.347265222244463,-1.0235951175436928,0.0
4.751179451189223,15.463809986098227,-7.8223695893596075,-2.2175343204636704,0.0
-0.07935809604052224,8.06034721379215,-11.856890343117929,-1.5740795211739387,0.0
14.053355986092976,11.265725052567136,-10.2614237740426,1.5057107919108401,0.0
-1.1127156906428433,12.687368973120158,-8.990434344157572,-0.43028010703448166,0.0
8.63740845296827,8.933100560538918,-2.2723150419780342,-1.0610353385064226,0.0
15.247120152578187,11.410399218982892,-4.5306725006375785,1.2720190354160237,0.0
11.846357316600269,11.753156046887284,-9.998436191690839,2.0358644312804293,0.0
10.8877286319467,11.467368829118527,-11.413077791536265,-0.10314419836779187,0.0
8.257626385936023,14.662390985237128,-13.544021860435514,3.471682777614284,0.0
5.268220605745068,8.59321482596455,-12.208680779053775,6.939173533150736,0.0
-5.733414454278829,10.423180909370773,-7.8480503071137955,8.57364732438717,0.0
5.5519481477101715,11.184506738272779,-7.246388567599668,9.14162730038921,0.0
6.626247774767403,12.711423398392814,-9.694554947478926,8.522776273143817,0.0
4.11326800035878,14.066177413584075,-12.551466480523587,9.78458439678084,0.0
9.404290683937786,10.345698344050055,-9.393330644645548,7.439410656088956,0.0
-0.6874001958881459,9.924168300528184,-10.446331835418412,6.875111812573611,0.0
0.5064036434244317,13.506951612872871,-13.351983219246563,-3.435059050421109,0.0
-2.8839524641474346,12.65518811430789,-12.949041996880586,-8.17500978466014,0.0
6.603861936675506,11.597141173969154,-8.605639326397784,-10.79547515188925,0.0
8.631960851724198,10.899448509835434,-5.427215985602777,-13.11900691322516,0.0
15.016093082183701,9.52199905726255,-5.093207836693674,-15.164042519330525,0.0
7.576852554959379,11.53007021534742,-8.4808776022642,-14.525608016517996,0.0
-2.0089913249162086,12.676726687838048,-16.251952977892504,-16.274235342875627,0.0
7.692383629847249,14.498950123218671,-17.991829733231217,-4.24951689942445,0.0
7.245451621796416,10.177432279785108,-13.261089136458581,-0.15423503325404275,0.0
-0.850149896046732,12.844164864322641,-8.110367740280624,3.8312603144275634,0.0
-1.9997920448091318,13.378270422580345,-12.884664860957603,5.029654256479303,0.0
-6.4657632985717335,13.840093485946706,-9.343054555541308,7.686988554861605,0.0
-12.59747913648127,10.315040615150432,-11.122964011746255,6.712599107493364,0.0
5.993312624684363,11.933014685924354,-13.607801511802549,7.969294475455276,0.0
-4.675168523083638,10.50746566973289,-12.278505923149767,8.800326503013844,0.0
2.6162392667837095,12.000494209544406,-11.442297298694397,6.921489536686063,0.0
6.281433421903821,12.668941558695389,-11.572460496920229,5.997472929965641,0.0
2.837323862632361,10.687237307171937,-9.020250105514725,5.242327674626294,0.0
9.877988478970376,11.755417062386387,-14.431682824289815,4.658039956601425,0.0
5.714189840682389,16.06211034718258,-14.149890542038982,6.067125041175694,0.0
-7.945365964582899,13.254122830802338,-14.811330741200361,5.7911599119116275,0.0
-12.569442672624575,12.757921800620153,-18.60368015470349,7.312512955199445,0.0
-10.498008996278179,11.282255726676874,-18.306827981965554,6.622665363238948,0.0
-9.803211785587129,13.27480836999431,-16.895478374055074,7.0277911589427475,0.0
-22.031486152108048,11.355276673962234,-14.090237669401041,5.435530391725122,0.0
-3.5100054012235193,9.443815409036603,-12.165087265359757,8.474395333667308,0.0
-0.7526423232619455,9.81274618291127,-11.143926087440887,6.534238466243722,0.0
-10.86356008808791,11.715067613049442,-11.220602773979454,6.768526766453032,0.0
-12.67195026203715,12.870409708712929,-12.13566777031558,7.682102725871515,0.0
-1.9895812427951811,11.838470060294062,-13.546505296968828,5.991097819814013,0.0
2.317444548492406,13.835288149112,-12.48086543757648,4.808791033360151,0.0
1.0806940443580162,11.875414744243542,-7.227955057889981,5.360353153309993,0.0
19.46596675673131,11.032659974949567,-12.286971975678304,8.32146958555417,0.0
5.334134651745609,10.679362033185857,-13.628504910829696,9.751048547217245,0.0
2.3165124298528195,8.916659757782268,-10.473853377603941,7.920260676200076,0.0
7.451549409274414,10.586068687424271,-4.743569176988786,6.27941515109201,0.0
13.552634265020327,8.116425107444057,-7.368446064103091,7.240512164321553,0.0
4.328283585091093,8.974202777520617,-8.38835027332724,6.597622943320489,0.0
-8.1591370494289,11.166238299780709,-12.02684244821958,7.491852999961611,0.0
8.934907323125081,10.136462294855514,-10.746273684053481,6.863281119124964,0.0
-6.418995242067613,9.21000000510366,-7.502061409597003,6.99534770860365,0.0
-9.954122635790018,9.352988427219206,-3.42006465297243,8.657096956548667,0.0
-13.039501218586311,11.305338895637297,-6.289054770274526,7.360280198981736,0.0
-13.39303971037221,9.870452646764122,-10.336985592710597,7.89273717390007,0.0
-18.943248246807066,12.392592409565253,-11.622504279115539,8.702227064205836,0.0
-18.27314066231878,13.064042250330505,-10.527780685590205,7.3362699554002235,0.0
-18.724553164913992,14.677954533721778,-5.27169906885386,3.9141737512941166,0.0
-18.76150147813148,14.785185436327978,-7.601723928818377,2.302432003541565,0.0
-2.717746534936376,13.809694946705099,-1.8964939890149655,1.7607453340312789,0.0
8.099762007888224,10.798708304873438,-8.295023866680854,2.9607995805546388,0.0
13.304536813095565,11.238036725921843,-10.027380872891852,-7.417823387444237,0.0
13.64219070091995,11.672055454399162,-14.45274148726838,-14.733619649708835,0.0
14.013948235794496,12.352660135796475,-11.827434064169806,-15.79067183600907,0.0
10.407973088333144,10.371756493433018,-7.5865432636412145,-18.910536930466844,0.0
-6.035985908990344,6.88677522775847,-7.252564357800433,-19.642081930569912,0.0
0.7547148871256706,8.112441507001959,-7.182847344806365,-8.551853654270815,0.0
13.722208302066853,9.228123299525805,-9.418299483817416,-3.9987101350079985,0.0
19.47642044660683,8.057974929743645,-12.45519126225367,-1.7948282077566675,0.0
19.432139854738427,9.515519940250908,-11.361724304972682,0.13477889172279345,0.0
13.504529753367553,14.11608359999551,-12.030139247818688,-7.427415651737084,0.0
22.123937815851686,14.607513846997335,-8.3317156701096,-10.8582958657453,0.0
22.52853631096332,15.203740288543987,-8.006587540365416,-13.8300123815397,0.0
4.979320493873564,19.32669380817473,-16.31429168240816,-14.538805577371173,0.0
-2.637096565260883,14.749945672998697,-10.530944027438885,-15.97551292204945,0.0
5.991028810307815,13.310989805298373,-6.351884147197051,-16.297398126871123,0.0
21.247398849822417,13.535632261666269,-12.196338427276773,-15.428758828457944,0.0
29.509226244265776,11.9490624814985,-12.091314398327116,-16.923225586771753,0.0
21.834976028242462,10.34468791817295,-11.9929594432843,-15.37739972059821,0.0
20.996766538505888,9.660899711324609,-11.425130413971658,-15.071264944707403,0.0
18.586323752462967,7.975151678076907,-8.930255080580828,-16.055542973341133,0.0
23.643228451811083,8.64525641261261,-14.602388205841137,-15.826519993365752,0.0
21.73833050802429,11.132304250570428,-13.02673145066231,-15.799348499430106,0.0
15.543900698228162,13.09787031227855,-14.265115310181436,-17.16954842447503,0.0
18.902569431004732,13.267062871977771,-10.045349717820828,-16.72160828636407,0.0
16.93259537171091,12.236801746613756,-10.214369368313902,-17.825111668228352,0.0
14.983603105575064,11.922378660493683,-9.339297702666602,-16.956673047319843,0.0
15.980462147406936,11.140044303064652,-4.986023224797406,-17.969807208754347,0.0
7.978500506147915,9.218857532852567,-9.387715653209828,-16.822185633660627,0.0
7.9293421123429795,11.885428180813054,-14.138780134937543,-16.38595140277987,0.0
12.687899673261096,13.10936572255418,-13.946075942734815,-15.817761220168716,0.0
1.1583285217645265,10.376495262925713,-10.31532811688066,-15.545110618009481,0.0
5.690707141237022,10.278156902258187,-14.279698838320707,-16.520802373851176,0.0
-2.833139210094693,11.460024849293841,-7.485186337047918,-16.02849729484015,0.0
8.086369952376497,14.150502273695928,-6.490196805543683,-16.95175266427887,0.0
-2.766343310426622,12.084353942077447,-8.91000978565071,-16.202877832789966,0.0
-3.02851875363013,18.169209831712188,-7.542335163872025,-15.027710116138122,0.0
5.596511969749802,15.084856091248595,-5.041890205804564,-16.06008288821149,0.0
11.052412910528611,14.979201402531064,-9.914154240461977,-15.677473026870404,0.0
1.0303952460409995,13.906720327328625,-5.442324841486401,-15.021582702878812,0.0
13.46487017266282,13.273107297157296,-11.035911749307864,-15.976560844100183,0.0
6.5703852415732005,12.379807915284983,-12.264681932805468,-15.023665343205474,0.0
-8.249891504954537,10.260043811365994,-15.207865030438462,-15.075266989060328,0.0
-6.105861881357334,9.018353200084498,-13.392698429120575,-15.173775894765907,0.0
-11.40331705384441,9.400031141905579,-7.437522577681232,-14.567689448852493,0.0
-13.138669996471172,9.991935203602225,-13.578917061466779,-16.640607619859118,0.0
5.618158593885439,12.665968372116886,-15.296911475001572,-17.33267534560557,0.0
0.8917212928568685,11.832797462650356,-15.238354390468722,-13.612210019311618,0.0
3.0360741834046507,14.589031418581076,-12.98777532845402,-10.80212974220827,0.0
1.7185433869227098,11.128944155297836,-12.94092898428315,-10.314410497446381,0.0
-4.907663157598964,14.440969997811553,-18.439519421493507,-11.809082718896677,0.0
-15.957227397880441,17.558791807633572,-7.940119397183494,-10.710063461506564,0.0
-16.633786368844337,18.47507615456412,-12.215883530766838,-9.419658322652744,0.0
16.725524634897244,15.11966778517173,-14.478169330260078,-10.642030395671801,0.0
22.40465532747617,12.496432176829376,-10.979817779342163,-10.856516954516081,0.0
13.046541683281298,13.46884872150306,-6.272795119473414,-10.047394444996517,0.0
21.576968642497075,13.461211730380226,-8.040414575350429,-11.001351300949784,0.0
12.397349131606102,12.173188212937989,-7.014152780515326,-10.925197130300319,0.0
22.136865005017363,11.592611950348944,-8.076329726193785,-10.456444856061031,0.0
11.800208488164177,5.70826754177837,-9.779923721320575,-11.12578155755296,0.0
32.1565031534152,6.6355055081583085,-9.806269209135996,-14.593414554947142,0.0
31.626327791376546,9.65253149279763,-7.827982105622482,-14.153933377272333,0.0
6.814964870792068,7.907037969796703,-4.5638325682407475,-11.969795228340969,0.0
13.65054467363707,8.749414568503544,-3.6661063875400797,-11.504375778174786,0.0
7.324870023646784,9.833929317751686,-7.1567655732559645,-12.089953073034064,0.0
17.381452865055692,9.336711258750025,-11.866390906140266,-13.073108934144365,0.0
18.224935240468866,10.049236237498143,-10.491300519024072,-13.549525613822606,0.0
21.911301258858053,8.209920569000257,-17.888581063482974,-10.579415310920004,0.0
16.09560779332597,12.66678061687562,-11.888062924765203,-11.632376291498126,0.0
19.637851137751472,12.260327674741145,-13.998608620032115,-12.204793155948359,0.0
21.404409261170272,10.297687406629347,-6.75649412411248,-12.505092364037314,0.0
16.086490922147533,11.790889843309063,-4.2532179655390845,-12.005416337004627,0.0
16.368358302444747,9.71917147233954,-8.661331290417081,-9.309864868617483,0.0
20.059556489339982,11.339713446260228,-5.355331099496043,-10.12145365436394,0.0
24.749781890749965,14.415712645753166,-12.68831528141043,-10.96176263646871,0.0
25.955755158409715,12.860406549487328,-16.552449023185424,-11.293770982547276,0.0
30.75370982658551,12.993904119392528,-11.383581440189534,-10.025471856601285,0.0
27.63453603540802,14.244122110611073,-8.705045176065218,-13.016681145952107,0.0
16.867800920356913,15.885837045926817,-15.869891604966288,-11.153438821001892,0.0
13.369851472231591,17.032695656643327,-13.687840235791567,-10.130953835094862,0.0
2.527909328057659,15.86717603630946,-12.488364101812504,-10.197799278695758,0.0
19.816693919657844,12.758944354416123,-11.19820562877919,-12.438981846004863,0.0
12.214147631723613,9.419635678932453,-16.677391114756578,-11.162712941468271,0.0
8.901896759046767,10.02158787413123,-12.988021903060707,-9.16760532633505,0.0
0.22715554452222975,9.00289962907817,-14.583215954906573,-10.62993197061657,0.0
8.59262994077442,8.890290019898053,-12.244251474952717,-11.82898191772972,0.0
5.64395329486574,8.951995565035539,-9.807113611928656,-13.272385493310235,0.0
18.823592951325665,9.0695546176707,-6.964972199260597,-13.838814381854974,0.0
13.706993479023211,6.509504094864049,-2.912818050228224,-12.27353135093333,0.0
11.346694123858304,8.855941745073146,-2.739923242134605,-11.453099551698596,0.0
13.634240543474293,10.320035592415826,-7.938211828852218,-13.27578571470617,0.0
0.0555318189209868,8.309130523390124,-9.389605133839273,-12.61054881402423,0.0
-12.943959814555495,5.873313652182778,-8.954910120756217,-12.496808608098023,0.0
-13.8372434166959,8.856559328079241,-13.276052088052001,-13.546862718107766,0.0
-9.42156500864218,7.0226171472020695,-9.792578222450343,-12.383618392048051,0.0
-13.190699643484347,7.917089971727391,-15.037320664386357,-13.68848530743391,0.0
-14.506110468839797,9.705811996655417,-11.233982838334903,-11.936677648918213,0.0
-23.23383156491731,13.774882744788165,-6.40042652923487,-15.2027754624669,0.0
-8.451306086057084,12.084297406639259,-3.0660207383973654,-13.447738788912632,0.0
-8.94618995086886,12.285464803935607,-1.664196820765543,-12.483615798322642,0.0
-34.96729033334451,15.613619468961307,-9.569628022078344,-11.887671231327705,0.0
-43.42389517728549,10.625792270394728,-8.44451154676139,-14.056955962756984,0.0
-30.14743700085102,9.796748881455066,-13.713938719061368,-13.3116963841953,0.0
-25.49369141153971,11.135072696541739,-5.939832579707741,-13.819022356059738,0.0
-21.386116330920355,7.428451294003966,-6.423118092021202,-14.79368678178817,0.0
-9.331766531467233,12.380476026069648,-10.596115003309452,-12.685563901133621,0.0
-13.412795768915009,12.236485103588983,-12.085341816777161,-13.371785054999677,0.0
-18.13662154177996,12.712207297610336,-11.867114357694643,-12.69060259696813,0.0
-26.49555248549187,7.529861656381924,-11.691591221263591,-5.11157963673137,0.0
-18.25439787176382,10.906035924902485,-5.996778620226245,-1.1636096497625683,0.0
1.1819524206486411,10.812444234676313,-10.269901983880857,-0.12134712623276644,0.0
-2.3824366297242525,11.322531224873043,-10.855940930666023,10.109842736969519,0.0
0.5497245458988038,13.52780683900286,-13.019885647863491,16.459825503929572,0.0
-2.3357943294048065,13.447840971585261,-13.216782688366393,18.747344722246634,0.0
-6.9759810621008285,11.30638052997457,-14.039337447256145,19.37413174564621,0.0
9.529173254545594,16.093211218557563,-16.181013393155233,17.988772739533072,0.0
2.8480718319269003,12.41512077616224,-16.012652884813853,17.635574629098237,0.0
2.9936669660098048,10.841840866991742,-14.951106496480902,18.42861789724005,0.0
-4.522297725556124,9.734181936820626,-11.27507355035225,18.218861867158605,0.0
9.746864651183122,12.422223994264343,-12.47484257463858,18.443474006913693,0.0
3.7274614542612605,9.830239230648875,-8.171608006435473,18.286462646889703,0.0
7.621611831871799,12.92601830154839,-7.315328394600859,17.862283412400195,0.0
1.3952522816434705,11.846153311815414,-12.199290943721703,18.419674023364923,0.0
1.5527080868731211,10.698991521370822,-16.949460998842767,18.48839184270815,0.0
0.8634277345819186,10.41842826385584,-11.202168038768157,18.840530646983147,0.0
5.358353352837896,6.703284462276538,-17.662978973545997,19.300851286865356,0.0
15.347691439690998,5.331460483028073,-12.09357636675353,18.345549815312445,0.0
5.048123276456808,8.510025319172815,-10.20999858132213,19.7024431654672,0.0
-7.3971009963762615,11.185640125959907,-12.250768893695756,19.18260782760774,0.0
10.598686337649411,12.981379975112233,-9.651795522478574,20.370306773100292,0.0
11.567221234566698,9.364842305008928,-12.090709362270573,20.24255078336706,0.0
15.45173080263875,11.144348762603565,-7.84091314617422,20.013810692674863,0.0
13.398299371315119,11.088069776206119,-10.737689590886848,20.47662722128991,0.0
8.916205937173933,8.292789077685859,-9.974437534422385,19.628896140921274,0.0
5.644803204797971,12.087852108120206,-12.307924909194565,19.556019217588183,0.0
14.626643253157116,13.789975361161243,-15.099647027285444,18.248588645089573,0.0
2.5629397725593916,10.991808306767338,-14.541662619147427,18.201536343581406,0.0
13.941942699073234,13.417135890613476,-15.02371497132391,18.262161890784064,0.0
9.205483858005922,12.110204650351147,-13.169937226593309,20.120333080958307,0.0
16.70272940879051,10.444121874765097,-10.954205781824792,20.54172976854953,0.0
1.3905902046618634,8.411276625859408,-16.60460605304349,19.13465915116903,0.0
-0.6322292441081192,10.735301806606625,-12.140727041645519,22.33976633541803,0.0
-18.776951991827236,11.237986440951975,-19.003354279162078,21.780950275429294,0.0
-24.192840369335187,11.493445630698059,-19.311453555262258,19.259694057759344,0.0
-12.926810348637943,11.738800770047197,-14.973544450438672,19.87379441306747,0.0
-17.651470896848874,14.771226904100782,-14.62139612509751,6.678701439195465,0.0
-11.627474223737188,11.673299759541843,-8.511417032383342,10.634032955907589,0.0
-27.971501065548907,9.605220253019413,-5.899913479164062,13.126924313273276,0.0
-19.856339181156777,10.207133612915971,-6.5341777762027204,14.573481453465604,0.0
-12.13624950388003,7.392865863407657,-1.9906730998794782,17.278495724779393,0.0
-0.18236245827476782,11.109809240227767,-4.7871340004873115,18.417714848640173,0.0
13.431125077214816,11.051283760826006,-8.400418902570614,17.73390063546676,0.0
24.53170083507834,12.91994265507941,-11.076433261823452,17.73812541829993,0.0
13.06456457161255,9.741312774256262,-9.31815070387055,16.595119231892056,0.0
-8.844386422438841,8.9782125899996,-11.966331392572881,18.76313408270476,0.0
-5.81524858842055,11.057446481208437,-12.402422072767141,7.64533028515652,0.0
-10.421060991971018,8.079092933649129,-11.676132409785716,5.167270193310307,0.0
-4.714790539078734,10.675828894709124,-8.865499976803495,2.1853300932470283,0.0
-8.228380013541043,11.47063138352697,-10.226571386394195,0.6647101670841312,0.0
-11.111204188509989,10.55154090871768,-14.555427564024702,0.6906717429638418,0.0
-6.291738601418139,13.012986776980485,-11.916853926758034,4.577068497083067,0.0
-13.949388622747406,8.512878359265795,-10.774100420500833,3.244565694937128,0.0
-10.641605894713583,12.599677298380318,-9.185998835091105,4.086706894454786,0.0
-15.359991237438983,11.015064226131576,-10.85609437280075,4.857791365572164,0.0
-19.995099983929638,11.526962117445619,-18.185021260011617,5.008974978158822,0.0
-22.46131811571434,12.7870617579934,-16.13981147074842,3.3412741024964228,0.0
-12.25809237749157,11.681166615909769,-10.49836307258619,3.423560918029006,0.0
-17.35505079332104,9.106937886568193,-16.151519483261776,1.4855641503593335,0.0
-18.056502968316266,9.542051639451081,-8.903070375228221,3.328589786993467,0.0
-9.281097349868153,11.400952004554865,-12.010448573279625,2.8850371592874886,0.0
-22.101432630498405,7.844053566785055,-16.49947957765563,2.9969075819827524,0.0
-20.527019772248707,12.714910834582861,-10.818067819985558,1.1393456531786041,0.0
-15.686676443401712,9.957718442852352,-14.739277159105495,2.6884120305706802,0.0
-13.770062901654494,9.047520447574115,-12.953251965378653,3.938567173473632,0.0
-8.691207909811018,10.81843891570632,-21.068883075721686,4.510793175010998,0.0
-14.224100403600797,9.973068509504541,-20.492851105215813,6.854811672872692,0.0
-16.407190990731134,9.56889272851841,-14.704460631944238,5.826060007477331,0.0
-17.870913325405777,10.290578786514466,-12.833100907630229,4.6432786184253185,0.0
-24.39629959370938,10.298984182549294,-11.353292416534318,3.9895755812870712,0.0
-17.044199716718246,12.347578143367846,-7.164485637961738,2.6874742261055315,0.0
-22.491159166827796,10.15567176412041,-11.474984549691209,1.456270491161066,0.0
-30.440202995814516,12.033565939530332,-13.362173891139115,3.2038272435811783,0.0
-24.240339481142293,15.152898355854074,-19.467360886494344,1.5979833654838975,0.0
-20.805973998360326,12.216092661232503,-20.766768871473705,4.871552958020858,0.0
-1.5306601100622448,7.614780875267306,-18.333997990874224,5.284707570151056,0.0
0.9410586089072117,7.8106053590439535,-11.636327923470835,3.004889043405739,0.0
-24.281992095205197,11.6624892840147,-3.645889665084802,3.463467560178645,0.0
-19.7076475986172,11.509957536532431,-6.393269994478798,4.311150750290596,0.0
-10.803772577866226,13.389577149221187,-8.575358268732685,4.3326122545875005,0.0
-12.006286205580349,9.624113050076778,-13.659394154096264,2.68378808023185,0.0
-24.290231103937067,7.6647527822442925,-12.615938260245787,2.523061882943643,0.0
-7.488838135528411,7.578432568610121,-11.537300813588589,3.897007045796447,0.0
-9.720695759561616,10.73185725091163,-15.273185219541753,5.435255917805536,0.0
2.5978992296355,10.072031830982544,-12.225199469923831,9.505215501450248,0.0
3.048659212134511,12.326293803809046,-6.163183314940654,14.094519931586138,0.0
2.491284743455412,8.420462314018378,-9.348193865232522,14.715951150794954,0.0
11.96000195804938,4.782859576801271,-9.953605872509254,13.56540390987992,0.0
5.179333073007157,3.9216237660194553,-13.089948810718788,16.75043961098096,0.0
8.357253870187108,4.40828625543406,-14.081790689026871,15.015380237478025,0.0
1.6687066250832485,11.054124735809713,-12.62003746981561,11.791156134213667,0.0
-2.613627066033331,9.92743466006607,-14.735293243984383,13.652651209217671,0.0
1.2504178056990654,10.00439056048065,-13.844014159736279,14.842891466833118,0.0
13.231126534301474,8.818212404336073,-10.518984111644883,15.744374007232933,0.0
8.130142002351825,12.042064215597758,-9.2929295140748,16.473510819873006,0.0
9.256988737901258,14.479490683384057,-10.48738187640219,16.439698043672326,0.0
16.147732465198867,11.997617190149551,-11.463385194909488,13.948823335995453,0.0
23.343569839891245,11.390009208038101,-12.05080958829124,14.237074855338937,0.0
0.5477643116007291,7.750190467861742,-9.799354936398752,14.368371918647695,0.0
2.1660866743302556,8.624592665991313,-4.105642969103382,14.457735561616063,0.0
-1.7668744669531389,11.47774162718134,-7.728385524500493,11.972155207612403,0.0
6.748609478332815,9.931035724382154,-7.070161217183596,3.825354468009,0.0
8.501254884450923,7.9912398806860745,-6.579472774035284,-0.33276107824981693,0.0
19.223890821773033,10.473646451187127,-6.9673849459174235,-2.3719633671870772,0.0
26.27770230304472,9.954381985798403,-9.879581017961554,-2.6274021474185227,0.0
30.017045233586224,9.85121293116875,-13.663849698729361,-5.083624611781088,0.0
13.0148898193265,11.639162901897375,-18.596849645910105,-5.7279123321432035,0.0
12.848016011699388,9.564559711292485,-15.305215324344331,-4.799839652760956,0.0
36.7884196960176,10.185549571211535,-15.584256764493166,-4.9396881042367955,0.0
21.35803600476219,13.392308045213998,-15.959859460904797,-5.70832945573742,0.0
10.041698103293811,10.332861492739928,-13.440647008775999,-5.713977928870346,0.0
-1.6110250323238482,10.711820808987326,-18.92699755351207,-6.17758109057761,0.0
-1.5568757186452018,11.168066578676324,-13.858542382292846,-6.001488254125347,0.0
-6.478838524739719,11.186720995642991,-4.944018288458008,-6.678061037089834,0.0
21.09224983916496,13.795458864659196,-6.8270080840168585,-7.50323247907783,0.0
27.69699276026511,17.94371768071413,-4.251402693513421,-8.511448510387702,0.0
-1.519817573391574,14.582145970873054,-9.560451260566627,-7.274405445522059,0.0
5.0090230412426235,13.629156387673248,-11.712998133186387,-8.01425452817221,0.0
20.229011287253122,12.983850682106311,-11.935928166352689,-8.220520517792918,0.0
15.049874669403595,15.39834864108572,-14.463650440409587,-8.038919705734216,0.0
5.654205213659604,12.25736659938186,-9.884619622118391,-7.7565976985534695,0.0
10.346268953110908,10.216195710798162,-5.91621145124321,-7.300597705664289,0.0
2.8668562487469345,12.855875719177742,-11.589957846206998,-7.537285069817961,0.0
3.9486145156870602,13.761138273174351,-12.547680010987111,-6.579712752711809,0.0
-2.697053604449584,16.384661668369514,-15.260295811675181,-7.891377541484879,0.0
3.0442466232253853,12.732102421613323,-10.49564985241595,-9.711071674081008,0.0
-0.665020200263303,13.33321822814482,-7.4423349082323655,-6.978119547115906,0.0
-7.434660908514211,11.359837111124625,-4.4497308725505995,-7.842595212072929,0.0
-13.834688932697201,9.238886309387315,-12.723365815192098,-6.98391841150852,0.0
-8.660015677912687,7.132352379638384,-11.786374865383168,-7.458086890683555,0.0
-0.01823913336845706,11.742561727810896,-8.709153369406081,-7.920987779668776,0.0
17.474335736936112,8.41859672416456,-14.498925802434464,-9.326738406725553,0.0
18.25595342017509,8.506811022111494,-11.480283268371092,2.8521609473160603,0.0
11.889558439446015,8.737240136720331,-8.125066031057052,9.4993937530608,0.0
12.379005637064726,9.142965616030217,-10.311538414517042,13.362285125367295,0.0
-3.602570640238942,9.91537425806879,-7.9094574040097,15.945194074615626,0.0
-15.946857646110278,9.941903206358386,-10.26809337719652,17.248194107257202,0.0
-4.485253447164601,8.50457097666089,-8.967564945434045,18.792751498737978,0.0
3.374205695398629,9.921898463708029,-13.49622311441852,1.7132604973839611,0.0
6.363614483808478,8.894049974678307,-14.235669549246598,-7.912565690299037,0.0
12.810875782579181,12.068500718558834,-14.225205501732807,-11.319396233906385,0.0
12.896576965954994,12.683896178447018,-13.085229172436227,-4.858829044469838,0.0
-6.766551726210491,13.043315540340021,-14.354949641859903,-0.44839860025415124,0.0
-12.642103943921096,8.643876317010312,-12.500232327278297,-6.843400284049432,0.0
-6.2932562907334635,10.197407234031049,-16.247486748598753,-8.712909308933973,0.0
-4.844259109411599,10.348401826353403,-13.932198538516406,-10.335012481649773,0.0
-0.7861300377908051,12.757926865271047,-7.59475483728416,-12.934323271154517,0.0
-1.9220966840314695,10.050446435376813,-14.418265904667988,-12.331487572555528,0.0
6.427281830103173,13.74940221611142,-8.710314419473551,-12.247357082817198,0.0
-12.056925002921115,8.894163747765544,-7.973455847177712,-2.1388963016177964,0.0
-8.313855236818885,13.667734334462983,-12.85676113835266,2.6909354277346065,0.0
-12.049552056310146,13.575359329575214,-17.016261679193843,4.621580061162904,0.0
-26.817913993154043,13.031492065531925,-12.986937594510442,1.120209531141465,0.0
-29.445363577531143,14.883283837964816,-6.800300388329536,1.3698343535039068,0.0
-28.266926928000643,11.275143661917177,-9.785324589303688,1.3326331311112272,0.0
-13.3623686155872,10.976459317446201,-7.25437272671152,3.5516070918606975,0.0
-7.27929373548918,8.766495417210173,-12.713568259264937,0.907160430604604,0.0
-9.82438408492786,7.0196624001223435,-13.321414426682988,-0.24469739875732055,0.0
-24.459181284087386,8.54454237934431,-11.198892649224437,0.7412194421155975,0.0
-25.178337318586692,9.54490656302664,-7.549165583158512,-0.26332472872844453,0.0
-28.427800772370034,6.796115302820596,-10.986525129723566,-0.7878243532809124,0.0
-28.040697603476723,6.617778126611208,-13.229970581796774,0.04329976939948482,0.0
-22.088925983584303,13.935547407141545,-7.533446695410731,0.07934663328534763,0.0
-18.92778162931523,13.31974376023328,-11.953609911175857,-0.445133655677836,0.0
-12.535019503456036,10.290469049330113,-10.310776338701185,-0.2697244358311943,0.0
-4.548684054628119,10.12988695948837,-8.595511574072749,-0.8044227964413224,0.0
-11.94271186294441,10.290370792120976,-1.1072345368424497,-0.3426951401287839,0.0
-22.39590061056416,10.084004115719377,-4.699942782097611,0.9345071279674045,0.0
-28.28929002547524,9.522274216821273,-5.7126759050998075,1.3622461510344765,0.0
-37.79331885464405,6.616487274330748,-9.077896439228935,1.2516963026210584,0.0
-28.848389988775665,6.600752365294401,-3.1742861964315843,-0.4030167750500831,0.0
-18.89219295840569,7.611145409219342,-9.516699064681145,0.4816623465035631,0.0
-27.248819771596555,8.041275011124007,-10.982035322030299,1.174391177290017,0.0
-15.937862058816023,13.158200712010135,-7.598032579257777,1.607774789221613,0.0
-26.08355249078424,11.536150908052855,-9.640866808179613,0.9704150834931521,0.0
-37.79481042667309,10.960595157960716,-17.061489705538463,-1.120766440484697,0.0
-24.380011033934082,12.597485000285266,-12.83646724452808,-0.5254199052796099,0.0
-10.07032534245095,11.09024762970338,-15.942513883488386,-0.10657542046253099,0.0
-14.396091999325245,10.986915043116161,-8.177080762222825,0.434819283560189,0.0
-1.5929982678118755,13.003710551636297,-8.842537226582024,1.629001718291161,0.0
-5.3591969901795835,12.541366092405658,-9.605711445376336,1.1457607087299535,0.0
-15.631879822401425,13.006013836197441,-8.695732467316263,0.38662097180351507,0.0
-13.469304696290664,9.087185546323834,-15.165344487078748,1.4728480041687952,0.0
0.25759707220810135,5.938825719847458,-11.591067700892486,4.422505656155751,0.0
17.787761346666407,9.982178576514546,-12.086082791088163,9.251426873311443,0.0
22.366902023851605,8.706294810832274,-13.281451370438702,10.399431137502303,0.0
19.177296796874877,6.492376788651985,-14.428892517064913,8.344911082101259,0.0
4.244259967047215,9.807561374635982,-5.108655820987128,4.442175071451021,0.0
-6.156318145053881,12.211743934683144,-6.2726872663806175,-3.0862826909822862,0.0
6.1640439908466265,9.077842043482145,-3.467815855522867,-7.038179467501483,0.0
9.220307739672057,8.78108100719282,-6.387119240345328,-8.992648924018301,0.0
-0.40883033018769055,8.189978884895377,-8.176735939939322,-3.7280863162508404,0.0
-4.015570847401599,9.880575658393722,-12.634271704779177,-2.755054037696432,0.0
-9.194438276726903,11.254703646823215,-9.610143507795456,-6.058726922647531,0.0
-5.796908806592161,6.49263640697213,-11.708279589233701,-8.985526815360098,0.0
-1.407177336324144,7.8574457340217485,-8.089653460387282,-10.94754087967908,0.0
-16.445230374886098,7.385577455965825,-14.01310836915705,-13.38309908715887,0.0
-16.534088022151156,9.63395776825038,-15.153899130998763,-13.641275480010279,0.0
-24.159539753364797,12.34175919519925,-14.198846634928636,-6.41283721955873,0.0
-18.06361528025952,13.30913975148638,-14.048457155904895,-3.7195688263011744,0.0
10.108673546255861,9.755330339502063,-11.526061294203046,5.467436489018327,0.0
17.64318273650489,10.101992090798403,-9.100766334917116,7.936994871898055,0.0
22.70651334099415,13.413954354952594,-8.161060412739054,13.675640754663384,0.0
3.5883197938768294,13.494951601376322,-16.211205217501416,18.041052118730434,0.0
7.652130478198329,13.996004839199434,-14.385718229136396,18.79713769061978,0.0
3.776938388937121,10.926460354962614,-11.03173688445434,18.32192046655381,0.0
4.004743244290491,9.903992919850072,-13.964275227900654,19.463263139525175,0.0
11.252956139846017,9.986475184831813,-12.238751098805025,19.874574194371743,0.0
7.276312348993878,9.70902054880803,-13.638447378820002,20.549279608109952,0.0
-11.965845882182725,8.213183367793736,-17.79975644511733,19.729375154494598,0.0
15.674836513684117,13.831508955630511,-16.443627880966815,20.178348165280376,0.0
14.095242031617325,14.564284807456412,-12.455374095332484,19.39794260732073,0.0
8.833911549030113,14.182758052514455,-15.150079082173015,17.745338644171156,0.0
4.282943799854261,13.885392206401562,-12.08713410993917,20.7232176683509,0.0
1.8473553356952317,11.12392939162576,-11.110913649940448,21.21459214622355,0.0
-7.163435455288403,13.157403343148912,-11.819783069759822,21.48949644935545,0.0
-4.312603859627737,10.604673938076195,-9.342660854658613,21.02042068921894,0.0
0.7183628246254354,11.93537325471225,-11.23390621044004,19.20684144408837,0.0
10.109953890305366,11.268793323780237,-8.456472576574248,18.138460476866207,0.0
15.376591568314932,14.086977477700144,-11.918171779684034,18.265032052619578,0.0
8.812906226207376,12.707983787616447,-12.437083077991213,19.257203194479267,0.0
7.357596916576115,10.504637752063315,-13.403058659089714,20.291542419569193,0.0
3.541592976539578,9.093248709422854,-14.31977213155293,19.491440167691263,0.0
-2.701254496848035,6.781542338228451,-14.841754150213214,19.885122829814826,0.0
8.876082318621261,8.00715119942656,-14.400055407940856,19.68380915453178,0.0
5.218442398613436,9.295635875223015,-6.400742892443157,19.645245667481245,0.0
-3.2965341181653023,8.761679406017668,-12.663825004976243,18.234599096138467,0.0
3.3082896583696217,9.039254506356402,-10.798997405578033,18.285192068117475,0.0
-8.45866853731489,7.407882524587153,-5.1633102977705025,17.0706704951696,0.0
2.773929145499716,8.645176675761912,-7.5711981859623005,16.467977833739198,0.0
9.539692983483352,8.430023405191246,-4.25390166671587,18.310495429143806,0.0
10.932493604222913,9.542802946254959,-11.023826497609486,18.903951730718966,0.0
-9.589976213367947,8.929922685671194,-12.107106609066982,21.041278843383356,0.0
-5.752803124611297,10.210458990943575,-10.05072100315812,20.194741974544744,0.0
-9.816905509992697,11.678402795980912,-13.255102877439224,17.975329016539707,0.0
-14.615716604615749,10.338711450636385,-10.059951233168174,9.685448160295772,0.0
-33.431198653382225,10.541372853214654,-13.782118387177881,6.142975642097056,0.0
-15.449588687278002,12.141469900717354,-14.269349105086931,2.6251978097782414,0.0
-7.437546008158137,9.681718996187964,-13.627952915077156,0.7562869844899511,0.0
-7.335419518339086,10.547507810654547,-9.617067342619062,0.4294948684137723,0.0
-12.229621869039626,13.205723722361808,-8.223866656668488,-2.491865081023998,0.0
-8.925425304945943,10.282961047504251,-8.627621824016819,-0.7315378077765904,0.0
-17.790821230601615,10.451483996109884,-14.882774483222338,-11.159396368222067,0.0
-20.41732846975795,12.472202797885515,-16.30879517649465,-14.542775700680833,0.0
-13.95854856555265,12.846164503826094,-22.00358902780994,-16.59470449670351,0.0
-12.43671397012835,11.307056728757274,-16.326755450070703,-18.259967386650224,0.0
0.21755503594732772,8.6281472891817,-16.263445695380653,-18.193645187688862,0.0
12.14892592702561,8.469888189273785,-15.585167418002346,-14.559782319919657,0.0
-8.602845262845394,8.547928850385079,-13.428954133938834,-10.847397139187933,0.0
-5.761910077589738,7.686429369618672,-10.188624569721462,-12.352332950890666,0.0
-13.95382037324606,10.17536474155543,-8.83962078395537,-2.292912732502797,0.0
-8.672220608189406,9.468140914525481,-5.112940884843296,4.558458647130104,0.0
-18.972260248875813,14.284109733811349,-10.038009400886018,7.143774699811607,0.0
-27.98370784147691,15.636507533793662,-12.543756383011043,8.613876785921295,0.0
-19.96956534293939,10.923914093130998,-13.55260631287027,11.239414302115541,0.0
-18.870169094219058,14.090495809901512,-8.284023345095962,11.170718224318293,0.0
-23.750700785270016,11.509111616093934,-4.437903017972783,10.152226732083506,0.0
-19.925560639573252,10.446946229530557,-3.058689101349109,11.182705836560013,0.0
-7.195392312029863,8.398651589555689,-7.219151340815705,10.975367390313016,0.0
-7.244005885985882,12.825790910393794,-12.507450735009662,12.595484782904528,0.0
-18.285675352352918,15.271487798634436,-5.436876923828962,10.911595700556814,0.0
-8.363625713266666,13.77643204556591,-10.755349329646515,12.44867709834464,0.0
-8.100113884449687,16.06942864081976,-17.307391922457455,10.48771775609077,0.0
-8.199765644660209,15.67210102922891,-20.134541661159574,9.267960461106536,0.0
-8.062458966171437,12.926686465542122,-16.69747183804028,11.469849405536142,0.0
-14.333593619480574,12.664635385935117,-12.156434713591487,11.39079612473277,0.0
-14.945034920086902,12.208546610603271,-8.174385150411304,10.608913638364314,0.0
-17.14179823461442,13.670201026788472,-8.693671687117714,11.246028222144702,0.0
-22.3019289768613,8.455339863906591,-11.263936339072686,11.146041704507379,0.0
-13.707457942966178,8.974423624358925,-7.98241720675614,12.0881212739827,0.0
-23.158084448881517,12.01072251715883,-12.174775687729596,11.95366244539529,0.0
-23.04740856272691,12.229205244966538,-15.776592076216211,11.696225358445874,0.0
-12.48005724528072,10.048642440170584,-17.69576264233256,11.96724837590632,0.0
-19.04705638287042,9.612747892986771,-15.077724493924496,11.234998905884114,0.0
-15.141769152217343,8.953848377658481,-12.74550221041686,10.892062710345924,0.0
-21.183746694181735,9.395603256702508,-15.611058218338384,11.875257855130368,0.0
-12.865893323458117,12.5236014766661,-10.446117764097181,11.081950121796886,0.0
-8.47798764310505,12.911411428785426,-17.968943953899178,10.355147438914837,0.0
-13.755350035598246,16.073618116575282,-11.807284339799958,12.907390293781036,0.0
-18.873824676403544,10.939265850287883,-4.939599586302409,10.508650616177489,0.0
-5.791473397033113,7.870231963151467,-9.107244386664897,11.475625388913642,0.0
0.6234341272515795,6.320468591360826,-7.8831854384238165,10.957115208957564,0.0
-2.1777906977345944,7.264623522635036,-13.0325851805677,11.606714854052992,0.0
-13.032387409603938,8.121747130073842,-7.7702770843652,12.261739939140377,0.0
-3.1819728339890636,9.558560627653213,-0.1563455261564073,11.303734350307016,0.0
2.26387868855375,13.699372520275112,-8.315942521268063,9.799039591970278,0.0
-13.386329822039759,13.81859943368962,-18.235203242641653,-3.88407201495974,0.0
-7.96054621219989,18.78425877885867,-13.373065951885387,-10.616856212823322,0.0
-23.941891977812823,13.234108564286906,-15.735859269378679,-12.723352724233473,0.0
-16.16122939480709,14.29366322068368,-14.329854937911778,-13.601906474497168,0.0
-25.10572009614722,13.24457539203115,-12.66053852525852,-6.056369682387049,0.0
-9.061254032887074,12.837070498111574,-9.817882751404266,-0.14472982383953908,0.0
-15.119160085023946,11.766705636372144,-11.0574323859003,-9.588350064017204,0.0
-17.4664485608792,9.756503933549727,-4.511939397281147,-15.222762758107438,0.0
-10.285293914967594,10.976772199883117,-6.057629377315861,-15.850297589563299,0.0
-10.443805503706056,8.67671361007514,-11.657871491433191,-15.082336592696345,0.0
-5.856370619961195,10.379469663444594,-7.173861435481494,-14.335161806172877,0.0
-7.35718717791741,5.980827867176997,-0.1479364997920447,-13.808753036889318,0.0
12.566720924050138,10.037545512626176,-11.455740693210434,-13.614980952190242,0.0
19.45911916156726,6.503099136495761,-1.4670451147685473,-11.331646873050959,0.0
2.9369421815968186,7.28138556467511,0.010102397642771876,-9.533236884214842,0.0
6.761279911461459,10.406608542784243,-3.906439698942136,3.9734886278302133,0.0
-6.354092454652463,8.600424424900973,-13.873535785428906,8.848152980296899,0.0
-21.968016859372426,9.599867900199406,-11.800925726973745,13.270837492476335,0.0
-16.02491711938911,3.907577244902119,-11.878162330232481,16.29283155955265,0.0
-23.51368922613993,7.413670073988685,-11.732392907899014,17.63204058844049,0.0
-16.714699587489278,9.55277312210575,-16.74031345281737,18.030326714681593,0.0
-6.39266138689137,9.61206936107099,-14.982470606389914,17.18022686236199,0.0
-18.310445842014875,13.135822084981156,-16.81755211753921,17.063060329020903,0.0
-26.055771563885948,11.811140684290924,-13.765674359865399,17.046436666388026,0.0
-39.56014883656951,11.911486580226711,-13.47456923707361,16.667267404049014,0.0
-16.040015074635853,12.916052804372278,-4.434160257822196,16.18672200419902,0.0
-24.602877253057862,11.491087041310918,-3.48529804350407,16.88516837309656,0.0
-19.504328254905538,9.740325872705206,-5.9618486434379365,17.751460852499136,0.0
-11.92963914064959,10.025876204872345,-10.463322879792138,17.382234125959116,0.0
-7.641285214887565,7.676979552636886,-14.601320390659984,17.25766700014495,0.0
-10.082367660660331,11.798204781945957,-8.119565940531452,18.031949044695104,0.0
-7.164182993209192,11.625142462152445,-9.788804574759238,16.848893694008446,0.0
-13.9186383375817,6.980743829989737,-11.79582800939097,17.294955027972875,0.0
-16.009428690841332,9.996347740553773,-11.597852817417856,18.809884728926967,0.0
-28.63907640859803,8.592914207009162,-10.803738199701355,18.517112266432203,0.0
-15.96069147760182,10.308181693013307,-7.873499740285247,17.996960768487376,0.0
-8.827606489331028,7.120139022503581,-5.104392305457932,16.619671768424407,0.0
-17.13306107180393,4.425885722430833,-5.791950862575615,17.887573797217087,0.0
-16.45945467113317,7.927033312545863,-6.402547744276147,18.126497356614987,0.0
-6.516415177415581,6.833894944080223,-7.975106005611377,18.044629279720063,0.0
-6.297120582044069,10.645769886869719,-9.047882575931338,18.3563531878624,0.0
-16.748032185626737,5.430833094966483,-6.037020983792033,18.209455646393515,0.0
-18.61243875940201,7.340904072133638,-12.059504950438118,18.23028944293276,0.0
-16.81300662204572,7.543899845365682,-15.207669206877824,19.092084300376282,0.0
-19.5242462431328,10.073986701188758,-10.692229828960429,17.991128174311577,0.0
-10.652755422879538,8.223683066333725,-12.641451271718832,18.645264381420308,0.0
-11.964455726353119,12.296775628483479,-14.16281576119092,14.200666155953451,0.0
6.724434816354572,14.576766615800176,-9.95210053448044,14.487151549723787,0.0
12.989909384431744,14.507320065653417,-11.920073851941272,11.784110673608902,0.0
13.1034829578828,10.14635594369285,-13.495739154374712,11.682725238797795,0.0
8.076526670943176,6.914245850392188,-13.609415271197346,11.388055370861876,0.0
6.031331452307736,8.744315992405372,-9.301978929228142,11.388214894943152,0.0
17.03174876176276,9.16501719696147,-9.92394419757244,11.947995103258371,0.0
13.734167789384994,9.562484769291022,-7.888681382328708,16.020223237361222,0.0
8.380624562657808,11.267990759169546,-10.230777678104024,17.065402504203018,0.0
-13.108231356934594,7.576441170029078,-10.693860105351789,14.449332842677453,0.0
-3.3246548969167984,6.0403000144322885,-8.396414619191324,12.447953620162433,0.0
12.953017128336375,7.344766107429324,-16.239711600152923,11.81775019268851,0.0
32.28173672841531,8.893685032361304,-13.474642493303946,10.460323769999414,0.0
9.230810951486188,14.317210745359075,-10.514685354382289,3.8608765996040306,0.0
1.6245190943536816,9.463324043354866,-12.639556157083707,1.3775523984616722,0.0
-8.663526307830878,10.567614342028575,-8.983143985148354,-3.2573276382692535,0.0
-4.766777457652042,9.494763349664119,-9.979086872144888,-3.30450652367226,0.0
-9.55790316630625,11.79892432725227,-9.993009484830406,-4.47477814880103,0.0
-8.88232487556099,7.196962849447552,-10.11180967058565,-5.364432500800202,0.0
-7.604236299785058,11.087926448688943,-8.33324002367035,-4.601677290693461,0.0
8.072327239417117,10.506094778322549,-13.03548569080459,-4.876827827704618,0.0
3.5077195955168623,10.214331918427009,-12.571926279857381,4.402337684811602,0.0
-0.23252091916555706,11.811215891877735,-12.52032615533597,10.021199595142297,0.0
-3.5634483977134854,11.561367386531064,-15.503387426091468,12.373296216450475,0.0
-14.84812402363552,8.694254271359767,-12.14062663572935,15.371094611213623,0.0
-4.594044815151601,10.06676262394706,-8.010953247390969,14.287746205905448,0.0
6.057299211210662,8.84790928390042,-12.250274058807815,15.476215942891285,0.0
2.292075281756075,9.040972760978011,-17.415483378534685,16.16916138274815,0.0
-2.2003273823036658,14.337438649595574,-19.062915947404292,16.311303545236555,0.0
2.8835432231305838,11.179279932988056,-18.821092472632778,13.674360178533842,0.0
-4.157892301236478,6.295985970403853,-11.548217560136214,12.842069075307814,0.0
-12.465659759921532,7.461147100994335,-6.576278230451322,11.22784939985658,0.0
-4.971411282940284,6.484734939641326,-11.494629621108494,11.546159499180755,0.0
-0.5020005830107381,7.546314282636354,-5.6089512963441095,15.566746040955984,0.0
7.653698534597206,9.263268098142731,-6.743195132184811,15.402216110052978,0.0
-6.242289394014929,10.331040891872235,-1.6730335734838304,15.782473794052098,0.0
-16.46151210091,11.250570916786987,-8.941703312986846,12.908502809131276,0.0
-19.459839308251492,12.648372576332925,-14.641213386778256,14.069983007447764,0.0
-22.43201525559459,6.7619624904814,-9.229732481899669,15.843175491079164,0.0
-21.165373928715354,13.093332993348916,-6.462870378711813,14.879611352934297,0.0
-10.407880301874421,13.37380659599981,-2.3750317851818483,13.970422500374685,0.0
1.5486883969978962,14.571854754499213,-5.241050826796071,13.473062399762192,0.0
-1.692517176398347,11.995257744218648,-3.081968465559184,12.800802371156156,0.0
-21.69428527823986,10.799665447092199,-5.794374159988318,14.516059498884882,0.0
-25.87451978638827,10.891956313106977,-8.05692984440592,13.394241587717662,0.0
-12.776319644856088,13.618865499364956,-8.158971227019123,15.372220217457162,0.0
-17.704974409921277,7.387617311655821,-13.911208345346648,15.849362403673545,0.0
-5.795492995854906,8.793316985057805,-14.372222242148775,13.313799375425317,0.0
3.062862923214296,12.993106093488416,-16.0187795665467,16.52278724552234,0.0
4.339201992328494,12.326071713124325,-11.759069785681486,14.498470924110414,0.0
12.115746089944672,10.839961881823426,-15.507054491897975,12.519247205660484,0.0
23.29788602002719,12.860439793831823,-9.829591522920222,12.530773850369883,0.0
11.927709105420425,14.877650161324732,-10.997540938634744,11.395870825794526,0.0
18.68896367114285,13.092236611230938,-13.74127302279286,10.398434747743527,0.0
22.515315043765643,14.750071725089844,-17.9731994019223,9.620902585337566,0.0
9.380776362238631,11.634675739161523,-11.734781174229683,2.8039102046142172,0.0
2.527231490523058,11.12399224151607,-15.198711993913307,-0.5264223939151851,0.0
-8.80877668515678,7.764865201768513,-12.599672044076668,10.6382213906086,0.0
1.4680887863159895,9.84532942669626,-8.741691207353375,16.11444373938345,0.0
6.230185169990007,12.80095248409416,-13.109415523825305,17.601778354180773,0.0
7.914377197518698,8.734597017003974,-9.681776563093674,18.684608257083045,0.0
4.9929111218357125,16.215472097559143,-12.107217850893136,21.193647222071093,0.0
-3.2821953235733488,12.360281952810924,-15.251644851637025,10.04280835020802,0.0
21.506454751041122,10.948536673942426,-11.559270942484655,5.286313432107286,0.0
9.456388179490398,13.139429142802179,-7.380750058268076,2.6279343311259,0.0
18.140604568551826,11.060813080398162,-10.0366396526444,-3.183546178230386,0.0
22.57221469602294,15.4413439595809,-12.134214977845339,-4.793283928808619,0.0
21.682636855509045,17.17493297562738,-16.537196198248516,-5.64886537936393,0.0
13.768661604008125,8.448064374099884,-12.29915923317138,-3.5609524985347303,0.0
-3.9763912828861283,8.996808070392229,-5.529600618868856,-2.983954285645935,0.0
-11.15369092638996,9.396364814428779,-14.615231807084347,-2.445730434991338,0.0
-23.47334273494797,9.492939055027882,-11.203487694417515,-3.781013362905296,0.0
-23.110149055204857,14.33825361245718,-12.229177397789144,-3.627660136846467,0.0
-26.102478675011042,11.26121576822141,-12.055661095300021,-4.172081139448734,0.0
-6.4872533270710555,12.991905604451205,-9.676077288903203,-3.631142926651825,0.0
-16.30245929677777,10.600475182370392,-13.196595112660717,-2.7221721712989035,0.0
-14.31396931040893,13.43005268690038,-14.631382841926298,-3.1150328514793624,0.0
-6.209727972050058,15.301513628631866,-10.817342283005292,-3.1888496031860774,0.0
14.70523059092154,16.095306719605844,-16.31224952317416,-1.8945965742954163,0.0
-9.909023973250198,16.40311216813622,-11.846928290553944,-1.0579675955576484,0.0
-23.601960063642196,14.678128646110347,-11.687150532655785,-1.7127460573398579,0.0
-13.266075531240139,18.05614545770559,-8.610546351413696,-1.030587954968322,0.0
-32.150902614533614,12.89506446574763,-4.935858803492793,-1.8831683219758375,0.0
-28.72341511247685,10.933595897036557,-6.548972258406022,-2.6691720790379554,0.0
-16.189648539411557,7.836505461788933,-8.719150611347251,-3.278596878142631,0.0
-26.958075330057078,9.420509788385626,-7.6652148093526336,-1.9250311262474216,0.0
-18.758958527016397,8.981379005784008,-11.869301526156846,-4.059687798616465,0.0
-21.712369985104896,8.823381942840719,-10.71469116909056,-3.688790762590409,0.0
-14.321500531679089,6.169537155125184,-14.407679013619905,-2.778025093670263,0.0
-17.704569772207194,10.464309556689193,-13.867420824732754,-2.545893206850476,0.0
-10.872788593096445,9.653017569154215,-8.479500363478731,-4.47036872870809,0.0
-6.639504508845983,8.451087248820393,-9.720677164781039,-2.4329141590339556,0.0
-14.005661526263161,9.417302115438531,-6.215732808490278,-1.8652967754142276,0.0
-13.558457661945717,11.376790060087139,-8.71230827868684,-0.8069603936784568,0.0
-16.987068847629953,13.862556404385588,-9.46351011048117,-1.4886523883935827,0.0
-21.766311551053988,12.673543026711322,-3.7874949198225574,-0.3011487746227075,0.0
-8.940976528898972,13.842920794691663,-7.504557365754436,-2.3176190556045517,0.0
-4.459327756925653,10.864967351744832,-7.562686787268072,-1.1630842898810019,0.0
-15.32294890206257,7.48152112871742,-9.089551698224202,-2.416240529273126,0.0
-21.89682355211891,8.52144352993179,-7.892203923126758,-2.0727584326154567,0.0
-17.944745126488716,-1.0057538451273045,0.6601574314544449,16.331351822942704,3.0
-20.54956524534355,4.6701232380281805,-26.257303306756558,16.340708075372213,3.0
-17.17081305708993,-16.08890375927318,-11.75965504836758,17.058902283441174,3.0
-16.89807279822377,-3.209195388973765,-6.550588279418451,15.118362591810108,3.0
-15.403004660933906,-2.0914857534958644,-22.077774841080505,15.080069573882689,3.0
-16.54598432518052,2.004080898854966,-12.53628297494846,13.218744271982644,3.0
-16.218940307737686,0.7475847472161492,-8.229269049330329,14.45843663967217,3.0
-17.71431284229093,1.285572010794466,-10.773185208497356,13.408669558818232,3.0
-19.468307401875176,7.416534836639293,-7.133461543159612,14.104370725854457,3.0
-16.629850800724036,9.532441100911962,6.334250854214253,14.412801174912747,3.0
-17.177561009577143,-0.3074974232160379,-4.16490140020138,15.922037597904751,3.0
-17.95729502883865,-1.9716822967922205,1.1057029992333884,15.536864100370673,3.0
-17.70730331738366,6.389348198606786,-11.320095786411308,17.91563526354459,3.0
-19.61181671343466,2.6907850988559625,-7.801360549440968,15.933050224872277,3.0
-19.64608887164068,8.751709533829647,5.711439043511589,15.973251990810228,3.0
-17.25413966540957,-1.592455624310844,-10.492526726773637,13.919169576576092,3.0
-15.563762563942648,-12.723847647626531,-20.199634606022002,16.619617001189184,3.0
-17.4962317167359,-7.159691170556556,-5.5878539380756305,15.973309116115988,3.0
-18.079848636891608,17.48283608281912,6.271952398029445,15.284610319198551,3.0
-17.871237322034858,8.6302407179362,-10.640115323880075,15.285437110110626,3.0
-17.214471670655833,12.109178456345406,-3.396262028565733,15.75890448472458,3.0
-19.26455744755457,3.9658161580619944,-5.575552368062704,16.943577405495862,3.0
-18.945577751056963,-13.27684420806075,-4.809421005648625,15.956507162455638,3.0
-19.0149136878882,-13.478641774378588,3.5904460588546936,14.824546219689887,3.0
-18.68987248514041,-5.549944129314072,-1.3093062993144384,15.338507705534049,3.0
-18.65742953669026,14.534672123701442,-9.93180796189682,14.608233744972292,3.0
-18.888892809982295,13.477256085236288,-15.101950967563724,13.87496943867456,3.0
-20.916593230905935,18.27586314314629,-25.548381894203594,14.496800992202346,3.0
-20.406332921991634,14.952627571787641,-24.97489220945789,15.836085883937749,3.0
-19.09114201656742,3.9167871109118977,-2.814022222807555,15.434834436601541,3.0
-19.03552212864882,-10.450683352055933,-9.994157133164332,18.06259140357922,3.0
-19.326172702282207,-0.5193218024530246,-9.02386668156641,18.253216904604518,3.0
-19.07331580731268,-6.517855807335665,-5.729643286908264,17.512361716702042,3.0
-17.76843438252885,8.53497927279076,7.609308095325939,15.66920093869725,3.0
-17.234901003311833,-14.309939298677419,4.413559409376218,14.899930131698468,3.0
-17.20097349390684,-19.570912335988872,2.576997635354417,15.768050075887935,3.0
-19.293534631528722,-12.154551514359913,-10.801112595711327,14.927213798250719,3.0
-17.30974397186943,-20.39573456271243,-4.513602123345559,15.684441834524069,3.0
-16.94776140409437,-13.711462662769325,-16.371083399145327,16.032430841126693,3.0
-18.030546971217905,1.2486695275617534,-9.46124837666552,15.350779181878732,3.0
-14.416449836403636,-8.966789564009968,-0.4481999411321387,15.149677476985243,3.0
-18.105098287925554,-23.166587322673397,-20.171389040110217,13.237533686834622,3.0
-19.28827741915659,-17.92837231281043,-14.167508667486295,12.861366815697366,3.0
-16.15473587689018,-12.582165721788005,10.741096932634518,12.380349398333117,3.0
-15.459556232781813,-15.210495682266354,11.785922509139084,13.13506437354266,3.0
-14.383767588219158,-17.101525874151953,-8.081226090862561,12.860362924944955,3.0
-17.130213757288384,-7.91148149788947,7.96065464302824,13.832411156309082,3.0
-17.61292581687725,-7.606100474206232,3.524136632678971,14.085199471547835,3.0
-16.353088063331,-7.743071602129105,5.755679516094442,15.085584964206705,3.0
-15.746344398473344,-6.957181740111412,9.63645799010854,15.683325285300487,3.0
-14.899348056892812,-7.0452544071730365,5.54401608668669,16.015993340838847,3.0
-15.765761840650217,1.7404602152274729,6.238245899147222,15.549898796716388,3.0
-15.097251505003001,16.92146681811095,2.700685778686844,14.735882796855178,3.0
-17.0534034863135,3.9343250208806397,10.082173305346581,14.129711838002805,3.0
-16.759891325115518,-7.484335719048911,25.58021889891547,13.497387489172375,3.0
-17.074081564438494,6.844453168870493,1.9658711679627396,14.816874323366449,3.0
-18.531336077276222,3.3733293327008793,-9.93542675873154,17.87180175987905,3.0
-19.248218604745492,-11.094241412219256,-16.715369230646054,15.65628559352711,3.0
-18.190636097319725,-0.40137220115750694,-12.366385873830556,14.631454868922992,3.0
-17.886924346427275,3.223995684032481,1.0728697545341337,14.517488569209238,3.0
-18.863426349213942,3.6280026335434545,-4.794893790694177,15.823661672187567,3.0
-17.858150949189948,-14.394080257146996,5.5812469208552065,16.445509531083054,3.0
-16.671180782964715,-10.255376190549537,2.3466770202892135,16.554716162218906,3.0
-17.453948588045108,-7.350278164173071,-4.339933307556347,15.463096087024027,3.0
-17.75924094801217,-18.750530442021073,-8.053934775000748,15.657813225668667,3.0
-15.909141418790083,-13.01453591892373,-7.391166346704601,15.516441745396559,3.0
-16.972287093568397,-7.012273737377704,-16.424316885730704,14.421555879753607,3.0
-16.595602939770746,-4.239679908150233,-12.661385405104602,15.260975725380538,3.0
-16.9342448129631,-8.859820204826974,-1.9063061441628877,13.44488866338528,3.0
-19.548777398405523,-14.988078077482891,-8.97634859147327,15.587926694884663,3.0
-19.05788451108268,-12.700825624084828,-6.518850142379498,16.14483455660001,3.0
-17.751989351787127,-14.187630735568742,-17.339114881789303,14.829400686379953,3.0
-16.44418360880639,-10.772623759408479,-10.716386943500883,16.115424961589078,3.0
-17.094016361333157,-7.5127520714416365,-3.3474549431675955,14.447854679463155,3.0
-16.075054024893294,-0.09746025152152704,-16.135545169816787,15.966164616017519,3.0
-14.309946871199191,4.127374861608805,-15.367502370981452,15.002898956007465,3.0
-16.922050931253832,-6.513918935685054,-19.157793144736488,13.855039300681065,3.0
-14.578078254378017,7.696575242830875,-3.852908734602855,12.950156540957305,3.0
-18.86260027017368,6.417592543082983,-21.116975691049714,15.247489110898519,3.0
-17.079817439437793,-4.016273443114127,-24.2236561129263,15.690632181922382,3.0
-16.664497920840915,9.099258303959619,-5.249125385984055,15.349654779118595,3.0
-17.559394670632464,5.333840220389681,-6.956539589610569,16.013183304751827,3.0
-18.296125901395826,8.90989706615473,-12.191696745343869,15.167805367460744,3.0
-20.374097508805672,-4.538574583821299,7.793825821277171,12.694431743984463,3.0
-18.205457406422056,-5.997776581966478,-13.594964305391887,14.254296269774338,3.0
-18.97866928068983,-0.7110849552041056,-13.518493155013626,14.407871531130956,3.0
-20.336021146314412,1.316374339389581,-10.803093869821558,12.041829380084952,3.0
-19.067961362593138,5.062997972499344,-10.929526587755102,14.03820358501579,3.0
-19.744398835535694,-1.9107428340222459,-17.610125851094853,14.616299857242307,3.0
-19.362503417821376,-6.2244150912067475,9.571214973526114,16.2308342242803,3.0
-19.011348013122294,-10.816589424664897,13.552327641049871,13.829742340221234,3.0
-16.810366701850047,-10.038853963803003,5.215596136462132,14.835357130391497,3.0
-16.867328807081538,-1.681676556366046,-15.200091169011875,14.0665534356144,3.0
-18.735856066525457,-8.715281953020522,-5.391543305824932,13.33933642053962,3.0
-17.15320534195547,-22.315811130549978,-2.434069749518134,14.279760252992666,3.0
-16.61368239432733,-13.78172061507171,20.15868242914229,16.854084532299225,3.0
-18.84556883739157,-9.259549020818849,20.5977616702243,15.036629666754537,3.0
-17.404157892306372,2.710904137039643,4.3056371569461795,14.921629673717083,3.0
-18.78669377886889,1.6009327112266067,-8.01586799585841,15.022726170197574,3.0
-18.07328546542711,-6.017913750914987,-2.0681652655681946,13.500881873971109,3.0
-17.524163898353013,-3.2198035681178707,-20.219115253914683,13.859367848864553,3.0
-17.15138090951344,-0.7519790814960343,-21.229625741810956,13.432002220757788,3.0
-17.788690365054727,-9.288895247063046,-13.370727212914634,14.996460405212291,3.0
-15.757437452946252,-4.732572014767316,-18.484980905926783,14.464818081912313,3.0
-18.112148468626998,-13.42354533292763,-0.6547762903289556,13.38578463138183,3.0
-19.26088981683524,-13.733162574473766,-6.00381660522938,13.65102658462935,3.0
-19.72650915979723,-6.336840221186783,-13.557741782328142,15.293097273935992,3.0
-19.197467302936605,-8.109978438418803,-26.902976487294957,15.693486100439609,3.0
-18.6479740097861,-12.662851163989863,-41.00478878550792,12.714564659365195,3.0
-18.276761185930987,-3.3074595042396315,-11.719858798468929,13.899021884405279,3.0
-18.59955869045303,-12.35665325436962,-16.264114222199503,15.717312340425757,3.0
-19.268491610057673,-2.4149695554366413,-20.92962118452821,14.575260024972023,3.0
-19.573062234098046,-3.7431292147083033,-22.66712976996122,16.66787255518432,3.0
-17.39962421817,-0.7490983342729359,-12.194309817031037,16.947402709236375,3.0
-17.105353353354673,-0.5869319318684414,-14.396571989824714,17.224359009386745,3.0
-15.759121631404636,-5.2620314026267945,-7.169444641938643,15.351948688153911,3.0
-18.780747425709293,-1.0651319933981807,-12.777791943126543,14.711277655934875,3.0
-16.25819970199668,-2.6232935776752946,-11.618764880273902,14.489836135290696,3.0
-17.787134308420185,-1.3949935000781757,-7.905864870743417,13.70420057596982,3.0
-17.07335076194433,5.476191800464926,-0.20078640723954955,13.658612034774789,3.0
-16.98183544391941,1.3124510134757266,-3.980530957900405,14.95927745582495,3.0
-19.947577998690242,-15.26891939320432,-9.233832084950462,13.605674560214021,3.0
-18.495925125222456,-22.99110036349855,-11.836795738540836,12.5838638994778,3.0
-18.222835020102394,-16.194098313896482,-16.693687300185623,12.366112711203595,3.0
-15.535821607266158,-16.000016348387053,-2.739859399839509,16.551520942923194,3.0
-15.647631854994799,-24.16995745770997,5.04212164538372,17.154921750171496,3.0
-18.213616235104013,-11.844697744378808,7.499903003133497,13.526847112204157,3.0
-17.42904059695337,-16.610076675159203,-1.3079554154051651,12.922813043230713,3.0
-19.672116710682854,-10.721558339663709,-9.116574957964147,15.255528676863852,3.0
-19.93752957967064,0.8729600440854162,-7.663738592497887,15.078505828682315,3.0
-20.638004253415847,3.164666216213884,-7.898267442655267,15.384702773930924,3.0
-19.576683930790995,1.8875569826882985,3.5452622375818983,15.005406356420885,3.0
-19.65296833850107,-8.338907813630236,-13.17369803379732,13.6222209300923,3.0
-18.140938496802097,-5.701595455137618,-20.519919937774134,15.800147869988473,3.0
-18.42709245895155,-30.490505878902518,-25.998544783911925,16.30207934847033,3.0
-18.273993093383893,-3.9467257142717163,-35.33611469707489,16.817074966901934,3.0
-18.788536233613076,-17.538177653696614,-24.58073920215368,14.697568551109036,3.0
-19.561318521811103,-17.41708589755741,-15.96413039889046,15.042697094737559,3.0
-18.550694756333236,-11.539546220292074,-10.050886207079927,15.398669688181897,3.0
-19.31273077547361,-8.148048503802784,-11.923661174643646,12.715395536053073,3.0
-17.086874106519325,-0.8102349522528658,4.4017564024628495,11.849773142122881,3.0
-17.58917651999457,-0.6854519077257502,-9.72108849108961,11.541166783836871,3.0
-15.870494169779583,-12.201101763398933,-7.634523028748305,13.533203364369179,3.0
-17.633412689153715,-3.17181194808708,-4.918887102960438,13.748869620935638,3.0
-15.574706423065015,1.5755224999425597,-9.229935545905512,15.940608002989064,3.0
-14.360881707390313,-0.7518369794462361,-12.493116777033256,14.659382380357053,3.0
-17.671610631414747,-0.7642610919529194,-4.019303474185845,14.382017936730543,3.0
-18.013528405171815,-8.06873428825216,-19.52305969230949,17.16370931825781,3.0
-17.620044532464213,-29.772298091895173,-6.045505013484339,16.316951938076897,3.0
-18.54291851201606,-6.087366150773276,-8.42520440227897,15.5225700362957,3.0
-16.944591936179663,-4.8339679960868,-9.705970998345107,14.396789841289905,3.0
-18.31799870235372,-10.655909601767176,8.407295190502024,11.986740193006348,3.0
-16.976191225277365,-6.042309303730068,-5.1956566528037085,12.429702890295168,3.0
-15.736628241392708,-14.610123634545694,15.253680764381215,12.40782005252077,3.0
-16.497636623173033,-11.604327233705702,19.042640592893456,13.718178460888746,3.0
-16.210028566938295,-11.867695334886632,10.813447214244013,14.132512455295455,3.0
-16.55365811406001,-15.582418127506276,-21.216681641267975,16.08055217611867,3.0
-17.460986604162326,-10.04711333303732,-0.4229230179100192,16.841587300201702,3.0
-18.858961709054146,-4.174178199900526,-1.043209617671165,15.379076552153437,3.0
-18.077411340993695,-2.772610522998833,-11.17007096878482,16.38013673843743,3.0
-16.76948414539377,3.626936534998579,-20.94353504154698,16.36667381938246,3.0
-16.904440048633845,1.2817104323910398,-17.148555165927384,15.258290772030987,3.0
-16.754521795709916,-7.1455453472576655,-0.6947699123418718,13.518305137470696,3.0
-16.3610821347048,-5.943183838337287,-4.601511492978835,13.606923161872222,3.0
-18.198990122149244,5.713887263719788,0.018871794606395653,15.200388882989882,3.0
-19.399030662895477,1.049946324587049,5.031873822038854,15.068919570743256,3.0
-19.662090918337974,-0.9932033366151289,15.239522430730512,15.483063288728445,3.0
-18.744334531301806,-0.7026678149308099,-5.14581215042538,13.798893741708966,3.0
-19.364036854119952,-11.38563368949763,-11.79243145018524,11.770652420858344,3.0
-18.962584879349503,-1.1981096886801748,-3.9231337205230528,13.947449304103886,3.0
-19.103012031964404,-16.26468743502815,-4.949143760197762,17.004161476121556,3.0
-18.82891475460079,-13.907144799350576,-19.31307464005083,17.79889264992835,3.0
-21.16194667459719,-18.365899173705444,-17.57932066856489,15.924189462518118,3.0
-19.89843809579682,-10.736461382609802,-18.399176314854273,13.665568102831443,3.0
-18.07861624305098,-14.59230264021894,-2.8281963136368056,15.911828744929648,3.0
-18.464900602960096,-15.593442562821275,-21.795193700092888,14.944483515901641,3.0
-17.878201776383975,-19.170388682591252,-21.919511921157657,16.02053899474126,3.0
-19.516224882234557,-7.567747831006717,-2.8286549510991303,15.270733133679503,3.0
-19.654105036577135,-10.530057134230345,-10.592647240137897,16.199285717093968,3.0
-18.199372115174842,-14.650387120391748,-8.793138760091942,14.361950468482403,3.0
-19.87282242781439,-11.429705265548098,3.067100012084362,13.015261335302002,3.0
-19.602883150796412,-3.3314549487128304,-4.36457205077202,13.433622044953456,3.0
-19.980837390322367,-16.687760807104812,-3.6978379081736357,13.072600656747726,3.0
-20.05297036439529,-10.02963879738271,-7.126160860045844,13.76702118392241,3.0
-19.663186855912205,9.039450608156432,-19.51551122790347,13.24699895375472,3.0
-19.643047938007868,6.567000212346501,13.974682377732826,12.246039199488818,3.0
-20.36802781272564,9.514726538579993,-3.9895542347823927,13.473290202540413,3.0
-18.500259376660292,1.2870386374429001,12.899029769797476,13.311118674449906,3.0
-18.019337677714255,-4.583505433630247,13.086152279217561,14.053067636889775,3.0
-17.220660501123525,4.51434432453275,-2.908652553216433,13.084175346671852,3.0
-18.70591336478215,-0.11575946731611086,-28.7058948530815,13.250363480164667,3.0
-21.797471057329115,-7.476290411393807,-20.775542348810767,13.618698442313772,3.0
-19.660378206064067,-6.578146325288636,-8.301854098616989,13.740817605809212,3.0
-18.96582055503665,-1.734351934780646,-14.316685832564321,13.64072026907241,3.0
-17.047150413291632,-0.40140532043087607,-2.019121866265057,15.301364941694702,3.0
-15.577823266092198,-2.200426401537354,-3.1597412252053663,14.15831863239249,3.0
-18.4554581199343,0.8012192237474443,0.5880303422339306,13.529107702240788,3.0
-16.965975838945738,-4.97598882287088,3.4317219408264616,13.689910162688038,3.0
-18.827607983885482,-3.9200952925712693,0.5866829281635151,16.629479932887698,3.0
-17.73981921761078,-9.335408059300615,-16.02851128448819,14.99828248298628,3.0
-18.630026318086205,-12.290065698087435,-15.30414362837139,15.16827813329204,3.0
-16.246178074298832,-0.1840627750397692,-14.462987193554865,15.196951164860765,3.0
-17.56636743572475,-6.920618979203553,-10.091422099255107,15.382334475095032,3.0
-20.004148614713976,-6.419128417830863,-20.60288572529273,13.543645090459844,3.0
-18.243099513449017,-15.437955856150346,6.185932336646886,13.241658737235607,3.0
-17.40977393404852,3.637219960300727,7.055597954369859,12.349078490878007,3.0
-17.951601417501873,-11.82785218552855,-13.020697217512463,13.942175106407575,3.0
-19.532345512702015,-2.15490525289652,-0.3677398051957539,15.605502200703366,3.0
-18.582029083207942,-8.964050682359591,-10.695912302631166,14.37541613988129,3.0
-16.920282007569245,-0.033327237567041035,7.949816962196898,15.750973847436004,3.0
-17.506647846419007,1.888225290059576,-5.322050797444816,14.996476524019606,3.0
-18.250952414959446,5.732406868677507,-7.41170961472452,14.514567413045564,3.0
-18.890100636919364,10.225441850369043,-1.3161567394329658,15.182037827198538,3.0
-19.305813062936114,-11.42900413228752,-2.0037277647587097,13.966685505908277,3.0
-19.06312344565028,0.07340507368677329,-15.614650112002575,15.096405923262896,3.0
-16.225137004195755,-6.341166625076568,-3.8418292351919963,16.885486503280983,3.0
-16.13474523762895,-16.475193576165278,-0.8399559254473141,15.444279939426394,3.0
-18.08615179200815,-6.883578797289643,-23.45484563539795,14.58351057148459,3.0
-18.80432566133904,-15.9742181744244,-0.7107311066502406,13.941314699807057,3.0
-17.86226136767584,-19.229660277364946,10.735166447586456,14.82258259334009,3.0
-15.702723139063828,-25.14865960957367,-24.76325102948671,16.668669363263295,3.0
-16.176937079688,-15.797521938971762,-8.897745326414835,16.099866932190125,3.0
-18.870605433363046,-14.859490125100166,-0.5026017489083219,13.957274580981505,3.0
-20.689520818974522,3.309460755529568,2.1388138080671766,14.257456137787807,3.0
-17.388486650851206,11.511104133503563,-2.1981470874567623,14.898179587931285,3.0
-15.842756835866604,6.143754927631639,-7.503600978138103,14.635341721036855,3.0
-18.833835365157736,1.2701503243659182,-6.779680632812112,13.993776540891444,3.0
-19.031874570298164,-10.347312849615262,-3.388670215100673,15.799584130702959,3.0
-19.071760927946126,-15.434083554365104,-4.296715073586905,14.709949701511125,3.0
-19.69955866466968,-15.272916232999172,0.5426665056181785,14.231196361993158,3.0
-17.50907662399131,-18.55864080763438,14.241051065086824,14.65163703358829,3.0
-15.260377174327202,-12.977412932193921,2.4020726258480956,14.13532586630248,3.0
-16.724307128263096,-5.821499450522789,2.1205528803395497,14.137044387067874,3.0
-14.971401077744945,-7.7838506496337345,-4.259293080789584,15.50633266276531,3.0
-18.13219946140226,-6.366062747473095,11.051561002137536,16.178396721978423,3.0
-19.190753266808393,3.8680492208657014,16.523213361612463,15.849545126738299,3.0
-19.085760852197613,-13.202565205263241,1.3343512662736545,16.845166493324104,3.0
-19.61202609863839,-23.724171143933464,3.6087284076855326,17.099096342675168,3.0
-18.615791940507258,-23.878460490604603,0.6274009749770721,16.957997524435342,3.0
-19.217494593345226,-18.70074787667523,-4.667334906218271,14.934934896534159,3.0
-18.559127978201296,-13.697376401399453,-27.13474810056561,15.718834250243555,3.0
-17.20037843888879,-0.9539694117411255,-29.689928520916926,15.14256544941069,3.0
-18.2482557322042,2.332894852136172,-26.729689403399185,16.370976076352903,3.0
-18.33768631200328,7.484388854606441,-26.95530347846806,16.287827937877733,3.0
-18.42089742160634,-12.07600715753718,-11.060716179441243,15.842565088147138,3.0
-17.04356856720394,-12.93573352179272,-0.2996309541650355,16.645566526554568,3.0
-18.82070473681996,-0.6885392093836673,-24.537521628711293,15.440240155043416,3.0
-20.185566033275215,-11.044142682963185,-11.291888018119732,14.948886683983185,3.0
-17.593144738735013,-0.9219680758566717,-6.015978834726701,16.58978746734564,3.0
-17.540889940314273,12.26047785574286,0.31901364913401054,16.199684775617484,3.0
-18.067650059297534,9.717373360516458,-6.96463402611843,16.508105988296112,3.0
-19.709801390534913,-3.5775879045583885,-9.846023594556813,17.491988074435113,3.0
-17.98186707161827,5.971983785450153,-8.724323224385685,14.37956038324642,3.0
-11.685779745104677,-3.9923183887734313,-15.665569381078491,16.356796240764957,3.0
-7.741723886047768,-3.535998077061003,-16.028065419766016,13.734810560869004,3.0
-5.6273145108491,4.315340986048492,-20.22795108210618,-1.787554056736754,3.0
-4.560949578295139,-11.448740370479815,-11.90498813009697,-9.817174687056351,3.0
-8.652589953118312,4.559408138730409,2.0689939997668887,-12.32788586172892,3.0
-8.133791634270453,5.965540839690549,3.8120549437030973,-14.883244824769204,3.0
-10.25137597039526,-2.4145692001778514,1.6192924359980205,-15.973472956547301,3.0
-9.66305233896982,0.5935984931652332,2.87943494747741,-15.348046548168496,3.0
-8.482083009444436,-2.8251293515021754,1.7632379823407325,-16.44129358286359,3.0
-9.0478648568781,12.32372299541058,3.959061505549064,-16.298803277005415,3.0
-8.907456294760433,-2.8265676586340023,-5.7400168783376415,-1.8526269149570944,3.0
-12.270570736471322,-3.464634481177633,-17.6816540373946,7.553489286763871,3.0
-9.44748750126098,-1.2567994032239032,-14.776767724286914,9.938316753624868,3.0
0.13758333474781992,2.5035469723749353,-18.550779200164783,12.362324049141739,3.0
2.3189321115698496,2.5307442685254076,-2.795273538678228,13.697736749261901,3.0
6.8112769200349685,8.094658988028613,17.511851676208412,14.562506083653913,3.0
9.546547765890633,-6.18540833437901,7.029200781660682,13.692635216453898,3.0
10.180717348175435,6.457003944499168,9.452867809172435,12.654116954264486,3.0
8.571336036959975,-6.787917126737977,5.6337921287230355,12.072222262244022,3.0
8.694572121577881,0.8590455175761509,11.675021299192483,12.333393654076914,3.0
8.850918859635838,1.9006846456838495,-10.993756706093663,13.060183798743093,3.0
8.188678438901249,3.0760511986959234,-9.06562050630482,-1.6810219770703707,3.0
8.492777604853222,2.1299241733689804,-6.528152397108066,-7.421288423755302,3.0
7.9096778528437985,-12.92552410547371,-2.749581816752798,-10.303316989483708,3.0
8.895639581836198,-13.905432511988057,-11.011332257235507,-11.009996166747914,3.0
6.7471815426818225,1.436156092162161,0.3550212659158962,-13.696656992516075,3.0
7.822885908179383,-10.997717595511064,-31.255796130913858,-13.44102515726652,3.0
6.518895987294351,1.3648132330791842,-28.738946195909893,-12.637294596523539,3.0
6.60261642443148,-1.323812084415489,-20.57719520393291,-13.290494926694311,3.0
4.894665060325293,-15.332010601629703,-22.7643071507106,-14.292870580907438,3.0
4.654863226959538,7.278578763097801,-19.422576304344823,-15.398809708182128,3.0
5.417621524124976,6.363781088358613,-25.712463622045213,-13.233496558157338,3.0
7.5598725056620495,11.728791379345024,-16.55766671851563,-13.6613754289566,3.0
9.476661255126537,-3.552735243069454,-17.15689802798135,-12.594985122933732,3.0
8.168840111759089,-15.776556535276818,-5.177670894887421,-11.477545768788083,3.0
8.650031582080276,-22.281899871213014,0.4629957279081487,-13.178236278830504,3.0
7.6962623121238956,-21.33274603416841,-5.425647289440242,-12.695150467727116,3.0
6.46600856249443,-5.223250439621921,-6.802238589197987,-11.884694643668585,3.0
6.1466284336767645,-10.418403695529783,-12.160607214472076,-12.59894646442463,3.0
6.453053832516286,-14.966030402869425,-18.194178524414355,-12.680192245266705,3.0
8.598481104767139,-24.591262759843218,-15.560785627702254,-14.34842014803389,3.0
9.751074785034774,-25.486369502262008,13.229589897067413,-13.582452753193495,3.0
8.015830523430068,-12.365621769529682,-9.544370874564805,-13.83394599920144,3.0
7.9732540774111955,-7.776731663564655,-9.89509001222579,-12.442404564630666,3.0
8.15792735703266,-10.913132115424158,-15.80270099076523,-14.509151856738184,3.0
9.166132884655024,-7.911294925166703,-5.480782204620329,-14.070182870194017,3.0
7.711800705310864,3.85916088235936,-10.945357589509968,-13.024471756417245,3.0
9.067968072995244,0.5315584744247435,-19.366079391743177,-14.64191837758233,3.0
8.367902577814442,-7.932389296093949,-7.975918838479532,-11.880030868433796,3.0
9.456117060718073,-1.5560506190598673,-12.211045228360028,-11.946580105146369,3.0
10.919378013942412,-0.19168595858502746,-19.71556292589579,-11.388227715986948,3.0
8.826645918637741,1.7837809041069628,-12.960688321629892,-12.708541067844317,3.0
7.618738835330978,9.177853377298959,-9.370873478222268,-12.911970774975904,3.0
7.297757393452216,7.546621024209824,-13.074623861172451,-13.327168557382011,3.0
8.033075061494747,2.800610696219258,-3.1212112365609768,-12.0081720665646,3.0
9.279304988606162,-0.0006622208451743106,-11.876250930336015,-13.348104036847355,3.0
7.5422345501657215,-11.739036703606704,-7.008284663955639,-12.321619932952173,3.0
7.251036387986241,-11.84341936566664,-0.626870237631918,-12.17146245401957,3.0
6.4852926816621235,3.6831040228709564,-1.2743614775892933,-12.14531238010837,3.0
8.86487095504699,-6.54309493074977,-30.228085167679467,-11.926168429957505,3.0
7.838284971676015,-11.171040262139043,-23.052184963507347,-12.318954425209329,3.0
7.642071961834338,-10.928699260146196,-25.749075069265388,-15.347178357580423,3.0
6.9144448456853755,-10.00521091819712,-20.34010587254628,-14.19908722039684,3.0
5.869634301474262,-11.556637218584116,-7.358554386247567,-12.635655614868476,3.0
8.628146068264233,-14.245525629744895,-10.049058266520882,-12.692391395063748,3.0
6.4309848978150566,-13.22566949689017,-13.95481366738782,-15.935686618674332,3.0
8.61504941434601,-14.896538963406826,-11.747972173900408,-14.050642804225985,3.0
6.7838349192694505,-8.857946356244023,-27.63168773270116,-12.373659466627771,3.0
7.023961397731472,-13.03860296094596,-13.794541647367119,-12.048430351850218,3.0
7.490542955666155,-15.808333811771002,-7.877445744939348,-13.597579477067697,3.0
5.98866345490224,-23.02227745410067,-10.163815650730681,-11.498473262864215,3.0
7.07768856727307,-10.074863523251445,-8.360326421681162,-12.80710046706969,3.0
7.837134611098774,-10.48446162656293,-6.56117796446747,-13.331844604262413,3.0
6.385946564839863,-3.107985686292552,-16.558758972537554,-12.417710700215466,3.0
7.119454622911592,-6.596664270313314,-24.23205734672689,-13.021890851764752,3.0
8.522495562617594,-1.9018041873005362,-9.605988705576681,-14.553602914097658,3.0
7.946389025617118,-8.070043536884096,2.160010396374167,-11.173974019307227,3.0
7.887045063615986,-9.288253808400807,-15.469833005758442,-9.698705684587086,3.0
6.732934418084387,-15.101306316041061,6.43727164217173,-10.55231451789058,3.0
6.928894851205228,1.2072571694885585,-9.40692396399377,-12.84249189587569,3.0
8.577423335145337,10.644989666244546,-10.45365417394825,-11.913119036611386,3.0
8.584228573037372,10.161690403130612,7.007436007582368,-10.6479614124102,3.0
7.306089908681313,5.917428274891078,-11.030485335814666,-9.673360908684568,3.0
6.739224609938231,14.090990712174435,-4.681067141739945,-10.88671391651463,3.0
8.231264070019508,-2.3821260571383434,4.293922620750429,-14.160015608404285,3.0
8.050058422258246,-14.10670832976114,-4.8415492382240375,-13.7529372451178,3.0
6.471192141280026,-10.945671912724524,-5.727578568345354,-12.708524670707007,3.0
6.573865148553306,1.9587810584623941,-0.2068071018828732,-12.17944085433897,3.0
7.870535706639405,-7.301377039388003,18.11240114243217,-12.278030916631964,3.0
7.213243551667358,-10.536265633615685,15.503168223896777,-12.34752348553165,3.0
6.931431922669782,4.34393103299003,11.948370771829003,-10.85961917845745,3.0
6.0741176838055715,-12.809291042890843,-13.465948851434819,-12.94492914626652,3.0
4.575717919942649,-6.265605948149651,-21.238064036395038,-12.92270288643745,3.0
7.19370376801942,-4.23105828790255,-11.863333263872013,-12.613259923874073,3.0
6.959559450739999,-1.6393739581927376,-21.20321599966749,-12.23189472050718,3.0
6.572672275530864,-13.332488705578083,-10.789655779212055,-13.174783946112028,3.0
6.824485656090865,-4.647638261137386,-27.587638088217954,-12.604338278490799,3.0
6.349673070468725,-4.316681173334075,-8.02468726292752,-13.894137097774472,3.0
5.141628193124264,-5.126643597267938,14.047649633924136,-12.442137314470044,3.0
4.548096103017986,1.1741751358495858,-11.385759701977607,-11.887579297943795,3.0
3.789966774010999,10.40754149625823,-12.162338443095706,-12.549861503865987,3.0
5.628499761283621,3.3649076318924127,-9.571521158843174,-11.264763245679333,3.0
4.915060607500704,-16.583907298259568,-0.544549650883094,-12.304647074609774,3.0
6.533254345840857,-18.679596954315002,-24.008539240555503,-12.568324294952927,3.0
6.442010238016818,-23.90167043579588,-13.02965324679328,-13.3324705715818,3.0
7.076712898562326,-5.73982558844239,-15.017616031589629,-13.513661856484267,3.0
6.560201125681655,-5.596094959384173,-8.415051892301145,-13.379230622520861,3.0
6.742672885450517,-3.743675788827137,-17.962173759346456,-13.287584221361957,3.0
6.530193261310533,-1.67366234637878,-11.65194292796487,-13.773294671973813,3.0
7.614322049999402,1.642427095511139,-22.458699515382527,-14.026648913162841,3.0
6.655628169417561,-9.409187061606202,-21.269772523500574,-14.317479004138669,3.0
6.505226803621529,-9.548225221128954,-12.355497770674985,-14.93233707604894,3.0
7.869625205027863,-0.021618701288544706,-8.480863897117013,-13.54274800914838,3.0
6.727104502331292,-6.40080017532053,0.03504692066968884,-13.692476851484729,3.0
5.494347930407644,-6.061904943678455,6.5560392126778755,-13.785539670451339,3.0
6.06836741208213,-6.7369885543360954,-9.70420323019406,-12.65400091677692,3.0
5.41695493489921,-4.137704533259624,-11.131675508907538,-13.559697049162125,3.0
6.821462637305814,1.2266297662670977,-4.480772320205656,-12.176637073528664,3.0
7.663614354250072,9.318766866371497,12.621953148887723,-10.345796897918547,3.0
9.290788255140997,-11.273368831963147,0.20791652782206782,-12.967120161865012,3.0
8.511006458577874,-11.786138678342766,-7.748996564746574,-12.16289403316385,3.0
10.579587028463058,-18.375692605417676,-16.601138582131544,-12.5656935971698,3.0
9.500864396913023,-17.89182627105734,-34.834705773226844,-11.533342699844956,3.0
9.225563145227747,-23.688937084296715,-1.9111088605261388,-11.447786357671996,3.0
7.072936980864224,-31.915234963662748,3.348509463733766,-11.11298420808442,3.0
7.853785685608074,-18.40060813719026,3.6189363102558847,-12.620442574179428,3.0
6.354897673292943,-10.961908053137064,10.34893249675121,-12.149716522984265,3.0
7.923179794788957,-10.637575708306859,-18.05208298990657,-12.331596715650026,3.0
8.208537633909607,-7.287652011065776,-14.316854473596827,-13.332766731962481,3.0
8.068941622222818,-14.221485236550345,-15.162340159604291,-15.025359317857694,3.0
7.984777137908473,2.281894074615174,-6.329115347997261,-13.694324807625485,3.0
6.481683745652697,1.336289585637437,-1.5507423201600794,-12.930652633629862,3.0
6.192751044583518,-4.7991381941082,-0.36035507604048966,-12.522372368588785,3.0
6.653275150660409,-15.240236683407247,-2.9008096163323627,-13.686572483495473,3.0
6.675673468098261,-25.355975115445204,-22.404539707662806,-14.677141614345878,3.0
4.77135318694515,-20.810313310814028,-0.885901006360605,-14.17579111484293,3.0
5.387479521577121,-14.941928584880143,-10.813574814871416,-11.11807374235832,3.0
6.917212351272575,-2.585322095320765,-15.047773688898474,-9.197860096096997,3.0
8.172395813019735,1.7855224141191925,-17.19737384738455,-14.462961336829155,3.0
6.572921516139685,-5.110676162799983,-5.544343879669251,-14.936641867184141,3.0
6.492961953768569,-4.305229018765793,-5.04302712380535,-15.062900135792649,3.0
8.136462462147936,-14.772993044975713,4.261169013716592,-13.075725846779282,3.0
6.965209852775413,-13.654151553747617,-1.5504073821639164,-13.617589251470717,3.0
6.317989490229433,-19.5039135163468,-8.135300915839476,-13.976722984419503,3.0
5.811996734051791,-11.230104740942071,-22.69037514857768,-11.818779460636026,3.0
5.208814624182532,-14.97680760053286,-35.09225153017401,-12.82823164806186,3.0
8.232764774488627,-14.057593115641023,-15.083459668653356,-13.027245474802825,3.0
8.374405031479647,-4.6800953787647845,-5.132190564173845,-14.893832703264522,3.0
6.874473770283521,-5.3983802846683595,-9.529148047034456,-12.88255158188347,3.0
4.352931123928149,6.5714749472089515,0.6008297570981185,-13.233648921062823,3.0
7.013074557779685,7.1440653887645125,-7.143066559970555,-12.596694684927353,3.0
6.831225222453912,-7.86097110240868,3.3275845097429126,-12.928408038203873,3.0
6.652395111260507,-4.764792423234427,1.1555164889559624,-12.70831005405665,3.0
7.832408441990457,6.17240962291441,-0.026217058202718135,-15.945945604826363,3.0
8.22165083707971,-3.728561380759878,-1.69030495532588,-14.434742363673259,3.0
7.580371818806261,-7.520118131067726,3.203268352176119,-12.904377692390069,3.0
4.854967557883681,-23.38504684372166,-21.295806940567754,-12.971005674560864,3.0
8.089753461494004,-17.977185804995912,-12.362727899271713,-15.25822086894166,3.0
7.836651489331633,-7.219979045012035,-19.45087512101511,-13.44374426429959,3.0
7.964798160315291,-20.81233137974575,-8.515556207776914,-13.514128719793439,3.0
8.093352491864021,-3.6720267190601215,-17.59728721632035,-13.495337982002928,3.0
7.856516779712351,-1.1578755537370151,-5.939472134117597,-13.507807193441035,3.0
7.9061602375029505,-5.981918592431867,3.0272235927625957,-14.790800994155473,3.0
9.313695003895685,-13.790454532286244,-11.826503200584433,-13.505537525104842,3.0
7.60265332852284,-10.512381058229131,4.661254409350849,-14.980291258130858,3.0
7.419728402439501,-13.520731976453874,-17.068223251692977,-12.948299485472756,3.0
8.433666368918283,2.678521954106791,-6.272700755149542,-11.231353223358438,3.0
7.250447896293112,6.659005251597771,-7.464324870326111,-12.640494916740158,3.0
9.276662057581891,12.614652206421974,-6.116030519687975,-10.51534063377226,3.0
7.801062622085039,6.22003531684212,10.51434461814139,-10.407697896235106,3.0
5.415697423316461,-7.667219361146294,13.34610317760508,-10.88960598774776,3.0
7.2740106131118205,-8.462127683963633,12.045254582288058,-11.242237847545905,3.0
5.515004427532605,-1.1532483147105044,10.223354289407759,-10.963831954333909,3.0
6.544969047425923,-2.0645787666833875,8.428376537099542,-12.278430216937963,3.0
5.803704510864127,5.9186885705815575,10.18175160890277,-13.420313306566873,3.0
6.778574761591162,-12.075666314457253,-1.0341635083267493,-11.843189431673657,3.0
5.594020807641694,-26.40095017076444,24.164364776204497,-10.944469863859837,3.0
6.6997560122125055,-18.175675816556485,13.121102162959428,-13.28042384438808,3.0
9.317537788636795,-7.492589910655098,-11.30972888365266,-12.412309849750978,3.0
8.624173056078854,-17.662847700747655,-8.277605933377416,-12.936299317830626,3.0
11.067510443157829,-10.036250971083025,-6.14286689358158,-12.941030991286347,3.0
9.308012627296385,-7.24466384225941,2.9740287593615706,-12.698787282547844,3.0
7.91164464929482,3.6141833020665057,-15.692194695340355,-12.334211891033211,3.0
7.138143760520436,-2.7373608646910483,-7.877653552751649,-12.238201071152103,3.0
8.152216957116075,-0.815609277192662,-3.942675417342458,-11.93009289168069,3.0
7.364122067016615,-1.7514169523965641,-31.19306342325961,-14.08284736273135,3.0
8.037098150406008,-9.67610886079724,-27.072026330093426,-13.915126209405567,3.0
8.543210476087488,-12.30382375012734,-11.628728536918928,-13.363076690901192,3.0
7.330420187603634,-18.61584026012303,-21.37590262165116,-10.15001945778754,3.0
5.922172391986375,-3.3760971652639284,-32.265702398935595,-9.820976056045126,3.0
6.8391198949314935,-17.00710593458693,6.8106683345374055,-11.746033438553843,3.0
5.579763096510813,-5.6302580068779235,-2.662065977155172,-13.553277532110563,3.0
7.6090573898246,-5.872056168206506,3.3043165291527163,-12.220373155561795,3.0
7.491102038367442,-14.020620690412624,9.082552851342552,-10.905819698343443,3.0
8.659108303640652,1.5041157031151613,-9.812167311921552,-9.628770439857508,3.0
6.602250525850306,8.010663210393911,17.209291330673278,-9.820067174632054,3.0
7.3517478256699915,-3.8886584338452597,11.31440246208882,-12.10224672997141,3.0
6.6717583653676495,-17.256073827580316,0.8433175907387298,-12.442531337915,3.0
8.878130094994722,-11.42389390239889,-10.33310726038963,-11.669434583401914,3.0
8.038940529297577,-15.974792027304307,14.2855267404384,-12.086950159002587,3.0
8.559813061539435,0.7384591815375274,-1.9869087672685861,-10.634876911895036,3.0
9.088229922897286,10.018583151797717,-11.062889298421034,-14.34548889605389,3.0
7.561130368152372,12.019969334387211,-0.8515282001200344,-13.06674423600995,3.0
10.301163072859516,3.898586331460509,-3.5293492786313294,-13.590406210703613,3.0
7.568632367071288,-5.029098559294891,-24.754927519911448,-13.749701154375748,3.0
8.147459886981013,-16.50555625169705,-27.453489266130074,-13.536759103175827,3.0
7.028882246335694,3.2647540904597676,0.5635979485587068,-13.46603210829709,3.0
7.054600605640538,3.0709117808342423,-11.864468466240687,-14.570354667164295,3.0
6.240023988950499,6.487507939118178,-13.874087919207765,-14.171280022364273,3.0
7.314177253085594,8.719530449581157,-17.736521551318692,-14.492246129368885,3.0
6.4935864768675575,-3.723964789268022,-20.183824411820943,-12.686552087529343,3.0
6.025629077844368,-2.9580748357720204,-11.914633453941427,-14.387570300175783,3.0
7.319771093898746,-8.084365265159025,-16.537633026959845,-16.407319561199152,3.0
8.5186632075851,-12.82423775950647,-35.61271896964706,-14.018934935330002,3.0
6.899273763185599,-19.387300417484152,-17.732680324449795,-12.013538774778869,3.0
6.845700307306403,-17.065367005068776,-22.81519622936464,-13.048484552229397,3.0
6.5704663287236755,-2.8082793258617063,-35.7837258561743,-12.616584675320958,3.0
9.01333463561766,8.56262867607186,-19.864497573561685,-13.688718744153789,3.0
8.319288951371242,0.5184313649127787,-18.352170105291478,-12.158311159430355,3.0
7.457580034319674,1.9226031982555654,-14.304870117546379,-13.123182277337316,3.0
5.558323505345044,-0.89858830660165,-13.889774501045217,-14.692612656578195,3.0
7.658779909930917,-5.796143958111997,-17.22057340903128,-13.859297208854967,3.0
6.893767916022964,5.1727497728459655,-19.96976204123643,-14.033653936581395,3.0
4.901007982481632,6.358461157196949,-0.6632293653251748,-13.479012556998688,3.0
6.362539255352493,-5.7726841803041085,-9.569427283184716,-11.83208969413471,3.0
6.826630421078658,-15.202676281403711,-3.500435803663631,-12.622176964414383,3.0
6.036414884152394,-10.394486641697874,-3.586950895174218,-12.732972934920706,3.0
6.564074020066094,6.337893692144492,-4.090747058177345,-14.834929728079429,3.0
8.1247429118849,-5.821811666343986,-2.8425075159569113,-13.195389014369018,3.0
5.88806038712937,-2.007882693822461,8.24158078919081,-11.043663504178225,3.0
7.7188610267634665,0.8388070508326848,-0.7240040072469731,-11.537602341182755,3.0
6.7863484204172515,-15.321994669452915,-12.754101699931882,-10.195619160616335,3.0
4.488682861311293,-9.78388517420678,-2.851447804777205,-11.077344044225878,3.0
6.955400454560596,-22.931444592842315,-10.488045508929254,-14.660061672686247,3.0
7.983568210642662,-9.566583907237082,1.7895594351014275,-12.37798372096937,3.0
8.505460402129325,-8.882241811013179,-10.108382131961255,-11.428024525504132,3.0
6.295327382444145,-11.865375091991561,-9.465767816342481,-13.326699812242033,3.0
5.368836341709207,-13.447800379343771,-2.0802379434896903,-14.82334942273068,3.0
8.504951536316522,-13.989521458565283,-20.814895192225286,-11.791150725822925,3.0
7.8061336423211545,-14.753584390760004,-3.8423361878404183,-12.208807148434992,3.0
7.577386076840247,-4.892689383301349,2.100642063858011,-10.723022027887378,3.0
7.260282742083939,-5.9783482448624,22.191578249942758,-11.822186102397328,3.0
9.665053270635028,-16.10130753421534,-8.764169828628535,-11.09415115344223,3.0
9.459713690387705,-1.1065628370713048,-7.729413615351277,-12.045866805049018,3.0
10.422437859288461,-11.894622642488947,20.519523805860672,-12.680503433315803,3.0
9.725236694893665,-11.736054550049175,19.187957721159577,-12.621719579324072,3.0
8.068327342693365,-3.1180419378663604,2.7648234030034597,-11.456089271172303,3.0
7.944257892648583,-5.221343107849461,-0.32846922533809675,-13.91153893920597,3.0
7.47827819553001,-9.432291109277454,3.697919648703621,-13.282667558053651,3.0
6.369049697060705,-1.3213303519461892,9.811131644421003,-14.491466670850363,3.0
5.7973935612143785,-6.37465609570295,15.254010744381127,-15.366621741966041,3.0
6.202117003952643,-7.74811836631607,22.646990432888103,-13.977735373567512,3.0
7.1276531189162995,-5.145084819250211,16.546681002752415,-14.063303889901288,3.0
0.3315168715009075,1.3599342077407632,6.692741540735482,-15.167870561202859,3.0
-2.631506432025249,18.654035668400184,5.741599299484868,-14.95459140491728,3.0
-4.282191359366022,-1.7814978688242435,-3.1923822234980372,-14.745716918030663,3.0
-3.65747856279272,-4.927034197465723,3.2749205238605965,-14.172609189617916,3.0
-3.7894633841866083,-11.52762509248338,5.5638772669363465,-11.062960176059297,3.0
-5.037916148051648,-12.37111038259512,16.079884543352264,-9.417574214345095,3.0
-6.277148611983275,2.7009297770453413,-18.20973210548755,-12.52366092841146,3.0
-7.488868329211371,-1.0163336309208875,-22.59807046936199,-10.88240681535665,3.0
-6.665894226856146,-0.9141624687314778,-19.60705738402349,-10.185919121573853,3.0
-5.410894194490357,1.5831445369514734,-15.887813369076186,-10.859112994410795,3.0
-3.5393883854840276,7.153411540020155,-4.678471623659579,-1.2919546479253077,3.0
-3.945668252671683,-8.409157958649455,-20.745690205026897,4.833721108867998,3.0
-5.288850194904234,-21.188088457691897,6.646702578442126,8.146417719183079,3.0
-4.864609353565491,4.391244962998216,0.37896756134729204,7.366529189534341,3.0
-5.9602005590929865,-7.317796781890647,-14.137736580536217,7.966211766199324,3.0
-4.874543243399692,0.6501585990740484,-24.61738073847642,8.657411211873344,3.0
-8.40677256952273,-7.623659973777442,-17.919228296220318,9.549828300419449,3.0
-9.240522869800357,-14.859593482077237,-24.93358844390219,6.712694534564163,3.0
-10.1427000532573,-11.930543244583596,-19.54368659293943,5.327473926289605,3.0
-10.197439789222923,-15.64440690453665,-7.398716545795816,6.653467616220205,3.0
-9.729049115939741,-5.152264223204004,8.848621069142887,5.5920371977071355,3.0
-12.115582714169264,-4.401225061262311,12.896153113622105,2.4312920314360924,3.0
-11.470988832668464,-6.016491405142063,-16.064209258764883,4.057668308907579,3.0
-11.091741503497897,-10.273242183346127,-15.841105910855415,4.286667236629903,3.0
-11.690759990898052,-3.3318073978741882,-18.560170135542812,6.409081686783958,3.0
-11.544253722206216,-2.704487044545914,-12.65325912292558,6.904643223176765,3.0
-10.264011477737718,-6.296387857396847,-7.972577156387399,4.9918820901470395,3.0
-12.127677221116741,-21.49857980683331,-11.672871913168304,3.9200181765519218,3.0
-12.506585409761703,-18.014096776511558,-12.835706427015246,4.469254101906875,3.0
-12.114279745201724,-9.601454457027698,-1.851250276255369,4.518472762660098,3.0
-10.75583309647178,-0.5618597440114472,3.7944697289805767,3.7727028090796595,3.0
-12.053578717534698,2.929995753539317,6.601184343295615,3.1538199126609507,3.0
-14.23322442126744,-3.299737966758804,-3.721055364659902,5.605673382662161,3.0
-12.037110558898565,5.049290076460812,-25.476918869705376,5.392698635796824,3.0
-11.514073577799385,2.9328954321601923,-26.074947400511167,4.089831283849533,3.0
-10.923478117206939,6.413790467862537,-52.90883152194907,5.638166839885944,3.0
-11.266463516555273,-0.8905975788094045,-47.72469373298658,4.271942195397276,3.0
-8.288283333802921,-4.188992287456696,-7.110474579454378,4.476017232926657,3.0
-10.496257518308271,-10.612662334949944,-14.446831502634003,4.016077293667269,3.0
-11.690364921456368,-12.113773574799318,-20.727814503344728,3.467676606810654,3.0
-12.029039737061025,1.7216900174396734,-20.72235739792297,3.4390336283387155,3.0
-12.74340452731318,-6.96523863619115,8.13205328472644,2.2918621352332087,3.0
-14.364790336215602,6.58933782712731,-10.466887333370058,2.9889455861212957,3.0
-13.964141027982603,4.042807570097549,-9.631099549067077,5.605711795747199,3.0
-11.623793722645303,1.6511214126566536,-12.589161934539357,4.4313225036744575,3.0
-10.960331362560947,12.161743302309086,0.5926189986764445,5.622552485069155,3.0
-12.947025907800047,0.9996506032448389,16.772485904761247,6.02874653631855,3.0
-10.749001831326549,3.8882742801003016,8.594815190469875,4.402086756315338,3.0
-11.125881492929127,-8.42266844818744,2.3134506342003496,5.509131797640647,3.0
-10.121617950741253,-7.20336175044836,7.071510614589172,5.655974337311498,3.0
-9.853959619074,-18.942968867653292,16.47609136362079,5.034016269929195,3.0
-11.549701508614877,-5.6015336279640096,2.3316715939829002,4.62325342525192,3.0
-12.066269145772212,-5.673579758911472,-6.2208307993132745,5.857262617311219,3.0
-11.914256707552049,-12.675006335252897,6.467784063541917,4.315573766579005,3.0
-10.791188585099636,-13.204361896182306,-6.856369131807145,3.715288602846109,3.0
-13.009475232808754,-17.29388858797013,2.7753405519952423,4.067795451353532,3.0
-13.182026350709872,-19.349126634360285,-5.758136612292547,3.100198850073051,3.0
-14.116397720014884,-13.96348167731284,-12.982906776377718,2.3446188477722663,3.0
-14.66001969106443,-6.603966188911633,-19.0634097667309,2.0340275613458196,3.0
-14.578140805478936,-6.824568728429448,-19.283765912534605,3.077571935169926,3.0
-14.547759674211962,-9.664566979720913,-8.04648102170271,4.009869251353104,3.0
-14.32962092404259,-6.948146438693808,-19.63346362418957,3.552296827073512,3.0
-12.369441641057623,5.869803486592026,-13.787363463903866,5.405053835596352,3.0
-13.033038131388194,-6.892678513508665,-7.587351499123271,4.9664425508022045,3.0
-12.038696491823538,-9.528009374214824,-18.14925532972012,3.0071936807062967,3.0
-12.164883675752186,-11.814092153905463,-21.538971007051092,4.091672258447069,3.0
-12.765765739078862,-7.839359987868514,-27.176360592863432,5.187834034817726,3.0
-12.742080772351974,-9.411193535436883,-17.83952864284961,3.786572054655867,3.0
-12.842201605056596,-0.8058158523413876,-22.655419721194633,2.6208374395896974,3.0
-12.323419938620903,0.994100865846903,-15.207925622426137,5.208478170877426,3.0
-12.154813722120338,15.101877852354743,-11.05175185394948,4.216260885147995,3.0
-12.10023660045405,8.992193146577298,-4.449917873199447,2.391811135753318,3.0
-12.553340641026667,7.889522645453318,-7.395943348060872,5.777876618990472,3.0
-12.31052921760805,-11.80697357156791,-4.395923924648226,6.113964665582467,3.0
-14.563078422975865,-7.336665589095309,-1.8652880373153096,5.67225119696068,3.0
-11.086561613629886,6.202578548736065,-7.070404586579998,4.2916850986730415,3.0
-12.166131831009139,-4.574590048749444,-11.604151789758157,2.3400694561949673,3.0
-12.472566148727376,-7.324916230322846,-13.169327400817435,4.756961481806589,3.0
-11.307743790904377,5.392652017266358,-29.15415801482455,2.6677121264948886,3.0
-10.115183225259292,-0.19146968946442477,-28.594712373847784,2.8533316843197265,3.0
-12.218593306799907,4.975890143704605,-26.959000214355484,3.221611101037099,3.0
-11.552355848587162,-10.885586486868565,-8.390416902881327,4.048275482525224,3.0
-10.440318451480609,-4.55904403544031,-7.737687161805868,4.025704930403143,3.0
-10.451986345183196,-15.52947865750765,-11.477665174587823,3.6275406640662857,3.0
-9.148345749604786,-5.764568566735087,-0.1996241487515258,4.83428312893911,3.0
-9.059570940526942,-6.649670794609248,-17.18144432546056,5.0508331743473205,3.0
-11.297537382738703,-10.871500226398107,-24.142875143145837,5.043599451973613,3.0
-11.721337111126799,-2.7453797544393104,-4.908835820700076,3.689723160399923,3.0
-12.390544764103629,1.5466588457299437,-1.169154096001264,3.6500495353694604,3.0
-11.55875768158684,-2.7591279007287763,-17.74588499249957,4.418171341816513,3.0
-11.693086161606187,-5.691779135534018,-9.009692585240103,3.5429612058543505,3.0
-11.24192424991346,-8.145521997353349,-1.3579661850272542,3.794625090682552,3.0
-11.483126243671805,-3.5011136203867874,-7.019954223683908,3.559460848556702,3.0
-11.033972753995208,1.4869432528948487,-25.950900432255082,3.944488471113642,3.0
-10.04636739766901,-1.7213024185884533,-4.272153430264527,3.183644214732453,3.0
-10.956594514719356,-11.917139439419932,-9.229644775083958,3.193886782403433,3.0
-10.880116392663354,-8.575584850207955,-9.572833989089496,3.509473818780785,3.0
-11.077595204864854,-2.691675691944832,-14.620887641732917,3.821066267749434,3.0
-10.69459498172671,-0.09282209002940389,-19.240473397365747,3.9007913749928367,3.0
-12.071486726835126,-3.3364666496682456,-0.38049525111824245,4.956925486221495,3.0
-13.530124601060669,-14.77605443479024,-2.6464199909309745,4.728708322334682,3.0
-13.000964268730527,-3.96091035727455,-5.502402509741912,5.069711262496836,3.0
-13.278660938433731,-3.244947610215173,-7.434234801679212,3.052143004736448,3.0
-12.252672037072697,-3.054399935240966,-8.005847666173462,4.561524949288597,3.0
-11.388479644739629,-7.821566642444195,-4.474165921944826,5.196843888961841,3.0
-11.302897536733209,-6.896106147812391,-21.15532958071706,3.041401074583163,3.0
-10.788136893928343,2.3724223409614176,1.55370100844649,3.450470605843214,3.0
-10.428454911138338,0.2722497869508249,-19.647298565621437,3.2973844266886023,3.0
-12.376981407108472,-9.7475554682139,-3.6346557182959573,3.3237455193476713,3.0
-12.563905120413398,7.708506864293329,12.128235569285488,5.347568002193332,3.0
-14.057959248408586,9.483361860660025,-0.7357103374376237,3.632905949211041,3.0
-14.328992275825486,6.723365371923764,-14.325828738227539,4.20756994071912,3.0
-11.33361444035086,-3.2988010712022207,-9.56596279351901,4.768595590566866,3.0
-10.379829948644721,-19.7895575151818,-16.545247905048356,4.471021449206344,3.0
-10.796747350824415,-26.86648951543859,-24.44371532660628,2.237257293062289,3.0
-9.49073715430968,-4.259280533995755,-13.033939600250477,2.638317597797835,3.0
-12.242066558163454,-2.6812932392211266,-3.222456783568127,4.734370660257586,3.0
-12.196601937942404,3.4226827630451284,3.224548536863462,2.5052267327682816,3.0
-12.205109154645466,12.191475396753408,-18.009022572767826,3.0868624847028547,3.0
-10.923535933869498,6.40245214211652,-2.2600595446287244,1.9046086735195666,3.0
-12.504978918592462,6.034956725111719,2.7844042731766,3.663556007113038,3.0
-13.108176330685893,-11.887743040399862,2.370296547680363,5.525191126321187,3.0
-13.961582824605797,-21.89929477677109,10.069901795191004,4.193011635006032,3.0
-11.075900800939849,-13.435394439238951,-13.785872629987425,4.341296291508194,3.0
-14.288242944066502,1.4417885304535432,-4.226027022129433,3.801107924657059,3.0
-12.987854350977859,-6.615359194287534,1.400884690471817,2.6995945078311148,3.0
-14.267023168183878,-19.12869573906547,-7.929920396071097,2.8820560226913594,3.0
-12.620335395424643,-10.506927965402518,-18.68916945019614,1.5019523057794109,3.0
-12.185799585850074,-6.259401939667786,-10.17407511321468,1.5310892417792257,3.0
-12.18935748840573,-7.019998519270169,-28.23115412034402,2.045528514060975,3.0
-12.498985656456847,0.057250386033442235,-22.212978502514368,2.1643288876517772,3.0
-11.78897314945373,-0.5502076289037261,-4.6793635564908325,2.115805293048104,3.0
-12.194560371819861,-7.822999095628645,10.260641671993673,5.7985875866047065,3.0
-13.06234338332994,-13.24193291624062,2.720499156444907,2.302984836545474,3.0
-10.377412888536146,-6.025611954532032,14.41862719164672,2.4698795854249056,3.0
-10.534585469769496,-0.46303339588775394,-4.081068992044343,3.2905759187299304,3.0
-9.925914844239408,-4.947716843640406,5.978596981217271,2.8241804388930083,3.0
-11.08965198444881,-5.426531433035452,-3.4955958767283413,2.887819514559941,3.0
-11.38750777390424,2.5036951473333815,-1.881328221831465,1.837679483438162,3.0
-12.567807114102145,7.86744581684578,4.524825454061942,2.032432207939148,3.0
-14.08274461632578,3.1204877979508296,10.073242078119318,1.6465570817496795,3.0
-15.452114352358334,-4.51976948124424,6.986207279371699,3.347740689400019,3.0
-15.384303827757849,-4.54369316665701,5.178754102697995,3.3759834081302302,3.0
-13.755608735041868,1.4075204248461821,-25.18308003299491,2.738348566722165,3.0
-11.762341046021136,8.393801304873374,-7.3360002737383585,4.917489474380428,3.0
-12.407139039568492,10.188858760857894,8.523689611143837,5.103022537513536,3.0
-12.186350109074478,-0.6744692747172305,-10.761428201983518,4.442640915015056,3.0
-11.27639553442471,0.5438887470190901,8.660105821188122,4.688888809986215,3.0
-10.35941978573316,8.52427139533701,-10.19395729458119,3.2767774301195587,3.0
-10.848323149475796,-5.918614374020699,-7.353224244640873,4.357670283836816,3.0
-12.108618530635775,-7.160845126119066,-39.23465545948511,3.7884676189920654,3.0
-11.448990667419592,-9.743181958185655,-11.056820312280397,4.8820075367647675,3.0
-12.053468364456478,-10.53049265571686,0.17318015814650956,5.601458856985268,3.0
-11.830726390520535,-13.247509085530067,1.5678984547004386,6.502628590844231,3.0
-11.170526576667347,-4.06617140405559,8.50834243457419,2.5246395963818715,3.0
-12.793145357543834,-11.300294262515653,-0.473092070513069,3.1509330239454845,3.0
-12.999641011859607,-8.977945817132372,-16.044330197892304,2.8863847628978876,3.0
-11.016455165683123,-14.195310589275284,-22.885973058904455,3.1250842059297947,3.0
-13.214379969269729,-10.764200516386289,-23.391226543029997,3.6713619571867664,3.0
-13.665832868198251,-10.253337683292564,-20.8491389861237,4.684889117021585,3.0
-11.117288184301046,-20.641455088622806,-9.51921245545413,3.344088490873693,3.0
-11.394890245261868,-5.0714139923774395,-18.389943279541157,3.6355576537470142,3.0
-11.762604550928321,-4.819757538297125,-9.882423089102039,5.011070711875794,3.0
-12.707367259462332,-11.521823762831119,-4.104544906185275,3.711624841801645,3.0
-11.221175361417998,-5.694365790479601,-5.165812213458052,3.4434080165017424,3.0
-11.893261738003561,-11.063027846728609,-8.214695211608014,4.49371067726375,3.0
-10.544037343569356,-11.201147770093424,-20.571441049344077,5.589192239071644,3.0
-12.27851695648575,-34.51638932367286,-14.209914900766393,5.225255689459692,3.0
-11.338653939282931,-5.762432479407574,-28.28636523089493,3.289691037279802,3.0
-12.622072827871843,-3.1607235543433063,-7.460215447836357,2.1392176054689194,3.0
-13.155432058739514,-10.890480442310885,15.281033396251622,1.1213524374774422,3.0
-14.609224884192,-9.278167977240576,10.780248989359098,3.4699762170719586,3.0
-11.93258365768084,-2.460704214295891,12.220028220500769,3.5597347346743797,3.0
-13.413974362654061,-2.974505149287192,1.699786871409609,4.663988307362432,3.0
-12.259513091114329,-2.4273450480802,-12.88599014380072,5.4586478560678,3.0
-12.330162054597873,-4.012311957376894,-4.241600295870464,5.779283788815896,3.0
-12.266726651740042,-6.149246945907758,0.7787856664191519,4.249678185106322,3.0
-12.489674261731222,-11.91426043157488,-6.0301478196355545,4.25957675455872,3.0
-10.754282402031633,-5.035391974006755,-15.742188572010903,2.996813888631351,3.0
-10.495512558082408,-22.777772861428705,-19.123188454402467,1.1863298295238027,3.0
-11.79662073533932,-11.371195929917501,-17.62801324680042,3.2344905754454185,3.0
-11.210082588975272,-15.684612960769215,-0.6328377242570156,2.3560585466612283,3.0
-11.632304547756412,-6.987000066186297,8.674877392584103,2.275193033120749,3.0
-10.348698311726023,-8.163652919846921,6.819812929566152,3.051839381189386,3.0
-12.942446410199627,-12.969006970285774,11.698905314595917,5.468798059605833,3.0
-11.912802548056673,-15.899615312523864,-12.936112853293617,5.27222444809374,3.0
-12.581375491576548,-11.114136430564777,-7.8250972430264225,3.8240434330625477,3.0
-10.98449223132557,-4.204781438258111,-23.62395600004284,5.219064091223501,3.0
-10.958386266824068,-2.981680210324509,-19.290759050641043,3.456374532174789,3.0
-12.097018302893304,-7.010683892480275,-12.998880710339545,2.5370173437398016,3.0
-13.779477007133769,-7.587861860051303,-6.045114999274549,1.7812528510229957,3.0
-14.094196310433757,-1.474517526342277,5.262591482783286,3.445319153991511,3.0
-14.19878805422536,-3.4627250987910885,-8.40776211838687,2.7071298156522294,3.0
-12.111197476356065,-6.459489593271854,-2.8365950022261703,2.8641584447149286,3.0
-14.00416879782275,-16.24967386006209,3.4048621486400243,1.5953705224186339,3.0
-13.902951458250017,-19.915207667367426,-16.64908562173831,2.933208890042769,3.0
-13.609670546227921,-18.267004339098904,17.078291178090282,2.7301966796393398,3.0
-12.683285093439771,0.02914810896190767,12.03372736309289,6.234018522193133,3.0
-12.083774014076404,0.4605178642054928,-12.264770690359256,2.8729201590246327,3.0
-11.502020151245498,-5.320823154471319,-5.727415671062349,2.307806782728286,3.0
-11.659385094500749,-1.4631132585952775,-5.807217028535165,2.043297671508478,3.0
-12.879903433839171,-1.4360174066817368,2.5898987109434355,3.2199603260431653,3.0
-12.195414018191356,-5.289993323921879,16.688981876440415,3.723421691886131,3.0
-11.773149020957902,-3.113731365799497,12.464659653800464,4.3498315318561485,3.0
-13.285218993307101,3.0754524500369307,-7.4134920907903465,4.305421677208617,3.0
-11.595126097840739,6.153288664241947,-5.050015291313002,3.1929963192947612,3.0
-12.391948390377978,-2.267392089055612,1.0119476861392558,4.032550201799772,3.0
-14.220519555202976,-2.3879293352711723,2.796592252574418,2.402172876347162,3.0
-11.406993645004007,-10.06410950686031,4.340944113151018,4.108485466135131,3.0
-11.892891334511539,-25.806859789429694,16.352490696734378,3.9758377634423265,3.0
-11.39171095647776,-7.07898821800441,8.565312459273557,4.786343100791727,3.0
-11.995471959590338,-1.2351685410522428,-21.012796262249804,3.6901348574398902,3.0
-13.12120880214876,-14.798852206340484,-12.905481959936004,2.8923689897180025,3.0
-13.902828581048697,-8.863666916147276,-5.202249375255356,3.8300206907065375,3.0
-11.855833184736467,-0.8909333699713979,-14.77457980508216,4.832728294501553,3.0
-13.277966468046303,-1.0443926044306062,-22.490280277496833,3.9274618595614235,3.0
-11.736210455996918,-10.950043082728957,-27.421744166806214,4.446358291103328,3.0
-13.397316048529767,0.2636873845271488,-11.900292383493431,5.4159435379833,3.0
-12.805475065190974,-1.4863105861050556,7.604843989725117,4.1246072032016095,3.0
-11.53862809596384,-1.8565576727648185,-18.840476745910287,5.010981864743495,3.0
-11.629208328511648,-7.874401896048236,-10.144942776624378,2.8633353662357823,3.0
-11.177374921248745,-2.4138552816110677,-15.250890306692401,0.8652359938880854,3.0
-14.418943175958908,-1.255207900701559,14.307637426906439,3.394857999260484,3.0
-14.452639435358938,-0.19551518534559564,-3.0019093760886673,3.836046868365701,3.0
-12.150276430482156,-10.57233503949719,-17.761753896031344,3.132230541592576,3.0
-14.730977470142392,4.52291633994492,1.599826896782921,1.027433522400111,3.0
-14.302064554539019,-14.599288941343076,3.719274459348213,3.298522215227268,3.0
-13.98257344285083,-28.068069123370798,9.67041829080501,2.6042717237331123,3.0
-14.781836895243735,-5.403582693926299,5.383096465369402,3.27664580381713,3.0
-13.787263827357545,-0.4567872454459252,7.386014805924914,2.4128421903539246,3.0
-13.581114356680139,3.9257622690518734,-5.739014424453037,5.101342336646603,3.0
-11.830901919010365,-1.5214688156802554,-19.286977222882204,3.3313149521124217,3.0
-13.203860389629794,-2.7467917979040783,-29.012371727717607,4.247696097166424,3.0
-12.304200327904288,-0.38619961295467053,-7.082184361777514,4.267723592142329,3.0
-12.77441791796947,-6.006659050292272,-7.382360682515705,6.047910988042233,3.0
-13.321962768317459,4.917345804726181,-19.405167210509248,5.598487712762854,3.0
-13.08135347011264,-1.849175337714783,-17.25486291677071,5.115798729867845,3.0
-11.673162662296969,-12.761005795483138,-22.13096942072695,3.893551038321747,3.0
-11.413342302260462,-7.947588185540985,-20.229770007893148,4.588136270016574,3.0
-10.463617665263406,-3.5726494367245416,-19.704279626512793,6.840313079331746,3.0
-12.52313991684043,-5.197429741606507,-16.54464660997436,4.191686026201916,3.0
-12.702321626450301,1.4982706310626686,4.6873065256793325,3.635378995967738,3.0
-12.66875741029698,-2.054818611072214,-1.5988512263999466,4.517047821396137,3.0
-12.050844975863976,-14.9829857312718,4.536571456334328,3.548171512723595,3.0
-9.313920950402641,-16.484090008279182,2.741256948465423,4.610023734152445,3.0
-10.539400343573211,1.1126975634370293,4.4844357605705465,5.791631866885672,3.0
-10.843456360495678,-4.179967257158609,-1.4789294215137994,6.633324623703823,3.0
-12.317977871875536,-1.7835875740217944,-3.1521515849231627,3.4585523823777264,3.0
-11.944480963414211,-4.53773540883429,11.675569857302332,5.324300984762753,3.0
-12.23686797126913,-1.4626421781957335,5.86131555490562,3.43344643672886,3.0
-11.730897121321147,-6.854622899499187,7.2407911274370775,1.1633053883310849,3.0
-11.360453897033342,-12.13986396244351,-19.71835734583412,1.2774615262259197,3.0
-12.047923933992744,-6.763359004462393,-21.30136775649045,2.620955377797199,3.0
-0.8235443948164475,-4.782120697377069,-6.912568484175543,2.6284586015641045,3.0
4.535887752264473,-14.451682464078617,-0.8619541406213926,2.304562232225062,3.0
6.074798576813329,1.841859646034778,-9.244565788020994,3.336367403574587,3.0
9.478177991002838,-1.1692649698880215,-7.2792227359732,4.505364009618915,3.0
10.595422055034426,-1.607164182681279,-14.277601160599698,7.801817959189531,3.0
14.03036545380358,-10.669228171191609,3.292479570201264,8.189365722766329,3.0
13.900390811242971,1.2050690618322495,-14.9250053827041,5.459545411988353,3.0
12.972973742594979,-6.225277482274011,-14.892879576063875,8.859262090162215,3.0
10.151588845789192,-23.1702228987169,-21.29916728590093,5.706012949036177,3.0
5.62299758507934,-14.597486388707095,-27.19667737304151,4.780956962422785,3.0
2.0373282158495063,-14.967593871414719,-4.012163964774608,6.361750504354105,3.0
0.18982032330516474,-12.891927284619284,-8.77300195806671,7.494013641404856,3.0
0.014273097431684895,-3.289451750059861,-16.356475380972995,5.7880245563985415,3.0
0.055979446545611294,-6.974829338724759,-13.146002617682433,7.016210192908379,3.0
0.6404935698147888,-12.072356602480873,-8.058204069383287,5.866154175096149,3.0
0.04277201124125729,-13.841242280613912,-22.70605302366703,-6.998030953132456,3.0
-0.6310469646426152,-5.839281847942496,-19.31002913743697,-14.503384147594009,3.0
-2.4829538415519146,-14.498083962404435,-25.571700379007027,-18.967520915700884,3.0
-3.052327101976819,-7.741082434862686,-23.08020747857838,-19.946107298631897,3.0
-2.189581480581828,4.618134937430471,-17.697882563769298,-19.32851928065284,3.0
-2.531722954065963,10.998200016435767,-23.311560109074506,-21.256471161156107,3.0
-1.468463131156712,-11.903716355682015,-3.8369463161630355,-19.3479578245198,3.0
-1.5720144894465744,-1.0117612586258389,-17.63423083049078,-22.11820487155825,3.0
-1.0633392786944376,17.943187970383395,-14.92247031681098,-20.274052843142844,3.0
-0.6802966202798941,11.875581679476113,-36.253623012803466,-21.1912008993788,3.0
-0.6493188167069797,8.03475196921828,-30.176853067139653,-20.009459956653703,3.0
0.1923017388732774,7.164736519137511,-16.592074397917305,-17.651743964832878,3.0
-0.9476814972000285,-5.695657791011233,-7.136171981390879,-18.642783364703668,3.0
-1.8997446525661865,2.138447892297445,-0.8700589758618444,-17.71424227480591,3.0
-0.9001631471229012,-4.382053268646528,-9.530769946597802,-17.775463709700613,3.0
-1.4057468588446334,-8.971671562467584,-8.198931480520933,-17.846943833340664,3.0
-0.9763252579300217,9.080469107381358,-13.013734127690338,-19.082530720365796,3.0
-1.6735852796709902,-6.3341645891784975,4.343392293550872,-19.399908154024146,3.0
-0.9874963087544475,-12.137167457694124,-12.717124089209058,-19.786553691413996,3.0
-1.203235901286035,-10.316108777943807,-20.20605860447536,-18.7386869388493,3.0
-1.7573307852549453,-6.763791762597287,-45.72551121960822,-20.85444609663771,3.0
-0.8759485444114367,-3.445604561061824,-30.765195064334772,-21.102921549960065,3.0
0.7978128856867072,4.90795793893396,-26.071454744533742,-20.27232356227043,3.0
0.43877391057100823,1.8221259502087648,-19.573032238198692,-19.461933794591445,3.0
0.10197619853885997,9.513654567603274,-3.8391640312352866,-18.098072572561335,3.0
-0.6358868945398077,10.971028763644256,-24.263389004897334,-16.5639192509763,3.0
-1.234532762013822,13.17869438334536,-9.561169979014391,-17.437678520807832,3.0
-2.230307277519972,5.986486866518826,-12.675190545006037,-19.887787919841042,3.0
-2.2680815623548183,1.68291791891866,1.5908346007277991,-19.458863244834852,3.0
-1.045029367879956,21.507587858708256,-13.581771578910631,-19.30677170460619,3.0
0.19843305768495523,-1.7807806943599243,-16.160522821274437,-18.56794599659245,3.0
-2.943128850771931,2.9248144254130315,-26.636782443511862,-16.68890275298861,3.0
-2.142017139976063,-0.17940028775216366,-36.855464249903704,-18.743452907255527,3.0
-2.514322778302884,3.417875067142293,-20.402240875862656,-19.172917389366233,3.0
-0.772354273154966,3.705417865269096,-27.57575031125362,-17.174832808689878,3.0
-1.325536103171688,-3.259722533336826,-20.228692552466693,-19.99154377080355,3.0
-0.8621107838216435,1.4300213152578127,1.3197223759584737,-19.613341326650005,3.0
-0.033427934110205726,-0.4014299035130584,-11.633111837655711,-18.951468683704455,3.0
-0.2392272772045782,6.567532998975814,-5.908485681257453,-20.294831711902997,3.0
-1.2678776646501642,-17.040514384182472,-31.984315466656657,-20.14543772167281,3.0
-1.0704982018281624,-15.042652556441233,-25.482213809312185,-23.842411978860675,3.0
-3.392381121606502,-7.334849240307628,-18.388740580693995,-22.635700326701766,3.0
-2.055757217317878,-17.624133222910082,-15.051874917972167,-21.641225051579013,3.0
-0.6614218834652035,-8.392804856428533,-19.05230651302623,-21.314410739490924,3.0
-2.3151281206645713,-4.338941543772316,-4.547051527754082,-21.851612854968053,3.0
2.241806570826481,-4.859163074033479,-17.897485263710827,-20.07920731181996,3.0
1.2702378652408202,-2.0280885936552773,-3.801464208798773,-20.818902164304987,3.0
0.9730788342766954,-0.5754090079078029,-14.513610849830327,-20.100474111934897,3.0
0.6811132562338948,-14.470106729810805,-4.086841175219129,-20.875859229716205,3.0
0.4264319250977482,-2.3678127694220343,-18.205253587783115,-20.7647795597985,3.0
-0.39424305984999497,-7.308364873963313,-17.37101530857996,-19.336524127033314,3.0
2.006649715415483,-3.7454305142413054,-17.391473428772734,-21.160878505051272,3.0
-1.6707365678158832,-7.334969092166635,-10.756060581770868,-19.122530721624265,3.0
0.6639522514160511,-1.3695018679189888,-3.324500768969198,-18.87161100377049,3.0
1.222539880304751,0.23745886144424144,-19.174425163483598,-18.858225144928802,3.0
-1.3019850422603505,-4.30011056113071,-35.01623784811957,-19.526227937113084,3.0
-2.854576220866604,-0.7994051041761585,-27.47110423061818,-19.13544282995168,3.0
-2.432254187197011,-0.761450454977588,-14.9951175041674,-19.36310977698057,3.0
-2.6559385882586053,-0.9711674158681998,0.3669935248851459,-19.017837435087397,3.0
-2.2941376040108725,-6.944295906744335,-11.223558150436606,-20.325677899476524,3.0
-2.099971694085464,-15.441755203943265,-12.942163818937566,-19.527634136626386,3.0
-2.3335956742795307,-11.232541468558749,-13.690042501377473,-19.6124180652752,3.0
-1.9765183298217235,-6.4176253675659165,-3.004042887582586,-20.2032196118068,3.0
0.15066472166446154,-5.257642916832397,7.696692439705135,-20.7549562047171,3.0
1.7887486053604782,-5.07807708529489,-9.456619358691743,-18.22822133976885,3.0
-0.630947435691331,6.95173343413344,-12.81704955538533,-19.81955450924629,3.0
-0.06299056165955319,-3.4490625456508877,0.4063147844908599,-18.54460395367768,3.0
-2.650064673433222,-2.5988469563226957,-3.478601013084605,-20.026146435878267,3.0
-2.660268258194669,-8.610501622104874,-3.5129938550012856,-21.469859945175063,3.0
-1.4291867943149645,-11.454129284056423,-12.114659337019969,-20.60031678162014,3.0
0.07446138114055323,-23.87878955998687,-17.346834084845007,-19.168755752984772,3.0
-0.2878142423497089,-13.608709534163893,-26.766786943591917,-18.531947913035985,3.0
1.7625216636077468,6.689991038562756,-9.680337280185181,-19.308739364243706,3.0
1.0896491172207985,-2.4368434108812176,-12.037875582140698,-19.604575655864792,3.0
0.6231540989285982,0.8059222414848648,-3.1073236314077874,-20.935222487250556,3.0
4.259977504969134,-3.455790689681108,2.462277780261692,-19.45889011635896,3.0
1.8191126127697772,-7.331902045101432,-19.762825744739214,-21.306977574261623,3.0
1.0534881078553755,-14.399184304548132,-3.2640917707522767,-18.476510815636956,3.0
-0.7759587716263461,-2.093335343333943,-13.905382968943147,-19.514341499220137,3.0
-0.4775737448862234,-3.2146628224261002,0.4078947686747245,-18.775362292758874,3.0
-0.6448240984591529,-6.067517885647267,-13.40704473135796,-19.322385035650107,3.0
-2.9070551807673115,-4.326454493902851,-15.907589618239799,-19.192977226604178,3.0
-3.1901656910549585,-1.823050417354076,-15.267347444981958,-19.567870266741856,3.0
-1.482787254811335,-0.4765388005965905,-1.4299386349512861,-21.17530060996498,3.0
-1.433661370616636,-10.017504290551148,3.173681647202949,-19.980825145786483,3.0
-1.2873024470412413,-2.9097697935094504,-2.794872395547525,-18.763917584026185,3.0
-1.7421396960153746,-8.024126664556064,4.317475197931868,-17.910102905623624,3.0
-1.500599271432006,-12.107017745227845,-2.0700689507620105,-19.661122056215877,3.0
2.124389553181829,-12.964942685796116,1.713126154167803,-19.081628298038158,3.0
1.4774520201061616,5.173133926189189,-4.272835736427673,-20.602604824853763,3.0
1.2313795022653453,1.0809097176538982,-10.35808259438565,-21.20050059167357,3.0
2.063133978189636,-2.790733294781415,-8.7610037424032,-20.666339945022465,3.0
0.29820571281725927,-4.8810651731658155,-1.1960654110001112,-19.81739099256063,3.0
0.03219808050435735,3.8677303574076873,-5.685204401342337,-19.714772877256728,3.0
-0.4500753860646435,-11.2804198044106,4.5390894839970555,-20.636759473725004,3.0
-1.8417675706843213,-11.341961357052394,4.320163586281582,-19.180189790874742,3.0
-0.6524513448445066,-6.473201501580889,-10.551364611727024,-20.9230586480043,3.0
-0.17538015341703272,-6.535962882812098,-19.62637941690111,-22.002458686234448,3.0
0.6410562862414527,-10.544940504830562,-44.62052165070714,-20.70454647721602,3.0
0.625371454298669,-8.443655701415535,-29.90846397223801,-21.643962683836335,3.0
-0.1308140031497278,7.2947695600843465,-33.031173968158015,-20.994798532637642,3.0
0.8471897022454508,-2.613717502545427,-16.764300068963713,-21.531077035983653,3.0
0.3198109184843314,7.8220138866452436,-3.998605518303842,-22.06658164926427,3.0
0.6517127370256015,-1.62018435762534,-7.789246668493352,-21.11053312295048,3.0
1.5905412037357023,-6.343887587194843,12.251636668738174,-19.238731262173385,3.0
-0.16142104443503225,11.54783924361683,6.270032462651308,-22.22459106987422,3.0
-0.40602361531602216,10.463870806511078,4.84058863746516,-21.391451685102933,3.0
0.7899573521251881,-4.531371584635672,-0.11467946796752937,-20.73567315466437,3.0
0.8247195088624582,-4.477489500708221,4.3844312961259275,-20.312306898328707,3.0
-1.6850853203257508,3.967912861346898,-3.6159021278180186,-22.093884337388566,3.0
-2.083255704214292,-9.986620176265614,6.508190983846022,-21.06180134555604,3.0
-0.15814548046810883,-1.9900443903650196,-9.859084487224312,-21.73399736659885,3.0
-0.08045819388934894,-9.696388598953632,-7.658536030271548,-21.27210092819042,3.0
-0.0022234540211008014,-6.04225620773895,-20.319655432001397,-21.552476152757617,3.0
-0.1403228929718272,-17.06583548295728,-8.585917759077285,-19.68271198123447,3.0
-0.5444632147676379,-4.7756981139560395,1.8145593998890979,-19.0830769542574,3.0
0.017197981081440217,-6.239327675330701,-3.190500178847639,-18.726587600080684,3.0
-1.9065503387051679,-3.1426472362907667,-11.549193898290262,-22.320638190458393,3.0
0.8031857063632584,-5.337732228691782,-10.118752904725316,-22.59997982005495,3.0
0.8914336236929505,-7.439832215671245,-9.660252667620309,-21.031689185233958,3.0
0.9380669794805533,-4.828232292075528,-10.182799184228461,-21.362069203422827,3.0
-1.2078813887454527,-0.5610687089454931,-1.7823713055415205,-21.01113227788284,3.0
-3.265732431401464,-8.046326043487355,16.661869210167342,-18.285840080885844,3.0
-1.762278272105988,-15.207021794861856,8.358251995609658,-19.3703654121532,3.0
-3.0322104726333574,3.4107140849409596,-13.086579087968559,-19.414729758702542,3.0
-1.8357989376668895,-8.71153635807298,-12.443870614350121,-20.330768591625205,3.0
1.4483289113609028,-1.0367104948609782,-15.856373152750898,-18.689714784260573,3.0
1.0839702101331077,2.7335733125494475,3.5786595240908228,-18.567033957361552,3.0
1.5910682844116915,-7.810632059702429,4.378476794667231,-19.090599842255973,3.0
0.7087510078494719,-2.565197950742315,-4.032979094918094,-18.665445764223897,3.0
0.8871714565818283,5.448058191508229,4.785771792565148,-20.345073910825363,3.0
-1.0872849028336464,-7.255942966480423,3.3082498487170273,-20.571744400066997,3.0
-2.5778618047692694,-2.849084058117251,11.940364763930027,-19.910029321846746,3.0
-1.2320683726949737,-14.312151664549024,-10.080804687995974,-19.933890970153595,3.0
-0.8072147861851606,-19.855395216894934,6.032958875181901,-21.470372786006465,3.0
-0.7589959223346481,-13.257052459085514,26.7731924450292,-19.358339739475383,3.0
-2.0400984279831187,5.47210211690081,13.549760567304604,-20.082653959449722,3.0
-2.567200200445118,7.0648925282269985,8.59182195579357,-22.272346250423688,3.0
-3.526626535034058,8.814879314357118,18.372963134757967,-22.037483226385465,3.0
-1.461404693507816,7.184253067849081,9.075339144298791,-21.414209928462306,3.0
-3.6815791936128135,-4.91407964168403,32.08305346588614,-20.12004942004767,3.0
-2.383779577199064,2.62742643558882,9.948905855179557,-19.652250450193073,3.0
0.35755501888874847,3.208814258971848,-0.8179728286241792,-19.429177597509238,3.0
-0.018695237911116935,-6.582781423125963,-1.2339917271830065,-21.61245973463605,3.0
-0.8447507633406939,-11.161617088787244,-12.503249748219748,-19.436163739175477,3.0
-1.3805343329163184,-20.762585916298292,-0.537278104453474,-18.447034731398816,3.0
-1.7683536779998343,-7.65806240681813,-15.59800988677862,-18.81004047743363,3.0
-3.654685076979372,5.160706207831771,-15.018463865967826,-19.3766761354076,3.0
-3.1735144400063944,13.98399079623907,-19.478937381051438,-19.02566123323626,3.0
-0.971246245804066,6.896058087930356,-23.658615413531216,-20.104933525792422,3.0
-2.320547465073447,9.170742351995486,-17.5202222875839,-20.358280238758546,3.0
-2.790619203379788,5.217830349835463,9.412026731340896,-21.5287174444762,3.0
-5.0860247255137665,2.7454995999382437,2.062742237567451,-20.356112391843418,3.0
-1.5936763173000612,3.5505229826020717,-18.949596733082466,-23.240483931161656,3.0
-0.09392237016907379,2.161358457653816,0.019296442050320106,-21.34995280305393,3.0
-0.6748999936853697,2.223782950481466,4.3116593734605235,-20.92121902369399,3.0
-2.6986586473210217,0.356465478747233,1.965299823327273,-20.34612601533143,3.0
-2.3234427126055337,2.062935016225868,-16.39899568016931,-20.257813495936485,3.0
-2.208846462922204,6.571454723820523,-9.43501965588261,-22.20811350545703,3.0
-0.7707365254798826,-2.237403749937456,-12.738091748131783,-20.342779130124516,3.0
-0.6377132492082027,-12.810436932564524,-4.773442947583267,-20.5962434233831,3.0
-2.1603487378717854,-9.853390387462378,-26.140068359602658,-18.262110713781674,3.0
-2.73385503534252,-28.548455855780436,-6.155652561634751,-17.408969326308,3.0
-3.086571916397744,-18.593394099267066,1.1852206359851216,-17.79749404423227,3.0
-1.8906754481994128,-16.829263452684124,3.1728449600343716,-18.280544974232114,3.0
-1.8775477939537364,-6.239120922532999,-13.390117437294926,-19.13492109302874,3.0
-1.3733871923928502,2.4789849969356954,6.792500873477515,-17.002951338783603,3.0
-0.9150157626043223,15.481602179077568,-7.7063981606660485,-19.846121175113375,3.0
-0.9698210030802533,2.525815208821623,-8.379769884545794,-20.709644589283812,3.0
-2.2174108754246,-5.907498513692083,-13.467114911025735,-20.289290845027303,3.0
-0.7045172630407684,-9.392448209073766,-8.263503400118246,-20.473605850415957,3.0
-0.2320846130255379,-5.148960562055545,-10.25829651986222,-20.948444556000513,3.0
-0.9595601864122657,-4.250942555806732,-13.760873366210355,-18.806315065004416,3.0
-1.1997133619008515,-5.651603947835092,-21.203172294942227,-18.319287677659638,3.0
-0.3740861326130548,0.9905216931791738,-9.86035484314905,-20.286650129227915,3.0
-3.6447223135424345,-7.036822814272773,-11.26136672642848,-18.35791705441165,3.0
-2.810929277610079,2.4307830263992196,-10.00432839406461,-19.161320250251695,3.0
-1.9073266636666975,-1.178607708950123,-8.81768832216916,-21.36883748698198,3.0
-0.24310376622707253,1.6750839237116804,-20.65125048658163,-20.905469665080343,3.0
0.5080912307338535,-15.077207118143988,-9.21192374505694,-20.621780822201934,3.0
0.4255601744932313,-11.847138151756148,-21.075076345860907,-21.651792166642906,3.0
0.6102563591077077,-9.648088603864698,-25.045581117956235,-20.277964499476134,3.0
-2.3536575848970114,-14.383748540657333,-14.5746243158284,-21.30235097191875,3.0
-2.8762919009565646,-6.9289197327667615,-18.46493398088675,-19.65792811545841,3.0
-2.1568178841858696,-9.97224218528336,6.271442190618739,-19.14583959643823,3.0
-0.895111439888585,-7.426880853838596,-1.0868659740462983,-17.835974522011423,3.0
-1.6669129592846887,-15.352026202725632,4.428397327399708,-20.226282271789938,3.0
-0.9891568902662451,-7.652084790920119,9.664984542435956,-19.5518864097304,3.0
1.7991670736080334,2.323804229226112,5.866911517083125,-19.268556931871302,3.0
0.23897215192528398,6.417133603432349,-15.040792450216815,-21.06069316944041,3.0
0.24857962334646655,-0.2677020571286306,-5.72999238515851,-20.41426819489537,3.0
-0.2809065683555029,-1.9849885737629576,-19.14024736133429,-22.19937884815074,3.0
-0.1680394635473914,-2.230025389868588,-13.643210008200583,-21.54454605763883,3.0
0.9793998353279871,6.019337511826567,-16.921523394456294,-21.621036888527243,3.0
-1.9265749165371353,-1.7745536096056869,-11.784245869632068,-22.963206221346557,3.0
-0.648760337076044,-15.012623455714312,-6.161373538444575,-21.195383238041998,3.0
0.26351912241105335,-17.189217964478814,8.905519091451765,-21.737851137109864,3.0
-0.45926868664183995,-4.189333187017185,-6.2438904677848255,-20.791392856698973,3.0
0.3374061331323628,-4.502130276842971,-8.175038991542236,-20.616262074379346,3.0
-0.37441658048716997,14.208768840013917,-23.573032926289798,-21.1938048698717,3.0
-1.6297780274967641,12.730417432746735,-7.116229031595466,-20.715736643291248,3.0
-3.0381350352952157,-0.6437725677741695,-4.631742543385059,-21.731217376783885,3.0
-2.5530987434564327,-4.2638620712528565,-12.8904939159281,-21.071829118829687,3.0
-1.3122860699317367,-1.975522591698538,-13.550734752529738,-21.109622885110735,3.0
-1.7792568667429738,-10.311947502089613,2.0822905127619133,-21.06233108983093,3.0
0.3390047725446981,-12.407662637526695,7.543933546950825,-20.82452656043706,3.0
-1.0465474610506942,1.0023816858161645,24.096746189805245,-20.87159437240799,3.0
-0.6718765090003703,-8.3064220755946,6.955632896375379,-19.764834853226702,3.0
-2.084604981990117,-6.34908621334999,5.285552805093312,-18.704423388380317,3.0
-1.4589833193756077,1.5986040310021268,-2.3875578934049795,-19.224168202668757,3.0
-1.9377934603353506,-14.761584788307477,-22.130245018059266,-21.16568326175611,3.0
-2.441132150328106,-12.19952334464833,-18.899327692962114,-20.95172241879599,3.0
-0.995860262059705,-8.746466988641638,1.062226198380185,-20.17346360261232,3.0
-2.052755098900642,-9.761097289802919,11.742809006091719,-19.72406398202611,3.0
-0.018064362171833714,-25.287089345324187,3.3848257890810753,-20.72846503078067,3.0
0.6328265448891273,-7.712538342922009,-20.463683302581178,-19.41467158937825,3.0
-0.5884879292720204,-8.73164653614748,-5.97097447430123,-20.10561288681187,3.0
-2.551354687477311,-3.4063048092615964,-10.207730910811412,-20.696852090223096,3.0
-2.545425944180033,6.512966479009785,-8.166497869619711,-22.39515172499864,3.0
-0.9749927346246201,8.298110263207036,-18.888783909185022,-20.747656087315605,3.0
1.2033312879360933,4.466164712310787,-12.175091817654653,-21.329431271727845,3.0
-0.8952547989460069,3.460767957540744,-13.067153458308926,-20.529009073260433,3.0
-0.4761396211375619,-0.8475950067012086,-0.8540445976731217,-20.986090524711184,3.0
-0.1577665376125329,3.271220648243278,-4.14754271344089,-19.929386667898893,3.0
-0.31957416191727206,6.108357095393059,8.827612443293544,-20.13560888858286,3.0
-0.42342843890479287,0.41387259614207483,5.916999617267727,-20.4009216603865,3.0
-0.8073615329680854,3.4922394707616005,12.203584510915654,-20.624084550606714,3.0
0.4838256195133792,-11.22826359643298,-6.078121010274905,-20.724412571711216,3.0
-1.9551091284146338,-7.407120804540595,7.780126996713718,-19.472708309814788,3.0
-0.3232939661539078,7.863052939593369,-22.22559844189511,-19.57935958708591,3.0
-2.6804014751489955,0.3043231634696384,-2.019864699697079,-19.635104912882024,3.0
-1.9205364174402484,-12.944917714358262,-7.013074357469567,-21.515667144912932,3.0
-1.4549284331118892,-2.696891973474699,-21.54666529124205,-20.42493247507994,3.0
-0.537047395205517,-8.765922204688854,-7.3365977192586165,-20.550227220847287,3.0
-2.0112857016402477,-0.7710072606894478,-17.32126739108834,-21.291402485697304,3.0
-1.018603011171773,-3.0946059528043737,-33.31158796101154,-19.802557213379295,3.0
-1.6476500361983124,-7.991225613340294,-31.43063245128124,-21.722120423144947,3.0
-1.5024080889062128,-3.0725130000747853,-31.574059830913633,-20.553829442132727,3.0
