x1,x2,x3,x4,y
9.737484931147513,-17.16669944104409,12.62788383494314,10.852025259347608,3.0
13.307197164404288,-2.0881672616362117,7.307211898062013,1.229346273865982,3.0
13.286096362805214,-15.79256523960392,13.989336091113188,7.001045343231615,3.0
16.84961963046048,-15.44459022845753,13.944874893467953,12.848865080175466,3.0
12.567084264796433,-10.117363540339735,13.454177377584298,12.025555847783888,3.0
27.315554699999943,-23.467470764838723,16.51908055129579,9.252971951376926,3.0
26.51153565429414,-23.61107254024531,19.56511542631602,4.775584922366959,3.0
28.925830569205942,-25.669677875428746,18.892546640437537,-1.0143420717874445,3.0
28.667339030452148,-27.876231122381665,13.807407051082851,-12.778967400973524,3.0
20.73938043005906,-22.851655131694883,13.35274939335751,-7.5194455514900955,3.0
15.1620062832862,-11.995462451085125,8.229016040501044,6.982795266569215,3.0
7.016885971004005,-23.489429574395547,6.027902345938285,-4.9593735775281225,3.0
12.62420838292573,-23.37144002824021,12.949877783790136,-5.029286129830396,3.0
21.37518385482588,-30.270320188575646,14.250665657080068,14.170138181705742,3.0
10.741794971137828,-10.422191583074305,10.184884674877182,6.262803870458381,3.0
18.90585235539811,-12.489840150261212,8.34594615798864,7.493570880895355,3.0
8.936627131580039,-12.589576005728318,9.97973553953567,0.6588473145593964,3.0
13.381130542931265,-30.475360133810412,1.7589382384710426,-1.4429471113094177,3.0
22.270505610383903,-24.003613557996275,8.151134698607997,-0.04184560690295641,3.0
15.278812020667312,-19.0524016621304,11.623941416288922,-5.1976274916467,3.0
17.82793685914451,-23.11760718061563,13.158660459292083,0.8448938168400739,3.0
21.441616267962907,-16.79644913849655,11.697981338898819,2.2550368923755686,3.0
23.52808943392126,-8.23373826828188,13.184793457616218,-4.029807324458512,3.0
24.612326210081534,-15.221701622204947,14.346888426489759,2.7655019373444056,3.0
25.54829039820328,-10.950224069157189,16.842517986527962,2.94709160127098,3.0
16.40686915695951,-10.582833956907447,14.644894522841934,4.660306123322597,3.0
21.031231061811848,-11.355217811905376,17.265764650188856,-0.8918564581518138,3.0
16.303785685961337,-8.748086641526703,5.391697153841771,-1.7509905959122998,3.0
19.603551813717555,-10.497964512169162,2.9436713977189743,-2.151405537952808,3.0
11.997755981575555,-21.128249540896665,6.901212195405318,-5.148548276923021,3.0
11.644141856031492,-29.87098934945511,6.078732674000067,-8.518339130196104,3.0
13.845690887968956,-6.162422846236042,12.201677234451864,-0.1591162862951514,3.0
14.99656534742549,-10.29073953451692,19.465865656816387,4.544777670246471,3.0
11.298107278003073,-16.77662810426479,18.344759071481985,7.28209366056161,3.0
13.682169927059046,-12.76110603509589,13.218766860038327,14.98908806584284,3.0
16.382464903916663,-9.219391470292381,11.635132182186103,10.70821205470905,3.0
17.327913199161976,-0.6161965570159484,8.274931552935097,13.420668854932057,3.0
23.110013904122606,-9.902355119119639,13.281390881221458,9.368119347251323,3.0
21.932557258702484,-13.301124083442419,15.034652169723067,6.916531958174039,3.0
14.184564975912465,-28.808676728205054,17.977139867886905,8.540327180601093,3.0
17.87063312066493,-23.603585863504335,14.253459593871927,3.9304859495183915,3.0
20.395001385271524,-23.335379378602482,10.269688519215928,-0.004642530604523465,3.0
23.53287508855925,-7.115390436570049,7.409816748681942,6.796467917244319,3.0
24.82208604074035,-6.305191321342995,15.240643740883245,2.0782678232123635,3.0
18.854489016725104,-15.270459626147671,13.420157980528943,2.7888537161763503,3.0
12.028149354755843,-14.671538837463618,15.599765461706102,0.5541405927657646,3.0
17.92845424690386,-24.190604256458833,20.357543026503166,1.912548908112283,3.0
10.880443500740634,-8.319937433954127,16.988594847399938,-8.509005393351142,3.0
4.64698377132559,-15.57265101382459,9.526271951179387,-2.14691381902682,3.0
15.114390638377754,-21.674153909838218,4.971088740792494,-10.954716350049765,3.0
16.484568258732935,-28.37003871096748,10.762862534986919,-7.6357905867132985,3.0
15.136053287028076,-16.91737736493264,13.260427770458978,-7.740903940659218,3.0
25.07808366577264,-11.416078526338936,9.596995230150583,-5.082682273489157,3.0
20.67077940802809,-16.794056412147302,12.381105847750709,5.483126432468184,3.0
17.042486517179583,-23.21848797088967,19.407819670225535,11.700214050239543,3.0
26.177159958748227,-16.709555404781003,13.841971149433665,8.444391519998607,3.0
22.4409598910621,-27.041726216420955,17.366715387623902,-1.1929785681245022,3.0
24.611919713013883,-24.317572987425578,13.709552829741517,-1.9002878654870141,3.0
25.302205526115877,-30.29931398137756,6.529008547802936,-4.786899283277229,3.0
19.47847290701062,-34.82412948885089,10.449939599152993,-2.046927388814308,3.0
17.042651396071584,-3.2638543722304423,10.81329585672645,-5.085724424755636,3.0
11.681525067988503,-12.123337913800249,12.586998029146121,-4.016867715951964,3.0
23.773075374975832,-14.254007010978507,16.34087586239127,-4.891504736900524,3.0
21.559181829004224,-9.3597079551126,13.34159048634139,-4.664731648381574,3.0
20.20074898181683,-13.399707356440127,10.427695225026577,-1.278905528803007,3.0
15.716555599239587,-24.599037596672083,12.434525523427563,-1.9057735576213175,3.0
17.42199622133287,-8.807907381727816,8.013323990546912,-3.278045822614126,3.0
18.20986436759507,-2.9408048839672354,9.354981653819063,5.4123369404066155,3.0
11.403872686756534,-21.706473444921023,4.282214100420923,0.613538835051973,3.0
7.234113629677083,-20.16948159122894,11.74613126811862,1.0465324873839341,3.0
8.854466690509753,-21.439996091744455,11.25492457211157,0.07053655575008705,3.0
14.562586326299972,-12.755113980433695,11.599752192299864,6.703903513954458,3.0
14.547705390895029,-19.207777860042036,14.490265592129756,2.614862814932178,3.0
15.197412054234233,-12.588313054112366,17.01258832672019,7.2997042457867405,3.0
16.555895938656157,-29.218600644874115,18.520954651955407,4.5921263935334,3.0
20.221559823155612,-17.172286779546255,17.367568822124195,5.503448919164123,3.0
21.68911529281489,-12.601865911399573,19.1599152717528,7.887259788187708,3.0
16.911380501908855,-12.742633690592726,16.580278804226925,0.4845005488841907,3.0
9.351410195640902,-3.8052042604184493,16.225587052494667,-2.2452830819219307,3.0
9.264828652965827,-8.213412090003978,11.634526668342017,4.364208294535821,3.0
8.57578557766956,-10.428647362968617,17.70927569767052,-1.7328797418032749,3.0
5.721205823886986,-11.531818111195106,13.5806231133484,-4.488157630814592,3.0
14.624948791196555,-20.056440562811794,15.66597664035745,1.412453650947462,3.0
18.146569012617256,-15.403342378589288,11.883811500218764,-3.3151487710604837,3.0
17.597842846035338,-12.299323315784623,13.546021270962756,-3.6283481412240746,3.0
11.463327850195263,-9.914049950829776,12.409736294536756,-5.680011474943019,3.0
19.147421544777156,-12.753424213554858,5.704090559494404,4.171334072327117,3.0
10.363960009570604,-17.6325716114438,11.762235796089787,0.7619889599854659,3.0
11.575942767452435,-9.303261644104534,15.180188810707527,-7.91334065324336,3.0
8.652721246863427,-11.032730763150589,11.823447328466823,-2.329691753904873,3.0
14.796157079682214,-11.995069107550414,17.394824394427996,-7.094542325796742,3.0
22.757073005026747,-25.884797837788923,15.698249524779488,4.8251504199917905,3.0
17.440831347771105,-18.54762626535274,12.570031953059601,1.396754374515024,3.0
12.276239382204093,-8.414040173688768,16.249690823117376,-9.531517728094986,3.0
20.53579904829217,-6.285407788415674,16.41721725377407,-5.1278742014236505,3.0
8.47970834006081,-5.883601829703569,15.644543795396125,-6.075292344877152,3.0
6.929065843558128,-10.49151889249915,9.848360282520957,7.632389748014798,3.0
6.866560554491095,-20.300892192314674,11.76478557723675,7.372753668667458,3.0
9.676877574461574,-19.856442615913465,18.900251035633623,3.5935401182004,3.0
4.305021957163694,-4.881187319609568,9.955048807218859,5.815600473413374,3.0
-0.5335909489262214,-10.020293818568657,7.8827098538251565,1.400735058604725,3.0
15.626630698533326,-6.593049190971048,9.289130163665037,-6.7003858123716356,3.0
13.345469173363576,-15.071417565530112,8.400011401734172,-7.632290162226997,3.0
20.47837044080938,-2.186361213250578,16.242774207074113,-1.2129859027439325,3.0
17.317502931603915,-0.6087954547520535,12.286843933047884,-4.3785416976504115,3.0
5.134860563590326,-0.233528779974586,17.84822594599681,-1.5903194968525587,3.0
8.273112958108719,-23.742177126662245,15.46588833214571,-0.16347920770734525,3.0
23.580760827250177,-21.57517622009509,12.847965715895745,4.822055931921845,3.0
23.496542248956988,-7.77130701702403,8.706257273759768,-3.568026581282257,3.0
26.095237272174323,-17.095650578232583,7.655702802617981,4.189169025578206,3.0
26.759266046281923,-8.780750961151663,13.289604122074328,13.238218451114388,3.0
22.06004387976164,-14.952124084238097,16.445550048719618,8.164211033803237,3.0
18.14041058638061,-7.6714595741646825,14.472721298318188,-4.7568259644975015,3.0
23.145323013571936,3.300696908649627,11.093820492548783,8.515396839483618,3.0
22.165822263970732,-5.008627434433594,11.72470709379026,-1.6428762823995373,3.0
23.16288741313445,-8.258544010772209,14.313809541911766,3.803212185213039,3.0
26.703335644506527,-4.354364224872601,15.098461587690199,1.3931121154748545,3.0
29.11198739684499,-16.990638855175927,14.119223346012106,5.5562795514826675,3.0
26.725212711764158,-14.131090201611746,14.601729715939554,1.4380162392997198,3.0
21.27549877246843,-10.713590543067863,18.776556111389933,5.759766412994862,3.0
25.588791831412614,-18.115433770851947,13.96977492472692,0.713247793967386,3.0
13.074723852646283,-20.780391317177283,12.921898127595384,4.7971784821383,3.0
17.18052247670177,-23.11097335027634,7.090514125967926,-4.604030543060377,3.0
17.768540769829006,-24.765062153633345,12.976977683875232,6.411368735572232,3.0
19.987561250790026,-24.223689545848536,8.642313771118863,4.3263107894283035,3.0
13.133480042334906,-15.206120586604444,10.553584241018317,-4.214475117407218,3.0
11.027416135854555,-4.415096040681108,13.997160886567304,-4.229130212249736,3.0
15.753361191968033,-14.00334138281185,9.721888063275049,8.56731198120712,3.0
10.50564496876422,-0.2629501686336244,14.322485948346081,1.5745260553160505,3.0
9.72021837043995,-11.6813769516895,11.3897238543836,-1.97230962978217,3.0
19.156871121015094,-15.633768908620496,7.308610392164898,4.644404352925807,3.0
16.495801360903226,-16.85883886500608,5.919047585075662,-3.229864324932737,3.0
13.21447493856565,-15.60176393567782,5.869545397170223,0.7557015463104295,3.0
11.043414702405135,-15.46026837019909,7.901451983073652,6.656331798582731,3.0
17.35548400578303,-9.025398144471595,10.577305142006576,7.210135750977735,3.0
16.8532826162568,-15.512425788465555,13.122121487912302,1.576795269594299,3.0
14.153961546096532,-5.954191575096948,16.531303943485174,-2.3311080000158206,3.0
22.072736136578747,-5.995042654455057,14.722257745499052,-2.1159572828512134,3.0
24.10344960708478,-8.757890661090636,17.05139977677132,-8.948682210638754,3.0
14.444019264571992,-10.71025010898232,12.275186499137119,-3.128288394221419,3.0
14.246777694154355,7.121457564440973,13.464781515233144,1.0333277184325689,3.0
19.357503948590352,-0.1507333017908934,10.613782497396343,1.2873182449763463,3.0
22.555627248072366,-18.275323491527914,12.616335000675889,11.308579641783458,3.0
17.99092997122063,-7.646011814720973,18.462595890760305,4.6407675324145,3.0
8.357898051555335,-5.495998963631494,13.762933401134278,2.4764845908956534,3.0
20.216337339301802,-3.5094491144636404,13.046011236710301,-2.7877327233475513,3.0
23.180903503205286,-2.4317115300546526,16.574986918727202,-14.722856143714658,3.0
20.874158638776134,-3.6332182769032,14.762366919476715,1.6325441833247192,3.0
8.715619648002587,-8.908642202779959,14.502943269894935,-2.9042188751443545,3.0
17.28598290637032,-15.406066444687315,12.998918328395135,-12.719829573030905,3.0
17.492577156918657,-4.956494635896764,7.824701418924384,-8.695340176894351,3.0
17.5040198209384,-15.656633478834351,10.273788216798934,-3.150735903965858,3.0
19.65685105416369,-13.052529093924498,12.464215526891318,8.316376575222447,3.0
11.709964069363473,-15.543228195614082,17.61590947556823,1.5092983354221756,3.0
16.203690350177716,-14.37043379858995,14.370525353160597,-3.397956768293152,3.0
17.8062796745714,-12.756084523881016,11.724505808576913,-9.253756561443874,3.0
5.579613656292686,-6.707082802992952,16.595644899177,-5.438156833373882,3.0
3.725923129503215,-19.134065832644083,17.651443027419326,-0.5001491454579315,3.0
17.273207709921675,-16.37702833894963,18.44402545819858,-0.20356153968793933,3.0
17.07878660399765,5.645584979931947,13.014484693577401,-2.0560587800693804,3.0
12.475405363550259,-0.13971035777454333,6.1142405707880965,-2.2368509614704246,3.0
15.41741247693078,-7.118239781186479,12.467254507718751,-6.456611351074539,3.0
22.123959376776327,-20.534100524467135,9.284744933666845,-15.732478862464603,3.0
19.417604140257485,-17.43678662128158,13.448633115458813,-14.567053285242586,3.0
21.58545161607202,-30.321108264955654,12.801933855376975,-5.61344360350496,3.0
19.278999631547844,-13.447855564857257,13.930740346997785,-1.1385699709278847,3.0
25.023860107366186,-19.600289785362122,10.489842354926598,-2.9536348785489084,3.0
19.676719280520274,-21.28279412860029,9.962282746133043,5.436504514589631,3.0
17.391952003544397,13.739362136158313,11.300906775304224,-12.159164375769624,3.0
11.266113716458394,6.073772124412287,13.371689888325935,-6.047051545482044,3.0
18.805531724180153,-12.738987343874571,10.545306861172964,-11.297593754880062,3.0
16.04550911891902,-13.36208014772311,7.385769857319097,-6.775165036272997,3.0
15.055492555968257,-22.917820775560266,15.44342584441118,-2.423202977336903,3.0
16.97431800511764,-26.74133024781122,11.925669280072363,10.803745149583301,3.0
13.930936764441594,-13.773541432099753,14.322897701667033,-0.6848519993660327,3.0
8.49602033006129,-5.31013270361132,5.575514381986702,10.027564732896124,3.0
9.396171235809174,-7.369165599063141,5.416222135417675,5.135046363669332,3.0
13.654603264555174,-24.113431012248107,5.058871128055168,4.217687419163097,3.0
7.444052119669969,-15.621625565209705,12.099836975450565,-1.9879434300845755,3.0
7.595821008790737,-17.80043090317865,11.014641266578415,3.607055614166528,3.0
17.935913278348576,-15.507392048708336,15.974904539412835,3.80883266569443,3.0
22.53025084371557,-9.478028282670552,15.845480266342403,-7.221504424940655,3.0
24.75793521609331,-15.475589228490135,16.524453059526138,-5.225427893107435,3.0
18.401811601805264,-20.9932617019739,10.448215809908177,-7.678040668307019,3.0
18.898862530393437,-20.454594293670592,11.96868882351018,-4.308467904692204,3.0
22.801877087591045,-11.152971489573716,7.005025696046992,-10.883185451118692,3.0
18.085360376056155,-4.28350044947487,6.3969870872496895,-0.3499409675161469,3.0
21.68489343583322,-20.98952914040712,4.712188269338284,-2.672542509767128,3.0
24.157410984673646,-11.468650950677523,4.277940735925083,6.450648941856626,3.0
20.786190799513474,-10.041128636126059,9.077630934457632,-0.15164645170701752,3.0
17.892027812108736,1.9059756788543822,13.404800641618944,-1.4430508025260442,3.0
19.058493424756236,-2.671132780814216,14.213366480790912,8.494654577723932,3.0
21.219875207343613,1.244175272029656,12.62003810711414,11.703086248955241,3.0
28.084844811604782,1.8595796689700457,14.177470958668131,-3.408160110487454,3.0
20.146238432811224,-6.401671748188425,13.156312057736798,9.162568913576632,3.0
18.782313909245715,-7.045176199637346,5.844228742381171,-0.7160456429669564,3.0
16.778193734864853,-8.14093435184073,8.486064407386586,-4.583577461460459,3.0
15.516765953032449,-6.807288257061158,2.7870668126609726,-4.073664036248222,3.0
17.433746638187355,-11.97093852477988,4.5023247828840605,-7.639811521269348,3.0
21.43860486174632,-21.934840595006854,7.510854359362309,-17.468553525398338,3.0
19.130151287385537,-33.03380058860875,11.316419733555948,-9.973202872355879,3.0
15.545442294745254,-16.412940837772858,15.602615662583377,4.6886300902016975,3.0
19.718406301889996,-6.42726814200927,15.526151370886785,0.3906585056472497,3.0
19.46174105946962,-16.661245568772014,10.085015793019876,-3.612292551425045,3.0
17.620330261830354,-13.878986253045612,13.383862075032674,-10.384516906774895,3.0
11.12767773194611,-16.364628050577245,14.832796943998217,-3.68518343735483,3.0
13.961027049034342,-7.521817434260216,12.318121847105218,2.79493672541254,3.0
6.877057893693396,-20.544875920531993,14.17947395938387,-6.505084303233327,3.0
15.372619445446604,-4.095826979642148,10.424697130435312,-14.151099533076383,3.0
19.247413653425692,-18.6409604598072,16.070188009572526,-12.513411667864633,3.0
25.116802782353634,-13.487718254811336,12.574649535896226,1.9303264324297624,3.0
17.115017038824416,-14.826252869831555,15.149126421224752,-0.5042509464234066,3.0
15.803024069069778,-17.231231914510502,12.405421438216953,-8.976001312267208,3.0
10.59076937037219,-1.8385807468875432,9.754165899500974,-10.244655037648489,3.0
17.02050566262297,-5.914160618014881,7.5173013374915465,-6.064304762639358,3.0
16.437815064198993,-17.74414457474308,9.544120978242626,0.19194025763009392,3.0
10.355212069252662,-3.1959610204591886,13.23148541226016,-3.3725359757658326,3.0
9.765663082669505,-0.8903823801137349,10.207799004149361,-2.8651060331851395,3.0
12.72915897724863,-10.07217206703995,14.041888029521392,-0.5696764859941648,3.0
15.190691893799375,-6.305606349969516,16.752107885063342,-4.894052819130431,3.0
15.008367728898234,-0.8982027782606004,15.315636523527882,11.936421412130358,3.0
16.160306141963737,1.98941688305527,15.868200957007915,3.5274025012959673,3.0
24.89850955295001,-7.474208025770352,9.654036451727372,-4.398738975811973,3.0
20.15766818418391,-31.859372095101897,8.57982194381209,-4.047754886186542,3.0
19.384455601332224,-43.82374798534971,6.343524001250413,-10.639181726757577,3.0
14.750324310151873,-28.55455238059166,12.298813818905153,1.3882351747711135,3.0
21.016354375233412,-26.066014872440203,16.46789646547348,5.435280149131085,3.0
22.16571354302623,-8.110733767558038,14.896975357050405,5.158183842039779,3.0
19.160455868550358,-19.90593694256757,12.038240000881938,1.853453290981899,3.0
28.548499162380956,-15.427098276685912,12.712456793690887,-12.935055171039112,3.0
17.90746033149159,-11.880111390520433,8.48668167896649,-6.380233634342155,3.0
29.992635967699766,-28.998113647025917,6.979668719614286,5.175171771432631,3.0
15.31390012620098,-6.405340499129289,10.585837488292253,-8.7161721100149,3.0
16.037963063504357,-10.0346766713992,14.189151657251333,-2.915969420748521,3.0
15.876119566398511,-19.64709970355584,11.178866135067587,-0.11240275431456581,3.0
18.946202959126428,-25.076524744233478,8.620130128225924,5.024670592062712,3.0
19.264465764636867,-9.459086231444882,10.525755571146075,-8.684530744119867,3.0
25.076369099036942,-21.006216841388685,15.085909022849414,0.8626400535418046,3.0
23.788861810775344,-26.06492803379002,11.36833762404113,7.773261896724508,3.0
22.99528641992812,-28.906428450005237,6.234278867613097,-2.220438961792874,3.0
20.291828336839693,-21.178427150432515,11.586657128772961,3.1860474780590593,3.0
5.615571094100604,-11.69023298859602,11.01798288060535,-2.961221537349056,3.0
4.951723478698373,-5.061289752077952,4.28585489959509,-1.4361023974784866,3.0
7.856570437052458,-8.60815438110214,8.488805424705177,-2.8862250815640493,3.0
21.082133828409383,-4.031764545413889,15.534152240557917,-3.13790547598824,3.0
26.328721618246643,-9.363699983568214,10.222901880071912,-8.003411044071278,3.0
20.796538014673104,-9.558687989970547,11.390233692445827,-6.084214812181978,3.0
24.86166391822428,-15.977886923621199,12.822874757271993,-3.5644093084573507,3.0
26.228734905203392,-14.972077194050314,9.166023528382478,-5.778737767775393,3.0
23.208000351112073,-16.871446398334985,12.645709719636887,-3.9048029603371877,3.0
21.5204150457036,-17.058222156089062,13.834656325709645,-13.996066439249034,3.0
14.37191457867238,-18.318065032709622,12.997435116369768,-0.9528796392395034,3.0
13.38528183427323,-22.407565212615257,15.246887478671058,4.1207821108143,3.0
16.99395026473982,-6.386497820771204,14.019245766031183,2.895865344402659,3.0
22.374041004812533,-21.266008314219675,11.833473531530897,-0.30633571861465914,3.0
10.44665236452629,-4.3674015393711265,14.53586551604715,4.113113423805868,3.0
3.5735879804857493,-24.60796861491861,14.09172566098817,7.307910305653952,3.0
1.8963244834782564,-21.38404051902363,12.8836890899832,-1.1410227801123058,3.0
3.5711043245563765,-11.17730980825745,15.51959111291048,-4.828078393963511,3.0
11.553756522866369,-9.671499445668193,15.472013077841346,5.091046002060623,3.0
18.413735128894963,-30.79198314806631,10.522596531045371,9.709793713007866,3.0
10.352122217896,-19.6821806023493,13.211267743630252,-5.539347394595828,3.0
13.059025243044417,0.2949984222822124,15.340267146357096,3.762343848645215,3.0
-3.021634419720424,-3.7125461034433354,14.652633122957665,-7.32615913399101,3.0
-13.444335190727996,-2.215860416802279,9.963374860795017,-7.60527940166277,3.0
-4.7940706646127875,-9.140366573227421,9.05259461508851,-11.141851616047404,3.0
-2.420826674400015,-1.0291996737211964,12.769484859055046,-14.188211906745448,3.0
-5.039779754286631,-7.57533853943862,19.6978124149241,-3.0564705064034476,3.0
-8.785155737967507,-10.17960630638698,13.221274022827975,2.8879655373464583,3.0
-7.0734696782114455,-15.589011038181326,17.310043595481062,3.4869198202603506,3.0
-13.000881182438967,-17.457526785129758,19.16562224563586,8.655264710754036,3.0
-7.3608568487940005,-8.193514238815897,15.4773043484036,4.6131359572915835,3.0
-22.923695969941264,-20.617035917373634,14.452822040731974,13.968871555980035,3.0
-13.787890994954552,-14.633074406612332,19.231697451037924,10.592474658021512,3.0
-8.59032628165902,-15.80374651336988,13.816259541367216,19.034937003851333,3.0
0.007148740886523619,-28.59927272513822,15.88567015820964,20.978048860854752,3.0
-11.906365223194399,-15.034900690514613,14.697289753421867,18.811565355118866,3.0
3.49519220488646,-0.9541671344864344,8.996051846689571,12.214515629058734,3.0
3.327017558908344,-9.74078260278415,7.891809720539606,17.99762123388008,3.0
1.7989862758779003,-9.695866075591336,9.498164402552561,8.137714694285554,3.0
3.418013754900771,-7.117717363438002,14.94396469793825,18.30445850167953,3.0
3.1196710509106778,-15.835624204076305,15.616264202583556,13.225181375908392,3.0
-0.7415928556952092,-29.458006052642347,10.551959998685444,4.940584065221606,3.0
4.512281366215646,-29.899238088675567,11.692316399419337,7.8518704729356035,3.0
6.2078955849388855,-27.520128859872564,15.15752077190872,8.373184501275949,3.0
1.9015933171474446,-13.1138260850976,16.573574006457125,10.094045285609614,3.0
-0.9728412493984872,-30.226505453947297,12.33523653920227,16.64249087322419,3.0
-3.000582946590991,-20.322516542304108,9.409127752758465,21.098372182130746,3.0
-1.6458308103315495,-21.207485324272653,11.683553671444947,26.41576530837589,3.0
0.45962368163688483,-7.652762204999041,10.123788807826157,8.612212432773905,3.0
1.4411080078725647,-13.135943261659314,12.535240613167934,10.89736879730459,3.0
9.252421913981241,-14.329511928780892,15.04031944067726,21.80277602727166,3.0
2.448579806351588,-20.163542036764156,14.222745490804567,15.354437552545303,3.0
4.394829063304181,-21.124598824097866,8.179543938960423,12.40422060314556,3.0
0.41308562594766807,-4.264995372852015,14.452174740195249,6.161998319263642,3.0
-2.1131843852428025,-31.107388976211453,17.251148642296368,14.07500823910352,3.0
3.335811768745619,-13.740848447493297,17.326106568840032,18.555529561360125,3.0
4.1458510443023595,-29.402772011437644,21.78661525286747,16.467711379906106,3.0
0.4141375047569249,-16.108515034162124,19.539527286198528,17.585340179468798,3.0
8.19297470947454,-27.07807287300198,17.002673367430795,18.674274115627544,3.0
6.602438539727201,-0.34521684516094986,17.549042631182537,11.53539475282333,3.0
6.939331134851584,-0.5982197098663455,8.454535567725214,10.075876688659775,3.0
0.48273234640495843,-6.267028535784373,13.635425289634599,9.286769625952301,3.0
5.356416247593219,-4.528207818886187,13.065039502473239,11.73654896309434,3.0
8.311378345639453,-0.23139340970662658,12.871803262537917,17.36321144952418,3.0
9.909240068979464,7.464245385841835,10.95661302613273,15.739274599966743,3.0
6.493545655668818,-12.787966794372187,15.259157781119299,3.9931036762111827,3.0
3.4371139869205463,-16.614644888307545,13.493616849579205,7.901918555462922,3.0
10.868228825303053,-0.08471868373215674,11.808936692390052,8.811337475004873,3.0
13.769805086621517,-5.300278708780079,11.511966273810426,8.544103439575103,3.0
8.61734032391775,0.1720259894056575,12.57600247978931,26.600625299965657,3.0
11.306548165162319,2.2041411986153836,16.887904713237262,22.159469818541762,3.0
10.393280684154742,0.7530402129484024,16.939301910255725,22.525178990875812,3.0
16.088133209598027,7.048694327835637,16.262312621768796,26.140779855233262,3.0
13.762341686194894,3.5867002835654684,20.8182832306996,10.498576977002049,3.0
13.932254156631723,-4.840441359853312,23.640394577090134,22.147642860714367,3.0
9.24424990489824,4.560353129235658,20.04521214233823,13.784720690486932,3.0
4.082525987466436,-12.078664863652016,13.645442284297895,14.210822445875785,3.0
-4.125284193314131,-11.112946030033514,17.39404333101976,14.806635329076686,3.0
4.884552565127135,-1.3675724723078115,18.45932917848534,9.81701828278527,3.0
6.5655103970418,-12.493305183615455,15.334952845405134,10.906253839539461,3.0
5.746636086172712,-21.683901845287235,7.499595937079002,11.586894394182721,3.0
7.110714254028052,-27.31439686024347,6.876235893472595,15.957648643522035,3.0
9.42716881053181,-26.94692200254206,11.910392755627791,13.257512380466789,3.0
10.775087412422337,-13.0817378560477,13.340017539050358,19.53959216404038,3.0
15.732085012639267,-7.818786922406394,12.3323112414841,16.233061724036368,3.0
9.706222528059339,-9.452827658796085,16.08318309887594,19.75779647754813,3.0
5.229973297824907,-14.494668205692212,15.238488228792537,20.516616676886343,3.0
7.472796313303217,-27.008203328333508,12.80383620505073,13.914546654700512,3.0
4.046751299354328,-34.24099836863444,14.882124504908363,9.215698284802583,3.0
13.474309312643744,-31.463188907316983,19.30192249275537,1.5763333980850565,3.0
8.53510170249248,-23.71518837213545,12.761491902893242,15.456945704950815,3.0
6.062422674099963,-21.60575927640903,15.406048397571157,9.539197175610857,3.0
-2.474992099550047,-16.258507418272394,13.141394266864113,23.740270791404114,3.0
0.9030240533255238,-21.83745612815155,13.724613191973356,27.350848942663966,3.0
-3.4848163922499866,-19.573973051374466,10.649295344230932,27.596811199139836,3.0
-1.2622332682943833,-0.4491828071118711,12.66274531238917,8.028296197562248,3.0
-1.974948354555097,-0.7281736590629659,11.52463432722242,11.591244573279658,3.0
-11.28333808397805,-20.89126469059445,7.477644023335469,18.031839666481854,3.0
-0.3226621253651438,-15.396749476461938,13.251620888772136,25.546242336358894,3.0
2.7033590849936795,-14.75645983867768,16.922925347992134,23.184653872290678,3.0
-1.1786469906287085,-17.49878744401004,14.265055976325657,16.39416712249311,3.0
2.734935162349166,-19.91324122925624,20.18384255029878,26.804117326701814,3.0
-4.664064200168671,-13.952842494189774,16.173428965553924,23.012582340577204,3.0
2.0862623500522735,-16.173125996175752,14.92752823887088,21.01470859765311,3.0
1.0521372011910153,2.4869900274158034,16.6531655733385,24.400322940021645,3.0
4.444658380117766,-8.988105716858875,9.749895172013511,23.0730520534746,3.0
7.338389422352355,-13.347172531250557,9.19416287833399,25.939030954684615,3.0
9.19492664561178,-6.223452489418907,12.648402688478077,31.268643672847006,3.0
16.69767683605344,-15.772164076546675,6.121498874884963,22.897498599277036,3.0
17.909551517372893,-6.0852910271576,3.455085937198925,11.037425701934254,3.0
18.538033529389907,-12.107544078696204,6.997548772354045,2.244569350853606,3.0
18.524812377680178,-19.508873339218443,7.689148772019877,17.565733527399022,3.0
3.4642507837940277,-21.379387817782863,9.711268596173353,18.66883242781943,3.0
5.1139006077374844,-22.596284422493184,13.658854667212488,21.33431059595538,3.0
7.231394456735937,-18.894005274960712,11.97258128972704,18.712185066093895,3.0
8.989463716947238,-18.37291816947571,13.921600120049936,12.424491033947163,3.0
15.154217022036182,-12.315434164306463,11.817686953782646,15.793589455212874,3.0
4.130836160819512,-10.71040865047921,11.958721775894467,17.105961312612912,3.0
8.83400020091944,-7.84221406547916,13.766896396658574,13.36804236948067,3.0
5.110949510976295,-6.0025761235885255,12.826375898212625,8.319368554381402,3.0
0.3270327773706905,-20.22536158239545,6.4197711063359,18.98374486144269,3.0
9.531124028342141,-18.143864782711873,10.395892469809686,18.9136976605387,3.0
5.575616376803151,-16.470512487749552,10.24829252212789,9.813858672700116,3.0
13.996204886219573,-17.0579715558056,6.301299668386344,18.952278400470068,3.0
2.0551387131176315,-18.102781802856267,11.482891419770214,18.593773715792658,3.0
-2.484502886794765,6.35913386485484,13.86487640169754,8.550394018841304,3.0
-9.82425936989656,9.613802173522172,13.076540859171143,11.916295397410671,3.0
3.9606377902354595,10.105500369722066,18.603100840684416,8.516613554669295,3.0
0.3969123787618132,-9.998381473825175,15.277144117998631,16.67179882715414,3.0
3.5599771722436127,0.46830663273767215,18.89880775077981,10.772087442862823,3.0
16.317638102613664,-17.202164034516578,18.251054351135156,9.248237719487896,3.0
5.228233436334719,-13.861971548444505,14.360184923046786,8.656728240441725,3.0
13.49224337415027,-17.068551088274965,11.48767226794417,13.931888407941493,3.0
6.753551577048595,-9.106161912198228,9.819810740689674,12.262335464793415,3.0
7.752520156137598,-4.063372190449238,13.024633939161712,11.373385155829236,3.0
9.09295348953502,3.742480694191193,11.129791820835544,12.16598869464542,3.0
6.555090043180835,-15.747492224997186,10.6890185854432,14.671332008608404,3.0
-4.171973179796884,-5.691106054255425,11.931462298632463,12.646049311870852,3.0
-1.853005696559884,-17.173449646286073,17.04171223473733,15.579649500342867,3.0
9.161605024785397,-32.09248651974413,16.17262319404288,24.001856536908356,3.0
5.542717953054601,-25.49888863935363,18.368132046403108,17.030305991994155,3.0
1.721885739741487,-29.93560283539986,21.490737743630703,19.541312693058885,3.0
-1.4803415658352859,-28.945893156775565,17.408501501792472,20.52530267388758,3.0
0.6593629417436357,-21.392111170782368,13.971217472108235,26.978343090737784,3.0
8.698769974752832,-16.399390502431864,9.465739060737702,24.18769513192136,3.0
-6.181340104975032,-14.499792073624313,14.154069072720281,8.006664999511132,3.0
1.5317715076194185,-14.985779385171465,11.745454969537594,22.296364446538124,3.0
-4.823586655520831,-19.164346155953787,12.618508406615428,16.664848553618086,3.0
-2.7270618466782235,-20.767043478375157,8.918974390431234,14.093806949931711,3.0
-4.934533944397122,-13.10160939051617,10.191147449140884,10.9894788490431,3.0
5.899536864718318,-16.75456083573898,13.95135031691005,13.896264608443097,3.0
-2.796780898975573,-17.323347348419468,16.986243928108657,17.358442387042775,3.0
15.656136704378854,-24.16658496196387,18.50381006743372,13.44526797921607,3.0
6.947707258087645,-7.68263363601884,12.737174429106574,16.65216536794509,3.0
9.743758764526298,-7.021983969369909,14.518207977585968,7.770281985790825,3.0
0.15282437100141255,-10.060814839220752,10.650042055069594,16.15085138622626,3.0
-0.22406501380073518,-14.55873234670976,9.54233810522571,20.279268769453868,3.0
2.131214692156415,2.2795171646939565,10.064736791990413,17.848291398999258,3.0
6.663841354742548,-6.99107177040044,12.956323783275868,18.277350379561945,3.0
0.169859875073894,-32.482417593575235,9.603863811625411,11.685225474070453,3.0
7.908360774359165,-25.46046404665995,9.275017322192424,23.70287846847284,3.0
3.892344130265128,-22.57463784985935,11.113920674638162,23.992023913009874,3.0
5.71459609905499,-13.201416074920521,17.048363099333926,11.503141853024896,3.0
1.1251789432290664,-6.262147961837936,12.173599321150547,18.965513551668973,3.0
1.9271530095921072,-23.366275773614262,12.600130464012379,26.149970721970632,3.0
7.8223762217302335,-5.589476966194134,14.23045306125201,27.839605760424874,3.0
5.145484874735199,-13.520252411581481,11.612335051269257,26.51184895905486,3.0
-4.630804218484327,-16.554054022595533,7.523829474312733,22.106361366028377,3.0
6.535021573584472,-23.824531223968457,7.8253638296374355,16.30725723979093,3.0
-4.446508082823653,-15.364908134450845,13.163389518734112,21.613557813331944,3.0
4.230529848651933,-25.727876818678684,11.809880021712669,9.287988337982446,3.0
5.362778873531096,-28.59998321077994,9.568893174510134,7.980264328065515,3.0
7.906614561489782,-35.64918417454501,8.942741686000264,16.759235463121787,3.0
12.640728867465182,-21.437542935416403,6.192132715682961,10.283089565385332,3.0
19.813943816893634,-6.6619707392159695,6.712304408363616,14.93573086543493,3.0
8.735351599216743,-15.230215746076954,4.998962793300302,21.542644468515192,3.0
7.01460830024087,-15.740506741899303,13.287519840539455,11.195060637159248,3.0
-6.560558017051516,-0.9553268892126354,14.796663444414541,18.988302415468844,3.0
3.3425793937603125,-6.802329042022823,21.72565034180247,14.63379742351188,3.0
-3.877498520952436,6.4355718974272555,14.23596710605017,13.1594765846444,3.0
5.3341566343686555,-8.220891296825915,10.071664265207682,10.819350015348457,3.0
1.315816956639459,-15.312481847195127,15.732168862127184,16.385068433036647,3.0
2.675613397416237,-1.3865779274833638,12.72587428492583,14.85395433069541,3.0
-3.664106896817326,-5.948037611014103,12.592663606916252,8.89609726014804,3.0
-3.2738829313612294,-12.230295387336746,16.250053365896648,15.791173702581421,3.0
-1.6350992090792547,-26.773830912270462,21.993760805359017,8.41051726975095,3.0
1.5217059842096354,-11.704694878586768,13.307651428706711,9.56796604953433,3.0
11.531421688851921,6.380021486698556,13.525952205555287,14.909109773413244,3.0
-0.4149483660568718,-4.138492235106362,13.903555683334979,7.586450152706702,3.0
-2.197575677738772,-0.0605726282893464,13.493655468879007,9.503751931456456,3.0
3.9429113844934527,-10.39070183136414,20.360636376873302,12.71363820293834,3.0
0.03789273158499218,-8.759632520846317,20.065648226476334,17.620418270275465,3.0
-0.9956858460753248,-3.598417598927396,18.299074069368512,22.378831711141807,3.0
0.5454441641703616,-22.936924349589525,13.5756904909405,22.041204379443403,3.0
2.6591351760874162,-26.585523810461705,15.89207671736277,9.825244255366107,3.0
2.3644606468533116,-26.10677164267382,14.177567089063519,7.413458302558147,3.0
6.383811793615466,-9.92437231456626,14.83722255396394,1.012343887360431,3.0
4.73063722937123,-8.05981443922468,16.609053487513357,15.37453628389669,3.0
-0.553129157508149,2.2510835939323037,14.207858447456077,17.72579123006178,3.0
-5.390473185502898,-5.722487356778399,18.15101732279227,19.534677927723617,3.0
-8.91580301515378,-12.507292662664227,16.304586844314827,22.734188724514304,3.0
2.495363321275142,-2.1847349778253964,10.533793192891771,21.114785098924308,3.0
5.49400778790903,-4.208831200706092,11.599410010029077,14.776517919434735,3.0
3.4701506382476657,-10.832819639907767,13.133303371142453,19.248586810030513,3.0
10.289346480314892,-25.603741924646638,14.421844025541048,14.920261814520178,3.0
5.1536095227625935,-19.626077007462825,11.112259005393485,20.332148873728222,3.0
7.867994321340006,-11.72787931656246,8.540305773756726,17.611670992526353,3.0
8.331940800647082,-15.72832122073524,11.507825628022903,9.831137285366506,3.0
7.853234769846735,-12.091122306750165,10.50150765420506,-0.7657485664685417,3.0
6.759230289066204,-29.72694528846779,10.717553662519537,12.422543857483076,3.0
7.645289020067515,-34.11612246234611,18.596303176223543,7.201516365959174,3.0
0.7866451922474389,-13.142949063561513,14.922929289069888,26.646993314537088,3.0
10.64121545911744,-18.038779197961908,9.079078775470673,19.484125811746267,3.0
13.86402814510119,-3.607982609868074,8.890597534028018,14.665504252933875,3.0
27.007826765027467,-7.956642090606865,5.719673624173796,22.45392028715034,3.0
15.719231985475362,-7.956013559011216,9.643957358437095,17.463784036353005,3.0
18.251725904012144,-1.416985563652844,11.376129833565388,7.382284560498052,3.0
16.45347800359385,-11.606092262719976,12.55351873039088,19.594979660496936,3.0
6.722204024486318,-0.42833938855624254,15.12996430930776,12.738505905878661,3.0
11.129016803653837,2.3363764196434147,14.401472315109704,7.70525096134301,3.0
13.522349948535869,-9.659445491165785,13.285113741109601,18.744615560869384,3.0
2.284375724004046,-11.374268128693004,13.44143204166153,17.81840191063354,3.0
-4.956647159156909,-5.300865571917255,11.988545099988555,15.616797348383528,3.0
8.453725341513444,-11.716983163348484,6.925551888470573,10.77582444971189,3.0
4.429220748252601,-19.700116057088085,10.986717987729467,12.080417344468078,3.0
-4.5721277204092665,-18.208042672338802,11.258447578183166,11.09818001460479,3.0
7.715880766641023,-15.412620975227032,15.020498282087255,15.571559275467312,3.0
9.070554284276739,-26.625796715392806,12.753655034603671,13.670750707963713,3.0
2.6994178014325456,-9.845910871808815,15.949200062305824,29.88995399079362,3.0
4.982502926689652,-18.785851194244966,14.818983787651215,18.003727961755455,3.0
-3.6972579328761404,-7.65115557884824,12.084068999055273,24.276236493180317,3.0
-5.442873632276779,-3.9701133359973753,19.755659212967608,31.295602267407656,3.0
-3.8195538943234517,-2.1007158733644644,14.475028819813224,20.849603315942737,3.0
-3.9485336300611014,-23.34482042175915,10.420230910646312,13.834998302213183,3.0
-7.147246310430351,1.9792565883594335,10.185836055532729,20.04983092851035,3.0
-3.0587436646214474,-17.956772506482057,14.529387306343967,15.530515157689393,3.0
-6.710945741947494,-14.210629571742032,14.88067653622619,14.128437379845511,3.0
-0.5074407441606108,-8.264861931572502,16.704686880744177,9.207679011822023,3.0
-2.4056505231308627,-5.313486364908402,17.359586124495348,6.652002229062736,3.0
0.7744075390269751,-13.233480338957067,15.183241374193765,1.8859423421100132,3.0
-9.893570610944357,-3.268902153126386,14.927734588554475,11.695174199767285,3.0
-9.355749182120595,-2.3138261094020187,11.348062598186655,18.697482185048397,3.0
8.274015683314591,-4.162921457205256,9.620611434321575,17.009195302009957,3.0
10.881705733057986,-4.273517174231728,14.223410348610376,11.82224332497191,3.0
10.872014917231411,-1.969299650289468,14.118384910242254,16.227372945564756,3.0
-1.1637634302522697,-8.554065007100817,12.704660051365913,23.34689177061218,3.0
-7.9735219014274215,-5.6988299373397115,20.328986584528636,13.57277346521516,3.0
-9.478191316437526,-12.696561648779252,15.476124142234351,7.355069504620831,3.0
-1.2798672450497328,-8.270050010437927,16.46828697731824,14.857403335442523,3.0
-1.2964628120489214,-25.843742475249204,14.212868150111573,15.062286428072483,3.0
-0.12881630519391996,-14.533904551885408,13.750396697665815,15.613052135161055,3.0
-11.44189858584074,-4.271298273551577,9.337303882727515,17.11789074251465,3.0
-17.059685488839335,-11.522328889580681,10.860708930173866,9.290380785610608,3.0
1.021011094596461,-3.5028377909446053,14.45353758331904,11.618805065794827,3.0
7.227480027724626,-21.545457253596766,13.428969722156442,12.050532193807229,3.0
3.888715977417559,-15.188863451280426,16.697985868673268,24.551743975971966,3.0
3.160221835420683,-17.223136044282555,7.891630707247575,16.77674468202182,3.0
-2.715753221307421,-14.80447326351594,5.518484729830314,22.25282306180229,3.0
2.2044205622145214,-21.329544498038167,7.230209453447851,19.49264038965724,3.0
10.625996367570234,-24.23156846546751,2.9887174269071437,9.85243075023239,3.0
8.429460548820064,-15.672560434071123,5.0357841902180835,8.959124298613512,3.0
3.2445995459372723,-15.117888610693353,14.947663915275745,13.948308531517991,3.0
20.04113633815247,-15.392248615344744,5.94284994995642,14.564319444380825,3.0
23.829065180748835,-13.638141451429183,9.918671282983748,5.9797348464856706,3.0
21.136295632987142,-4.5983356615172095,10.390834156358375,-1.41961005306732,3.0
24.614552226459402,-5.379685396339073,11.061587871152037,4.034600813080832,3.0
15.28606296924934,-0.5723298101241101,12.454428263690627,3.9042849594057856,3.0
10.386514011600553,-3.29465996876558,14.849240531844407,9.979741724071133,3.0
9.692604046917161,-6.378939718565389,17.617751826757782,9.54202445961509,3.0
1.9438602378560597,-4.420428203440185,15.413130958512474,15.672681086008197,3.0
-9.830199234092664,-2.080806362948394,14.47000566635326,20.491261078417317,3.0
2.520765048772433,-10.933530888596675,12.408902088923615,17.89446905276719,3.0
7.663458541478198,-28.625417826516447,16.174872087508184,17.60811359865674,3.0
8.693733344758279,-28.716375837260422,18.325062079884287,15.239141075428845,3.0
15.315949385459444,-21.541631969146398,17.56807788868545,8.379679063799596,3.0
12.909352978537058,-20.331069151050176,12.673925296113817,5.981177650481371,3.0
8.016291454485877,-14.021511783819314,13.483688784974941,8.810937307821552,3.0
5.545644600136301,-8.47608133857139,18.189300063594807,6.073030847264093,3.0
3.5013955443736666,-18.908307607463705,12.085103140012881,13.640719086860326,3.0
-6.836373289256549,-12.639867127227014,6.295421379790696,18.20463984356185,3.0
6.833289748411129,-14.725926733527967,9.068263277147741,14.487021739077328,3.0
-1.8528037293786408,-20.12038546602838,11.506949874239918,15.473485279980206,3.0
-1.853656209181189,-17.22109717254558,13.303730928937036,17.423430915972794,3.0
-6.082254702456124,-22.005977426893992,7.943874066413093,19.790631746184552,3.0
-4.9642383540616635,-12.845339974224244,12.690243732065996,-4.194242153838566,3.0
-3.018780559470465,-14.815908334637488,17.170990648100876,-8.76097282553676,3.0
4.909278276473975,-19.555553178071122,10.993576621072945,5.342286614472626,3.0
0.7005919821581825,-22.390912389653053,14.840467675492166,-2.906096500271005,3.0
2.5209966773588457,-10.419460942277407,19.61066209980808,-9.655927143050757,3.0
2.5506267823021256,-6.191322333543925,14.814330793231985,-4.747519002741022,3.0
0.26825865432699736,-6.962843699276961,13.129008581493725,4.508084629037371,3.0
10.682087108766172,-7.7624734122255745,14.825869899765003,22.490564337659734,3.0
0.3928219207537218,-11.273944031852277,15.688359429939327,18.62259392966064,3.0
19.408640913314898,-16.42780871925658,11.089616356527113,13.092435917787618,3.0
19.97399875149028,-17.188923315433627,12.769573956926907,10.227880708946035,3.0
8.495049261501094,-14.005640362305915,12.239591101079908,16.620165063699833,3.0
2.611896430513987,-10.005665467972667,14.226865229532702,6.376526276403533,3.0
6.552866925421624,-8.938440945846068,9.600201362730944,16.471946425937446,3.0
-3.1833492324675863,-8.330528147536876,10.9606653651417,23.003775693832225,3.0
3.5669122523140615,-3.307463038827401,17.3970575765681,20.335603169649456,3.0
11.47784247981744,-2.967912127527553,12.068659017512186,29.1599639182553,3.0
2.214053638219342,-13.552685572312381,9.892900162953634,30.142726592347564,3.0
16.416741394305227,-10.563498496680738,18.07208319180094,18.536117662046,3.0
13.761046636956875,-22.635611140035536,13.172081149475439,16.421927154772966,3.0
10.89813515535045,-19.12726850542998,18.44448930946661,16.59087282007263,3.0
14.885389957446247,-18.27928941687783,14.022395711855445,10.819300069624964,3.0
23.972645543974842,-26.137939319049995,12.150031441579184,11.278825210581493,3.0
14.75333567227188,-13.723768008827737,15.466800265501064,15.838616243230266,3.0
11.335501968253663,-22.51126668991784,13.634798076587604,15.255768186869496,3.0
12.520000136854655,-19.93790651812681,9.002286983837198,10.220273458917381,3.0
18.9489838043528,-13.058359874126843,11.872009161772114,15.52489830710952,3.0
21.811680961111293,-8.33354725573083,7.653360101543745,15.916851783163366,3.0
7.36917743250437,-18.947462848173743,8.839248382470755,-3.0798696462356236,3.0
14.744734794126064,-15.293869063426804,7.687805830115941,21.161355371578345,3.0
9.726290295196014,-12.1498709548982,8.628973452703061,17.991573597947028,3.0
5.1083152129648735,-3.694780073041988,9.45697505319593,16.55955954302588,3.0
7.601216325708149,-4.182059103533272,9.146320439804562,4.831636233653537,3.0
13.231148777938367,-14.77642132359853,4.33569227120287,-1.884423959844785,3.0
7.793738486545075,-11.362084983019356,13.421160087158885,3.850752534323714,3.0
16.224128188931743,-24.366797614496512,7.103743154295363,0.3457246445210522,3.0
15.98036495316752,-23.86386501085019,10.8724266496485,3.30081555792464,3.0
20.450201216848903,-26.03014309585747,12.680976988718008,5.2637944647897825,3.0
19.29597689884641,-10.8370063379817,13.62236757724711,25.162714246187942,3.0
5.652490072470421,-14.857798287085553,11.552148296748687,25.02715968571349,3.0
17.137968444946004,-6.666520732216749,10.702641721594565,28.942039660380594,3.0
20.25255759883808,-12.19390836051029,15.839164787790214,34.194860165146906,3.0
11.934340728608184,-7.495974836217784,14.625779205273535,18.774947639871982,3.0
15.204682814405615,-13.750001481181144,11.945418823930252,32.031919811144625,3.0
17.9507589198697,-5.868429423680766,7.77905325337408,22.736980886988547,3.0
12.818754181689815,-12.001077643207406,8.630576405790844,18.69657203153578,3.0
16.182440738281212,-3.036687057667253,10.936699305324064,12.174073981796912,3.0
20.067201665864935,-20.764508567031577,12.809283799166149,11.127247768375366,3.0
16.26739577217347,-28.663030366706824,12.546822868293543,9.9480288345031,3.0
25.907450176508906,-22.88932977835644,13.140400179229585,16.33323917242939,3.0
22.424875730602864,-21.850907703527376,16.10859145589286,11.827727928689562,3.0
20.068541646659195,-14.083329031833696,12.890296720482851,20.685865534862117,3.0
14.331973710321616,-7.713199419528789,13.386918088871457,19.409657654444683,3.0
19.104920750846752,-10.559133549327411,8.336674754183498,12.394663744773439,3.0
14.228183564965805,-4.85173189569986,14.038813676104335,18.106197392901272,3.0
13.882640916576857,-8.27001413035302,14.88432056915668,14.346482552512498,3.0
6.567099396380295,-0.4956419429183683,13.257946496772622,11.102060934550375,3.0
5.55276847343552,-14.209178877587092,13.510962418842846,10.067899094679618,3.0
16.229922702270898,-13.032252464120397,9.910034616095638,7.112977273262876,3.0
12.973426386939241,-14.489866329221734,6.930955812218098,9.679608808755168,3.0
25.105893874004764,-0.6944964361083485,12.41474887373305,10.331506173643819,3.0
16.965146934186713,-15.028720221092037,11.434255486082666,11.907534847473524,3.0
2.684686782969714,4.093476792043781,14.172945662753866,10.108921057620606,3.0
4.82207301483416,-11.949308473152561,13.095073172556836,-0.1597915858819121,3.0
11.529687679669927,-23.99089288760893,15.221649160010033,5.972627268740977,3.0
16.182244426411565,-5.995971538095743,12.671771043232809,12.454677449634822,3.0
15.409606726841352,-9.671708402261665,8.187544339590392,12.534797317105658,3.0
17.950740195518296,-16.055153160663643,9.505876706006262,20.384939899872386,3.0
17.165165699238443,-2.5294739250810787,16.183178222465262,10.206879554473922,3.0
21.15500385064685,-11.350128688733417,12.596970825904844,14.621828101646479,3.0
20.410045649993396,-18.56811745341831,15.852566842825931,16.633874808091882,3.0
16.713457548372865,-9.010244528786433,10.034241270112975,9.763965628482744,3.0
13.908054836283469,-19.6018425438366,5.558748037005156,7.0969578075384225,3.0
6.883739145836618,-17.352190097534404,13.594685600619227,16.097964909331676,3.0
18.621719085740363,-11.525791357814157,10.69763054017257,23.71770438350844,3.0
21.923474617923176,-24.71314629492486,14.638351139931904,18.560462252903857,3.0
15.348912507515333,-28.75850570253822,12.14208857775798,12.548967738377293,3.0
14.943896043785193,-20.94879549807795,9.97837446442308,10.118281341687176,3.0
13.44561967020315,-6.884465455831276,8.612750903607333,11.233623150751647,3.0
17.62644394832229,4.411596740858842,8.897605363095316,18.054340369380938,3.0
13.596889667401571,-5.867783310135821,4.9699934560508225,22.74831146890492,3.0
13.435192159562536,-2.6983782106004,8.728170291752107,31.824072640043877,3.0
12.101064295224004,-17.399068457272172,10.143158352943725,23.13215321044767,3.0
14.758968845264121,2.1964996150325593,12.856211195443992,17.873518088668174,3.0
7.031099075424871,-3.7007447809658416,15.477482936734262,10.024298409437348,3.0
7.545106846401808,-5.815793038182096,18.612467669839084,-0.44473824311756793,3.0
6.980046789008611,-10.40851425125706,16.824871033708956,0.26874022459691105,3.0
13.523946226936719,-7.995720245806645,16.937327867810502,17.595069587432498,3.0
14.979379742038615,-22.425770444815193,13.864430206843377,18.512937811929174,3.0
16.423820548153103,-16.08349394887005,11.974283795003346,17.844478378001785,3.0
6.200314265548478,-13.067015252203046,12.675459269274779,15.884327054982068,3.0
6.094062275698198,-8.185747095208963,14.501195545262512,20.27926868568509,3.0
14.795057641299621,-3.715474495165406,13.84730148573683,23.535362325928062,3.0
7.950782777250461,-13.366533777314128,17.971766274039215,11.957716162734522,3.0
5.844418598808279,-14.273008427093018,18.95861417552031,10.80547643964446,3.0
6.0509360682958935,-8.241086916784111,15.198441267981107,23.056583670563754,3.0
8.919552012354432,-21.539660264931765,19.17005423608746,18.308688276690827,3.0
2.1465955501566736,-22.023543467371994,12.643404729471808,14.083884696789731,3.0
9.452474002523378,-24.02002097629886,14.27747288742812,14.666831428511532,3.0
4.550527289474448,-34.88086588317809,14.234179018498414,8.620766206349462,3.0
3.656778901230167,-26.798958407839084,12.425475934847093,16.611315210413665,3.0
1.822713414665758,-17.703360866679972,15.752277644442486,23.153572392852293,3.0
9.841563541755566,-16.63484012068847,16.488165405015483,19.84063870354249,3.0
12.988731807276366,-6.547649920162376,20.514236283215176,19.961569528084873,3.0
8.81319208488265,4.069857265210409,19.324075439781012,20.616674123202234,3.0
17.725909585525645,-0.3656259558677295,12.872698504664545,28.778707545081232,3.0
13.712920728812165,-15.034294704181221,16.91680913376891,17.68976937740439,3.0
13.894190357936147,-27.401202456435964,14.62264922784802,18.02510474362245,3.0
13.391774665822474,-29.284503011724023,13.041895113425195,18.855317063601028,3.0
10.779760590998906,-19.31387111543801,10.438727795612118,15.885461077936457,3.0
8.081049268528274,-15.770513919298601,12.083436389431117,25.423512586252286,3.0
6.845760281562205,-13.29873472420973,12.345755679058774,15.766903254739734,3.0
9.338077671254236,-14.253022178656057,17.643359009025062,20.974680032633735,3.0
8.481258796755556,-12.563798371775414,13.131464406000003,39.20319958320533,3.0
1.9722487685959482,-18.810112771047866,10.058287855828272,35.43091732124418,3.0
1.8921553257447368,-19.550293213452864,9.015242642735227,29.416806340017274,3.0
2.4913231836306586,-21.928201729632715,17.796832627344905,16.860547875572358,3.0
0.9023795094490232,-29.50301098407214,13.27771693247095,13.869892998965078,3.0
7.711137476537649,-29.45332418561361,13.168578863889476,17.266543804549066,3.0
3.9400500453235026,-15.054008288663534,10.025389212415105,15.767600580906846,3.0
5.665090224614081,-18.802640800394293,6.4412916408605305,13.262294270965906,3.0
13.117214876146255,-25.115434618811488,6.123483650443154,32.75426808775071,3.0
10.362172047708718,-29.509734442450604,12.13128468217688,14.558327953403069,3.0
6.029922831314701,-17.301189333539522,7.952587634587863,17.702626762493686,3.0
-1.4477345791001675,-20.333772025748992,7.878830832982166,20.624483515898138,3.0
4.5474944444263965,-10.413439652070949,14.777602197044047,30.88900842922905,3.0
7.105664363452135,-12.246048435630343,14.883365392573827,25.338965319035392,3.0
17.64836123500247,-8.307508461368764,7.638636354336869,31.526676385732493,3.0
12.054486465251422,-21.79539153763144,9.398379189155314,22.21683198433353,3.0
12.969616092783163,-14.360592721117722,11.683527443465833,29.11806441482949,3.0
9.828517806317947,-6.568219583108461,13.755212958348864,33.059348607609394,3.0
12.81644119218612,-12.393723339797308,11.044367646047094,24.16593707234646,3.0
2.270031332977574,-11.961430727048878,14.390414974535611,23.446358680375234,3.0
8.849360076179453,-19.039672127397736,18.948912327177357,20.20682332626892,3.0
7.031083776017086,-28.772852881953316,11.089965946231555,20.645031903530704,3.0
16.24304318649108,-18.23326263413618,14.694936126839131,17.502810986302194,3.0
16.874368910492848,-14.773147184934365,13.15601204721549,24.214310861602236,3.0
12.856028042412454,-12.11240570250179,14.779320192540721,14.169385409308951,3.0
8.737362291207365,-17.35117685699188,12.22972514961473,14.694052811321203,3.0
17.841803563890636,-22.835439209117347,11.869987562207948,5.6079977935763825,3.0
18.607086911194727,-37.98732758539049,8.054902422864945,11.788121925679274,3.0
15.549206174425851,-6.74755843369028,15.627386844113168,16.455783245415674,3.0
7.046311016807613,-2.7449643039850464,14.58851335262201,22.88690261165268,3.0
5.887343741442053,0.8329459097326364,9.5042575707701,11.94321493401678,3.0
10.43461102528054,-12.681965323941405,11.646027846776,4.9725905332656755,3.0
4.346771232872667,-11.5964328578022,15.680556564834612,17.98318346486378,3.0
0.8045170029073532,-10.914839918492817,14.13589045628671,15.799656922988474,3.0
17.334055911809457,-27.0318137999747,17.725213315884353,8.87095067016325,3.0
17.276760664726467,-6.768659749750894,15.92778167009476,7.368509953891509,3.0
13.62562843645286,-7.566501071996784,10.878714274151772,13.041970219883346,3.0
12.913351940059806,-16.537938836564624,13.562619565664942,15.057327821085437,3.0
6.463684269851912,-12.489379002854037,10.173228273848633,21.289402825707054,3.0
7.540370617092874,-19.22323581931208,8.062517564422004,17.640951824629685,3.0
10.474962075271923,-23.851968233976088,7.317728760462131,18.101803103843014,3.0
22.124604100626655,-14.276123953128442,13.252068664979932,14.92193379858394,3.0
24.17468666408233,-9.028346873289932,10.55940301561646,21.131754124269847,3.0
14.22247460487694,-9.649366381718732,16.77821193084864,21.77476901700116,3.0
18.692093234700458,-9.93541302755943,14.50776529357169,26.88253488909952,3.0
18.2829883420251,-13.535660494429814,13.316005408914574,33.97624911920315,3.0
-1.9456543799983095,-22.2471746402879,7.9119731999715475,27.222266348996097,3.0
-3.4108062308198797,-25.760871471474246,9.273121451257596,22.53594907783728,3.0
7.187840545663663,-12.323827293733759,5.49276841129632,21.12642973274124,3.0
5.748368237491771,-13.840175898107045,14.379725999069747,13.906866323791405,3.0
14.048142993077349,-5.343141033976641,14.154805941362056,11.868890726297655,3.0
14.04871770143274,-4.990830431640667,12.660033235290614,15.744936108840152,3.0
21.773766731717384,-0.9405949887442357,12.265490192373335,24.820694473765172,3.0
11.233995302032588,-23.070821795456624,6.849254358336186,18.29864182728465,3.0
16.663265473694345,-21.008440637501145,10.93562962608823,24.332310817882522,3.0
3.814206524596126,-18.32158195486708,9.040404889047025,22.69124170675305,3.0
6.683880688893813,-15.781348653549333,14.712406606580753,25.086429093923922,3.0
9.29951502484008,-12.762530908502733,16.153438312958684,17.582382795840964,3.0
-0.6450703777476736,-18.99437061348568,11.123326207999881,24.81333352145682,3.0
11.161977320053385,-19.11331924836007,10.958757921857373,24.247926994676632,3.0
19.467241135975375,7.466284619714955,8.863516276401992,22.912507013979514,3.0
14.35598996578894,-4.531158077824156,16.819318869890175,19.01330363839208,3.0
11.632895713786258,-8.505335503676278,15.745258157151815,16.523136686936397,3.0
10.390106831382965,-5.831827937359284,12.520385005872768,18.23745067363021,3.0
10.239314884229556,-6.834104953365801,6.36215078726222,22.652361483529383,3.0
1.5595331363682075,-14.257202703067506,10.531173501052248,24.319276202073546,3.0
-5.170955693979882,-9.257512802743246,11.425959447641809,19.19159667797108,3.0
4.083844286228974,-18.054234308981606,12.230670153368008,12.341160204163202,3.0
8.319262137367348,-11.585875314470556,15.018142200500083,17.93348487819642,3.0
5.228634876813755,-8.56919310568603,16.656391185163635,17.780218626384947,3.0
-2.7716297165374844,-4.375862473386806,17.631989454675892,33.92266127541966,3.0
-1.7050080549416222,-7.783011856933678,19.85178417422254,14.345245485695898,3.0
4.88180706278988,-4.341436711024589,18.288426650301762,11.241943498175143,3.0
5.641234733777136,-20.468978487221968,15.08755195371091,23.748229038344885,3.0
14.20076308584644,-21.132539611015517,14.101933723880384,21.23345341731536,3.0
7.257478938906178,-10.05279962015361,16.951742502928724,6.349384873294314,3.0
17.27850340550485,2.991755658596471,10.40259663632815,14.18227566088425,3.0
17.156292664889104,8.108361411115009,10.162607646617731,20.704899480335428,3.0
30.257893874915883,-2.7541585083570297,15.242856175501512,10.678881857458553,3.0
12.647527096332984,-5.317239330637756,12.58417640770055,10.5441096967377,3.0
16.57893144563385,-10.74492527188482,14.286571085514762,11.167848685966877,3.0
19.739966578330087,-9.062986217726586,12.471641775576359,9.091831866149978,3.0
29.576483745068835,4.765035843063052,10.31800223927729,12.95138803492849,3.0
25.709030214347862,-1.3819409235794744,15.246284027545284,16.302913423015358,3.0
20.51223655201433,-7.056511221825204,13.16535287581671,-1.1591879893768287,3.0
19.192538535925326,-4.714612543096178,14.468496894006364,8.678561285272,3.0
25.191346116313255,-2.912214966715654,10.081388847258324,15.535904000550293,3.0
18.876053172976796,-9.925882907020794,13.832217744168238,19.865827898159957,3.0
12.754367354744819,-18.43233701693319,16.262468354158766,24.80786535698515,3.0
16.409197106165735,-15.010547487340723,10.792087304468208,16.649186691527802,3.0
17.773139063486333,-11.817640987750348,16.757660949608965,24.909296770914253,3.0
13.530112846957273,-31.5050516343135,13.585093085994213,15.077197853260309,3.0
8.244098212060525,-33.08772860065277,4.752124838705029,20.214257158578764,3.0
10.881052969264468,-22.51580207994637,7.088963575169206,23.797944149152464,3.0
11.494850421584395,-5.1576188085799135,15.599018950377433,26.156032269858134,3.0
9.714631276895592,-19.2274633996414,10.683064564827655,11.36306913943509,3.0
15.766334277349074,-25.57022492239983,13.946346536595298,18.65251714040836,3.0
21.13549498822357,-24.567133413138155,15.85405692221602,17.40724388055915,3.0
10.191690252442628,-15.146738374987843,19.354922844348152,26.380699581815783,3.0
15.359230658359941,-5.36058517039659,19.07607963790661,26.518212115940592,3.0
3.9935073580047487,-11.221636418784112,10.111298654875815,24.013511329345317,3.0
8.292575421352563,-14.193392617696214,14.331331428218348,18.96238107708766,3.0
8.64396427227573,-13.583060867500238,16.945360646146185,20.655022413472633,3.0
18.630668104583346,-4.68186326161921,10.756102316023203,25.232701517199985,3.0
25.604354885604568,15.837065323833121,11.903117899475284,23.025502551653865,3.0
17.78688485184125,-1.5795836261251495,16.218066466828464,21.51596812474504,3.0
18.49606763058532,-10.931194659872766,17.725913397042486,13.269130160506458,3.0
13.388635708950163,-17.51640305640104,12.106286750538773,4.913970201741609,3.0
17.84196355136143,-12.944465999348147,16.12426047486356,14.333468974461834,3.0
9.522931350527596,-12.335680356337235,10.418227708740407,10.837523664359008,3.0
17.289910164015524,-5.596591069710723,11.169786377085968,8.215008107861257,3.0
8.002793461295507,-1.3296605585230115,13.962804770682705,10.45898347953013,3.0
8.539979822377173,-3.6633266531752593,8.961738716724145,9.228877856521933,3.0
8.479668170096554,-4.152999977810381,9.025684983169137,16.820943473660126,3.0
6.081749661007328,-10.83854718351489,7.004148962269051,21.57476998342945,3.0
16.52208511868157,-16.65748903244574,5.210551011641019,19.75009638980465,3.0
11.477014966480816,-6.251088249368809,2.8222528152987216,24.304649808915087,3.0
10.857943286779172,6.701959661981109,8.011121840975068,17.71172186523317,3.0
9.050982692460476,-22.868660671989552,7.62924469320174,14.748991927103747,3.0
13.626218592246886,-15.41287840909425,11.381072597735493,18.805980636096734,3.0
13.257492992360032,-18.361622646698603,12.752933912580815,16.797375609597157,3.0
13.13797736699826,-19.98035489294093,11.124346550413824,22.296797196337394,3.0
10.368712076195997,-20.835919311965426,9.113975139238379,30.832957551649294,3.0
18.327619990612604,-22.35492998031283,19.33465865840825,28.468418573057033,3.0
23.69835818903133,-17.666498706258388,14.125005629088722,28.553964460927364,3.0
14.880362785085492,-22.63131128191613,18.12306513098096,23.881574298179334,3.0
14.532474003808408,-22.078461736151866,19.013676629242614,24.883456955444927,3.0
10.901059986008907,-20.619351147774843,16.32831651673834,21.202798457546912,3.0
6.83453050466467,-12.421317871819923,20.062994372068765,23.401485232304992,3.0
11.034797638860134,-8.570985061548914,16.09604624337434,16.502981894052116,3.0
16.611080204044804,-5.982875695673897,15.40548933069439,17.95940461175442,3.0
14.80617626697419,-6.689772617121996,12.23980062884499,24.561308188623947,3.0
10.962669887427584,-9.09481682098619,9.755612796764678,22.26386369774112,3.0
9.353959558255625,-6.154812672438922,6.348509665232319,18.632999361980204,3.0
1.2021480363333712,3.472861028420043,8.551843823759059,21.366070419173465,3.0
3.926185512717261,-6.408299451901663,15.229989892208712,21.430452720216827,3.0
4.4218533035121546,-13.606507998868645,12.997138789622728,19.461112797006628,3.0
3.640697605334199,-29.110409761049553,8.93138508056995,29.192087647474494,3.0
14.16957826225592,-15.538819444406746,11.400220285661815,29.121273986862516,3.0
8.022847947072407,-18.957668829061326,10.206184323751284,21.923932105463777,3.0
1.7311505378270566,-18.40905316993538,8.523407641357377,12.427993235553512,3.0
8.82792648982265,-19.71093877870924,7.437604522001173,14.711027964594313,3.0
0.3230634748866994,-20.352601991787655,12.394411389878801,12.271762133882849,3.0
0.9310900810048531,-18.974451818577975,13.933163041857986,8.69742302020802,3.0
1.9964395545084481,-5.5829335529805615,9.557653310188602,5.7517272953128105,3.0
-7.142765816868483,-13.010484265361155,12.014810596447644,4.418835333874769,3.0
-3.253531455700803,-9.53833604768591,11.305298801852807,7.850770282380876,3.0
4.424001749293467,1.6938855116385199,7.907367127763512,11.991735002654156,3.0
0.8345863133749529,-3.601841272866423,10.021974887583774,10.914352975723355,3.0
16.669895886004163,-8.435260395449314,10.502333182377786,9.726525927780699,3.0
21.474782143285466,4.202398423931376,16.619156008669364,13.775406601577963,3.0
22.44418309664307,-5.400127795412021,15.472738857967414,3.827135442839716,3.0
20.831325841853868,-18.691745897460876,14.17759698674114,2.3382254403214096,3.0
21.33684121894902,-26.69462952910668,10.8646357834031,4.907563002316301,3.0
20.559520326857694,-33.865933078210205,12.720499399132914,13.225845772888425,3.0
13.852560814420572,-26.39475658719736,13.792862398104177,13.260737177496212,3.0
5.7255165851484575,-19.39658519796169,12.465481876868267,16.613754456592066,3.0
0.8939397466515113,-25.181666444465012,14.929985125170399,9.045355976580929,3.0
0.6672532220316194,-13.611279138904024,16.64328885691129,11.411214795787275,3.0
-5.262961024227403,2.196606252638052,13.912408474958978,18.304614334184322,3.0
-11.802672282849496,-4.283447801112153,11.831070150970215,33.82091998256119,3.0
-6.664426208881574,-2.691791983329228,10.706538820816613,21.24889511379603,3.0
-13.390487490606596,-18.166412444380363,13.989869678862977,19.806836275455893,3.0
-11.526933467536177,-14.844540476982754,9.53875822542894,19.047755768121164,3.0
-17.06301236218174,-7.865310005327036,9.99436803728287,20.286065110699088,3.0
-15.666611451143632,0.5408785351044205,13.91159540264635,15.884947309182817,3.0
-13.152811566354234,-3.544657272233099,8.30456555126499,17.510733881890147,3.0
-19.370140879472963,-6.277595512017818,14.015215933668795,15.46954642236765,3.0
-18.341854550786294,1.4715975669526191,12.550928794131243,13.146260966012575,3.0
-21.836458356807782,2.289175451067532,15.495380940088701,4.738491981347506,3.0
-27.5425248523007,-9.350565938942566,13.55808259376195,7.329323312455837,3.0
-18.13256508102634,-22.14600780875364,10.716969613789267,12.17846483873717,3.0
-19.41859446787932,-13.753280008332375,12.263600634165073,14.756811328195957,3.0
-8.613492832651167,-16.75034405266748,10.951698415888917,23.293025885061382,3.0
-17.463255327822605,-12.897644309955119,12.063743390550078,16.135919076164594,3.0
-11.835707014908664,-16.11310376269346,3.831692933969057,18.939992516405,3.0
-19.96799144054384,-13.431318302179267,4.432931372663737,15.041854682623047,3.0
-16.335624455767892,-32.83040703175635,8.002481112137668,17.428667507056357,3.0
-16.415748306651423,-43.279839139277925,12.9442425364388,16.1718067624922,3.0
-25.21025569900555,-26.175481545291156,19.541035831614852,24.12809420208322,3.0
-21.242088472902132,-25.664494559547123,16.108414855668514,16.357270075412462,3.0
-13.808363381327975,-22.853777188464132,19.860437664720514,16.895849348405996,3.0
-17.68258467414637,-12.997781412704764,11.971432690483415,10.000221452496831,3.0
-22.475388866136903,-2.5640056692395934,14.367963930275026,23.887074384981098,3.0
-15.550372726806492,-12.753135882928296,8.626261079182477,22.25709293220283,3.0
-5.573941503199433,-19.408999301705812,8.430104271396912,13.765759904518129,3.0
-6.78749858980367,-24.04449628448439,18.59657322836641,18.970198588413705,3.0
-6.762660188792882,-18.779556798535957,12.106953510233502,24.794513461405003,3.0
-5.372524050357969,-21.432399529271443,12.565558506394312,18.29972454161107,3.0
-13.364652596010668,-36.07058406697139,7.566897254560071,11.586571664557928,3.0
-13.560228127029841,-24.56845539635578,6.683406345935346,2.8979714863198556,3.0
-16.130799676761328,-22.651618897184093,10.631841458001036,13.532445838354112,3.0
-23.986969795293334,-4.175163939436359,12.55657807056068,18.812329438381404,3.0
-18.383801822755206,-16.301951545381478,7.271822632202115,15.99558343783813,3.0
-8.602404367952635,-12.888850305377446,9.046273438179323,16.737162733386015,3.0
-11.277022547659953,-27.56000792943422,11.010445423924406,13.658681276075999,3.0
-5.846864598267167,-17.709055899162585,14.837300764227145,22.37970823961391,3.0
-9.47318308223255,-11.913164138882108,13.839249111916589,22.763219682304236,3.0
-10.702410429996068,-11.820291852764065,10.255806209812768,8.255772044703939,3.0
-1.3131401890115804,-33.78481789305098,8.568404714540907,7.536240288242576,3.0
-13.414879484092694,-7.499308799963008,11.161114573344834,3.0265392791532486,3.0
-19.594832736820493,-3.2639427422789904,11.458195619892834,-1.8152859136681805,3.0
-17.22355514126628,-22.12229391303637,11.086585040970327,9.85143992098848,3.0
-14.08660759933189,-0.5025720225767554,8.112275914145897,3.6961277440565095,3.0
-13.794668051951978,-12.263255594469593,7.659211536447403,12.733119689248518,3.0
-10.787450971837933,-25.351770002639103,10.895774807898052,17.328760370656127,3.0
-15.74615929782537,-33.788395892377025,13.409041365072994,11.536609115099786,3.0
-20.81257653427167,-22.394456537808605,11.961541497149478,7.987732730871917,3.0
-10.955521404977887,-23.11705103254002,10.791536714033665,12.758537265491267,3.0
-18.957016433679833,-21.83512417673301,14.458958986772014,18.917889710440726,3.0
-17.820521156762194,-17.231224131568375,13.910738871514067,19.162925820178852,3.0
-8.526280894138091,-24.723883437801014,10.019167109822105,23.18080784868486,3.0
-4.473603994382907,-24.26076874078918,13.104505602940247,12.978150575072064,3.0
-16.168384537227038,-18.18815269553705,16.162329220060005,15.679412679653737,3.0
-14.915189522037931,-18.579804156152647,21.80028591434231,13.617292926950036,3.0
-17.488876489187703,-4.9895550211550965,15.831255217751677,21.049466311417255,3.0
-11.271409917714536,-3.8317635698855392,10.884898167257125,22.659326990827484,3.0
-9.682978295762139,-16.64654745491614,13.197728921717603,25.837272162548345,3.0
-11.383392253919368,-12.085674939773334,14.989725169660225,19.811626696176265,3.0
-15.076547438657443,-6.708576594686194,16.54527623797174,14.95048650830202,3.0
-27.04154808208829,-25.267890006977726,16.19271700847972,10.157052653122097,3.0
-20.7242284787732,-20.249237382922992,13.583144885055646,5.447881460754405,3.0
-19.184811719294856,-19.4238603344399,8.274482018263488,10.773340463697242,3.0
-17.254214798269913,-6.201186952697833,12.622217972137246,13.008571604536712,3.0
-11.796468296914266,-2.5842092657908395,13.297863131181623,12.555298098461158,3.0
-6.654456383983437,-8.528609033307365,18.82270626496547,7.938971103651356,3.0
-11.131268818859182,-19.171365622715676,17.850630964170605,17.616573408827946,3.0
-6.695805643163547,-21.929489340601176,18.31519281670201,16.609673820623204,3.0
-7.270620830915755,-8.78741473479025,13.970076576397075,16.677777880211963,3.0
-10.766759833037007,-20.005682735698223,15.690869567904338,16.105550114745757,3.0
-17.872640417429842,-19.29677067698174,10.060371496463146,18.015990570349956,3.0
-7.9079078456321295,-11.115174537783359,17.460871941475293,17.156647116684418,3.0
-16.92021892661029,-9.2054318144213,14.41062284861927,18.476969030582346,3.0
-20.963918970910335,-11.327525561626445,14.71748550696094,7.693936924707508,3.0
-11.159258744274,-22.170252643019005,15.31329392685262,12.059538929959551,3.0
-14.380356174527952,-23.15846887782805,13.671352110706628,9.001732388017263,3.0
-10.85303348075038,-38.81006646133119,10.512414468435608,9.2807939649317,3.0
-14.803620732658812,-37.70776349450881,14.289312339940318,10.571102087524348,3.0
-15.073051814588094,-36.873840944444396,13.249405320563271,7.966708296933318,3.0
-7.838626810327886,-24.155181687984246,15.942692810446317,4.9525974204901,3.0
-4.491259129849862,-25.39170223514185,18.974843941168096,9.012407350141157,3.0
-10.71784548701687,-7.070854282338969,14.480878750316464,7.944707144873345,3.0
-10.642866444454937,2.188878544313054,6.75203900458334,10.011810776228536,3.0
-11.795980416714087,1.6716939520577299,6.944791424278995,13.770309768817748,3.0
-8.484055574520907,-6.912954428026556,3.432729258421075,27.035693335161007,3.0
-6.469848291809457,-8.645735730395721,9.109103685833418,22.433123410680288,3.0
-3.6898834304104335,-14.43922049889677,15.770345337757188,23.97191493404568,3.0
-5.293466986022775,-23.04542165789504,18.184911308978062,18.374642616462086,3.0
-20.16928108496836,-23.914340625452944,17.60545348995747,11.91221354415269,3.0
-29.04216896988364,-12.848558874362986,16.95213202403241,16.234173118270895,3.0
-23.397880265678186,-3.540438121195397,15.767159651759295,19.841873487264934,3.0
-11.086984266103482,-11.677796485659862,7.712962503124718,21.42154761969327,3.0
-13.583289275590936,-14.552190253448021,12.301129631855522,18.175968674280902,3.0
-13.879997687685531,0.7504937550351389,17.197560308031463,17.839407915881882,3.0
-16.18883192693186,-14.214561827335407,16.389750539194537,10.041418919068152,3.0
-7.984084361671469,-11.801563783591778,19.912577050238596,20.705437699425172,3.0
-13.573150190325405,-3.39596627732074,14.876802072004278,12.933060861007538,3.0
-23.98880355909539,-4.058940552347895,11.924591545611896,13.763328077793698,3.0
-19.47980373415219,-9.465777250749905,15.006708150874426,15.188943904325948,3.0
-20.383503565536454,-17.00264766565447,15.247344686257811,18.80706107399498,3.0
-18.36181413488499,-21.49626618946886,19.77825925126455,23.97567531881154,3.0
-16.943272157093574,-18.571663660968618,20.937264631919295,13.984993850134401,3.0
-19.170425913770732,-14.830689954165248,10.68167743145102,18.770710935632316,3.0
-17.756741908989824,-8.755605410066302,7.801979527469064,15.1391680068129,3.0
-17.23578536316306,-16.473576911204546,12.230436004014956,15.870925650472866,3.0
-12.418441605698812,-19.033257226458787,5.361890873010285,25.308006427524,3.0
-15.063330356747707,2.872435980236965,7.403389959483026,22.938068781292444,3.0
-11.06827963092076,-10.716508579453755,3.347553675665342,6.392274226275434,3.0
-12.956078115408108,-26.542251686539565,9.623521575245757,6.116461607327906,3.0
-18.294629862457054,-34.01345533409727,9.00024297822222,12.268325130605298,3.0
-20.350400604033688,-30.452206783499392,8.412367971782082,8.528855946386571,3.0
-10.148331483330871,-31.80571204507141,7.76152088112492,11.320016622060212,3.0
-8.272988550732924,-14.325111547638071,9.594371518282658,5.425239326728365,3.0
-12.128357870296059,-20.83530562632988,7.578446032719802,9.25016897377633,3.0
-9.358058974949698,-10.567618486220228,13.967112076110135,15.648016240709733,3.0
-6.187473210675658,-29.18117491483145,13.198739036940944,20.274588546713858,3.0
-9.01178271769578,-10.256124028971108,12.844187759391144,24.331279434571034,3.0
-12.577293729621815,-22.83837896353188,12.749028666031057,15.278274550304438,3.0
-7.8737649856009035,-10.531041403549185,14.965685056852934,10.078727885532377,3.0
-4.208139539134077,-19.540855201538673,19.65048430244821,18.528839659414114,3.0
-7.524864667650627,-27.881209889221886,16.845600706209026,16.973345526647982,3.0
-9.201781315537513,-22.021369558844114,21.51947557841281,9.655443654060248,3.0
-5.086611513568009,-22.661030681345334,17.079455414388608,15.95512699053757,3.0
-13.27076069085548,-17.368601465223218,13.073675817976614,18.49197885118051,3.0
-21.481946206969063,-30.314612743296138,13.629465328363445,17.519770842327496,3.0
-20.308651382517407,-35.791571269504416,16.57513843324923,17.445896581047485,3.0
-25.741749051517967,-31.066297635063627,22.13596557094668,16.21938537963086,3.0
-15.871402442555382,-31.857431125974227,22.064636858729614,19.91857881915226,3.0
-23.737814879716293,-21.794104987365746,20.666537439226637,22.110135027906693,3.0
-20.037951094138958,-10.2467300419893,23.375329587675736,14.83116540179462,3.0
-11.463206645786872,1.5702572635040326,19.213271688320862,15.301434564635905,3.0
-10.77918770313128,-6.031730601922446,21.405999818368766,13.635407452111293,3.0
-5.6868971167266515,-15.19267091978378,11.846227620028264,23.286134742603828,3.0
-8.82092735527037,-12.21071620386168,17.003733183432796,18.530670198191057,3.0
-9.564766403537746,-16.3418326548583,20.604166796392107,24.2125847815077,3.0
-8.130306321992133,-20.329350392839146,14.905451003636214,21.71431693838799,3.0
-3.7298542547564963,7.876707010641169,15.507076754721968,17.337658639025925,3.0
-7.147649561084078,-2.789228606132644,13.246209574818906,21.978615389590605,3.0
-13.495423109854688,-14.344620313627296,11.965891745734902,10.530046432437905,3.0
-0.06565987352626834,-19.54540486125999,15.779265515823203,4.586105409985612,3.0
-10.567538496129675,-15.412177065680792,16.72568331358189,12.740998238408011,3.0
-16.957393166499287,-20.69985081288749,17.140031280944704,9.03270477200283,3.0
-7.2912586003242135,-25.22692306897357,13.639384145853564,15.32327485201851,3.0
-11.08910650743371,-12.269719601758121,12.319902927803609,10.249696198570554,3.0
-7.054903889824498,-14.58007585222838,14.489918159285194,18.364114023044408,3.0
-13.75845743977428,-22.45239334555999,15.04260418369715,20.501802550111492,3.0
-13.335658991918145,-13.10532064411061,13.906436157731719,19.383688227438125,3.0
-15.323849087616086,-3.147297722967185,15.634507936166006,21.18736864560991,3.0
-9.33171947628453,-18.850841169306953,15.32399601876604,22.605649745787293,3.0
-4.668903162251851,-16.114267352105514,14.653628217120572,21.822192832095222,3.0
-7.70017306261159,-17.465374018241405,9.076384650217129,17.077305672981982,3.0
-9.231098613654606,-18.46462571643338,9.102762400251041,6.089279749209526,3.0
-14.649128360639683,-1.557850310670501,15.448319531888687,12.297796544676597,3.0
-21.84496342299931,-15.860636340498491,18.242955068344866,14.079174803727575,3.0
-20.68104807939028,-13.315608988381664,13.93343795474311,7.364617373392903,3.0
-17.527354473933123,-14.814635535726904,11.49716903258505,17.39184166213984,3.0
-20.607006346945255,-20.421448669302087,10.919810566642232,18.19934768439748,3.0
-25.116348237852076,-7.650679530334809,10.904709270265078,22.69420655537914,3.0
-17.25300775153057,-13.15721564619162,12.742064349499984,17.89596361441952,3.0
-17.941424865037067,-12.329223359612076,14.629721397939484,15.486048852812251,3.0
-13.730404746298335,-1.7881497013317373,12.409828479451036,16.220645352345095,3.0
-6.225246203316111,-2.0014605715342704,8.580184759608857,18.456820868930947,3.0
-7.141786539712016,-12.117856292613475,13.240250069853182,16.231306420096868,3.0
-10.74731837309646,-9.017352766286857,12.446576257205775,11.828310141626375,3.0
-21.725324323330877,-14.27947048212428,14.673774581513298,12.18987670993831,3.0
-11.810051147952214,-16.43415394469927,15.784274978717134,12.249169291482826,3.0
-18.179368725784393,-20.053158728835456,16.90752187388938,10.678715574524569,3.0
-18.285060810485213,-37.147134677435766,17.97418423564819,8.309573034018236,3.0
-22.254761852965096,-31.658425549025992,15.026561170392899,21.008986157280027,3.0
-16.34970660048191,-24.435142878393847,6.455562061673504,38.09997181150069,3.0
-16.833086648625855,-25.71786346373909,11.934845437782993,21.489981052583857,3.0
-13.525860703273292,-11.344074963016427,14.736667706462452,13.012576193191583,3.0
-9.057806568277053,-25.12255652403623,13.246640106505794,14.358135626569252,3.0
-10.105283978687563,-2.8915280779024304,14.327649217849249,21.21413325161066,3.0
-21.847518933004643,-7.68853066779166,13.087359005449034,16.941807913409797,3.0
-20.332949400458517,-15.77695449432338,13.750700979114871,6.064180895565434,3.0
-20.801348055363405,-9.662776392474562,19.490962699557805,10.179884378838754,3.0
-19.284748583881104,-6.087862011750904,16.07375090116106,21.609665589271557,3.0
-7.927481524335121,-19.018336943682097,11.722231872615025,16.6473609218827,3.0
-17.15839457639454,-15.750222423143683,9.696730579553716,16.77090423315058,3.0
-28.162995814661123,-12.022528701122205,13.423141102971574,24.557127978433268,3.0
-17.206402085262106,-17.489137221494257,10.77165620984928,15.252241686063668,3.0
-8.600164256340527,-5.732371488766066,11.834270151417316,15.432963037951444,3.0
-6.130363583525902,-13.493171052526451,19.199735859545637,18.193269050749212,3.0
-6.981453825796935,-9.2140613198047,15.369643822566818,15.165790819625002,3.0
-7.5959810600936954,-6.699482403148302,19.002435249446382,20.003908434106897,3.0
2.457603316072081,-7.938848082257255,18.78019623171926,26.04647353562828,3.0
4.359901676916559,-20.011006535156906,12.146122435008998,24.78863303043999,3.0
4.076920797609933,-14.088802716456758,15.232124632021488,17.0854397740357,3.0
-1.733748747949349,-15.657567256575959,16.756562165527118,16.324638164784112,3.0
5.788292933944151,-10.6191253086455,13.77799769588822,17.601700375464578,3.0
-5.737358680514973,-8.450424871745398,12.224628390195678,20.278349200073432,3.0
-21.672857262895135,-3.9061095878498424,14.94036821913865,15.341913521030897,3.0
-15.063701418076114,-0.42076824246053945,8.63331262075685,19.333174655523308,3.0
-16.928873565768022,6.897201075175742,10.716202781378364,15.833019029847794,3.0
-17.076085958460236,-0.9958813383783323,9.238907333720991,25.640821130980463,3.0
-11.538950142506174,-11.316336625448631,8.671716607030408,21.383681489072615,3.0
-10.294787073826376,-27.34063969122098,10.655779492198533,14.466879972880001,3.0
-14.507484746000275,-28.219781799623544,5.4249819945430335,23.984198424397924,3.0
-11.37112516442306,-14.108646129533557,10.088900837859265,14.253511640876429,3.0
-17.757771376189336,0.6907643281749039,13.852004105663065,16.18810233024602,3.0
-13.46794629418469,-8.051270421385194,15.071442413387741,16.841927278697046,3.0
-14.986549211082234,9.28932864342179,16.258378476827232,26.400531156653134,3.0
-13.715501083873047,4.2826866884250485,13.045984779344558,20.461515921426237,3.0
-16.627481416914843,4.276319985756718,5.141913571929816,16.763960519713564,3.0
-14.300373386879208,-9.89316749758066,10.916747604347911,15.407518615968772,3.0
-14.905818387197552,-25.00701910313412,10.83247318250459,17.117666751167,3.0
-18.05413457551891,-25.77355087136928,15.800007854597165,14.035352841872434,3.0
-9.010812043782282,-16.338155125303317,19.718076622651626,16.73326863162673,3.0
-15.927911318473969,-7.73750450974229,21.054327452028172,16.569743692987025,3.0
-16.763071013554367,-7.56659453647603,14.133438690213474,-1.4734259019858218,3.0
-12.536745311935666,-3.251581434147319,12.858460136960858,4.951721953854479,3.0
-12.956871794842948,-10.841671451492891,5.597631530211449,21.89968550270935,3.0
-15.085969426247702,-31.56701151849387,8.625064154856608,30.93030966284274,3.0
-12.442271891136139,-2.908758332534685,11.283570184444534,25.754601413037836,3.0
-10.259764416988292,-11.544409267903713,12.798570362490812,21.348404660632696,3.0
-15.678091390614785,-3.3529629463854036,13.84681164492968,10.042724379468591,3.0
-23.22341625953576,-16.41869282047076,10.93755855127245,11.784843110922935,3.0
-19.889580659024595,-17.87176643945476,7.13580813123958,10.771932474512646,3.0
-14.890615290453571,-20.506081179162738,9.683397257102287,17.04646311019578,3.0
-18.876650369479698,-5.771516409847483,9.22491019950364,19.93385366211654,3.0
-12.961890091498585,-6.254657643478588,13.537951307474268,19.17113298650153,3.0
-20.98000320483208,7.031959778506481,12.85074166996793,12.192949265397717,3.0
-13.756999795913718,-1.9372752746220652,6.757273155961519,11.526159114863884,3.0
-21.582178159671667,-10.481114742058121,4.540741648079328,10.24635362343679,3.0
-14.271620247923298,-19.562603413821172,12.967502060600491,20.443041086094567,3.0
-19.642268134868978,-23.01577332212999,13.697830489486261,27.720982628480133,3.0
-15.296163543200581,-23.118732188057614,8.630217064325686,23.816261772735857,3.0
-17.3597119969386,-11.645227451597947,15.21271010127348,13.747533112451205,3.0
-3.1536400841795675,-12.839653253855454,18.85450540408545,16.889498176611973,3.0
1.03416449834232,-22.182632316942346,14.980653842769613,14.476626447713038,3.0
-12.262672481893848,-14.753151779573129,14.917589368093426,25.160668175714186,3.0
-9.637780080662983,-8.967717033909189,15.050100738527238,23.548804080410772,3.0
-9.719490877988228,-13.847843381394354,16.354583821142185,21.519376713710006,3.0
-14.855000449121984,-8.017394385425229,16.94059796274714,12.470877952364322,3.0
-2.297842923200294,-7.681492536438416,22.16924318899857,0.35166513075938965,3.0
-3.29716122925862,-5.7550318219318335,15.42607982889583,8.81077262653924,3.0
-2.5315304208341356,3.6692004232881583,18.28376146256514,8.222523233234119,3.0
-1.9540526160289264,-17.51157141534171,-0.13070375676387197,-2.1869237573440534,0.0
-1.335373152886497,-1.9442477264352966,0.13759148827020484,-4.949347596417825,0.0
-2.9072473764335234,-8.458078193810833,0.08668943769002113,-3.748666539940775,0.0
9.548878923531971,-13.792136984639015,-1.05228439547809,-0.08381636334761033,0.0
9.853795421134866,-8.728142069807602,-1.186070110727248,1.0481568740863159,0.0
-6.820606947499242,3.405832674097926,-3.5309153811526985,5.474934662819688,0.0
-2.40717110109119,-18.23408367193101,-3.8749687209612844,-1.7358995994093027,0.0
-6.560982100105385,-16.849872062303312,-2.59445572481136,-0.4444698863372265,0.0
22.226272408512138,-23.78522577299596,-2.011413836579029,-4.25686214259653,0.0
18.353299180208566,-6.358057020592911,-2.656401501723303,4.95577186199863,0.0
5.599088853356003,-14.251991641507276,-3.1127377987868154,8.24750098050682,0.0
15.575879814245669,-13.4525120498863,-0.21930878806922202,3.6699892264048577,0.0
23.52647751386911,-3.2518521511838605,-0.6541528015723028,3.4002805090398978,0.0
20.41210086777962,-20.991686952581627,-0.06749429676752561,-4.132291495532371,0.0
8.77464110465776,-6.242257107720924,0.9275990842808345,-6.6063665111475895,0.0
8.33034212732922,-11.31911480545902,2.423225517427001,-0.34764363075046756,0.0
21.254787672820434,-19.937070343625155,1.6034791469015295,-3.591314220269792,0.0
13.899391444727925,-5.433340987783157,-0.48282374794595395,-1.9125910378178677,0.0
10.741467572147286,-14.416870002145046,-0.440725840013224,1.8458019003840247,0.0
4.267587690667099,-29.240267587445445,-0.23636384638427443,-2.373587489754494,0.0
15.597984648619066,-28.261959365193256,-0.05820462146095226,2.072212255547509,0.0
36.93555541928559,-8.163657977701739,1.443687921903439,5.948790638025942,0.0
26.319887765743417,-15.454856936047538,2.7886865592015653,7.357021261786558,0.0
23.480252979954372,-26.669816285665163,0.5454090658337605,1.317865308811043,0.0
36.07398137196026,-14.082791958514408,-1.8885488797663794,-0.6959536649396103,0.0
17.3715042405522,-7.674313576264716,-0.4189901541931837,2.735770734882859,0.0
14.719557994797004,-8.789443632705328,0.31325905185026387,3.270298895183657,0.0
16.47692710210574,-4.868852600315304,-0.8532581627015081,0.9925894282726955,0.0
18.02085884092491,-7.136037520816396,-0.7730086636260307,6.558811224232636,0.0
19.515976301105038,-23.805688760242397,-0.9403126984773222,4.987316514629393,0.0
14.052913911365527,-31.3214475089883,-0.338644117969281,8.903529143690188,0.0
-3.5894342267160066,-20.1608034785962,-0.16983695733529677,0.6779823801232561,0.0
-4.106599211003666,-27.925493654459103,0.2387666013982155,2.0250730403249526,0.0
-2.367662497140074,-17.61568230721599,-0.7058748994033035,10.703054635336962,0.0
-3.733001611825146,-17.199787723111747,-1.2075320113914398,5.998565302648346,0.0
8.777114968965764,-14.23005855067479,-0.9002510191535028,0.02306257620020169,0.0
4.235208067526155,-11.810053370802828,-1.6749450419368483,4.179061418722433,0.0
6.930799766752761,-18.162381004534662,-1.0369040352945855,0.238699649371799,0.0
3.4727763407119374,-10.195325176115478,-0.9182339606366776,10.361825853953972,0.0
-3.832339684730691,-10.985796191007385,0.3032030035193992,10.749264281865218,0.0
0.40062201392337826,-14.23182720211594,-1.019440836299069,8.759033285968906,0.0
24.031906533334755,-5.690843448597802,-1.2798756857379956,6.895793974477055,0.0
25.044603342120986,-9.212460842516048,-0.26167693901910394,4.5785978731357275,0.0
16.94516738695608,-24.54463455507029,-1.7273327026512582,5.585644341272221,0.0
30.494297288192072,-37.735146603710874,-2.242867179164293,4.376865677926526,0.0
10.68793056963295,-30.980510583059857,-0.9554720499701601,6.815847933804,0.0
34.1908846366928,-7.83048487210508,-0.9100421777113555,-6.074511788745931,0.0
1.9856877719248942,-10.712870537785902,1.0468284391632203,-14.996218499728752,0.0
16.516676832795632,-8.692286271031875,0.6197724764244644,-10.807340665948855,0.0
13.57132079924756,-6.086246933213058,0.8510287497936169,-9.813203140799084,0.0
14.049988615070898,-11.09116779002549,-0.15792770463369254,-8.460916616996162,0.0
14.42456653537642,-19.46263122641402,-0.9323801469571169,-14.799241715065676,0.0
5.307707423836188,-5.775284162018785,2.656033644341916,-19.191526036626897,0.0
-6.508364816246278,-7.9682643987834005,0.5724087276747437,-18.52897331438666,0.0
-9.02087083793301,-1.5782470913953306,-0.343263175495791,-8.708403485220268,0.0
11.263659139876145,-0.816010410994803,1.080238130876141,-19.26426678716878,0.0
14.973575919923972,-15.277643636798338,-1.625274555797445,-12.594891178029552,0.0
-4.483838809674241,-13.686519652665337,-1.8068790521828912,10.534500429417042,0.0
-14.028970211545467,-13.780464337533406,-0.9346310323080664,13.192182809708239,0.0
-2.0856589123606506,-9.91592553804507,-0.7409783173821483,4.6466719175176,0.0
2.1721538381959995,-1.4160366562532491,-0.8681696335961495,5.318508337016561,0.0
-12.916800123841243,-7.867476565178137,0.35026610481648524,4.268121724216796,0.0
-1.4606336054328584,-20.84484099318121,-0.4251956810727032,6.943425234584153,0.0
6.106936418109758,-13.933887579135046,-0.46119089471326735,1.4033206339560005,0.0
-4.920839171856401,-22.536458104373004,0.8734323479421324,4.592250002106173,0.0
-1.7874634483861462,-27.74344309486588,1.6493276407590036,8.086241700886474,0.0
-17.70484387086556,-23.207334848324734,0.05887833111170193,-0.6755377190858454,0.0
-2.3425114278362544,-22.229038795744934,0.15992814995646287,1.5498619858500255,0.0
-12.676904321035533,-20.7939125366976,-2.106742782510878,8.313320841096603,0.0
9.771892138302883,-2.865085213111568,-0.6703714875104311,2.6276029228748055,0.0
-0.7944984991301218,-15.806821466670868,-0.8786205232458585,9.209351346315838,0.0
0.03609548566443088,-18.57155321793236,-0.41386104769313914,13.25773593245102,0.0
12.544956918711259,0.34010125156768023,0.18886582044841937,14.355098352904044,0.0
4.187368113469248,-8.188287077625645,0.14880226353107623,16.534206030752266,0.0
0.17916645825329613,-11.801935392648641,-2.6068734187296885,16.70166894515079,0.0
17.336113066304645,-26.346258353111985,0.2124968464639505,7.639078949706191,0.0
10.269570363029702,-16.15487725631308,0.9732040989671296,9.876327304905749,0.0
9.628772168102593,0.4467558793377435,-2.0559932993723216,4.885015759583745,0.0
-2.432518016571806,-8.988313348349022,-1.5714507733803655,4.408941634014438,0.0
5.210479305466134,-9.446357552489324,-1.276933784213809,5.224915190604216,0.0
-15.591110938082664,-19.041110050190465,-0.7433372437317416,-12.663182239741996,0.0
-25.141171713579382,-19.813023924196585,-0.025903363011427767,-13.88399145076304,0.0
-25.05833596382447,-20.659804848537757,0.7197764522156034,-23.697942846524718,0.0
-37.52627610128733,-13.32613273920051,-0.9959567435421535,-15.157307632262285,0.0
-30.84623002836105,-32.89998125645324,0.3065679966071082,-15.464107051706609,0.0
-11.806581199163233,-22.054693048579306,1.0660787365099362,-22.887225039961244,0.0
-5.595275357633717,-19.029597949916806,0.6043532853124963,-10.876602544669993,0.0
-19.346578454157296,-3.3271691227900435,0.4752156063784298,-19.670576916041707,0.0
-2.8092372260662923,-18.768036206005753,3.2017290658031543,-19.016328002472328,0.0
-0.7434985639970826,-23.771143209824793,0.5011196610925286,-6.330225518274718,0.0
5.694402735165577,-25.481252954438553,-0.5972031416359012,2.9594526611700793,0.0
12.028986988657419,-18.117018663345235,-0.5511338376295265,8.193496483200235,0.0
9.890576197619342,-12.590900838778971,0.87492835543685,4.524472655018988,0.0
-6.951014352684605,-21.49548789329512,-1.4454549589791168,8.069716829011533,0.0
-11.560157815109982,-21.295306355406826,1.0732880688485062,11.222354236091252,0.0
-2.006601252923484,-17.200518437733475,0.9401754660978945,10.720297406676305,0.0
-15.21363978005533,-6.8942464783241455,-0.3339702392394431,6.515098926536595,0.0
-4.264634414208445,-16.56600257109142,0.9248350784180692,11.67285977917416,0.0
-9.67502472202888,-6.123188133020984,-0.8038221366916181,1.7843025870459304,0.0
-17.67274347424634,-6.2409735584250665,-0.8853537858979332,-3.774358590862443,0.0
-18.340878374232318,-9.885861964187265,-0.9024092550139401,-5.0838759387504275,0.0
0.3583731903338343,-7.325330435751386,-1.4996009393965022,-1.6929194644526078,0.0
9.7430268555825,-7.273526432821191,2.9243976200952853,-5.780125063086632,0.0
0.30799558432790075,-3.9971369951024833,0.020532886184023158,-12.849507448788732,0.0
-10.933181632186708,-19.47240168651256,-0.691200459166025,-17.581159629059346,0.0
-8.634005579258819,-20.522200669257305,-0.490357722691442,-12.26932545741075,0.0
0.17241359213878305,-2.5225936245960696,0.7568986859787272,-12.86703454936088,0.0
4.999141702628416,-20.770326942030152,-0.11839177583911864,-9.947130615656302,0.0
-17.16808905313471,-23.955634685312717,1.2767407089017788,-17.381588449687882,0.0
-18.084940604414022,-4.362551793187279,1.1830966310041584,-12.44896590812068,0.0
-23.189480731612726,-14.75127118121959,0.9197536029026243,-7.3463368108259886,0.0
-33.19477708229777,-23.40346820565909,0.6546205658977639,-5.698270853608478,0.0
-13.10719803772333,-14.480940716307325,2.4916615087808314,-6.2085667049760485,0.0
13.25261574226321,-12.89555570223426,0.7805026550647034,-8.206937051821424,0.0
6.19628063730841,-13.74618823291397,1.0412819865566991,-5.922657043190409,0.0
0.6499206524669625,-23.085140748488687,1.95157123315703,-8.749214677625421,0.0
-25.766758760249523,-26.154741387945258,2.914740033485274,-10.56907488742846,0.0
-11.291898703669904,-23.60279125540167,0.8097228538042711,-10.883788675773767,0.0
-23.41875531790027,-8.477049374979075,1.0397786136150802,-14.031602643843755,0.0
-8.588044722725554,-21.05163193781426,-0.5856652735659649,-12.297846550432308,0.0
-17.43254872020031,-16.88503731451434,-0.30406023693264905,-3.4605199927555397,0.0
-14.24819033864281,-8.601913986785817,-0.16517738344811667,-4.357746251384265,0.0
-14.641763669409748,-2.7103615885515318,0.20085011844223244,7.232703433373692,0.0
-1.518197150328728,-4.412413733258138,-0.09504107324638078,9.047321750688411,0.0
-5.697733042642094,10.137209995967364,-0.7131579896300559,9.277394807515375,0.0
0.3227180406834864,2.7411014542790824,-1.294792381660114,-0.7848883583359321,0.0
-9.451477469126349,-7.868561866648014,0.4045444671075792,-2.4968807967188997,0.0
-3.2744103263855755,-2.857615887128537,1.321613562903642,1.9493572057046151,0.0
6.450619056176878,-2.784866317320578,0.37549953897227845,6.064546333614437,0.0
4.502215002930372,-6.801186402299922,0.49441694800837716,19.56201958488324,0.0
-7.694188182696912,-11.523837580585003,1.7742762138193597,12.11131326577436,0.0
-0.5375440293448648,-12.168093292052811,1.051752781443433,13.74204399702272,0.0
9.415817226992205,-9.03533088411122,0.49508827369798025,18.203118769552034,0.0
-2.795758233073304,-9.917261798194168,-0.9888676245605305,22.02482678503187,0.0
13.531761594843214,-1.2314060199857089,0.7317288884947901,-3.3007171184899624,0.0
13.631588029052942,-15.445579939921135,1.2685869097212863,-5.806344809817756,0.0
2.3749935845866155,-9.64085945066332,-0.4939164675179975,-20.3041995684881,0.0
-6.699757231664316,-9.55927313657503,-0.1062903767669458,-12.796214053106418,0.0
22.728878086551802,-14.638570754801306,-1.1555544779024085,-14.118170506062777,0.0
15.894354225334517,-18.81444296581371,1.529367037182353,-10.532642874831867,0.0
5.6850403811062655,-22.750387580205047,0.9142470343492901,-16.295078580556304,0.0
11.19111431789526,-13.199462815575888,1.474856017482432,-13.086559611940142,0.0
16.794880219653002,-8.010868803164975,1.1925769452769859,-17.151058222568807,0.0
7.664100118526035,3.6937097771554903,-1.0052197461888506,-12.280771636735809,0.0
20.535054092876067,13.541208297555055,-2.024373444050765,-17.932921494014455,0.0
26.425727708824766,3.8012873026149894,-2.744158005357469,-11.559907492717597,0.0
33.52644864050768,-7.04528055645187,-0.1417172025887824,-14.648489338090986,0.0
0.8833417162223025,-10.287843105891747,2.480909131783679,-16.064212838089446,0.0
2.0165408847940967,-26.936165873319496,2.198057953910658,-20.37732337938582,0.0
16.168686047343304,-26.85692432700231,1.944480650972487,-12.845659436178979,0.0
0.33084088572923065,-23.639833005137227,-0.7366688236220279,-14.162778812526321,0.0
17.140905131639872,-31.732378836874524,1.1087894963643508,-16.511868519695103,0.0
3.767430374932795,-24.343100853396024,0.6977947781724615,-21.527574837503717,0.0
29.698651319114145,-18.967281167952937,-0.927079346456173,-21.40229862759486,0.0
43.658965925414584,-17.102067580519552,-0.5507202218657743,-23.132975610973645,0.0
41.8186959382026,-4.699643933100914,-0.560526634819562,-18.16604735840139,0.0
34.22929104273507,-12.273997575419319,-0.4590942287629349,-19.394515191770648,0.0
31.720199030255106,-9.320945604804193,-0.41776808163455253,-19.15255358556159,0.0
23.554422767558535,-7.1742121267106675,0.30646486475511014,-16.76490775184308,0.0
12.313491291636762,-28.832249097975318,1.5172148591444747,-25.705733334933434,0.0
18.585736722594575,-41.99714303363872,0.08193700830342282,-16.704619558325355,0.0
17.48283886257112,-26.095300828044483,1.2420959404188583,-21.51795113516825,0.0
-0.8910052738100154,-30.872863025531107,0.6956623368696304,-13.961819372991066,0.0
18.85091702949309,-22.528455277244248,1.3622543040704813,-12.385590416285698,0.0
4.361313612212651,-35.369492091961305,-1.0080720774860648,-10.41282453355978,0.0
-15.240701668528768,-40.06243455803845,0.8769181490737504,-20.705201590913212,0.0
0.5996400407649496,-22.350963679527016,-0.9348649872517147,-12.588556459590256,0.0
21.616214836262586,-18.702766668975617,0.7900930988920419,-9.903520936057014,0.0
25.570626921832023,-20.347420818609756,1.3049719322810043,-7.292693052651595,0.0
40.14669536855618,-19.433110424861432,0.9929199396533176,-6.412214995044298,0.0
28.351817964530078,-15.443281310479357,0.46838663181745555,-13.160008161839144,0.0
28.27114137817744,-12.506960092346942,0.17975273966337912,-11.3872878942434,0.0
14.95813758232499,-27.376676303710468,1.4578277672040847,-10.2891237059022,0.0
15.967259750940272,-24.526901693726764,0.595946489492376,-12.018834038709123,0.0
3.514048814216312,-17.86669811188937,0.7982008641734442,-9.556378201067792,0.0
29.572728104597,-20.016650411376617,0.954448354341416,-6.32851702767573,0.0
37.597304392990964,-15.265681842785021,-0.22524952682506705,-7.962728455614933,0.0
28.040963837470287,-33.008110189986084,0.13428683847614709,-9.563603343764848,0.0
13.158737282587516,-21.693447321306238,-0.24998505068628285,-5.564570738284164,0.0
-3.2543392607936616,-16.50804050534153,-0.004694882246720045,0.8793797989199472,0.0
-1.6750030770064932,-24.12133923774332,0.7444171322805577,-1.0354518740081025,0.0
-14.015371009842106,-19.194321665435012,1.952677737664206,-1.506692458877374,0.0
-9.084014535733202,-12.634465536694183,0.03312037962751291,-6.334126704207967,0.0
-17.853478820300246,-9.48798886539446,-2.7533914665112507,-0.1858068116081677,0.0
-9.784033058755668,-16.19878031261906,-2.7308486876421303,6.3653351073825215,0.0
-0.8492062168361629,-18.66716063306111,-3.0288441269705437,-4.403358519024677,0.0
24.846479406145935,-12.003385138689328,-1.891991522542218,1.829047273061911,0.0
23.818253031778504,-4.579401734652503,-0.3448401275398398,-9.169784769456454,0.0
15.15452775634585,-4.326807688862591,0.31478705768482984,-9.12621072098754,0.0
-1.2591502533587358,-2.5311286038683463,-0.5104069118779705,-6.158780829680345,0.0
12.17874222123773,-2.229772032390911,-2.5542923198743352,-3.852778219775723,0.0
15.285372866849997,-10.893926865837106,-1.8086633597024009,-2.010612984517712,0.0
-8.70978362955999,-7.038936795239525,-1.0799103518543627,-4.764849635368217,0.0
-1.5871253310726487,-25.46157879172449,1.7068003981126647,-11.415178319789558,0.0
4.11925467110992,-23.36642906167599,0.5697169475209916,-4.457436547406608,0.0
-8.999848906104177,-12.33218328763213,1.6858436277770559,-5.190461484908965,0.0
-2.6745801310252464,-9.263575888269273,0.7888418916225338,0.050159757894856494,0.0
-5.44636843377266,-2.6893846576153724,-1.587372258414481,-3.0837734344221532,0.0
-5.519827804694083,-4.922517682727122,-1.2025299312883226,-5.520324106357213,0.0
10.86413486964123,-8.404938415117739,-2.1487367141664313,-6.600461195699603,0.0
-3.5690692561625648,-14.03978579811844,-0.28008599554475644,2.5968706369413983,0.0
-17.488456584791752,-16.504703599742083,0.651980252584168,-4.784307097664022,0.0
-21.628109619505025,-9.681848819870599,2.905938488064156,-0.8820902181865367,0.0
-18.701655375481618,-16.03073232324829,2.1895588675287243,-9.181105056102192,0.0
-35.652946301289184,-9.942109095352368,0.29178009470388855,-2.156179598156503,0.0
-20.84754197212714,-12.054144011248418,1.9268555118909676,8.510560024943462,0.0
-10.304686530345325,-12.015102989774862,0.29344237286619,5.1370126944514265,0.0
-9.036124784647333,-13.286718293994639,-1.1058877322398386,-0.20459629214071073,0.0
-25.226807115191725,-13.533033669370074,-1.1068827958793077,8.679145618444943,0.0
-8.065076007342093,-12.723582693604127,-0.9972354397348357,6.947177088484909,0.0
12.038495789339194,-21.335166199321854,-0.11810014932843149,3.2558694361391316,0.0
7.727456620731955,-18.260423227381064,0.8947831714941732,3.351236276003093,0.0
0.49715033159476807,-9.94431468586449,-0.047562408006326384,6.485918752050944,0.0
17.869367968331975,-22.969062512644495,2.4325998426161406,-7.379295258827813,0.0
8.27896662817055,-28.075951516881,0.9062270620686267,-9.920958827636596,0.0
-0.6672469549994728,-14.072744603678935,1.2106773600455998,-14.851823212815155,0.0
-12.338145076261608,-9.442196559278575,0.09964716208093782,-14.878978878826581,0.0
-11.354604171916765,-27.04769310257429,0.4493082422192448,-16.954380479990004,0.0
-23.575563449981473,-25.736755021582564,-1.229739180824665,-18.25504291439953,0.0
-17.063858195808606,-13.484941899278308,-1.2358631226962347,-11.69991263566453,0.0
-12.145486113680619,-2.6262600547266004,1.5497488580865126,-8.390881178708103,0.0
-22.787226648392206,-5.7140585208136185,-0.22414915624748433,0.24777884393250638,0.0
-20.53922214184571,-18.96571227034584,0.19621675436307373,-11.261697620962298,0.0
-26.304486410304335,-16.219780426935873,-0.4449630409240726,-11.75553405855981,0.0
-38.302682313815495,-15.848513318438965,0.4459212778842575,-19.698925064710522,0.0
-19.735189492972133,-19.354978021464223,-0.31658161017012004,-20.497319167448588,0.0
-29.49985211121939,-12.240120654996872,-0.3553725064180534,-20.10274612537379,0.0
-28.7644518964462,-4.478025710965619,0.21672582480269312,-15.842977458116874,0.0
-30.0980205668465,-15.948212756009603,0.023085567916261054,-14.985623585380978,0.0
-32.979160673620946,-16.001605375838807,0.06772573535175096,-16.525451453446514,0.0
-26.9694148182351,-11.91046266589746,-0.17664992070082913,-18.019057579824768,0.0
-18.353558843931093,-16.77027797004741,0.8511532078730943,-7.552593089647364,0.0
-28.29963366362717,-11.900455923339022,-0.7887751215962868,-8.686337302594705,0.0
-10.727215793707174,-18.33035873946134,0.3799414861971311,-10.678593711285213,0.0
-19.435603768115755,-14.132753516170652,-1.3287424362425242,-4.01037603598386,0.0
-31.252282219062867,-18.129044479435976,-0.3711593719689205,-8.930020299131444,0.0
-30.37637943776482,3.4230553420725442,0.6513354996135835,-8.160805908347232,0.0
-34.42594742999233,-5.068688884831395,0.7053943256351921,-12.101019836003776,0.0
-37.87643299209549,-13.726658686404193,1.3283579837146517,-10.80433974413085,0.0
-24.292698337744085,-23.56717820175128,0.06490729952245722,-18.91452762066734,0.0
-16.733248168698676,-4.156696227981968,-0.5097689678522155,-17.261387360981725,0.0
7.301012870490264,-14.586413662839766,0.4265533408999233,-15.786678419707986,0.0
10.791104087818761,-26.2370717483881,-2.3629868365103657,-0.2733580549954684,0.0
2.0354808890733365,-16.284747638589426,-1.7764159258722125,8.641376860764284,0.0
-0.09379413216357069,-5.205626880786889,-1.640436565302652,15.304141434286217,0.0
-12.539254943965314,-16.017032009638847,-1.5244783766964187,10.032765477633593,0.0
-19.78087659453231,-20.11785850027121,-0.22664804455118515,-1.7758195322377865,0.0
-4.729015079686663,-2.3125762878360776,-0.45436977719795313,4.138117358749778,0.0
-20.56489031298846,5.79594188669616,1.6150098264287058,2.4086015022398692,0.0
-5.085086684953639,-4.265905852369247,1.5258980675833465,7.810360047677003,0.0
13.174331791866184,-9.337898223155888,1.7130949315347532,11.441252230827546,0.0
6.257632728235417,-12.173256314430212,0.2970194800722097,-0.3623932866899463,0.0
13.426034344267888,-10.648873640817927,-0.04694115974227997,-0.23198304646066958,0.0
5.675385499426888,-14.675174461761843,0.2659030051609161,6.181026594711367,0.0
-7.376641817676882,-22.360560407847792,-0.3075972419799662,11.848737529819662,0.0
-1.7240623759532747,-15.981788792716097,1.2727002222759234,13.627532105958243,0.0
-8.396780898844849,-17.199691917549043,-3.2114508731790297,10.033276525729097,0.0
-2.977680452954976,-11.277049498068305,-3.5114588784285,8.722771613210078,0.0
-26.34301749238916,-10.329165256418584,-1.077328608215971,16.606488655857596,0.0
-14.491279981289669,-4.6158361955349605,0.4634720110706484,5.964990708062924,0.0
-14.180750223880874,-5.1169324574352295,0.25005825413695126,-1.8588754151901916,0.0
-12.111852465999572,-12.424592048209083,-1.3078867109880228,-7.928799945555103,0.0
-20.292483497470524,-8.89640914095857,0.7575153824484578,-5.135170737148913,0.0
-7.131711669514728,8.255975977330046,0.5133929910968404,-11.234785482393965,0.0
-23.658049073984646,12.431928821174186,-1.2501685712094566,-6.360794535467414,0.0
-7.037996888632824,-0.24602827722914355,-1.9241732575111685,-6.002240301527383,0.0
0.21329443166977047,4.78284875161204,0.18425504615233562,-3.370880990028569,0.0
4.239411051120559,-17.405418580637395,1.4972221674094515,-7.608680334148088,0.0
-7.183918943151351,-14.282213951342932,2.122840927735357,-9.80502795226011,0.0
-10.977050188858774,-36.261005176616244,0.3735714113797468,-13.101919557967726,0.0
-9.379717134272486,-25.13666914690574,0.28025398234154614,-15.61335301538356,0.0
-6.963167682996939,-24.004203026705174,-0.4572801406472156,-10.902046598941455,0.0
-18.541852224637598,-6.712083974868661,-1.244027161971232,-13.467117444375978,0.0
-29.953231253102853,1.9748360650420524,0.170051994354677,-22.18255483978475,0.0
-30.36514511401719,-3.5764480951296025,-0.19544178936198608,-16.288598627786556,0.0
-0.8527225798532196,-6.630446057310658,-0.736014176227485,-18.463216905179543,0.0
-2.4225136653652886,-11.39206068697996,-0.9234874023595994,-18.184290613942775,0.0
-11.278980123982603,-5.581066435309172,-2.3567761465796444,-19.420001222627178,0.0
-17.428305840592646,-10.211778328565998,-1.6018898151040692,-15.887068588609159,0.0
-26.995923142679423,-12.287872853919907,-0.8837759121492077,-14.428704400152164,0.0
-19.989495120722534,-30.703733969022494,0.2595418102193207,-13.992554136253837,0.0
-25.684253977807735,-10.94711938174063,-0.6228576575066174,-13.331842670600718,0.0
-15.560746736581164,-20.166371659238358,0.26942997961229254,-10.576206690715818,0.0
-14.610061676697807,-23.359660436381652,1.3646719885452916,-13.181386634362482,0.0
-24.840410737582907,-22.85883997245339,1.4168261789037349,-7.816393723626878,0.0
-4.251069586834774,-13.539399601071118,0.07260572585655656,-7.784866767824848,0.0
-12.60815475801649,-26.36112411459128,1.3931586878401157,-5.1088785386964215,0.0
-2.3496850265835647,-29.683362709730318,2.063515452795696,-1.1987482950350303,0.0
-14.551004456858236,-31.824524112090156,2.48676455073989,2.6519409392978512,0.0
-13.858540713935533,-13.689694493587849,0.14029130835743775,-3.173854421139862,0.0
-12.11172149778896,-4.673954187100362,-1.690366032631629,-1.9597617047047784,0.0
-23.26432025642019,-9.54040474078904,-1.6600140566365331,-2.553378103530479,0.0
-24.480663960422856,-5.632508588981413,0.5092721884269455,-2.144719552454479,0.0
-42.67201681515375,1.1408370888519208,0.06367297474018871,-6.665008331359914,0.0
7.332373839289591,-0.9264531095867383,0.20255581246487941,-6.408439698187661,0.0
10.026501207277194,-4.558023062871769,0.9681872233844716,1.886696702709746,0.0
13.430025659988337,-0.31385947416950266,0.7539951100777283,7.627221720539812,0.0
-2.809320396770704,-1.3947589984098752,0.8328945044817231,9.572132872179482,0.0
1.3385545491170392,-3.391625398430552,-0.35109914549796806,15.221823616997252,0.0
4.603293664006509,-12.251763464682286,-0.676634700681331,6.935293430400758,0.0
0.9959825935658477,-17.276354415947218,-0.9539284089263766,10.851063961077855,0.0
-5.170049369167001,-13.556267546119962,1.66569805864411,5.613156268708859,0.0
-8.522058658449055,-20.121746184718027,0.19675643749956823,6.161438012365994,0.0
-4.617755832175801,-16.211780318059013,-0.14681510981137508,5.2691936629717055,0.0
0.6319404968388078,-13.154851229417412,-2.04779935170433,5.137695930890218,0.0
-12.755097868233065,-7.705294937434163,-1.0722301519146138,-5.477304913532337,0.0
7.1711040772339265,5.835795037343853,-0.38581170450486973,-7.076962383947818,0.0
-14.451809751812947,-2.025747231830543,1.866148098328217,-8.754056424283057,0.0
-16.505328758336603,-12.504208960588628,0.21643994412451584,-1.721937582276901,0.0
-5.390020345208132,-6.99908461921713,0.2573585879654432,2.6515845496766133,0.0
-7.85599002918316,-10.288912170263234,-0.1193872047232653,-1.804840840255018,0.0
-24.55771381662791,-1.442692977366395,-1.3186763251251823,4.538306088629155,0.0
-23.701404800827625,-12.665300097146101,-1.29566605085647,-6.128920033775545,0.0
-14.833011871922027,-19.68493771056854,-2.9043551757999455,-8.685537940270912,0.0
1.0119672571543141,-20.413185012288782,-1.5093077227785308,-2.7163448387840803,0.0
5.737273098259028,-30.89757998859273,0.01916794399633956,-9.280795307562844,0.0
-0.554904722018513,-21.848058547981623,0.9232751703294917,-9.865727996418002,0.0
17.696755859273022,-8.423025333171035,-0.42654615910909566,-6.904225480022442,0.0
10.284011128258307,-3.9058406070734635,0.12905486150377843,-2.9169693444921925,0.0
9.823398628197406,-10.245193736876358,1.398048438950073,-6.552708384885502,0.0
8.711333986476541,-9.607642909930288,2.1481621497296066,-3.4322746355291462,0.0
11.379058157629752,-21.97164877357481,0.7244371620872083,-0.09544879646141613,0.0
-1.7169604372872804,-8.687423445651056,-0.04493561146652186,5.943428506138843,0.0
2.594566733105399,-16.489797836140784,0.12606312598362585,-3.845806310517341,0.0
5.6891923921387715,-5.813826712796783,-0.24474531831241775,-12.769639433517423,0.0
-9.756727294487732,-12.423953052108454,-0.45515075664806987,-13.06594194041214,0.0
-4.573902464263147,-27.66748042964874,0.7087559251922895,-14.198169564609046,0.0
-12.079887669272798,-12.584689243844625,-0.2233627119728414,-5.824923704027745,0.0
-0.3509233061488466,-8.453547906679429,-1.2211718978202513,-6.8025230407994695,0.0
-10.75480149722218,-13.342015519490237,-0.740586952218653,-14.694725434834286,0.0
-7.7066903410176035,-2.221572678877342,-1.0364617371487075,-5.976659563050811,0.0
2.6952713728864097,2.040622206560652,-1.7364106790646294,-13.327368956161473,0.0
20.261720924634137,-16.293931374188354,-2.166916850021366,-18.818898163844153,0.0
30.736914924055128,-14.91606821986888,-2.029402892951751,-2.5437716898793052,0.0
22.895591865089596,-18.720256669175342,-0.34676382504106484,7.040196925651006,0.0
16.32310924306625,-21.1557737830045,-0.7371160111806293,11.873281364226505,0.0
12.413507505357476,-11.426662730268074,-2.643542666854981,19.87428203849273,0.0
9.771911278302076,-21.77244796085636,-1.1132835613221246,26.12463922119307,0.0
27.56699592925703,-7.137674404242199,-0.6438282993950065,4.4324649596439,0.0
14.828407272657405,-12.685998536556768,-3.648482027905223,1.4833540068046198,0.0
19.989366479083955,-12.693729146046088,-3.038832062609095,-4.651059446697454,0.0
31.417827704499803,-12.921773886818942,-2.4660845084520764,-4.879827390066422,0.0
27.200193635876055,-26.456781733330438,-2.1133620595115072,-10.928314371045863,0.0
21.07077920921176,-10.489268737105197,-0.3705656002427273,-9.682071703516865,0.0
28.34056079842253,-19.321316977901578,0.7708151624852835,-8.696749831387429,0.0
18.238442357680974,-21.008087385687773,0.23840300774148038,-15.835637684691049,0.0
2.00911979384567,-17.144336471582918,-0.8987539123984076,-9.332875291793318,0.0
8.215168526543536,-21.968002907408167,-1.1212526393248825,-16.084925156826586,0.0
22.763181192405757,-23.45895093772758,0.27218742524182526,-15.735504810679739,0.0
12.863217625593293,-32.67709385331834,-1.342945522743526,-8.09670881604524,0.0
19.68681532858829,-20.03159872754898,0.7308290044733767,-5.893709262841339,0.0
31.231133816956135,-12.589744151919158,0.05937929077283843,-1.54848552721672,0.0
17.145140502559755,-18.4529409184441,1.1032056353170023,-2.7705346424998827,0.0
14.702401929143726,-20.425930980268866,-0.8057259620816686,-8.90743848107768,0.0
19.934297329790116,-14.65976359117354,-0.9548776275010868,-8.519422032272495,0.0
31.522707249757197,-8.844406708443254,-0.9856526485359085,-10.61737048129077,0.0
2.510030749532291,-8.782488261769256,-0.21670348840243436,-6.419798201711638,0.0
1.5250360551751987,-5.690681399807339,-0.164568216825201,-8.875727575953567,0.0
1.3684183920942186,-20.742382163630353,-0.6793962477391285,-5.716435911285407,0.0
21.678937942184472,-26.1500960185544,-1.2621446810697134,-10.931896355105604,0.0
11.147449729491347,-24.708590564210976,-1.141663069595614,-5.965597453058732,0.0
20.65940331668842,-7.907775185363089,-1.1648373286451168,-5.930189684264574,0.0
18.12524698827132,-6.683135835481617,-1.6603109390620987,3.391327545206929,0.0
8.06746955680357,-4.572459341012131,-0.07318717707819034,3.929954721533399,0.0
23.29625810580396,1.6115070858915566,1.5238640904813698,-2.3956340467729937,0.0
6.203427448911726,2.2613507231647496,0.5559717886568631,2.9813295828981503,0.0
11.155303827518294,-5.985388211646827,0.4019956477702996,-2.2298760619450757,0.0
16.65847612682406,-6.818572356161496,1.6193407420107455,-5.213427925668132,0.0
30.094925457791593,-7.490384588640752,1.6995943161935285,-13.42596285906787,0.0
18.904804012855124,-6.1735809697564665,1.010008746140831,-4.984580263142756,0.0
17.892876941561433,-14.62165999846614,0.24963939640611776,-6.069685376852776,0.0
1.7078845642206666,-12.401296188660904,0.49259132981739606,-11.533901971695641,0.0
15.467421434133536,-5.6902991374133025,-1.0670690413757977,-16.563830062160196,0.0
6.080548738800346,-7.630759159398906,-0.41972503769339564,3.6753377992583034,0.0
-2.2860860173716144,-15.976624593630078,2.219947286753891,12.48770162572087,0.0
-8.23002152650249,-0.19038772181837693,1.3187643094313475,14.04482372879029,0.0
-5.651799106983825,-5.129826717472536,-0.6694612167920866,19.00275471207669,0.0
-6.548944948809602,-1.1485352977242336,-0.5613697261490985,21.789253988694913,0.0
-29.15471452650504,-11.801098754973175,-0.8936511822827448,13.039885065575573,0.0
-25.671296080718076,-5.447669293362974,-1.3784119069750531,13.725547527602373,0.0
-18.13872659035898,-16.456246706680943,1.0247192879651927,23.49954659510787,0.0
7.108940832082346,-7.461638838117569,-0.3044715995240235,8.247025278757825,0.0
-3.1261316501711907,-11.61233713146581,0.9372644576698405,-6.581479938102291,0.0
-0.418318692225224,-0.9678659582628537,0.3918294811210967,-10.899381506715184,0.0
-9.936300105364676,-5.008713485270576,2.9114640332619994,-10.130294727724237,0.0
-16.942322783438506,-2.8684393226786042,-0.22792332847833907,-10.063440155206006,0.0
-12.162749623562398,-15.748910624766982,0.35704655050149686,-12.89341668208637,0.0
-7.607537197808715,-17.1938153277918,0.3394020788377744,-17.944884266555977,0.0
-13.05958412208842,-23.67488814340658,1.7045523489596788,-13.36316838656829,0.0
-16.33684303272451,-8.729073344165762,-1.4571512649014415,-12.017306967094445,0.0
7.944411805758521,-15.740028729767463,1.10171920967554,-13.45018348054078,0.0
-3.3583012328370603,-19.45272706098622,0.5424970713584863,-14.590081194511264,0.0
-17.25781372550735,-14.694306463879496,0.8810994375623307,-10.091779714705543,0.0
-17.57139745396379,-17.794103360548668,-0.4958429865838688,-6.206835547390167,0.0
-7.596538889187189,-14.826961580515542,-0.48266006271354095,-8.624109466042547,0.0
-4.020763394146709,-24.20528179092674,0.12346312083762037,-0.4670296334775106,0.0
-3.3425853754155703,-29.956514562270883,-0.07772913399936972,-9.680303176140672,0.0
-13.188668546274648,-25.531477635047388,-0.6277243049660486,-7.663329888338392,0.0
-3.2362910847536686,-13.293012100018366,-0.5513736928875482,-10.105223509374895,0.0
1.342605798374108,-8.540464396570563,0.021251180349860344,-8.251899043521872,0.0
19.59983216160484,-11.000384676900214,-0.39348498425424383,-12.55399176598009,0.0
-2.0215285629003192,-19.885876899806924,-0.6191964290562438,-19.36021210254241,0.0
-13.355931003483978,-14.198284328143906,-1.8146963374246026,-15.431544711143731,0.0
-15.197234487529808,-3.361636355064465,-0.72353539451365,-15.639014247464747,0.0
-13.469081333692483,-9.230517725437542,0.5867967167718355,-13.423335192029212,0.0
-32.74645702440059,-12.577474025768488,-0.5718271162135222,-16.11072206668687,0.0
-37.88136234188622,-8.706002437714051,-0.07014407589645733,-14.42916351372119,0.0
-14.985431112569072,-19.156007352139433,0.19583274864631295,-13.465853522603465,0.0
-23.80693043274576,-27.286690161098093,0.5901999674625104,-7.043256823753309,0.0
-1.6532150215368429,-21.542954762709904,0.1125034330688574,12.573798219831154,0.0
-32.47193038816059,-26.26918519094019,-0.5251234871013836,8.285199126344155,0.0
-9.866107019915978,-14.018986095912215,-0.11137014203073903,8.602760828538207,0.0
-3.33826315512659,-15.245489784005635,0.527709624728635,1.9959974341798876,0.0
0.5216576592313267,-14.602939176368162,-1.4112739105013636,9.091397966405323,0.0
-1.181619641135149,-6.7942614417461815,-0.24844112215866554,16.3518442721103,0.0
7.833841617987631,-16.451452933250433,-0.9220276343252914,14.14817916016364,0.0
27.573731916080423,-16.468442360888766,-1.981679115891785,-2.5839744277943417,0.0
7.712022983292592,-13.993009738502472,-1.516276857553752,11.857410288812162,0.0
16.724631946513504,-14.637062477133153,-1.6795421574531075,12.956353503026275,0.0
17.62831975248189,-29.41229435885703,0.30984010991462174,12.46363062882367,0.0
17.511857895277114,-28.67082720249082,-1.384239806443778,8.504746965715512,0.0
-6.192795793172931,-25.538346148750605,-0.9694192229810852,1.958212069584433,0.0
-3.6931394070634562,-28.350359505654918,-0.18389877100644214,9.807731915440794,0.0
-11.838007125105692,-30.289611920609183,0.7518820112057873,-2.1794805960765142,0.0
-5.353959570602842,-18.90242598885183,-1.4701242008400561,-5.73654953891538,0.0
-5.913411381312896,-15.343819615105781,0.17662925699499835,-5.310406503002111,0.0
-4.99682887397144,-21.99902912180561,0.3447860673372994,-2.453494107603195,0.0
-16.806934645604215,-13.582424993916563,0.9786181895044695,-5.921958209468005,0.0
-3.4186933057233713,-10.765631644396978,-0.6758852673811331,-1.2733407267608272,0.0
8.02531929924566,-10.406171665381214,2.2104857940904266,3.603982658048089,0.0
8.885164555091364,-10.85275965686565,0.21898916501603147,2.7782674733795494,0.0
0.7670661585723355,-0.2709974912789992,-0.3015463547076806,6.6790422738265365,0.0
4.722682121058057,-7.787142988691601,1.072640933606102,6.121634046546796,0.0
12.226206343269581,-3.620656759887157,0.8118954275520002,3.562096130166598,0.0
20.663796555865556,1.7556596113389666,-1.0225703128742523,1.7537002555626087,0.0
15.502554938066842,2.0724041183978947,-2.0263953411559608,1.0103378850127447,0.0
21.301597836113572,-11.599438200483505,-0.29487610565939226,-3.1706522834683426,0.0
1.8056762315865393,-14.309856156225843,0.8337631455682739,1.2437833280134667,0.0
-13.021762254162155,-6.647162418525854,0.5298442239428207,1.6569284945342244,0.0
-9.409052942253325,-4.882112044142357,0.675747754266653,0.2703228623813896,0.0
-4.09650904895175,4.833756539981993,1.097808864806022,1.1129377859422895,0.0
-10.10581242685413,-4.564543154360646,1.9600517577552756,-3.0497925553796392,0.0
2.4350610785533315,-4.311548665835249,1.0890188677396395,15.57877085731098,0.0
0.8798450545916214,-12.862127612180112,0.49206355243965993,12.91102874985584,0.0
-11.152620633249956,-7.778199013399713,-0.3373050650835699,10.839454589056775,0.0
-4.544329153118742,-7.029219124362933,0.9402513698457746,9.765241266562535,0.0
-15.147733314610825,-19.953941109561853,-0.35171123698639073,5.3394985355772215,0.0
-8.91777889814987,-3.406780431881465,-0.9750079224548154,4.293505163329791,0.0
-24.946123317354065,-15.585682719497818,-1.039429195926756,0.7131004017151921,0.0
-25.651878096252382,-22.079139030789676,-0.5951866248816511,9.06834988481511,0.0
-14.38556001182259,-15.588503544560115,0.5183120899057276,-1.1101446274800635,0.0
-18.28032957139474,-21.00829149990281,1.9958330474701447,-10.062456146816201,0.0
-10.204459998205857,-32.65535794634509,0.17285886681122523,-12.48177238743553,0.0
-35.94632082061983,-20.64798814799716,-0.693642260065939,-10.389677073259008,0.0
-32.78901372954677,-16.85693751040474,-1.7154495017996334,-16.467807804223344,0.0
-32.10130334891706,-13.747554907785458,0.6057844420596219,-7.5664343162451955,0.0
-25.012336921533233,-6.810958804637917,-0.36099143909547843,-13.131822929531154,0.0
-35.58900220039879,-15.524081914342322,0.5838096126278497,-6.3247391800137605,0.0
-8.822214447296886,-23.838704294901177,1.0986813222059197,-2.757992046218329,0.0
-2.4213746863296333,-17.768903135211723,2.391939404873348,8.39637371262928,0.0
10.228675094254324,1.75531150693757,0.4131732767745073,11.305361562675975,0.0
13.210102855222711,-18.038626983630756,-2.332064137269489,2.298092965491821,0.0
9.131250042523364,-28.977835420658288,-0.8584565726763792,-16.72808288914922,0.0
24.813491004562973,-21.871406901505782,-1.5547961352057587,-18.74061899646762,0.0
25.9871520714398,-7.042691894296942,1.403432266342735,-10.452205700422002,0.0
33.56980579282308,-17.561956668932634,1.4673660365747376,-5.438345269447078,0.0
11.73760509030123,-29.579471984354363,1.1386732764136223,-6.775943429459529,0.0
20.013446581960586,-26.30843328809344,2.027858711884093,-11.775799295980585,0.0
28.786514915429215,-27.92072604698907,2.840320573510291,-12.00773414617734,0.0
21.205600393701026,-24.239672706214968,2.1346907107519604,-13.175262069202837,0.0
19.642785478223068,-11.190764405572788,1.4363202967954531,-20.7918922416221,0.0
11.058628322178995,4.308030135440349,1.2378594724093215,-19.41758850070501,0.0
19.695291520394083,-11.646972976799958,1.0756265507055034,-6.933034022659146,0.0
21.478524697774425,-5.227788153678089,0.44799230073617624,-13.404403840905262,0.0
33.94301567608271,-17.229242239408816,-0.6225769297112937,-8.676172140062777,0.0
14.64687886327748,-9.23099807965782,-0.36312708255055226,-12.948088453242015,0.0
14.122903234372824,-10.56498128636184,-0.009492584686266098,-11.941991016226623,0.0
-0.41175162423344425,-23.917570235704183,0.471607870376778,-8.315007892579448,0.0
3.5165526145467876,-21.897445833293194,-1.600111935259068,-17.996527148702405,0.0
-0.9995502767196776,-10.004692793924447,-0.1938954621108117,-18.45279899322295,0.0
16.178672518502516,-5.893385760996882,-2.163639393566619,-15.160861953964988,0.0
14.48398475883063,-13.943650571739543,-1.397426996259917,-8.837450386598807,0.0
12.930720305600438,-13.95658435816316,0.08322600976258399,-14.300532070626947,0.0
-0.2131297990881329,-2.5098396116618744,1.0284925181813032,-13.91171027302027,0.0
-16.31857948698428,-13.545104012977477,0.18677646518732294,-13.008448632787545,0.0
-19.73470198062466,-17.57452878440915,-0.5581532045280195,1.3131718856091055,0.0
-18.7149278774574,-19.67368137307976,-0.04888310618438696,8.605656797361856,0.0
-26.072769152410828,-24.69637642889205,-2.36760538347103,14.32017874114225,0.0
-8.261638248335975,-7.632065777668601,-1.6847457847708642,14.978213077652901,0.0
-19.75861648766521,-10.214261247011036,0.8288719637320532,12.769946499537173,0.0
-4.376294354685244,-3.7083817156234797,0.2896826218915958,18.758982901763805,0.0
-11.041515196492798,-12.443416357563217,-1.3719220015957374,12.888379742148633,0.0
-1.7068802090371182,-20.750068612849038,-0.39266200115587746,23.01414442150316,0.0
-1.68725775099976,-24.387218886483044,-0.9855198560002347,-0.10069538037953052,0.0
-12.959424797328747,-26.832305560137016,0.18884933091514688,-3.0951391484622635,0.0
-24.16149314543044,-8.173830180088764,-0.5461536257353776,-18.909919613342694,0.0
17.73882368131649,0.20167770067216928,-1.274728157007961,-11.56162565616812,0.0
5.837134782957987,-14.151378801115758,-0.10944814284403115,-18.57642911675573,0.0
10.87558883703798,-23.463870210422918,0.4759841790650532,-17.09453928204735,0.0
10.781846281491713,-18.143383655717585,0.41520270538496806,-23.127969358768084,0.0
-8.500703044988942,-11.755119372186979,0.5434325915412979,-17.663931340230874,0.0
3.321237214606443,-8.320296203982211,0.5024619204173799,-18.035269035371755,0.0
-5.997689197500622,-17.164841182717463,-0.11606455851271902,-18.057914636437427,0.0
-11.006642488912284,-12.071083673721391,-1.3961103989213397,-15.92890242157895,0.0
-0.8913693088334327,-16.017258791824002,-1.6630283156061136,-6.757444836879136,0.0
1.422481958816915,-15.538759718803783,-0.585350872006583,-12.913140295429717,0.0
-19.477103013331515,-9.834647043967593,1.1621579550326993,-11.908746851987267,0.0
-5.736833863049185,-13.785127752210915,-0.4971422142808995,-13.896230320312087,0.0
-6.379371566895404,-23.736177114741878,-0.8455557142483736,-19.091172671243587,0.0
-5.013074666946985,-19.730123479027036,-0.14384513336092775,-15.84375538515921,0.0
-25.768399348674947,-8.78411788876493,-0.44990847473957424,-19.086606140401496,0.0
-10.21157698422191,-12.238040123905556,-2.4069557781762616,-7.007772045104182,0.0
-24.435444973865692,-12.862986389644831,-2.555005882080746,-3.2103691574667312,0.0
-16.36993336449084,-24.99455357359806,-2.850068329225572,-4.836672090362503,0.0
3.7532020698901967,-14.475118162448402,-0.21017860405878386,-9.748046683806932,0.0
-11.843484831957541,-10.596795075563739,0.46607957725261123,-8.606995171094779,0.0
-6.043745944403982,-10.94875741990176,-1.5763519605446565,-12.043603784244073,0.0
-13.169221577956419,-14.407274229888856,-0.24122652002076905,-9.134701932220889,0.0
-1.6999197700374977,-11.64159575386735,0.1577889876222105,-11.450995026938386,0.0
1.1698461272693736,3.6415191713672197,-0.9551033746589332,-7.773433166915114,0.0
-3.5193423654921423,-6.078117331587707,-0.6620469120781324,-13.496875186966555,0.0
-7.022033214799194,-19.785395244890765,-0.1606443976146036,-16.987179640027616,0.0
-13.880368433724165,-15.19059949081028,-0.5398309775839321,-13.796145582463335,0.0
13.114585794567837,-7.279023900988567,0.2847877157880778,-0.25680716678699067,0.0
9.448916903431293,-10.941466381062133,-1.1555188707228214,6.9768172332296805,0.0
-5.34620524318624,-7.975526792688426,-2.404920437763757,10.819213588552575,0.0
-4.622607336826922,-24.355367048346274,-3.8176240495589164,18.446252437317668,0.0
-5.427409882727274,-16.95075165678088,-1.5941064887953516,16.802831089425208,0.0
-12.238827680353076,-21.81549203769337,-3.928523068060536,13.133605315878619,0.0
-17.83503044366709,-7.20778188086725,-2.4834869797705816,-6.062267948885218,0.0
-10.930852063080335,-29.97789882614463,-2.1530125044612203,-7.633953539562144,0.0
-27.042751744058187,-20.41997871832379,-1.068719146680195,-15.495290563347632,0.0
-28.912692508205655,-25.653269334884566,-0.5130936637100739,-10.7892803046779,0.0
-6.564611371047256,-13.085099003213305,-0.7117083551015715,-0.882556400560139,0.0
-6.855487269367413,-5.7970007345753505,1.7753130791103695,-9.566677186373903,0.0
-25.91318678277222,-6.324423142444433,1.7628695657068132,-16.86156612681971,0.0
-14.276238508083257,-14.380635839008363,0.14004438660534912,-15.006358807742242,0.0
-17.975181373286738,-14.394665958516004,-0.07139912138992896,-3.2781977164256677,0.0
-45.29538137250829,-20.321425214740195,0.5201568002210412,-10.146791391551876,0.0
-17.518654203563294,-28.844555125579895,0.3905025187987128,-6.311975964003905,0.0
-16.790707483210937,-33.8153700907897,0.15018331956730324,-11.594697416458343,0.0
-14.401199477021226,-26.535072591848287,0.9239419764434007,-12.784620637148581,0.0
-9.254458776914397,-22.427775567385957,-0.9647189562355811,-18.71232243450558,0.0
-6.241746352963735,-23.193952743330133,0.5367917776948726,-17.6429728324639,0.0
-11.782398656219938,-17.0185884725355,0.6636835770698903,-12.944866988059097,0.0
-9.821162151666913,-26.308963694938328,-0.015262919668380281,-20.77121437404605,0.0
-8.727170428863513,-28.01064905759839,-1.1020373614138368,-25.65860796496687,0.0
-5.356647671731707,-27.56891568523914,-0.30462100313795026,-18.839845923836855,0.0
-3.042913506710577,-22.375870163300988,0.0017027396937192574,-19.04429996236013,0.0
-0.5718288122601356,-23.947265943632562,-0.615466475040785,-17.97054151350575,0.0
-13.189836028175854,-29.313972409888294,-0.9437582628458745,-12.130336234692875,0.0
-16.524788147193213,-9.275334626396436,-1.14387798763866,-26.01528858387274,0.0
3.6474442184658766,1.8524065371994318,-0.007040974062394484,-24.115132861952905,0.0
10.187645720237295,-8.205961057924917,0.358732671462881,-13.946432131820199,0.0
15.307325658772072,-15.357565561554473,0.5270678222246095,-16.461837092225515,0.0
6.496824499827733,-22.061294979311434,-1.7089137604838052,-17.555171666921744,0.0
-16.074041136099307,-22.261792369806813,-0.2328236945787937,-15.212743216113195,0.0
-20.67397154813594,-18.91223123375696,0.6007124704781797,-20.868363334531384,0.0
-11.545362870357707,-28.05764603380591,-1.8710141981998705,-18.768176628959484,0.0
-1.6441867105015238,-20.864536417670493,-1.3693621686464104,-17.695563343779465,0.0
-2.857936019011299,-33.0178233595235,0.33785734075526436,-18.26546019294474,0.0
9.372076046838245,-20.884098931647145,-2.114164001556182,-14.943748500697419,0.0
-4.670582310237333,-31.41355611479243,0.001185546469523291,0.3719066112331546,0.0
-20.203457555378144,-22.320944523459058,-1.146374339279318,4.57020728198543,0.0
-22.097116888672687,-13.010533773071142,0.34373549364148703,13.205336267033868,0.0
-34.59666225907243,-18.044818156989706,0.7281143319305056,9.503023768160212,0.0
-34.082941621440426,-12.887521123712725,2.8198569136976466,4.116436909145451,0.0
-9.860966866729171,-16.62510483856554,0.334076718038805,5.424967746903096,0.0
-1.7803949141130697,-18.79207077944107,-0.9955822794602114,6.7582220070106995,0.0
-3.5079543669992983,-16.809597764974008,-0.4148804074050413,-0.8032859796654509,0.0
2.978309586481247,1.285176044788745,0.6983095074527571,7.067955519519023,0.0
-1.051547057387296,-9.01957546898196,-0.07762099179648274,-9.218702142603231,0.0
6.594592038473495,-15.872240723372,0.5686646278725106,-3.5319549855386168,0.0
8.86911661236951,-11.285871005922244,2.062980661085176,0.47406636593777485,0.0
5.760674047208534,-20.908502968090144,1.3116161183232078,-11.687967298530523,0.0
-0.8286017606938607,-15.534468776391886,0.23475786788108569,-6.866741726369343,0.0
9.084193015404843,-11.230388369782165,0.372492346315475,-5.267609240303729,0.0
5.440629051316371,-10.036879291891752,-0.587924203656144,-5.561726524337758,0.0
12.901261294148474,-13.119432975372312,0.21632677857204263,-5.508257482031409,0.0
0.6915771280725966,-12.198843266301505,1.917023960846243,-0.617177110569954,0.0
-16.921416847128285,-26.32033611281527,-1.927363038031937,-7.6442337546969,0.0
-18.860711851850745,-14.801209011580859,-0.73195441946024,0.9707176033204268,0.0
-13.675146512147354,-18.78717352583594,-2.0937458493431627,9.880692293483046,0.0
-19.47272513528308,-33.906055078510036,-2.267015229298623,8.66842758659217,0.0
-14.753987411450609,-33.17548560294258,-0.949145584559624,8.794969132609843,0.0
-12.510384453355197,-20.329171723834534,-2.1622810886070045,10.365496227179625,0.0
-32.22528533449103,-4.528424463628117,-2.6369536454214026,2.784913599283385,0.0
-13.49951293491894,-8.4000674922443,-0.5527313716302275,-0.6154906603483408,0.0
-17.194929064512458,-12.495401616135856,-1.4548840280956723,11.183500675217775,0.0
-18.294226060830095,-15.023871307474565,-0.8103985732371835,-0.13007387361500378,0.0
-25.39264282616481,-10.249185377432909,-1.2090212679423114,-2.3588534134940824,0.0
-17.909064966831867,-10.195131869993606,-1.4701876187498912,3.365301682821913,0.0
6.525220630738117,-4.207796551559055,-1.2758301739803828,-1.007811464208995,0.0
12.20086661864234,-0.8344774906359387,-2.0869254665158756,-4.133740980406254,0.0
-10.31253697789342,-1.7554133122905196,-2.251649332524574,-1.7600541096610272,0.0
-14.331172975501694,-5.317334989332195,-1.4865791556463785,4.197355576830249,0.0
-17.57619059526722,-6.56687275080945,1.315792570931416,7.329812154829228,0.0
-23.503896670818122,-2.7785170767314886,0.9583470488711632,5.081351750143786,0.0
-26.20241730615121,-2.208760892390955,-0.6518536426469613,3.73317614888457,0.0
-16.87703207761223,-10.892980689456767,0.4463648679544246,3.2332657231787416,0.0
-21.511426796104047,-18.399632561209295,0.3357490028369038,-2.0573649659556135,0.0
-6.720219048794158,-1.2405932822481116,-0.06251919777674042,-3.7336422300369607,0.0
-1.2495754868364521,-5.537076975960853,0.10336360892880325,6.143454594769622,0.0
-0.422025928798746,-12.890683727567641,2.0131903942303935,5.922853570087863,0.0
6.359694110950919,-19.985981927726773,0.46417915827982853,8.978736258039765,0.0
0.7527837596382927,-21.669687344948645,-0.009326789742757025,5.322690816670381,0.0
-28.191472104446532,-17.193084259801708,0.6484608282929426,8.269567634847856,0.0
-30.747529881988733,-7.938296731452169,0.42254144622360545,-0.013197082197112353,0.0
-22.573145640776744,-15.476803653821056,-0.3990185917443201,-1.88451344695043,0.0
-15.286629973948939,-19.020217661712678,-1.9370437445551167,-1.2296252451174994,0.0
-16.603064173599904,-21.12215845239845,-2.2002661010072266,-3.166124679132364,0.0
-38.83882043849448,-26.540130814477656,-1.1975754503447504,3.447187837054264,0.0
-32.595564666278214,-27.184286164390706,-3.249655432401825,1.2809066799686177,0.0
-28.517285400080752,-32.42354104786517,-1.9667548809227138,-0.9785323629057012,0.0
-25.63138092680339,-17.106057528574226,-0.270203153846312,9.210754156253977,0.0
-28.643518081007592,-9.988362950802863,0.6527675498342516,-6.467643740528158,0.0
-20.191788694195633,-26.99382872530024,3.3240085042398677,-1.9350211323452435,0.0
-21.48406736292668,-14.218278082789505,1.57866621610246,-1.6700364926376388,0.0
-17.9409646943585,1.1890770605058556,0.5125476292749748,3.0667774258875933,0.0
-28.803359115641168,-20.81826439951492,-0.7598585412184058,-6.759872610114565,0.0
-21.06233173004076,-16.147799716737133,-1.981421615058312,2.0652004164685316,0.0
-0.4291234453946178,-10.198621000049659,0.14261534501548834,2.526848071039566,0.0
-11.411702615353862,-13.46511016591383,3.6610826813413175,3.077902203751866,0.0
-35.79661046981654,-10.350547478526874,0.8325069373043159,7.349198302118021,0.0
-30.89710050094353,-20.50844512758134,0.17720674709734463,12.974409017027845,0.0
-39.35852599399881,-18.20714855398069,0.013536846419173632,13.895976283183108,0.0
-40.70016437753809,-12.892238593380785,0.9657895263442796,3.5238187463883284,0.0
-27.065308074473617,-2.6178878146634013,0.5692071409653557,1.0499641865094276,0.0
-2.3583129491863914,-21.131722757272527,1.4660005902944508,-8.96488538870493,0.0
13.966042476061073,-7.854051270970057,-0.1303187580358376,-2.9842172190581167,0.0
-11.941674331799158,-9.850223515776012,1.2503177839598445,5.235336773876384,0.0
-15.48319951029235,-12.40892161405224,0.4535453908045018,11.994103979259329,0.0
-23.86351777007356,-16.580705387663183,0.6550657281890269,12.658211368050367,0.0
-21.998861060325414,-15.69467641726958,0.21899850315119296,5.957525340118442,0.0
-28.819627496950748,-12.413426930299337,1.0886203437280337,1.0487865069253601,0.0
-28.997419012524134,-12.512691879709283,-0.3387663049356354,2.3369144738902494,0.0
-30.001421469891326,-11.29896272570299,-0.4085045547165665,-0.43631764464260936,0.0
-16.239230553489573,-14.271713897676406,-0.11933384185243137,1.0378022666579003,0.0
-12.978630050424371,-11.184225026117419,-0.44113617259141313,3.473348463974186,0.0
-7.935951137942803,-12.329720573540207,0.1856998358523379,5.208751438295929,0.0
15.523404013788895,-6.600194003197524,0.6863404989982074,10.288117096162967,0.0
17.28105248083608,-8.755474754040534,0.25363952233438336,5.8273542824581135,0.0
-3.259036778503776,-17.133889324148,-0.5912602264607972,1.5686390656479436,0.0
6.677675304846536,-22.17330194563438,-0.2127933775753847,8.873543026184745,0.0
11.511271026313983,-26.149451505809964,-0.5787270588156355,1.726508868682739,0.0
7.138416855907988,-38.5242359622609,1.1253209344848103,9.631771050414326,0.0
-10.472453865780377,-30.073042368392425,-0.03154071841805056,6.256374733652681,0.0
-10.775036781525,-25.570029133717544,-0.8494604176330272,6.139589899651664,0.0
5.437142469588025,-5.979239468819772,-0.7810336036624179,3.9253545821542826,0.0
15.160509034701118,-13.78111463704806,0.10748653008225156,3.320440778418736,0.0
31.48952236216313,-15.620012168215135,1.1424461030697253,12.94386850175942,0.0
29.77515810019974,-20.778810977247296,3.047733055629926,14.492426125869823,0.0
33.340722392773436,-27.949818078994568,2.56997410531985,8.180404101080736,0.0
37.3849827680522,-18.490505837715958,2.0040121980350123,15.127589361542508,0.0
12.546886197794914,-6.133966833064157,-0.767690036949319,12.105513462328389,0.0
21.637430820857134,-3.92095936266478,-2.193278296854957,1.9539962753257027,0.0
4.2873152038054485,-6.341377905130263,-2.0530439112483365,9.57671836224582,0.0
5.3936280457752765,-9.885343249886684,-0.0999705613453622,-1.221836832915244,0.0
19.19122953397627,-8.670932571650193,0.8017946067599213,0.0016970380220686643,0.0
4.90709188468161,-16.138019813292072,1.1330065472210284,3.947266068744461,0.0
-1.5004152179367427,-6.040086716172112,-0.7128993776801764,6.977552715188028,0.0
18.83292187023645,-6.125473060327947,0.7930736697971476,-0.2915555115709534,0.0
15.09009566568605,-15.608833485942174,0.5071244158295268,-0.837877308772047,0.0
13.681851226762385,-13.796182324832728,0.6638769301431622,-7.189797978836289,0.0
31.961337583011034,-16.950776371931568,2.011381332676572,-7.348942016846805,0.0
4.541233501263282,-9.843758120450477,3.0152729542600962,-9.874792489643069,0.0
2.62071909759959,-12.084731323012637,1.6444520894514651,-9.664577305129555,0.0
7.241068527141815,-4.321845279822822,1.4594366406480155,-13.024656096009231,0.0
-5.420280469526926,-12.230093470967454,1.4248510326214696,-10.107055255371666,0.0
-2.4672800904446515,-20.466774879145248,2.785572823368793,-8.628611316679818,0.0
8.431592274663114,-26.012396894908562,0.7441028817694185,-16.870737439756393,0.0
-4.55983596296492,-18.0646064031568,1.634216595592183,-10.415837208976306,0.0
4.560369439546791,-29.862303555678633,-0.09332445096821165,-6.622283571597253,0.0
29.21650852687921,-13.911773349229804,-1.1162940051570498,-13.09923367392846,0.0
12.84232399357752,-15.796157583923993,-1.234386485118461,-11.577873607260285,0.0
26.842852152264083,-21.81716398113911,-2.4714130295544785,-11.365008766224975,0.0
17.562349757310894,-26.45665869582807,-3.846714593974598,-6.5071120152688575,0.0
35.43298184916811,-15.809827411769316,-0.1420864557969027,-15.535551301631141,0.0
20.807683867404844,-11.445971210304762,-0.16886789959234538,-7.7128739105421324,0.0
27.527687180616663,-12.119524259950957,0.16125252266601398,-7.2249339674939455,0.0
49.23574943158452,-12.183224693974061,-1.0431587648837148,-2.315668005715135,0.0
32.55466697896765,-6.177092500173263,-0.9906479329759852,-7.855984975604716,0.0
0.5831472442647794,-10.042266844949053,0.7681052121005899,-8.160666790851627,0.0
11.305300292274797,-9.744698720430854,0.9610304821279924,-6.572781801353844,0.0
26.150473288329003,-7.384285278960462,1.7268982276423641,-7.188661010200638,0.0
11.678342863264023,-0.1444210767427112,1.62852568371906,-4.486977103425494,0.0
-16.599369593460185,-5.650556571264934,-0.6951219738411359,-4.198919387173868,0.0
-23.787935583984936,-4.31131952193112,1.1506494541201235,1.0656199624229075,0.0
-26.86021436246217,-11.69386834747588,1.548821233870889,6.301061423020045,0.0
-25.281624067293176,-5.0013042152206575,1.471586312620289,11.279419062084006,0.0
-34.79187891552919,-4.40597253173917,0.3283331922741986,13.991501252802447,0.0
-23.353298653342996,-4.4700752022431995,1.936816187386114,12.672831958112639,0.0
-32.9252612726261,-8.763388642181752,4.018370499764979,9.819161482361846,0.0
-25.122349876595436,-6.070169430971034,3.779708162946388,-0.6117158577001032,0.0
-8.225749792305368,-2.7526293398514134,2.020162057656365,-19.100322173992957,0.0
-13.084240442509618,-7.93822487691555,-0.12825936525256298,-23.80718423463142,0.0
4.759174946436979,-6.481512637914449,1.0434456310855638,-21.976511678697477,0.0
27.08932992773474,-10.26486521714042,1.7705870652449367,-15.545182686161873,0.0
20.644404379304355,-17.755880589592252,0.35782317853265877,-22.583370893979883,0.0
9.12042079396367,-13.856708028703734,0.07837777302259323,-19.169358793132737,0.0
23.011650662955923,-29.235739308162522,0.6246582108604699,7.481317367382507,0.0
24.49767783115589,-18.37596347139741,-0.4191432721368895,15.621428762399338,0.0
25.539699526551576,-28.213224401327345,-1.9446845612037484,14.030530035091113,0.0
8.926160322837736,-29.104533883680897,-0.8219592302557143,8.832807973279735,0.0
17.71504763162548,-34.067659047538534,-0.6011339175481942,14.495487205178215,0.0
2.805018639370137,-42.78724799083848,-1.2424990689521185,4.386449369957383,0.0
0.34417523091515534,-32.46917322683528,0.7789331456762596,10.000662246371157,0.0
6.9355359443150775,-15.640126820594391,1.2584186597656635,9.583564065182081,0.0
5.048791132935501,-26.72418585197544,-1.0682850121401803,9.955047594707722,0.0
16.21771404652001,-22.487652325930547,0.056109615506170635,8.78908662051163,0.0
7.307459608575726,-12.036166331389907,0.6001330496760966,7.405536024307894,0.0
-6.300973370601098,-11.901638814499513,-0.5425373983166583,8.876060113353015,0.0
-4.565445687062175,-19.193485480711956,-0.8311163390359875,4.156146375613545,0.0
-2.689636726480275,-20.086009809228685,0.6116628198690885,0.2218763581085943,0.0
9.814807262084248,-1.8615812276349395,-1.1166742233829716,-2.869771146703107,0.0
-4.597867594137936,-5.147740182186846,-0.18115229644469744,11.661503650827179,0.0
-3.980498546763732,-5.095506164517946,-0.6530597503030718,15.149170825299585,0.0
6.380107349078134,-4.117138270987638,-0.41978217649309923,10.877058667794,0.0
1.113360156633402,-3.511754559973843,-2.4248559993714522,13.236790351754458,0.0
-4.743255800500227,-8.774526161918189,-0.7950794963518464,9.698603784202527,0.0
-10.702072303029519,-3.6565311141366745,-0.01316785572428214,-0.07279106261149959,0.0
-9.726853664307187,-21.625877912892232,-0.8560342172417305,-2.1555442648964123,0.0
4.286203078829168,-19.654755813045156,-2.6111567165032854,6.077737242741286,0.0
-1.6451307088137845,-10.591442299169458,-2.575946534638807,3.057925780951418,0.0
-9.017800730010055,-20.232854315999873,-0.807357767407618,7.260379178700474,0.0
-11.56375336240298,2.626059293125902,-0.6837233403596873,6.187751957289155,0.0
-10.043097637658493,-13.56644815998185,-2.805247165088739,1.0141328981900661,0.0
-8.519880326828007,-19.382794397701712,-1.7822485103980192,2.0005947865277887,0.0
-2.5252811046386063,-18.33592745088464,-0.5573759026399344,2.930212537797771,0.0
-9.600548783245955,-10.302664231340149,-1.292331371362548,-5.757758416911706,0.0
1.7882649857888424,-8.65002441123025,0.24724157427853846,-11.081693006849633,0.0
-4.2005153117277665,-10.43763746043198,0.5995490709781284,-7.387726179395208,0.0
-9.555570989109832,-15.49074707531549,0.872237056624338,-13.059667378574366,0.0
-15.337070707201597,-16.003360176678996,1.0142187877445108,-7.8723727659983735,0.0
-15.120616878234205,-3.2035818952084263,0.2827734394768577,-5.816901769344807,0.0
7.471335079190524,-11.434418269362002,-0.009796062829332874,-1.2672797725003973,0.0
0.27072403351563157,-4.939141456017978,1.0048453236804118,-5.559562074705968,0.0
20.720050266072487,-14.311019820133746,1.2621299561428507,-3.508849522543061,0.0
27.83111333658737,-13.956277025527807,0.14549993120486265,1.4415156101869329,0.0
26.01487876789627,-15.202448733616706,-0.6744890435999988,11.203205094372086,0.0
-1.8636388453097759,-20.05195547442527,0.9256544720870039,19.31773727084824,0.0
10.042870164862137,-14.0391029715537,0.9853639879898053,3.6935538394318037,0.0
35.206226027608466,-30.175091915897944,-0.08971902677955168,13.440488491075602,0.0
35.31101790674085,-21.87936480896598,0.07209447109593392,13.514955084671406,0.0
38.59956848303221,-15.435975063956576,0.908300713829185,9.044137385414727,0.0
33.893693094465924,-17.0910378885595,-0.3732426990902822,13.517615113526304,0.0
9.922637803311323,-11.599038765036163,0.6861985152987837,13.757991990744909,0.0
1.1557169862868903,-15.004527903450255,0.7136176179948277,14.148557521690918,0.0
-2.8886199737896394,-14.507386233645587,0.7506341837109548,12.790684987429843,0.0
12.52690966746675,-5.572893862967291,1.2440420485302224,15.224189930444421,0.0
25.1355391962654,2.0746060105821655,0.7713213155321252,16.325251270545177,0.0
28.48280993951267,-8.644747060718554,0.46269938744855477,23.80174648661562,0.0
16.8760786237765,-13.367249996516929,0.45009883283048224,22.562681798777817,0.0
21.226580016627594,-19.369793542953065,-2.007589683137942,18.509892840935336,0.0
15.97790591947767,-23.191337231547895,-0.6116648380543344,9.260999929923617,0.0
9.876085066761952,-29.860355355625543,0.6594190106529707,9.916571989551839,0.0
16.72917812150819,-24.46975590481486,-1.0980236354150517,7.219761544610625,0.0
16.54190449963513,-12.706157984788005,-2.2499010810190416,9.962765233925662,0.0
12.757423531554938,-11.83416640584287,-2.6604128560532563,11.885196348274526,0.0
-7.582531556264117,-16.754556873447143,-0.49181741296615644,18.37249726775549,0.0
-6.680753949607396,-11.592093040706832,-0.22267529767583055,16.78767455408737,0.0
1.827854268223529,-17.704907733740672,0.4099664334222423,21.85302443583295,0.0
14.349722335138736,-16.835382825151477,0.5454764058882828,11.020454270619817,0.0
15.024229314552331,-13.316947948619223,0.9285564033727003,12.41431821999279,0.0
4.457498524451598,-5.115960846741617,-0.37623940605839123,-1.6862980643256524,0.0
20.81864206479344,-3.3133964634723725,0.06338195609823472,-9.916491937363702,0.0
23.21794355601189,-19.433475313443957,1.2079234899645508,1.121642629772337,0.0
34.779010317974034,-24.776584758282336,-0.5979207296032306,-7.963201149857387,0.0
41.34389951939667,-26.11966755410812,0.8217913244331954,-0.8719721770640734,0.0
27.998821531421175,-22.382698210306692,-1.9318304637118158,-1.6113758927269606,0.0
7.70129803329277,-16.472686912253266,0.14133390545139107,-4.806851427232686,0.0
-1.9787613143305545,-22.38120626962955,-1.9423364676691153,1.056827364305121,0.0
6.012688319876724,-30.237781783852718,-0.844107570534291,3.8201025208359765,0.0
-0.19391355034666757,-29.107425169207936,-2.8920494450945036,3.6412627910201625,0.0
-12.40106200233768,-16.181924930392498,-3.0717388952649776,0.09255072029577249,0.0
-14.108638310851925,-19.70821050139367,-1.529742380529378,6.256606994220892,0.0
-8.95406469837934,-20.75110391244391,0.40575326031244846,1.9311818103298957,0.0
18.815489846821716,-22.967508747879148,-0.2926481986686695,-1.5788253967542565,0.0
0.17019650773085138,-26.822223372965567,-0.6242277201965124,8.98240252105286,0.0
8.581192036498337,-8.45015600397298,1.5086135893573438,12.781237012987727,0.0
3.7033222838887863,-1.8447841453438603,0.5126523837146114,16.820838214169168,0.0
-6.646435935249995,-4.074054154704433,1.0668723346564957,10.822554455823635,0.0
-8.896489943890696,-1.5012165654317244,1.0921807126006653,10.791196224394579,0.0
-16.938489599782642,-12.168858668177874,0.08287846984028974,13.115300517280698,0.0
-11.110357973087016,-37.87352697531357,1.1262500938208557,9.738088062157864,0.0
-3.7261587615842005,-21.820237857076698,0.8195071987502409,11.823172436186518,0.0
-11.361204753337809,-15.781536079189616,2.2709056931540053,17.858276880440407,0.0
12.12746478401681,-8.715050812141437,0.836702055982165,18.439372387452394,0.0
0.943595425210435,-9.399986810260453,-0.13399725328303305,19.33305902337626,0.0
12.353944218861672,-9.625550072521026,-1.8659246726030914,13.64347615966793,0.0
-7.7019119787163595,-10.750327578783722,-0.16574036973290507,7.61953720572763,0.0
-12.394187927839507,-29.215777425215027,0.7830790708110108,13.594261083063943,0.0
-15.39515570865851,-31.80892487281028,0.0337591190931472,11.547312114441702,0.0
-7.838404006963847,-27.31135160587142,-2.184679711656238,13.60940898659042,0.0
-3.530666731902528,-19.83927385035171,-0.3265825836895028,21.16873294871476,0.0
9.69593365714642,-14.797538166184495,-0.9484951996507006,17.873738970232086,0.0
13.191547828687632,-13.67164029737071,-0.8672011359498255,26.141991225193127,0.0
1.5770975197868495,-8.246723784104926,-1.3603229834387385,26.353537146380273,0.0
-4.590464717951021,-17.820000501663035,-0.11169991224121512,20.079038350356072,0.0
0.6745375222380443,-14.958527201690885,-0.502715560124871,19.828169291332028,0.0
-9.40214152681213,-3.1926373198834774,-1.1458812272817274,16.16155621617606,0.0
10.929526798817443,-0.7182806282788974,-0.39076628287136084,20.10196804105855,0.0
18.47270611269968,-9.067841302968453,-0.41931837611985584,24.218234948405858,0.0
7.507913202350479,-12.138768923122463,0.24465240770009888,22.846356541747827,0.0
-0.7704811272181975,-10.437714103416482,-0.33048658452108076,20.973403973729674,0.0
-12.086731888424055,-22.578403935213146,-0.5674026903240378,14.605469286133978,0.0
-10.83726931055937,-6.657410860348116,-0.12041741372805537,8.426874594188968,0.0
-6.937061863282443,-10.906052320684058,-2.201345862044205,7.082257516105551,0.0
1.7643303456854733,-23.435663724736962,-1.78270124193261,15.638008428230483,0.0
-2.206926572215422,-3.6119046516538518,-1.9968648000138765,8.98688475032976,0.0
-0.7135175088572394,-10.219370780512012,-0.15721165723301084,8.408490898996723,0.0
5.887830234877924,-11.8582380054469,0.16797337232989007,10.910918402592342,0.0
-18.114697303889358,-12.396855263100417,0.42028529410559323,8.984773669109305,0.0
-1.6413334879485144,-7.732635734081174,-0.570491217707948,3.0741463284354578,0.0
17.675078003380246,3.5187848950247886,-0.021608194586902663,0.614442622448756,0.0
19.102618300121197,-18.85412811837825,-1.4673085643703723,-1.6400324285690697,0.0
7.28412345035971,-10.046421945503168,-1.0778496189762017,-4.6882049296928745,0.0
19.894735626699866,-6.267682443211342,-0.7428823134037212,7.70941343389756,0.0
22.38735862667266,-5.828389541084021,-0.32768703960002055,11.720409147565684,0.0
-2.139114633364069,-5.119558040541262,-1.238007934341629,12.976913160875835,0.0
12.14211226952548,-19.13254470709397,0.7650457099897625,-2.1683290450623036,0.0
23.57668199474893,-18.98249476768924,1.2445093987396025,-6.836781273190206,0.0
24.34100409166895,-9.83249281737009,2.963098460548782,-17.547939890842514,0.0
29.13366353954633,-16.42963380659035,0.4183969655490162,-14.300904998834936,0.0
28.676713396093504,-21.028638324353864,0.13139916300163923,-16.122656912817273,0.0
31.34135196344546,-26.86508009348129,2.0282337277686686,-17.268374062080092,0.0
11.261453248075139,-20.929873729698176,0.9645670274773841,-13.722115581350886,0.0
28.743105335691055,-11.098921238244543,0.1395239428637134,-21.36023081334669,0.0
33.4597474885998,-14.986114975626732,1.6892345231871,-21.753327491210843,0.0
30.811035900458393,-24.427364478886563,-0.47827625568449184,-14.188727590671586,0.0
20.815285761063688,-17.574594889152905,-1.7629852770491485,-14.397831968537204,0.0
6.730277280316663,-21.115945220704226,-0.4331799667667426,-15.956212374000158,0.0
6.11172790123433,-8.148860348406966,-1.493384624015519,-14.780679971764425,0.0
7.459928463210977,-9.753938531685167,-0.5929350397397997,-20.50837571717443,0.0
14.495386137071833,-17.219746225748814,-0.1157268834989198,-25.539658626279593,0.0
2.4933969464536494,-5.813884210737065,2.8487243248150813,-19.62492354216014,0.0
2.756290539905935,-16.294772655024914,1.919441945390112,-22.98274172140229,0.0
17.255034222967204,-11.453272662125551,1.496553896668186,-19.90742512262181,0.0
21.40412947949216,-9.161830482114574,0.7913295956344091,-17.557600476484367,0.0
15.638422377567363,-5.341992128518784,-0.049550249389239465,-24.080214862455083,0.0
7.943861480456773,-28.147902558384672,-0.11384107499686147,-16.944542843245635,0.0
7.804330909523095,-27.42934658045926,-0.4614623460841839,-16.97781604019954,0.0
7.472868880800649,17.15962580384499,1.6476131168262107,-12.986913696130223,1.0
2.950669381856681,13.17451287914508,-4.6806409664713815,-13.163822011517695,1.0
12.70420958710646,8.66260919283312,-7.796558640291553,-13.6039228999283,1.0
20.85883311050822,21.714188984930836,-7.904929920966807,-15.085914811202267,1.0
13.368741384671441,27.49081751417297,-4.548360464694574,-14.625108002449814,1.0
15.44394876958619,39.44130449376818,-12.545108030383552,-12.555200526268813,1.0
17.99520242677071,38.25377229249369,-7.319109148858422,-12.413315844669128,1.0
23.359652026457564,33.10225234614241,-8.077774801883852,-13.515735650927882,1.0
16.369613865573424,27.825953495769934,-5.624795764543894,-11.996449756759471,1.0
11.495911933905116,14.997016327444019,-4.296980473303655,-12.799126272890001,1.0
14.142431143032804,5.929730906543286,-12.153300388516694,-11.909277586689557,1.0
8.254056135175514,29.333383658607072,-4.054306813941645,-11.793614624832855,1.0
2.609867741827655,23.86711780068237,-4.616361375015048,-12.595232463573494,1.0
4.781652044524478,23.147147034357758,-7.070967295988352,-12.611362677399056,1.0
5.774303173331447,28.807849721040974,3.634979954657762,-13.42260728991865,1.0
3.9727436849995748,35.79192169639324,0.28529994378876733,-14.68004233203525,1.0
23.18918700027165,29.116737986966783,-0.5107519783550796,-14.18533922600525,1.0
28.041346895287248,17.818598649080972,-5.4308769731062165,-13.823462561279051,1.0
40.67839482227304,21.357234793441158,-3.0835892414369708,-15.951752758386778,1.0
38.073647202542794,20.41637626091425,-3.2422540712134147,-12.790537497935023,1.0
21.958756877475796,26.764680290039628,1.1460391893573743,-13.63462175825656,1.0
20.213794806937763,28.169147220823987,-4.075063531931306,-12.873261674852644,1.0
16.326309461355773,32.737482692618364,-3.6954189071567973,-13.757794539689197,1.0
25.231124710415525,34.79290885298917,-11.89438516672816,-10.65695988077934,1.0
27.577372717267053,24.898764016571384,-8.28570149526916,-10.670344044751833,1.0
-0.4078848984262873,12.310148169118392,-0.29200166859854226,-11.12010402713206,1.0
0.9061824382233397,-1.834586409893312,3.307303112994536,-12.675428841809614,1.0
10.410993287030717,11.300082820368148,2.1011098059524693,-13.743899782073047,1.0
1.085554377429398,11.80187348231815,-3.0037640836482775,-14.913684240442251,1.0
12.620258497534145,16.194043544976644,-7.3700903108510945,-13.79107088115984,1.0
16.77510653631955,15.205414780082958,-0.3650857063680828,-12.941019777276479,1.0
21.731471685746737,26.358749260841293,0.9961127328622839,-14.229208121603977,1.0
11.728043180287484,28.414200568278538,-4.672634613578706,-14.530308011871412,1.0
10.01835439975374,20.765825487393332,-2.1724437339993092,-14.74705891087326,1.0
14.487230286951545,23.08353116673424,-5.352233388373828,-12.363384356074093,1.0
18.33274587397185,23.03347104762275,-15.970270027362517,-12.463372673557405,1.0
12.948645280711219,21.39947046558798,-2.370686315354239,-12.65322355825908,1.0
17.623982745998294,20.885679983951565,7.708721799134354,-12.046899020697373,1.0
11.943880503746248,29.729314036784302,7.912500450648936,-9.756212114252723,1.0
11.860352397188759,16.142413745255535,-5.742646528267451,-11.206009012029579,1.0
-0.3105959463394061,26.197784798886588,-5.84595993163566,-13.288688560983898,1.0
7.190829299904827,11.144981776191392,-7.362595452578674,-13.07649718209719,1.0
10.169714650495127,8.5989565217083,0.34711262536724385,-12.960650024409583,1.0
0.3076591894322025,19.49430788819405,-1.676516786642141,-12.537780113712799,1.0
6.529534635375149,7.621428482665511,-4.472857727346845,-13.047841493638687,1.0
5.759789229677239,10.425461852474905,-9.180533258768282,-13.995918158012065,1.0
17.804059318684356,17.808240382053768,-8.01045773577457,-11.654454356294952,1.0
9.830308019454401,14.566877305093438,-16.230192282520754,-10.992101331921132,1.0
23.172628211586094,13.784619458184716,-5.2464305344255875,-14.133084269251606,1.0
13.214109873499515,12.077352253316814,-2.1039135083559493,-14.912674965676059,1.0
26.676686241920706,12.770673077478627,-9.36756075119748,-14.758899727427446,1.0
18.90458767178901,8.752967151203794,-4.166621736700341,-13.468009708928612,1.0
37.39635637630042,14.816290215870211,-2.8591267084651584,-12.363573794497238,1.0
33.95485232888641,17.98498106212222,-5.648113598034808,-13.228454199426308,1.0
17.06766369830979,10.777570596760562,1.6421038339016212,-13.840793030621311,1.0
6.386132081550091,8.954120398519901,-4.900898151775321,-12.773585765688086,1.0
11.358194814984705,24.95690403591767,-3.010406296819136,-12.493692226501189,1.0
25.025451681219135,18.427285221701634,-8.110506033483654,-12.633536256505577,1.0
24.44012118205989,25.99937625122049,-6.179503681604485,-11.988594998455403,1.0
5.477313514978869,20.911936656825823,-11.034797800933237,-12.324671175136563,1.0
12.829663823829918,20.101963500725432,-13.183446449039186,-9.20422422530633,1.0
11.150310909644835,29.68315039536614,-16.78882553404346,-10.188907450408802,1.0
-4.7450852629442775,17.992857443645672,-16.321387138312648,-10.774869572990676,1.0
-3.099104788172019,20.50375597587744,-4.294947717978166,-12.35141051597885,1.0
4.95394481273032,16.025759409621248,-3.706496524108363,-11.890836913012206,1.0
12.436557470829628,16.373827946373165,-1.2834199952050787,-12.578625687696588,1.0
19.87707653737796,29.247781494641863,2.837908514098369,-12.608361138215212,1.0
20.54802733838545,16.90972842192456,-3.618790037109629,-11.714166472527616,1.0
7.059044038950852,19.06266312726625,-2.479083495445729,-13.268827678860953,1.0
1.4591440117204422,20.971856521251556,-7.0114788559093,-12.963698538381738,1.0
1.6945126885151724,16.41352269333756,-2.914968255462888,-10.369915376980853,1.0
-4.769695306446852,22.73953379868121,-4.172223925162447,-9.286949334005556,1.0
14.465820641771403,24.224841757794824,-4.555629636732216,-9.606534705364844,1.0
12.299489681114327,21.747722432543853,-4.106574714267833,-9.567624418402751,1.0
22.178711321335626,18.522498189477822,3.560072136046416,-11.214984745942976,1.0
17.587801747262883,24.302044684957217,1.5185879309529673,-14.044814461707253,1.0
13.542334566332858,25.211185292376467,0.5187885496490332,-13.917465507193318,1.0
16.218168490091884,33.54929399863023,-11.502303990165087,-13.99639658974584,1.0
10.281622433485785,15.318145506328161,-12.153836182779859,-13.02002449631917,1.0
1.5347373519625673,18.238618575594284,-12.60144357246541,-13.634239789496931,1.0
1.5019929236143632,21.762738105903118,-9.296377737881755,-11.950953227724884,1.0
10.615031321175277,21.64912026733334,-6.059506237935591,-13.988683588593796,1.0
20.46540421861811,12.046372488043643,-13.471811340078073,-15.378722641177244,1.0
16.772637738251827,19.4795994976498,-6.516025067449955,-15.841678064048125,1.0
9.871797599205735,24.74930898458595,-5.8168569579427425,-15.337643575905926,1.0
-6.919719311559988,18.497811469424512,-2.286033395085962,-13.693850446438775,1.0
14.293994138757064,25.9705542925982,0.21485011004333643,-13.62480503804293,1.0
15.60992725393428,29.708749174165384,-10.109044464406868,-12.402228473955565,1.0
16.246540313940603,13.273946293428779,-12.103651419296217,-14.223251150508982,1.0
27.19557429162987,5.064488183473882,-6.840250934153499,-12.748584750412439,1.0
12.295104281739158,17.08227598412256,3.3328156952218784,-12.696117452925456,1.0
16.402300365672083,17.921513682481013,-5.857910415990554,-13.063505684117096,1.0
15.201995418400747,28.20588631807291,-5.9963877938137715,-13.981408430750276,1.0
14.950213640458115,22.992919805207897,-11.914137040347784,-13.643020686485462,1.0
17.000914924647642,27.17548511091639,-3.8944634636900357,-14.560115561285693,1.0
22.859809940178526,22.471831555084176,-2.570314986871525,-13.658339668524885,1.0
15.934060772782399,22.039724119152446,-10.538033289533523,-13.342718196559515,1.0
15.89684893821092,17.204282101071215,-2.364835652665812,-13.93766204693224,1.0
8.481404901824428,22.965078440973535,-10.131390806300828,-13.971121276393758,1.0
4.200950552756829,16.54348930398216,-3.818423247042442,-14.356937292829043,1.0
19.647486024275953,7.884829649542431,-5.394207641469505,-14.445202434037569,1.0
12.924016233353084,2.415958116425294,-2.14283054184627,-13.008881186034921,1.0
22.426647998817145,5.232665128290826,-3.411322808318474,-11.620893242590835,1.0
18.866015108389938,18.19062379412034,-1.8394560365890422,-15.55260646072508,1.0
23.05156183924892,9.690841269485258,-4.889600705237839,-15.086353738727018,1.0
13.959034189495307,21.063867768343293,-2.8737094874757667,-13.781678402963367,1.0
8.464787267730683,18.295989257610646,-6.002264389412333,-15.01499559403429,1.0
10.24519394389913,9.669091286776334,-3.954601793779541,-15.130183433202255,1.0
12.88089633573908,11.418374727895086,-1.2784783202067984,-14.386417725317441,1.0
10.363007561333944,11.63012747776018,-5.085663971336793,-12.185031564626662,1.0
0.15626119092916468,19.34118640723708,-1.7332763873961445,-12.842981407745931,1.0
9.332961473750384,28.2773032433929,-4.414200174989727,-11.343756197386007,1.0
12.413024766031219,35.75105317050415,-0.1846542611312545,-11.86030233265039,1.0
10.647435813417033,42.35749043485905,0.05468630364641003,-10.980755657716799,1.0
8.709703329256145,28.941066481707605,-6.458003145814134,-12.088002810958125,1.0
8.771333510931601,19.593169096061185,1.5009467292534993,-14.040109509076034,1.0
12.937681836530608,21.53513776115878,3.3756322805235985,-15.223323026304428,1.0
6.300383812018318,32.2095526292582,-1.201146990729164,-14.041303960775954,1.0
-3.671899232646265,29.20184644385885,-4.533674276019576,-15.230507647841858,1.0
15.342070391677536,16.38990340833955,-3.6187913152169826,-15.479293921539254,1.0
19.59609389379777,14.897027122312014,-4.963650823568221,-14.866344311044307,1.0
19.239893843706813,15.560334113196603,-4.888819357983678,-13.49489218047915,1.0
14.296898150792206,15.143895422973802,-3.692937069277687,-14.125124235762884,1.0
4.744822515538001,30.224635676346097,-14.18516041311927,-12.742495649282091,1.0
-0.5612616602953313,18.373633583181032,-12.997140074273958,-13.254075496354435,1.0
-8.015155227660376,18.51815852325744,-16.048339177353924,-2.8799205289313896,1.0
-3.892592879052378,21.096420480863255,-11.255713422667645,2.137857841503882,1.0
-6.741924341853359,12.572266777369924,-7.409251596528865,1.440525292461046,1.0
-5.332567989940201,20.56626666257722,-9.28043527277515,3.3928867567654866,1.0
8.853823483746101,27.509594769499806,-8.171408005830159,2.469378570603645,1.0
7.641224499840286,24.263018449861768,-6.021927570288501,3.504377108387273,1.0
12.215999390343377,21.788806135514957,-7.165456557481321,3.21688169999396,1.0
6.34077548746601,23.255570129853552,-8.413252644712701,4.324923883018547,1.0
14.092256942786786,4.96794498493026,2.08717214293745,-1.5190463779238979,1.0
11.585764209244662,4.407004265889007,-2.042465572932536,-3.5192364373458824,1.0
14.009904162995554,17.596406916932434,0.765968622222764,-3.9565699324677346,1.0
11.26436552867983,29.632873760306623,-0.8924374079564599,-4.874033578325441,1.0
11.197469707376396,28.815605818470004,-12.053286303352607,-3.5342070417167015,1.0
-4.415838040869428,22.350963450187773,-8.155935512161433,-3.66266901882992,1.0
-0.981397755807766,24.540930786210897,-13.934809503558443,-5.560845521535717,1.0
-1.0288321664254432,13.025701900599206,-6.931040014812991,-6.430800839866927,1.0
6.733666063607966,22.469033868197265,-9.73482734324455,-5.302874036204516,1.0
13.76582635620819,10.416556907402015,-6.470181793128829,-6.02549151541182,1.0
10.597143914591154,10.109106450999143,-17.3262851639564,-5.47705327826442,1.0
4.703077700760118,8.223257266214684,-11.205959024979478,-4.136065061875155,1.0
4.2916315373926714,17.38081677954126,-8.706171734997435,-4.614628562007746,1.0
7.379661446206407,23.599067136203487,-7.658699086421941,-4.866855475206416,1.0
14.370749966978936,9.865242497972051,-5.235845381923435,-7.213264739730871,1.0
4.574861898022625,24.87519027818573,-2.6630191459723216,-4.90471943536719,1.0
10.523459906734459,19.6656340054215,-8.1997653900032,-5.709223501312249,1.0
-6.358122004557018,23.613878138002054,-2.359420699236513,-5.602001557621151,1.0
-6.335377456991883,18.087787292520638,1.2509206880943768,-4.095917026660379,1.0
-1.5406075060057054,31.497997086439355,-0.08920795512481572,-4.983763230402395,1.0
-10.464728445169003,22.510193526218092,-8.025443189667481,-3.2790743334285732,1.0
2.192761133941773,18.25178660002323,-4.2816016089859605,-4.086054649717131,1.0
-3.2549833909298673,15.558332558352076,-2.306821488409612,-6.682082022916855,1.0
-0.19877270351668352,17.697365384979513,1.7486141945054348,-7.583863207379258,1.0
-5.124275324584968,31.98797213159324,-7.723181985042752,-4.274414303452401,1.0
1.8422529766824032,31.841438857057547,-8.4532677316746,-4.430303760118784,1.0
6.311574280368408,21.917797678780985,-10.41454532078087,-4.847199193233414,1.0
-0.3745062733184348,3.7148400302586904,-8.430425365516353,-5.047506013318336,1.0
9.266331464941784,16.543906089594792,2.1534118117890535,-7.100518939581217,1.0
4.194712682865141,22.89950187057208,-10.70010701224113,-7.112999827274061,1.0
6.864765353961239,21.29916217325607,-8.994650666633717,-5.966931167697067,1.0
8.232063883449928,17.411165960538792,-1.8619712425590471,-4.049962257072556,1.0
16.160596535794525,12.256904484243215,1.101281508675596,-5.907642455759338,1.0
-3.973732076136695,10.149154011594698,-5.818222480832943,-5.577166341942173,1.0
-6.051643935906814,13.076705876729692,-2.5270100926697805,-3.5781668477305684,1.0
3.6164946894901453,27.6881385544966,-4.386209665079547,-1.715141352517736,1.0
13.014316406649423,25.098704856176745,2.448013948890822,-2.853370035336127,1.0
13.252611029122068,22.976274596782954,-2.053976728425013,-4.365414212164026,1.0
9.454021347506842,22.940834938686592,-3.2611847028819896,-4.516987869450982,1.0
13.8388890472409,13.717785794707982,-6.769540472040357,-4.301200634295409,1.0
11.132042597064553,24.554135545118424,-12.499012923166235,-4.1135327163991775,1.0
20.272785231855426,21.01744281282825,1.2522889433599302,-3.4953130604979252,1.0
31.23910281119663,11.157106010679044,-3.457823446891007,-4.362269974692065,1.0
25.668784394108016,21.22092484343954,-4.357266656893419,-2.6239486552295395,1.0
21.421953066543693,26.048393424285265,-6.810666035040649,-3.617284609085978,1.0
8.341845991967347,25.293404858390428,-8.379371752965762,-4.713116951680983,1.0
6.182739881759148,16.735141407440068,-8.483590697371085,-4.161960004983499,1.0
-3.0673416822969095,14.49054763230495,-3.756567980422763,-6.318177659408498,1.0
6.02379018289648,19.013787756858104,-2.6907539493052504,-4.325704482152308,1.0
11.236159438749612,18.354479991606006,-0.6546632022750596,-7.8162429839609615,1.0
14.530555075008142,26.829281243341814,-7.013608082271423,-6.444521541198265,1.0
1.51660394991959,31.54797503782434,-10.619845817096914,-7.171367367794484,1.0
-0.8140610845915184,18.999486823211072,-14.444539908758957,-5.83121008392616,1.0
3.162879041460683,18.564858130515944,-17.938582578624654,-6.015570514974802,1.0
9.355549867810105,23.980342723768842,-10.35656103603021,-5.349122530464393,1.0
0.797212581741034,17.241947861841798,-14.221986103492812,-5.6321241083679245,1.0
-5.948703146509915,20.37525023419115,-10.677315101715394,-6.355435396458999,1.0
11.227990425190725,20.766731075372427,-12.865517098901325,-5.390359137645219,1.0
-0.5334668199838868,17.96585004289362,-9.456024233874501,-5.000346872848562,1.0
-2.7197249621917625,19.806692527296722,-9.287603214656137,-5.79734745451168,1.0
6.432985506464378,18.540872007696947,-11.24837807252095,-4.721766465771106,1.0
6.925362383190984,10.332449098345746,-1.0483479062410246,-3.6264010062105383,1.0
4.614614835677134,16.846693009715878,-1.9042902498676009,-5.334256270459379,1.0
3.766963979196485,22.797979131000798,-8.535020078344214,-7.969078011820643,1.0
2.7234689721466934,23.88032024904328,-0.7438309913573615,-6.448337093642074,1.0
10.860852478324542,3.424606852189312,-5.886997504592035,-5.697991681798773,1.0
12.484861027234137,21.93723876102224,-1.8380515226504057,-4.122934339363257,1.0
13.781914486842398,22.040910883781038,-0.8321780955870741,-6.311036037886953,1.0
12.204243178567934,23.00280479117925,-7.112288718798755,-5.357566699296512,1.0
24.586270294951937,12.919964763127528,0.3925976128250177,-4.380592124585298,1.0
14.220990275973652,9.408240557559404,-8.195938810891407,-6.575658885185756,1.0
2.8413284156686376,24.491425474169944,-11.045076291626177,-6.254311938318765,1.0
1.4509681341649943,30.62660353050365,2.0600847828882074,-4.203030262518993,1.0
5.248520899436582,28.184067927630643,1.8009843564676498,-2.729230295537516,1.0
10.525565581307252,29.301678758661517,-1.4490543669066032,-3.882912956580306,1.0
2.527736518656864,7.847965475888824,2.245460706000392,-5.187740073455817,1.0
10.817574572067347,14.101499268013617,0.4685507878149133,-4.4075214259202955,1.0
2.857911333045334,11.748358916747069,3.050793610490191,-5.098769320243594,1.0
4.034902457150859,27.387645437481538,1.925222393990271,-4.433250641640164,1.0
8.14651964231355,27.87586892620969,-5.218320644995426,-5.031572273526601,1.0
13.527134939832166,13.61385266823288,-4.7837189138354415,-7.585620498186137,1.0
12.395395487052161,12.281960968885938,0.541181453346347,-5.844801552152625,1.0
6.17970694058355,26.29477891985901,-6.579180977658877,-4.505631687541001,1.0
-2.3982320570230105,16.38202760873406,-5.168986980605156,-5.559052681420105,1.0
1.3231364699703967,12.541939284995552,-10.448719495201177,-4.647559731326534,1.0
0.34638737287234456,11.499681614002968,-6.615213450959552,-4.166287689170337,1.0
2.6438561298864913,13.380594083154643,-6.592388957092162,-6.409840673000188,1.0
12.123866862039154,17.357646547092653,-10.731563822767495,-5.78163815951167,1.0
11.907781867212698,15.512649995831957,-1.7455055019835033,-6.027108010521842,1.0
7.300461502660701,18.58197770457567,-2.2612154364824786,-4.118863745917785,1.0
8.502424614947795,14.84415703526175,-5.70440964911014,-3.4850158138556724,1.0
-3.063891549629761,16.483022836374797,-7.043686351100512,-6.245699054838856,1.0
6.42372445307646,25.39813746498072,2.400541341841514,-5.3718713864071255,1.0
10.012250238956812,24.50844025783145,-3.7154239903191915,-6.20029229767648,1.0
12.821929924356052,8.667862110961382,-3.9981328019993754,-3.3130838947966454,1.0
13.291363626138416,27.21119849587811,-4.225670020758415,-5.71806074401403,1.0
3.6720705428283154,22.45191240045147,-6.592689401906241,-4.71571588144156,1.0
12.973804276946248,16.11260076312323,-7.005815613764364,-5.370137319253255,1.0
2.3037641816824523,14.650862107202624,1.3131106122938365,-4.513186542205622,1.0
10.11954372279858,10.28021431176694,-4.851099219249126,-5.137501948645506,1.0
-7.926812067763471,26.408980645633235,-12.915447180770611,-6.161041131161586,1.0
-8.56914253874485,23.958264703710164,-6.784810742627382,-4.862503679609193,1.0
-3.9281770181558,19.721819188315827,-3.437908461060184,-1.5377338185665286,1.0
2.918780742385647,22.312127450335918,-3.4913953317329702,-0.9197300547959206,1.0
-6.920440432874358,22.396347987987813,-14.026919871281544,-6.230989031186899,1.0
0.10645938694075952,25.684963981939745,-19.049561103538238,-8.89630111316089,1.0
-12.49814864904926,5.024139227241221,-5.913697103093877,-11.504099771282332,1.0
-7.153085307921913,14.070263422764453,-1.6733488600409516,-12.280466725226109,1.0
-10.666070987763357,23.754736799047514,-7.833969145170906,-10.915421676893473,1.0
4.006007715632159,31.37210390781536,-9.422303290206361,-1.7612768104116798,1.0
-4.711190430946937,18.793871057483052,-6.842801061848881,2.132172883673182,1.0
3.500878143247562,7.979436961203347,-10.033610688540932,4.144922758350766,1.0
15.747961251592006,19.451725616594544,-10.661587698916788,1.8010641933736489,1.0
8.078796305399589,24.5766553676814,-10.641853948074317,-1.6911714346561169,1.0
20.863767970681785,20.84570028720258,-8.170194652715628,-3.9030840959709994,1.0
17.842666949373164,15.035140098028464,-4.116422184744616,-6.762976997227346,1.0
26.90392145345716,26.192923749828367,1.0383591950890079,-12.181404427162411,1.0
19.95177415464296,16.61602222870188,-4.396796516616925,-14.767877487984999,1.0
17.91456892556313,16.74116889009242,-1.7258586640742604,-16.085929444063826,1.0
-12.27657122169542,19.648385741259165,-12.844548680876088,-2.705618075164451,1.0
-3.585156885162821,18.38054483949977,-6.3653893651624704,5.781258602233009,1.0
-14.066577080802157,18.25266580919517,10.291087505413659,7.40389065519843,1.0
-11.904190087625555,13.722155218831398,7.6304447467110235,9.145570765086669,1.0
-8.831239072789039,20.506597103649174,-1.9723056115167994,10.325737294658383,1.0
-4.3368584302729545,22.504321226455062,-3.4020444386300577,9.3653997296811,1.0
-5.8532721542917905,6.985960035457108,-4.915044967083396,9.477657789570744,1.0
-18.045521964159082,21.730702909311887,-5.108447415598821,10.741412450008193,1.0
-17.397634325517352,33.035711060121955,-2.0985426457970173,10.104238673701023,1.0
-12.176489798561668,27.983620552174262,-4.370479701053894,11.673181449943451,1.0
-4.097341974266239,30.725341799433952,-4.4695292967515226,11.085209324114654,1.0
7.331545658176605,33.47936753574107,-8.01518088739608,9.159134016781806,1.0
8.546977861354485,25.73003772837962,-4.928964733978713,10.615730795615729,1.0
4.27549469890937,25.64481390581267,-1.3273915565087282,11.07713547128742,1.0
-4.142168166551141,29.8447090535416,-9.698756777039415,11.096433309057623,1.0
-12.13343708782891,28.02169928850252,-6.006363971749261,13.303845354972463,1.0
-21.891079555316246,18.891055831436546,-8.39624086431579,10.798259019096916,1.0
-26.77311246293716,24.667987788737477,-3.7686100000616114,10.58251603973891,1.0
-26.320602076589484,17.44671282943436,-5.4367041017245565,10.20845440585718,1.0
-24.23661924903159,27.587060690118367,-4.662926475099834,9.45150110472351,1.0
-18.739401029418886,35.92993443658209,-5.398581092310122,10.935970705699969,1.0
-17.784973781747187,22.502024084303102,-1.0612498991052193,9.493630931838185,1.0
-8.487778648228623,15.273525016176169,-2.837699468451285,9.555853853399974,1.0
-17.286763872747,13.694061146893944,3.515651819325047,9.402286346612147,1.0
-6.653863839946624,12.714762398154924,-9.192657930369101,10.842799249419848,1.0
-24.757612394209474,12.228672593185022,-10.912579744817748,9.97352491658025,1.0
-18.646411625183482,19.265119997809794,-7.948414040236367,10.19306847467355,1.0
-12.845478854260767,20.985789723515804,-10.805565398444609,9.047926644473339,1.0
-15.565439568024052,22.739249412895287,-0.7682435888951278,8.164387044244966,1.0
-18.28655389536955,17.19893927793055,8.830059143950011,9.652912160174933,1.0
-16.47801628970366,21.39359076458642,11.222902634507005,10.746432400566082,1.0
-10.689499028536556,22.029972779238122,7.826323879215396,13.399309906495315,1.0
-23.19935493833729,18.237669849344147,-2.4275639733260777,12.442175792070532,1.0
-19.38565715283305,11.589267745848183,0.5738337346427129,13.507330187752917,1.0
-14.35402442147022,11.859141661961953,-0.20892091288839687,11.789734034653106,1.0
-9.107892843942688,7.651664173328113,-3.7578613414333275,10.453578647887714,1.0
-14.380001736185273,3.755413580956697,-6.199497922216501,11.13352637003684,1.0
-9.817466596782266,-9.506139142300459,-0.8286614538023951,11.368530757581055,1.0
-9.344790872425829,5.777070106464233,-0.7717952290881627,10.377633781254255,1.0
-3.1382468941272306,17.655948444568814,-11.207462447075187,9.116040378035462,1.0
-18.73870192195879,18.914447223679044,-4.8374749687238285,10.445924986694077,1.0
-27.993795612430915,28.30014187436687,-4.464099021837374,10.409027225392888,1.0
-19.30385672351264,30.20518681280415,-1.999246982051404,9.535003986145147,1.0
-30.62109864148855,26.48983109144679,-1.1913015442523784,7.150086892190579,1.0
-14.245085723634844,24.828579061565286,-4.795437298696405,8.009459606637268,1.0
-29.248493558249983,22.91631407255473,-1.9713599369143004,9.089279596128042,1.0
-21.825837680304314,24.926239289926624,2.378366620877648,8.766100809826845,1.0
-23.747602044906067,19.409861083611617,15.634836533218714,9.964035511089492,1.0
-19.876867972640643,13.623865370105056,9.654098567933435,11.689881462427955,1.0
-17.71267796556905,18.274520691278695,4.737645542940333,8.753033386550083,1.0
-7.785225761535345,21.59715106616254,-11.239072338417763,8.90150323939596,1.0
-3.695697521902922,19.605960570534695,-2.153793803321432,10.219170734434275,1.0
-2.795053502655988,17.87278601468571,-4.3734237719687155,8.721739338883165,1.0
-7.616671412454606,21.74172944685146,-2.777779154491939,9.1628121200126,1.0
-10.553707974743332,18.81323185102261,-3.077651328385059,12.472535369792894,1.0
-3.901786819188544,18.758070449819545,-4.718274104953286,13.418600823837988,1.0
-10.513034005261332,21.02468396413851,-11.918215275125483,12.133414416731021,1.0
-12.399407361797687,16.128810747633125,-3.128730875986984,9.48119142413534,1.0
-13.33129738508459,26.06115519027731,-7.886200558954963,11.106495280154448,1.0
-10.609103882803158,30.727815737136176,-5.115543922069076,8.548866779323609,1.0
-23.681130842813854,23.238788854596528,-7.525901761482038,10.278582666227688,1.0
-25.164775689364433,24.26175461277999,1.570120180785711,9.728966323525482,1.0
-17.97922090660266,18.890164001103177,-0.08238050005068764,9.988354194973219,1.0
-10.90199624199659,15.204418980539012,-4.173396465088747,10.762842145521658,1.0
2.579285045989675,11.799905797216143,-3.65838622219672,11.852111397444034,1.0
-12.714014886627044,13.203288784403027,-0.6244385722590664,11.398875962162952,1.0
-3.810290199526941,15.067048157159366,-5.229834245813007,12.069986852425265,1.0
-12.6266970455392,2.0356167776118017,-4.182463023282164,10.301016560169689,1.0
-16.62008492837068,7.85863869212637,-3.7907876049843097,9.5578648334846,1.0
-26.007819033410406,16.16870077858568,-8.856680999668642,10.94807485654253,1.0
-7.889782271229512,20.093794127913945,-3.9408100710421494,9.44380981684526,1.0
-6.570898119590373,11.897580268814657,-4.873145433178215,9.787481443431583,1.0
-5.987926066479195,19.82136175034673,-3.2792943660541836,10.145936899695103,1.0
-2.7057901941975775,17.32767668226715,-4.161282146308505,9.440551528300217,1.0
-7.653771668300618,13.017130903145013,-9.688211774009226,9.81215603074212,1.0
6.751448923287383,12.110980224499853,-17.62469552342101,9.461905326249827,1.0
-3.5749368918626407,27.07606160040054,-10.74899715917634,8.103122982572456,1.0
-15.030577517174363,21.4127439835885,-4.42812160724921,9.669845026946264,1.0
-15.961974565363446,16.41586268555352,-3.835965350706795,10.320203587880743,1.0
-4.932778483329278,10.150486632309708,0.2516941348345725,11.275569590521405,1.0
1.8526355037826931,10.320654069143409,-2.2325891476396893,11.4048007282136,1.0
-10.094359249526937,10.43075937991416,-5.622266942387583,10.203062093580618,1.0
-11.56204769451537,17.42749920014474,-10.84276182601261,11.928439520135054,1.0
-6.6150698756848145,14.84931312373689,-9.594597421127292,11.620831880267453,1.0
-4.569723207855468,9.39847636977758,-3.557261857213722,11.612922253006776,1.0
-14.589872284109891,11.730814947964973,-4.225519769301159,10.37486419049496,1.0
-5.697628306480066,19.01950961919642,-4.17388902865661,10.133750006576278,1.0
-15.151133428926721,11.054051165797379,-5.920895827814374,11.964276296918651,1.0
-4.19621345157141,27.559661037110846,-10.311929726121948,10.482214603548266,1.0
-5.860169622190636,19.429382047710543,-4.144419513968416,10.73741361767646,1.0
-18.76415307078561,14.259716139180483,-1.0534985790479157,9.932101162260135,1.0
-21.420582613048996,14.356922611797195,-3.2001586802614126,10.035593236129342,1.0
-21.115987632674145,8.694126375345691,-7.789093342966155,10.234517716113306,1.0
-35.7814670001147,14.978176155410104,-8.601865259191445,7.844256992103071,1.0
-16.102457863186515,24.880925063954322,-4.575424902867787,10.621219146478978,1.0
-18.895237299843274,38.26443024524645,-4.815257046186241,10.61755618193563,1.0
-7.343553425930212,28.492908422049787,-8.170054614074731,10.61630191317629,1.0
5.797948585621489,23.04826052648446,-1.3699293319802193,11.149253905241972,1.0
9.8775155350911,19.145234991976473,-0.08878659299690561,8.82157771364321,1.0
11.637353404325944,16.082349218965533,0.18034880545613952,6.393638326488926,1.0
-0.7032817791634867,21.316484732657283,-4.41012718634583,10.21202115837525,1.0
0.07368869310915738,10.229146494585581,-8.2178548524272,12.242985703837716,1.0
7.604713359465152,-5.832053671257871,-16.44157262792256,14.084488176169543,1.0
-5.382193320093149,12.21913783440551,-9.233111673996815,14.896010209394555,1.0
-13.299811468717383,20.895858393889142,-10.330774832244245,-0.5794101004785828,1.0
-11.182220882509048,15.701092210952153,-7.328340129639133,-7.7833301071552645,1.0
8.131475059913177,17.936941954166624,-6.5187324985375925,-11.122571703809449,1.0
9.876475980329237,23.320002176286675,-3.737337791213212,-15.15472168347711,1.0
4.414653552742424,14.171367757624395,1.0321450955696774,-14.362980497374549,1.0
5.728833770505133,17.543173980645193,-5.965635651472785,-14.597209556123344,1.0
1.8205610059645587,24.652410696629175,-1.3521029504717244,-17.584012870381976,1.0
3.9406690173528673,2.9329787879660216,-6.644279176670845,-18.49302113921408,1.0
7.312175203254904,10.693502262260138,-1.1244711601742026,-16.487015554373443,1.0
11.796715560567241,4.48241520316347,0.5019321123834746,-17.813157741556328,1.0
15.638794728009112,15.293237822414072,-0.2107346610972014,-18.648568239910052,1.0
16.914104990283246,13.813898041177982,-2.4990042116543076,-14.356886475596049,1.0
7.167527104845888,14.480783001909549,-0.18145993518287895,-13.241816913454256,1.0
-10.68920978237341,10.210216333044634,-3.681338437741986,-13.682020327573035,1.0
-2.394431287247132,14.403003011494032,-5.184919561287299,-13.596030643840914,1.0
-3.2222231666239054,14.961480852309212,-3.173930516527651,-13.97382812968172,1.0
1.6381355924281182,25.266942475869985,-4.134974398706238,-11.866148804236381,1.0
-3.9522672434739827,21.779948854229502,-12.657074119476928,-12.193035969180926,1.0
-6.787620419287444,17.179879195329423,-6.94070846140699,-13.590702932547766,1.0
-5.332612678573037,32.56387851329279,-7.119295995069814,-13.215520454036158,1.0
-21.09783784817169,39.6519775892109,-11.11021384642213,-12.176300840666716,1.0
-12.70760119588947,20.253473824329873,-11.466910471219897,-12.271230305375772,1.0
-6.26290978364941,9.881197909471457,2.231137750423227,-12.433116535597005,1.0
-5.753756909885232,9.451163895937821,-9.259490654229857,-12.058574032731386,1.0
5.646111520359243,18.919043708099633,-2.6694368558444994,-12.507324187266265,1.0
0.8944224235860663,20.013651029725082,1.9499985961328132,-11.80207650760103,1.0
9.571212776510947,27.64864728215684,1.7407369238131722,-11.593943516891985,1.0
-3.09102491729454,29.997737957252863,-8.79856751098259,-13.53061010091528,1.0
7.029052253034948,21.706901179303582,-16.632144166599137,-11.01347712168985,1.0
-10.150757594585645,16.340922516054242,-7.33417255264523,-11.19639875917263,1.0
-10.769537283675003,9.244751344718615,-3.8209466104206715,-10.164188640262067,1.0
-10.686809865299729,6.445142997061385,-3.564414932597996,-9.455301678843496,1.0
2.2710786470646314,9.247902482246822,-1.1248859929998463,-11.445870279443938,1.0
-7.336708202651382,29.949260225115772,0.6613624890433334,-12.367364100387986,1.0
11.81159990824466,19.858200708959856,-1.7395768941811793,-11.145159068545615,1.0
12.644465713909522,22.51735605523001,-4.7152021712204775,-12.08708466569861,1.0
-1.2114227530544612,23.064921823880248,-2.11994321891816,-11.77108882534051,1.0
-13.512648710689785,13.273211764945621,-0.474857593474761,-11.817752130754942,1.0
-10.012443157981739,12.592163238727103,-2.076334411155483,-12.440256337009636,1.0
-10.86468951516623,17.215134026917777,-4.926800404258628,-12.126759843961862,1.0
-9.252034027065738,21.648877286106863,-4.589036380606806,-10.741897441763102,1.0
-12.015041986692088,28.441695227262272,-5.288498661628916,-13.051372994278218,1.0
-6.798074462737277,32.71016536805374,-8.808972831306981,-13.88812374876334,1.0
-9.071263944117963,23.05098884371377,-0.08608249192310868,-11.072506122166576,1.0
-9.889861508206197,9.596384954419914,-2.1743212244204813,-11.8108310387021,1.0
5.026892946140797,10.09356139160796,-2.8405025399467534,-11.375311119951167,1.0
-0.7168337841340806,21.380790077812396,-2.091846626695604,-12.159283799420374,1.0
-11.780873339261312,22.52880102659034,-2.1346135451257355,-11.262843182523472,1.0
-10.477336239787517,21.139400355395207,-6.510765106381733,-12.980878870385672,1.0
6.5776233668512525,15.163441474416503,-7.006731323345852,-12.915143303946076,1.0
-7.405607865558106,18.81447135288414,-5.659012959845825,-11.874515651614354,1.0
-15.250668317192416,30.654295999160567,-4.626662328292021,-12.422716788890506,1.0
-7.445722169654455,15.58017048331046,0.36968653957262454,-11.843946335905194,1.0
3.887512493514585,16.442936010737377,-0.8482527619218996,-12.917562003336851,1.0
0.8746613744379963,4.733098427663833,6.39537215114911,-11.567682180391653,1.0
-2.1762584021826976,-7.770934106543191,-0.6160319848672144,-10.98818401661684,1.0
5.936776815803146,17.542144263327746,-1.604650788600352,-12.214154712823658,1.0
-3.830083116710445,17.015594271179452,-8.737358663248084,-11.262698293636667,1.0
-7.52123568701441,17.9156298149127,-3.335689854839469,-10.435795746958581,1.0
-0.42347882017440863,10.107227580622608,-8.252073271474432,-10.123247224576104,1.0
-16.2284186285015,21.996316689512234,-1.4563792941271947,-11.211731817888065,1.0
-16.006784649685606,17.52838997515959,0.7917993499667446,-13.71430409968119,1.0
2.2730373675163547,24.302311887390943,-0.25603302433965847,-15.050612292847063,1.0
-3.4556022339181522,7.33582037290801,0.8876388782406308,-14.245681203973659,1.0
-6.753330345886875,20.931202391983163,-4.387843571469655,-13.18309927980934,1.0
-9.16744278631949,20.88434388060115,-8.328415787694865,-11.444862754294205,1.0
-6.925616054675522,16.099650248280902,-1.6015193216308425,-12.994320222354276,1.0
-6.276382596739623,26.8999472693083,-4.449467588692041,-12.205955133062453,1.0
0.6344625684938556,25.91472501068064,-14.057925760628773,-11.414595166701822,1.0
-0.6341913145933473,20.414925054339143,-11.354134559093595,-10.975614762708588,1.0
-3.523428426286119,16.701476127322657,-12.14304243384613,-12.92297939768742,1.0
-5.5131780117669935,25.600743273295798,-8.307621780111745,-10.477906501999653,1.0
-14.974256966252016,30.082995078970974,-16.58564346818053,-12.359056865669704,1.0
-11.307222324544696,25.79487549787086,-9.776552330471647,-12.26787816112312,1.0
2.497372711156933,27.48360947560149,-4.552069440761334,-13.1392515670738,1.0
-17.645030052077864,43.174826756278186,0.12327337273254457,-12.10402753743061,1.0
-13.47552805018796,33.651983553995656,3.1215066842787493,-11.707105449828697,1.0
-12.560005604563218,33.733868955038425,-4.047470277300875,-11.28056665189241,1.0
-7.877555507568711,23.20122252100501,-7.178360226551814,-12.075698953261886,1.0
-12.316029307342438,16.482515356382585,-7.796656405296721,-12.326804810393499,1.0
-5.826517181368572,12.78384790080105,-5.914829053910327,-12.032626542445204,1.0
-9.807796938349677,20.649137258916582,-11.098979646568932,-13.110545368187184,1.0
-9.05836621551728,17.92896314479099,-10.757294009651591,-13.302250917548777,1.0
-13.95797113779689,13.597619795729557,-13.800961835882644,-14.973060471194842,1.0
-3.203390784163624,21.839352198210392,-15.509521268641745,-12.91940492600305,1.0
-1.714635550110839,24.325792849588453,-12.199069663105002,-12.897782342025451,1.0
-17.724598274485558,28.084025343128943,-13.658030810865869,-12.771441203637114,1.0
-12.30127809883938,7.795991530356758,-11.129219175580143,-12.256103658634851,1.0
-20.624228598604677,22.561695813403624,-2.2515434731427346,-11.093863099510232,1.0
-12.338253432748349,36.89005515674075,-2.7937285900627895,-12.221440984501205,1.0
6.014461389432727,18.649066854749922,-6.594446000034607,-12.588905732695888,1.0
8.056807388378441,19.191191097444648,-4.484046702045788,-12.414837923851586,1.0
-8.055983907833204,12.114074608864525,-7.073185652729878,-11.134780892802633,1.0
-15.572502423362486,13.078699193824173,-0.28970128440242293,-12.732945493140406,1.0
-19.57673519976001,4.139119569424535,0.567828410666932,-13.962711974943591,1.0
-13.547102343537324,2.937662654876817,-4.523308532764066,-13.510649617016517,1.0
-8.399628753819389,6.160731446245755,0.33555352066929256,-11.850484329573726,1.0
-7.352645465090112,14.250651328450424,-2.718497641101074,-13.608050701824437,1.0
-0.1224592106662552,22.88114848619082,-12.458682442398954,-15.141993097270063,1.0
-8.737538208024265,17.20518999475377,-10.015412331031307,-14.608974446104645,1.0
-3.5004534764563564,16.598416524729156,-4.2665089389135495,-12.265751764464106,1.0
-17.065807944847187,22.262643167361148,-10.664461164460622,-15.376663305282422,1.0
-12.217401499259378,21.75952443411024,-9.482847002667523,-12.971778687363678,1.0
-0.7370165652680398,23.540581012055384,-5.904870886159627,-12.896503207225471,1.0
-1.9468462327037859,20.430731735746804,-11.827541533608054,-14.27916958488402,1.0
11.669347588791323,21.329264240897725,-4.764331751808535,-14.99152626517538,1.0
9.668554778633954,22.59808142376128,-7.35943669249184,-14.103715942650949,1.0
5.061066170143887,16.565717449078306,-6.137011823987883,-14.685168126458509,1.0
5.777800134122682,28.786703572859963,-6.074929891546454,-15.83321069721006,1.0
2.5962328499812983,21.467511832779,-2.008502583270773,-13.544957652581132,1.0
-2.412519481372641,13.969501766525733,-11.924252623989519,-14.007305380508303,1.0
-9.311108682149708,24.52593144008994,-7.273986762267694,-12.377198960172258,1.0
-14.405937019179651,10.165367270324849,-3.061759365828707,-11.021005651220568,1.0
-15.744957327418383,6.654631846706295,4.020475403316575,-11.897575317709078,1.0
-0.46034199189900704,-1.8520001454198187,6.468650250214871,-0.9963721432137096,1.0
-13.09973249762254,6.274049284469391,3.6642065447328944,7.6688120438644845,1.0
-4.222529397661161,4.1828605010727795,1.584849572158081,10.809134270771803,1.0
-4.697835951091081,27.79483660406531,1.6032964690395577,-3.5863556303190705,1.0
-13.54064993753568,24.92585322255153,0.7652430053929784,-9.82976594810625,1.0
3.74734030112258,16.479736493859367,-0.8328007566451436,-7.2229696462306965,1.0
12.625892163682819,35.23328099351929,0.1386607423813988,-5.973871780608912,1.0
16.06773685531101,26.99676410243454,0.16611351201919344,-4.922446485417237,1.0
25.302015149602404,29.09653985488078,-0.806022779809263,-5.309093835842821,1.0
18.75098795166998,26.591094272935422,4.862711832863319,-3.4711982900677016,1.0
30.403527021037725,17.29449563235892,5.540326660178002,-11.597078064945874,1.0
17.388556170859477,15.07204288316009,-1.8471361394063393,-15.003140837817403,1.0
-7.606410105466553,25.598752439826193,-1.2231842499479946,-17.091987584742352,1.0
-9.752953279872617,19.44089017448347,-1.7538396319044658,-17.618846705777433,1.0
-15.377082438895016,21.973078027913623,-7.795826047567266,-15.716053962057401,1.0
-2.1762897998686674,24.015037566217785,-4.0923494055448,-14.755538221834897,1.0
1.060677193052775,24.7469519518051,-4.436371307920021,-15.439409614670886,1.0
2.260063208940485,12.98438751593558,6.599250790444788,-13.166347417730593,1.0
6.180692347323005,0.9298985282156309,3.650343196292618,-14.45547652988466,1.0
-3.5140728105882237,1.737982994936953,4.965198767658952,-12.818277365857051,1.0
-0.5701455531874906,9.96360707836405,-0.22575882884958798,-14.403555894679037,1.0
1.61083751326583,15.159455815575644,-5.3670707736656755,-13.164517436822646,1.0
-3.2950863329028692,9.186701393673722,-3.945974791968344,-14.709378210640626,1.0
-10.983434788800336,20.4277329458335,-5.681647190016187,-15.822101468921261,1.0
-2.1778908819013703,12.691701422490755,-4.736244522487068,-15.109052872723316,1.0
-3.70434530844865,1.1417824866093955,-6.5828617306815005,-14.029040916014155,1.0
-8.429379123640746,18.262072657818813,-4.975846522673129,-12.448303633607521,1.0
0.3337933125895658,14.88627600829632,-4.368559727226886,-12.28501579843211,1.0
5.417799146666142,16.864617409481397,-6.099285470722595,-12.320561236685588,1.0
-6.226451606761826,10.184200826240675,-2.838261914090305,-10.814670590141617,1.0
-0.027103058369182698,14.176889828917659,-3.298574204613977,-10.179242652210386,1.0
-0.4513997741605733,18.546731430851626,-3.615174257100781,-10.374281176274922,1.0
-10.396477070497848,20.39063723776977,-2.7190437601648485,-11.767130904350747,1.0
-3.7059813317648143,27.942973407662265,1.8892958628218786,-15.628334754627907,1.0
-3.0824479279390435,36.898530423820716,-1.6167716064929811,-12.163112036730983,1.0
-3.226762220791529,33.48404350370247,-2.755621559020935,-12.61899015443712,1.0
9.30702530413545,17.06791722892596,-0.2721063537211399,-10.928483314839923,1.0
4.850081489769666,22.244129522916733,-1.9493506978036994,-13.35577213687636,1.0
5.523583248754196,22.120050006338353,2.5606214304950865,-11.840424008721822,1.0
8.409865354144245,25.164435620742132,-8.325459434123236,-14.85569026047951,1.0
-3.4403819804461526,27.426364845313884,-3.909557859427081,-12.418001757682728,1.0
-9.2622917505509,27.88639227433779,-4.5304775382937175,-12.837123250176127,1.0
0.28225992958124735,32.50071944438167,-6.149416205556793,-11.575873982150588,1.0
-2.4210274164111736,37.97700027926457,-5.531792635808008,-11.051591566113856,1.0
1.7263176490099252,30.408212742389093,-8.201032910726397,-11.323703390805704,1.0
9.750636397954999,24.771726800274624,-2.2167901455474928,-11.26590559002148,1.0
9.877209604540615,17.73288508838904,-9.60768266829606,-11.406223629531778,1.0
0.2953418393853129,10.776342179919194,-3.9804913959234915,-12.721562005986401,1.0
-2.8133203668497284,11.36075258902072,1.9167317514010314,-13.86743290869706,1.0
-0.7363035995806517,11.625476363853993,-0.6120501904652996,-10.99095984064952,1.0
8.178994560010612,12.534091689551303,-6.661060928169661,-10.424846689944838,1.0
0.26297975264057327,19.07359849099736,-5.386456363996151,-12.408101060850253,1.0
7.762017648117256,10.041007974278653,-2.007467560615964,-12.404466339587605,1.0
-3.1262701642662303,6.602015917292357,1.262917109259071,-11.19297565242469,1.0
-0.9502088585993966,7.7858397190335324,0.6216158599744146,-13.906761341619056,1.0
4.847938394710729,8.116938739183983,-4.0301351032524515,-13.72362747435525,1.0
2.0920991339364328,8.369044840512073,-4.897474153464129,-12.270878359450162,1.0
10.039850419236476,5.758512122393384,-2.0761722303094423,-13.633066024229576,1.0
9.074779510174261,6.650489026373265,-14.600201999793942,-12.231797188771914,1.0
16.313617230501087,8.323727907319412,-8.77096892122776,-13.445825304985739,1.0
1.5025220553244991,18.037017002376707,-8.786692617557572,-14.263101110333187,1.0
-5.955046536513226,20.19724696918963,-8.647681627768751,-12.72412761322157,1.0
-2.207342202946231,22.87937257080929,-2.2033458777737946,-12.286004107410786,1.0
-3.288026889761912,22.653280205191056,-7.5333172829836865,-13.091533440621072,1.0
-4.337930063597379,23.420697623783685,-9.535041841417247,-14.30543523738392,1.0
0.43085153600470294,26.44464782972569,-13.443154140753066,-13.099551792438646,1.0
-1.660681903607378,23.967146208079782,-5.781721564828629,-12.18094112195132,1.0
0.7170193741483919,15.18832778420186,-3.159404958770216,-13.033581593296535,1.0
-2.6283891325543527,13.148852559311864,-7.811006273297726,-14.132211510757072,1.0
-12.987441222191581,17.21819915062956,-6.723914671474304,-13.363096603962488,1.0
-6.220978740838147,12.245366837098032,-8.545308639709162,-13.182475143925396,1.0
0.6773974518385271,3.698345640992123,-9.541249559030625,-12.597142786324492,1.0
12.381160616177283,12.226037527581052,-0.467654826213467,-11.961791473232749,1.0
12.114368011674545,16.26286695191421,-1.75248601358492,-8.287276766209471,1.0
13.561040662666489,21.385375369472897,-13.00932814858617,-9.178503146637794,1.0
8.918977654716475,31.865345136414554,-8.83645937570039,-11.307102119298044,1.0
1.64072496127003,25.586556104593363,-7.413026755214143,-11.611998063589166,1.0
7.054278531889299,27.107855281947007,-11.17885438636732,-11.177288430987534,1.0
-0.07813789689310902,21.540984690698924,0.1745970391392122,-13.742645678624907,1.0
-2.8840950806621914,24.468317417129875,-4.84342001874317,-14.06131740590825,1.0
-2.416903047229029,12.50232010043262,-3.491647570503866,-12.583584103364803,1.0
-3.8145378587365046,19.366415205683225,-6.202016230886942,-13.774899030346191,1.0
1.4020146045822752,17.5913587662102,-6.816532833869189,-12.457342177729062,1.0
2.5870404121552815,14.465164911340585,-0.5758530468168275,-11.989900844014702,1.0
1.4474689439568378,11.221483900379411,-0.4132273116093863,-13.851047046362538,1.0
6.92935683958856,18.00910372942496,7.190318235920125,-12.860073632914073,1.0
1.5865873099692434,23.23534567579214,2.638267331058337,-14.144233559632873,1.0
-19.44815763404309,30.60659910436188,-1.178065174079277,-13.04872112689546,1.0
-4.2174922582973196,33.32768105666483,-4.478181796302415,-12.250621218460083,1.0
-6.9183735456693425,30.80800600770587,-10.675820076309375,-11.869544505319508,1.0
5.9902820687839125,26.548295617307087,0.2731560032800604,-12.748974045180546,1.0
2.049162490030727,30.17967436622512,-4.442326229928241,-12.447524829989023,1.0
-0.40659297622783086,33.783332852434384,-11.743754759192793,-13.66806853025246,1.0
-5.035353993059241,36.429256118579374,-8.985482559406616,-14.112592610159009,1.0
13.53871018423339,13.62007030614394,-3.039388582064471,-12.080628755426487,1.0
-2.435823116422852,10.227338575374917,-5.548157741654962,-10.172106085173562,1.0
-7.61564950721314,10.289045244252922,-15.714744370188424,-11.287635485190016,1.0
2.9570319977967943,11.394011690957198,-11.69664832576382,-11.976482083475558,1.0
-0.0002500805010088314,21.02606466958557,-15.845106563932047,-12.078173571000827,1.0
12.850229691512654,29.402737491455962,-16.976351193764057,-12.340555982807288,1.0
0.42938661943668555,25.37818817213575,-21.95486843852134,-14.509854113523026,1.0
2.7314778203302845,14.016649886897007,-10.870299317610844,-12.805187657424167,1.0
2.002500205802001,16.70554974737334,-12.79311205539677,-11.638175950173379,1.0
-3.5078278496278794,15.935023996956387,-0.6739339878091357,-13.977428402165478,1.0
-4.942826250594479,23.42622526278923,-0.8296883750004795,-12.938361961207857,1.0
11.980846011082335,26.03752517603923,-9.58486043479061,-10.850024047616223,1.0
2.6871254299394645,34.91619879353829,-9.418760744547354,-11.801713722917091,1.0
5.265450548212431,20.516171176295966,-3.503616978111945,-9.19599787510941,1.0
1.652204948921426,22.152462536871912,-2.945359695078653,-9.969812507968095,1.0
2.4708502806414954,20.748709141639416,-7.768156631166739,-10.97685599539192,1.0
2.7170054660870893,13.24620776372896,-2.2847001472583166,-11.780133086294548,1.0
7.324201275631161,17.771944865087434,-0.37259978854124753,-7.72435422792994,1.0
21.239368463354765,9.74835434750439,-7.9484511038251355,-7.972531030694518,1.0
8.959415731824297,13.79107296891982,-1.969578790763241,-8.69224764106996,1.0
0.3836614740698092,17.418602684369674,-6.583919337909581,3.3433584642351297,1.0
-7.508942764705411,33.29505276015166,-4.8572853865007595,8.173186796383398,1.0
-6.5080771154620916,23.939303910144,-6.612856005492281,11.498334555335271,1.0
-10.76154031097892,24.329885505263334,-8.405124242413113,11.450006561218656,1.0
-17.375921137305447,12.30555547763572,-10.65758013612365,12.294536148565578,1.0
-15.721194004997564,28.857922492277353,-5.5720192014685,12.86903738005831,1.0
-8.28765248440257,9.087881298379397,-11.467530712983944,14.7927429150829,1.0
-12.762895850728453,10.655257796196432,0.4340485653806656,13.980209573089274,1.0
-24.122306895064337,26.066238573157143,-0.8480269618643961,15.446546404836662,1.0
-28.610679569524265,20.645389339084765,-4.745777349692435,4.960284296536141,1.0
-32.77857524783485,13.194915914742516,8.03877686977327,0.009519282032455223,1.0
-35.09105836149037,15.059477326764139,2.4692911760973413,-1.3913607759408135,1.0
-30.286130889483957,16.927471021868786,-2.052990386457054,-1.7349536108241894,1.0
-16.800980942811798,23.611245246748958,-1.5964067790415297,-2.7646723799920347,1.0
-4.878474174521341,19.972721596583618,-7.073162431735729,-4.47613976568658,1.0
-3.2439116800200387,21.59074616419779,-1.8808722632874961,-4.150911388326661,1.0
-5.004877129467417,20.034534075718096,-8.228646278453857,-4.413989611673416,1.0
-14.011915660842027,21.21605581277352,-13.144852500797516,-7.220310635115127,1.0
-14.679495657309488,7.535087381702169,-3.282363501488432,-8.47458975672356,1.0
-13.27133161007472,11.34097010580085,0.7254044245405455,-8.373839137299763,1.0
-1.9942583437414783,6.05796596109481,-8.711163271910264,-9.572541341122621,1.0
-1.9290238626620528,12.647808116906468,-7.7890872537099405,-12.57624835326708,1.0
-7.007562192122628,12.44899744323795,-4.786877673640227,-11.728497486692511,1.0
-5.461445070476372,20.08248533077083,0.9637895488781618,-9.739434557121271,1.0
0.4214661731826519,17.71816808601394,0.4380390980242561,-9.20604257677243,1.0
-6.959345069005873,14.651344050852574,-6.806252058742078,-10.752198558624155,1.0
-3.1744168684813623,20.318989411233726,-11.381931461154604,-10.935904813103868,1.0
-3.7180042382907645,16.902883022367455,-10.861644463745847,-9.099349557780355,1.0
-5.8544564043996985,15.325217797624141,-9.612170642246545,-9.58092655312074,1.0
-6.002278768588,19.84975165234677,-8.314054687870783,-8.63060371998061,1.0
-6.611523778862412,30.722862650990166,-4.577316382274958,-8.791307368051626,1.0
-16.547976823407232,30.64983292319035,-3.1288810975635446,-8.852887746894005,1.0
-19.93527257165679,22.79146113464803,-4.643083815073878,-8.341555761394527,1.0
-16.08589103565881,14.429802396524858,-6.557780979094813,-9.306291171406542,1.0
-13.311585180827862,20.034754990131344,0.23862422255380444,-8.517745123008224,1.0
-5.0593652982546,31.16335665014092,1.5388549029713614,-7.828444173355037,1.0
-13.606869371327544,28.101704583336605,3.8278011099663236,-9.484395282282577,1.0
-13.211473370950664,29.205293760016083,-0.5761233727809962,-10.948444643991301,1.0
-16.562293195377393,33.206079399244274,-0.5990331216993874,-9.667948734701652,1.0
-10.523654159493942,27.168673422630242,-9.348019441362716,-9.151097228430386,1.0
-8.795882436320479,34.188820950380105,-8.832729374088357,-10.080470629613318,1.0
-14.963658393265753,21.535533752064623,-4.392459811234995,-10.687778927418362,1.0
-28.433784460967523,26.631054331224284,-2.2999432082829316,-10.920628714466247,1.0
-15.836834599157898,30.49561673543712,-5.455454585130694,-8.654086024895976,1.0
-6.480401375346682,22.31597971204104,-3.1811468941191126,-8.873577881538225,1.0
-6.3411982137152,26.481822439258465,-4.806080128494522,-9.277913029018032,1.0
14.651848417379153,21.502147536463745,-4.622923530471108,-8.203761039651694,1.0
6.2165870822586005,31.07969852145105,-8.317286359801379,-6.708770207635935,1.0
5.822821784742963,14.045870770680681,-10.422567941954302,-7.6656763637015155,1.0
7.036551634304544,16.62982061637145,-11.462667331512005,-7.6461310141062615,1.0
8.785202226119313,10.050625922693234,-6.943495436512527,-9.17870161243943,1.0
8.87656018804126,21.480724255609058,-0.10988487354994447,-8.636497719832319,1.0
-5.770672863152283,25.64870914797216,1.6834844178743822,-8.218525347707414,1.0
-13.305084756428416,39.06558963046359,-7.563200303360096,-8.445995864082002,1.0
-0.9113089070153606,33.86687287373933,-18.929657052700875,-7.96514480845117,1.0
-0.15248888650245984,26.45420129336785,-7.040376588240739,-7.816155801444694,1.0
-9.04932401518124,19.805393785617248,-3.4666532535700516,-7.669807484931371,1.0
-2.4495160030456873,19.36978186546117,2.676929283649867,-9.254713667165746,1.0
6.281367610814385,18.19761760637504,4.462069658838639,-9.192566058823422,1.0
11.20972496399012,21.996903453311198,-1.0092386401190758,-9.1952647936648,1.0
9.55495447868514,16.722136813379507,-4.209160588275571,-10.120845810676405,1.0
-2.316868936913348,19.20898590153064,-2.759183922811557,-9.77182162073459,1.0
0.12694581021192874,18.69138802449352,-6.200327471055373,-11.404011663325797,1.0
3.8264833451429263,28.29579595339818,-4.8246738322740335,-9.236936876295072,1.0
10.439874425586826,33.728486746787674,-7.4340991610513285,-10.701828389229266,1.0
-3.1165233980315232,29.217066559220108,-13.358121691177585,-10.191038739780744,1.0
-13.561673735770519,21.083826165277532,-7.9957562720068065,-9.936778046793362,1.0
1.438628750036072,34.43204537366023,-1.3699242439394095,-8.919511916466544,1.0
-3.247654296307071,25.067892839268698,6.284509487032276,-6.859362027373987,1.0
-16.771825771601115,21.131652129582566,0.47183186202052374,-4.999015598680703,1.0
-13.19671229260712,18.387621734089866,-1.5720817387760193,-5.229194402319402,1.0
-31.06496734077192,21.2900023415577,-1.526285814559773,-8.812556930545291,1.0
-28.536037802784282,19.255882051364694,-1.6301755994454252,-8.857031653436417,1.0
-20.506319067068986,15.794709642438447,-3.0579434903835727,-9.569321774333883,1.0
-8.03311795159558,25.431124367240006,-4.916000813560865,-10.466349035313403,1.0
-11.082637268412029,20.666415514298546,-5.383622566641652,-8.914005580495008,1.0
0.5359498156519527,23.140004253379775,-4.588175086685675,-8.705831236915863,1.0
-2.227159317485214,9.687960431427406,-0.18080814132617906,-8.54829710609353,1.0
-6.915398960011407,21.799002137963306,-0.5552312711415688,-8.954483808477807,1.0
-11.50840302804766,12.050001656958074,-7.816944459099416,-10.509615971983433,1.0
-16.450120137026214,8.991524552683273,-6.032260789823564,-6.92449773427988,1.0
4.9671851585100555,12.24060549448289,-0.22499231638501715,-8.584279140336701,1.0
-5.811793827106956,15.988136603241951,2.1664260390088153,-9.491954916755406,1.0
-10.39925133038673,13.409834397868202,-17.637807783851628,-9.138660370465969,1.0
-3.5009408757569553,18.866912741015977,-13.364490542882741,-10.790378670002124,1.0
5.343418944289041,17.84236635183165,-9.976970425440307,-9.170584866215009,1.0
-1.7587840280055644,3.823840899656327,-6.344700745360695,-7.678415919960543,1.0
-6.403496127615085,0.7050676507531399,-2.2618131087006756,-8.520848140470356,1.0
-0.7442898786213341,5.340602766439481,1.7748106507077868,-8.484873889575818,1.0
-9.568702138823667,3.2168449054796895,-4.9456215240820995,-10.122876534109894,1.0
-16.822417119209096,6.598173783822999,5.295859375296748,-9.494241557153877,1.0
-16.096293269597766,5.630875889292932,-0.6083551070572142,-10.250476932635419,1.0
-6.5676513854497225,-0.5569994022347373,-6.478889650453512,-8.801035991132416,1.0
-7.31462627573312,11.293851396812952,-0.44265500349145315,-9.843314140814746,1.0
-15.13069417763501,13.425258047697186,0.7122397791718393,-9.270647826620829,1.0
-13.642196657481424,12.957050524680584,-3.338016854312718,-10.452752564670902,1.0
-3.1275786652487105,15.485102316472037,-6.527810210620368,-9.28757909446186,1.0
-5.678950283717779,8.397001094915703,-8.335865740886272,-8.46254897623165,1.0
-0.7635848564128507,13.468321210380406,-4.776447827834806,-8.85612985993574,1.0
-12.642767756795706,7.1051402111925,-3.735852050210594,-9.941427951602101,1.0
-12.698168787941832,6.99730733129314,-5.831580561697817,-9.665368954355875,1.0
-9.5233876123735,-9.152740733584858,-5.219368717261979,-11.03858370601781,1.0
-16.6089204345319,22.79064308635864,-12.035419884856648,-9.179846574730316,1.0
-21.688809763413154,16.031736202246456,-4.693830228329572,-9.408106189895578,1.0
-15.17970143229332,6.0367181395730665,-5.610199795272343,-7.15421965175577,1.0
-3.664647969949127,15.2753527539739,-1.0316983410826421,-9.050530650840187,1.0
-1.2345378595325016,9.408685207979106,-8.880861013116444,-10.088647838381066,1.0
-8.656225801031072,24.65302882836758,-8.898495641472163,-10.85152646353571,1.0
-6.569202089155216,16.594529811572666,-11.743563595747267,-8.865816799373595,1.0
-10.966889178864225,14.338090676767063,-3.326808893873249,-9.235926997394888,1.0
-10.333297711349207,15.069758922370914,-4.645151317871302,-10.725955099767454,1.0
-9.897563772698193,27.51005406336039,-4.336252594768287,-11.951110904696865,1.0
-14.468035812175028,27.007316155383975,3.535242716925687,-10.851280849905049,1.0
-7.976155315841678,21.311414822236628,-6.3706688456411085,-9.602511829693267,1.0
-18.780019905755793,19.067434383371104,-7.755696601301205,-10.296154246963958,1.0
-14.831299832948154,28.638254108031486,-7.265689526951391,-8.452528606062769,1.0
-1.6790770196172637,23.73012760042198,-9.959743759901107,-8.588254329532605,1.0
-6.422141809794077,29.45369914280755,-5.724376517701186,-9.093133526332002,1.0
-7.126627665144913,34.84274020870188,-13.553533401982993,-8.22286105317985,1.0
-12.368270616111642,36.474335536016284,-9.276400231259181,-7.899592791324915,1.0
-12.382418202582347,23.96371582945102,-8.53566476791389,-10.096646809899589,1.0
-3.1236031923483427,14.743713427080358,-3.988276332345535,-12.852652927251482,1.0
-17.28591341744871,16.472709815976398,-0.9440044827110721,-13.676767139328748,1.0
-3.6769452254478594,14.676175632297438,0.15828891449766935,-13.031059508091499,1.0
-9.030950467720574,6.022317586935332,-0.7812213292862593,-14.474116141053475,1.0
-6.206661389137982,11.840254567222566,-1.623863837005695,-14.432921129453337,1.0
1.9296395231023142,20.218529722020378,2.5950830289600497,-15.113966150036278,1.0
2.3453980373889944,22.452713995628915,-0.6088565417820919,-12.747862753481694,1.0
13.99126567228182,18.17190067397977,0.6028395697197158,-13.507466753386735,1.0
6.319182048856799,23.551125360884523,1.3607387431799651,-1.6461716873437156,1.0
-1.7463125757562192,27.411295122836624,-5.852476926667222,6.208633303956172,1.0
8.412904294594632,18.540736048735017,-3.052371382810282,9.294144297360758,1.0
6.8701067399358475,19.354404014769962,-2.2977373077309458,9.728534928402569,1.0
23.90066964892892,14.907671999596527,4.5969193325903905,11.815088520144691,1.0
16.214003487453034,24.765954735562374,0.5743595276132334,10.560026268680932,1.0
19.746433169029547,28.372701968082218,-4.729535138423884,13.39731487543273,1.0
11.550474774463419,28.266159132428044,-6.489496046428673,11.375921664727803,1.0
20.422066428290037,23.988564271621705,-7.2658801823527845,10.166572460411057,1.0
14.189400072018683,19.032344380535605,-6.59032112763621,11.853524203106323,1.0
5.784559248697478,24.680662797883706,0.8237821799719738,11.613386350825081,1.0
-2.773585457632681,24.99635758151578,-0.815715488745786,11.467784612940742,1.0
2.927791004716716,17.683010024364993,-7.86842420747077,12.377794768691563,1.0
3.2767393533237006,17.506795623986932,-12.332915540636678,12.361784559206233,1.0
6.323294551748858,4.387194685321424,-7.990434391137069,13.119831173363597,1.0
13.451495284464801,9.77065537069635,-6.086349722275144,13.43158232876333,1.0
8.809540254241387,8.709112257348352,6.424972259380374,11.979603920214295,1.0
6.850620743740725,7.122863246296134,8.202988116185521,8.838100433007842,1.0
-1.961093323495275,19.681494532568358,3.6721053737396128,10.174050285602952,1.0
-13.159539557856329,18.89235046821403,0.34170528715013226,11.19626454522442,1.0
-4.430529492759583,16.212500566615702,-3.0512211999622667,12.290142059756931,1.0
3.364116083943623,27.64901551590644,-2.849098943483859,11.306139633308488,1.0
0.11677257285817255,15.628651125860571,-0.4049602745128533,11.880858350319984,1.0
11.31682735636556,9.6624006870112,7.060862450853102,12.801136911710726,1.0
11.17319526378837,10.499112667383345,0.8075935348840311,10.9494289211744,1.0
10.5913002121065,20.850591875961307,4.427064693195726,12.992070177914588,1.0
6.456379899466091,25.219981898984514,2.224030067504395,12.076100829048466,1.0
13.93402750235883,17.78399625919802,-6.016177812483219,12.970981942443634,1.0
2.1019729257193163,21.59164472980626,-11.33951720826735,11.041734054462951,1.0
6.735732668496917,15.156964683505658,-6.05470448535435,10.248238293015774,1.0
14.531830387548705,17.986457717664052,-12.193285109727526,12.139465779582546,1.0
7.953220879405881,10.774276426986408,-0.8609677470307564,10.256838003152197,1.0
-4.662523458292984,18.913391149624836,9.16653340824994,11.436333222558256,1.0
-4.028082285977449,31.080679472673125,1.701385429053671,11.903347989785221,1.0
1.848538202142287,28.92847882491086,-3.679937832110194,12.83956190126758,1.0
3.041470300973396,25.189693110148887,-8.098056115059471,10.360042666896472,1.0
3.317835254491242,36.66085725464012,3.6661739115867804,11.355835554301757,1.0
10.766775572902063,30.369055527704326,-3.014872784736641,9.66555937266328,1.0
14.507879139817003,21.814494980219084,-5.335567526556237,12.055309937754735,1.0
7.686765404268536,18.136398523743363,-2.450771478396063,8.367130961815805,1.0
-3.5665930232735183,20.363310784528366,-10.014738680064804,12.471255882429297,1.0
-3.620880414464029,23.520433260016347,-10.033932158288843,13.564886044987663,1.0
10.21189461831338,19.185283132053893,-13.707601013908437,11.354140596066708,1.0
2.4546785424113615,23.85535622235519,-4.467941735528344,11.205666770899363,1.0
-5.922519731255141,27.537823639969954,-2.6154490660685408,9.639359548285515,1.0
6.743051262731154,20.345925631074678,-13.033912195627432,8.278085935845617,1.0
9.587371126598072,34.607796394037955,-8.240045091139823,10.328069579772224,1.0
10.741980675523692,25.563619432383447,-1.8562964908322537,9.556150532038004,1.0
12.711936834888206,16.950996456560855,-7.182101447706428,11.441505038635038,1.0
12.196526734203038,3.6267182893505954,-10.407067584498492,11.140458117966785,1.0
5.88780341774617,17.955851711821897,-10.285437708908185,13.633475548985555,1.0
6.003308086730874,21.138847566418058,-8.621427319821134,13.075430352912427,1.0
-2.2393891861643898,15.118441597730016,-5.174446016691569,11.184838072353731,1.0
10.599323300723032,16.482606583056715,-9.255198258199206,10.319593078851257,1.0
13.871113436551749,15.96624953642052,-9.956162937691925,8.1197324498702,1.0
12.325204474910622,10.353133500221272,-10.127667156273674,10.516726596454621,1.0
23.68398017187255,5.809730254630907,-6.3804222796824765,11.452984113947414,1.0
21.049252568623412,-0.4815573110309401,-4.9607779850365965,9.542904027278333,1.0
18.523353161571766,0.8046394404409298,-7.511193126378436,9.584885842807907,1.0
11.926835358867326,22.119450653851814,-4.709344009102847,10.927634094168592,1.0
23.234203718821227,20.971210003209663,-8.513517374301252,11.384206558667309,1.0
9.447886635092669,20.39545374876453,-2.828380212079118,10.840310442898847,1.0
10.49407257978628,15.964985068184106,-3.3900324850738865,10.75465658223819,1.0
3.3294701956420267,5.978556285946553,-9.293963459466216,11.71340779097494,1.0
4.812392949751617,14.294742840744249,-8.662463483737357,12.253917382790533,1.0
20.279707483030744,17.652403349763652,-9.61176815216804,12.131510545533754,1.0
16.627156982127623,19.96737425621831,-2.901653817808276,10.94212472785206,1.0
15.11263739476881,21.945326325946784,-6.32613674790306,11.580487282911577,1.0
0.9060694533038642,14.846410143903945,-11.374972349951765,11.23319566289356,1.0
9.161816508569835,12.70366057772488,-9.660420268037571,10.348579870716017,1.0
8.061028131399521,21.74918122497836,-5.7550841450518835,8.921653675187093,1.0
3.2453107413161995,25.679532649425727,-13.249808646932735,11.585109442879437,1.0
10.570225214901093,24.196314843175333,-14.19610988197113,11.05048170406642,1.0
9.520253185237598,26.330920398524135,-7.527647832047437,9.553894916115254,1.0
13.621423563674814,21.747327769870186,-7.443756894581272,9.683954955594748,1.0
8.440159857161749,18.536411685366527,-6.456483972404862,9.79933980300694,1.0
3.7490734583588687,28.65445339746682,-4.359948738748908,10.868454705628618,1.0
10.137091817515552,33.94515292640465,-6.98394179708373,11.042848049026519,1.0
5.1005350375754865,18.035322124853074,-12.029988289041583,10.900133765678909,1.0
12.17643866826249,16.980064423467525,-9.005060871468302,11.073572782640808,1.0
17.507619966821657,12.530913462312617,-9.600111245834508,9.794779395278265,1.0
30.319534850196092,23.352775220884844,-3.8273416236115625,9.900415935101124,1.0
14.174833677252817,27.018547096364387,-6.439288657488947,11.428469698292055,1.0
7.350052633462468,13.726699587235801,-4.377311512467117,9.365613118330675,1.0
9.579612678769028,14.133216819528123,-7.667738297333479,9.086744406022477,1.0
12.040220008802017,20.96180247415895,-11.231843062815363,7.248596939461523,1.0
12.32518220518698,15.758094937107835,-14.556867446491836,10.51130267565232,1.0
9.178251902001914,9.36251148835441,-15.604167417236138,9.697064973887727,1.0
16.725976338838585,17.488672413295056,-15.307930738313999,10.04706262210865,1.0
12.139575037600073,12.47895201887483,-8.927018479402891,11.079441026436125,1.0
5.037430749976323,17.49690577387782,-18.443356318664218,12.86057843703906,1.0
11.629359247380478,19.101387741027718,-5.796684216644041,12.320875767100109,1.0
12.231786446526932,9.984977019687392,-9.883650670523211,13.016117487771544,1.0
17.77623318347069,15.656197335065379,-2.1988161313167645,11.650727737353652,1.0
13.538049562035072,23.094900238799784,3.4401222900810238,11.911099500429037,1.0
5.955564912353937,24.82738880383355,-2.657181115112283,9.812445147049582,1.0
1.2848202733001628,28.76972117319504,0.08430462003019734,11.804970918010968,1.0
13.707972986055243,13.079976752040533,-6.508223502854916,11.657590985503973,1.0
9.644160220021202,11.862669522432281,-4.1302013103325095,11.931312288879369,1.0
-16.285295153380467,-4.2689665574165705,-10.915167567766604,-2.418800368331791,2.0
-14.013961529696285,-0.9025792733443729,-12.150359550827053,-14.271602122510288,2.0
-11.473483719183891,-2.1981197865150066,-10.99437425119565,-23.630241814695268,2.0
-11.091693210035759,-3.770859317974444,-11.885655581451038,-8.10411210547013,2.0
-12.84660376755836,-2.215207927767097,-12.818651742040863,-5.980215755885966,2.0
-12.252470655749072,-0.009626967928317853,-12.680947833117157,-2.414281411624611,2.0
-14.266224106516074,-3.441900195393622,-10.937865548784764,2.4967285236527075,2.0
-13.565937749713573,-2.088453936864852,-12.821983904901316,-4.265692490226131,2.0
-12.43087111630925,-2.251697517372606,-10.634666877084408,-18.81936240228152,2.0
-13.97989326409635,-5.926708882736577,-11.257042988693815,-3.7865417184516454,2.0
-14.782275083416042,-4.407731702215954,-12.28354945468355,2.507719239507657,2.0
-13.593675384236246,-3.9678141953248174,-11.46656891812003,-5.017258808535996,2.0
-17.175026275398576,-3.286032759355499,-13.88356733394098,-7.174808946663902,2.0
-15.768419433848694,-5.1341732910266,-12.71644058250346,-0.22274752205442494,2.0
-12.979481938469485,-5.698799195424933,-14.39994912025686,16.253042653567825,2.0
-10.821945505879247,-4.543480481672599,-10.757986251203004,-2.4625505175342326,2.0
-14.502604625168718,-4.513488426023438,-12.37190052548494,8.76424618545876,2.0
-13.270228815078774,-6.67907684726043,-13.023774997806695,18.52869576634749,2.0
-11.327027049763961,-1.0576947223986952,-12.054403680449973,11.690349656793313,2.0
-13.87053643177817,-4.760512320469134,-12.04816331877798,20.4748601081875,2.0
-14.393324594012244,-5.113637000976595,-17.109517727401606,11.105135104584292,2.0
-11.22366748483225,-5.002867599565,-15.482815396475377,-11.220496137190032,2.0
-10.763482342290501,-5.489056285401049,-13.288054299536148,-6.691417051284471,2.0
-13.66649236538746,-6.226073284152394,-12.245513612802085,5.144483629261163,2.0
-11.992207935837943,-6.685879518029139,-12.451603659236579,8.205524813968154,2.0
-15.349761401034623,-4.660210089804104,-13.770131460666192,-4.593516809648161,2.0
-10.97013821779548,-6.637782079868495,-11.83308886031563,-7.00599736602491,2.0
-9.775894174484296,-5.602262014443848,-11.712206441793914,4.1632535798829275,2.0
-9.72334794730754,-2.917526533187379,-11.91797238809016,13.01620204101127,2.0
-10.6287881255392,-5.421398445254151,-13.692440114190514,12.756160961636756,2.0
-11.43233702735046,-4.053269752759013,-13.903213559274086,16.017442876054606,2.0
-12.022537900896609,-1.4459718667170414,-13.226371467007676,7.7504697157596425,2.0
-9.588019964376844,-0.9396800015899291,-11.941017614352354,-0.4418103308858883,2.0
-14.890655567072812,-2.3340083953138318,-12.327772302722318,-0.0007886925314712911,2.0
-10.286530394074418,-5.810904418613037,-14.142451530525706,4.069710796248197,2.0
-8.187728125547768,-8.907908826383446,-13.514353117148952,1.3216208926134398,2.0
-8.796153908603543,-6.304004685496469,-12.043243209256808,-5.823034081344771,2.0
-8.096856668733777,-5.203112061937529,-12.530406832722782,-14.023914080730492,2.0
-10.136645432790605,-3.994559001629651,-14.689420446805675,-22.672039258608727,2.0
-9.845429583951914,-0.8894309210997355,-14.313638094132575,-21.905113258404707,2.0
-10.411303488390821,-2.278851831759261,-12.839859129406367,-11.5190718111076,2.0
-10.944182344811782,-1.9631207264335542,-12.36153263022753,-7.989787653271619,2.0
-10.596389364852584,-4.168502626958222,-13.482290317237702,2.842921822432107,2.0
-9.416816525744904,-4.763767047124371,-13.429085356559256,-0.7771146476962578,2.0
-11.103249052593673,-4.285418025504274,-13.25590532630449,-0.19232265690175948,2.0
-11.247286556982358,-5.2395568670263595,-12.506615010236882,-4.027414645767885,2.0
-11.754896164069496,-7.367623128118041,-13.587105356228468,0.10641355094872296,2.0
-10.871601539034229,-4.748408632010679,-13.507063129565804,5.670348044841986,2.0
-7.744658809270863,-4.961549485481981,-12.370512729745599,-5.258807123751786,2.0
-8.940252806442723,-3.4262407383190734,-13.262500402775435,1.1045770851803836,2.0
-12.643255906149806,-1.3560217315742897,-11.862874122861847,-1.8366029586684638,2.0
-13.615004505954555,-3.77958341322862,-11.048880375259829,5.72878902782343,2.0
-11.719458022396427,0.09997497563296598,-11.598017957676479,8.866291771411737,2.0
-12.803727850810604,3.495878059199528,-13.467581580819758,-13.129377769122152,2.0
-11.159097256946957,0.3064255046996074,-13.675239156810248,3.5861322826855684,2.0
-13.677082905035698,-2.562178069358373,-13.017605386980923,-3.808430699652226,2.0
-14.982640579113662,-3.8941360925080875,-13.123487420022744,-9.431720035532798,2.0
-10.897619107128135,-4.902459732528868,-13.3904546661395,-6.39165873427517,2.0
-10.902117900797167,-6.016008645223546,-11.464820629870177,-3.8509508562426324,2.0
-11.236796019606336,-7.42290418352356,-10.271969328172739,1.375057046859574,2.0
-12.443942950182771,-7.783305297235463,-12.361232188224848,-7.996961791908722,2.0
-9.874448250448127,-6.66631996670709,-13.891629002750008,2.558915869926719,2.0
-11.021819530872513,-3.9116146233419613,-14.97031802086045,-1.5691785707349757,2.0
-9.972112801004096,-3.239285014153029,-14.396389016159418,-9.021062761984853,2.0
-7.664827059058945,-4.620019396805686,-14.674563229359654,-12.01441450456853,2.0
-9.200930455115678,-5.226974925055007,-14.16805503026756,-8.231959468006014,2.0
-12.001072134420582,-5.470733618479354,-13.540137729648487,-11.66465055897128,2.0
-13.802223006939661,-5.564992568664147,-13.348127013848831,-11.300064290555667,2.0
-14.172602328237014,-6.412328578454824,-11.391027838845758,-13.209573447926637,2.0
-13.770607512800488,-4.688208922875905,-11.579514670617176,3.08641000351487,2.0
-10.27771998272849,-4.67930255192834,-13.20807366210805,-4.652861293022491,2.0
-8.201353077188331,-1.5803174345499178,-15.506889924112901,2.396966578938643,2.0
-7.697276865559327,-1.673223416257958,-14.691335589533649,5.939074183849447,2.0
-12.641648076584186,-2.2252450453323327,-14.356983068805476,-1.2048817330721002,2.0
-12.456634473382401,-0.44548328103863755,-13.064313139162925,16.40597752037855,2.0
-13.142659765584199,-1.2782123966429362,-13.929431914063066,8.61369795600235,2.0
-14.660870712846954,-1.1864550825285594,-15.152367771701732,9.72225855138687,2.0
-17.064570956811906,-2.162398059786433,-14.014354791163901,8.383851206980228,2.0
-14.930768129698812,-8.083890224153397,-13.88809975774172,21.661508186741273,2.0
-12.930904354304833,-6.444959063693031,-13.365775146647348,7.645588438718735,2.0
-10.734733637451214,-5.998376848082153,-13.467068285860753,12.358309187380565,2.0
-9.786734019438859,-7.674146579009681,-15.279616039290946,3.376205012608563,2.0
-15.31631716703933,-5.788375957797223,-14.755811125267389,6.405200535696821,2.0
-10.940606869213603,-5.844071894549209,-15.036607435510959,1.3170468466625982,2.0
-10.57056032203534,-6.432999886796398,-13.93949602148457,24.05756907865813,2.0
-12.225860661720429,-4.407177382356435,-12.539498139013343,8.301120417422345,2.0
-11.088221108193137,-3.8818694264802485,-12.530407729282112,-7.005825400190156,2.0
-7.161116839467194,-3.5070517012548645,-15.402026306833095,2.705181612911737,2.0
-10.91864051473844,2.5643175756753513,-15.354254009040464,-4.301002969283978,2.0
-10.122222485874662,-1.3914928246375098,-14.5259662895956,2.2704215509747967,2.0
-7.344706924859701,0.06656488543432193,-13.621605262235743,1.166561410156937,2.0
-9.717373380485224,-2.658361822521102,-13.0640242052614,-0.3948290822530689,2.0
-13.203482814565904,-5.286012935962002,-13.522263618940613,-11.183000803059425,2.0
-15.624188495558938,-2.847531801327153,-12.09867123812576,-13.360673088988417,2.0
-11.29991563727639,-0.869097628392597,-10.186859213451656,-13.906164708703308,2.0
-11.144529079853974,-6.466510949738488,-10.986111641858276,-8.528904448508175,2.0
-13.110454002634006,-5.675425973497557,-11.901689264470882,-6.573166347108214,2.0
-12.360388474656398,-4.2484897400248505,-13.301011388117326,-10.04073152177436,2.0
-9.702071854346132,-0.823081117197372,-12.279234624434494,-16.14697706958259,2.0
-11.205842781503687,-3.8486864607831204,-13.498014878617612,-22.308875150482006,2.0
-13.364751243398729,-7.413055188414496,-14.647200365906077,-7.129960176699747,2.0
-15.109660299231859,-7.897633044017683,-13.08316793625411,-0.8865615289054845,2.0
-16.227873692288604,-4.260002011202996,-13.264655067900087,-1.2169677664767042,2.0
-12.992430335967745,-5.507727605044571,-13.918293139741643,4.574368020620746,2.0
-11.159641768545502,-5.231450880137839,-14.343914666873072,1.4386905445605542,2.0
-14.03314145204558,-4.906089925552469,-11.102007014431162,-2.2816199315755146,2.0
-9.005797616980047,-6.3506754357621675,-11.876800891138963,3.452501721121436,2.0
-12.000316047014666,-3.4635979178035345,-11.083950045034303,2.2894514412509466,2.0
-7.910858241941411,-3.4205635990858494,-11.872799812678213,-9.553320332803626,2.0
-11.680689453857372,-3.7311119456025317,-12.41670732422897,-5.146977439992284,2.0
-11.066827394872886,-5.406253707198348,-10.763167158106043,-12.818386113033077,2.0
-10.994994745271892,-3.953203197410897,-12.492712013049204,-5.212380827296219,2.0
-16.026317987968742,-4.291730875440078,-12.668047786712826,-0.29298738997392926,2.0
-11.04802798540159,-0.624010767315843,-11.805176262143057,9.194150370972299,2.0
-11.824147671823495,2.11234661584603,-11.459445399672315,0.04870989528150793,2.0
-11.568462714077686,1.4606902262624981,-11.025269581055838,2.7172609041181595,2.0
-13.532624861742809,-1.5052184314287942,-13.28888686066651,4.87624394227239,2.0
-9.652497012709738,-3.8497891952459877,-13.589482475107756,7.412275541448548,2.0
-10.659265226295304,0.4604839613314464,-11.839573913533073,9.392148957069223,2.0
-13.01597548204351,-2.8722022526902684,-14.11501526031796,10.41487669855829,2.0
-11.096134354439995,-8.213056939973901,-13.36495950182159,-3.406179693925015,2.0
-10.60242787772967,-2.9498447712453295,-12.289403472180254,-2.687689878966202,2.0
-10.010871668516774,-2.2538867121921844,-13.129763943552478,0.49637275550635507,2.0
-11.036141055583753,-4.009349202454492,-12.715209892551764,-0.5613838849650821,2.0
-7.793003242633084,-4.649631557256681,-12.417850423340802,-9.127851874878392,2.0
-7.534587646549968,-5.345976048425552,-10.543002249666186,-6.17570955826848,2.0
-11.824234087829524,-2.7595943164908565,-11.687271444810001,-2.614765196414806,2.0
-13.164543653922461,-5.893214808105333,-11.822585245618033,-11.085143592887823,2.0
-11.63587519450893,-6.203185454746359,-11.676448810389548,23.32110203148244,2.0
-11.080255128437356,-2.3613260130894744,-13.375558991855016,6.888662866341668,2.0
-12.540423820419495,-1.66819387710039,-13.072816507902798,9.913253888226732,2.0
-13.806506108822887,-2.3102131421716585,-14.394340092699903,14.81124148137557,2.0
-15.57681881831327,-3.9510388381632042,-14.933343248511914,9.548750668096567,2.0
-12.383771722082123,-2.774465739585347,-13.099893351675945,1.100866657719544,2.0
-11.889742242469508,-5.295139466736934,-11.838286578611735,-6.386216173921342,2.0
-12.514949460721368,-4.3516510508347785,-12.156714051953362,-0.4872466107190203,2.0
-13.347276172265746,-5.397680295961004,-14.02947302551325,3.6008664918954576,2.0
-13.861698145584882,-2.477710210264753,-12.526549936963901,-0.7479704752362234,2.0
-10.50886637976458,-5.402451700775418,-13.1313466256104,-1.6867811738116631,2.0
-12.223148722954832,-2.7496343186185426,-13.555535311370098,-2.2974525149586356,2.0
-12.710890437424048,-4.61537900117176,-12.60013115544947,-3.137593957939056,2.0
-11.174405691223617,-3.365886198848945,-12.639694663632124,0.895380157725306,2.0
-14.592799043362277,-3.8195969262621787,-13.579509132146182,-0.8635228023885997,2.0
-8.24711947480333,-3.652154658245627,-11.464578872632162,-9.010566356576403,2.0
-10.096793330854048,1.832978413050612,-12.389825922656984,-14.893323524371638,2.0
-6.140235632752322,0.08466527619414621,-10.809442797789528,-14.34093229672557,2.0
-8.979584653986127,-1.4210656401672297,-12.126312839484477,-6.070915129188933,2.0
-14.542582385840293,-0.3258490619464589,-11.989755348733905,-2.8446060620307985,2.0
-13.74779692473791,-1.1884042308109022,-11.803069836886081,-2.949652452984295,2.0
-13.733868814732276,-1.2050659911842065,-14.082997010665315,-1.2450739623410902,2.0
-13.18194478056715,-5.745886518630154,-15.439771621710495,-10.459641898914025,2.0
-9.992913667975143,-3.3124892019175354,-13.700937997872472,-19.79311186941555,2.0
-10.43844455859008,-4.143690208097674,-14.605175601631855,-10.413784508629298,2.0
-13.13929233169316,-7.369923382640273,-14.441320141965019,-11.50486807056816,2.0
-11.478551774592479,-9.219195995411788,-14.77839274436927,3.7247700492383817,2.0
-12.140289757098222,-7.733000083917339,-12.977472136906037,7.112703625799835,2.0
-9.627582171547163,-6.415663497615852,-10.693001154113556,11.508030781860494,2.0
-14.924994486317313,-9.949891707601505,-12.457005303132753,18.754461511224065,2.0
-15.682698408077663,-6.663255238172572,-14.509642313614947,-11.194073221754559,2.0
-15.1804467280846,-8.046683899197099,-16.535589715290858,-14.904229523304931,2.0
-13.010934630869219,-6.967629367632796,-15.599736056380435,-7.537227383540397,2.0
-12.255480796417071,-4.056613050750622,-13.462417885330405,-18.10606917399481,2.0
-9.26770812586101,-4.504483580174963,-13.99580097962787,-14.145951144236324,2.0
-8.882079402664809,-3.5333688350544263,-15.678522240466716,-0.967630682498644,2.0
-7.264421767948752,-0.12017087516490177,-15.244667977056341,9.603335577686382,2.0
-11.869847067828964,-5.937288308157514,-13.61643597440975,15.904207484231131,2.0
-9.927416206858807,-9.682028634778662,-13.470638018430101,24.35189191776479,2.0
-13.414260739841616,-10.408581091017835,-15.010107888616744,7.873191664830013,2.0
-18.27094306257178,-10.686562877320048,-14.105694689043313,2.148988326591736,2.0
-17.84069034288319,-8.21920096028162,-13.947664037646005,24.447640261640057,2.0
-18.88862765985079,-10.070437792575817,-12.585519197526384,3.0717390169529075,2.0
-18.554192570141883,-10.475919002534948,-14.168109891443516,1.8627791390532478,2.0
-15.721659323792686,-9.118142590022309,-12.291425601077192,3.3870070239712122,2.0
-15.76425927237135,-7.199613596396,-11.155074722413348,-6.052143774408348,2.0
-20.035357732055225,-4.917738186367018,-11.592753551340545,0.5233287618640324,2.0
-15.468875634647427,-2.2525564918941177,-11.915897941883204,-4.021019253644969,2.0
-10.034643317877418,-2.975287054962628,-12.95087516662087,-2.5465249278207533,2.0
-10.756860123956674,-5.00466117925071,-13.042332618657104,-0.40948686048768046,2.0
-11.99780395715895,-3.338867325440727,-14.301958536089531,3.6676368991905757,2.0
-8.762414630734101,-3.795344681946509,-13.277246166489585,2.4160923997726096,2.0
-11.789552538755657,-4.902352591844199,-14.542254364310075,6.713834957529187,2.0
-8.884415789026011,-2.5245493703453743,-15.508591927055038,2.8599305194088958,2.0
-12.502819390048268,-5.628140909411558,-16.02637465547545,-0.8408536966814406,2.0
-5.910995398865372,-3.57115540082331,-14.702269610560412,-5.014887979556203,2.0
-1.3743649789453838,-4.6966908921125725,-15.87654521391273,-1.3941017580171597,2.0
3.2810076610897267,-2.7384341054287953,-15.492267068890412,-8.021513208824933,2.0
-0.4568062184437345,-3.121071448900888,-14.579273981332662,5.629767909647964,2.0
0.6450479349920757,-5.315016848095536,-14.003388114386576,7.161517555127962,2.0
-3.607283066805976,-3.531939819744116,-12.394001558272066,11.21775174506054,2.0
1.073476078726651,-5.928789121241874,-11.781709307670036,12.888945383665824,2.0
-2.1833916428263205,-4.941823558521935,-12.380338324849948,13.714898450097344,2.0
-6.532842117225921,-8.245116176818865,-12.003474697466396,6.994465917667682,2.0
-10.030086898736077,-6.627996718921707,-11.856588051222282,-2.988753615386935,2.0
-14.043386316123737,-5.806790308071569,-13.9631488651624,-23.913077789476752,2.0
-9.326574938711026,-8.63273616624183,-13.631829220910777,-17.763790475523628,2.0
-11.598670077869798,-5.893590866144703,-12.628828749853833,-13.957184920138632,2.0
-10.485384306554252,-5.595349531516262,-12.460402926056044,2.167621748146882,2.0
-12.396943042192182,-5.860405923354587,-12.905946688830355,-2.96008128574634,2.0
-8.999585664169635,-0.8092283514453644,-13.628215375198032,7.000836455162024,2.0
-10.935829310430341,-2.5862440544615337,-14.080857999573434,-14.907352487852132,2.0
-6.565028771498882,-5.989487411034489,-12.503560967178721,4.216051095726219,2.0
-6.124214077771798,-3.1090318656800626,-11.389780139526135,12.325277988629193,2.0
-9.93995323441374,-5.73227613469712,-10.84935238047095,-6.432808131413365,2.0
-8.108369772574806,0.25906732318293724,-10.173213227459353,9.13814017784884,2.0
-12.727487565072282,-6.998358510873846,-12.361268764697087,0.26458542383216077,2.0
-11.40305954383189,-5.770305402832147,-12.988474644878037,9.891777367430816,2.0
-11.39242692741166,-7.42128560941199,-13.375649671575394,-5.886056769928422,2.0
-8.855612879679528,-5.3356408610178185,-12.813937907287944,-2.8682567143283024,2.0
-9.968735436025069,-5.549149268492138,-11.803213016497157,14.439159173167937,2.0
-11.26877241294851,-6.585866686303825,-12.860730636915806,4.656430709432159,2.0
-12.520537650400287,-7.337870356790553,-14.09780244205799,20.525617049442538,2.0
-13.004259035920752,-1.6914210121738664,-13.732092874508453,17.6613795322677,2.0
-6.248628596014225,-3.49500083066839,-13.917551530651767,3.152432192011786,2.0
-6.348966132997728,-3.5937075206130666,-15.372473341277216,21.797621301151135,2.0
-12.140996533506184,-3.8151339324125013,-12.441090338801175,13.893297458841522,2.0
-13.550266314427661,-4.94687186573938,-13.469298174193645,14.609640320962928,2.0
-14.941347980524746,-6.042007407493975,-14.14283329028026,26.743457913866624,2.0
-14.307745343623274,-1.3603923254023491,-12.975516741368894,26.419037760826736,2.0
-15.183105983453508,0.9418141297893268,-12.399210083710873,22.3180561366838,2.0
-11.592542517580648,1.3377989882970214,-13.068753315768909,8.044889262217257,2.0
-10.626100030108889,-1.4303404240838737,-13.548541780036068,16.433001774731096,2.0
-8.394139643456587,0.24023217562464483,-11.33313917245968,12.43865182758243,2.0
-9.664763873577568,-0.2699502508431948,-11.506460998498156,18.237862762792233,2.0
-9.062741775161806,-5.080879072695737,-11.016107431039803,4.714875937033366,2.0
-7.362925759094575,-1.7034109242821358,-13.001729550485978,16.418575999850958,2.0
-11.076646808095074,-4.095532917203878,-14.680666750557425,12.86090443821877,2.0
-10.966256095402874,-4.666681699474429,-12.374931966438256,0.8319549796402557,2.0
-9.350379002331259,-0.6049208262972936,-14.85590601186587,5.8231923442823845,2.0
-8.435311202812056,-1.540539322581452,-12.659924243828685,16.05344894477692,2.0
-9.761292796272263,0.6287966994490692,-12.003139486081963,9.341527077965024,2.0
-9.78740863830806,-1.996785526441776,-12.221584775326475,-1.090779534475284,2.0
-6.1981333512367,-0.7467252895437793,-13.754453406503927,6.67573168093586,2.0
-4.998067901716389,-2.4272890371545492,-12.632937354003158,2.5957160826818493,2.0
-8.468296112116116,-2.9505095225500075,-10.704416264278873,1.6490016443894522,2.0
-7.761886989333452,-1.7274256050106593,-11.424427154792284,19.46431885434872,2.0
-8.167708739826285,1.1202792912621247,-13.46487354096092,5.990323871398655,2.0
-10.748361121484157,-5.841081541080901,-11.39218610288039,20.56209170255138,2.0
-4.053319431509969,-6.608367790072262,-12.258032207575422,29.391888074251025,2.0
-8.857216770360871,-5.905484360444756,-13.232744275591319,19.990669616410358,2.0
-10.940457340050408,-7.9567942272338845,-13.26283851040264,0.533101562858346,2.0
-10.001756886136434,-3.9610181659103585,-11.666363287314109,9.538960457716442,2.0
-11.398249278180812,-0.57551302895149,-12.785164261774147,13.8226872971758,2.0
-13.434310719971208,-3.767651353511124,-12.125614153725989,6.59921683298268,2.0
-13.047051150921181,-5.8661885966645215,-11.118787492666241,12.823962197879343,2.0
-8.54324764521995,-3.1348941877498993,-11.78387722544987,5.418083777166224,2.0
-9.746082499865565,-3.4754535605627224,-13.25047199776724,7.103156283434353,2.0
-10.510430606667294,-0.2728155742041696,-12.606948652803052,-4.590571334110209,2.0
-15.678647731792545,-1.300979987474261,-13.813582519196665,1.9896718268563127,2.0
-12.695820394369903,0.9334718961745061,-12.785666670564455,10.46758896974395,2.0
-13.032921926795652,2.227035461112272,-11.794473355742493,10.790857570959906,2.0
-8.99327743474222,-0.1943877158732783,-12.729584337235798,6.881959485111737,2.0
-11.245655130552834,-3.0702195862859076,-10.49223904029152,-1.841754469545898,2.0
-8.82759308016216,-1.4300221111440872,-11.679919331465916,11.018803160602028,2.0
-9.950184870082937,-4.277862346032065,-7.855077534489011,10.63665367714644,2.0
-13.752998201229232,-4.190340265445007,-9.330359407014225,6.0195379770633455,2.0
-9.664805405020479,-7.044586942818661,-12.025531794622617,-3.44227293795822,2.0
-6.685317365950487,-3.6142443432319857,-13.745311319154196,-13.447708109751009,2.0
-7.074896898610146,-3.225800636657972,-15.124736166453737,-4.160198019177572,2.0
-7.987959062807672,-2.4128745904374096,-13.972237570993403,-3.388031699512924,2.0
-7.997094710916909,-6.6166618548371,-12.636518194500134,0.6627718220789909,2.0
-11.764030238928957,-1.670736727314037,-12.831614372123951,1.939946107242811,2.0
-8.973022842843058,1.0913915385856732,-13.791522867815592,3.6580248687602133,2.0
-13.029556032144162,-1.4409757248520023,-12.784302372232641,3.4416155695361805,2.0
-10.342010454805514,-3.949256591474958,-13.454982896387813,8.294209202920019,2.0
-9.17241736083992,-3.8961564972705256,-13.626227706573824,15.767254095108797,2.0
-9.82972811425256,-5.282448587469958,-12.528705113155349,13.323636519121026,2.0
-12.5952404869571,-3.0915286690768413,-12.804750448037598,11.838174384474383,2.0
-15.060601944374982,-5.260098235751272,-11.420240426835187,23.67632896949233,2.0
-8.986763542956364,-5.899695875253314,-15.069548840566688,19.33803041122266,2.0
-7.130342421176317,-4.1590638523412204,-16.019811605919777,3.03848621570934,2.0
-8.725282229667238,-1.3934589613288355,-14.410952014674407,0.2131670498659055,2.0
-10.944736877143386,-4.1287892450082175,-15.447351927562082,14.507650284181715,2.0
-13.41307312088443,-8.347643694114446,-14.329405950722094,7.848715632599231,2.0
-11.701046798077524,-7.678369213048713,-12.950399579883577,19.32025812357013,2.0
-9.17517993983214,-6.232686979450785,-11.80248762655493,6.356881022889988,2.0
-9.618875139836753,-5.196278301889647,-13.613299748547911,10.31158140296685,2.0
-8.476350403058264,-6.111923816630125,-11.771226151609497,3.613827175625442,2.0
-8.88049461186992,-3.9319335955277683,-10.433001643858443,11.053502554635457,2.0
-10.972252130693523,-2.079255766805245,-13.213918457395181,-2.2714983415055627,2.0
-10.554146736839368,0.5765092411375943,-12.572845369309803,-0.9597722695574138,2.0
-12.149868374473543,-0.8429931873808485,-12.170074430587814,6.910171863884187,2.0
-8.641046654077424,-3.5630760912099504,-13.922793059227802,5.250376688265345,2.0
-11.796479375382713,-2.1106330675846268,-13.192746084597966,-20.480831681521586,2.0
-13.24959864265087,-2.843228560816606,-13.56444948874382,-22.85393073749795,2.0
-11.25038503554442,-3.598795577475597,-12.926723646659937,-14.831876759904633,2.0
-8.049023187668405,-6.024935285075605,-12.655274695232814,1.9261195782145428,2.0
-11.983990535984836,-4.579863124904632,-12.302784076385663,8.859224243247237,2.0
-11.39499917189216,-5.009760301445629,-13.568581958835116,-2.1708994510636037,2.0
-11.06529522144979,-6.58161780322718,-14.19605050733537,9.740787378350621,2.0
-9.478043668127162,-9.180372491506777,-12.84158432822262,6.068049012931847,2.0
-10.617537383243299,-4.054269295752038,-11.97418386650217,15.090359291508275,2.0
-8.742808712802349,-3.5495124193700125,-12.045389011948545,3.595463778639888,2.0
-6.821569930316619,-4.36311477516696,-12.045698002325572,9.156971126146715,2.0
-8.679862104600167,-2.9245345092373656,-13.587429645239752,-4.7568022796384515,2.0
-12.038247862155949,-0.6143246596099048,-12.431336685422579,-6.054761763721376,2.0
-10.78153355422374,-1.649331742256273,-12.643749989064347,5.137973621249107,2.0
-8.586929509785381,-1.4675048526640069,-10.937920182267845,4.087988251400349,2.0
-10.005441643461406,-2.6477599252365547,-12.951511899309587,11.56679551629222,2.0
-9.539481318561759,-6.147422895544712,-11.48761872318237,3.082360826326248,2.0
-10.335835489770131,-3.9054379493869513,-13.167402093510306,13.316576685236079,2.0
-8.138898224497058,-1.9983075163209731,-12.02581620878815,22.7710254844609,2.0
-10.714414783165317,-4.4303994290891175,-13.308692228759224,18.73018504974331,2.0
-9.809674986356093,-5.773626417841864,-11.723118981780019,13.65041416206152,2.0
-8.060852462695978,-3.4013571334910107,-14.18595113713145,4.993304871808368,2.0
-7.287362407409788,1.3442521860751522,-14.754400785052749,1.0621470628605234,2.0
-5.182801833416912,-5.5123858524124465,-13.714971979174937,-0.5574442843865799,2.0
-1.5190600886490948,-1.1268340300775663,-14.077644824716668,7.138175662983012,2.0
-5.1174472708020025,2.2292276380511744,-13.158611310910308,3.7163522923210284,2.0
-5.145652879098674,-2.1587689586786114,-12.853739113750736,13.941828759374946,2.0
-5.2936749314120775,-1.625160637812043,-14.408158357494472,9.945993135044702,2.0
-6.090772686257216,-2.3763259467374063,-14.929131370978705,11.49737486623462,2.0
-8.265462443182237,-3.7285110736179643,-12.686304310754782,13.61771887625424,2.0
-12.9127807600987,-1.9236014728790116,-11.648428773336924,3.8526798476023063,2.0
-15.978215371193828,-3.2606700050379267,-11.471548564474462,5.657348380690821,2.0
-11.568953386991911,-1.8637893665237968,-11.741574687323475,5.761095439643328,2.0
-11.814830388360436,-2.1171384630752343,-8.20295746208928,-1.2468258154778606,2.0
-9.700556307669306,-0.9882980119542011,-8.948675786717763,2.770260677857249,2.0
-11.497797496324822,-1.1172444921388704,-9.07373253431007,5.520114398952019,2.0
-10.146182823631184,-3.1980013914684444,-11.608589106261356,10.282200208072702,2.0
-13.878872717859501,-1.4059315226879319,-11.871034507201712,-2.965253874910915,2.0
-12.307001431169867,-0.5280151166047684,-12.689511529312943,-1.4574797963942245,2.0
-13.194759849543162,-3.2496395989636966,-12.376475588152354,0.5013349340496553,2.0
-15.818884578704457,-3.529674704933633,-12.699630138623254,27.40172991217397,2.0
-13.315580346643321,-3.7410441286359175,-12.9955710096187,12.311841977443105,2.0
-14.957879701371086,-5.1997877237586465,-12.09213608640486,-2.817313840092706,2.0
-13.790847880728258,-6.874612258177937,-13.912033558687517,-1.6588576091170508,2.0
-10.369151003792268,-5.271921651486677,-15.543729732799635,-10.732654041793523,2.0
-13.61191431666124,-3.4037453852190978,-14.440820236356217,5.047191543707279,2.0
-13.413982623915146,-0.7618046863048975,-15.655927222777487,14.867035367803116,2.0
-12.252629120685882,-3.509049265880665,-15.437043085097894,-0.5500272485964022,2.0
-12.90538921555707,-6.5256744490010625,-14.338672918169978,6.880697200393234,2.0
-11.157908096174877,-5.1214229969370955,-12.712943769929243,-4.637198986687255,2.0
-11.247200176198703,-2.184477251395446,-12.90601475558888,6.1227848703912455,2.0
-14.359496890383106,-0.5773323770809391,-12.606462040483699,5.820375769379423,2.0
-13.73278909969961,-1.5110506760812368,-14.599961892092239,-4.711502874844352,2.0
-10.433404993242938,-2.3530372682568776,-12.67735967002616,2.338330007349775,2.0
-11.238973022079518,-4.340046072365562,-12.418271295005718,7.358588698444748,2.0
-13.487839027067647,-3.178669499723398,-14.237746548984987,1.9366547405493262,2.0
-9.931630581182532,-5.984002611006101,-15.39343740308747,6.650962842630169,2.0
-12.125653926399208,-2.4014182984198476,-14.323834760135535,-5.627975736197612,2.0
-7.991306360068954,-1.6662713896793333,-13.553168961747316,-9.546367507244238,2.0
-10.481150496053207,-1.9692714925661918,-12.33607650947308,-4.572605908659039,2.0
-7.91116723921287,-2.3837888665101907,-13.914320700128508,0.08035337551407373,2.0
-11.897319080166941,-4.516963849546399,-12.24139837005304,6.190795336497834,2.0
-11.808376444994868,-8.567618501062702,-11.124921494034275,6.531318491043536,2.0
-9.767214419299972,-5.656653080046979,-11.64282538150294,13.316796901856659,2.0
-10.4334014051156,-1.4944071722696823,-12.023074422570373,-2.924997422165781,2.0
-13.142820250676206,0.303479088156406,-12.313272677758766,-6.414594156885772,2.0
-10.30496678993733,-3.462561921574612,-11.742127784595958,3.2060389940812435,2.0
-6.9514863239084335,-5.977878577017725,-10.909314539882834,16.23890539827888,2.0
-9.729443046358327,-2.665831965447649,-12.11800818454822,12.5404384393297,2.0
-10.241424737742202,-2.091072136403823,-10.330559799838433,9.38824537732398,2.0
-8.622943858315244,-1.1677468999896665,-11.481250699189598,-11.809205520856022,2.0
-9.959137027779894,-3.0608342466538065,-12.734919860740538,-3.3200455178491826,2.0
-9.344067631526134,-4.778375120624276,-11.59920540956089,1.5435695541194292,2.0
-11.100053068356354,-1.6878330914729176,-11.556358226871234,4.047569741922273,2.0
-10.126349500148098,0.7735027753848565,-10.9440979492085,7.195715564160391,2.0
-11.987326608982974,1.4552446233044845,-12.904532791855988,4.173280072971883,2.0
-8.55187356275269,1.6562528274024735,-12.747445738009086,8.22687417829893,2.0
-9.095189880566554,-1.573485284996067,-14.300060861062015,7.669666660088563,2.0
-10.084602729863448,-0.9362039541918477,-15.549973677825832,-2.056116793965396,2.0
-10.390749932269921,-6.444126650555111,-16.2492317933509,4.449806078908228,2.0
-8.853132782713455,-7.058209867584835,-14.510698587133163,-7.042637818604589,2.0
-6.268991575179106,-5.828417372825989,-13.713773309995362,7.043089163961223,2.0
-9.18456073953683,-5.814276239684441,-14.10243771499764,2.251941247160101,2.0
-12.169387247570652,-6.971495781654577,-13.366353829527085,9.299490879730755,2.0
2.71713683094893,-3.5163102859363553,-14.853076517822537,6.62899280089475,2.0
12.283517643336296,-2.3260239545853905,-14.680747533708576,2.758141818867757,2.0
15.192680118033104,-1.8889504506889905,-15.342384823685219,6.451129698936697,2.0
17.960207489632893,-1.6789400745154528,-15.261783383600909,14.082219530375726,2.0
12.088333277014456,3.582609545632722,-13.542147616570324,6.050054282689998,2.0
9.1695264431786,0.39722521001241384,-12.605014376177907,-15.561021064082533,2.0
9.208950438874659,0.28900214363624155,-11.264322423138918,-13.718409774344824,2.0
10.471182642959748,-8.190510323290626,-13.1346676216152,-13.764383526617582,2.0
-0.6516625980057564,-5.658103902500532,-12.514823229477251,-0.3484754656872653,2.0
-6.662688028177539,-4.4847493159516825,-13.958244418735033,-13.113721095392517,2.0
-9.310254316424839,-4.92919359037821,-14.727880547498062,-16.152227825027357,2.0
-7.4471370781485104,-4.779874231913816,-15.905445847871189,-12.453770015279678,2.0
-7.918134352601113,-9.007880853780541,-15.214275759070807,8.983541511390865,2.0
-2.8558468087515747,-10.645583704993555,-13.6183025417532,13.913874361771668,2.0
-1.9987374900655706,-7.196824430889438,-13.164585101335492,6.4823729239231405,2.0
0.02687391778925763,-9.412930169420049,-12.478191333975053,-1.2257491612397713,2.0
-0.48991564816814415,-1.1851080312198166,-12.043086361518768,-19.829758227272634,2.0
2.640164252563865,-1.1639101485512655,-14.055538070733265,-1.1773799007197323,2.0
5.680441269143775,-3.4388396330423543,-13.646259578698698,-10.885304431490113,2.0
8.650529518990608,-5.79739170912932,-13.278436045978633,-1.1160879306128288,2.0
11.143364364983931,-8.085581278523534,-11.974407100885603,5.512113242382667,2.0
11.581848472810274,-5.580061104248955,-11.07636675781695,17.513477363345473,2.0
9.453636679720844,-1.1303535127407054,-10.917529056028341,26.170337392749726,2.0
12.681571530791224,-2.11138155550992,-11.928008966489134,14.180212156759032,2.0
15.502312880616767,-2.022276206747482,-13.838435441657063,9.263971303873642,2.0
9.79243939021169,-4.26031256408335,-15.133564018421636,3.324448208141286,2.0
9.629545584162958,-2.8492864413086583,-13.96990767451185,20.0969458088938,2.0
12.248661350995395,-1.2487221068891565,-12.357639324002035,28.74771047794974,2.0
14.375727920880859,-2.5818882153156393,-12.591633110776352,23.903767174647626,2.0
14.491194807823716,-3.9206317953870786,-13.498881639194902,8.304486839059262,2.0
11.074557808439227,-6.06061841803714,-12.329667665674917,24.09811340508411,2.0
11.819624335492852,-5.913498327511263,-12.421096965106736,16.033194298406023,2.0
9.213159497180264,-2.576792629131137,-13.571460549415074,21.239087085535296,2.0
7.516015554897546,-2.9173808370207817,-14.311679432887559,25.206299311698857,2.0
10.61047720993453,-2.970544026821116,-10.777933304734047,11.020063146432328,2.0
11.40156688342791,-2.8805105826683324,-11.925961698492571,21.735740212087954,2.0
12.084933677375822,-1.04103746536782,-11.809945963734492,26.482199176318836,2.0
10.517378891164496,-4.575769463177943,-12.084468155763625,16.73128659451561,2.0
7.77022134097702,-0.16006525734591648,-11.9867761310508,25.138847658492818,2.0
9.144086924991036,-1.7930572028115657,-13.769602847962972,21.104499176623726,2.0
8.935903063252699,0.9217468392415693,-13.211062028611787,13.499257463554692,2.0
9.71213279512649,-1.9103420620471858,-12.576609232381951,12.426967641060733,2.0
12.721093826412478,-2.9808500794963786,-13.694375837862474,10.575754374222258,2.0
10.834710680494444,-0.7978900614796962,-11.620068297733063,13.835285658239012,2.0
12.078005242680813,-2.038190536410992,-10.083373477762603,13.509514837781069,2.0
12.436433040844125,-5.608696199242942,-11.44246467009963,27.261160162047815,2.0
12.111958923072688,-7.127197118471534,-11.39084674015724,16.171356708792015,2.0
10.530469713697395,-7.4498892134728525,-11.754747691668424,13.557998205040555,2.0
10.101381365775568,-7.440099454628238,-12.850312209789783,14.568932114660011,2.0
8.128426898258834,-9.810789227211787,-12.692736874809453,5.819071812903486,2.0
12.614679407807941,-5.369382186528908,-12.138786935276821,3.257780022298356,2.0
11.960718237046137,-8.655524733318881,-12.19355403110251,19.070006785345004,2.0
8.661232210943915,-4.424485990132963,-13.757289158327545,12.83525890201319,2.0
9.213254618304571,-6.243839287272853,-14.847919437925054,-4.988027283913551,2.0
4.052852001666515,-5.905748887930258,-14.431307545644719,2.413948724507419,2.0
6.460286972683955,-4.172150431707683,-13.435744168296896,6.252035311036455,2.0
6.788634134026154,-5.9608176609736985,-15.786221213688071,-1.6908487008422775,2.0
8.684650732584231,-4.573248171671564,-14.177805546487608,-10.62798616162367,2.0
8.921492100667255,-2.8397865594433624,-12.28259844626953,-7.337001982698645,2.0
13.508082063826492,-7.0324400166255145,-11.860727374646926,-2.6100703775447816,2.0
10.696197292378937,-2.9050308736289177,-12.47198345156798,4.217047428828527,2.0
9.916147369166042,-2.17492059880893,-12.668427883574447,21.185459784427383,2.0
10.228887961805924,-5.939852549726021,-11.512888780677118,12.219595396717681,2.0
10.91805155206734,-3.5771204814923756,-10.14120861241284,8.842238393386582,2.0
7.787740243481808,-0.9984733668649972,-12.145607134796256,14.774289798171367,2.0
9.41149313329336,-3.214531324289127,-13.028388511843975,-2.825273456588433,2.0
14.82866213837821,0.5713613673838907,-13.814649498947114,6.724246346443917,2.0
12.584403066005079,-1.2407541161830091,-13.925491443025274,10.068372879232818,2.0
9.82048807688953,-4.275775885459451,-14.031619821578735,23.195178609960077,2.0
11.912773923997007,-4.4924642220848146,-13.840203561239136,24.08136679232376,2.0
11.789493711006932,-2.7046845311702348,-13.497771557605011,20.344654215879824,2.0
11.506768659203876,-3.1200974684748095,-12.7413202077441,17.19992407430756,2.0
13.371352379873873,-3.8682090958843984,-11.066925358470426,11.361553412907153,2.0
13.95682371152504,-5.7634122877526455,-11.6926483991843,13.0201859164609,2.0
11.061245602424835,-7.041980418580093,-9.989978204473683,1.022955522351971,2.0
11.194638272464786,-9.058469347046573,-10.070100064837131,2.2921022243008324,2.0
12.900246480917291,-4.441598508675337,-10.215082939104352,16.720986890888128,2.0
12.034171827823798,-1.4094784763611852,-9.387524293661745,-6.226307034058543,2.0
10.863219713220657,-1.912837329481298,-14.461877001938944,7.49476154290226,2.0
12.923919431674838,-4.040324296117252,-14.608910078264561,8.736670281982533,2.0
7.910158416669454,-2.9393263525840956,-11.374998216570102,-3.814864443321639,2.0
6.710911428729377,-2.879834392458026,-12.820352975246927,7.658091536991195,2.0
10.950804260031273,-1.8414038294257482,-12.665106221191389,14.361260851361148,2.0
8.17745629487067,-4.699317842602669,-12.830324396834616,24.057664305521598,2.0
10.908314142253893,-6.037838256736937,-11.253508338960074,16.28183217258139,2.0
9.87904337345364,-3.699767406430512,-11.511479164737827,25.290490177323477,2.0
5.085356606201113,-2.188023222188617,-13.25476832416053,21.467260776229722,2.0
4.57002762086162,-2.3154758721622493,-13.503990165772121,8.423138711715584,2.0
7.213365801601984,-1.7905135851981289,-11.737703580322524,17.704361949294086,2.0
8.325866326192791,-1.7324734057245048,-12.866883222040167,15.24117441044025,2.0
9.312626622549795,-0.389152197015751,-13.276384619634698,13.4107275076197,2.0
8.218033048899683,-0.9199249610530811,-13.046628431215613,10.539489003004379,2.0
9.347670635088647,-2.051017434991789,-12.550067585121035,2.2189392297902035,2.0
7.936349824801624,-3.38932950191019,-13.101261923487344,9.95711430960031,2.0
7.761343232729912,-2.0833273231680796,-13.053914701417998,13.197227823784004,2.0
8.145165053809531,-3.340550828414923,-13.56812577519691,6.816634790162027,2.0
10.730597412504148,-2.423054302004675,-14.016611029029727,4.7277882705984995,2.0
12.226390115808725,-4.300148889948204,-12.737409891610293,9.41041830190889,2.0
8.944382249969273,-5.220538989908682,-12.542628424773696,5.522397442670556,2.0
10.992325335821597,-2.386117511551322,-12.145866178913167,8.727953829149888,2.0
8.67888321186647,1.2333872574828284,-12.414071995492462,2.6307072189560543,2.0
9.65651026850876,-1.046543479013505,-11.309343236540235,-21.371851232094656,2.0
12.048275200169439,-4.046534563217088,-12.688552965677808,2.208237950902503,2.0
7.9562937273606185,-4.493927430654554,-12.983150234742295,14.871619754392647,2.0
10.692161983976625,-2.326868859832029,-12.455562129930065,8.288144787036659,2.0
11.823135408916995,-3.1911301801220158,-11.9412740413054,4.856890539348236,2.0
11.88285586726823,-4.483369337562147,-12.59972604044582,19.018436825244734,2.0
8.373103719211937,-2.886062916266082,-14.365273373206307,5.378865684670767,2.0
7.865409835426798,0.09319648530013547,-14.203246237768834,-7.37001212988131,2.0
9.492627477760424,-3.0226882356888725,-13.305731682898331,3.7874763691942643,2.0
10.630650210264523,-4.575086789338407,-13.366298263147295,3.7783486387800433,2.0
9.477199912600366,-1.3567163601970904,-13.986708348823907,4.79488028560467,2.0
12.363605039551087,1.0916551953467137,-11.448168663234854,12.736921946606023,2.0
13.446864979660884,-0.8100085140347115,-11.78855095041896,9.400319228205612,2.0
10.143790734344377,-0.8741624943222197,-12.15744330783133,13.008745516412526,2.0
9.975019687851223,0.0950627577669656,-12.840262624566616,3.088397438639195,2.0
8.58393936033051,-1.4406183210632477,-11.164967534113172,17.54213183818981,2.0
5.904666467050746,-1.3357986663625518,-15.761775078381536,6.885080024010683,2.0
10.181432178547892,0.3662028996552431,-13.497632284664661,-9.350665191644566,2.0
12.637401159374319,-2.7236970113166215,-12.459659984239593,-1.0262085144705253,2.0
11.26192739097532,0.11134803591568776,-11.749180294102342,6.099154086733409,2.0
11.529245347596472,-3.5984169866119546,-12.710980036070087,7.489085423612458,2.0
12.54902104856871,-4.126218926494714,-13.1120115415199,11.185120082488604,2.0
10.24060592430739,-2.9728171464110993,-13.42277304154783,-1.0823850357907796,2.0
8.344483373357471,-6.007226212645422,-13.159622650741987,-5.621158019485422,2.0
10.572794655480807,-4.31417424060791,-14.804678772090082,6.08437430440064,2.0
13.212062627334097,-3.071626966299064,-14.19624402130038,5.02220039089876,2.0
10.096170278256569,-1.652766252236407,-13.80135730840835,9.82245669865436,2.0
10.56599148037438,-1.6345445952869158,-14.405857158260702,9.24045867849974,2.0
9.422439121287054,-0.43273856100464414,-14.350424373402827,8.686161549468299,2.0
9.65555594768632,-3.0073841724179733,-14.43886842776443,15.8001487195975,2.0
10.870770304282084,-6.992583297058308,-14.473096505438003,17.927422185450112,2.0
13.561047279580826,-7.8284133828399005,-13.846709603331693,7.99308435864921,2.0
12.683983485606056,-7.494783955583041,-13.393623922293221,18.419716270373854,2.0
12.155969767782876,-5.56669512242153,-13.424142579999097,21.114833611675536,2.0
13.264348169277136,-2.9158187990699576,-12.614265431305242,12.615744472800674,2.0
14.005588055915489,-2.8556458201475845,-13.941520531829257,14.98185433246354,2.0
5.901697747700394,-0.8000586071651785,-13.493794451186467,2.7413610803045385,2.0
6.134549307531701,-5.4838773883681196,-12.301708333195515,4.640740036083484,2.0
7.122121207319084,-3.8737539368824927,-12.42298896457249,7.9236700412259164,2.0
8.8647130277666,-3.589966701483907,-13.78593174687821,4.382902570602638,2.0
7.025725244795194,-3.3217716701463322,-12.444933573291038,-7.288622769508516,2.0
6.717026497530499,-4.213271691245507,-12.48446363514366,-5.650960707340214,2.0
3.359562177439037,-1.2242068547522158,-14.196304624510146,-3.7976453988820236,2.0
4.219271310600637,-2.402204309006508,-13.948193640105899,1.761859092667252,2.0
6.4398154449478024,-2.971701178890835,-13.942370118519696,27.567737019853283,2.0
8.411626052618576,-2.5783366805721037,-14.225455598231447,15.203040694824033,2.0
7.918869053812181,-2.1458443909649274,-12.911864166237006,13.247369405987389,2.0
10.58110996009104,-2.378017837938505,-13.42391456742764,-0.792193380240978,2.0
12.229138256228156,-3.1192353407938453,-13.556069403135336,3.0509802598353675,2.0
14.243723436555836,-0.19519136263546688,-13.927869516413804,9.018268389676106,2.0
11.874625998423824,-0.5769924098681107,-12.493703323376335,26.472449964296533,2.0
11.911161972234208,0.5317166909985467,-12.139521481675569,27.337618225213866,2.0
12.209356237802401,0.38702722689762714,-12.766724747585739,18.294432218723593,2.0
10.03684282440533,-1.0999014798129085,-12.043071938584582,10.485819189413714,2.0
11.944972244406214,-2.275441777961466,-11.441762720935037,9.601898681170947,2.0
9.543637940611214,1.4730929707685767,-13.008590649700828,11.301283036691691,2.0
5.834218860139042,0.12288687150247224,-12.151975620868063,-7.988102634032304,2.0
6.425624022666077,-3.0152961024622993,-10.900831856725906,0.6078996572063158,2.0
9.201848951471765,-6.671324469064778,-12.90786296717597,12.771849665460447,2.0
11.175723645372566,-1.6510854686184704,-13.338713671931341,7.83377047071788,2.0
8.991055626099422,-3.1410360913547675,-12.97645214795795,10.729548188666037,2.0
9.927671892584428,-1.5224026530520265,-13.74903647722433,-1.3724751428521946,2.0
11.962408392084834,-4.115907414031398,-13.704693332304359,-1.8100530811646207,2.0
11.022832979153062,-2.4125405274725047,-14.916386425493126,16.524005700734023,2.0
9.823466424763645,-4.00608168937136,-15.330328757459808,7.99877493288693,2.0
9.921255651083738,-2.931972804899587,-14.114953936597091,-3.320116758681647,2.0
8.97803353408543,-1.9989309186401685,-13.576012100809987,-1.0946530386476443,2.0
9.719362347348115,0.03549409442872875,-12.387854975735475,12.521552682019136,2.0
7.138188287644281,-0.7945464292786908,-13.590350244093774,-0.6065033764145795,2.0
10.78867400966397,-1.5678196311041916,-13.495646782669334,13.934154943906321,2.0
7.272273341522334,0.7601749755685034,-12.112692915071552,8.244200669315855,2.0
6.162649333297555,-0.6366347047874914,-14.26285518952519,-4.288969706102668,2.0
7.102757687954131,1.4362906830838824,-15.100507503451713,3.5369605161506623,2.0
9.007883404447472,0.13021713906990762,-16.34429813985674,16.174115936748127,2.0
10.234006486358929,-1.9074165155770437,-14.653775250512162,16.711572011624757,2.0
10.808750065574985,-7.109936368921431,-15.727855162816375,23.038797333112697,2.0
13.209696894718292,-10.206747699364266,-13.695756767600734,21.52222376939335,2.0
8.93872315937535,-8.411213544151892,-13.16431745479766,4.38404126404352,2.0
9.01558312918956,-5.108064347282959,-14.813237985542555,9.626745052580105,2.0
10.986157814585962,-4.232298115960261,-11.685183538602587,7.986626293333536,2.0
10.796601819686307,-4.116862246363906,-12.587568344899427,13.783322493290319,2.0
8.616124463108878,-5.451790807354708,-12.314146561231928,15.638788765830592,2.0
0.6535379638621507,-5.343218875247151,-14.04866707361187,12.312198873673035,2.0
-6.107543868250783,-0.4756675966613795,-13.479226146233952,23.99276871903234,2.0
-11.77399347025844,0.5574774414513932,-13.878274045595802,10.687556382627573,2.0
-4.645138504829385,-1.1797979499859603,-12.580099484207448,15.538115113386592,2.0
-5.622299246396919,-2.7210244070019325,-12.970014579941427,-4.769027969146899,2.0
-4.187353446690615,-4.530114482063391,-13.89991474376128,-1.4815813868398013,2.0
2.362938371958335,-5.289249683151819,-13.947097800165754,4.677451360684362,2.0
3.8660770219644274,-3.1271985560842217,-13.945047446740885,3.9839450773065845,2.0
5.840770474402394,-2.371625329681187,-12.415540416344482,20.08443349711801,2.0
15.371312438178244,-5.280523657929717,-12.375525069035964,10.616462289598982,2.0
14.474459598364252,-5.305627151080063,-11.376613374024279,16.73354644122724,2.0
7.445418923738188,-3.3030015054475834,-14.219449386380022,14.051222812575439,2.0
12.527137326276225,-0.504062650875901,-13.81164394197738,0.0627351524288784,2.0
12.61127777132316,0.12095502694796334,-14.58374258354111,-5.853486421442451,2.0
10.385376607345144,-3.183530291479103,-13.933605808015887,-7.641168068415198,2.0
4.083182056226614,-5.980448079048744,-13.236328072108819,9.782442491521643,2.0
9.061880415773501,-6.592440796465759,-14.558068922764853,10.057280702236088,2.0
5.672257079250814,-2.5587917889638874,-12.670662223209405,-4.029417829043042,2.0
5.077110657163321,-3.726392820509036,-11.915961770135041,-8.917969350513442,2.0
6.598645438249457,-3.86692620698261,-12.77710173505746,-16.83875456845802,2.0
7.130968819408543,-8.558224075785022,-13.376660053095247,-5.7285706044417095,2.0
4.831753146674091,-5.5900263103610275,-13.791502613709987,-5.397690174911023,2.0
5.021366535076598,-7.819827613360546,-13.741280485764262,-13.368648035493747,2.0
3.6507458705636275,-5.512267006666308,-11.895341185962083,-19.12827236595863,2.0
9.47209103786309,-6.431467585543832,-13.649045652892635,-6.864397116306394,2.0
8.288542647980224,-5.55988790566455,-14.539200543114863,-14.19883688949533,2.0
6.48004533725975,-2.7626435745930804,-13.529605402430803,-28.505698917615753,2.0
5.328084847605746,0.6329597380019565,-14.945632000304895,-14.643445234811592,2.0
2.5132107777683963,-2.732055602402416,-13.56489863920361,-9.350537449552563,2.0
1.545639163277576,-2.926747737502562,-12.732822097178822,1.011944679122177,2.0
5.539787467777187,-3.0622356269130426,-15.36353652206429,-3.9667444659107804,2.0
5.731668590892218,-2.228759778100813,-13.935608332391586,-4.199521496517699,2.0
4.511801120349853,-6.068175655009194,-12.869810721800153,-18.659714854718597,2.0
4.359791138363833,-5.0317918492196725,-12.506159253578875,-11.316964224932175,2.0
0.7713320581149672,-3.8967065893370414,-12.155382631222226,-10.798888646269802,2.0
4.56639588013512,-6.404601958584429,-12.337745248268682,-12.296645627037494,2.0
7.997730713516625,-5.337925040058549,-13.356643241675135,-7.1696922604490645,2.0
11.332265090539904,-5.008389249086681,-11.57049523267658,-11.346786719452568,2.0
9.110472184778875,-4.0935643315420345,-11.982647611433178,1.6251006452042231,2.0
10.592801381370965,-1.509938496030867,-11.260566674622659,-17.01144925807067,2.0
6.214105407080586,-2.0506370664739695,-14.911767634586372,-19.012333570238173,2.0
6.61259687670353,-1.8277489047043254,-13.675059496570613,-27.647026456902807,2.0
4.506329308661082,-6.296169799704442,-14.676847744766825,-36.2131986209565,2.0
4.410788753831247,-8.003889721897478,-13.508928510356508,-17.355621304419,2.0
3.2774540329989588,1.8893214532900062,-14.248652754957732,-8.98407977014076,2.0
5.257957219948368,2.2278455378789497,-13.684122440444385,-11.622258512362032,2.0
4.240824046380488,-0.6977175148632868,-13.364617018593808,-11.124485462030291,2.0
4.458776324058264,-2.8433718356564204,-12.974038109426617,-9.381673406597617,2.0
6.377524935924708,-2.980890130100649,-12.254434113975726,4.5593697833427465,2.0
9.988178873790964,-2.5134726023992817,-13.083688074372201,0.5376677311079749,2.0
7.47940997041758,1.0901753606930353,-15.26542411899952,3.7970746383838563,2.0
9.075132383063334,-4.196345256650926,-15.703800070940982,-16.97617897104118,2.0
4.155357264580163,-9.14850678672104,-16.661135154899807,-17.388262043234562,2.0
4.185729216078016,-4.644039060806581,-15.435825734357502,-18.986122071515865,2.0
2.5931502825033634,-5.58098898725883,-12.299195943880033,-15.918312512241219,2.0
1.4704348500441684,-9.620966213110792,-12.940265383167967,-2.986757892608151,2.0
1.81866496314825,-7.646852064134151,-12.789792304479132,-2.2343070287730975,2.0
2.8324502648629277,-5.419842743200076,-13.157830465473335,-10.470285279120645,2.0
6.3822559189861945,-8.119588032360586,-12.677347677773438,-13.71152463832441,2.0
5.580372071698141,-3.9464886408124213,-13.096370821155311,-5.810985660832004,2.0
0.3314210231322292,-3.2750998977327743,-12.766520368409406,-19.04387818559384,2.0
1.3251527915206371,-4.917124101736226,-12.484832383767232,-11.91322248018664,2.0
4.645124195124317,-2.860880092084407,-13.809560949640286,-25.48170357612561,2.0
3.970962639996868,-1.8860522852742285,-13.422338733998233,-18.6910906676857,2.0
3.72106427364776,-0.24216115599963928,-14.316572652125696,-13.415632786208494,2.0
5.989435797435878,-3.889881776066399,-13.538583677401126,-4.593647636454156,2.0
9.269559421057604,-0.7848228219334594,-11.643371158813329,-17.34750592440146,2.0
5.722992962118822,-2.187195992543801,-13.350100804256503,-9.419091488100056,2.0
6.430980925899901,-3.7425206863237266,-11.907697241345897,0.5534834962245689,2.0
8.363593947875675,-4.673998708478787,-12.379455483198523,0.9080612100529173,2.0
7.11078577387666,-2.7893582555902237,-12.485272615491892,9.147986402717486,2.0
9.52108237923059,-1.8084691956953716,-10.72164022058601,3.5007926230982402,2.0
6.3030455574141335,-1.085048385450592,-12.643956963345607,-2.3860920622697677,2.0
7.20228717976144,-1.2445177586653031,-11.939999126853554,-0.3934916994865745,2.0
7.092971988999767,-3.047913850744102,-11.928995326144907,-5.308868656053031,2.0
3.0921194336973703,-2.003126857433857,-13.56348322073916,-0.2492063425267288,2.0
3.6491468707570514,-6.794715046369231,-14.422654585596122,-17.287527395104878,2.0
1.147250995626854,-5.842955240207685,-14.381009739946586,-3.359708853176408,2.0
3.2373169820075254,-3.999862859403711,-13.52873293288793,3.35201400250803,2.0
2.505443860835407,-3.1954717241032347,-13.460494896533907,1.120890745672197,2.0
6.623721561103757,-7.347918251305266,-14.81957954898709,-6.311136457168315,2.0
7.270942240402044,-2.845860326560828,-14.794713796409102,-6.580710062290228,2.0
7.243436213031982,-2.7108796477417045,-14.480105383620291,3.5415234176394126,2.0
10.750847037355763,-3.7026680864102,-12.653311534291053,2.6602583974503773,2.0
8.670980471643688,-0.8459495112756897,-11.580229345953288,6.909581861965986,2.0
8.081144740783941,-7.00049973378023,-12.82013033377548,-9.589587691218796,2.0
5.9377147529016305,-3.7188055566864504,-11.841566278150177,-5.377026479200506,2.0
8.620424018527245,-5.279332180578908,-13.526893456343748,6.668390821245312,2.0
6.618311378879975,-5.600241718545425,-13.428482571900371,-4.4379400316175115,2.0
6.725434339040673,-6.80169866601082,-13.593888026338954,-10.303645123589622,2.0
7.952978457506262,-6.9498553733449935,-14.99705542057109,-9.24109648138481,2.0
9.181708898775117,-0.9773138381659727,-12.926855599552038,-5.309670668132721,2.0
5.1083984478751185,-2.649555043457152,-13.537017678144137,-22.587506746510904,2.0
6.544690635473457,-4.301479675725618,-12.778443097246047,-20.469079180307475,2.0
7.179759234231318,-6.427859221957586,-12.501749335391429,-32.56629236681974,2.0
7.249787727468901,-4.126195554883544,-11.897540804818332,-25.10946472627753,2.0
5.815492770211874,-5.691650413573576,-13.904465374358871,-2.457599700021949,2.0
3.1670859292077753,-6.103367752371702,-14.003757881967191,5.54338347203414,2.0
5.51012988208383,0.3038420396945005,-11.747169418393721,-1.115834351613799,2.0
3.586252637171402,-4.07598369053199,-11.98192182167232,-12.9971869909259,2.0
5.65238732167618,-5.346130177164015,-12.18527068074791,-16.492604608563667,2.0
10.947703422973042,-3.0749107112045175,-13.50057834483825,-10.43598035906915,2.0
10.55030900895786,-5.461501090609749,-13.096508679356301,-24.794287204050814,2.0
9.739959559476135,-5.480249095105828,-13.886624528755231,-18.226110237047585,2.0
10.961528288616243,-6.317669946950049,-11.797227766978153,-21.09170819319325,2.0
8.276964443568279,-7.706139089125816,-13.321296218046948,-20.671610011394694,2.0
6.223213189331299,-5.342647477706809,-11.684346724311247,-3.3057965266358327,2.0
6.691395663155242,-5.993253207328439,-11.226492631659585,4.6421001201338825,2.0
7.607861198552249,-3.7903458545708277,-10.99812189569774,7.1881164240221,2.0
5.421530645070034,-1.1010055576397144,-11.419698831674673,-1.9867412005777503,2.0
4.769197303579806,-0.686973773808206,-10.819475035296668,2.1680524924157663,2.0
5.607326572710364,-0.16614631664205115,-11.29464930311623,3.706147720724087,2.0
6.48327780199228,-0.26642283702312763,-12.09133483617644,5.927786959116176,2.0
7.7663569353371935,-3.729787071732189,-13.33697674310488,4.310480331908897,2.0
7.328405709392412,-5.258820867948289,-13.781339315011062,4.718441000588902,2.0
4.834899510815671,-4.470753151512522,-13.047407973503322,-3.4327634027764855,2.0
9.425045543258484,-3.3916409977432362,-12.886573893514901,-13.52194669516977,2.0
11.247587172773384,-6.62510186297964,-11.21833631630855,-10.136458407815615,2.0
9.30233180588824,-6.982208834333633,-11.146160843262642,-1.553536572284477,2.0
10.583644881743748,-4.472026914073384,-12.114139568782056,-7.375724441114095,2.0
11.336866770856698,-4.889025980848574,-12.29665039395072,-15.848888359069168,2.0
10.168054371834977,-2.865249942419471,-12.312955482817266,1.6415552185704883,2.0
9.252865136839588,-4.5000087048172395,-12.877445751794044,-12.965120161580023,2.0
4.522606180638665,-2.323945178391047,-12.836804268879629,-6.164693511776135,2.0
7.501909320382473,-5.014930359536909,-11.613193700064787,1.9472835694923774,2.0
2.64155671490901,-3.3137230497228596,-13.428091805230185,-0.3911354578870405,2.0
4.125570025511016,-0.4077798466383378,-12.40187595792036,17.322597296743567,2.0
3.2595744734450056,-5.431484362943456,-14.097824846931848,10.622088081532903,2.0
3.4520124758694406,-2.2143870214917776,-15.384938392060409,-6.276826543758854,2.0
5.645443622337465,-0.9091315810707079,-11.509569721117455,-9.946971077970014,2.0
5.893422284663108,-3.5923232208213216,-11.616420474150623,-4.631758034865699,2.0
7.235691846404167,-1.3476236140970377,-11.043482856671286,3.5296391983674082,2.0
5.5302077039670525,1.2712526032271385,-10.536334918191727,2.8408325339810365,2.0
11.974968554315579,-2.897960500428532,-12.45805508829841,-27.468716826617307,2.0
9.74976666364732,-6.990536928777459,-12.529844678950084,-24.044263610391198,2.0
7.464298992577044,-6.9573119658127585,-12.489762114175162,-19.10165016350204,2.0
2.9374702307725586,-6.441062209324526,-13.294689963859785,-12.588925027854811,2.0
5.7911613904852715,-7.096063990862408,-11.96413545909937,-10.279547974467878,2.0
1.5499785140585303,-6.288831024542532,-12.178217451211038,-9.866686478364539,2.0
3.355767588393652,-3.2364975560025426,-12.739896657112851,-7.553613073293968,2.0
7.930541154615176,-3.9666316851763113,-14.221231861939538,-16.385663639549396,2.0
5.5388406007207225,-3.1457113060604183,-14.888840730875469,-18.99015599088295,2.0
9.21335014795529,-1.459998300357931,-13.577230789955202,-4.761614249874405,2.0
7.11577963117702,0.810485737310231,-12.778161534294531,-6.57580861679722,2.0
3.249285586747453,-1.8891291301049273,-12.730285811117424,-18.3809127685775,2.0
5.237009252976545,-8.876293140645116,-13.036277401821815,-33.00386069197175,2.0
7.520492881245504,-6.3682828637050015,-12.686988856440331,-16.744471180870583,2.0
7.479480432062062,-3.835195490244798,-11.844428267305972,-5.049224057994705,2.0
8.723407750739575,-6.5368619948449975,-13.075217505923352,-13.8821050361545,2.0
5.976513451997457,-6.964627437024434,-13.25887793378888,-6.968394693658232,2.0
4.747631211650434,-5.211099996877985,-12.300490020260787,-25.800363811284925,2.0
11.258310363508464,-8.121228129833929,-13.450797861333388,-15.071280614463454,2.0
8.372200728208828,-3.6471312223885146,-17.045553760035062,-14.025615678187767,2.0
9.282364036725465,-3.446066256141199,-15.586729029735299,-17.724274834299855,2.0
6.426264813746901,-6.066036315380233,-13.340377981263025,-14.854449740530097,2.0
4.841068015163517,-5.789572525889079,-12.757845782722164,-17.86890668011688,2.0
6.676012533017454,-6.586865417567246,-14.665092587339876,-4.352320125575868,2.0
1.26148069030973,0.14727369503716226,-15.45872698745598,-5.584194832261158,2.0
1.8098112088694993,-3.2875134348893313,-13.455737739851742,-0.35481287813474083,2.0
2.0397128208659527,-5.74467700584627,-12.586611062371382,-9.427412739300753,2.0
3.913061321326259,-7.132693090242347,-12.728227923473696,-14.310799983430533,2.0
6.536338211216811,-6.415215668681516,-13.091100592983263,3.3962376339967424,2.0
6.461431984597112,-5.597009681877161,-13.133617329915662,1.7662854956158025,2.0
6.246314058001418,-3.2151969887973797,-14.230952140027055,-1.7535173775229351,2.0
6.618473487161467,-5.938637112062601,-14.050964797536091,3.77973088789611,2.0
7.527016425078547,-1.7151083681101957,-13.985979912637069,-3.7420583172607125,2.0
6.9291537963144165,-6.280620442005087,-13.455001416245956,-4.955651672434389,2.0
9.641509817420985,-4.390457033765104,-11.61642317865773,-8.837401532530205,2.0
6.416814506452587,-3.019792876279438,-11.639825099179967,-10.27525077885642,2.0
4.391970863994422,-1.8006331584271926,-14.103065915832921,-15.75227136243742,2.0
6.004363046219369,0.4240078889384806,-13.699586558008551,-18.663964892552617,2.0
8.123010720500579,-1.7577107955777698,-16.02499030560704,-16.575106426597603,2.0
3.3009553017846915,-0.028247563613194693,-13.780771346150292,3.6001324494971785,2.0
6.2391985046205445,-3.7485385111802234,-14.384208296296997,-5.178776471489158,2.0
5.43865222457778,-6.178844245360649,-14.041472212690532,-10.69727265173692,2.0
7.265578923595835,-5.01002353955659,-15.403749907972154,-16.045549850478622,2.0
9.118061664337983,-7.61073076039543,-12.87282495236162,-20.68251797284036,2.0
7.203576682044,-2.294583293835168,-13.25262755201148,-21.238218550431505,2.0
3.8654062775869398,-7.308151492098499,-13.999406239720745,-11.519173347854645,2.0
6.469001327177291,-2.477587252255219,-12.682988524044394,-8.012468611051574,2.0
6.969538303469179,-5.783741305913959,-12.776829922326664,-4.151703029658279,2.0
6.885293424782498,-5.040174665599435,-12.682263952653791,-6.074419259694982,2.0
5.546967954939962,-4.0688205303166765,-12.175408250915273,13.76932832287917,2.0
-2.30577377063449,-3.211520423805117,-12.820726012963663,-0.4585582649364657,2.0
-4.128068029330716,-0.9687761741913681,-12.418453652154172,-14.41831167646309,2.0
8.302673919902832,-2.942388308027326,-14.629351618589906,-8.881424197497278,2.0
15.960140740596916,-3.718974083000827,-13.084175445809805,-2.575637935391268,2.0
15.360432431925377,-7.280908037807952,-13.168410791616331,2.4875829973691563,2.0
11.71262451767187,-8.081517514906286,-12.197977375086872,-5.0917890942217845,2.0
11.3015355107287,-5.436882660845191,-13.327982383981837,10.787004365872416,2.0
-1.6984187293573785,-8.827790915885737,-12.819734889096752,19.06431579090438,2.0
-7.2360672931304055,-8.992695184226196,-13.398868412789598,1.0535837513862054,2.0
-8.442608548768707,-8.2675288565741,-13.926472171985369,4.628869759850504,2.0
-10.838241022025658,-5.897662789913046,-11.42952684645495,-2.3948237484201105,2.0
-11.257480796667299,-4.8004486947952385,-12.5736295180237,8.066305414854131,2.0
-13.548658226483946,-8.317884422399052,-11.861903078984794,-4.343037440381469,2.0
-10.61553383144803,-5.605129323967322,-11.965206987898286,0.3727513605436261,2.0
-10.814441728932682,-1.357284125797605,-13.190179961278723,5.9381856784288125,2.0
-17.41368834763488,-0.03486560143889594,-11.105039670347237,-4.027471818840537,2.0
-18.371477930202005,-4.96296266879121,-10.567162221236458,-4.45993658916348,2.0
-15.693987253866892,-4.971614680307827,-13.80991224840076,9.70633198823633,2.0
-16.815129077799057,-4.890928582119493,-11.765882156059714,15.235888347859898,2.0
-15.626156465044845,-1.3868471036640504,-13.55733161172166,5.290167973994612,2.0
-15.943040366763475,-6.983183434005321,-13.269224205870966,2.1578620272753612,2.0
-13.955425924957751,-2.8027302919443553,-13.39919062973885,-0.9018516551380173,2.0
-14.808465314006643,-8.445294389639207,-12.78330467398092,-1.8835258808924156,2.0
-11.290290762647967,-8.84462950857269,-11.186991769764163,-9.13392684861449,2.0
-12.758109795029855,-4.58415469122793,-11.153769183566693,2.005355641109314,2.0
-13.433223705256353,-7.634098698864363,-12.618605188206704,25.45938166950811,2.0
-16.994566929086236,-3.8924528144974793,-12.050106701472163,2.0403424443675053,2.0
-17.003004784182753,-6.122148405097772,-10.47321614924451,0.4394105824093817,2.0
-21.027778053105695,-1.3756633866802046,-12.103679956750067,13.518848882628852,2.0
-22.594797333362177,-3.302511878365326,-13.63393347325773,6.857395466925437,2.0
-19.118632851157667,-1.0145092760433956,-12.99182764838178,9.37286976765932,2.0
-15.705122522569143,-6.550155306677542,-12.717842000915446,4.294314999677349,2.0
-14.645135577726819,-4.853830257832077,-13.267528754130367,12.498731256654404,2.0
-14.838062732881333,-4.658286241861802,-15.044869908509952,13.892190963510021,2.0
-12.787326802616603,-4.9521111966180005,-13.77556282945424,10.140546381906454,2.0
-16.66125357216122,-2.9119299956804783,-13.082466221652485,1.4217859550820924,2.0
-20.176411181501468,-2.6980694981779614,-12.274943565171638,13.064511440584528,2.0
-15.860713645306397,-0.2571326544351791,-12.88444059808987,10.740017272910512,2.0
-13.515991057180262,-7.295662163100869,-13.531819793078533,25.713287861063698,2.0
-16.073419813402353,-5.1313197538934165,-16.286542649877642,25.422556575264252,2.0
-16.530001021824315,-6.098684014928907,-13.648595891458914,18.48052496276133,2.0
-20.62414761661826,-6.371281898128452,-13.283951738974286,9.908549438164968,2.0
-21.23217139326165,-6.787412823890948,-13.137855203485968,6.3126189862875055,2.0
-18.328357337669495,-5.246572395480045,-13.081014924491694,1.844473347111478,2.0
-14.706906734175114,-7.6086989618620455,-12.964288037609466,23.638039008438618,2.0
-15.361633520847224,-7.719419302009353,-12.68779722749451,11.199309968850557,2.0
-18.985597342528397,-10.297916092537989,-13.346534641005983,4.534629115553719,2.0
-17.489799153498,-3.5901047310385277,-12.262211188148388,5.0423837322775995,2.0
-18.060875013023605,-5.105930647152192,-12.840983895915093,9.342613509737003,2.0
-17.684682588394434,-4.993298460676136,-12.240453541953217,5.6803226927488275,2.0
-18.140763327105372,-3.641814954039257,-13.557511003300021,13.287002801035182,2.0
-12.02076717893191,-4.695973102351782,-13.267336935716997,-3.2135958655874095,2.0
-17.971530524709106,-3.4861181678755786,-12.84558983757395,-6.818851523007502,2.0
-16.890368395401705,-6.704137977629059,-14.00613330749431,-3.7689088648609586,2.0
-21.105781679704688,-8.366832568633644,-13.09916668454288,10.776357085473036,2.0
-16.713764720114074,-3.6328947841140353,-10.220386862264009,8.267449477705194,2.0
-19.26300566574459,-2.6971926813214253,-12.959356056903308,4.258731018209447,2.0
-18.731341519938802,1.8771907848657294,-11.45520409374185,-4.791523456931835,2.0
-19.919619200999698,-5.304017188709465,-12.543195872962091,-10.853504421725317,2.0
-22.475908189874144,-6.2687098137841595,-11.66610036564861,-10.88281185931297,2.0
-21.224217926656927,-1.570491838804744,-11.954867789817326,-14.001598617572581,2.0
-21.25149621944842,-1.3923628369811532,-12.636552853271557,-8.223275043451338,2.0
-18.684980570704806,1.211050393966696,-12.636449785968013,-6.856518111878512,2.0
-21.697881605400728,-3.847108802949783,-13.40642257917178,3.708384339794982,2.0
-23.044202317203393,-5.045146422394893,-12.498607383618817,23.649272382224805,2.0
-21.603229437739174,-8.393504363721135,-13.847034429118484,16.150526460356307,2.0
-21.20540856514163,-10.644879706038225,-13.952430880271697,15.833536752151291,2.0
-22.777159719490676,-10.602624563098441,-13.199671163120987,4.523140195647616,2.0
-19.127293020461803,-11.705631701195415,-14.570108386630086,9.243912631287024,2.0
-17.10936346628752,-6.055708685989899,-13.785350646333033,13.041135358403997,2.0
-19.0534848168326,0.8756865121127233,-14.321506201759345,0.3645540000573644,2.0
-18.398913376066847,-0.21492169725655863,-14.270432256043048,2.322395308872597,2.0
-15.573119979858872,-4.175203608533494,-14.382087882614988,-2.110298993021864,2.0
-15.05304654518007,-5.01780764931605,-14.770239287246962,-5.657855933907763,2.0
-20.041599247241912,-4.702309779887542,-12.637462017876974,14.681467250836143,2.0
-16.02515583216052,-5.540676132328906,-13.29572469739195,10.197838835133272,2.0
-14.463497188166645,-2.6049670621565983,-13.418183732203609,7.30565398011035,2.0
-14.463918476555678,-5.644863718129316,-13.944478068858208,11.744561757855296,2.0
-15.51106009813323,-4.825971768659851,-13.836204963972275,0.16376601177232075,2.0
-16.817204723183465,-4.61167054430427,-13.571403608622427,9.16307604358452,2.0
-15.629424493524322,-3.465579848002003,-14.037407712533872,16.20101225236446,2.0
-20.55455826675358,-6.48799836406941,-12.428660054563272,6.852967296555393,2.0
-17.913974015030714,0.5177464271998575,-11.186086685622993,-1.770209559774921,2.0
-12.103891430609753,-0.41378991388028163,-11.679080477994638,-6.432841546167708,2.0
-15.93414846367017,-0.9799159173252647,-12.0004420290858,1.7984516308936094,2.0
-19.105271892738333,-1.744806230305055,-12.662868960823344,13.21808112477596,2.0
-17.626681226277242,-1.90629589717257,-14.10463736472422,15.655888745141974,2.0
-16.517128450714168,-5.36437553317488,-14.392639965082893,1.8265383836984057,2.0
-15.05582923290978,-5.1522668076143425,-15.377886603561404,-10.009266060803188,2.0
-15.925925897422069,-0.9783553286124165,-13.8778654722404,-5.732189959636095,2.0
-16.049017136032866,0.967915257341037,-12.81459044311872,-6.397971767816768,2.0
-14.66824702458962,-3.872409993288776,-12.427238606718465,-11.917144890424028,2.0
-12.585561932676255,-2.0753285544577262,-14.303039346047875,-7.038376532371789,2.0
-21.773849225826872,-3.334653083936895,-12.335230095940016,0.9038936914936051,2.0
-18.300975718379693,-6.2671266774382275,-13.89511318349178,11.484386259924909,2.0
-17.48601796624647,-7.25230829577322,-12.870703144147736,23.97334925693989,2.0
-17.978852170827956,-0.3200822895443558,-12.847760032095502,4.551824009190787,2.0
-17.179607297955155,-0.0006212334098387728,-13.449109014916967,-10.317341970447465,2.0
-19.74497823940738,0.7799998736719616,-14.470491223525153,-7.010607134190328,2.0
-22.94123741061614,-5.880604563519578,-12.96351753586327,2.755446438550372,2.0
-19.463560721652872,-8.596978864332206,-12.532497296282179,11.002655842391231,2.0
-17.86345988393921,-5.896304859551881,-14.04649293875788,5.650834974941711,2.0
-21.061989833729715,-2.863669834243989,-13.757849409934582,16.73493812473991,2.0
-19.418250781195756,-5.850282029968791,-14.035512745859108,11.081485865907835,2.0
-21.95877434858673,-3.6786072529702367,-12.458309129335529,9.760975055695098,2.0
-19.385447826138133,-5.2443957209081615,-12.2260713727768,9.701416876268286,2.0
-18.908268890430012,-5.507288385605787,-11.800315570773572,15.574643390088779,2.0
-19.48653583234846,-3.764785009745185,-13.022769640186642,3.703454951533563,2.0
-15.199146493712531,0.029708250019079507,-13.466297799446266,16.079731333012738,2.0
-13.122771174862649,-3.3960330918583552,-15.156619645678395,-1.0349739771071125,2.0
-14.400481664580983,-5.349662891790281,-14.038574398918843,-10.015898575527533,2.0
-18.071564075348746,-6.682400044748813,-15.075866132538785,-8.540365102756443,2.0
-17.892579862585823,-5.758535780135241,-11.55772936084659,-7.367888252730705,2.0
-15.42190816996943,-5.74125210313329,-14.744238042407787,3.0412017368347404,2.0
-16.394180029199294,-3.8113363936325486,-15.885596545607614,16.81659738411194,2.0
-13.969776545276904,-5.645301744730132,-12.670452535983506,1.7885374102875438,2.0
-19.321301836544144,-3.596039400739665,-12.499928038263155,-3.2472194889252277,2.0
-18.251207672368583,-2.3601450608340944,-12.918419033767524,6.456073717861003,2.0
-21.01871373901698,-1.8168693392007946,-14.407802276033825,9.94017750950974,2.0
-19.66394447465681,-2.8864088174440132,-14.23013639874665,4.466933220392396,2.0
-19.281598472827895,-3.0741226591139514,-14.813368824062936,3.917519792009366,2.0
-21.877803853719126,-0.5404592982899921,-13.4239178671609,-7.924206033281198,2.0
-19.77922852195868,-4.57441727833272,-12.656809003312398,10.75611208477933,2.0
-18.841740814657275,-2.493206207912134,-13.997899976508023,-4.069219841902842,2.0
-14.79523278738183,-2.8294490187455037,-14.456426876118712,1.4095445178190733,2.0
-14.301701852164552,-1.768083584205578,-13.678163662611821,21.91568748005183,2.0
-17.886754049723333,-9.484515368108358,-13.393961795769588,15.531334838487455,2.0
-16.262107822285266,-8.173335610893691,-13.89125176594004,13.629415187384115,2.0
-18.485188135599476,-4.152800864654186,-14.113489863555403,4.140002269735167,2.0
-13.697480200205424,-7.01488822335024,-12.991705310192758,-12.85727973068439,2.0
-16.29413102340243,-4.566555595205913,-12.530332256801971,6.975476108663807,2.0
-19.152976223386588,-1.169260331101138,-12.696169627702346,1.6639912025566952,2.0
-16.96022751241663,-1.289764479094199,-13.467219927573982,10.494834329141373,2.0
-14.883147114774129,-1.0742426543075587,-10.294020675011007,30.607575103012632,2.0
-17.762819523824007,0.04800691119837275,-10.992792554824376,14.410653755513405,2.0
-19.462045710240655,0.7685912522799243,-12.746468229273054,-0.38977899346027556,2.0
-18.462374732673553,-3.00654291952126,-13.646269647035707,-4.270308866153954,2.0
-17.967902005863483,-5.173298783431789,-14.287680350278597,3.1763306617573077,2.0
-19.402372466447662,-4.587600657285783,-13.78344203607539,13.127014512812455,2.0
-15.5753868545602,-2.5253475216912245,-15.07560568713852,-0.31096436622172696,2.0
-20.38965693678339,-2.915536329112384,-12.743724886813007,19.996734829734844,2.0
-19.53055812979797,-3.895447047629342,-12.564563404293706,11.00549696268461,2.0
-21.944193018710568,-3.5386631255898706,-13.079826206407999,2.214267363548459,2.0
-17.556737798460883,-2.458180136123473,-11.876676461904374,-3.6552928903553106,2.0
-18.8265698247729,-4.130197752521703,-12.168130674184741,-0.37572728567186875,2.0
-22.498527138829118,-3.2755391382134382,-11.77403052110138,-14.615148913100912,2.0
-19.475381770670197,-7.40369463023051,-11.070150331624657,-1.8577274286662275,2.0
-20.980340565671348,-3.7460525346406146,-13.358816877089808,3.518380294092867,2.0
-17.69189957912964,-5.001435927296665,-13.21429406155118,3.847945272567956,2.0
-16.37794834893423,-8.575058055862922,-12.12573502731971,2.039021497199137,2.0
-18.58481896397323,-0.9403642631483775,-10.53291055808753,-6.624244313743409,2.0
-19.31298320643844,-3.30558419080487,-11.788579939698899,-6.578532709871208,2.0
-18.68216371366419,-3.1344490053046057,-10.983863690446887,11.204026208787727,2.0
-16.576508410905863,0.3776708758449512,-10.591564091520315,6.4602734787240506,2.0
-18.69598714144468,3.07624985060856,-11.38775135538249,-6.804876634172102,2.0
-18.80823475911533,2.143654704466422,-10.257523221037657,-3.5336398609108546,2.0
-19.90645230283269,0.5939078989274478,-10.07699939303557,4.388319034205872,2.0
-19.373186454195295,0.2278737159293267,-11.630004131607556,-4.431047729558351,2.0
-17.346196294888394,0.07973924264238619,-12.112185943682558,-13.695883344335295,2.0
-20.283461322505175,-3.016288247910923,-12.444077046153796,1.4947949005798424,2.0
-15.490421695046265,-1.3456383630355622,-14.202188715817032,-7.253877009720699,2.0
-17.83326701025221,-3.579163772687877,-13.048293479465952,1.1076305311517745,2.0
-17.950572588918643,-2.583541897292293,-12.096444985861588,-9.046106071750916,2.0
-19.28942335128393,-1.6096500757644012,-14.73335345328049,-7.302460588650458,2.0
-22.609510575624043,0.003296243238116503,-14.475339473842102,-8.077451956006346,2.0
-20.022257958961355,-3.450419869988277,-12.20294085298786,-2.377299357922891,2.0
-17.186523436725082,-4.923599323104926,-12.06939892394002,6.122737200086888,2.0
-18.80845528093549,-7.433588265822659,-11.49110673772402,-16.90452245774287,2.0
-17.244943169259788,-6.479951210437866,-12.736338624640938,9.323132927530803,2.0
-15.652109772452796,-4.42626420342299,-12.58478689190491,-0.5853795301733782,2.0
-16.69968196394706,-1.7989511155669686,-11.088434705325884,-6.724689804713299,2.0
-17.577125548490244,0.8309235367481325,-11.420512056345745,2.2062832031081845,2.0
-13.194285662675686,0.5283649560497126,-12.659525744963183,5.34371782435346,2.0
-16.459483826684984,-2.1089467081553024,-11.752116511253927,-3.877150022661758,2.0
-18.05484090151923,-6.241504943990281,-11.010413805778795,3.0494425606260367,2.0
-14.929201070911319,-3.7887071599676645,-10.549391895535766,19.21840922395117,2.0
-15.001528671018288,-6.534500754933347,-12.037890717970603,18.41588283480526,2.0
-14.812875225041815,-5.7945746763139425,-13.157912816894992,12.836591591125842,2.0
-16.785569868913296,-5.609559343235002,-13.94608716695269,15.34434170925504,2.0
-18.230547909448266,-6.589475119074228,-14.440314793641093,23.34251917182894,2.0
-20.92052302567436,-8.41121486594155,-14.606515767832647,17.346320586863172,2.0
-22.67290478729724,-0.5352725996676089,-14.223138801305923,2.470068833557966,2.0
-22.975880075664403,-1.8363186222876917,-14.586390164699145,7.452952525985108,2.0
