x1,x2,x3,x4,y
-10.996877238891805,-13.15670617569672,9.733585690774625,2.911316085599812,0.0
-9.180221340588464,-10.89207289318622,7.503169014071468,3.473857658616977,0.0
-7.911874667080394,-1.181723991375181,7.191890881842561,4.400173452337902,0.0
-15.972352847393557,3.7521583250293293,8.629316770314794,8.775961582040603,0.0
-8.670932158562954,9.505068320077399,8.773651616196794,5.03537980899201,0.0
-4.5335576011166285,-10.721916538325187,5.859056952548583,1.2679234694363923,0.0
-8.8438981319002,-4.586668331237,5.739915873122994,7.880458991025614,0.0
-13.20454261296583,-2.4952758853040544,4.343697493671989,5.050516532135661,0.0
-8.035617669546216,-6.635721174530216,5.335955268265581,-4.919971961364668,0.0
1.648986337217707,7.005239614284242,8.216062198364739,-9.609024217857785,0.0
-6.614336502116935,-18.87314759398754,7.774967618122476,-3.8071878407020057,0.0
-9.836263273152397,-14.461027248842097,8.083165902927773,2.0217759520083156,0.0
-8.397234355394286,-2.9752550473573116,6.972941633391878,-1.6296270697617539,0.0
-2.8798604828214156,-11.498278588435934,7.582675473634492,2.8293018166438455,0.0
-9.22944390505112,-15.743503924143969,6.581899918899969,-2.204455756990192,0.0
-9.486463974858,-13.216676096907868,5.619466677688091,-5.516590910163162,0.0
-11.813059331241096,-32.99357166658885,7.047960618864097,4.450173126686174,0.0
-16.95378876824456,-17.830453738450508,8.156074180607845,7.98631506592206,0.0
-19.20597219379894,-0.908503086779799,9.385755681801694,6.606022702330979,0.0
-20.85902245768706,9.406877736783091,8.225217336143775,4.687807412456849,0.0
-17.33865084515855,7.0726164545535575,6.078293568932002,0.44294888058225457,0.0
-10.412293071991218,-5.953435922898663,6.949514169854006,-4.902445690904452,0.0
-16.30587933691947,-2.0949186127756603,5.702491682148767,10.209470616323221,0.0
-0.8156525911087442,-18.206240723177984,7.57361215627089,2.103069949025913,0.0
0.2870892060390098,7.421344376044208,5.743906669086845,3.9342278886410558,0.0
-4.638797751559235,-14.500333926144858,8.544937066546877,-6.986447509430259,0.0
-2.8345251729299727,-7.573085065569609,4.81678415001934,0.15453084418711605,0.0
-13.9474887914064,0.828325145079372,6.350664708607715,6.922346426978,0.0
-12.478339359706794,8.842556738902223,6.309905120497326,7.492591488465202,0.0
-16.342067124524963,-7.297271481747311,5.3726806467688775,2.7034468139716017,0.0
-12.792827698626056,-1.2214523981403982,7.026586854938541,10.882006416156894,0.0
-11.91882053018083,-8.654086958732798,7.040806442059429,5.408361921593373,0.0
-11.917446744620516,-14.576567053161053,6.139890538343639,5.6172635627919325,0.0
-9.600689468437487,-10.123986117501238,7.9515836839920055,-1.301424004424005,0.0
-9.510906824433121,-19.131831142734914,9.398004117967897,2.0129431147832344,0.0
-9.239113511034589,-16.82230202746164,11.418591650919202,1.3622353639420899,0.0
-10.192654190746886,-15.89027465480158,9.602104065846502,0.043291496738507185,0.0
-16.657519115239296,-11.271790191245543,8.717618806734642,9.691223769580464,0.0
-14.671719660909249,-9.861454949009065,7.4354935910423965,14.245694911782605,0.0
-22.832199959087383,0.7824543214970578,7.11634115717597,8.611517188757329,0.0
-16.25911705932049,-8.094712491212377,7.734336309078847,-0.21973566554238344,0.0
-15.817192216153963,-12.010667911716217,7.07759704382955,4.315369664713373,0.0
-9.46083295707486,-24.208735981727706,6.881779362187065,9.292074549446163,0.0
-7.4162147523585595,-34.11599234348866,6.38644704055234,2.9306545596714306,0.0
-11.589425418353642,-1.5329339343249924,6.356557380348544,3.4766782401353424,0.0
-7.288205585463938,10.997282956641792,7.69260615718364,7.803335510145678,0.0
-4.009809641457555,-21.2352625939006,5.844778731015731,6.990097046391778,0.0
-2.7186574850730834,-9.849246433226313,7.452254374457534,3.2296765711732114,0.0
-10.758507337039038,-11.005830131343945,7.610990293645644,9.39693415685257,0.0
-7.404756553176496,-5.253049038853456,6.90512583843795,-0.10506977221118508,0.0
-7.073503147041366,3.284340396291425,7.578404159461502,-5.036261877068357,0.0
-7.815762394734505,7.986910785884856,6.336839611485783,-4.244107804563479,0.0
-3.165559361657019,-19.131226384944327,7.146643143911087,-8.901855158689893,0.0
0.3241655219834487,-3.326280034024734,6.230959928234796,-6.830639820122681,0.0
0.018361005299338484,-21.793236875414372,6.861212226657841,-1.001701085534811,0.0
-4.858610301092545,-21.53463789200853,6.492768848091591,13.524002854694432,0.0
-2.775656670687911,-26.832970950570093,5.650173218557884,8.039545510351473,0.0
-6.268227973509983,-27.004071909343256,5.6372755208972665,1.3567543513440952,0.0
-6.085326046051663,-3.0460322849079517,6.123361956241135,0.47385568297297986,0.0
-5.615628993243726,3.557700399650635,7.508200325573183,6.8884726216763,0.0
-0.25184642887253705,13.923153563146526,5.015597391169402,1.1835502820703718,0.0
2.0861348159215076,0.8333386112847094,4.083244544639999,-5.875984574097414,0.0
1.8527687540506577,-8.999026261827602,4.916990229939049,5.912525156555196,0.0
4.076233513519396,-23.35033812693115,4.806101169900481,11.881375695316784,0.0
-5.48787214706353,-12.486073692993354,5.338611828479461,-0.322883083987605,0.0
-7.765546916479917,-11.751906553648617,8.391089170143136,2.509223348609438,0.0
-5.240908692828787,-5.620649446569109,7.801493745716117,-8.004692254867194,0.0
-12.755715007640195,8.573735502635385,7.397439218539179,-1.3240936489998454,0.0
-9.71209685299034,-12.759327697353172,6.990218728257489,-2.380102819605085,0.0
-10.049892644681105,-4.041265437477348,8.339543363764173,0.8702262088882158,0.0
-14.438115700935008,-7.372241643998408,10.025369077722154,0.3172187632641381,0.0
-9.897697587279083,-15.334852961561692,6.303523252931296,2.0467397942683485,0.0
-7.667794668999708,3.7194922354996507,8.422281769003288,-3.4116579234322173,0.0
-6.950744177488371,-7.237755489824662,8.298960989351745,7.934338671089446,0.0
-4.409597110262639,-4.656844285288548,5.1208582603658,5.707441565019778,0.0
-1.565404011867427,-4.014612140620384,4.039209446006383,4.957719621885662,0.0
-4.39745944634444,-2.8527302953949096,6.298484687804873,-6.783342375683911,0.0
-5.10958558327982,-5.9100079230680995,6.966133341673418,5.5056025163078814,0.0
-3.1042484255800167,-5.350981214966815,8.754051675576932,-0.8998328748525424,0.0
-2.147275363613251,-16.717291431679115,8.04410045825864,0.31775873262555976,0.0
-2.189873961674286,-11.99281857123433,7.214326921228343,-5.966977495346539,0.0
-3.7776539249518493,11.784465321713695,7.147730697872561,6.106864713101621,0.0
-6.216590922345745,5.342599473677301,6.273209727768998,-2.83650380384312,0.0
-9.845564250540605,2.9659956018965374,6.302657656829766,-0.9594693532734158,0.0
2.888880391332371,24.915344508308962,7.500554477346622,5.419247106906547,0.0
-6.533017366610917,-5.960601472007167,8.014925352746218,-5.985321922494807,0.0
-0.5474881084667964,-1.7234220109916079,7.311262236235509,-4.75022653762004,0.0
1.8650451203486358,-23.061267511692662,5.221198457280237,-3.910799389956101,0.0
1.8040348276594682,-17.583427157159953,6.716562911854436,-1.0439267188020338,0.0
1.1442938173349848,-7.088932201357099,9.172756196796607,-2.9474489943827225,0.0
0.5354740851516095,-7.044486222655523,8.193177507967103,-3.311689959636469,0.0
-4.643932028864087,-10.86120745304068,6.982949358620128,2.297981080044022,0.0
-1.2638826272701722,-9.29219172827198,6.268729783197708,-10.894705516333739,0.0
0.8195591770821133,-16.326559825346298,5.907818972174577,-5.713220981164028,0.0
-0.30504333121335414,-16.15801241830694,6.287687278892268,7.736047545228737,0.0
-10.350534506991531,-0.339969362833175,8.106043771944293,4.04883446948941,0.0
-1.8490734956104378,-3.5029782856262783,7.407344557264606,6.125579023865872,0.0
-4.7145729247677775,-8.525376875872285,7.697022913322339,3.6845006299555605,0.0
-1.9350726037493302,-9.116387439315154,8.296430687413705,-0.500693019185714,0.0
-7.412610264164561,-14.114714570218407,6.4328646955950575,0.732604420158478,0.0
1.5440149664699798,-13.730909890188771,6.189224295895655,-4.777417786489483,0.0
4.243395145876672,-19.326157977713084,5.298412568850292,3.5113426639559764,0.0
-4.964083353024078,4.272154703682983,5.901357970678496,-5.152689357965437,0.0
-7.613903678532147,7.2805290917372005,6.231425262548604,-7.607623775452081,0.0
-7.075723081915353,1.3966035788539255,6.710689052073622,-4.672192467544528,0.0
5.32998565560672,12.303196017329691,7.127421963618149,2.223411123100684,0.0
-3.9391931194150507,6.70923295644878,6.153708447632334,12.099562931322108,0.0
-6.7822038541115,3.7018379546847875,5.380247851287112,9.143163791533894,0.0
-8.673675045740351,-18.95533264644694,4.686432212878447,-4.585126265820864,0.0
-2.679787025542754,-2.1325176135328867,5.404700615234224,-3.8517767957886875,0.0
-2.9558959708050203,-6.662761311825102,5.158134218170301,-18.83174294410082,0.0
-3.697043232079311,-31.15303116179964,5.087953130461708,-3.2242683531812375,0.0
3.7149293474176788,-9.167089054371736,4.452070861760959,-12.851207342907092,0.0
1.0454794481849499,-15.185062783475754,5.879539890244842,2.5818883902874576,0.0
-11.879981907775264,-18.177592043642456,6.727569982202707,-4.789124203908674,0.0
-1.4311297246433563,-18.354058999912333,7.2326613817716385,-6.167559954977587,0.0
2.699742508395314,-10.694825247587977,5.9177610551939726,3.2427293262808945,0.0
5.223130159769326,7.915927864782329,5.986027276367431,0.48713113812349373,0.0
1.7015591738394957,-5.732866276646508,7.91380307758473,6.261518198347027,0.0
-0.2810887443953354,-15.565323759313635,6.238137831615742,6.28803006030314,0.0
3.0655664712226645,-11.819369568388046,5.180725888740232,8.660236232116507,0.0
-1.8207160746684128,-3.4116390803044387,7.3437566881454694,10.085839506857425,0.0
2.9173942334271445,-19.438200246102127,7.842542485777852,19.597343572048537,0.0
3.0229938642695604,1.142773895363252,7.874837797343433,16.58994750780441,0.0
-0.9177974002704592,-6.590606765859938,6.583338851248356,17.578219699117273,0.0
2.2621393634040237,-15.911437787867136,7.162398340417557,20.639777436637722,0.0
10.404591080190535,-22.495054387919982,6.770731102667174,6.86961620026005,0.0
9.869138265438401,-13.800786673548835,7.903720200766615,7.789448161167355,0.0
1.1758043657481747,-6.373284710038005,8.078915498638553,-3.59923049073554,0.0
-7.574396601173328,-1.5120037491861673,7.2625698814407915,9.43474282372127,0.0
-10.071980279013852,-6.395947525156524,6.302492044940295,19.039302795051924,0.0
-9.187141325874943,4.310464117767268,4.920641197137898,17.55777743974088,0.0
-1.6144381478731327,-7.486801206981799,7.761749621327987,7.215709563995814,0.0
0.41459760072871266,-20.387105457059764,8.227109162636546,7.698709580367699,0.0
-0.22278916216009126,-13.764860155692073,6.347447936325788,16.980738431357278,0.0
-2.1195148919715185,5.181626042667713,6.576733206921244,12.976932083850661,0.0
-3.908631136440324,5.747705127153603,7.207418303587413,6.002739125573239,0.0
-7.3529390473569,8.112230332332805,8.496079444520147,3.925655384048432,0.0
-7.9039336307797985,-6.537798576630319,5.591789443340373,8.133377187213977,0.0
-10.512327492299885,-3.185644749889013,6.213464392207127,1.5908755760482252,0.0
-5.6310289208118025,9.8638356370136,7.899431619249304,10.089030121980878,0.0
-16.700680105679165,-18.527639129717038,6.521206662481563,5.572762449404278,0.0
-9.169456337249402,-31.97908820009414,6.711848479882451,2.884658899960001,0.0
-9.075171287551079,-42.641966573203064,6.668472565728018,9.89651867631176,0.0
-9.598980734077838,-23.623775253669642,5.456112637677233,8.354026298233261,0.0
-5.952528296491366,-18.03013129176322,5.626435695135941,2.6289747732313375,0.0
-4.777505850964332,-26.48678830588709,5.609946911490854,7.985631330407076,0.0
0.538758179411305,-7.981277603629859,7.945305389798223,12.52351525579376,0.0
-1.3222906793784643,-1.669567652849484,9.185048511285029,9.257197489417493,0.0
-9.743462866337085,2.7462226783500903,5.1761194000352555,24.59654337086382,0.0
-11.738861989425242,-3.809991132916588,8.279559820256754,16.17009890712996,0.0
-10.832893955386059,-14.590143383794201,7.509504765460234,13.669323079124553,0.0
-10.78757479497748,-12.221220753179836,6.319819434164079,2.1474735457115854,0.0
-6.338742690832178,-31.422106144730737,6.097926144956264,-2.9930618077682745,0.0
-5.678030984157041,-18.13236747864338,6.539018646003023,-1.3897626252780269,0.0
-7.553740216931884,-10.941360682785561,5.799503977286138,-9.439647757202732,0.0
-8.64408938973279,-26.336542993408642,4.499791394067698,-4.733828658957871,0.0
-0.1473630583309462,-13.53360950415913,4.634726133709437,-5.101417936037427,0.0
3.7120335220385297,-16.040665078386642,7.068356338198998,1.3370295109962693,0.0
-10.561903848312866,-5.461304885230377,5.504926571721727,-2.7212336305659184,0.0
-8.180927858038002,-16.782508507312805,7.4723738975591045,11.475437558306684,0.0
0.9329611650700693,-13.047533668270466,6.848647244236745,14.688159445083462,0.0
-2.407331388880313,-2.7376234945105677,8.747881420763072,-13.114550010211895,0.0
7.4696169640223395,-2.7564925594826875,8.087845755419444,7.771432159823911,0.0
3.570017987577026,1.1800081433974943,8.364988744319238,2.187431793549133,0.0
2.0485735476771723,-1.529536092079549,8.022599137104335,1.8094173569773329,0.0
2.459609075852903,0.8376434780528967,7.775806242025432,8.053210017592855,0.0
0.8401961007882441,-6.336780616639431,8.813633497856115,9.502886864699912,0.0
-8.171726401186529,-11.97870491976037,9.196989344578137,8.00477141407706,0.0
-12.965274484012639,-0.3172347953709629,8.156312446330597,8.129782076595736,0.0
-9.974538741160634,-9.080191221246274,7.812909340049645,-0.6834696180067414,0.0
-10.573730620985174,-8.344443558241037,8.897913956461368,4.270455914569092,0.0
-10.030187612394485,-3.8940858441350517,9.832416204335653,-3.2000042080853244,0.0
-13.368131095421521,-7.884262501066408,8.987183834663798,11.799228776154315,0.0
-7.212462580969985,-16.59408459550562,8.625059428650436,4.242280822423676,0.0
-1.533539183521234,-6.854635591493183,6.23935519796492,2.258743697075486,0.0
0.27043934938255143,-4.630019076674465,6.665790851739145,-6.911035622443512,0.0
-1.7736153702265014,-26.231840509151183,6.95142220955038,-2.464652639448282,0.0
0.558708134160633,-14.957333651403642,5.960630765265427,-2.0769825914893625,0.0
-0.4970807902550498,-32.349393515545984,7.833642863879961,-0.10110992567451405,0.0
-10.04632819789147,-13.617726306917465,8.057525405095847,8.698190449791824,0.0
-11.644159394975542,-6.234145897856875,6.546385277991423,4.7652866038521084,0.0
-3.8606421518904535,-13.027599157847007,6.9877473601312055,8.411596226133815,0.0
-4.830802881869742,-14.579944650087638,6.387533765719374,3.598576267462178,0.0
-2.5668120850490426,-18.98276158222284,4.465875332461143,5.125764645340306,0.0
-6.924074659801052,-21.73340295955688,6.322310017480493,13.848420517732354,0.0
-13.07986977335409,-12.553318312203569,7.706981954709139,23.808430188244458,0.0
-3.9295262510334297,-12.260851652594486,7.353773138571997,1.7556816936952613,0.0
-10.992794631438787,-23.767532159836108,7.963626767520569,2.8843198426278187,0.0
-9.555832505854452,-12.725193553595084,9.439642197195033,10.267284976698,0.0
-0.7213426053353498,-25.12728128084008,8.84994847516365,6.43481394311352,0.0
-6.673821100560599,-12.397790591153889,7.27143740571987,14.925451040040532,0.0
-5.856527607327478,4.053587575115878,6.9779655152702915,0.5208913053670443,0.0
1.7233440521979881,-8.610990584573065,5.208977500158419,-0.03220475317899307,0.0
-1.8226359238219607,-18.212832361148124,8.676141035464994,2.9757273826710895,0.0
-5.815969836005877,-1.635633070742272,9.49956679193397,4.956567129324645,0.0
-10.864260197512117,-0.049886893313090486,6.69792966148112,9.542473872205825,0.0
-9.459527631869062,-7.177318440730853,4.7424004020448525,6.820020450403753,0.0
-9.398203612164721,-5.066394019201146,4.3628887380657115,10.439848251520711,0.0
-14.040565622944037,-5.7536251176828195,7.592140150019961,9.132668414620035,0.0
-3.6339698664668147,3.293097144703702,7.258360921868561,20.296278981256854,0.0
-3.7633671455461624,-14.718371483568124,7.098990444763604,14.20164342328676,0.0
-14.13712906172725,-7.3843455817355785,6.771236672088466,16.75028028436629,0.0
-7.449254548305707,-12.964694333336803,3.718332127850435,14.839103479317433,0.0
-0.9217210911386333,-17.565067370814695,3.753726384137365,14.577927027063982,0.0
-4.1745142751698925,-2.7556612672702787,6.022582274048893,8.4422609100912,0.0
-0.853701324148453,-10.200477972238396,8.045647955812898,15.361225950113935,0.0
-6.531471480641836,6.222392146187209,8.141615142621713,-10.396319109847658,0.0
-3.4231334789622045,-13.60642737608445,6.464778114398831,-7.024331936862244,0.0
-7.112483435802137,-28.143129410694133,5.323838396456948,-10.222603022769828,0.0
-6.526885469998114,-5.688162505622225,6.154463597564733,-1.0128003317983685,0.0
-8.263134781653795,3.0106674502198434,7.349428984937432,-4.2293334936076405,0.0
-13.842646086955053,-8.470993842495819,6.878579686679183,4.987130298376973,0.0
-5.194549397969032,-0.9403045160453627,7.424795926724227,8.241316053817032,0.0
-8.292512568806444,-13.683992719768174,7.7906418035056175,9.740574150089486,0.0
-5.886874108847052,-16.53719822363456,6.587545143559496,-6.508947983595417,0.0
-1.0983268413042833,-10.124439577915446,5.157258715599361,0.6591194218133531,0.0
-0.9507173858217774,-17.60864418181893,6.993931520640964,3.6207286404172985,0.0
-11.24363529413202,-8.526898846583519,6.36271629738034,3.8504802514648238,0.0
-6.110457526574489,-28.086641259216854,6.773134480567493,0.4740716286140051,0.0
-8.344613859019363,-17.053453278073206,7.369145676902411,5.744525744013806,0.0
-7.084045698340425,-12.117013177786136,7.649102135072253,6.988228607056983,0.0
-9.096802856499451,-20.634361502574663,8.543923630204524,8.888339187339533,0.0
-9.780433523534043,8.569968953477115,6.785272752651362,-7.325693461360901,0.0
-11.42638040634689,-0.7501785419008797,6.733003680228663,-2.3711156456150944,0.0
-0.3198000285848517,-2.6418637049515326,7.666215122793898,0.5807671264983769,0.0
-1.1956448614283235,-4.731173154649291,7.679343078000381,-2.4024675665676565,0.0
-2.688022033443727,-17.865127511280576,7.13490598802241,4.005714590601614,0.0
4.33765960695958,-3.8107770023398455,8.647977248248875,-0.2742193974625762,0.0
9.99124973145275,-21.240480118735867,9.374456858160682,13.84188892973457,0.0
3.6603662540950896,-13.83878545075045,9.677220195493772,9.563779906492705,0.0
3.3610755330211193,-4.964402515018357,9.007201933981884,10.483141184476038,0.0
8.507488039842267,-0.7841702609383923,8.323733884676052,16.33840446013396,0.0
10.358459105964718,10.610565033309332,5.168965740931155,13.740488584534607,0.0
9.624739620911289,1.5138346865657848,6.303156462164581,13.961325188261142,0.0
12.630164465174396,-1.7545938634914837,7.534401211412823,14.876077616143043,0.0
6.937283598964793,6.149891193733445,6.459810902007656,7.0683761115056765,0.0
6.710519358632962,-15.543780021394259,7.657476621770601,5.1962292115131,0.0
2.4133978717355262,-1.566247915801556,7.800226588189446,3.730896277356988,0.0
0.5271642285760829,-6.702304361640343,8.454540741049833,0.33115399831078984,0.0
1.5298511799983592,13.02021034364595,6.760178124885866,1.1927250239238116,0.0
0.8053926439936849,6.96332386310595,5.4266802132001395,-6.959220203265378,0.0
3.0331907500429627,-18.53246519886327,4.80848628578068,-5.47852321438207,0.0
-10.110122527601122,-8.790312031446954,8.124191651481258,10.67154580313859,0.0
0.07526540596916576,-7.792212402267049,7.516199393292208,7.9561593481505835,0.0
10.687016947035815,-3.6620317180876416,9.044410743501677,10.864203756308907,0.0
3.0182952117761106,1.2853681810915498,9.212490458730384,6.909779658922633,0.0
-5.644677246317524,5.887286943271768,9.567990932713666,11.272925238558523,0.0
-0.8315908584653844,-11.169178236288356,7.5766898296743435,-0.4453621880439549,0.0
1.488342499198824,-11.241514781367275,8.702577948741528,11.30882340495033,0.0
6.01497710343471,-8.600158558248951,7.600442827495382,10.656617977741154,0.0
8.458939772428526,-0.8439193911992646,6.6221839662548145,9.38377956501786,0.0
2.960636514741588,15.098224210957603,6.526134839384479,10.825946998208167,0.0
-0.12397380351076936,1.6058602154505017,7.390801778205802,23.39630247249277,0.0
-0.8971124980372696,-3.2820061413821726,6.22271747836509,12.371842254841468,0.0
-6.19718825165933,-11.372515737278569,4.517317946175887,12.083661414701773,0.0
-5.766116265035663,-2.6736417641693153,7.513792250333468,7.472731741746351,0.0
-8.153857712239173,-12.648485293669435,6.210856103028352,3.389206067940588,0.0
-6.809763428595609,7.369073849318594,5.7682794314332,3.5647106736784746,0.0
-3.5220125103081577,-0.5512527421653068,7.449223241789895,-3.2011949787866563,0.0
-2.4835866454029785,9.005991548043148,7.40857533655398,-2.139111503152554,0.0
1.710708285824984,-14.026094676148755,7.075401966495756,-1.0413163701238877,0.0
7.436798903419412,-10.418349986110368,5.595394868921225,-4.945868316982499,0.0
2.1741037206332514,1.3040314965967248,5.78014722467943,-4.4883202314210155,0.0
6.002376447383869,-10.25534635289908,6.716003163403835,-2.4231111002524637,0.0
10.6800495450277,1.5954975551363955,5.79999430237536,-0.7932212270124674,0.0
1.582014652130752,-13.88605361862073,7.315974519168337,0.43023055143487454,0.0
-5.624314577515769,-30.116345380243068,6.510244295791682,10.770514533068445,0.0
3.833571318693539,-31.556728900869345,6.27359633676457,16.38117601581371,0.0
6.93780249303615,-16.97094454714149,5.984346558715198,10.332725755001798,0.0
4.811256480276024,5.223263189382791,4.665185071177472,2.493021862275086,0.0
2.0423255278785852,-10.601644447027997,6.397850471997765,1.8223843529012624,0.0
12.516389232082958,-15.983430459270025,6.625251611192786,4.607962710930684,0.0
11.422874213964278,-26.03527172771814,6.491566747644107,14.732956016048679,0.0
4.103818539834901,3.414568912697142,8.842647315321281,6.796126198195796,0.0
5.98911714892462,10.51807165062773,7.1355566266880155,9.892782588544424,0.0
6.676190636902325,-0.35267641994616383,7.381795958967755,14.36264388672725,0.0
3.2915222891666867,-18.23137506406133,5.727907619878321,0.37004826770096333,0.0
0.2113305444814615,-8.466370770918608,6.695210366080015,-4.041636830761139,0.0
2.7159369229116352,0.665383726592065,8.194606895187079,-3.0027108810160694,0.0
-0.2117756320613824,-3.5955843194270507,5.993074178479394,-4.218870942610045,0.0
2.418281710865874,-11.028977623133304,7.670678333069843,3.168057180620391,0.0
10.61599674590059,-7.645549652345979,7.640381916950135,10.162092671340613,0.0
10.702963132033302,-0.9389029448815371,6.5097770472394245,-1.094112386023021,0.0
10.777614902727446,2.4328733924032875,7.254829045068399,-2.9119018434848756,0.0
2.6908658079580356,-13.281599421427082,8.091555286940308,4.838063252846569,0.0
7.395485213405646,-29.101484177512845,7.994381928952252,8.840978145912704,0.0
-1.0399333611238983,-9.138341293666965,8.168585186248473,3.4023644089068084,0.0
0.26300946292945726,-18.206970582241773,6.64563907258335,-6.805161765053722,0.0
6.992617227658903,-24.6971184712255,7.2246966788621165,3.1363594042670773,0.0
1.8838474895205954,-9.245140168331773,5.6196184463476415,-5.472438179471662,0.0
-3.048070213670095,-12.145502156516475,7.099672801984521,0.30399705186749904,0.0
-2.876986824878826,1.201299297547438,4.838512957992357,13.046258594270023,0.0
-7.928895802963351,13.708421997482237,5.937096816450713,3.0844672272960656,0.0
7.592425174766873,8.791455550769237,6.752491312194975,-1.25688378244655,0.0
3.6098884212871893,-2.869864936525201,6.568776592317759,-2.3629404356457977,0.0
1.2370207069452503,-5.544835970402842,6.382803798753691,-1.187819617983668,0.0
-0.1175147839586119,-4.5933663093532555,6.671254087114239,2.6145154112153395,0.0
1.3508599748738814,6.990213905395775,7.3808225356974475,9.37129070857276,0.0
2.048368532450821,4.836324968895129,7.398233824313635,11.485155094432345,0.0
-2.3468997816933674,2.3970415881840026,7.334544682504677,15.31163902252309,0.0
-9.21539009542197,-1.3147948947514791,6.590562892984745,-0.09834117284849664,0.0
-3.8948083295935314,5.586571701499892,5.053312841290157,7.0142878212742374,0.0
-14.42523307109712,2.0094867220846186,5.958223777808073,7.818782254221964,0.0
-7.395585406085165,-0.4254965881844486,3.2743529723012808,5.57673420340426,0.0
-4.236641043636118,-13.199350865846203,5.084754689841479,-0.13052960028939165,0.0
-7.7148285878255765,-14.600445059138575,5.10846051590973,2.642586272265838,0.0
-10.685912782211284,-13.057485111581176,5.91001031215027,6.136074832754893,0.0
-5.847085219078564,-4.662693002903309,4.950616596233049,13.241300778316738,0.0
-0.9643102919072692,-15.342078771904358,7.991947463109685,8.401021373399082,0.0
-2.6063713033562337,-7.372427388610391,5.933916203837642,10.674975488523984,0.0
-3.377224829379924,-12.209277575446215,7.236308697578779,-1.5191135549879795,0.0
-4.536888976582,-20.05904685962919,7.670307600090092,-7.000836433628521,0.0
-6.514492904553149,-19.896707256847684,8.738702937508569,-5.42102646317724,0.0
1.2756615271044254,-13.567721192324676,7.4982358834635345,-7.509816606612053,0.0
-6.589450096275717,-25.77952658398161,7.244168305979827,12.77104952087275,0.0
-7.434764725212159,-29.077394270989977,6.30302367356298,13.929376062622113,0.0
-13.982230032226614,-29.759145048046225,5.291583579351164,18.20874143657147,0.0
-7.793046379433152,-19.497755797509285,4.188698904421855,7.7469576108150555,0.0
2.2427303899288216,-12.478933065297223,7.208323636226248,3.482757629971123,0.0
-5.256863216940253,-14.852132167916523,6.149491909348921,9.357219954649828,0.0
-7.071384982101451,-14.56007255349817,5.56168300315952,-4.980038739534503,0.0
-0.49372412647064046,-20.354479388852035,4.416380223743632,11.237189157170793,0.0
0.06654838382746497,3.446027676395893,6.077032920286092,18.419286323179346,0.0
-2.4526328777942092,10.413200998946628,6.233289509869369,6.220290188302051,0.0
-3.1339321029596707,-6.965258303077318,5.128058153120826,-3.1535141247662213,0.0
-14.371763211822342,10.148880884891891,6.8179756788813295,5.498039494642181,0.0
-5.3468768379406955,-2.0125872947806283,4.160778815723083,4.628968282857264,0.0
-10.204205381014305,14.097108493292652,6.4745054050519535,7.04775994014938,0.0
-12.432824145880563,8.248235979116703,7.064146021708954,5.0494405585279445,0.0
-5.046007396332758,-1.966530418228631,5.9332720639932965,7.072467038413318,0.0
-4.40398115880386,-0.5303504913768045,7.253014547066677,8.461621753251016,0.0
-6.82805832636488,6.6949691509041465,8.024002209758285,9.075518472150577,0.0
-5.340257977912076,-17.15915621555519,8.898175924071293,4.530723672783161,0.0
-9.561083542523225,-17.42771691470972,7.395948742490066,-9.638406638054015,0.0
-13.926214259643137,-41.772937541963664,5.9481990600081724,-9.363986140554125,0.0
-12.569979231859575,-35.75899541015955,4.710423762646494,-1.3891296324921751,0.0
-6.8406555414890455,-19.47621520428435,5.316564915153995,3.2798820816747822,0.0
-7.45919970648085,-24.963153188705924,6.908882544616132,6.223474655876453,0.0
-13.250867386393464,-22.70309518377678,7.638984637867214,9.828968582619268,0.0
-8.158392724181985,-23.542191596327907,5.685121997849489,15.834141152662474,0.0
-5.304519210136403,-5.896064638899508,7.106563623495687,8.366035957069773,0.0
-4.574734510242985,6.945268380547745,7.1970934004247376,13.059189151360696,0.0
-4.907690212883287,6.510855269405209,5.742284687510574,12.707369761143514,0.0
-12.492031015625429,8.805777929298438,6.046445488917061,7.376304024870139,0.0
-11.47373837061069,21.584588302356597,5.8034907731284155,17.509915557645996,0.0
-7.0862864397941,-4.855779518116218,5.603651526348452,8.184550516881089,0.0
-5.391953103467639,-16.62743363319571,6.230379174450162,5.669816314664702,0.0
-4.425050479559834,-4.170756052631975,6.111795666697576,11.496802807185288,0.0
-5.369880692351709,-18.158104153867374,6.769728405018087,-2.4577964114442588,0.0
4.067719810378453,-32.275560381901,8.238786277602243,0.7953176454095541,0.0
-5.4902317477642955,-23.728992690800776,7.090659763738341,8.98015774260124,0.0
-7.279007200740358,-34.89901001558347,6.057758369354174,4.1582808503453155,0.0
-11.069424970054747,-32.26232020781889,6.142913179783254,5.7790251000241275,0.0
-11.6249381373146,-24.102413930255,8.321177621703534,14.734352849221818,0.0
-14.665085938497997,0.270713686374509,7.141081444527943,3.6625536092669755,0.0
-15.401270524899745,4.969645367599741,5.609137149978789,7.95649402852701,0.0
-16.84279905900414,-16.096627178777727,6.198341307907322,2.5849904395043835,0.0
-25.01120612661036,-3.2726048858539474,6.46331832844064,0.6543422374440269,0.0
-15.906653035497108,11.02195680384761,8.800317169560309,-6.785231847393547,0.0
-15.805874883130638,0.20817405574716208,7.540504788130795,-5.753087753697083,0.0
-16.948721763571427,6.421639768148463,5.788506553541753,-7.189175566139518,0.0
-12.93167266516702,-1.4206207778341842,7.296344666521592,5.249143545337631,0.0
-14.450743732699886,-17.033319935854873,6.000449961231353,1.0033621450633703,0.0
-16.080756591781817,-12.972350761529176,7.241138388277019,4.000291135761329,0.0
-15.968914166157482,15.553290172048243,8.035123880052446,1.1528720393809042,0.0
-13.58752524423262,4.382792583948776,7.242845752200268,-3.8023897599616774,0.0
-14.5880976686866,11.983784009535638,7.099624670626234,2.312189392633719,0.0
-13.010771836279758,12.92426098787071,6.980990794249901,3.760289819711665,0.0
-7.735675435845341,-11.836643951703948,8.355115841818968,-9.555751911366041,0.0
-10.522024753648608,2.5389460765139873,9.13224776912181,2.4591019942867103,0.0
-11.754743496201248,-15.597315426069393,7.736499241686438,5.994558852091866,0.0
-5.542669047329259,-5.686661207800276,6.035192241991984,-5.939227643010494,0.0
-11.107724222003052,-14.494914160153662,7.034568838438544,2.3079938223507277,0.0
-12.676703475706532,-3.18292286983206,6.9674065875846125,5.994553269991799,0.0
-12.74609864218416,-3.6110874555438173,6.893011097560598,14.713852406591041,0.0
-13.371562982323194,-27.478551031366322,9.199072300027574,15.202584843048843,0.0
-14.593066486406167,-32.080580874942086,8.980036829133919,15.437219731975537,0.0
-11.335455988036879,-24.731281360121983,9.282643406484347,14.151072399910003,0.0
-14.608819058798392,-21.184120714713345,7.544559197814758,3.503995125328254,0.0
-13.229914802714124,-6.828395888054857,6.262751654198681,6.481916129306743,0.0
-10.583987510272985,-14.330889767023255,6.791717943374609,16.674045104523646,0.0
-8.260670409216457,-14.14246097661952,6.7589899318969024,12.116570038236002,0.0
-4.843676776431366,-12.241866131835396,6.856877231122347,2.8603325580285217,0.0
-3.2540208447176644,8.238127687461489,5.452577570518608,-3.274813892121058,0.0
-6.716165554043044,-23.980283313206193,7.897755972720649,10.498239873699234,0.0
-9.616923947072905,-24.785246201886483,7.68597860929461,6.0468806474447305,0.0
-8.412105460113771,-2.318977108641011,7.76119016156007,20.03728827013524,0.0
-3.6111587803683207,-13.599196700893,8.010819998152753,2.788987526382696,0.0
-6.8824210057397295,-8.536369385030731,6.617936737839273,12.206307457548657,0.0
-15.975608449121953,-1.8456390221252779,5.154874000978688,12.553221785833715,0.0
-21.128077640900337,-2.6859377843888623,8.27437380035154,4.181204981182202,0.0
-13.648319259451007,1.4118937973730539,8.219337152516685,5.793853241800082,0.0
-15.932439369185618,-5.214029212495733,9.499757592763213,-1.3145688809581557,0.0
-13.287140908340525,-6.571176040573135,7.61039475942086,-6.4650950081345915,0.0
-14.85560716658128,-11.659198534803242,8.445905352958272,-10.229467087107604,0.0
-16.571870773512174,-1.730425374377651,6.992934047454457,-6.145011485620689,0.0
-10.639531425362126,-6.212095534066606,6.813003712294399,9.464277458134362,0.0
-15.563605770275846,-27.782809736429595,8.470609856841882,3.5998126609407155,0.0
-13.482012785649085,-20.517632818644188,7.104499592415551,-5.597086183102371,0.0
-14.853197089368768,-15.226835233452238,5.661153285493723,-9.283061211509027,0.0
-21.654107976168092,-11.072275356747818,5.8099088180086,-7.561471798611162,0.0
-14.946472207936042,-8.144070192181376,6.090639006466295,-5.033043095067866,0.0
-11.693398563992652,-16.423617700479806,8.315752669223055,-3.6378874589958476,0.0
-9.265737800382261,-13.010373973674639,6.867993106532411,3.685606303006372,0.0
-10.523293513750842,8.892307961574677,7.386805985661414,-4.392513622124904,0.0
-13.257854992843447,7.490296330261885,7.616336149695041,8.421118261706948,0.0
-9.737327103319917,15.054680036186808,8.956403833671484,4.839737132729102,0.0
-12.374706722455524,3.2305936025205666,7.378726132435544,12.257478725424617,0.0
-8.836565403523974,8.661192600574527,5.245016042210336,7.832768550012896,0.0
-11.434168335208122,4.5833522361845755,7.545169073751568,-1.5159095268842444,0.0
-16.767967410168392,-2.4288189743595066,8.437715668593917,0.023005730821391346,0.0
-9.879658282502737,2.9181874317706615,6.523136174682052,7.593403227537205,0.0
-13.920369709023348,18.383856920742637,7.68381429620341,4.325140664271079,0.0
-17.764406110730036,9.835786308170235,5.986788727689297,0.9333380989712832,0.0
-13.968565785717425,-1.4205277449029197,5.958588334325135,-0.37818021519459233,0.0
-13.90173215199711,-10.101192113383686,6.548053761915056,-11.441851453143325,0.0
-12.146959943836764,0.7803292524836181,6.63282092387372,9.048613049499767,0.0
-6.759858499241097,-3.2528196413232933,9.015577599763846,8.918252034055705,0.0
-15.805072538390366,-20.561857427912138,7.265725139590474,3.613142850009334,0.0
-14.090569829995719,-20.94309961880701,6.7682694062355875,12.600975853539541,0.0
-6.694325142939604,-19.861227754941787,7.327378366260422,12.591079385643193,0.0
-10.795985051112911,0.9302782347926035,7.706810529442478,10.321739724630504,0.0
-9.059161240064048,-3.684746987760847,10.438616094592216,7.835148813262616,0.0
-12.794343881208944,-16.770220244839585,9.457153108800986,1.775442138724745,0.0
-18.306029643598343,-27.757669120160802,9.774734061575435,1.691774319048323,0.0
-11.912730932852307,-4.2162508982061,9.418758863139576,-2.2584791796967423,0.0
-13.323156486209703,-17.622161383353905,6.966398322998065,0.7231065917621136,0.0
-18.624601400506336,-25.641994124818186,7.245212656815384,2.1346014711393297,0.0
-12.352090118336623,-28.74196859985785,7.014556280008661,-6.834366655216979,0.0
-1.805734428019214,-15.109569505919325,9.185017415367364,-3.45018083506716,0.0
4.8562766006487434,-27.962512199556265,9.300518565757619,10.452927676533895,0.0
10.666006870243498,-3.5341317586838734,6.982664367404019,2.748411705060771,0.0
13.448201201022588,5.643516999514096,8.94018282088814,15.22655953623977,0.0
9.593791971099677,-5.538374576932819,7.554806063656427,13.088263061928583,0.0
4.256109880895919,9.034054475642197,7.348760217036002,7.550116501484899,0.0
1.5195031004802306,6.338888268495181,7.02926197153595,9.135108072128283,0.0
10.337516337672321,-9.269843955751952,4.357370817360827,11.517389521706644,0.0
10.947918605520677,-1.090231070669938,6.007924470867919,12.480576208352664,0.0
6.798294994953568,-6.240680215612082,5.552952118264216,17.127415405011924,0.0
1.4413851801881918,-10.41696794517863,4.721316267838967,15.097574514692377,0.0
10.46626964303129,-9.0291919121909,6.3778407640246595,8.863924506238398,0.0
12.723647478331142,-27.824497646820163,4.868110863792866,1.3918325123286817,0.0
15.648283064505897,-30.537435672954885,5.795638205834047,-2.2620240947563097,0.0
11.816217872366806,-14.09296887573796,7.486363511687405,-6.126857891526184,0.0
15.3138803068443,-7.823992997772532,5.992165969126296,7.340078450858316,0.0
12.407078110797421,-14.765484620909543,6.233290614220984,-7.740445608410161,0.0
8.305392857118493,0.7473669843211264,6.892096801933431,-8.829940124468774,0.0
4.9490264910579995,-19.057527903699352,7.912281147172652,3.365784089166625,0.0
3.7852965825201146,11.584281401449784,7.752688850812081,1.7179650219173248,0.0
2.0130488076584987,-8.695028875356579,8.930156219097737,9.3264181001785,0.0
7.433299391618421,-6.709366202867646,8.660070028392596,3.635366575262496,0.0
13.408963351417864,-16.819305777560903,7.951251470509208,-2.5154887463452096,0.0
13.820900211200595,-17.68413771293954,7.0189637147542765,11.949591045205377,0.0
2.482979222894844,-8.027517567009276,8.625549317758585,8.247553244079764,0.0
-4.697081364746943,11.512976827854615,8.453303889887687,0.47805624593960516,0.0
-7.013404502654545,19.61537919617279,7.812972269037372,3.126025103201571,0.0
1.945731053279955,5.430512238018057,8.910009351546154,13.400987128733611,0.0
10.410346420870216,-1.2893990319183093,8.720907397662305,0.7334351139576718,0.0
4.22431025707423,-5.929743669656881,6.736373046465187,-2.038639760196543,0.0
0.13364565443374588,-1.482221534754621,8.003678288802499,7.234463122121341,0.0
0.34887340652535404,-0.9815640494478881,7.986681136259565,-0.5055364233444308,0.0
1.4153001659009785,-12.238779221991248,6.858184005132502,-8.62575441649467,0.0
0.39028743097295404,-8.620955632209167,6.1205932490751085,-5.567117316477045,0.0
-1.496439843794164,-4.115573777296661,6.944522720947193,-10.951019355556049,0.0
-2.106743629627701,-17.00350967909293,6.113551031064856,7.488537289448331,0.0
0.31269350545814856,-25.90812725107679,10.563669382160095,12.741064164664609,0.0
2.416789777776511,-20.816408088760962,9.597761758461314,11.361590320963264,0.0
9.646860900804594,-5.703849603006729,8.96663938380806,-7.748605921635441,0.0
12.980768479524668,-5.1102286033506665,8.556623210533735,-1.0949956546349777,0.0
6.545913447084469,5.423182119141383,9.223864317514007,4.718800456688481,0.0
1.2248690716013515,9.1023654270736,7.4584966964436035,14.012465740735664,0.0
3.0302998102031142,9.208914164990066,7.273043339732329,23.232890332849717,0.0
-8.420087955356841,-3.2212721812196023,5.438432792677844,20.01550203794016,0.0
-7.348085216840108,-16.845705135502172,7.53859702539472,4.146237159531072,0.0
-12.303901337993832,5.404757057360901,4.898569275430141,-4.959556060535197,0.0
-7.617369039263439,1.2673606312512358,5.995040027111635,2.2438731018501574,0.0
-13.848505823122373,17.026616419860105,5.459135015308603,-12.584825393652832,0.0
-13.290030748337353,-2.9792278287193508,7.036027689176218,-0.15969038965202254,0.0
-12.40721365578043,-3.087415186729185,6.534559798678194,10.030533824158127,0.0
-18.31410836920437,4.199128155398338,7.520641354897296,-3.181054737277522,0.0
-17.612233171171106,6.080764387855373,7.65480526580607,2.0812956558797904,0.0
-8.108203966435834,-4.315576351137775,7.285616299655843,2.985167640813822,0.0
-10.616962223768205,-0.033073385149402945,7.594061980772873,-4.327777557604703,0.0
-11.339159775009662,-4.84425523476318,6.037555546400599,-5.67844124803762,0.0
-7.735163895032872,-10.483395230561847,7.983431919647074,-17.190008610124977,0.0
-10.053612656279906,-2.530205193416421,8.241270515278025,-4.107370248087661,0.0
-7.970435698777829,-13.547151169490874,8.881345896620035,7.659638419480156,0.0
-12.644752098588581,-9.588543659845847,8.331327940673859,14.885811035351644,0.0
-15.186230901164526,-4.192658763783711,9.66683562037312,8.215459446138023,0.0
-13.66972410714915,-9.100574133285068,8.2958085533359,12.116131966004978,0.0
-16.872514558166248,-21.998004058991498,6.011640353655716,3.750839332321715,0.0
-23.47999130053075,-14.874201978659924,7.701949466782912,7.367562513705561,0.0
-18.071672870887802,-24.277849137713517,7.803829790526621,-0.5752232656727596,0.0
-23.747617561375804,-22.44791149440693,8.718010144316983,-1.5296611081399867,0.0
-19.573375467742377,-15.398997732829812,7.69788671769172,1.6257024585646507,0.0
-14.432937951809294,5.307332978068395,6.887110858285316,1.2873353445349531,0.0
-11.940615203406239,-11.86922629496301,7.915018540121113,-5.424314360834062,0.0
-15.888952420514087,-12.646147025170839,8.388385421264308,6.519933257797038,0.0
-13.811004849965702,-16.29818371115357,9.204598619434318,1.3460237890314235,0.0
-16.97146474348062,-16.573532364766443,9.636600984518859,-7.273410676502502,0.0
-16.122940495364013,9.497485774115336,7.4311103286275255,-9.515320968637951,0.0
-17.369235318177985,-0.6626049403275793,7.605282795406583,6.137755697510528,0.0
-10.598333544245726,-1.4415839952811549,8.519860807594391,0.6269078282905136,0.0
-9.730960539558268,-26.930681118541457,7.149805347151842,4.47648538617003,0.0
-12.67983994838219,-10.462911574079774,5.986863059818514,12.037974405667354,0.0
-17.361997436902936,-13.319321439580282,6.1147781313331295,19.539850945983062,0.0
-8.152934480504548,-11.752661077006184,6.327531814132373,9.620171766876036,0.0
-10.817531306502698,-6.204904050698502,6.052769190021906,15.080924983443577,0.0
-12.535690249889344,-9.106489918700948,6.333675142448817,5.970490577963127,0.0
-9.477664415883737,-31.13147691236329,7.9780472634007715,0.40330542792234203,0.0
-5.20648239098341,-29.247115563761568,7.906615687607195,-5.817990754807959,0.0
-8.957371176530108,-31.718473249931993,7.256215194218849,12.791435414761843,0.0
-12.131399691974739,-8.009347004112763,10.358125480042544,-1.5701926256077243,0.0
-16.920230571550686,-2.7265188678456305,8.05653297807786,-9.300860410679595,0.0
-8.934803802627865,8.298775642062584,6.7257977370601845,-0.20077334155851378,0.0
-13.952380486561502,2.91513161205505,8.192745853137232,-3.3749903907985805,0.0
-8.023961967997597,-9.834461539680381,7.280117965142818,-5.048883256378765,0.0
-17.712916025623613,-7.483601267103661,9.089909508000147,-4.098425361538445,0.0
-16.847564541791364,0.7440137244679415,11.249480857495321,-2.431361903444399,0.0
-12.293021102437146,-9.038468230992024,9.505526005059128,4.630209059874037,0.0
-10.591046846800639,-21.653550193089956,9.787920421783154,0.460536944666357,0.0
-15.686761374569512,-30.290972496709983,7.541955872578267,3.8220138947812288,0.0
-18.37336251321921,-15.97717050433125,7.938111827038083,-5.3588147928566645,0.0
-12.757103109812089,-8.603842603296174,5.520422588361533,-0.8722863063394319,0.0
-12.835638367878751,-21.72836763802883,5.9110784072529885,2.0118605325076406,0.0
-16.474423511193052,-16.527671419158093,7.20212152037624,18.72699480293655,0.0
-14.011574053628227,-9.810577283796981,6.7554123907003865,14.205076192709718,0.0
-13.619282415890195,-22.73286705950651,7.624620617435923,10.640474726042061,0.0
-12.291549474501448,-29.852340665317705,7.9246220355197465,6.461142717547375,0.0
-9.05879883693297,-28.581991267039072,7.457031357764396,-0.5586584376353434,0.0
-15.272712430326688,0.09233412633143523,6.834636945948177,1.3038351529156005,0.0
-15.007098248820155,-8.506682479133403,7.274251421683477,1.2658498451846993,0.0
-5.390897789080448,-6.882258369461578,8.30043449953582,2.6926304476203344,0.0
-7.533821880571737,6.97917377375518,7.805800414880011,9.771601209087745,0.0
-0.9077622035735855,9.613997206990296,7.428589405339661,9.205554228338409,0.0
-12.534405721209747,9.08911836978379,8.338036385683578,0.5796236083787114,0.0
-4.987791107377225,-6.915750159417128,7.2436611965950775,13.830518211378212,0.0
-5.935389693973563,-11.11648481223461,6.87647731995009,15.915583977966197,0.0
0.15210538664131423,5.698983802536745,6.821718731886862,19.611756713931577,0.0
-3.0415829664834027,13.965183686939309,6.075488254694412,0.13589209618213527,0.0
-8.626145577807415,7.076359233389872,5.934858158842996,1.3074069821899656,0.0
-4.2605316658111025,-11.203951828153137,6.753817848334473,7.760877765074715,0.0
-1.0332276486523382,-23.10998492477814,5.429744503016164,-0.532349948106734,0.0
-12.355457139541102,-17.115605907576178,5.841695803224453,2.934536133212937,0.0
-1.1668896345005155,-19.67675118535972,8.290540831095916,9.240850078064497,0.0
-0.9551864547033322,-4.948464048115734,7.643112913739417,-6.4965212756922455,0.0
-4.285232865316014,-6.226680195975914,7.5567094727896436,-2.557343003788432,0.0
-7.511483092503385,-16.659685809338782,6.63233561110461,8.581208990926555,0.0
-5.9973769705682205,-5.062285900727201,8.054162521145441,0.8894133917865643,0.0
-7.123463275509035,-11.255866011611744,8.401713137603746,0.15606680226897662,0.0
-8.257118893223492,-14.849521831115899,7.907851767995583,10.167178608748676,0.0
-13.74508298848303,-13.13301351001549,7.037216819300997,-1.5171688756222075,0.0
-5.629005523633029,-10.656027397181461,7.250697610463204,3.7946943341979607,0.0
-0.3546998345771044,-12.956790552492668,8.27767254910882,-9.025762293406084,0.0
2.016533900063532,-15.521025458075753,8.24289577835006,-7.88135938536079,0.0
3.8769831829354153,-20.15659818011126,7.494468689891441,-14.181289717603757,0.0
-6.988835132758279,-14.65856746671479,7.036348626943463,-12.55425892883447,0.0
-5.495959972103609,-19.86520070456588,7.001763166332794,9.218965714191686,0.0
-2.152249661440128,-14.588669941004522,5.67798893609131,6.473226183600259,0.0
-2.362824690523073,-21.309642054944504,7.108638564805061,1.5589607323086394,0.0
-0.4088432823924508,-13.669461050294494,7.179376599919236,0.17533364234712856,0.0
-2.6738848763923566,-20.242342384785346,6.861439780916685,6.95786168381657,0.0
1.2872070777438962,-26.812472740289913,7.829136606873381,-2.1851278610562144,0.0
2.284318040496124,-6.31881737726097,7.707178332726569,-1.9101767187998901,0.0
3.3833268225523234,-10.255110116931087,7.519329124408303,-3.1762183318734243,0.0
-2.707870018693682,-14.23672707765402,5.854433238669866,1.4455900217830449,0.0
-4.494082691598621,-2.3387231457267306,5.761215327051409,2.605766600091166,0.0
-7.305792668282072,-8.02163266086451,4.643590697838491,2.949147306180723,0.0
-4.20389730240104,-6.463818069197501,6.361551044637681,5.789325479015788,0.0
0.3757799454649575,-12.474947313153837,7.04703149344741,1.366585592530028,0.0
3.9372489400756923,-17.01516432240809,7.339562841266098,11.693539511429478,0.0
-5.565979975837211,-16.62518676974512,6.7291893538079846,0.2994478876147326,0.0
-6.20681122492185,-12.902245125658412,7.774767882897188,-9.842906650910981,0.0
-1.3171849295339761,-11.704593194485476,5.5102678659569975,-7.155405259150909,0.0
-0.8502252087054898,-8.881494249979086,5.798606893647904,-10.975734811779725,0.0
-0.18341659995082082,-8.613133353745237,9.30049477004832,0.24422208265493284,0.0
4.065293293260661,0.7191019644588881,4.803984738747174,-5.9953328052836925,0.0
-10.556220610567276,-6.533406861184953,3.440317829124607,-0.9651393397807464,0.0
-8.289047630038956,-5.994089127259883,5.985981472629971,-8.780386605026502,0.0
-13.398367012300366,-3.831310398472127,5.9403355598085605,2.2302839702663793,0.0
-7.885347115650351,3.987460370045781,6.510367987838801,13.528197570435893,0.0
0.22018902654233763,10.908850711629187,7.202399722230294,10.423026609127561,0.0
-4.239169898083276,12.678429693384846,7.656699096705771,8.909378770878693,0.0
-4.605069524022365,-4.71853770355729,7.070009219554507,5.750704941611317,0.0
-7.7479545322148455,-2.6332482991883523,7.246861162623766,8.421988791012964,0.0
-3.912887942058496,-15.122539765761372,7.329094580664711,14.461601333338226,0.0
-3.3494866406253707,7.873878998583008,9.273364449674798,6.870865779343042,0.0
-1.874454618886996,12.358503439924798,6.831040057585206,12.215652675006286,0.0
-7.522648064070043,-4.355352352025923,7.351409534877274,-6.603366457105858,0.0
-3.7443629402488816,-22.95522420730648,7.294837778799118,-10.108597994025308,0.0
-4.822016573634666,-6.60095432712372,8.254182205459413,-6.512428963990757,0.0
-4.441582906323847,-22.89485161579573,7.922822740125225,-0.8785045721400433,0.0
-0.8100460324842165,-25.415028994460936,7.980034576947875,8.009784452903231,0.0
-5.578360942805839,-11.702766852582693,7.050919435600008,14.357400617824934,0.0
-8.455851652226576,-7.9296941891374635,6.065807868695171,4.275050948364804,0.0
-3.684847844636317,-18.110010682988566,6.2358160178266555,1.3036209703766675,0.0
0.09024648908629196,-15.250797786674251,5.341198166280652,3.0206418858585096,0.0
-1.5480202094568014,-33.29036677385105,7.946940618931391,9.572092298258518,0.0
-1.935418917904597,-25.982562923451,8.225820658899208,6.682816106537196,0.0
-3.9889623712910676,-9.965499577836027,7.91691900638892,4.7887310086859785,0.0
-2.9701036350807546,-22.68665184414631,7.754616615225887,9.480889790202546,0.0
-6.541275658945075,-2.6313042580867414,8.671229750995561,8.483810812770656,0.0
-9.014586687967503,7.329861203230157,7.183222885357289,-7.246668978347023,0.0
-8.091608707164538,5.355917137887628,7.292421371540812,-6.762746412511115,0.0
-6.745654912666643,-7.743378978640057,10.110947037274977,-6.973815575101588,0.0
-11.08886827337557,6.513143770801687,8.997567389215543,-7.732762590831877,0.0
-12.052350790384004,9.2273779227271,8.718882869734967,-6.413653090415053,0.0
-8.554477190673305,-0.8514992638032588,6.84936216804218,12.929441204030132,0.0
-4.6761030364186675,-16.252900040419718,6.63923304118055,7.772637213985604,0.0
-15.622741752067594,-9.246673001334772,6.5272656562447775,8.138778417173771,0.0
-15.335487489530726,-6.573208657704073,8.35953572039513,0.44256588990952395,0.0
-15.09616703936254,-12.36158440216401,7.377274703773212,-1.92523407754787,0.0
-16.298422443220687,-19.94474923983012,5.989153467806457,11.214441597761505,0.0
-14.979003159717513,-26.68366606374577,6.939617262438502,8.44434925743875,0.0
-15.33837854235322,-25.858302574879477,8.017697031060884,8.372593000306294,0.0
-8.913079662329483,-10.700757445738308,8.27506997155904,10.604957481029773,0.0
-5.374283092391388,-8.34093140391686,8.483901401461898,11.308055843180128,0.0
-7.458831497707041,-26.67288801622645,8.385625782716218,2.645312443880513,0.0
-16.484135349212544,-16.995895722159645,9.279725182112552,6.526383726203898,0.0
-10.083083038202439,-8.976384857977653,9.110650718133108,14.512350525714867,0.0
-14.672356396852305,-5.542569640342391,7.729245161104837,5.254644807791512,0.0
-25.46187764061836,-2.7391687412046286,6.592079837570112,1.9488636127044447,0.0
-20.293384751985926,-27.56616192449792,5.723276721313481,-9.325872535119007,0.0
-14.53703572141859,-29.84985144868051,6.664247774958179,-0.9210928733994892,0.0
-10.399724462674191,-8.168752036130794,5.774332463219269,5.250484371770064,0.0
-15.393763335656002,-16.9146614021207,8.484419992523831,15.534206594628303,0.0
-8.469525189250904,-15.892287894740253,7.001583664640615,3.532586235452656,0.0
-12.02307667830246,-0.5748056625048967,7.0831827342955975,6.7655614069528776,0.0
-20.829870538209665,7.849081831184771,6.687612096470701,5.786057563213125,0.0
-13.896379511886611,6.3464590368532825,10.134683081113018,2.562970160981849,0.0
-15.106262249483963,-8.55656860007413,7.619332719236539,2.796617495067923,0.0
-9.170650910690409,-8.583602699885118,7.571228218504036,4.151001905512919,0.0
-9.277161805353437,-2.041252310083861,9.60822475181072,-11.359934380537252,0.0
-8.660259696275139,5.883263498447311,8.819789880452266,-4.8937134087786145,0.0
-7.613407459090508,-13.29314100628867,7.095050894722188,4.721967433225095,0.0
-4.820073942543109,-2.129921131352231,8.70041658466461,-2.884263928932386,0.0
-5.788330787745236,-13.618921748479213,8.251868082296296,2.273271727106071,0.0
0.2611940966359194,6.828006873226558,8.138151174295981,3.8314508278013317,0.0
-4.379371541457089,-12.234971570614807,7.777232885858256,10.073792444631772,0.0
-13.3006368785304,-6.117713350526305,7.59236531593625,4.73558968257504,0.0
-20.82221039213782,-14.794507702534426,6.553035699905626,10.282566811836917,0.0
-21.755656796222357,-10.194911575842386,6.135367803562458,1.9532210571443005,0.0
-12.600087373418322,21.139509062728482,5.928938376103495,4.838498476996346,0.0
0.49801478443922953,-2.9112686489279564,6.9278726801601636,5.079969933615601,0.0
-0.647963893424091,9.777092765164141,6.487258202283894,7.29601912200676,0.0
-4.641628315239826,-5.242007777970265,8.081872896245827,17.069557965016617,0.0
-3.2742507634487583,-4.804438441429646,6.783484656403926,10.87411559044898,0.0
-5.502245012402035,-2.544729703720833,9.335531038494109,10.70333773208385,0.0
-0.10196834738792582,10.031064255750643,9.36206180970562,26.25756740551229,0.0
-4.977491661911591,10.988069623019893,8.850880221689152,20.882032757253484,0.0
-12.708310089874423,3.21771330128254,6.3185050547660335,19.70771624137044,0.0
-19.216797048867985,-11.581034174845867,7.855891480316073,0.30663787871547754,0.0
-14.24361519093874,-17.658428267456934,8.243522108940738,-5.255150247406386,0.0
-10.149801773714852,-14.51989673396433,5.524963981078314,-11.746796275018902,0.0
-4.666532453609697,-10.532980586374562,5.720588832304374,-5.656811939033452,0.0
-2.3996713501845077,11.647149567662566,6.676996118262368,-13.468653628815847,0.0
-4.599612284751931,9.868434805961153,8.384374565328367,0.1759013656971693,0.0
-4.869842391856838,-15.979678401936624,8.05135076217926,-4.425575744142211,0.0
-5.262042272701839,-30.29840914453098,8.155192129341515,-10.268914410858986,0.0
-4.622743102309031,-12.716620765837217,5.472224939283411,-1.3604840416364254,0.0
-2.1460047928122403,-20.0719227396372,5.220300754467212,11.723826574080032,0.0
-6.696938566655637,-11.170408002557387,7.142840108892405,20.159625718145534,0.0
-8.478910315827077,-11.679514083203468,6.979272913276114,9.083205974393668,0.0
-11.12057864038853,-12.537231847654194,6.09984169390113,7.065232815401288,0.0
-9.809195231960254,7.893398708509954,8.866593002681524,10.616438803481827,0.0
-9.706886056870328,-2.5960846034521676,8.854254970410345,8.567537098566781,0.0
-13.826837585404814,-10.995398546948188,9.244471340950355,2.4897895578394,0.0
-14.174997953961718,-18.567634309548808,8.279086257256989,-6.236343236513012,0.0
-8.892312712823026,-31.02750627253677,10.346283188959358,3.5765120305979266,0.0
-9.64939807845095,-15.924346267319788,8.657315731250007,11.877224744017585,0.0
-7.580025705497103,-9.168802352660164,7.354171695371806,7.307290489965995,0.0
-10.91025153991501,-12.99787083928501,5.443282484910008,0.07137432290931756,0.0
-12.308098134100467,-16.797825236647604,6.08566708776991,7.367298946696862,0.0
-5.66466071442939,2.470845283625442,7.18760163414943,2.7221370527387054,0.0
-6.265848415377334,10.044821080778775,4.2001236323709765,-3.277928312500798,0.0
-11.241392524128987,-13.86706493566152,4.76053057171583,-3.2847046454295104,0.0
-6.946709857996499,-13.377526775741808,4.059495811298357,-11.297853059095928,0.0
-4.664789469167062,-13.642104156019949,4.781193521197756,2.14999648601705,0.0
-3.4311306368863366,-9.312718092598953,3.7513223775009785,-3.6253087362622605,0.0
-9.694546702656222,-12.721662103592184,6.3180877593057545,10.644643699942828,0.0
-1.1802063680055568,-13.25968256137205,4.629015251664159,0.18082623455133984,0.0
-10.11524508864394,-3.6773962777712166,5.282679330022927,-6.759227046511187,0.0
-8.849571504101313,-3.643076486270034,6.076828457757259,1.3003119010126394,0.0
-2.130105426227289,-14.936255223764848,6.428674978503053,7.378383020083886,0.0
-7.183262741693335,-16.794505981505306,6.242595942584185,3.7325904970097397,0.0
-12.41831165609204,-15.56633698425868,4.663755048962151,8.678710299752955,0.0
-3.7439700332326655,-11.87061280931484,5.615463858775826,5.8161151517560405,0.0
7.463761390892111,4.653715035734395,9.665852998577302,4.762759250395833,0.0
5.610541157801763,28.71715218819544,7.850935891512129,3.0431566413778524,0.0
5.818748854519533,-6.742775328419208,7.218586014737839,11.200185251685982,0.0
8.780247579891794,-5.254480052668416,4.598689822470348,-4.835936192859016,0.0
9.612223642470148,-11.908553388311235,6.2513385166336715,4.2204497850684035,0.0
14.799708496388494,14.661285110547773,7.734629272049311,-2.2225792591519937,0.0
18.599385554070917,-14.008351886967535,6.44105140048536,1.009735260612933,0.0
7.178030150185677,-8.471067173659025,6.860892162604701,9.035391553552504,0.0
20.674859740991458,-23.424341359689777,5.921270023617084,8.456550472814078,0.0
26.590109582349214,-27.710725607809714,5.337249457484734,13.36458525285762,0.0
23.13371813569408,-27.98936463784711,5.974039961181025,3.6981175930804233,0.0
24.758277096398167,-17.545533663285255,7.625198206102112,-2.941132877908207,0.0
28.764058731900903,1.2143075784827975,7.434835586579669,1.265062194542974,0.0
19.84224508364285,10.482399899521521,7.570130783806681,11.959215654934567,0.0
23.169969602595764,3.271976957418433,5.786665230329401,3.1025829180841673,0.0
20.70955868980231,-20.161343967088385,6.864839230894521,4.6132224865984615,0.0
20.092611958458846,-8.889814970030105,8.57556304509978,1.7608809691940035,0.0
23.781972871835862,-26.40120296177345,7.234045352221355,2.9702578027336313,0.0
18.067639748965394,-22.248204473746114,5.47612152148538,-0.791326818888503,0.0
11.805961145456576,-11.672952730223297,5.612935334968913,-2.380768052218534,0.0
16.482352912976292,-4.602385806156473,7.151414214191667,-1.4816901136934941,0.0
13.882969507928282,-1.253565517996,6.874413291350343,-3.5036389701491704,0.0
19.31089153492423,2.965636454679135,7.279873472397009,0.5415356726575355,0.0
18.981429143903508,-7.248593501711897,6.53399947801722,7.436877576632886,0.0
14.224244992232622,-10.279428133808922,6.708417718168086,-6.963703809688193,0.0
19.832072077358323,6.997980768789205,5.557252640450596,-0.014389725652213858,0.0
12.191841556540595,11.311231458028798,6.845634568633288,8.314810221600546,0.0
19.961781405618154,-1.4859625568189934,7.162665036693622,8.267755663740818,0.0
19.331804310517676,-5.549473138366042,7.354020983992142,11.831614468464096,0.0
26.42279526820868,-6.528682821288804,6.302515673553369,-0.16675421572668547,0.0
15.715564079277081,-0.21970572265233557,6.615379737704785,-6.975612779015529,0.0
20.46929717105401,-12.04461620891598,6.013884500014581,-1.2697767104910707,0.0
18.067826929825944,-10.34865951150434,7.410305116382167,2.081131445264491,0.0
20.4623644413648,1.4208171799568827,7.195536430693149,2.638482947862989,0.0
14.886055891645682,-4.4156564603544215,8.166871876724468,6.715353358915589,0.0
16.98238340921272,5.823023767345212,6.940189134725454,-0.8571560946768448,0.0
16.184831388390844,-3.876595616209978,7.594065460881317,-2.6186238905289394,0.0
15.987827279432294,-1.825590907359766,7.652552952343418,5.089813865353124,0.0
16.974100644398018,4.08269605904212,6.711076793704063,-2.3794700305161545,0.0
11.644499513521389,11.291258928191612,4.994649297036938,-0.6200018707373518,0.0
7.397649750905473,-9.173217355342667,6.156159909403082,-6.32199056345646,0.0
5.815620402022192,-14.561627346774905,8.431772030422437,-0.13094785413558796,0.0
12.297149641995635,-10.806064855045786,7.471396295449285,6.397084033195538,0.0
13.950985267512083,4.317117868307756,6.472068509917728,7.722485748831775,0.0
3.1804314486973695,4.141181573837591,4.896244843675116,6.95093689469875,0.0
5.286304772465217,3.291909572746113,6.017563950397182,0.18520888250233924,0.0
6.814278781092328,-22.85350744041609,6.215620527714491,-1.9549626493073577,0.0
5.171694064164111,-28.257820643763576,6.744942515892404,-4.66177305585156,0.0
3.0081167683074743,-26.4882523974648,6.2340128906047205,6.441240443386666,0.0
6.305661722906261,-38.513371998264105,7.8721470750236815,21.84645838896934,0.0
1.1297659284604276,-25.32970689308251,9.964885299787134,4.6048041792173375,0.0
0.864288839299781,5.849320046467449,9.153078384388417,1.0278337453465363,0.0
2.184922389940865,-4.049082549413954,7.580274326930134,-3.5575447920659147,0.0
3.7951167225253624,1.7491877076051252,8.70399061765674,-5.17365502162243,0.0
11.104794408779357,-23.084802079074038,6.723723598445913,6.317002462838163,0.0
3.7761071510260806,-26.51246585206355,7.161346763044712,1.9622306749753937,0.0
7.521007553536694,-15.458184699883644,7.03811819337041,-8.623764738070426,0.0
9.56816273721558,-3.7726165604626862,6.709090881341151,-0.11721531827760145,0.0
5.122131231233581,-11.952051056359776,7.089148337003372,6.752977208968099,0.0
2.8052673544006566,-4.950514459467774,8.376597460160681,7.1429799799737665,0.0
-0.11309251088105032,-16.20458987125651,7.3007596491371896,9.992285600292128,0.0
3.5702551487510017,-3.5375134035565186,4.776678930053384,0.228255800780774,0.0
0.5066208004742982,-17.716663967166138,6.805103027547827,-0.059626137630147014,0.0
1.1773369769522741,-15.682114743155509,6.815887053380315,-12.277640820721844,0.0
-3.934872385039984,-5.770863566539646,5.034458826134122,1.611056767838721,0.0
3.6896247611598985,-7.945051697299569,4.836878204899547,2.281278593809042,0.0
1.4661422617014683,-3.5967808681261326,6.699907816470185,15.395720586740048,0.0
-1.5059670102030518,-13.591546420214591,4.15395286283913,1.9493840599057783,0.0
5.920794321103724,-3.591265608082156,7.438832457813241,0.5969858272310313,0.0
2.747054304315727,7.033881375317962,6.336627695679035,4.780749043838066,0.0
3.674473509960856,-1.4704187930358272,9.35804845889767,8.550108758996796,0.0
3.847439899464946,-24.56527257722493,9.063918352915024,2.226485046499961,0.0
4.173135128537932,-17.75453342001019,7.916389401045115,17.18600134680051,0.0
3.1936637021777714,-29.991152441489,7.412913569754578,12.490885915369184,0.0
0.026107655534362006,-15.251978901022314,6.2348878026351775,3.9189886830490424,0.0
2.4326684255382074,-6.9866411598317,6.622906661016765,2.194177619680154,0.0
1.2358274862879899,-26.410834243349854,8.425283168095248,13.601669981956068,0.0
3.8696725442063915,-20.784195416148233,8.301846687227963,18.052203654123662,0.0
1.4796847289103077,-2.229450457631347,6.854682464642834,3.7684998189720904,0.0
2.449535173908785,11.200991812091653,8.581439254607739,4.932251113554862,0.0
1.4519961856312142,6.483367961561803,9.025210424935757,15.904276832126335,0.0
5.850568613826358,-10.580251130403736,9.190361129871782,25.494213937956644,0.0
2.957137711661873,-27.894993243127402,7.156485433852771,21.84366017071762,0.0
4.045482128485565,-30.455761076574067,7.406629809560773,17.498830691839455,0.0
-1.2571020252413725,-28.30046673239052,9.26595897371427,19.001664373004953,0.0
5.689341892403908,-29.96655009668911,8.775749545372197,19.990251306246748,0.0
-11.62150660247379,-10.026966731803293,8.41027254599519,-0.15512019244427666,0.0
-3.9025799953332463,10.549930409795191,7.300690673510616,-1.6060027466232438,0.0
-6.335917081727726,-5.690701598366367,6.382240453501608,-2.1971881467145513,0.0
-2.1343891913386743,-2.0611456926460576,7.1817445153505,-2.336729033743116,0.0
-6.443807266118472,1.4050812263730403,7.184907204582615,5.729080855942447,0.0
-11.431919571868452,9.139422478911083,6.72312827668876,8.38080681083145,0.0
-10.626159066994886,-21.73301974682466,5.935454691350831,6.445366373400625,0.0
-12.139199495021982,-0.4166640813805973,6.7947389747138685,15.279047883813059,0.0
-5.290229149256868,1.7981896925864653,6.544769190037316,10.488492459173369,0.0
-8.367330311865503,-8.698588616359824,7.571928438778296,9.635466672462618,0.0
-5.639454475876297,-11.09568550176189,8.177074824242988,3.8738638969585173,0.0
-3.866899112338384,-7.916551609710473,7.106571188053639,0.05012074185010551,0.0
-4.701375948354762,-15.946775876611175,5.817817164560904,-0.2751147170498651,0.0
-10.970402147308148,-26.876624093153914,4.849651090165623,4.317786324811431,0.0
-10.311821904011198,-25.558257237870162,6.14657381481773,10.598080850890103,0.0
-11.651584880975529,-22.414343999717033,4.869376877767593,0.9363544732369404,0.0
-4.315093723819919,-28.226990458813887,4.578971615317169,6.906245482945845,0.0
2.1116759896632065,-15.427153322228216,6.053064850912174,8.387856771194288,0.0
-5.953847015519723,-18.872675536425596,5.3071839184684695,-5.728977331432322,0.0
-7.651628720471809,-6.521340935612393,6.162649083627545,0.627339728654968,0.0
-3.7902826561386815,-5.981663232898221,8.09471171955034,1.6739665677854383,0.0
-4.924444615012186,8.528628524507916,6.859158912431824,3.693177165820368,0.0
-12.592321830925018,5.263300078982134,7.555799629882878,7.403688089293653,0.0
-13.01692087607382,-5.214435832352347,9.63412421290201,2.448498339574259,0.0
-10.904539075824784,-10.902809370048072,8.320585003191091,10.749835297416004,0.0
-14.248710455074882,2.893930951725334,6.413568408786003,10.941538889451401,0.0
-7.303864086156535,10.240685416541428,5.843889083274495,14.682131622498693,0.0
-9.293520308583025,13.985252210404067,6.324165867156051,10.202088015128059,0.0
-10.929744447900099,-12.715430023722055,6.31250754932036,12.33315498812933,0.0
1.7145143569963368,-0.5107416082084573,6.4117448589960695,5.790552103337605,0.0
-2.811654870567043,-1.200912344529991,8.418976019972423,-9.204421153452099,0.0
3.6039484928550696,9.129107754904743,5.515238019026494,-10.44833836740979,0.0
8.517581272400085,-7.4871686982619865,7.104039452295769,-0.27597552743930054,0.0
5.6823172946039975,-15.591163029206937,7.779472309058341,-10.415391210096551,0.0
-2.4733022390650445,-23.118675119704147,6.85231663033977,-5.972985921333578,0.0
-4.619377903611001,-15.288192133737619,5.923192451703911,-8.014084673376708,0.0
-7.018547101584672,-9.631516261944789,5.539066759263269,3.4916135519349067,0.0
-6.151976249020269,-6.798666079251353,4.955954522959596,-1.3218381509321357,0.0
-9.00834815802153,-8.782261773477616,5.022988530844632,-1.1983504197902342,0.0
-7.644658655576615,-5.6820797744121885,4.878509040529268,-0.5055473131937402,0.0
-5.755224710714695,21.99017259617267,5.530339805819937,5.8999119347379585,0.0
-10.088245013913193,25.355082486221672,6.092802381800226,3.276058260994032,0.0
-13.42893083205055,23.741155247325075,6.826500391368425,3.499006310197146,0.0
8.312883409756328,-1.0863772323206282,7.642388048827057,-21.318727406303875,2.0
5.371986085513042,1.0981826580803014,4.644708925314803,-11.13916442338965,2.0
1.298410039214792,-2.8390471474831482,12.094739338407397,0.6532324621787264,2.0
6.018328357754532,-7.44145684101357,4.483162265420557,-12.983451352662144,2.0
3.214041815992423,-5.604817535482943,9.864740485663011,-25.782777884800375,2.0
3.4158452870326217,-1.9422291873317246,12.079849203792014,-11.189878357284346,2.0
2.1541957977389004,4.9535173174997,15.035644502348193,-1.076786037133994,2.0
4.236640030309362,6.502178592426099,8.799670057876718,-6.604873302493715,2.0
3.9160270684372342,6.2598495406622146,12.10712879574775,-3.1153644257009203,2.0
3.2973738423052046,2.375483264086844,2.927981612810594,3.6102803178652465,2.0
4.8927053537658605,-9.135365987773065,4.123801696757466,-14.133192026548771,2.0
6.891870894709218,5.846061525698035,2.9906946928855938,-20.529266418798354,2.0
9.827279279195803,7.225976040123701,0.08363654521079678,-8.52339577955852,2.0
8.275811116412065,-2.257820006931361,-7.261397666717622,-8.494219359165456,2.0
3.722720534323958,-8.860163869717118,-2.503279892717269,-6.813988339899778,2.0
3.976311579756743,-2.838911792069877,-0.023103578588253626,0.8273544179059815,2.0
3.342776038054613,3.0258931809613987,2.1951172838182895,-11.659013436630932,2.0
-0.9157638656744842,-7.178529600223438,6.250326026062835,-5.535620638766732,2.0
0.3310157088117893,-9.418056406553113,7.761936924852774,-9.255179433623955,2.0
5.235855746622548,-3.414192062007376,1.6231905883605648,6.162644729869367,2.0
6.267893134683849,5.277397821971126,-4.634818643460168,-7.324168317344961,2.0
3.857857414800695,-2.1855619571683054,-3.6829366110911277,-18.109390902973757,2.0
2.669933170059418,14.611201544356392,6.095252672886742,-14.656664351471505,2.0
4.6695319429212185,15.324590383160587,-3.1156064474282985,-8.584631964690708,2.0
6.24181899745225,7.857809423647236,-2.964044320405515,-22.54196349551286,2.0
7.9816282956570825,7.6881658396754355,3.968493739368096,-15.454404690253176,2.0
5.30255068963079,-8.213757976772689,0.3810014130693675,-14.659926336411482,2.0
5.479269163297884,-5.499353348624243,7.497971983414973,-33.1533077204787,2.0
3.9011347098876725,-3.0235389168974365,11.6421396304819,-33.878910510577654,2.0
6.903704483739299,-8.946424944568713,3.856399906191884,-23.855263773285046,2.0
5.307705846364995,3.146591771961832,11.795357780314966,-13.383044886431852,2.0
6.023797725565098,0.061517726753296476,10.37602300139627,-13.4938312911663,2.0
6.025621804586035,2.0758934844564,7.319726188586417,-0.4940108835870056,2.0
3.3588063110812905,-7.672607833654706,16.94213320956575,-10.72835899322602,2.0
2.1570718602279038,2.9949671404556115,3.857868254588526,-2.789303482334539,2.0
1.8224998375982695,4.0050348048184325,7.451537916184499,-25.763473155051347,2.0
2.8504675748570536,-1.6801293252405376,9.57981078141641,-17.072744205355725,2.0
3.362994748075641,-17.93187564334905,-0.5269725994330337,-13.240382485797694,2.0
3.441967024218423,1.0005131521733257,-1.8251587004532936,-17.918299919079896,2.0
3.41811314238306,3.772215597823621,7.111608635987999,-5.725751297802269,2.0
5.449760252252112,-0.30230024391260324,9.046903597921794,-25.10717423293149,2.0
3.843020261314855,19.74511826820969,11.536348943324477,-12.11263468597927,2.0
5.481225112222482,15.345637331407286,11.414418717976975,-21.182027631955773,2.0
3.6655971316471874,14.99080181814417,10.996905255430264,-22.7568936494715,2.0
1.8028299923277755,21.54003439298223,-1.874469746555211,-28.780390107257375,2.0
3.5578866905862765,10.311114377038596,-7.16885960163234,-20.56039792069202,2.0
-0.3466657710776686,8.990474024949972,6.896671192025787,-31.196483187984114,2.0
1.0432572284416521,3.965627745476061,-8.785596163856098,-18.014958942953033,2.0
3.8616591134309113,1.7018987496154097,-3.0389477091918424,-15.446504952713795,2.0
0.47797768762275084,-6.252769312330576,-3.371791368057227,-3.4834260182282906,2.0
4.433894223888302,-2.2444777598912484,8.285564744081498,-11.625691643383822,2.0
3.089518791418773,-3.1781705081099236,13.525821947352123,-13.806008151195385,2.0
1.3230450534728346,0.9070241438096431,7.5557833258020635,-17.063547818309967,2.0
2.731831119071872,-3.9439791894809657,-5.525398053467301,-16.238755480055573,2.0
0.560498227879703,5.820585957407347,3.617325110464085,-12.631688481287005,2.0
4.417105945332662,-9.642762112066784,0.6192296528787726,-11.540101889669492,2.0
4.434187028573087,0.9281077181575297,-0.8152780435140592,-16.22448871425886,2.0
3.344851063669821,15.660973469779712,8.161021799827493,-10.398797341858927,2.0
6.660701415152115,7.228641255052351,13.914049172768404,-13.195896387512285,2.0
2.9848781623624823,3.4467417680536325,14.975607835431315,-9.270235217240739,2.0
1.3284174931085577,3.2691710382814025,12.127915300646736,-12.434264306840294,2.0
1.4196971701891972,-6.41886531135413,5.985644539826796,-13.79310074104423,2.0
1.9844330327803374,0.16289401237987633,-1.524591629346471,-10.748968184421603,2.0
4.597877026613379,3.798010444847268,-4.619368412747269,-10.512380188404947,2.0
5.654806680781851,-5.255503882973387,0.9719370163223715,-14.496840423867425,2.0
2.4274571678912062,-2.291971641201967,11.959530478171622,-4.441618129745137,2.0
1.3958386263353857,9.195543066625364,10.458621838455095,-28.90931504619934,2.0
0.8065220126796842,-2.9795033525102017,15.659176875670372,-26.175911949249613,2.0
6.175524225082419,-6.725975835416571,14.659091212457367,-21.798580145255457,2.0
5.3053310179843045,-12.606112442908346,14.432601183238173,-22.559060094625934,2.0
7.073283773297447,-0.5894353581161758,4.273405995130154,-7.369465363496747,2.0
6.952684835221815,7.2832150705280885,7.618388471705259,-3.144762169441771,2.0
4.757734033036361,17.408819627431033,5.382238504401508,-15.51445882000927,2.0
1.0381786833215898,-1.3095547863163879,8.829564727946376,-23.436659861408547,2.0
4.532871644446547,5.094170798937503,13.31690954352615,-18.931552798045626,2.0
5.692954274169471,2.2485463475124314,11.039965645827692,-11.741212863489322,2.0
7.322175458076237,1.022570129353435,7.965036987276115,-18.70040034833575,2.0
3.2358156910036726,2.6716362499150534,12.738813958874346,-5.257056852537302,2.0
2.0085223082528816,-4.008478877014151,14.445194756070343,-7.777173289160338,2.0
1.0640574199334596,4.877828430296232,10.81301770941086,-1.6498909020274954,2.0
3.174670094590782,14.335347434270657,10.255244769767323,-13.302710620774612,2.0
4.8401501484481955,14.324473769221953,8.376272326326944,-12.293367134533733,2.0
4.4476482643796995,2.7815029352095606,8.830387228287861,-8.427276787296801,2.0
5.0401721109021,-7.383620267170551,6.140887709769864,-8.511633576964474,2.0
6.6033391752970765,-9.984949714960088,7.5629429212646055,-9.191786737986218,2.0
4.215615446800629,-9.759200763567364,-12.200576610070215,-11.062431626902745,2.0
2.606436300461022,1.5718263077511487,-13.026718054552985,-4.735056679540429,2.0
5.67785065827699,-0.8783723095027334,-12.62718697639577,-6.022945761680512,2.0
4.613584658041545,-2.3215157336528995,-4.20331060357954,-12.391672961006478,2.0
6.089588209452285,-2.0882311735554193,-9.03171641823702,-8.01667305003458,2.0
6.950717014190763,14.511661465415898,-14.448520802382072,-2.2367083981049802,2.0
6.299425281686096,14.22189696980962,-8.767012530413496,0.7843258046533279,2.0
2.5299243889176983,26.341665044837065,-8.284357998181406,0.6790819138556046,2.0
1.8088888636292173,21.38593091280679,-13.296457836142181,-20.995305332561667,2.0
2.073759533642546,6.156366604981285,-9.304782060844554,-13.805287756033817,2.0
6.086661198448846,-9.516013546467203,4.57297107819429,-6.365170635833442,2.0
4.941990563695118,1.924073671093705,4.5705876200409765,-5.801918062562665,2.0
-0.2294043949622555,9.180100071426077,-9.432490799229438,-5.751323774320994,2.0
2.5533160447526893,0.08877735062090042,-8.495707491589329,-2.036445535215668,2.0
3.260545524177937,-5.236516509533587,-0.06523238636129469,-4.335191211339719,2.0
3.574104365129553,-5.730713317652203,2.0319515238647776,-15.32659819574409,2.0
7.279785571118202,-7.553038698409081,0.08561733393225346,-18.915776953776515,2.0
-0.3058085639536978,-10.732797017959378,-7.075134301241035,-15.255915062528777,2.0
0.6525564729617592,-7.52375777403061,-10.950502700691302,-14.237565211209501,2.0
1.4328551388682076,-22.655038102016864,-8.00738667043438,-19.913339566218756,2.0
-0.920452440314727,-17.551796292731343,-0.6286495355567442,-22.267260862006854,2.0
4.044610745341468,-13.342834863061332,-12.745397104038476,-14.813350220507685,2.0
5.330804269436169,-4.240481203702334,-6.8449503279554085,-14.162140226421423,2.0
4.169563264722238,7.206804717345458,-8.263467694898118,-16.780948608241783,2.0
5.077361272746501,1.6135190854187782,-7.3868707168163175,-15.898889620956549,2.0
5.415565897554467,17.918034934232132,-2.8201579672040533,-7.0372691818337145,2.0
2.2238484768710043,20.796462705644775,-1.2313228144942119,-35.63575090436789,2.0
1.4235295427928611,2.147204206651176,-3.8153277505501313,-22.76197661029841,2.0
3.154397996396321,9.58702054986493,7.3492759074782485,-18.902214561389194,2.0
-2.729788683107545,9.028186640580579,-0.8185115015342523,-20.545091865081844,2.0
0.3512786535000414,7.359007333807467,5.444123668207584,-14.785681941843258,2.0
2.232932190699283,-1.2180079209014745,7.200057090212935,-15.074603880048365,2.0
3.5095604091326917,-2.1184676092310912,-12.54410059480843,-21.72650094382684,2.0
-0.4447449973600195,-0.6259879824330492,-8.243203873967909,-3.167434055607531,2.0
-0.20599826382426123,2.4092456796192407,-1.8455354308661183,-15.05562171992953,2.0
5.602281315649817,9.515335920839902,-0.5652726599600895,-21.744163413976306,2.0
2.6885856223577984,6.268011284708251,1.1094920922220313,-17.16983109647285,2.0
-0.5419721955976033,9.770492362161972,8.584986193080528,-20.625968513513403,2.0
3.622439896524116,-3.908634582018636,2.261565852096521,-10.914241016275174,2.0
3.4020383946580437,-1.912738986067077,1.2947994503455071,-22.749729376910942,2.0
3.4834060191534473,-1.2553414119811226,0.07924271107779868,-26.836138736573524,2.0
5.483314790611002,-11.864021657127601,-8.100452351446878,-29.556707461854337,2.0
7.829039926056482,-11.299430807324011,-3.1371880326459247,-20.30493575547183,2.0
6.330333453125353,-7.698419617724005,-5.827820299578985,-12.768681085617144,2.0
5.458002496795778,1.2834792586056554,3.5991292708048626,-6.488053351036566,2.0
5.661998640851037,-6.164652194578794,11.021126410969318,-15.93917808128584,2.0
5.760257513705405,-3.262838290412387,15.752814384849763,-14.68255449875903,2.0
-1.40287153503547,1.8702348067042083,21.10263401905924,-28.925628254601957,2.0
2.0124624469138506,-3.029970647428369,27.165875242732557,-11.991410647006504,2.0
3.2946076476019686,-0.4930827080741049,28.342070605240966,-7.847218461914419,2.0
6.1329677855729114,-3.9357965316374877,25.842903155074993,-10.353526906910098,2.0
3.5237309436637885,-17.4147864181853,26.141576801939983,-14.557695668979994,2.0
3.7069733773822646,-6.745237405236941,20.377796857345963,-18.634562759107457,2.0
3.5573121024413856,-12.456710615075298,13.700297722042523,-17.228454658770662,2.0
0.4996465195924755,-6.669912695907302,24.746328872494953,-21.494962963617176,2.0
2.337244078413172,5.07578459552285,18.36395892438578,4.306372672429196,2.0
2.773340394004651,-6.887295941477466,18.530891625676535,3.916702142590701,2.0
5.793712757906266,-10.022206516609772,20.23769328303853,-11.009030649410406,2.0
2.2529327227694527,-9.636106373291003,17.4515357216706,-26.768647886202434,2.0
0.47846504491096464,-10.851523469179632,18.015234710244133,-12.145674645473475,2.0
4.5811912331098,-0.842899598019256,11.098116674368644,-15.689791579994417,2.0
3.043311315711192,12.54231761846014,11.673097919841037,-17.525625398186943,2.0
4.2942607376427535,21.029997684343613,6.896907809875487,-10.854029539190444,2.0
7.506590990458559,7.85538016608065,18.067122631298595,-16.23901842312084,2.0
4.892978043458731,-4.279303259488255,15.487456635182287,-20.128380882985297,2.0
4.168460877677061,9.15941599988014,13.339990139061346,-12.177318357783532,2.0
4.013774317904722,-0.024622159854461145,23.392230760713453,-8.20481944433985,2.0
5.031131046532351,-10.563964931786968,14.001338475023939,-24.7300939326662,2.0
2.49011925299333,0.48950400823740314,14.787326909155299,-11.900211244587258,2.0
5.9647439315466375,-2.2608662669889634,7.750485797379675,7.76784064080549,2.0
4.510803521829572,15.79952137260903,0.3010687577575446,-10.287993012140259,2.0
7.4149544303484705,13.675327022403728,15.182048030974292,-6.200290146722347,2.0
2.23488111522482,16.3655495165639,17.476613058327274,-14.51630854445829,2.0
2.182800322357093,-1.2625502242613234,19.985414693648394,-7.550155860086402,2.0
0.805975796404701,10.14836056886599,8.854522689647098,-12.136628713256627,2.0
-1.065575550250327,9.019921489268366,15.781596613441328,-8.634834015424882,2.0
-0.3482129819320541,13.268054863187535,13.459497112607398,-9.449874083053398,2.0
0.3046664428762065,8.551337187703359,21.830577771856536,-12.888663380542756,2.0
2.4226083846803297,-2.3249235660871834,11.804659239537973,-2.5407935908122994,2.0
1.401392043909353,-0.6502230685770529,11.27016893191981,-6.508473165060828,2.0
3.906375730964921,7.681730919926394,2.425463521432503,-18.86412787459952,2.0
5.402328586153071,6.455278107411495,13.125725302920346,-19.221513271615933,2.0
2.8796509746917365,0.8727700962620344,25.25780839504825,-18.916078623641994,2.0
1.7559533476793283,14.365328943127569,21.096598479541004,-10.791042697197703,2.0
3.2786896946606823,33.767053665792304,13.395820067143195,-21.162510186533687,2.0
3.797093006950254,15.311335494250898,19.598419334730387,-20.784538780008077,2.0
2.164905144347202,-0.5683469288063021,17.818554036151017,-16.301409150739005,2.0
3.275399791494168,8.865444965575893,-5.054319998508366,-19.562170465789336,2.0
6.063177608468073,9.187614678986497,-19.3469179375196,-21.727974274837546,2.0
6.395570830436092,8.077453142798458,-14.560267723606625,-18.358706294734844,2.0
3.6652161830017542,0.9923568497929454,1.700245126169042,-11.60572338009127,2.0
4.671676538949123,9.660063747990028,-4.693723064071488,-11.625862688103773,2.0
2.75730398068123,8.953207731829004,5.274712512608323,-22.554066495201887,2.0
1.1775079846614962,-4.468792178725172,3.5769335657651347,-7.484778758837544,2.0
0.8508458147320348,-3.149730197166029,-10.055528381882212,-10.243377373471361,2.0
-0.5521283661905074,-2.260146131174085,-12.10385900935052,2.117509867938643,2.0
5.900868426457983,-0.4915140139040399,-12.942901586703542,-13.251043624844266,2.0
1.567707665849926,9.104992105544426,-11.175263477683558,-4.842509653572822,2.0
3.6978705580945475,8.61475721963493,-4.99225033418557,-17.812654855576856,2.0
8.687185307293039,10.268526146226302,-15.004726001144515,-19.117347902113814,2.0
8.574537835695729,-7.010871406459078,-13.88957878188252,-30.196399414166255,2.0
5.362655439759571,-8.125193532385227,-14.721332382275587,-27.37852352940288,2.0
5.591333690577101,-1.3534649334339055,-23.305965462587295,-7.559564110338711,2.0
4.698412583740834,1.6682903148105712,-23.344282494756175,-2.309660711941836,2.0
3.7688659062964143,0.9418986635307727,-12.593079182915071,-6.417080008416514,2.0
6.211657592035417,10.135541053569975,-4.57705579595084,-9.800379734010784,2.0
4.88223512877438,11.26442142996323,-6.880730586685537,-10.78112271841575,2.0
6.0462711349340825,2.515612025202891,-1.7616887842235087,-20.69079600833816,2.0
6.286648211969684,3.8488753148711536,-8.463975765581267,-21.83255815038646,2.0
7.240866381549011,4.54755034160169,-14.091397617937398,-13.472414808661066,2.0
8.223095761923869,7.91094478310433,-6.372088693215685,-28.826427547897133,2.0
7.083750161960731,-4.316869320307488,-4.452577988862793,-11.51881554817939,2.0
5.022938257582354,-0.32273327021403997,-4.76895717112683,-13.50100374634029,2.0
7.791448946716329,-3.4819541637184113,-4.9396466902708225,-17.806402111694066,2.0
6.878460018311408,-2.5513815800647928,-6.320262944319339,-26.82225950929477,2.0
5.854498488484322,1.1979119163582528,-10.358092978468946,-35.524696392308535,2.0
5.35090298808422,10.909403915718963,-6.698161286103977,-41.021603007354884,2.0
5.41497645663874,8.84208907079595,-6.735565995943946,-22.006417045781717,2.0
7.693975523309963,8.831133858449602,-2.898225235608537,-20.6132607512934,2.0
7.2636776458143935,-0.9746996893440523,-11.448300254625657,-20.830820517721943,2.0
3.0929938954078384,-1.9223631776770824,-25.93325303955328,-12.793189942895362,2.0
2.011605632742132,8.379509147668253,-11.517138692204938,-5.928136047953053,2.0
5.025062705602482,-3.275706251735097,-10.745674361488751,-18.27842591742069,2.0
5.3557808236042375,-4.594372503826441,-10.973491804188763,3.063049672258046,2.0
3.118493580717035,-4.116263845840891,-7.244386279234327,-12.748665191582845,2.0
0.6572469604352673,1.0826817133283386,-6.875255156388185,-15.525541794131176,2.0
3.7536019162383725,-1.165695388353162,-8.481599360523104,-31.317213812401445,2.0
4.306383560622258,-6.732145240383723,-6.560253801298895,-15.037580050649774,2.0
3.990439738597476,-8.188387156724652,-12.86094190600264,0.8815636257123245,2.0
4.438598768316112,-7.714062093626178,-12.74672260324884,-7.513435394633241,2.0
3.8277269205012026,-4.466680707844464,8.994088815435237,-10.945948628989989,2.0
5.149351549652339,-0.2241335977527612,4.318896695364206,-9.300964040961986,2.0
5.405669184199671,-6.370988620793528,1.7019023308243248,-24.679129291577247,2.0
4.480613423931597,-6.252393729086727,1.9497454066313828,-12.531678960875574,2.0
4.876079431278818,2.1483936847142573,16.27041841407526,-16.24068503034824,2.0
3.5768527574017055,5.394588296816551,14.524186073766533,-20.01331054055869,2.0
4.843521720827333,8.2370950535782,19.759318169676515,-21.32617237406489,2.0
5.466276568895978,-4.37529965258779,7.084248853826768,-15.617786054640197,2.0
3.9749852869496367,-9.336024652296562,16.525173653873463,-8.230746658202658,2.0
7.064890441423907,-1.7279321645497256,15.369590574395325,-6.864102338893562,2.0
1.171695832838692,-1.7444182789535962,13.013248896095083,-15.627022778116993,2.0
-1.888369150696597,-9.002952623784136,13.131147675063586,-13.861070643778048,2.0
-1.4427866761799448,-8.875675011539041,16.777154188377946,-22.38085160740993,2.0
-1.8217443333822203,-5.323832861367098,13.268012169110609,-16.08433557213072,2.0
1.0107028022275737,-6.292115046531594,11.617826276428056,-15.29716417716,2.0
1.1089845034932884,10.156572557268806,23.54159697433716,-6.226005668037689,2.0
4.260927910046342,4.2522243413708924,39.43274494939392,-12.963804901286522,2.0
5.854976320678655,-2.543167279471568,20.91514247597513,-13.857611671687204,2.0
7.060903221095737,7.804806061003459,20.27426527043151,-8.699116114415947,2.0
6.206639264691669,1.6127036516894775,16.882743855826355,10.670293797799197,2.0
5.125429863925629,-0.7051202977834019,19.221122391549915,9.877311036452683,2.0
1.8874796684330937,3.701336954420028,17.574869722877075,2.5344311469337306,2.0
1.9102497651451746,7.8099904234501984,25.455386190903138,-2.3853716720901783,2.0
0.9443272399064937,-2.78654006777729,21.725667610935986,-12.990736218273234,2.0
2.1401343239231485,8.501718825756658,18.20662986782403,-22.098113213198594,2.0
-1.385674057845855,6.772339738787176,12.569003009079887,-17.006906656417282,2.0
2.714526380596103,12.971560296624908,11.48138064451906,-18.39770725768364,2.0
1.755466074652883,5.893652514265274,21.448829917045316,-21.820059127261697,2.0
6.710463242498861,7.911379934717166,27.615687788406994,-13.456732349260161,2.0
1.07186205790475,1.94401644351378,21.403514142194084,-16.62528735842271,2.0
5.5594296119705575,-7.477931719299002,29.563093109654304,-11.953083238818284,2.0
3.602955402792743,-2.996659845846343,32.75481765338458,-11.41071335072679,2.0
7.417401449574515,-4.614390874548614,35.04346213297437,-16.099914031417043,2.0
4.487580770858643,-7.243717348040208,28.13626997568158,-11.301971062169834,2.0
6.0199235150999595,-8.62429236234378,21.32400832048429,7.76284461094332,2.0
5.904215220482251,-5.27388933985285,7.5815197542589665,7.036745555390862,2.0
5.359824689916328,4.875561049365549,11.298251165377888,-3.38150716826633,2.0
3.960244553121502,8.74697377799442,13.59348353825825,-15.287762761324844,2.0
6.137624819140108,-1.4785644984502966,18.98036691318596,-28.00203772817191,2.0
6.660947618078678,0.7802893391681192,15.280176314162436,-18.27058362372336,2.0
3.525488228513767,-6.264834474345605,24.005034395972608,-16.646524500603924,2.0
3.2055977926022514,-6.630248081993862,16.74589037563501,-16.96199322975924,2.0
1.971859930968133,1.4049998116992555,18.915481555510368,-17.45703458613887,2.0
1.1661260401609912,3.716449809699256,9.087439757073495,-31.109982693951228,2.0
3.5809955922190637,7.900589090325492,11.139021286258473,-31.52514408254788,2.0
2.8389298198576185,-2.7229751834878684,13.251052495822659,-27.713350157389456,2.0
4.483126284796432,4.003611047024673,24.054470460773288,-17.867132360005726,2.0
4.2290176553302,-3.07360108470311,7.188243760863301,-15.975113837562205,2.0
5.916628025377655,0.6365829543251138,6.855582620976342,-18.001532326059372,2.0
5.411232397046296,1.2170515143033542,2.654009940368408,-18.84345892859171,2.0
6.3439462930858035,-4.909211307239233,-1.6357400674492895,-8.851527223638342,2.0
4.711880335801226,-2.7891097210016436,-0.5940356789092398,-15.413441398122307,2.0
4.621657628869961,-6.1028951871318515,1.0539230334414027,-2.8569829187883133,2.0
7.05254531012511,1.1466754747708467,0.6176543508643206,-13.61243757009909,2.0
5.199074684963637,-10.185183296380778,0.3318607876671926,-27.885473836079342,2.0
1.2206522404245677,11.742000425498155,4.768282757817689,-28.803709616338374,2.0
-0.5349853883529532,7.031038046650409,-1.9974561976530283,-21.954425428120985,2.0
1.692009326093937,2.399443592160357,-4.470573700330759,-19.228903112587876,2.0
0.9871398375302087,-2.64265349124203,-1.5178126311044267,-8.611205594831768,2.0
2.625579962570579,-4.808855315632319,-2.225665029762806,0.19717106409620655,2.0
7.7261889788817175,-10.813366745141256,-1.248693947628134,-13.3747281168813,2.0
1.8697738484361182,-6.134395998466477,-2.0623863756056493,-19.390561240540794,2.0
2.966846519231156,-5.104298038586343,0.11242071992288183,-5.979122178708215,2.0
4.136198241750944,-2.957938600297611,1.6094681156732453,-14.33531798684292,2.0
6.640366658320344,1.166582626588696,-3.192210638598096,-13.035246353888631,2.0
4.861803304910373,2.4672453139598387,-0.03435783409981674,-4.360175410256254,2.0
7.250697822502209,-3.4283218049540123,3.1487781727545,-13.579532839139697,2.0
6.662599755570099,0.6007473896412545,-2.992339945254316,-18.131599721397933,2.0
4.192413830528929,2.9874017225735914,-2.794918027523135,-13.169349834245619,2.0
3.7578269261654236,-9.531331623009692,-1.2090530819389433,-16.30166553157271,2.0
3.3596243395976644,-4.314188625451583,1.68490421681323,-18.373379941457053,2.0
5.275977932436499,9.737544964882936,-6.340035542172717,-17.652766951030152,2.0
1.5087225017667274,9.962622065337024,2.771581862200784,-19.816034527084216,2.0
2.0025490889186717,-1.056933155174148,6.673974378085874,-17.506570501527364,2.0
5.302374388408933,-11.401204527110272,-1.5499358101580953,-20.612615215003483,2.0
4.130111108173821,-3.160636353588979,-5.46183119408601,-10.190736591713987,2.0
4.0127782545423045,-7.255085078252708,2.0069890882952763,-12.801150313061864,2.0
3.363675954871175,-6.129365500437811,5.485740189656944,-13.529138062675738,2.0
2.6271911387406295,-5.1026464606987645,1.0075211977647016,-2.3053609514960094,2.0
4.488005537248969,-7.102154997187431,-3.2011461687598404,-3.1007614878308765,2.0
5.638523053090861,-9.476422335188879,9.657188246488207,-7.850967453284966,2.0
4.028707113572665,-15.062236690926023,5.320519990491724,-1.9418373129176065,2.0
6.958908267958883,-7.6760742552629555,-5.499828733033273,-3.6645782988778457,2.0
6.843905505152566,-1.9265540027465455,-3.369202963073303,-1.2187583196645058,2.0
4.888302797008559,-0.6039921531443166,-1.2483922559739495,5.57011543941171,2.0
7.528133954543914,11.673412633344174,3.1975260924685083,-19.64462876967353,2.0
3.768915297672221,6.350588055107909,7.612807276220675,-1.2104929032083884,2.0
5.448273707001424,-3.0405529528346715,11.334128182311652,3.945863838955237,2.0
5.786059431909978,0.2004231465806136,14.253960260402572,-4.377714775765817,2.0
3.067509887026264,8.938831454172522,9.122047788851708,-7.010404853229399,2.0
2.2792919458522496,16.565689954250193,-2.350845957366557,-4.714147935594978,2.0
3.9414096924010886,-1.5949978604342114,3.2875716268641018,-14.51661192088277,2.0
5.714903282521892,8.851324799089259,5.141296277188848,-22.088730837858527,2.0
4.144653561694256,2.91233923578259,-1.766047196443843,-16.693213135717702,2.0
5.776863113770704,11.770960287789887,21.160422357620163,-10.176013429649839,2.0
5.362223920243229,-6.586843684408297,16.536998145704946,-15.996955656731402,2.0
10.759400985602504,-0.872958303235376,1.9522565005679056,-8.9311715088161,2.0
6.204752590921231,10.028378673205808,10.044281088998972,-16.36414426626931,2.0
4.406150447110016,17.61546755597606,4.565841330971747,-16.161107641263243,2.0
4.678653776485083,13.679037476487245,6.964038551087301,-16.970878135089055,2.0
5.556481671103033,9.167145348360954,7.5972538382373624,-20.95737504798987,2.0
3.293736648458765,-4.069265443284953,0.5470790339354892,-10.985289466668034,2.0
3.7720151554884627,7.95524877845424,8.448570403889338,-15.551780522424266,2.0
-0.1535180487220913,13.06225897352105,9.824054662263453,-8.194785327111148,2.0
1.2989761548115468,-5.211698802843909,8.028710551866128,-15.612024433246422,2.0
1.7482703712780143,-4.449333348356253,14.509974624194218,-23.646780036574143,2.0
3.8946788519764555,0.7539437832198019,-2.479433416060145,-18.39284455356631,2.0
5.455834619665866,14.769866749984494,4.543404637046525,-18.645073786404005,2.0
5.645655447103522,15.147600102306999,-2.8202008044383398,-17.613318614882026,2.0
5.557949268930055,17.614511775805624,3.469279874694592,-14.313520566392931,2.0
4.0646114082264795,20.304599710124208,5.278300125078456,-26.471195550174563,2.0
7.0452560204355805,14.980496178224374,4.284038859925958,-21.27706110471714,2.0
6.957905474361371,-3.374754745084136,4.760816484158668,-16.21672537057382,2.0
9.967293482880624,-5.3106391385917755,14.31172752144629,-7.564088228762403,2.0
5.347895533830345,-4.484935641522043,9.584515953000116,-2.277847128805317,2.0
5.561597297671481,-7.861608675096409,9.279852801519795,4.209751432253533,2.0
0.7397527965847583,-11.580573829534453,6.966547609172286,-4.8847149398457255,2.0
-2.676677993135156,-9.380643421541055,3.2585809019905874,-23.196870678966455,2.0
-3.0264248490419647,-15.000158181744753,7.05583394693247,-13.925329706245,2.0
2.521512502770869,-1.827912265272058,12.550191598636808,-18.56437675838644,2.0
1.1075439561013116,-3.3178568642422768,6.306122389762722,-30.35419438603767,2.0
3.016843740463133,-5.832825915374439,10.493162742944458,-24.580390636267165,2.0
2.178310005067411,-2.9495249798876815,8.475934612735799,-22.894558695713997,2.0
0.7430290120326175,1.7494232167177468,15.460882528068273,-8.526402089944792,2.0
2.801443957149691,-5.428574208478321,17.460523445217667,-9.619101535775698,2.0
1.6575591490388635,-13.174548055560756,18.822759317932906,-4.819290734760953,2.0
1.716194537359836,-10.168767851936812,16.20735314865564,-8.442108375076526,2.0
1.9824848024730302,-4.5824792589406815,14.072251328527956,-13.142577405519228,2.0
-0.3126280482628552,0.03443255388319688,14.903251639594886,-28.65178728808118,2.0
1.1690217052860428,-10.559818077659568,7.282212655852307,-19.449311745540015,2.0
3.9295438923445665,0.9466409775629989,-4.47162510916999,-27.77031134705002,2.0
2.210460884395368,0.13085767146534177,-12.765429185019919,-24.388258306381324,2.0
2.9029577971629568,-10.895748858533656,-8.618373444542641,-27.136894023114895,2.0
0.35246521135219844,-11.057672806881493,-1.0596702652261172,-18.23972567650332,2.0
-0.0315991590921314,-13.070603260748644,9.760138181391588,-5.608697033226088,2.0
2.618484789768347,-1.06393285763447,11.19885667985838,-11.463927956531524,2.0
7.9846079122486255,5.23144192797509,-4.848282400653879,-1.910836494437854,2.0
6.218160721538519,8.456656569701144,4.834753009017298,-18.244091427431428,2.0
5.434228730392828,5.295347315305195,0.28371069307352226,-29.19207772345215,2.0
3.0008950136798846,8.551520013244726,8.181687124952981,-18.866597086862274,2.0
0.6798514548570767,-1.1454829464350613,17.711948593468524,-31.037900176351442,2.0
3.8610382105910763,-14.048774935945618,5.1228393943933614,-4.724285850095925,2.0
5.556023636734541,-5.364748689363372,5.375449773701498,-10.33645004093863,2.0
4.440649759506686,0.7085210782042173,-13.265677465239303,-23.613683372744024,2.0
5.604004436497872,0.9360900136391537,2.6152892715620317,-9.037853230986721,2.0
7.740813106062644,6.524470264397257,8.130624538621653,-22.608219932203003,2.0
5.463272893981087,-3.0640689491520905,7.4096388738708345,-5.158265615576576,2.0
4.199861173196539,-3.935913330195213,10.256443375618263,-17.037163160412934,2.0
3.851394207190269,-9.149713741830599,6.100969964995508,-19.331308091279404,2.0
3.355221828069598,-3.7943328618673715,-4.7019001192608165,-28.644678041731623,2.0
3.1601785623976975,-1.999265649258267,1.2960598805408745,-20.703806293237665,2.0
-1.5366595795491742,-11.533138119051014,2.476058150090811,-28.673498576393055,2.0
1.3111953484559287,-16.91225300187329,1.464558390615844,-38.04199384110508,2.0
3.9484259334393146,-13.507898887706222,2.6974354729565384,-37.66616767532503,2.0
4.335625769845057,-3.4474212166867915,3.685757529199649,-20.60418699924647,2.0
6.110938876831506,-15.025281507387465,8.378206632348682,-24.93443947815372,2.0
6.3478669511440735,-8.708529061685484,10.145878294043776,-35.37651813101216,2.0
1.2891873957825495,-6.730057505327184,-3.23981353635262,-16.159529871934684,2.0
-2.0144843311304026,3.431682486784006,-11.92535897069647,-10.45606726196915,2.0
0.7526639882574722,8.002059321345833,-8.78734227781979,-18.92796262613431,2.0
1.7491243311231983,6.574464064834726,0.2019797662010916,-14.267091157031762,2.0
2.928416629204661,6.3895083227052485,4.62780811515114,-26.95105277068525,2.0
1.725803278398238,6.671464153985686,-4.137011188685721,-18.96036228252959,2.0
3.911259382026895,0.19358275328378705,-8.573938067252612,-22.2232474979821,2.0
-0.6855520735743514,4.035503451407165,1.2596657936343418,-33.615884036963536,2.0
-0.8919997412203857,-2.438112265984099,-6.685109324900289,-24.690373722968403,2.0
3.8665136572097416,3.399020570030297,3.145081385404655,-7.924211247605022,2.0
5.311259921734268,0.9386184182472039,5.527094848034866,-15.299270204249158,2.0
5.78322661381909,2.6336233932336435,16.351859746794993,-7.250568608401252,2.0
2.6460316446229157,1.1372113249231264,7.648657630458892,-5.143849947072203,2.0
2.40606691635983,-1.637088847297839,20.757546523845676,3.478323445369899,2.0
2.709018653391327,-6.927344815841894,15.137532454067415,4.091607580561702,2.0
4.135122793542114,-3.4391287091235254,10.43054389631226,-8.89277330147438,2.0
4.750988481772764,-2.7767379502800686,8.496975331655989,-12.321631321610836,2.0
5.16052180487502,-10.048514694841982,4.183899388146411,-37.443044458968515,2.0
3.933706438928259,-20.807945672014434,10.694092485381882,-24.922572176326955,2.0
4.2850286983889125,-9.544124420560788,6.38728747227844,-25.830317102390918,2.0
2.6068304453911457,-2.954789556515271,7.880404703366444,-18.192582485601314,2.0
2.738052834006497,-10.684972001297936,-5.974366815241799,-9.807604367270695,2.0
-1.6307719141203991,-1.9709846722831894,-5.8244051054421995,-33.99075418606202,2.0
-0.35744723285666335,-7.0774170301471395,-7.241958029895119,-20.08293857883349,2.0
3.0990072441663385,-3.489511109847795,1.8905080139494803,-16.782102551481813,2.0
-1.9488771764666954,1.4419960275340715,-1.7462969802456134,-12.904673147866658,2.0
-0.2532026849897475,8.356472941118781,5.5908977579050925,-9.627411793681766,2.0
0.4381571554856212,2.9303535975259214,1.0015844734375268,2.3083201741216897,2.0
5.341204635942438,10.60508403518563,-6.299844312797834,-7.465870659403709,2.0
6.5653636995630436,-0.39915576607090486,-6.611602484927262,-9.088449691923007,2.0
3.709431442800441,6.1259297225256635,-8.00470274103017,-8.785915864883368,2.0
3.61437218268786,9.484341665503997,-11.849881999169837,-13.09221972415407,2.0
5.979117600684625,2.5695589752843557,-8.433358358084384,-21.395905282479,2.0
4.0407224456023805,1.763045412782417,-9.27225708018203,-16.4571228256604,2.0
3.0851438654658296,3.6226714452048006,-4.752449722388145,-13.142117187457645,2.0
6.6038661014067275,1.2568357708501934,-10.022828727923105,-10.705448115891295,2.0
7.420354422069887,2.2985494706735716,-7.57250225040881,-27.486793431787788,2.0
8.601943384165406,10.26321266662383,-5.79965072783174,-19.336881292364595,2.0
2.074642796165188,7.72284419702061,-4.9516691334154395,-5.569520806348105,2.0
-2.207993180592362,1.5959214957812717,-6.025199784878914,-14.046053559050566,2.0
-1.7060807569563796,15.522799317767529,-1.684812851480456,-7.091245696816981,2.0
3.9467183041746066,21.026348310108204,-13.859758592561327,-2.356198468683951,2.0
-1.9024708569689066,8.71367566561426,-2.896727946334232,-16.72342023873864,2.0
0.3100183943016406,-3.4928252180269403,-7.134148650861263,-20.992362380750098,2.0
6.540491247969026,5.97222222188817,-0.8749217404660659,-18.282624436268634,2.0
6.030154422248504,-11.277136542879198,-3.5166869665354277,-26.99739981740185,2.0
8.191136709639235,1.4871204347197593,-11.168656573544203,-31.407928358426524,2.0
5.548567805024248,-9.691714474077376,-1.9493304573283075,-21.558786039897726,2.0
5.978822675354975,-6.776843009483985,-0.10412185542603414,-7.85737532842124,2.0
5.131467081672445,-1.502964185419002,-5.751281503698523,-9.498974827035726,2.0
6.127882078499391,2.044781511485507,3.3507963588117433,-17.126772236633723,2.0
5.546845600802139,-10.478584558739131,-11.395318683988805,-13.15761759110771,2.0
6.973438146081331,-7.72484187039,-6.037357991872582,-14.73943046137084,2.0
7.024856210752447,10.52980375129611,-8.673992958697427,-15.523016822619084,2.0
4.670451438122327,4.75086687351221,-5.572548198474722,-9.57064493072199,2.0
4.712560181315234,-7.988706561019898,-16.748985234613073,-8.563747914645194,2.0
4.486217942028446,-4.229104604903057,-17.13704246567589,-2.1005545434461887,2.0
4.467982617187121,-4.5298001987101495,-19.41294660699952,-13.949281581154514,2.0
6.561798237470621,2.475405581235867,-12.292420066794723,-2.5804814678754715,2.0
1.7896087414587158,1.3853399974776188,-10.47389329254585,-7.457306267036934,2.0
3.6512193601965275,6.814001441304215,11.626036834511915,-9.596461214492093,2.0
6.402362939519053,3.447340623386329,3.2615136031905037,-13.796594007104682,2.0
10.88041177265178,5.835477430373542,8.645769700081352,-10.276441003226473,2.0
8.76180868196492,-11.067985749974483,5.306621362421118,-12.359148735793848,2.0
10.328980344833813,-1.321005250649623,2.2099255964258813,-8.350328794504415,2.0
6.882526393743898,7.819927317673127,-0.7625467479671562,4.046873523642379,2.0
4.102996825652813,-4.171157540190341,8.600033435031907,-5.755514031899235,2.0
2.484714620841609,0.7077650207047748,4.557311450494689,-8.699177633417722,2.0
5.121550334266303,-1.7733820089391905,5.908029266079013,-21.127616970522254,2.0
0.12439603819060174,-1.1684964816598118,1.5996567572716653,-23.428018309542605,2.0
2.680906077067256,-4.636123826048744,3.970500999699425,-21.087410684330028,2.0
2.990072694840508,4.24330136105449,4.86005912456167,-10.078051136723396,2.0
4.790386841186345,0.9189990922177493,7.274654717245482,-17.829556234946608,2.0
-1.6073570033379156,5.281721287851333,7.08981966084518,-7.788525026658249,2.0
-0.46928865395856567,3.4512414507658162,1.7787409247568098,-8.29816636908263,2.0
1.8475163329424404,4.015797909675204,7.369273537635578,-15.042804990252844,2.0
1.8906984746447404,5.481953850453587,12.547531355414876,2.6003224725700047,2.0
1.1906630940518559,-0.40048006315358897,20.125393094953047,-6.7285155419896565,2.0
1.2238058212647798,8.972860677534097,19.02617161250645,-22.909324142705543,2.0
2.435833757364849,19.65140428144619,11.164864843002071,-31.54588767043819,2.0
4.138484663518337,8.551053703072458,13.871026381738474,-21.416008489619816,2.0
3.3540989088019932,2.653001545445565,14.04473056211546,-19.78750497848185,2.0
0.7502209690901327,-4.414506868932339,16.085834995043484,-13.73146944676584,2.0
-0.4166531671665483,14.313955132746553,16.996193713131902,-4.21933939126166,2.0
5.1362845247730355,8.415098851640376,9.885567915315344,-4.391508234207729,2.0
6.124932487949165,-4.8963834746170045,9.770401365569896,-15.137202001026441,2.0
2.068612179312546,-2.8470368524654064,15.808753567123293,1.1992557429420838,2.0
2.71658017117932,-10.446412676517907,12.95751274619028,-7.964487028591913,2.0
6.174835432045699,-8.888311201401155,6.258504637763875,-24.084036821890084,2.0
6.1737142086220995,-1.353010891540356,2.9442593515032716,-3.771506948964552,2.0
2.6735785549213076,-1.200724262756625,5.029689603509962,-20.147660377800648,2.0
2.3889906507396015,3.489058474962855,10.707361004374572,-26.305063074185956,2.0
5.082612132806576,-2.684484507230767,9.914531276794346,-20.89234809603809,2.0
2.877033490859945,-4.840645138202355,3.137871565383241,-8.972621923955412,2.0
1.6853815942565598,0.9033081100137044,1.7286356468790465,-6.20761644249966,2.0
0.8625807246043755,-3.522748063406816,1.4133357476649024,6.290539153878217,2.0
-0.9813101876383534,1.1660306708967676,6.23009489579143,-10.355038711314009,2.0
0.9092881914475242,-0.3960106148490079,11.536691696986207,-9.667069786383776,2.0
0.33609076830888407,-13.993807022996005,4.5371537251912635,-6.727990425563132,2.0
1.2428649131343088,5.572642870163331,0.667074711930395,-4.884369618316162,2.0
2.013951253161438,17.67263454781135,-0.5374006513326339,-13.576760121124906,2.0
1.5949474395704437,7.767449075982369,3.73543421559581,-20.795560775764166,2.0
4.147202875086734,9.847630089313629,-5.566113056824815,-8.868266939669365,2.0
4.161468391955859,1.522480567864356,-0.538062635604998,-0.20434308018175784,2.0
5.935323621429389,3.4562478068892784,6.169065584540675,-8.851163435317595,2.0
1.9315908656201746,8.216132570254482,3.368726583867712,-3.841618062776531,2.0
3.3774023508027144,9.098237376286479,-7.729855083563255,-8.987375506891095,2.0
2.9762986329927354,3.1871225916947328,-3.9861349538324244,-21.821270263914023,2.0
5.1013952219998835,5.825762699521439,2.115816325280509,-30.352424223272568,2.0
3.7387686835689973,-4.61399241929413,-1.2664378433176422,-20.42218928474217,2.0
-1.0409208084848292,-5.722126953083306,-1.3797866683888305,-8.411585186154907,2.0
2.0118114331800556,-0.022947506151227426,4.8984229178969505,-17.685771689500157,2.0
7.7831352162975245,-1.6189409051047654,6.213588395913075,-14.869562914516262,2.0
5.506006949201582,-8.755158110716415,11.644466199301014,1.5531922665017284,2.0
5.660022571349048,-5.030055301856951,-2.4573440012477095,-7.141336661844208,2.0
7.563764741128995,3.9374941855896632,0.7253471133325216,-22.568299343838127,2.0
5.229146669472024,7.618040550930108,-7.132093488722583,-12.71045809329281,2.0
6.058707710551561,11.687916974753115,-8.05721079921144,-25.931762517477516,2.0
6.544736856121309,2.9513392468977475,-3.817975158734598,-11.417061265453714,2.0
5.187558674773913,2.730397834562432,-12.86690545441524,-10.892454363886879,2.0
1.1124946727060778,-1.7564463732772968,-5.690891581866027,-29.243236723213858,2.0
-0.7863112304769007,-1.6220030357353408,11.25234245273827,-39.052948073604824,2.0
-2.4051973514350733,-1.284269341992235,9.569493701461026,-15.310077532805497,2.0
-2.4178373254434096,1.5082129551795473,6.452576374262395,-0.9381203271957048,2.0
0.47155585142792766,-3.871119694833122,8.95915759682856,-15.749450231240267,2.0
6.286750788133833,10.274394341516551,6.411932890464153,-3.2966688614836386,2.0
4.654812638864244,3.137506324214963,3.740069304124082,-12.496614661678393,2.0
2.835902047565269,2.174381571951125,-3.75973247853942,-7.281598701380602,2.0
3.774999045712667,-5.9343603499877755,-12.175421637682883,-1.7389521260290284,2.0
2.4191706033636424,3.1707040386961545,-9.359857951570945,-12.191259295789363,2.0
3.6695120856032,11.914605093367653,-10.573913464497831,-16.182434498023678,2.0
6.770797420979935,5.53504451792159,-0.6536066864591623,-30.76803321238343,2.0
2.9629770993275955,0.5861008293805643,-5.0049225826776595,-15.910571439530004,2.0
0.781746043874759,10.534556233627574,10.036316134731429,-12.361207580073886,2.0
0.7058937108534349,17.487344376441538,2.3442984162585088,-19.848186749462425,2.0
4.731510271395445,12.577677046781215,-5.688372300778725,-11.306834639581629,2.0
3.538404654689379,1.4887670354977947,-13.568399807273458,-18.438739617885155,2.0
3.7425364686642633,-8.781021384644973,-9.982379059698625,-6.383803934031276,2.0
2.956558412305605,-0.18756450374127276,-17.819203403254058,-21.86957803340092,2.0
5.125550201631599,11.022478605624155,-1.8368394629979115,-21.632476101040183,2.0
6.252199999375621,0.03159803078938417,5.499110284908504,-13.350156284561294,2.0
5.273812343124442,-13.774963585779744,6.731960832841285,-20.2479884214465,2.0
3.881804474681182,-4.823641911782138,-2.9100742775296613,-15.694268539148347,2.0
8.293935295049389,-12.224830448523885,-13.83311923796845,-16.516772299710023,2.0
4.833524324975771,0.9363542655533568,-8.930717141453677,-9.131917722108541,2.0
8.586944414838435,1.513479616472323,-15.503447801486779,-9.273774925522293,2.0
4.61252791218519,2.4893558886595253,-16.915932928076504,-28.840012283538986,2.0
4.433659276164779,7.830328491782508,-9.306378756087154,-18.342600036643315,2.0
4.6466986322815815,3.354116442297977,-19.038780030334593,-14.239217927115822,2.0
11.071372721327014,4.074222503447947,-16.664502288160133,-15.132050140151556,2.0
5.199465009994523,7.532329421441915,-7.349601228650352,-9.369488764949446,2.0
1.6645472783004838,10.989888101989598,-9.527019106799774,-14.740054559635231,2.0
2.9066337024105007,21.0405605379934,-9.629908099170219,-26.06367233195168,2.0
4.92770690114418,8.575465180388633,-0.7639329341118231,-21.894563761659597,2.0
0.8180690556971295,-2.7835908466723924,-8.123084676539577,-18.79886969596759,2.0
3.927714447878301,-0.10890469653470292,-7.10773168931032,-10.536830512221592,2.0
6.5480682297452,-2.981021129413977,-17.237292553249024,-17.472320006382343,2.0
3.8450368247832034,-12.180113440230725,-9.946381726972454,-32.241256871696564,2.0
3.664463263408884,-4.7529296991286865,-8.620272639796939,-33.17174765879351,2.0
2.82769809575565,-3.5431129984072927,-10.157532802932415,-23.664915562536343,2.0
6.52590369485025,2.4921561125987246,-5.854841637563533,-14.185996870691874,2.0
7.6109209746798925,1.876633561972441,-10.719285847895655,-31.909018276434917,2.0
8.145483385020128,7.320024672664259,-11.225310109297059,-20.55995926460181,2.0
5.197977898209585,6.763300969679965,-11.5682491339737,-32.74474313587242,2.0
7.28877025945102,9.793930707657282,-11.560868249748575,-17.188586156069753,2.0
3.854680333729578,-4.776859018022046,-4.704618791439579,-12.580949036192361,2.0
2.804395453588464,1.194570797496587,1.9136657389203524,-8.788680224183283,2.0
5.25385619956818,6.125089501724883,-11.10050891722814,-18.43129613831622,2.0
2.6939950062304048,20.782010734677158,-5.027277207434663,-18.549793164618254,2.0
5.414039864616886,14.991023758802498,-1.4359363134749419,-18.898635561420562,2.0
4.21652290728668,-1.5001677965712403,2.961980381347975,-15.87601323227699,2.0
3.1797617330592116,-4.247350374404126,-12.364126676367162,-18.931882797286306,2.0
7.650022562612163,3.75063448221119,-10.369626051043952,-10.347058465594046,2.0
6.9579010747603895,8.345048780502667,-19.952556352159014,-12.615290351026037,2.0
8.172804336050687,9.40976814771715,-15.554212330653854,-27.78754863762828,2.0
5.092932770584243,-0.3499688950884321,-14.711348021781301,-7.463086723274439,2.0
2.3910581685467602,-0.1562667082204392,-21.684267046195075,-6.878772344807971,2.0
5.076035376264889,3.4949778418065476,-12.064769539454716,-5.1140441213875345,2.0
6.2098107672298894,6.812441199860167,-10.740270260943893,-3.810269287321171,2.0
5.998292231458944,4.942462873985979,0.1501426525066485,-11.630643801571356,2.0
4.249878695165532,9.07623996273903,7.9045734423158525,-9.697260060875646,2.0
6.645795509179724,3.230586952677003,-8.281846577209926,-4.835957800057368,2.0
7.941185893088853,4.733967782297456,-16.72943278825625,-6.84056849546681,2.0
5.449311486102146,16.883730622725725,-17.21800185217334,-8.3116612719899,2.0
5.2832337569829475,14.073942805459641,-9.786932848515344,-2.09178540637246,2.0
5.177071856772961,9.508310038199248,-2.856021915472322,-10.233527618679606,2.0
3.649844845269078,1.6675034641414328,2.263417132616551,-17.56575593202367,2.0
0.26536065801391073,16.760210820625694,-5.552948336264806,-20.087913788350374,2.0
5.51885225547295,-2.4295183768109103,-4.371049926565618,-23.51855690866906,2.0
4.901698357588877,-7.940235915586895,-3.323765115776003,-7.972559925664772,2.0
8.62821337080154,-6.403767244299437,-14.954385746755115,-21.315535278806934,2.0
8.179308794484406,-0.8901328088890583,-4.2766878518983535,-22.024159926658665,2.0
5.2499974940305885,6.878650732470516,-1.768942298932934,-13.079542316405918,2.0
4.267223878649118,2.8513419016747252,0.8466661641240194,-11.986158706067062,2.0
1.1541810292980441,-1.8191704603138732,-3.1432759981093445,-17.95707274302277,2.0
1.7938994659065375,-2.4834446747631596,-9.888937598451935,-25.166228856273346,2.0
2.770343847799593,-3.5432900367412175,-5.274892685521543,-16.247177375357232,2.0
1.315032278531362,12.119617738784362,-0.8554921177886876,-21.574062240214403,2.0
3.5503913605597814,16.792771991388904,-4.446531997452837,-31.021074267402113,2.0
-1.9234895508618575,18.161590305615974,-5.622612301474904,-42.04008451271805,2.0
0.13780226682096108,10.78516625153556,-5.183420531230386,-13.966345478284925,2.0
3.2978200667523643,3.2187387807441312,-2.0931632925217003,-17.029564787939957,2.0
3.078651776180214,-9.18016185924111,-2.9143010754655463,-20.44007033181277,2.0
6.292367875259519,3.206291981266674,3.8795509481761274,-15.983320916676842,2.0
1.575237672805319,1.19526292152353,-8.39214943110303,-16.164643167158246,2.0
1.5197632792467592,-1.0988610118539013,-3.0458855234345172,-17.027638324317817,2.0
3.554329627895797,9.431555491770698,-0.3298779979916491,-24.51485252471693,2.0
4.211545629387424,3.5660955757913118,9.887020259854642,-21.633593888904215,2.0
6.695193605234118,-3.914010461415777,7.049396532702629,-18.26106560617336,2.0
6.685066624577886,-2.8018370796126066,-7.9960270878192325,-38.86028645117191,2.0
5.105164094753559,2.669294819990165,-15.078363063244884,-39.19716908887543,2.0
2.838157248765702,12.922381805773899,-18.690104773894937,-23.412325631239597,2.0
5.598446247352262,4.5670480124244826,-6.834877727773014,-11.645098196068657,2.0
7.686942998725139,9.197074299034458,-3.397194302539015,-6.226501818287707,2.0
2.7694013794349264,17.1907098967974,5.588143827345065,-11.723406428899782,2.0
7.000722752700503,2.665477210241836,0.5729138601310616,-19.383341950178167,2.0
7.588020801400258,5.080269302909569,1.0085914025817733,-26.45341842636053,2.0
6.910106244113586,20.240173430988946,-0.44136331745481794,-24.764446151874097,2.0
2.2844249281129363,10.586519419499215,-1.2008276591864577,-20.334023074348842,2.0
1.9387645665217599,5.722506844293727,-2.3641588711368557,-31.373256686134567,2.0
7.927089236303273,1.157460006846406,3.7350129906698566,-21.309103260225314,2.0
9.218579478795283,-12.706975744252823,-0.22782364111803588,-24.413132024569233,2.0
9.145242511537543,3.5369940265846425,-9.982183532914878,-16.62401472431539,2.0
7.514835921426414,2.881420371227219,-0.3250988810304878,-20.14129615744944,2.0
4.5392620900613885,22.837026786287684,-8.527067767544494,-18.776703157583956,2.0
9.1726861842035,14.90896214013448,-8.191845883790252,-5.902743708627664,2.0
5.043810293655911,2.233181154018731,-13.856390830467586,-16.17233969978272,2.0
6.196680875760775,-8.788020713996184,-3.5965019761602033,-27.777367193812,2.0
2.4542961852461778,5.459201178333485,-10.048216948351655,-29.219590325311408,2.0
7.04939606161369,4.53158456550109,-7.855735932316769,-10.637981692571802,2.0
1.4529964200652596,12.83145603613513,-9.264802295844241,-19.48208052219082,2.0
-0.004367301842917115,6.863451712130272,-15.983757721302347,-15.673436643407094,2.0
0.19552509475796498,-0.9743405539947592,-19.326022918147157,-25.865924629341574,2.0
-1.5958152642623,-0.9603771769016483,-20.855878909676413,-17.50124501513948,2.0
1.2258464290685298,0.2490134392138308,-30.051053374033586,-17.231697181881003,2.0
10.37061554034417,-1.145136403341307,-23.738578408570987,-21.980179181629858,2.0
6.484396821221435,-2.7330527301873566,-15.530899181529168,-29.405538056282325,2.0
6.590127209696358,6.749053708397352,-19.52160827254629,-21.822274110853165,2.0
4.946900586421975,2.453324408534481,-11.006068434112906,-6.603005025123419,2.0
4.341284654929681,1.292985565487475,-17.186027304016427,-6.622826815159858,2.0
4.745915554985608,10.834534520652497,-24.40556907688267,-9.717232021070725,2.0
3.5710241493818073,14.036754617378701,-31.126006612394118,-4.869221194176484,2.0
4.203869039412006,18.45780206859245,-18.62681337281549,-15.382675370610073,2.0
4.580346794376675,12.335313095019277,-20.42153021513894,-6.250266595815939,2.0
3.4473890971238097,8.71086216471697,-11.277569472332386,-13.134960059133574,2.0
0.06277483890601343,3.9834349106099363,-18.182395620858014,-17.215901953058054,2.0
-1.0373667994650644,1.1799377813159473,-21.547986935473126,-15.560283678533676,2.0
0.5663964694476928,-2.040296262646841,-17.85126097331493,-20.47953565537752,2.0
-0.3188836613088446,3.1903848466403937,-20.878652842714956,-13.21671842336281,2.0
1.4207140964013125,4.530706457307954,-16.3018808561557,-14.718813442956371,2.0
0.3311534323631573,2.864061064475509,-15.885369583951924,-14.22378576020609,2.0
2.9263314768875412,-4.554892218064341,-16.11868681347967,-18.871410411684153,2.0
1.0493863111817863,1.8887036854207206,-13.381815941110379,-24.53611674449448,2.0
0.7129205148329598,0.377736205209398,-16.949376527737122,-15.608974549585275,2.0
0.5640517870317603,5.253627207435779,-18.77570983995692,-13.452997001975664,2.0
2.498124179867564,7.765057960035513,-15.503548419214802,-27.40113980169404,2.0
4.3803782158494196,-0.1322580734418215,-19.397456539012836,-17.797250010392922,2.0
3.006583460909501,14.792543904494355,-31.262675108576385,-18.319626684109835,2.0
0.7196317745145362,-4.430961758241371,-33.969240589770365,-10.310690548908543,2.0
-3.3021716327768393,7.377204455057015,-19.83568139176475,-13.563805469182393,2.0
3.061314045469737,4.113289026366946,-22.226239170072688,-13.002456625808497,2.0
5.181176693692407,5.815277282198417,-23.055496110958643,-4.5390414209637795,2.0
6.3075151054788225,4.817126336123411,-22.301447071478275,-9.669772424260914,2.0
3.4051149672870884,8.620553137338813,-7.5741178808650655,-16.896057149791893,2.0
1.78908152936931,-0.31386821876077775,-13.73974382784749,-16.667985221021194,2.0
4.133107197413187,-0.6148491668403944,-24.68930923041541,-10.279455892469205,2.0
3.1788530970559594,6.4173898400645655,-26.394285394936187,-12.560953336279384,2.0
4.478032062923655,4.915819734487223,-24.295452084267584,-8.112459455357982,2.0
5.510885139324046,1.4076992775451935,-29.33999094151367,-21.173415369706834,2.0
4.45597961964713,-0.2966182358606564,-33.100106369314005,-6.722965887989234,2.0
3.733821577132766,-1.9946689563422626,-25.314967746001187,-13.305562689009076,2.0
8.371245633950858,7.170368281483935,-16.205125816707906,-11.736530227715896,2.0
7.683592467522756,2.3076285246317116,-20.0677724198815,-18.366905610157083,2.0
8.481390540151287,-4.244940967234042,-0.3358698264707254,-5.45074388940786,2.0
6.476307060945924,-8.232248958665558,15.461864125277312,-3.5752306058584837,2.0
6.9512071312494115,8.951804942433867,17.318949981241794,-8.987391897647338,2.0
7.605880009240724,-2.5733809764415465,9.302350889866549,-6.082605544425801,2.0
7.081510282472427,-6.378314715665647,14.749023576367296,-10.430746067115129,2.0
4.179470004527547,5.773362110330643,8.999746753795517,-13.874885749683212,2.0
3.6316475914919715,0.5568949903960165,16.72948203014866,-1.478487750014084,2.0
0.42415305232524236,-6.761234971174987,10.564573362954498,-14.418132359888647,2.0
1.2476682569536204,-13.037728256507295,12.628757738308748,-12.35944083574082,2.0
1.5131498985369103,-7.778837533529953,4.647463432801784,-24.287088305710476,2.0
1.3909261096816912,1.9018720731647158,13.994828364028425,-25.152345184017413,2.0
1.4464678232825567,5.160096105231244,9.771675286337064,-5.911699875451504,2.0
4.394577613591915,8.35149824912411,8.138210580020955,-10.755592889102312,2.0
2.6007290374816074,3.599850224017926,3.4491638385755046,-20.591091381166514,2.0
2.1541519345653204,-4.443879053778596,7.128627201628606,-3.281320186449542,2.0
3.0578991098197825,-8.389750599551366,14.184698063675372,-1.5799271049014543,2.0
1.2025286064779133,-9.558711333480007,19.475805307772124,-11.443380997618522,2.0
2.0464518015424056,2.680433936644964,17.58510172657626,-17.913847641499554,2.0
2.577753151156881,2.2936385228542324,13.60563846331746,-15.563914780597832,2.0
7.5529823274061005,5.5878345663167845,10.621319441016054,-5.575676055373705,2.0
4.224406935548796,8.39109093034056,11.922409248294963,-13.868118833066939,2.0
9.955544489488728,6.228914007496302,4.935691750672202,-2.876390594430113,2.0
5.580421496577844,2.2985156597387895,9.529466435311058,-2.839243977353357,2.0
8.923700762434525,7.57042837618705,5.0874636022623605,-11.824859631946845,2.0
5.558554041973056,6.294821148890035,19.19471792686135,-18.61093554607041,2.0
3.8863864887375383,-4.453802172144556,5.112268930564716,-14.424272999508553,2.0
1.2641489243530457,-3.1979000569418545,4.961745035225402,-9.917876159461953,2.0
6.985060749072527,-13.192064193528218,-2.4257514551207926,-4.9050517289425954,2.0
6.1206419064165,-7.387524633737373,6.577710849996323,-26.023687180525584,2.0
6.59882071399625,-13.664270883234742,15.817647391793027,-30.333356584981203,2.0
3.0882860152867893,-3.808549179223951,20.336734133330836,-31.501506488406765,2.0
5.884033328299808,-6.596999557314336,18.708480357718962,-28.132438264709293,2.0
6.661823804914905,8.674212702345649,14.737456493331385,-18.297012175141827,2.0
2.4764591390272837,14.188187337365562,10.28543794064046,-17.236861039287234,2.0
-0.97484468438846,5.849629089736451,14.956334490138767,-16.398993039435943,2.0
3.9204488447239694,3.6014587359502475,18.318526687392854,-19.028353229578375,2.0
2.7021772915812745,3.8442562239746967,5.9555107502870985,-12.704661397933695,2.0
5.843488117634362,7.668262855871132,18.070234420153838,-24.190658579091554,2.0
7.620968053412424,3.0823436301396856,25.76727222730368,-15.889734383743683,2.0
9.228383760978318,7.866951872384192,20.383069018883422,-12.047464384958559,2.0
6.079550566384452,4.549681193028903,14.96216212393271,-14.869390753023128,2.0
8.240411610255602,-12.962035847237587,21.13886837055572,-12.868129653742688,2.0
6.070436002167032,-5.178660769284006,5.3157650613262115,3.4057655477914626,2.0
4.059334701886431,7.135845277238073,4.805771199356022,-13.59248586424161,2.0
3.1334224433629294,4.858900556321592,2.2210705940827165,-22.4402259473309,2.0
3.2448488046453217,0.9666381080494459,-2.0421063881083654,-18.47198611369867,2.0
4.746060962061081,-10.322082112023198,12.636542284400392,-27.537756795187946,2.0
4.061707561134598,-3.7147919208072144,16.25271555376048,-18.159811882757424,2.0
3.70613741894379,-6.258894789312622,16.349340506796587,-17.14667409718789,2.0
2.608150445118658,-12.998005748466976,8.826449926752623,-8.998018179447714,2.0
4.830012725885585,7.3410802785781355,3.1909984712792285,9.834748666859321,2.0
7.107329248483723,3.540557300540619,12.686230594442565,1.0917435405165978,2.0
2.49387581571193,0.8279449457564536,15.321360933151906,-0.5144443745715819,2.0
2.5457334184466585,0.912668165951426,18.0245597039483,4.993115163799861,2.0
5.599516608392909,1.5001610161881702,18.386876628078895,1.2506826470950028,2.0
2.086388919178556,4.597811550769249,12.523832678874054,-15.117854654782505,2.0
3.589813347985907,-7.272899809271527,18.608749343573454,-15.121483507927827,2.0
0.3592344973313777,-7.790393390282078,21.265183237741113,-22.585633058016704,2.0
-3.260851036467418,1.8478415136592612,19.43012559644727,-13.26996616867924,2.0
-3.0975129441030598,10.10280453712143,18.78346767733346,-19.19576319603035,2.0
3.0384931754538806,9.678264927320008,4.290589655479073,-13.811683530215465,2.0
5.98828480822368,2.34188217697489,5.207700207599334,-8.995834965210545,2.0
3.7170361747235194,12.178860235103082,8.375560669213517,-3.8185752604150593,2.0
5.7245731831501345,10.660382144312237,3.6276908276858704,-19.10214651877047,2.0
6.380196394188674,2.2840891581665668,-4.953812701642507,-10.94669816155268,2.0
6.826721592023082,2.9408356887712204,8.643506474304028,-6.34078149160057,2.0
8.873381300425493,5.219351371884171,10.110534383450766,-17.603373901146476,2.0
8.572666814993429,12.059896384267175,18.559543030331767,-25.852249015500178,2.0
8.365386759932047,9.303289372263153,22.14991981620055,-33.12819475827452,2.0
7.617970594204295,8.828828448617537,26.592017942973598,-26.9410809568275,2.0
7.897483332143663,4.046025293903574,25.88788590837052,-20.323817561598887,2.0
6.837254941535105,-7.156887747529344,26.363068018861558,-21.0993929154036,2.0
6.072306024164909,-6.669123775225344,16.854850582735494,-14.454547021581709,2.0
2.3934259005735656,-2.4425612892746447,21.678898478310295,-14.490162454351518,2.0
3.752180599175247,-3.5053182144969686,22.632106795270595,-15.156961155647378,2.0
3.4839668467007607,6.44247165819295,14.280348557850969,-40.626181009566025,2.0
3.439122082903627,6.817594637521953,23.630614250315254,-26.83651309435453,2.0
4.846564347147933,8.682412854762662,16.303764235681264,-37.528507250787364,2.0
4.6980107256958075,2.39535824512029,14.775975736176058,-28.939829032921864,2.0
5.799794426788611,0.6713212686761402,11.202958293241744,-18.094506570537824,2.0
3.4419843823189975,-7.874308162555012,10.831038314233636,-12.11963613834239,2.0
1.6622928001482085,-12.718649697665807,7.532245881948041,-10.59520290185357,2.0
3.7374315044742854,-7.21398680302691,19.13513523640507,-1.2116582360376045,2.0
1.769827851100341,-7.508381986692234,13.004852015280278,-14.205995958763125,2.0
0.6760416877941691,-4.234000358863439,19.153058297418017,-20.61378250847102,2.0
5.239326010915711,-10.484737351124094,20.690178884646766,-12.42102060018944,2.0
6.064197164751564,-9.08373533440116,4.174695480577261,-19.609128958980676,2.0
8.071647332503968,5.08794944486885,-2.502888324454518,-21.33509524964233,2.0
9.658999919256226,14.334422818009116,-7.537179875405097,-20.49848283375594,2.0
3.5276746894972764,5.896812758851307,-12.37060329794222,-18.9319874586552,2.0
5.072787029729794,8.274630988864834,-17.996213347975022,-16.268103623554538,2.0
0.7986776063550298,-2.500960712045819,-13.48908713673389,-23.409001310700507,2.0
7.355889497560421,10.518651704801538,-11.309547875304077,-2.1649091354675356,2.0
3.3542133911929257,12.601306606595887,-18.296442113099392,15.483111207553785,2.0
3.8537986788618803,8.311361300209688,-7.597458517966469,5.389201086550626,2.0
2.0908541414235677,18.76205707360021,-5.828860768915979,-6.6493280192454405,2.0
4.829279367751395,8.09179062249191,7.291148347223074,-7.806965804486021,2.0
6.396350634055571,13.93114666342264,1.4991966350340338,-5.738955291505655,2.0
4.597448458732762,13.03257123940369,-7.843573851522844,-4.960041764017854,2.0
8.684671365375477,21.329094022934072,-8.701446729243486,-19.828976248319076,2.0
7.349725814657052,14.657371526600965,-12.655622552814838,-25.668722017888776,2.0
6.169608685224475,11.985626678352341,-11.835180606351535,-16.936643883407687,2.0
3.7000572214645104,10.142764762251808,-2.075105721042485,-12.903018572032117,2.0
2.4986286652777845,5.933656767058399,-5.100245431061841,-15.963244328711916,2.0
2.7678090264692243,-0.26714284670970834,-1.9322329573969874,-28.12324062047376,2.0
4.138322621761192,3.3084953746765695,-11.219304600438274,-33.089337844063834,2.0
5.527864491068325,-2.6401579679033698,-2.2884861364675952,-21.177644952033518,2.0
1.248025798864715,-9.140492835583412,-7.398046759387057,-12.373860600680615,2.0
3.069251001711839,-14.182727121835255,-6.631620011626082,-17.55737156806143,2.0
2.2689354015455465,-13.562220220500553,-14.548168398211033,-16.980938708727827,2.0
3.31011264757285,-0.3280584010083831,-15.316467280735521,-16.704349957941755,2.0
3.1460220839279174,-6.382418407453244,-10.479999489343735,-12.5848892583371,2.0
-0.3174272572848986,-8.790309467926017,-10.532547621889242,-12.71986849874406,2.0
4.2304377227706444,-4.269092633263287,-9.173061956240247,-6.782165190476675,2.0
4.5322410908007935,-1.8577791447107161,-13.76963605121662,-10.528049348156095,2.0
4.622501426598117,1.9190282760319903,-12.08080240172624,-14.949016535288447,2.0
1.4698435188345587,11.29695355178891,-12.0660921329723,-9.969218935025642,2.0
3.516335357185431,3.58014465688147,-7.840804205597127,-19.69814388472292,2.0
5.238614836691697,3.5382626920066627,-8.1594854426844,-0.4988370509986133,2.0
4.052448354034426,4.334698189441511,-10.773851770389129,9.035617996672134,2.0
3.48953464450317,7.633789784825568,-12.800075512105014,7.396537825320742,2.0
4.658561871576147,0.15255411521246942,-13.417961893832068,-5.8371940097416495,2.0
4.435814519725395,-19.06123013577638,-11.234591209107322,-12.294029997944106,2.0
2.685356721000292,-11.876532683805559,1.2189902601183213,-24.619407914361314,2.0
5.2362790527588565,-9.496362036831691,-7.152718664947026,-15.054380965365862,2.0
0.33078580196874174,-8.503455851280577,-2.486130094711731,6.454647252418475,2.0
1.0689274319587754,-12.30927181224064,-9.488368214422852,-5.121941986939559,2.0
2.2804078732113164,-6.90718468349162,-12.211272792898438,-12.92622230282916,2.0
1.7684144468408303,-8.181152203602052,-3.7117968628250715,-14.168059120202907,2.0
4.413335447427302,-1.5585233280992097,-16.82087067178746,-20.084893364078663,2.0
5.152053571038533,11.130420811568232,-18.25460957811003,-18.02252067028142,2.0
0.5040987651683917,11.493805556205048,-8.518645432873338,-20.034762086875446,2.0
2.987772250810509,13.173862955208552,-11.778074007964207,-20.320667267081614,2.0
2.213288594672822,-3.851677078187759,-11.771161637839151,-16.76960555305997,2.0
-0.05864970067141817,-9.867441968289576,-13.555981855548008,-17.782633648205984,2.0
2.354296650736339,-2.5164836557430883,-17.732446247819162,-11.215180757102061,2.0
2.694954755079408,1.6337676813492126,-15.103808592979412,-2.0242757048961533,2.0
1.3098916991692657,2.424954220858814,-13.36133498526013,10.582180119621693,2.0
1.5906750314134772,2.9314699167581875,-20.762188321757325,-0.2589694627028365,2.0
1.864028342218365,-9.783396162114318,-19.20201290166445,-9.999742289812525,2.0
3.9441663554665283,-6.296968690991042,-15.209754952230936,-20.969192199266697,2.0
-1.3719516783508205,4.514882387574527,-4.121805450845555,-26.35104954389255,2.0
-0.5002722998269844,-0.5051848086991695,-10.992500114666482,-17.328577311746795,2.0
0.4978460884511229,8.19352328467021,-8.770411369749052,-24.442093104934152,2.0
3.6188501115963603,15.014116507121068,-15.533162229089896,-12.575285788951735,2.0
3.8477813701964565,18.691684475023745,-15.772752505044895,-13.308780345975201,2.0
8.316826076147962,14.757540520313286,-10.958694441905173,-16.61182566174856,2.0
4.246356239425802,16.181076824605555,-13.997919341069,-19.47654527097776,2.0
1.9237062462801326,5.3248630086185065,-18.085602381414443,-23.59270386803153,2.0
4.514459318304354,-14.14787519209123,-15.568169959635966,-32.49315983182282,2.0
10.061062071392447,-11.395698873742852,-23.81182964944289,-27.95102680331499,2.0
8.154705821523368,2.5221486326150853,-24.91207720045503,-28.622381032643688,2.0
9.86533425501293,10.591788913534847,-27.465586241636093,-19.192327014581195,2.0
7.302109878257393,-2.8776006006139485,-30.922450092851697,-30.21141449722325,2.0
3.1900490467301235,-2.9524739901919395,-24.780187911906236,-28.554120513196686,2.0
2.6124864872634044,5.83448863730221,-33.133839901518364,-4.4817878661584905,2.0
5.175901674511592,3.568830649047958,-21.447442836941615,-7.612589732597703,2.0
4.429329723175122,11.164128789377713,-27.212453403087395,-5.0104694181146066,2.0
2.864530881622217,23.301061506743793,-19.78522687416782,1.533523697686265,2.0
0.384805997255278,19.853786891516926,-22.391618981103093,-8.839356301241725,2.0
-0.6456769347338738,15.131771371450746,-14.665153210657392,-6.090400029853967,2.0
-0.37091336173444933,10.736283519993679,-30.22807614962337,-11.703625318748976,2.0
-3.3247015792453087,12.172626414164819,-26.730711906231015,-26.05048898108229,2.0
-2.1078506103845687,8.687406810697492,-22.974664901311083,-10.658458792530823,2.0
1.8007995723733266,12.82792728399096,-8.609611558853471,-26.349732889007132,2.0
7.474617889379813,0.07124669952180085,-22.771849388384464,-14.26644270666067,2.0
4.9122445437275,2.7397785400890458,-22.07908853861298,-18.132158052309133,2.0
2.8743305521820344,-6.989007337193454,-25.024052085168,-19.428455082687947,2.0
4.180668346109965,-2.593510220245694,-40.30650776206406,-17.763818814674554,2.0
1.9441488537094553,5.953935907113882,-31.50258142344687,-10.890896244755815,2.0
4.3194123982737205,-5.433850013935361,-28.356530426176587,-17.673317593043222,2.0
5.060429313951531,-7.186021493898739,-26.345016872926564,-18.37030603139141,2.0
5.8320475740439335,-0.8982205491343951,-10.643117088028294,-4.31406582699198,2.0
3.693265936359424,-3.5048405358908843,-17.211808394041746,-6.926966790876499,2.0
4.025934362855415,-5.674079178190753,-10.030193924047227,-17.74850784134878,2.0
-0.5182483014780181,2.1263284381350998,-3.6439817678691164,-14.880732637625194,2.0
-1.108021231704047,-0.17990912075080612,-0.9967658048019201,-8.949719993586214,2.0
3.8872046915228538,-6.345692385780877,-4.496894309837238,-9.315684487122358,2.0
3.0302196622303477,-4.798059731990746,1.698973976293818,-4.712648075319903,2.0
3.35925286891415,-11.652557059056921,-5.7732210372074935,-19.28018808049646,2.0
2.3796751761973334,-8.30963750847066,-1.63181774332798,-26.11998065306165,2.0
5.0787398156957515,-10.625241199861868,1.189623888664614,-27.587548626047457,2.0
5.063173165005743,-2.819290548474603,5.0090029753055605,-25.757253871049308,2.0
8.17548881363162,0.49647210727759916,1.8313661041331764,-16.563942605164925,2.0
3.615918351784895,11.749462765332327,7.455201469352584,-5.192328698094158,2.0
5.933310609595895,9.623096676173134,3.03690001193618,7.3446550234130505,2.0
4.070376951696297,11.105963687263824,-6.4199385804291,3.0133474267905846,2.0
2.9568058432207915,18.625180559468365,9.41962750844575,-12.863502849865945,2.0
5.531739885206297,-6.439106213582028,9.36116301752535,-5.053585423143515,2.0
3.653801432697807,-4.437466293193555,7.236967300077647,-5.771309753598798,2.0
5.20989332906396,-3.752174128312998,1.8355090293626963,-9.970393822506573,2.0
3.1296174733539557,5.96713439498607,2.2639270974152894,4.632023657875443,2.0
-2.007592571575344,9.979135360304504,-1.3656808537490064,-19.292096698717422,2.0
0.8342032878367007,11.158998772603976,-0.1796973794669554,-12.939928310116386,2.0
3.7039400689598385,8.716416912700607,2.6832568062413507,-31.96764844651446,2.0
6.085437264164593,1.8922242547947632,5.344289421928795,-22.707633965983742,2.0
8.56696141625818,-2.5197810666706366,-3.6453346923982184,-18.726074760341653,2.0
4.357018130391622,3.7157364216145776,3.1260890390807576,-29.411613307473978,2.0
1.2047537632538359,11.240512678466331,8.670725265123727,-11.57574003505977,2.0
1.3912713304002802,16.456467168492537,13.924879998273928,-41.79103471524781,2.0
4.856175759188549,6.719159267280608,7.653508162010006,-28.75736433589445,2.0
3.125070670807735,-4.874922259119549,7.6179676698552115,-8.086885552723693,2.0
0.3420829708020894,-4.939149465681224,4.256700584785342,-10.440145271437663,2.0
3.9806661487752883,10.0215672244354,10.597258519327932,-9.298967266302132,2.0
6.627622458144758,12.373137974047543,8.659770545975066,-7.988511796661921,2.0
1.1527712957069949,5.890390863788037,0.4978964537452748,-5.377444238631838,2.0
2.6715393058793264,1.8281831378544666,7.816959473532229,-13.67029684265161,2.0
6.434622678018677,5.181035407216973,5.065596664501609,-19.96311987933286,2.0
7.095749187636275,11.939420422880325,11.167171567414826,-33.240699972059176,2.0
5.127089997588176,7.132733034270094,2.9609543178051894,-12.858051132245956,2.0
4.618799902714727,-4.011338769686985,9.863696115284473,1.7949428542028993,2.0
5.986391844112571,-4.393985644575626,-5.3092819312133575,10.290043168865406,2.0
7.259149927160671,0.37310081075525936,0.4915261686009327,-1.650479769558018,2.0
5.576902929985129,-2.2104539267518533,-3.491719889782077,-18.13824140217252,2.0
6.521576996992254,12.333771677849645,-2.986652931802884,-29.186021578003242,2.0
4.923514508768452,3.626903946657311,-12.739823969149995,-24.772309268512508,2.0
1.4890785312269776,19.814197647118196,0.6858905409024705,-31.31651193883323,2.0
1.4847099246443687,19.17903670857541,-6.882401640551703,-22.066306186171545,2.0
2.3028152152111185,16.840716401198762,0.30841747273920195,-13.894306600154088,2.0
3.94380110977379,4.173945531864484,2.96962549856499,-25.166314438152185,2.0
5.41648393197138,6.313547283210831,6.8660697239954915,-16.870222641316705,2.0
5.606623104678716,0.8207359045875404,-4.375116022132726,-12.647931544381938,2.0
9.947036720720956,1.5654589571721789,0.003676580611882585,-12.922132234854448,2.0
12.405783260427622,-6.826218023097735,-14.648154183280122,-14.962999340737301,2.0
12.03604929520453,-10.457343501395734,-11.771618715799855,-27.24502333206111,2.0
6.837227548087315,-11.808223460489565,-8.33693174587218,-27.893175001906478,2.0
7.041776971265025,-7.975924245444753,-7.209922388350592,-29.142349550128205,2.0
7.758079738223386,-4.557099519770193,-5.3875144953361795,-25.787590641386245,2.0
4.719249747975324,2.8930708012518265,3.1813637251289437,-21.360316615440645,2.0
0.9580532281433078,-10.371114459687819,0.5318223529138053,-9.846700348721077,2.0
0.04720802938685331,7.895517869138494,0.33839680550957896,-19.40033744591609,2.0
3.4615890037720716,-2.0303265106524666,8.472476584674354,2.1505686630185963,2.0
3.4667082046028774,-5.146507637664688,0.12628183896400458,-15.10726615197204,2.0
2.408971796085679,-1.9346720594939533,-14.691665852413529,-11.39597503743931,2.0
3.948197895652477,-3.0647172468354267,-20.744782383438924,-21.07471331411001,2.0
8.086871136281466,8.814563300749652,-28.419528744652162,-29.42519682717432,2.0
9.197573936970116,3.042878488720678,-13.189700022174765,-24.985699093828515,2.0
5.067243918320174,-1.2935495931763699,-6.439053410381877,-10.213007115944254,2.0
5.288869755396026,-5.050194792494157,-4.531005754479393,0.13012204733903054,2.0
1.852671025046988,-5.897532162902555,-9.238277169182027,3.5450639603775524,2.0
5.228340757279813,1.1839683938646584,-22.6084465205755,1.2057479760086327,2.0
5.321282140615052,17.01459206035002,-25.765852062058897,-16.184873464287996,2.0
4.852804979441226,2.6061988972110406,-23.37528809390686,-8.958141284467636,2.0
4.60808203864027,8.366411211778015,-13.323520652619493,-2.2670102263128182,2.0
4.7897738391927245,4.868187415226078,-17.107951846274098,-23.0703906425365,2.0
7.327649338039867,5.282656431317786,-2.6674584601192075,-3.7279659035408503,2.0
1.8950997528557194,-1.059320006989533,-6.962677900505862,1.4661866530656162,2.0
3.6697611450704413,1.8736684863832664,-0.5739739031955828,-10.873649248197706,2.0
0.6806650108290528,11.583876476446802,2.07618353388657,-2.73727802600634,2.0
0.07833617560549389,3.7319552530760225,3.7490648907834263,-28.08225049477272,2.0
6.297065895172624,-1.8731635536628963,-0.02782672302914513,-24.188551914276157,2.0
7.746217343024084,1.844690583608288,6.2048350693947345,-11.74292120953453,2.0
2.619234691267334,2.01220484476822,2.4388920156278786,-19.438238284638484,2.0
2.178621687388354,7.61194087905402,-13.090929843824718,-14.330497505696163,2.0
0.6775468987344153,6.02645082635749,-5.896676256412208,-13.274929055111562,2.0
6.115066270743439,-6.274120592447587,-9.595302704424313,-22.679711806147587,2.0
1.9735940343405651,1.1960755726811145,-7.510803642868721,-24.19065734072639,2.0
0.09373379909719004,-0.3199062422683534,-2.2742503850554243,-18.616343163319556,2.0
15.289214818394166,-28.947268907477543,-8.13689454895862,16.22592473606743,3.0
12.142186305101575,-19.242180502360448,-12.23689070188676,16.209159404175175,3.0
9.977880007490297,-15.209915578083544,-11.158278092599272,17.234093112641613,3.0
14.927312663887381,-26.55078670209413,-7.970265721339683,17.406714636807074,3.0
15.369813520312587,-27.837139010174397,-9.835602523993082,18.329162164320394,3.0
15.957087367689432,-29.245370666640216,-3.7079936492164594,19.02139630639294,3.0
17.046187721515924,-35.534763520055634,-10.813120870768214,17.059021416560274,3.0
16.08828738558345,-28.127763859560318,-5.338467689814892,16.380935547417995,3.0
20.84537758708921,-25.685513874178888,1.7905274443660915,18.917473710272144,3.0
20.74437308062891,-28.681576380771588,-15.541810015432397,21.46610034658009,3.0
13.05557995434925,-12.154454989988153,-11.02691195956913,19.468320624343157,3.0
15.10725568477189,-17.029305848178947,-4.615175201828613,20.49848553652076,3.0
15.545264284072722,-19.26765355040854,-12.378972430297514,18.520764915362722,3.0
13.582581020675267,-25.422637623691585,-15.603844342480317,16.227373302805557,3.0
14.189086471448185,-15.986338304534982,-11.283520738782983,16.266990370594122,3.0
18.115703505458523,-18.278289462497003,-2.609056777389773,15.532477472714776,3.0
19.525877921982495,-16.30284558615083,-19.528299201734402,17.73493499719498,3.0
16.514408722629327,-27.94236613028309,-30.622815326652436,18.928004876328885,3.0
18.349725935128188,-28.639688057199997,-26.792493656701595,17.81559031410641,3.0
13.962454091737996,-18.308883251010734,-15.12056965530747,17.098051562398556,3.0
17.20796482809045,-25.433960218038997,-25.341725940710255,17.40854314289334,3.0
16.21972528781076,-26.74815569979404,-16.508015470494442,17.91141160666921,3.0
13.698110971628305,-31.827425377296862,-15.098991606269903,17.414974288321872,3.0
14.753782566838138,-19.464212382242167,-12.601020875128203,17.24677989480098,3.0
17.27025594749138,-21.325616975001363,-12.963904435165668,16.239860366151905,3.0
17.94742660693595,-13.87474166122083,-8.139127599662203,17.50566689864286,3.0
18.119901082005942,-13.429908942095873,-9.926078036571282,17.157149513916128,3.0
20.386873588535252,-11.884075008480062,-19.237735143219677,18.877527159562003,3.0
18.640854352347223,-20.6898122760169,-19.548608910443797,18.59185547705174,3.0
14.494782171785074,-27.532098143357736,-19.819089808820735,19.654385454691873,3.0
19.237343603735262,-18.774188518517253,-14.35858357771953,19.45550825882065,3.0
17.083161354617395,-12.10002135651851,-11.63409631271454,19.620719263593127,3.0
21.0832153450399,-16.757524047657473,-8.731125887504867,20.014672099317103,3.0
18.996435159362736,-27.03211981249465,-17.737880260707797,18.49816493809313,3.0
18.260813568682888,-35.129343416467194,-15.054705613448153,17.86056139961729,3.0
17.201977119103876,-25.390768912262757,-12.41572525925146,18.547541356531458,3.0
17.25233173873231,-26.360901514268704,-12.052760573542338,17.236433308405253,3.0
13.2909479578842,-18.57236499536088,-11.199165132234917,15.633737659780913,3.0
9.121572231543226,-24.94100652758484,-9.105669172895476,14.632315402260147,3.0
11.533616315417241,-22.60466315103421,-19.279177990399084,17.022458626749106,3.0
13.732686567735009,-18.840299695909547,-15.47058654498177,16.048071879979606,3.0
12.085566170752585,-20.206149342315243,-15.271109611230091,16.48020699094956,3.0
11.116150841134218,-12.158723834869281,-16.585427064768492,15.157162562654193,3.0
14.017590694552501,-14.781221017409973,-15.50867901309373,2.7220887711391937,3.0
14.649606758547765,-15.01317243566063,-22.59253183055583,-5.976153944159849,3.0
19.696822991888133,-2.269914989714989,-25.90668992299198,-7.313031646325579,3.0
15.078828002307452,2.0229357859687127,-12.856048982281827,-9.912320061922422,3.0
16.738817921045694,1.1348253239761839,-20.429576840480756,-10.868908499467079,3.0
17.460261870664265,-14.171262420682579,-24.933742440625636,-10.853356627410243,3.0
12.048334839821496,-17.492210711818313,-21.06632232658155,-12.38894842838321,3.0
12.283051204353413,-22.39703005565282,-15.005777291505073,-10.023447679713497,3.0
13.064094842927318,-28.286952622381605,-19.23553310016714,-10.492624298790817,3.0
15.748221952880174,-20.559249847548067,-14.964280959322153,-10.446439237765285,3.0
13.321921659333343,-26.092286411565627,-8.437672916191225,-9.275653703090557,3.0
14.432540895686053,-14.953480061445426,-13.795625730732906,-8.347912473162271,3.0
13.808537802154584,-1.283592808223423,-16.111376626566397,-9.650151323229865,3.0
12.512805869848451,-4.58746994050477,-19.679804551944116,-12.361992768010513,3.0
17.325603886118603,-17.05217223952068,-19.873927977677234,-12.095353698059956,3.0
16.433430414182904,-2.822655998493369,-11.802237482413782,-10.478619574821746,3.0
12.682213618140713,-8.475335212537285,-15.865487454836595,-10.752220172870896,3.0
19.287033962474904,-22.182609732263025,-10.499945387730751,-10.691589328532388,3.0
19.559589427316112,-17.14148809065295,-7.5581537740247375,-10.869839651809091,3.0
19.599845888025865,-24.428410653853696,-14.246093219039802,-11.283469648799475,3.0
15.657905583851598,-16.650669048699044,-13.521033117321132,-11.725522450427047,3.0
14.560737625830008,-20.14331994902625,-9.455252266635313,-11.294026385993867,3.0
14.947773925946295,-12.500259225315482,-14.51423378003564,-8.35032474722955,3.0
10.72028280638743,-21.937871898460116,-2.174220067704069,-10.621288139410014,3.0
10.140025217515946,-16.868555218595123,-7.945305015126672,-10.513834286475321,3.0
13.946738858386915,-35.645631123740664,-8.78228942372821,-10.828335818931832,3.0
13.77472503951993,-37.957927926524086,-12.531266088432279,-10.556314584465674,3.0
16.555507806049974,-33.23145227624832,-16.992756539352353,-10.508473214563805,3.0
16.46872929148376,-15.942498037394357,-6.118505662020743,-12.778682417255506,3.0
16.55198710130657,-26.5270299428111,-4.3073798618393075,-12.31815156121511,3.0
18.537010347240347,-25.98811592097247,-9.33955103565918,-10.980376000574465,3.0
17.14769042563354,-14.722284389542242,-17.486732440785243,-10.037388927204555,3.0
16.18803640756375,-27.938332796018948,-17.100765759779694,-10.686471635853424,3.0
15.61503456432997,-13.50720746016573,-26.75379366552081,-11.719328335620775,3.0
13.778558279423075,-25.695282799922868,-15.877188417344069,-11.233758998009355,3.0
16.617481680508114,-26.602259831031294,-10.807575155910932,-10.449305677812077,3.0
16.95013521454887,-22.255880241712163,-17.419308913579943,-10.190721078593441,3.0
14.52537998407309,-15.471957889090852,-7.137955796579703,-11.83989365285562,3.0
16.468670788430437,-14.446535332200568,-3.3867267015752054,-11.422872971123038,3.0
16.06623498723909,-8.650418518744388,-11.09758726693959,-13.268219650710172,3.0
17.217912141188073,-14.258196222788369,-18.982342294361484,-12.925382867803405,3.0
13.679860596020456,-8.119927616876724,-20.645009552729444,-12.435073713560481,3.0
14.02023529460308,-10.796679891718396,-17.453184744730038,-10.930009829365256,3.0
13.519559446767843,-12.417859900173166,-18.296854090701345,-4.018949008223772,3.0
13.192119729566887,-22.347840060690142,-17.716452450816487,-1.2195190073932263,3.0
13.128710728587484,-15.265152776292508,-15.533235193926517,0.21000536660201297,3.0
12.541626684072469,-9.640257331565376,-22.902294231196493,1.2723979083295645,3.0
14.435239803189639,-20.558229947362083,-13.343279115134871,1.8831026363780985,3.0
16.66169262104447,-21.571514457200603,-24.498219374880424,5.270414687526346,3.0
16.47361586897766,-13.95328533436274,-23.461819083335698,4.7856335208776954,3.0
15.80716196297772,-9.213235328845554,-20.33136138933674,6.358883331099196,3.0
15.937681896858416,-18.883198973026424,-26.653873537677093,4.4247388423001475,3.0
15.233432978535996,-20.783699237577007,-12.822033855557734,5.196255891258633,3.0
12.680351572796155,-9.71336960410425,-14.137194083934082,6.1678152067038825,3.0
17.154665051679974,-0.6094660346196754,-16.56966183847612,4.645955987512636,3.0
17.407326812614492,-4.605264486331748,-8.32336902916221,4.245604232577598,3.0
19.717513577495538,-11.981319457587931,-11.691556465611841,4.164384375109641,3.0
17.572804300918058,-14.40243885414581,-5.584629489090208,6.116398988387443,3.0
18.900707430241784,-27.25382276789224,-8.72353998069591,3.8429277227341387,3.0
21.61040729943279,-20.367357084520016,-11.642995450934517,3.0664524051352036,3.0
19.687914893643626,-20.6409930940301,-23.195059255038863,3.5045306527683318,3.0
16.600633292172102,-16.682705286862923,-11.12908274097025,2.215431253502754,3.0
19.33848867924751,-12.780228307673363,-5.931939187479459,3.4246120298661022,3.0
15.38320624695875,-12.917926500473602,-0.28592920723537585,4.297620135841435,3.0
14.639027398159149,-17.986263500260367,-6.3861560250559,5.224297556329427,3.0
15.782686177842733,-15.435065070840652,-1.1795215355357813,5.65083512311658,3.0
17.267437723080395,-21.41445871209405,4.333526208862747,7.423987780465987,3.0
16.38288641314332,-24.021851739498512,-9.355357560902334,4.67152578780971,3.0
13.893995956186888,-24.697905123564905,-10.222881569532008,4.399042431391413,3.0
16.560802547515085,-22.238325685272095,-13.464705447286457,5.023187719951255,3.0
15.723854977803995,-16.35247688573171,-25.56743038469665,6.140750644716009,3.0
12.941015789732669,-12.744813314306688,-21.767772516252606,5.087422263846195,3.0
15.522054902545523,-14.382007858285277,-20.10544013355156,1.6338318533899137,3.0
15.98189896232813,-19.256453749659453,-12.97502800492126,3.5616055980252925,3.0
11.152239600739474,-28.65127081871368,-12.112668626373587,3.3714609191790834,3.0
13.168476817878577,-33.29327942057493,-13.905825473484535,2.3575931951427562,3.0
10.789683081014108,-27.14513949708583,-4.863080294307265,4.410023988785601,3.0
14.750774404865396,-25.402146802859654,-14.02247260172157,5.28891573673514,3.0
16.185618685680925,-21.811389961435577,-8.974564395219273,3.6142467648966665,3.0
16.529036069062236,-6.781835422800585,-5.947419275523011,1.5633388092881675,3.0
12.912156209255675,-11.159844007451824,-13.422087579875607,2.044391298187295,3.0
11.763381646967792,-16.184966000015326,-14.693467968905114,1.5155785458055124,3.0
13.201514279252734,-20.178995174278324,-10.64555275337781,3.4418133603240166,3.0
13.721124487167197,-28.044384840723712,-13.888548553818273,3.6478759563471197,3.0
13.806801236038652,-33.65013272975307,-19.960873818770423,4.512920580129771,3.0
17.005322184214165,-25.138118706913268,-20.534460836818834,4.29977262735366,3.0
16.749043808163595,-25.721956677559717,-14.506921341601663,2.8056012221484266,3.0
17.716586947340705,-14.172837427851727,-12.792883093128184,0.9235601345627782,3.0
15.756870318923575,-31.931367514316065,-16.683485783077188,1.1927047751617048,3.0
15.733186501285017,-26.266216067273547,-5.403516619159532,1.060224161719475,3.0
17.5479439899183,-23.593784166867543,-17.724703598796207,4.464207283463692,3.0
15.149964488313175,-24.20661084652164,-17.756510164063997,4.9277829425743604,3.0
15.581189506045764,-20.02278188166394,-5.6704448929811715,4.015188234906253,3.0
16.5901670829003,-14.55357379070034,-7.646704666013168,2.0720353349710963,3.0
17.855364161276082,-25.025320068237587,-13.257484262383995,0.14944804118822264,3.0
16.594599413519646,-25.18545871425133,-6.083283409769425,1.4541851225211984,3.0
13.603839167373417,-20.153818706419226,-7.389666544293453,0.42456840530241496,3.0
13.839205033466147,-24.440830529246913,-0.6179050051685184,3.4906997647176077,3.0
12.061734185909945,-20.460909714171287,-12.984744698773838,3.19430131124713,3.0
11.901195836596335,-18.485016233622208,-12.232409112613327,1.5010981066891356,3.0
16.470265842556962,-16.255892327162055,-3.436918859817558,1.5322152170635943,3.0
10.29148368467526,-14.14409652361811,-4.924353792784505,1.3937420192560133,3.0
10.569344947994978,-7.2385514165637925,-1.7881723056358432,1.6062661974527837,3.0
14.074095292906229,-1.6122069499807328,-10.707864733884714,0.7763552471853636,3.0
14.678232565999323,-8.157297038286774,-10.016133771754012,-0.5821189602246413,3.0
12.785034512418106,-21.78782799701779,-26.01261524976171,-0.6160104575838354,3.0
17.6035689454514,-32.17853336371232,-20.572369397317324,0.1277546539157013,3.0
17.470553525590507,-35.449291380019844,-8.36364191795799,0.17704285011462328,3.0
16.41175689337671,-31.099498301836412,-2.3188535184605996,0.9428545141820517,3.0
16.339727689537867,-33.857009453129905,-16.055987268274393,2.1432883964035754,3.0
16.913884962965216,-31.654340003308132,-3.983078365639358,2.466313459350867,3.0
15.200838426505367,-30.400061643843763,-11.776905336181198,0.9509112157072028,3.0
18.17873761330818,-27.041901266687663,-0.8645922040713963,2.8643331558144838,3.0
18.26730484391094,-21.877590467653178,-14.882303008707662,3.039728923298205,3.0
17.43634214312245,-18.108267330412634,-18.98184615162642,1.6314729020165561,3.0
18.554459416615458,-22.114938258904722,-20.145469948258423,3.057945618252183,3.0
16.38373732997281,-14.323247919982373,-14.8356725017285,2.2615715493577375,3.0
16.621292847121822,-30.239571568588794,-8.199452913131767,-2.2491245398928585,3.0
20.255264959853903,-26.248277364954006,-10.13053669053908,0.9068097543882501,3.0
13.379114934357556,-33.82187070725517,-4.139790161055224,0.7658701566211685,3.0
16.6099259438051,-32.29132908503398,-15.622825149822244,0.3505673548642373,3.0
16.955638997763813,-33.313714055126795,-12.197190310020243,-0.8383645031377621,3.0
15.375913895769898,-32.959214979395114,-2.8331894850232384,-0.07428687841863213,3.0
15.17013879940119,-23.016497262982533,-2.762471909879105,-0.12977036166643652,3.0
16.700022080169774,-22.69036951383382,-5.832398179834394,0.4358626272523761,3.0
10.848850595162528,-20.13788939699654,-19.985074901080882,0.9871886418237188,3.0
12.973250778151328,-21.155549599486072,-13.23498046231602,1.0195885811003895,3.0
16.16098877263901,-15.462797152972502,-15.836770299243653,-0.562310488398956,3.0
16.619727849394327,-16.694045509329175,-13.21328465553643,-1.417940398994086,3.0
14.598634814467063,-12.43477267409386,-19.858235489753824,-10.501409099856758,3.0
16.636422206413023,-20.89801507628355,-16.05676788568008,-14.778912357143504,3.0
16.885402785038366,-30.787995756716704,2.3888615703273324,-16.62030695685253,3.0
15.339607862973434,-18.75081231999389,-4.449091004488729,-16.019802302132764,3.0
14.830604499851848,-18.650916621278395,-4.054704944113752,-16.506215717367663,3.0
15.154502963686086,-16.774016874101495,-13.071317086478262,-17.719381162327064,3.0
15.349733792740142,-29.327406707576472,-8.038334281230588,-17.792409947557445,3.0
14.894552394017591,-23.26573675498161,-4.35639569731072,-15.578318129275813,3.0
12.943139595640242,-23.2829922808454,-15.852482154121992,-15.476325055082667,3.0
13.207965590817269,-23.0088002793103,-14.102965855124976,-14.856358070591359,3.0
15.50525499194597,-26.660103333920325,-6.4134611505006465,-16.598757431983934,3.0
15.81267461263369,-23.54206366791565,-4.265408935775223,-16.778365012427866,3.0
13.53566560017908,-12.963967440128531,-15.638698481609048,-19.172960150308672,3.0
11.632297142416167,-30.438512762316297,-26.23743979926482,-18.233904497064994,3.0
10.694510108356555,-28.61593981114529,-23.152557018203368,-18.398296664143647,3.0
14.094337573947968,-23.567025830408575,-13.947856568961129,-17.192852726322297,3.0
11.6938965027546,-18.100641861404938,-1.421595017650633,-15.363526180289865,3.0
16.02077396246813,-13.511480040365972,-16.581831584170672,-15.59127268246979,3.0
15.633200891565254,-14.3928156973262,-9.651343978573063,-16.360107909639183,3.0
13.524168019748371,-18.10316318637769,-6.416264316647712,-15.390860370437581,3.0
13.741536470895113,-16.63044580972072,-7.856523021237557,-18.239630123701676,3.0
10.303454392250925,-23.198965681788316,-17.472948420797902,-16.732128283933296,3.0
15.525177230867897,-18.85459883211118,-11.698894249682134,-16.12133927026687,3.0
13.09739177468328,-25.82955570796848,-11.22398630742971,-17.292191801722993,3.0
15.577728563323495,-18.743203568316467,-16.65144772867719,-17.186048283967793,3.0
14.413488980565486,-19.633611851362105,-6.531928431411012,-16.590299876981394,3.0
14.7791885978951,-23.08583057347042,-12.866143690856982,-16.816736435764103,3.0
16.15713035838123,-23.33351998910883,-6.311752689151693,-15.286677856943983,3.0
17.452282821648517,-29.43908855296639,-19.121965735329614,-14.423690061124523,3.0
18.325642263758695,-13.646195078767365,-21.220356032117408,-17.673184805039078,3.0
13.805376011310994,-8.174689233926747,-16.141755412753895,-18.713894102905996,3.0
14.587102464228483,-18.196739751190183,-15.237330069654439,-16.88815704322888,3.0
13.055549968400213,-18.171993595757534,-27.263030095291427,-15.735016352930437,3.0
13.00551361365295,-23.054108109788775,-6.553950087806991,-16.84970097144926,3.0
12.752634456483156,-28.525324148202593,4.934429424338221,-16.822298947188415,3.0
15.866241888523007,-23.557912740473,-14.847116996686605,-18.6366842318662,3.0
15.4869025103408,-18.547900098115075,-17.147340961707727,-19.824608392674833,3.0
12.340978006809383,-35.606134830347166,-12.607229835438853,-18.609955962354892,3.0
13.531558306580012,-29.024587671551547,-29.13156258768428,-16.739669021696855,3.0
15.689159262259741,-26.596338011637094,-22.32864172194443,-17.09751412919363,3.0
10.599168361008456,-22.81574872667209,-17.68151799185908,-18.748940326243442,3.0
10.298357079850266,-20.74040741456703,-22.632813691544097,-16.660974272748295,3.0
7.908566190546836,-12.135172277054977,-17.30470128100619,-15.084938677861265,3.0
12.165447469832518,-18.38213589672595,-19.87539017770087,-7.894888134535723,3.0
13.783094682779126,-30.650830406045696,-23.55748323295168,-2.105647486204046,3.0
15.38734930434262,-24.489537358830134,-9.730898805183598,1.8410699292291333,3.0
14.465754371781054,-18.146682489965364,-15.72674143028628,3.251442872588732,3.0
11.729641668751558,-11.780137378039012,-7.098156095605779,2.8318676838711876,3.0
13.284134330919755,-15.318912712398998,-18.949910563918227,4.641462652747483,3.0
14.407240946971834,-19.24205938569363,-16.303033455403472,5.97024258295911,3.0
13.642689741639701,-26.125477428623938,-18.577452129194583,6.267602830689245,3.0
14.021630272818593,-28.55794053685249,-8.978998034706091,5.765374099008982,3.0
14.690442253430815,-24.572811881850377,-24.026071919553317,5.672494280049927,3.0
17.299422513164508,-17.131665970049248,-21.01799866764467,3.8386954329981284,3.0
15.326428713022077,-26.299138177538847,-4.77507072913501,3.8244344605477565,3.0
15.010441471418705,-24.70029676097624,-12.00076865900655,5.281941876223807,3.0
15.373458331715469,-32.23157335522252,-17.756979227261276,4.565591450563183,3.0
19.13401701291369,-31.227843470957072,-18.4502526111776,4.923786585975743,3.0
17.386215564101008,-10.377727945436225,-18.643922602062265,7.132601791693727,3.0
14.588739452095385,-15.098559105109995,-12.974379532296162,5.393175959056425,3.0
13.23266316350006,-14.746426067289153,-15.745716490376502,4.522372968069146,3.0
12.588067966106333,-3.1899440129058725,-24.627878744759116,4.395748797706087,3.0
11.21799206525148,-10.60004197630849,-13.869540384357077,6.50176650075979,3.0
12.77154711269936,-34.69566217931194,-14.562526119213217,5.691085172459528,3.0
16.37578521081737,-14.64770840760573,-27.351564799156534,6.126472809600435,3.0
14.308519191718837,-29.053326844792963,-15.088017516804722,5.590842935981174,3.0
15.073017401977557,-24.84328728931062,-9.6230001508233,5.415121479752025,3.0
12.719827680306999,-21.632587997705787,-4.7904649638274375,5.019080798328113,3.0
10.175507605457817,-28.132241022066715,5.402030099313006,2.60882202746372,3.0
11.429901435133365,-32.58786024367422,-15.487043863881215,3.9697207069485216,3.0
10.895468776931658,-29.628687449280314,-13.52930416018236,5.544580909923713,3.0
14.394190725736976,-24.55291142304266,-6.76210117610243,6.17576295356527,3.0
13.912005291154246,-18.789967981754657,-13.129647876211008,7.480877257577685,3.0
20.379193147959946,-30.184660529737158,-13.874558206356397,9.20003284313664,3.0
15.129504038971493,-31.32966381438309,-19.248837020549683,6.605463207466379,3.0
15.354420762038634,-23.929412147032245,-11.964004250155549,6.127326083503491,3.0
11.585722549192493,-20.536062108536175,-4.811140691325007,5.392566907524849,3.0
13.507568490720129,-35.374674910804096,1.9218822703499807,4.1643543933757625,3.0
12.092906049330331,-44.003851127837386,-7.18022536238974,6.746859360549664,3.0
15.923907370778068,-36.727728519033285,-12.729487421430102,4.3776050414449355,3.0
16.136348909878233,-18.298517117602344,-31.51616932850037,5.311888169980341,3.0
17.564565724607544,-17.627899464458057,-13.909398389806697,5.197881804663432,3.0
13.837607387177869,-23.680882330992088,-12.328309576961676,5.887539956815578,3.0
9.392418790825545,-9.640896948644714,-8.399452262634497,6.631354595336688,3.0
13.636823862246171,-21.395185032116647,-2.5742228737027357,5.470903173138372,3.0
17.998181123848905,-27.330575399094744,-9.824082131153848,5.799676975129183,3.0
16.699757072959212,-27.14463838075466,-12.107811137323395,-3.0222251452244726,3.0
16.941133376139636,-27.736725826077823,-14.639494540870759,-5.435938572950854,3.0
15.821856086947227,-29.5939897011724,-13.486906062018196,-9.013642458142444,3.0
11.366207744836043,-27.49521422929827,-11.15618492493412,-10.423217304601645,3.0
11.79169148108042,-16.49714019604665,-12.099132877095652,-11.071336203710146,3.0
12.32464883015653,-22.59618530058122,-6.059222165426025,-11.178681603590563,3.0
13.654322952775619,-12.643831905793643,-3.8917310280622974,-11.38940492846191,3.0
16.41253441733353,-11.53078611006536,0.45597975217848585,-12.508498524400675,3.0
16.149336008633465,-14.313568131616561,-1.6199689661232206,-14.450359522224716,3.0
20.880739111156128,-22.010107406706094,-15.745806075214098,-11.955776126258769,3.0
17.873085478099508,-20.288150923465263,-18.97446725557152,-10.000025160275907,3.0
14.836169407233825,-20.218045904568868,-15.212976573128632,-12.55523720051271,3.0
14.66629966312511,-29.011260722117193,-9.049747778433243,-13.864703543277805,3.0
13.459225122449958,-23.76872832213227,-9.33808958287351,-11.802009627889266,3.0
13.932210617864207,-27.92548912712278,-7.468096177879919,-12.532495993842735,3.0
10.824308831388723,-21.398253982312703,-12.782677654676894,-12.10507310225199,3.0
11.324309878285916,-19.669821195423047,-2.6664812811958916,-11.863820622340464,3.0
17.05988042734547,-29.466733578860776,-13.984304471392104,-12.842998783852451,3.0
16.678073457010672,-23.256615514001016,-19.14965116176076,-13.111275755734313,3.0
13.354298061260947,-20.199913280094336,-21.250362244225975,-11.260342158149648,3.0
14.89884409152048,-28.49117373025653,5.6780005628566546,-9.65393159970618,3.0
12.519296472699374,-19.149417274855146,-3.6952903784356526,-11.729061775923787,3.0
17.32396811800241,-11.256897877245468,-10.256373180042743,-10.94009713775604,3.0
10.775163241484933,-18.54362350388238,-21.78095847864902,-11.614868149887283,3.0
10.500533724139611,-17.858911928237983,-15.295170338614225,-11.188169020818185,3.0
12.723158576077859,-18.821277380515106,-6.121342899582043,-10.574437046130788,3.0
17.800993607230232,-14.479014951025473,-24.624360464782267,-10.180563416218423,3.0
15.573234023088212,-20.55598911034905,-21.628341971005657,-11.528870724419322,3.0
15.808530130606625,-19.675550462300524,-25.49274425497537,-12.455372944212323,3.0
14.877691085193007,-17.845275674571294,-29.175355403414727,-12.13089812876073,3.0
11.399854330116442,-23.26718352937469,-29.758518575766765,-11.662678913614565,3.0
15.297583180311477,-14.08596581496365,-29.998280520304238,-12.576751645766745,3.0
18.00334624279975,-23.119942103156006,-12.971531620854828,-12.661474125906935,3.0
18.61375977163311,-19.90824987711337,-15.930604338707962,-12.678378765771765,3.0
18.402667328641176,-34.214900492551706,-14.285527803302795,-11.546344550631304,3.0
17.38525950698892,-36.60337804561399,-14.336916376833383,-10.814199214920926,3.0
17.3487322028531,-15.942192275869768,-8.210409750577222,-9.64430941615539,3.0
12.691276124648454,-22.751623494175952,-3.2734414588652543,-12.252179365558899,3.0
12.010165914815882,-31.91874409734598,8.404378517905863,-12.035698540805095,3.0
11.05164333092431,-21.137605852520394,7.010650778352058,-12.099027318481362,3.0
15.028892086504126,-33.89047525441893,-1.3237004506540888,-11.995868150089532,3.0
13.29983401832479,-19.78019292400464,-16.30484936284745,-11.088844979240303,3.0
12.39541094908176,-26.970514149692164,-23.57344648017552,-12.40756556016309,3.0
13.037184937755693,-21.538612390053803,-19.538106706992355,-4.008134090665613,3.0
12.65934630125908,-16.82573748485647,-15.51695681360276,-0.008991902513929118,3.0
15.404448654791926,-16.58570003818528,-4.242616970068655,1.1501073136528612,3.0
16.542140599908482,-27.435011697116444,-3.6777287494003676,2.3020958950926413,3.0
19.120648014686356,-14.723563413661097,6.934259060527335,4.314366476233445,3.0
17.756988219442807,-12.788655984485889,7.3916091592294,4.479390401871417,3.0
16.261134797539363,-13.511831837815542,-9.561618789881136,3.995681725465466,3.0
16.94341861807751,-0.5374293157662073,-14.294139689412347,2.130626998637778,3.0
14.92389666127877,-11.106191470907493,-8.332886902123668,0.6283912674545991,3.0
17.548188362301595,-22.45502966041096,-11.140165074260622,3.7009976705167933,3.0
14.300318254352918,-15.963531016556225,-7.9677243217593645,3.4882022850121825,3.0
12.331184679799382,-11.127293074941006,-3.032606712055154,3.844708857388161,3.0
11.277057737710486,-10.49188210966783,-8.425610717445968,3.618112479249719,3.0
10.776467713060876,-18.07987470699487,-11.649578332055658,1.7976585083495882,3.0
13.620877013450716,-20.386814053612433,-10.801093119895473,1.8896189423781513,3.0
12.290160684503018,-14.734127388702152,-16.114313349207485,1.7096435367525555,3.0
11.981761988798127,-23.555663912864155,-11.533182544349593,2.7159083546960296,3.0
8.9421773713021,-22.505935978563315,-5.2934097161106894,2.6594301341126445,3.0
13.712484014298097,-16.949913305211943,-2.8165203789767617,3.286537360028304,3.0
12.581065069728975,-18.503341385377908,-6.731328469127078,2.6569218006732997,3.0
8.457723900403955,-22.882251676882305,-13.03273497080061,2.4633250627666667,3.0
13.890574759950022,-22.880212335445762,-6.659310224335213,4.183103024720438,3.0
11.51486455795499,-16.78860684559805,-8.283510135535568,4.467182829999667,3.0
15.433662914561538,-24.932176127249424,-27.27575826385793,5.19375502078952,3.0
15.211830242893239,-24.359458118662317,-26.366374047466152,4.679048383555882,3.0
16.715767470923574,-37.143549934685055,-21.542482769210384,3.608432160421852,3.0
16.511689610889455,-22.535392920776573,-20.900266450888893,1.5073535295374956,3.0
14.811863504124153,-22.12184230410366,-14.584650277998401,0.7074034567977373,3.0
10.517834782249434,-9.696702481593949,-17.323231420366398,2.420357844214722,3.0
8.31731161108718,-21.726496298266248,-19.365431103272872,3.0861302593992543,3.0
10.599662099388889,-22.04986635323232,-31.235565141260835,1.7197737598778264,3.0
13.586126875569306,-20.59050721893807,-15.636870491746699,2.3981865303194576,3.0
14.430210213485658,-23.07999502710726,-17.43050571197332,0.7556567205980931,3.0
13.38668429289581,-24.038662772900608,-5.888977222388277,0.7046219011934955,3.0
13.054377640339052,-24.605829595230837,-7.621622032209427,-0.6293755754783568,3.0
17.10035010784725,-19.99091642263578,-9.245253098178257,0.8575113031033635,3.0
20.321771562006987,-19.234921419766124,-11.092261012398145,1.4276425518695337,3.0
15.965126936985026,-20.761003011603037,-9.262490777124167,0.430522210661046,3.0
16.713341455068832,-17.292398152545296,-5.712670696545514,0.6958990719381641,3.0
13.886744395510414,-12.497706267189553,-8.642455672198091,0.4364187637090564,3.0
14.750655051582058,-5.383570706781871,-12.384428965530017,2.4732938568553022,3.0
13.332307850447204,-12.744880857312502,-14.86349855819913,3.5402990160661805,3.0
15.750051282939184,-18.382406566133984,-24.865796943279058,1.818294220791365,3.0
19.954817267814125,-26.600419376294965,-29.975100771320207,6.827249742185964,3.0
19.327635901900752,-25.085105343606244,-19.48214222958466,10.284270592857563,3.0
14.718540799577397,-21.28096541817291,-18.373642028726337,9.827142059952273,3.0
15.388165879927051,-12.049588302885187,-20.779212252721578,12.528003025164711,3.0
12.86463626817704,-23.563353102667016,-16.771070469161806,12.487920871537673,3.0
8.759562731070414,-20.090554033075676,-18.67595909444415,13.266181015280559,3.0
10.737037172292116,-9.834197861793578,-12.860047130472344,13.106247445583268,3.0
14.517972699390324,-7.4436869428439945,-15.477261329092556,12.453371278704587,3.0
13.779782066784142,-10.101762233306204,-9.758026579171766,14.51410189131092,3.0
15.77705586037976,-24.163365845918527,-16.439974625811015,15.442188881541169,3.0
16.289453387654095,-13.716357321086273,-18.67839889454671,14.21536885838227,3.0
17.94105556598888,-17.753633097560545,-18.346621863474102,13.962940018106352,3.0
14.748452384045795,-23.075354394541257,-17.818325078295775,13.944166580304662,3.0
14.343764023582624,-15.936546332066744,-26.740506726992756,13.40313945147121,3.0
14.857197424689101,-19.740640310825,-24.497198411768395,15.070429120722045,3.0
14.577843555410798,-24.83218873596278,-23.155764609745457,14.889743812324063,3.0
18.15697581889658,-12.885894444661478,-27.644912574554276,16.658257472953345,3.0
15.899486256783169,-14.33953671648972,-18.709319076442263,16.972616535430852,3.0
14.994373736699112,-16.165241245823772,-19.263576782558744,16.065401561479838,3.0
15.81726537732638,-17.700692738212638,-23.663370722680927,14.744724723624497,3.0
17.858120043637967,-24.951183569599216,-23.5672912169293,13.2890149057639,3.0
14.872345185478183,-16.067084316436755,-28.135515391434634,13.371080805411495,3.0
16.038921837032838,-12.721624709433934,-27.50258803478961,15.614944077673899,3.0
14.76380756513884,-27.606391760189606,-19.47415584274838,15.636106383136516,3.0
15.35243878556831,-26.071845932876542,-11.600215313347075,13.97203408273748,3.0
16.13336426627843,-15.130550960562761,-8.615381002505984,13.678037196130301,3.0
12.03973631173946,-17.593823069825444,-12.143903690158787,14.149096904556593,3.0
14.915580112080018,-12.458545162555701,-6.510990826860038,15.612110988077504,3.0
17.879061568657548,-19.04281046062826,-3.7768831089816572,14.426665820161256,3.0
16.64687739146464,-21.689288837321683,-6.844769076039075,12.352408717639825,3.0
13.956137625211914,-22.696700085654104,-9.929525444363996,12.90100082109593,3.0
15.031242824694313,-16.89990575808774,-5.896253484176704,13.707842011921256,3.0
16.95674695280541,-30.875866423032306,-6.7725087875490395,15.620496513724612,3.0
13.85054047064964,-18.609992874968565,-10.370940959119203,17.439754194288636,3.0
14.022907206535756,-15.35509640714477,-11.880507270448586,17.373423857933968,3.0
14.54107030186886,-16.29205002596129,-22.415941237851804,13.801793167594914,3.0
16.979077489739215,-13.926901024252402,-29.1807716317172,15.099510534838743,3.0
18.269393346002552,-6.45107189037528,-14.873814607618947,15.077249886489042,3.0
18.67308941668857,-6.601176939839684,-5.402782022840002,14.761701988899684,3.0
16.659711549302333,-11.0141733414352,-18.92249578491972,12.66270119774589,3.0
12.714269197813529,-16.426450721855318,-19.839881161373597,15.625466315642518,3.0
14.228790224640097,-15.150346730555112,-21.884146559789798,15.362474702005205,3.0
14.520009415753458,-24.978970084425576,-25.201381887070944,15.569810619291985,3.0
13.964840729675837,-30.90813471209283,-12.50182690874927,3.629884268393061,3.0
13.668427170983488,-24.51236652151823,-24.61236088632163,-1.215187961025794,3.0
8.589518845933423,-24.2609204642685,-3.1917190738247516,-2.9497407614518485,3.0
9.143970062462536,-21.41235530800019,-5.740795849145895,-4.208361731823719,3.0
13.627401021947376,-19.246375923383322,-1.3028490771603565,-6.1614131430693035,3.0
15.696127343595915,-19.730475990248774,-4.443727045974258,-6.988106789658916,3.0
19.41299812822719,-24.46782159905259,2.026942042419824,-6.5158535131402955,3.0
17.30384051242278,-11.234441571069384,-13.213854281363446,-6.284243288457244,3.0
14.262972030084612,-15.475191208944214,-7.222668114598109,-8.276578687490952,3.0
10.932370365403532,-17.88691451582965,-13.018895444863412,-6.792589275922808,3.0
11.6917085537601,-22.43886876690274,-12.44050354006116,-5.27286215060926,3.0
14.216983910747407,-29.860475938138258,-14.619326976560473,-4.131802228143284,3.0
17.059471304760113,-22.714744167107654,-3.842164872910679,-5.939941734640232,3.0
17.41565154697063,-21.967523496475714,-2.8550440893298905,-4.983199825128677,3.0
14.978105372617463,-18.08567574032431,-11.389825079879657,-4.661211467440653,3.0
13.24687314962906,-23.13510750227478,-8.227481613000407,-4.168893615327488,3.0
15.63145683258303,-22.568724030204624,-25.146228406558635,-5.089347855239563,3.0
10.869671057000893,-25.655921740120903,-22.283582528458297,-3.1716094300212765,3.0
18.12892377172189,-23.261240891454804,-18.42707164457954,-4.248080487781142,3.0
19.03077616212581,-21.08752080730796,-15.496773889116005,-5.339631065449089,3.0
19.140643490510843,-24.235886326390514,0.5476771806299929,-4.799165501949563,3.0
20.157344284125585,-15.288603563228648,-9.42275693589727,-4.474618465407515,3.0
19.76470659861104,-6.160094457027961,-15.321279752778754,-6.175021074226096,3.0
17.75318130879922,-20.068906272653088,-16.636482818858607,-6.287813001127008,3.0
17.647323383831445,-18.34233192640886,-12.64859171560466,-6.112911285542151,3.0
18.41006903964933,-25.56716391333749,-5.452934796293215,-5.022744177020211,3.0
13.967357178554126,-15.820747849849457,-4.0277569162077205,-5.175002715994145,3.0
14.955047482191059,-9.885127815709177,-17.10869091061387,-7.2791068406268415,3.0
14.902104849790549,-17.514549225819245,-6.434591930040757,-5.759187445011006,3.0
15.063246558565528,-10.402451837951638,8.834331202719024,-5.232141692952459,3.0
16.737105999744667,-8.500756973086688,2.6804051710291077,-2.4773828644954987,3.0
15.715065640733584,-15.746474672862085,-5.562490405152936,-4.654388938427822,3.0
15.528803483161933,-11.139231144221547,-6.416675702987022,-3.305528225496467,3.0
14.861809758797298,-28.50064178307631,-14.173849398861826,-7.714020905416649,3.0
17.987484716468167,-14.642205661008312,2.314966507756491,-5.622569322571629,3.0
14.923852467984531,-18.39895577926709,6.896388316005952,-8.321076442649588,3.0
14.637942589119648,-19.323344330014425,-5.5580780721437115,-6.235453873825386,3.0
12.420205485423367,-25.988043158549225,-15.568099892735642,-5.258140312455104,3.0
13.629527668343595,-28.77696814958791,-19.294574442383784,-7.817449699954842,3.0
13.766932071314123,-12.808118890897632,-24.38781843570692,-7.486973591851047,3.0
14.004662688715984,-7.482664118234867,-22.518837922727656,-5.669812192845545,3.0
18.33023794753387,-19.002281270220283,-19.212493105061924,-6.499028202783944,3.0
19.09924473369437,-19.40266151600512,-21.848510127874643,-4.163771168605743,3.0
18.421285238138754,-24.969115162227332,-12.840559618598196,-4.695997485152511,3.0
14.661098770472028,-23.592452316740584,-8.305302982520947,-6.421450875045679,3.0
14.184367721463468,-24.422574375364942,3.676631880025729,-8.898754750019583,3.0
14.794022291718138,-27.3195216637328,-14.795256119493,-9.283384487600582,3.0
11.698325522330329,-17.166165898558795,-7.393293285996712,-8.055138128567563,3.0
14.701433417594561,-21.68474874550218,-8.45101984204518,-6.7821232376098415,3.0
13.492206610832557,-17.844214491032872,-19.523388710255958,-7.695660290761661,3.0
12.041848310003425,-26.055446728549192,-17.427506031332587,-8.169165409271034,3.0
14.753673091238749,-25.396220292184665,-18.31507939709403,-8.607526591016109,3.0
13.538781266243788,-18.844072090874395,-7.343721087134186,-9.232329695897182,3.0
14.920426540891945,-18.34681952399439,-8.854578002317638,-9.904145648746667,3.0
15.217854519732002,-19.93837524145963,-5.013994463323768,-9.15511697426468,3.0
15.984393103678256,-12.020808171677986,-7.564837522630731,-9.860052335533075,3.0
13.827741101081465,-15.598962717153166,-7.312140109760202,-9.412487082546827,3.0
11.273925597006581,-17.119856895369512,-19.330304913534903,-10.765688631778291,3.0
15.114305667669136,-9.904324184080183,-19.238116668216595,-6.972655658482391,3.0
15.203208350054034,-7.88088728383721,-16.195728288732077,-5.3524381025325205,3.0
18.27522552221572,-26.579111704763896,-10.980004121728683,-7.706360800386972,3.0
14.182196191897235,-30.3488113531886,-7.230787113348754,-8.816613558434671,3.0
18.93889171194161,-24.788601452028264,-19.588637807121387,-8.067697339049133,3.0
20.494763457381186,-28.474525299638678,-17.694926782889198,-6.836777448352348,3.0
15.61429496395197,-33.82887743948619,-12.376709463393594,-7.7747532131552965,3.0
13.664893031173598,-31.02116695400447,-7.109774182126203,-8.482411425856835,3.0
11.99759780477789,-31.321588319326896,-7.808448904304907,-8.282481695882128,3.0
13.763751257037724,-25.208307550352238,-18.173076474945784,-7.222876723594804,3.0
14.34849572300683,-15.428787504823674,-15.499268055421963,-6.365486192499985,3.0
15.038351848334422,-17.375080523306583,-16.05657185644657,-7.727692971936804,3.0
14.476770322910477,-22.2014645176103,-14.155423297598656,-8.056450367374719,3.0
16.609014973944547,-18.657353497692046,-13.517887835319215,-7.3882003401017045,3.0
20.195219739554652,-17.512865693279796,-15.054414664792418,-7.744796745631484,3.0
20.515319356022893,-13.624829029838454,-17.431797492608162,-9.624544592761055,3.0
18.521841977869947,-17.665804987128688,-20.028367844366382,-10.130249823612404,3.0
17.4331421868726,-21.165409843574693,-7.877842487431932,-9.933663526568393,3.0
14.857273804553696,-31.577444924235543,-15.947087853453132,-7.807865822112198,3.0
12.470334393596547,-29.343282039866086,-10.523532608616193,-8.75391073783665,3.0
14.912031456434422,-16.30359401581921,-9.019333263438531,-7.614940020328491,3.0
13.64707413723625,-17.435639862164827,-7.804196406529811,-6.608820576841931,3.0
19.15934811977097,-19.82557217607132,-9.624593607726192,-7.447152101481761,3.0
17.32804588849474,-20.992227267697174,-11.610020332999015,-7.333771118176315,3.0
18.91786764939507,-25.982307879265612,-7.951294315686018,-7.530312557397474,3.0
19.45797065327522,-21.829256196154844,-2.9360054280334236,-7.960109284262278,3.0
17.061122186462708,-36.26600077736011,-9.011986460892302,-7.381272224098814,3.0
11.329883737784602,-26.79179766014228,-14.330827241111912,-9.950051339931333,3.0
9.356070397411077,-11.896628929717501,-11.560853308163384,-2.3692055876027123,3.0
9.924431612965975,-25.893781479529785,-17.597213833650315,-1.3548797574176246,3.0
15.294363800323222,-4.862961999614246,-5.390263839624209,1.8584561342722377,3.0
18.32196007062822,-18.411142025295725,-12.636294780935359,0.8739602228457819,3.0
17.629188646090427,-14.47994788610079,-10.547039677723117,-0.0001366157116483302,3.0
18.916387900515844,-13.027622995579689,-17.310906245749678,2.1116249425867495,3.0
21.393475760264277,-12.538108044670532,-18.626103946566474,2.7141355907662215,3.0
14.918522587529147,-10.937286022303137,-21.01973141099064,2.856283560711761,3.0
18.51623747675129,-10.791980194574709,-18.879935406687547,1.3527719110072445,3.0
13.487093707784734,-19.538758068581885,-7.371626568507118,0.3915876810970865,3.0
10.486094637831755,-14.311106385625498,-6.222637440198849,-0.8347596802256814,3.0
9.06882803467833,-17.00413375568772,-10.862082964590627,-0.6779692178745144,3.0
9.845507200499636,-16.065010170274316,-10.439818933968208,-2.7997195177295224,3.0
9.11203218942645,-28.739659750012912,-8.953231068571402,-0.7163274743665392,3.0
9.52913314747713,-22.029488573433657,-4.367835803000032,-2.0996241629984294,3.0
11.077738706813342,-19.876499625581346,-6.69024166090535,1.1214075413629845,3.0
14.723824755225907,-21.7792485624502,-16.934140026462316,1.2677650557970912,3.0
10.605958217333063,-28.78618134455048,-12.362192420466059,0.3800196464650907,3.0
10.857633220776256,-30.751834959979487,-15.488593511544964,1.9666852283732115,3.0
10.89815459889996,-24.347382126631206,-17.354281755439597,1.5755037411383004,3.0
13.282725543999923,-24.86599006656053,-3.5806814908074176,-0.04848479943271311,3.0
13.415673499464646,-24.505028025200616,-8.81780338753159,1.3145398721110526,3.0
16.48697284865541,-19.165277964778603,-6.6251621005513055,1.9409496233306944,3.0
17.373051325833508,-22.92313406078241,-10.540470822127729,0.7795507842466033,3.0
11.22629649958515,-8.851964140284881,-2.8399251334944235,0.8713169284830633,3.0
14.594515031042501,-14.637308140725398,0.16929645990353848,0.1174867420161605,3.0
12.80918540884122,-13.960459079260527,-9.524700176517168,1.5581673641637928,3.0
14.117376080892543,-16.43046829950962,-2.6323255329703557,0.5719320627756943,3.0
15.7540757513126,-20.03481383032362,-11.41878225655689,2.6579959728588545,3.0
17.87919267696563,-20.123682256164603,-11.216666488500536,2.0108900898990054,3.0
16.766619115295168,-31.094255768863007,-11.133561056143318,1.0028773767680346,3.0
15.213680000082904,-26.601877979416187,-7.209694422651768,3.2205661211184418,3.0
15.74875058560854,-35.039722596053764,-8.53525234086376,2.6155809510689756,3.0
17.337471033414136,-28.850510290330515,-7.183007955933216,1.1424387413284618,3.0
20.354977478504804,-12.282165394808525,-10.620685676497452,3.986632743284231,3.0
16.10005813521334,-14.62532223759258,-20.966996535936307,4.829633868875963,3.0
16.19629276147827,-21.456535533715893,-21.828069255273142,2.3552304310891685,3.0
11.859714325639722,-32.202958122259616,-11.508717742851388,0.8792970183041106,3.0
15.079294040527486,-20.412568467715065,-12.512480078014654,-0.15995823500581485,3.0
15.110740297653907,-20.731239722656554,-7.140009315932279,1.3573703228766423,3.0
14.139854213070018,-28.710763291961094,-8.553400636036052,2.4031819041764773,3.0
12.900886722138704,-25.975542502426183,-4.912811140001495,2.904751452458601,3.0
16.188933276656833,-6.121072986819108,-7.616699437972741,2.2748076126991785,3.0
18.56007198767115,-3.0092589615652336,-12.489845405412467,8.122747807019561,3.0
15.305414288693491,-14.281344862233059,-8.796066946813076,13.76042122787836,3.0
15.824835246195972,-11.459488306348257,-12.290971198097713,13.762519638838828,3.0
15.968111295206771,-9.172263924349803,-13.926612338317227,13.969614358476525,3.0
15.431654000362855,-22.059522552004303,-13.729397978530319,12.658988928254514,3.0
16.889481035235146,-32.36687952866765,-14.714401204455235,15.13658307246752,3.0
17.23805158142975,-21.821726486900083,-14.539966256888068,14.085049521647093,3.0
16.753858239308173,-29.411388901651947,-23.149757044545773,12.638384589487952,3.0
15.35319793401381,-18.05933844912045,-10.533969387645689,13.550934044898739,3.0
12.45691478804142,-26.285588701726084,-14.607332460185471,14.678529540614957,3.0
9.075378581484847,-23.70843701443469,-4.156088056414141,17.799895602114866,3.0
14.424040242516751,-28.23278321447158,-4.679214385151228,15.79726597632043,3.0
12.397757983915595,-17.3608847614783,-9.744900637549838,13.4840344868353,3.0
12.314550835339904,-29.805497979264608,-18.241949681224668,14.081660529392623,3.0
11.423067048378279,-32.61992207591887,-0.4901435807950172,15.642331026889886,3.0
11.670247983722586,-19.210829415998496,2.9614237841136344,14.031867104453125,3.0
14.846230049536107,-22.140677666023127,-8.749164781835999,12.289464617131959,3.0
13.682798047383711,-18.947244516190427,-15.82744454536547,14.426390299675786,3.0
13.013093298565728,-25.545975657976218,-20.330596927882695,14.257893889322272,3.0
17.05073653286988,-28.98556061271251,-19.682878911059344,16.168422568489024,3.0
14.01356345720215,-19.96011490029895,-27.117595315670492,16.881514478724938,3.0
9.942642324236932,-11.073088486344144,-25.107315161122617,13.557768017977484,3.0
17.40667467965803,-11.814672122950496,-19.307624757845595,12.857240468728389,3.0
15.084350122428495,-23.47667334151275,-5.829955579453051,10.863560723158347,3.0
17.18056967289496,-28.06284531129606,-12.676746218862466,12.875575269850911,3.0
17.044048918901307,-23.148047832732367,-8.625338632371534,13.360623950438384,3.0
16.027932347385804,-23.80097416776438,-13.948405350302416,13.086418379601266,3.0
14.866905073109864,-33.46984416969934,-7.7473097670430775,13.416962378703904,3.0
17.13864400033453,-18.54148682095161,-23.360018131498343,12.364334363294724,3.0
16.37550512357518,-16.268625833720776,-5.031424744592163,11.195579786842451,3.0
20.171256287542107,-28.440331737904405,-8.864792046873843,11.27725853695,3.0
20.534793106496096,-24.603078415495958,2.268302575906862,12.8872447698106,3.0
16.464921024667962,-14.522633818357782,-7.308560306764307,15.985318827354973,3.0
14.753344123055744,-16.786715600469105,1.943015253117478,15.767374728174522,3.0
12.149836950469902,-11.659830044437907,-9.33270498807045,14.9290063567865,3.0
11.768794656535592,-16.9271672291927,-15.178142690255077,13.310576759629742,3.0
15.26212790503046,-8.094313092576733,-10.739974183300133,11.768568873426569,3.0
15.756055145833589,-18.231388229977075,-20.361363740774145,10.797901989760266,3.0
12.637401794686754,-7.080519989365902,-22.70011864430586,12.281380433322733,3.0
15.535121660085297,-12.960910011158248,-5.5802561752231155,13.314142909433707,3.0
11.955475011122413,-9.727825912087035,-14.19253923216825,13.826066830017382,3.0
14.331372178862464,-22.647470149963567,-9.50253998879589,14.428000860225648,3.0
15.197559287701635,-22.162562789847478,-11.587070772859173,12.1000761435232,3.0
11.985277919761018,-17.243724021071685,-15.490374713215335,1.3529272495632252,3.0
8.64987462943214,-23.16716002178131,-7.588599358728543,-2.8613784631691837,3.0
7.245555560597616,-25.6366429239364,-19.41377615567864,-4.277052504424869,3.0
7.975782196419193,-24.35630661723964,-22.29901331208883,-6.761943372418282,3.0
7.602531334457888,-6.346143894788003,-17.400880657610315,-8.222729524171648,3.0
12.503651074923289,-15.883767621024004,-20.66243404630201,-10.131453399238593,3.0
14.320967788816068,-27.0723838705196,-5.781422726004037,-8.316190376300412,3.0
14.582789003844512,-30.67552034188894,-9.609291422542285,-8.173220222414335,3.0
12.834572341340005,-26.258427175371782,-17.78673341188624,-7.258695885167766,3.0
11.760530924733791,-24.38549741315386,-20.2847473613551,-5.226798483599519,3.0
12.864077255561144,-15.311122710189315,-17.95030977207652,-6.7597616806788,3.0
11.708675540062526,-24.6647777053261,-14.258174916622423,-6.179010816674534,3.0
13.59049416990046,-13.992674744737192,-6.049153639806219,-7.81142229222026,3.0
15.098236169188418,-28.43613886095697,-14.121589406536462,-9.3719699770552,3.0
16.621677582495163,-18.274152552250055,-13.597488100766164,-10.45385465842709,3.0
17.45147104358344,-3.2891822943195415,-16.92574677085555,-9.35258162785182,3.0
21.662116867075262,-5.672588783219748,-10.243641000235142,-9.732808739246892,3.0
19.167347516443417,-19.395938373365418,-13.791370876428754,-8.509935061553797,3.0
17.052003394468368,-23.12606511462403,-23.152293149399295,-8.766440785162585,3.0
14.958298724114487,-24.277123716790236,-9.734170289516708,-8.430597468395355,3.0
12.934843845712255,-28.86530162503012,-19.36296908157471,-10.385453091426104,3.0
10.009336417488594,-36.05111658956592,-16.11790858656629,-8.128342443028515,3.0
14.442444594371048,-28.010831830138592,-6.362815245345258,-9.941708802289654,3.0
15.217637929730278,-20.913933885888593,-11.065470529706843,-8.203136776545001,3.0
17.423450077717018,-11.920806802364753,-22.009017138582017,-9.556002902756235,3.0
13.800501394783883,-8.361106962150131,-21.901273049257277,-9.056795432899062,3.0
14.622587586683121,-24.735671003309548,-26.86115794899935,-6.4267855480034,3.0
15.890672666484697,-20.516707146594744,-18.191265137185496,-7.852002354791325,3.0
19.00045459430138,-10.880842503053866,-19.75816668627732,-8.235077352471503,3.0
15.90179779403531,-9.782822185446502,-19.318258507796212,-8.11589023557117,3.0
13.27814467014361,-14.889967191687647,-17.742752719733083,-6.637003843045992,3.0
16.59782425407361,-17.421939515227532,-15.850660521200766,-6.650559742635834,3.0
16.827670842476522,-9.34354081326611,-14.371936102604057,-6.999826859930185,3.0
15.125540155484886,-13.336382489256284,-20.359656014549074,-7.155061667005797,3.0
15.897357663425257,-20.4917639998364,-18.504237431607145,-7.638238616948282,3.0
16.644239426441693,-26.00041958476129,-19.603247272498415,-7.800120842262459,3.0
20.098128864966085,-23.89115044542451,-16.462001030651468,-8.057689014041285,3.0
17.637828138170182,-25.6535154415933,-9.455774517013715,-7.731144351558321,3.0
18.07395917292791,-17.20447626094776,-22.261726815382808,-9.326460312478456,3.0
14.766337773776737,-32.10566332183046,-9.113193623591577,-10.307897241099273,3.0
17.346162830119248,-27.35763264164784,-8.215397323749743,-8.61700864609654,3.0
20.44222666399445,-15.083190567115391,-12.809862517052714,-6.722799172720549,3.0
18.8320810537247,-18.856580782444247,-16.90297632444785,-4.245676011452498,3.0
15.118612727421052,-16.37313826969463,-17.884815902649727,-8.418760297206141,3.0
15.60141489762857,-16.235597429808372,-12.238800700165353,-10.95549846910814,3.0
13.950997790104887,-10.72185678508857,-15.729917732724196,-12.784448281001938,3.0
18.691609921185,-19.301935007232995,-12.308912783804375,-12.612869847016773,3.0
20.54713078560611,-22.447806044236778,-13.843307997413623,-13.923499378516558,3.0
20.389654954581424,-3.5199268033410576,-11.60436294111419,-14.399490760075581,3.0
20.140592943819925,-1.765250521245468,-2.0013131853101296,-13.43956551599162,3.0
18.21123325082086,-14.918772931948407,-7.1290794528742305,-15.616783024141155,3.0
13.783347657358435,-17.565197349284567,-12.329679169583539,-15.52459466204634,3.0
13.115368414841157,-24.230878070730288,-12.462030211621839,-17.924432492094354,3.0
19.417502727725378,-23.74428027344416,-18.518236408938876,-18.125228369256654,3.0
19.19306603275185,-9.968229610872175,-20.303231851252434,-19.085216873436792,3.0
16.37892960032297,-11.186135735617759,-17.492536504429495,-17.446854101444707,3.0
21.430726992220947,-20.221841067067267,-19.0798512224635,-15.894910417094087,3.0
16.656679922076073,-18.16563049565372,-14.814429855985098,-15.266179676822148,3.0
16.85234545264989,-15.092124594247599,2.1966480791208456,-16.025186728074225,3.0
11.095530664133248,-28.329864982141906,-12.947281648789879,-13.944887700795459,3.0
12.138357679595002,-21.088473886338626,-12.496571678132797,-14.534496827972816,3.0
10.734313557306542,-15.825134732523955,-19.898342858150173,-12.424078173696518,3.0
13.191099057983742,-14.206089947635176,-8.643066320627433,-13.381453141510606,3.0
17.236609023682607,-15.279139615296968,-14.163009913234632,-13.272027055836137,3.0
16.5817781325204,-7.658208722289629,-11.982405321476334,-14.584959807657588,3.0
14.392013950449943,-8.56433343920741,-25.59987752297255,-14.989396092747501,3.0
15.518325534016016,-31.702304540070312,-26.521127575757223,-15.277401608015634,3.0
19.51114849610082,-26.390638215073324,-15.039740075718848,-14.680828170581652,3.0
18.23022104598508,-25.717839585994838,-4.107487157577644,-15.565436255108342,3.0
19.536844829247762,-31.374941799247388,-7.562014895733647,-14.238481332045236,3.0
18.009664814045458,-24.272667274548212,-9.270221066451164,-14.4551789077024,3.0
19.495859823569745,-30.884607139773344,-16.397447013530545,-14.073575705143464,3.0
19.330903646624172,-31.035062491217257,-10.476320617891332,-13.319629390180276,3.0
16.103168117244984,-29.27365272879275,-17.701743253536577,-14.469654404491465,3.0
14.598252034582417,-26.248598694744754,-14.425349340100514,-13.353994441700854,3.0
17.991562621886906,-25.3309581634875,-11.75116660883788,-13.360649181770507,3.0
17.723181642507207,-21.442004704621493,-17.099810505927245,-13.01733610773396,3.0
17.880556774631618,-35.604843271166686,-22.527967167282462,-15.003301243414722,3.0
15.589283561554971,-22.45599933930029,-9.315507012544227,-14.796119608298792,3.0
14.957033835083935,-13.932552961001193,-13.720742104491054,-15.045629026277817,3.0
12.001579467448252,-17.641556936764026,-18.646265731615674,-15.236001463654956,3.0
13.94694255866696,-19.608731345300296,-17.815451023965537,-15.47001073887128,3.0
17.974382111442832,-23.410190894299514,-21.954320897274588,-15.918646767033593,3.0
11.625717817844473,-25.588010295096755,-5.532085620821748,-15.26839934200395,3.0
17.05928601567538,-24.63757590347778,-13.982263184638363,-16.087489495171464,3.0
18.664381821396645,-24.686592521384284,-8.240713285471838,-14.502796587294478,3.0
17.98311651880436,1.4133562766289707,-10.152136432482038,1.0417283278459186,3.0
14.618560235310591,-19.627283628402722,-29.77557064904508,7.763653924437852,3.0
13.509188142209752,-15.56112912308236,-20.124709543696575,12.409956222396966,3.0
17.599854605339722,-23.630930548628477,-15.836797843771874,12.026206698921088,3.0
14.908946672135665,-20.8494990190067,-8.31475675847443,12.750229734580952,3.0
12.196910426400066,-15.91989930567352,-2.4108824287779065,15.244791854573757,3.0
10.7708985126634,-17.01712587437183,12.59717412661746,15.663387205461044,3.0
12.290177108439595,-11.439861209120174,-1.2607309568974774,16.674415576381065,3.0
13.651599050212884,-15.795085574050372,-0.12017628242968925,17.16265946712246,3.0
15.396901419271714,-19.81419284109362,-1.4411723181236304,15.649361155582117,3.0
14.967988783169512,-30.801927555566582,-3.83822542754535,17.004714801131897,3.0
16.985580961822535,-18.746770643884208,11.491810233051373,15.35244536044083,3.0
15.889333317010559,-8.833392718716167,3.7932493776224394,16.41724175532577,3.0
16.213649268652457,-26.18428648170341,-5.2681716716550255,15.669886541543573,3.0
16.381252193614916,-13.756214832964151,-11.248932368700515,16.695755352048213,3.0
15.615572797780796,-20.77226103201783,-14.199025587669814,15.429656739141983,3.0
12.392080556194458,-20.548648699160637,-11.890640356760388,14.640884598880815,3.0
13.68033493973007,-13.12443152568627,-8.830136118901326,14.110684389179088,3.0
17.210598564304895,-16.92539134274589,-11.888924236310306,14.202803790378466,3.0
14.791245385700245,-11.49737457110049,-6.066232911971203,15.809983197988416,3.0
13.757351018400465,-5.233165816541769,-9.199413147332747,14.986579087683142,3.0
16.375082015146628,-16.11654722179898,0.6038861895083159,15.071117246330331,3.0
18.434502550051743,-26.07983059980676,8.131219636160832,15.077546029886465,3.0
21.812403332185845,-28.87792253897665,-8.097799281168928,16.346988174420403,3.0
18.828253353514455,-15.695727722999324,-11.978428347120854,15.760159886904578,3.0
20.86711095629542,-17.7598223122908,-14.260202505638883,16.995699980740063,3.0
20.68583093511839,-23.155952466992115,-10.87176252371268,16.172155272779914,3.0
10.772479648433556,-15.015624058785985,-4.388643596930869,17.267158614763023,3.0
11.407902891374292,-17.114249480622025,-5.741009908509721,17.99816344176952,3.0
17.635844686994353,-23.731388970071457,-7.572457206998414,18.29145864498905,3.0
17.781324222931442,-31.6915325310585,-11.692629771235504,17.312471455461846,3.0
16.904779776768702,-20.397124369192262,-22.071051879123093,15.335200936871177,3.0
16.99025215539812,-13.672493118090696,-11.457543751741014,14.524622082408635,3.0
17.510535954090965,-21.71679150382713,-15.929864771249418,15.884610951125463,3.0
13.327413481267111,-15.579852181324803,-11.781235561752991,15.991701177189796,3.0
13.068167510546505,-20.113813987491667,-16.423439946045935,15.58512105615512,3.0
9.621325611324373,-20.36851786362554,-20.775661685910748,17.314958397379193,3.0
15.95595958033465,-4.504724763474339,-21.209546990073573,15.802385808711026,3.0
15.543029027595388,-6.4219198625786245,-15.408437543695394,15.286515106127778,3.0
18.390786593134184,-10.295065531589028,-14.91974095877919,15.533973242744286,3.0
18.96305920156585,-14.288581335096222,-12.621283494867184,14.328556999891013,3.0
16.382151026993153,-19.78598110692364,-12.362088092005582,14.806746462161643,3.0
16.824241770422272,-22.74166702908256,-11.856362612518238,14.535663883377477,3.0
15.191794798178499,-22.24811136384614,-21.749783874818377,15.40042475260063,3.0
10.71416490750229,-25.60134508888204,-16.218103341915388,16.39224001038032,3.0
12.289556544752092,-21.174521397766437,-24.30540465884594,17.751636960069085,3.0
17.91056270029017,-3.066085341620731,-15.856930634877248,18.26677979918285,3.0
12.978400445631525,-1.6633545504872362,-25.421410155705495,19.141398887524087,3.0
12.641655244835139,-3.5540028066875102,-15.348724399151934,19.33227021137137,3.0
12.530455872519944,-7.594021423356352,-8.965475439755465,19.35937811217552,3.0
14.98664237926859,-11.649914585536301,-22.876520002724206,18.85601498954546,3.0
12.528537576108626,-13.924918737258938,-11.371200918682156,18.107854724231366,3.0
14.524378798535126,-38.75465124632835,-25.067731104555918,17.425240974180106,3.0
16.38835201638915,-24.740820512856438,-28.89958234243189,17.791758454180332,3.0
19.393845132626087,-30.737752483640755,-20.985095413547974,20.65471339033471,3.0
17.90610420453637,-16.7839841188985,-19.227999129803496,19.174661567506405,3.0
13.409322788302687,-14.96567378521386,-27.07566704605145,19.99722767149259,3.0
15.30601012376938,-22.082104542791658,-20.839162564170607,19.323483390559,3.0
20.058784365235937,-32.82795862392579,-15.875212142727957,15.779869499326765,3.0
19.058504004312717,-25.215617090275973,-5.305233698338611,17.33768751737101,3.0
17.442657978988247,-25.192271510477497,-10.37391234371805,15.24047299349753,3.0
15.862845293555718,-22.33268339982919,-22.671527340302,17.73774694927937,3.0
13.026788660756809,-14.032979077130712,-12.292384475882518,16.843705967685782,3.0
14.378150788357962,-18.952212118953522,-13.509903918701767,17.420982522777795,3.0
13.735063863944685,-21.243597954742604,-21.069118331268694,17.038677132294644,3.0
15.234912367686722,-25.1926867529584,-13.105121821444476,17.27353699958727,3.0
12.10408452493942,-29.17315878642166,-11.322528371948732,17.729211712139335,3.0
12.310845577184544,-24.39483829181527,-22.533161656012233,17.505345857717952,3.0
13.19419851009073,-14.108520802322545,-12.626031886882487,19.145619922401824,3.0
11.19599189790748,-22.817035125623008,-9.346971919205831,16.286145503198718,3.0
14.810392030991121,-16.805358559089125,-6.531600766760924,16.628118008438406,3.0
10.674651563433835,-20.00197807644703,-5.342021463222601,16.493127732591287,3.0
16.261059913073453,-14.976388591118432,-14.596909802077748,16.21096485963537,3.0
14.780370315076304,-19.6308542132427,-10.6011347719445,18.452988249596153,3.0
16.379607366653186,-23.796157873145688,-20.318037950406175,17.45521270891907,3.0
16.609723197689902,-26.50315766869731,-3.7968529455179354,17.430622243400933,3.0
12.534777346604297,-26.040530057739744,-6.366798066553684,17.56575588050511,3.0
14.092180126482116,-30.608753932538704,-8.261686705185886,17.647897070384126,3.0
12.135643873349126,-23.888225962909758,-21.844785850014993,18.42732607978337,3.0
11.692632157665596,-27.162621738155156,-21.141343240653093,19.329554678928012,3.0
14.967715867988664,-27.001686172867334,-11.513219815720953,18.52534696030897,3.0
14.906909588296678,-12.99226589963296,-26.0911308947773,18.299171878808302,3.0
14.193551517068837,-29.452668029486848,-22.919521947388148,18.59806064475071,3.0
14.51127124038594,-29.066887019948606,-20.612412148045788,19.211902830865554,3.0
14.449797942111477,-27.9709186178944,-18.646319242529003,17.496152455935835,3.0
17.08895900088577,-15.765293459571142,-10.852906172961116,19.552762728694965,3.0
17.745452280715273,-11.826526610796718,-21.598387230696467,4.295782167738619,3.0
14.417130661899382,-19.780309877755577,-17.850644653692072,-2.3960738146543497,3.0
9.352770197662279,-16.294908853104626,-24.6047168855859,-7.247724631103348,3.0
15.073040327039697,-23.472918495276975,-17.95631984249457,-7.8320698220190685,3.0
19.253607431842227,-11.581255897683778,-23.27015387598903,-9.226165448417033,3.0
18.51064989646961,-1.1761928169988778,-23.507918648945402,-8.076375576787928,3.0
15.171933246152522,-13.734942610999468,-19.047350826229795,-8.48844728850848,3.0
17.016675020367874,-10.070352760943965,-27.28645568412763,-7.0587201773231,3.0
14.228671697285431,-13.913078757956667,-7.589699943954147,-8.007430165192321,3.0
14.66466599335141,-10.157468573472098,-10.035602568998478,-9.982975559011551,3.0
16.034489891999335,-6.353834533436048,-2.251399277058322,-8.077048331045928,3.0
14.784591805201428,-21.070651268261496,-12.120799491748194,-9.191077883819727,3.0
15.45155579499762,-27.523896580610902,-11.33387560658775,-8.352396023896821,3.0
11.143717052533193,-26.535762352372565,-14.970618016922275,-8.551153986006124,3.0
12.818360602940999,-33.00011102425181,-22.317798529481973,-9.52187254710944,3.0
15.44707640085949,-23.530821496883043,-12.645447088687407,-8.35538665353836,3.0
14.207443074378018,-19.394623709070096,-11.839531090499175,-9.301636243409492,3.0
14.993662280102754,-22.86566596649033,-18.88506369649385,-8.37265432088889,3.0
12.530387042708306,-23.403520217019484,-11.349678679925999,-8.24693675520684,3.0
13.581134949712972,-9.678453732936566,-1.5683428006673594,-10.417507365484171,3.0
16.55932420732808,-11.876567199549186,-5.442136625884508,-10.815621310113464,3.0
15.748962485860456,-9.321485722635419,-15.126269210413874,-10.088995237357505,3.0
17.848330470604136,-12.460355047618432,-8.600940548301809,-10.3636852206354,3.0
13.628238872748852,-16.119405587687176,-17.207978149720827,-9.326536986541958,3.0
13.135200286559364,-10.05020224438074,-22.083782331235888,-9.430911900426844,3.0
15.708272819503664,-16.010551862465814,-24.376498620403673,-9.909596892296655,3.0
14.298899347174695,-3.053365569578686,-17.33678835289651,-10.55076712570262,3.0
14.93550729515635,-14.94082568739546,-20.26443115246596,-10.72295124546388,3.0
17.71595245897458,-7.381599504975178,-12.934201842801505,-11.09321958759167,3.0
16.113912684469035,-27.9722111073376,-21.57509173012786,-9.543374422184105,3.0
14.25147276407391,-17.06917885265051,-14.523175142593795,-8.773127866697823,3.0
17.799473530736986,-13.503546395535775,-16.20414196240022,-8.875576665320956,3.0
17.01357082502918,-21.461981438746733,-18.59842507016714,-6.401008450703668,3.0
23.813399394678,-26.605670711724372,-11.800063309092266,-7.781279422477402,3.0
20.777642006832494,-16.909566958397015,-25.42958075006081,-9.704665782619076,3.0
19.77469101583912,-27.812123248042152,-24.433658556717496,-9.442286832895498,3.0
18.94097035063034,-26.186120188001784,-22.193176141292298,-10.18314534495245,3.0
17.026627120045013,-30.57633587561948,-27.298659944221818,-9.700601682587468,3.0
15.685025838835655,-23.263069825903244,-22.493523514463025,-9.268343547223097,3.0
15.96274863682814,-30.083244568022657,-11.98487631567182,-9.769943539391136,3.0
17.815141932463543,-15.460838762414664,-5.254952138883255,-11.606678252097662,3.0
16.354494875574726,-22.887040428670662,-7.2199370030629435,-9.848073562928574,3.0
18.36170283222289,-14.881056795690274,2.966778850520482,-9.790946181330028,3.0
20.027678602519643,-21.414608967262158,0.2023067984830078,1.9469028507324118,3.0
18.35621279291432,-22.896232278321307,-7.7643884270697185,5.755106421682801,3.0
16.947503605952832,-18.847080772944913,-9.158210212666123,11.118795745053749,3.0
16.55072273146441,-5.069734517832693,-7.480465462458703,9.452715531298164,3.0
19.994774079477878,-19.755961817700683,-16.57606366853946,9.940503582782892,3.0
20.121987028691525,-19.34026109189103,-22.71096957650326,9.199063295695616,3.0
17.16721278396811,-11.982331266302047,-18.624050909446037,8.522120829309879,3.0
14.932890687680901,-10.65492487648941,-27.56046897672555,10.49961909737773,3.0
14.54822187588217,-8.805370957768167,-18.887960314082274,10.946841412052946,3.0
13.97515514854561,-1.4333001534983758,-12.330585697190653,8.503056073937426,3.0
15.524746717952011,-8.789391758109321,-12.259260631298854,10.96241915485774,3.0
12.842887320675729,-17.661979351630535,-15.463320746371837,10.987434624341393,3.0
14.65479611052452,-23.350660043948636,-17.999786073034734,11.940437444587408,3.0
14.007327573614507,-5.70733531367814,-31.78998079457415,10.58991301322977,3.0
13.320687428066654,-13.31146457056711,-34.09047714680499,11.923062758818103,3.0
13.270243018355087,-5.853449176562876,-28.997779597433652,9.889967002566495,3.0
10.426676624317055,-4.156528987394552,-19.697760842126897,9.455588107701935,3.0
14.263566383558599,-12.434005587812797,-20.83504533925448,10.463859624739902,3.0
16.69933156576666,0.3829218831875405,-26.542140952445624,10.173561278727108,3.0
12.759412734716408,-31.55295964145811,-20.51545236922287,11.773006559289785,3.0
14.006649214852409,-33.35144622802258,-21.796967858713966,11.777310938143236,3.0
14.937109862128034,-24.51080697698755,-24.294480231283686,10.809336730417378,3.0
15.174307943807126,-32.52968545699327,-19.93168491672644,11.902001058493624,3.0
14.185646373690195,-22.133710674764338,-16.570099786430102,12.190418123322617,3.0
10.189418346673643,-27.14846971594112,-16.431036791348824,11.51610582162532,3.0
10.809706621052124,-22.586499173879467,-16.760483250980457,12.04734345777129,3.0
14.145324957871635,-27.749462195876287,-24.65721316303369,12.070078748019547,3.0
11.760609626556029,-24.864205843277954,-18.474192680808315,12.789416475339458,3.0
14.723595806945966,-15.295742683884775,-30.821281811593213,9.979472196474976,3.0
14.623146654852714,-2.7005987672232,-13.810737882772111,10.041319891112515,3.0
18.835303018179978,-10.656995524904683,-23.168025921672903,11.760005141262642,3.0
13.945264425200774,-18.016906607060108,-8.094227272038127,10.041208960534796,3.0
13.31336740241337,-13.440927381324723,-2.7303536574070995,11.614572158964817,3.0
12.32213365580342,-13.525299053727839,-9.120115585269915,12.39504997782403,3.0
12.010323403654642,-15.229108885113265,-16.495035833717402,10.72690692619565,3.0
17.033941541991787,-18.440535397417154,-18.185523082411592,10.429723826238758,3.0
15.340941450221699,-14.077813402628689,-17.270229676946325,11.88117765472415,3.0
19.01887353062296,-19.508615724729403,-11.697128560713438,12.073607150385953,3.0
13.955871316163794,-24.155530940927964,-17.5923021796145,12.112206213756876,3.0
18.242745472625625,-21.35511694362214,-14.926193282416714,13.085187400615828,3.0
15.411159879642845,-32.81394402549269,-2.846866556549694,12.405880356732698,3.0
19.367486571038697,-33.86651333130848,-13.42681179483629,11.054625414119645,3.0
15.961581291047992,-27.355317806614842,-12.499152578470904,11.938602903291716,3.0
15.92168309967755,-16.927342492263207,-1.3094745991477055,10.522347903399673,3.0
15.196812092948523,-20.45147795103808,-5.401485717267899,9.114165724109187,3.0
14.248225743576969,-18.878173983187825,-2.9471124283050187,9.107729311480202,3.0
13.355457124334839,-17.087955477330333,-3.04832454930735,8.468068998073703,3.0
11.44017282514669,-16.056492713548884,-10.067714982506754,8.092872987613793,3.0
12.311686300571857,-26.36555260382875,-20.56372293825774,6.796373516175121,3.0
14.049610132692894,-19.60375455277513,-22.68466456694889,7.539696321100075,3.0
14.198424151931205,-13.826347091334567,-29.349272568602927,6.464590977567346,3.0
12.777392606737997,-15.221869229733763,-24.120532646122413,7.896610661553229,3.0
8.536114270993208,-23.056381418444023,-20.839892261098164,7.788605866860067,3.0
12.731347554851165,-24.617648460664583,-12.510723985792154,9.097399025383393,3.0
13.13354145800231,-31.93097019072026,-18.50513014028765,7.640510978297236,3.0
12.536156261721889,-34.988274277598464,-20.731117675349488,5.79311029601357,3.0
10.978440652480186,-35.799538839075225,-11.904446280656128,8.53913361338383,3.0
10.781059615605479,-29.213932234981776,-21.287974683436246,8.137121876681226,3.0
14.624716340366955,-32.06832274598004,-6.111939175331909,7.855405635450262,3.0
13.441065383025867,-19.723960705810317,-3.4863912340971153,8.72637215553271,3.0
13.386997327534157,-11.788019709754092,2.4575691525016605,8.12513744505988,3.0
14.165204504589537,-17.653018707231986,-5.087424700955279,8.871596686635353,3.0
12.347392031617238,-24.91474555127803,-2.447281722726567,9.85677029880583,3.0
12.376514068520125,-41.70336662760921,2.4928590491607583,9.661782036830594,3.0
11.91016528520844,-26.785501021979297,-7.228700727225039,6.448268399342688,3.0
12.97476726656591,-10.877397253181922,-10.040868640817973,7.845200981942581,3.0
15.264805335885097,-15.515907432224816,-7.517244818343954,8.094389888976806,3.0
17.733748299416746,-17.261996628260647,-9.892280868415742,6.8773175546013565,3.0
13.668613400078804,-15.71050746127604,-20.47418952286128,6.009429168141594,3.0
11.744644126877848,-18.608819346049096,-18.182526328541208,5.564795305286634,3.0
9.234322298537727,-16.54346083312583,-17.4286577832953,6.068292159505814,3.0
14.455495670848348,-10.910595228934778,-19.4609703472774,6.017911207910207,3.0
8.911024552738091,-19.420254406207334,-14.568337293787206,5.690748379739077,3.0
14.90730818850056,-24.300024221502742,-8.852956171241756,6.208930206328025,3.0
14.04548448805601,-22.43528467149903,-8.742609911787742,5.603997272949885,3.0
17.066938768593857,-25.479450435297284,0.9798472029093741,6.507344592932408,3.0
16.467747349583313,-27.84903054771832,-2.046425328025629,5.188188643240419,3.0
14.280818669465063,-14.718119420501305,-11.857394805898767,6.617659536041964,3.0
14.683145326081588,-19.903469774543005,-16.778027061437307,7.109394712774606,3.0
18.13686184890239,-2.9793935229980555,-17.66221199391798,6.430924605968448,3.0
15.17544022316673,-14.907704051136834,-14.434941782767128,8.395648945303426,3.0
13.557252139907481,-24.916478909496995,-12.129745273283621,7.5688612607335,3.0
19.21321256310206,-12.307983300105274,-8.471543386029541,4.730269400332704,3.0
18.855258058853796,-19.123302334290134,-26.570135800582108,5.40232815412857,3.0
12.079072671344576,-31.055211705445934,-20.374223796920027,5.985651315179984,3.0
12.57567198494001,-24.229208200974256,-12.41920258073293,5.412660608225252,3.0
-12.822558026974976,-17.344237458036233,-11.454330525854257,2.9484764885224326,1.0
-12.457128656431635,-15.55032668533935,-10.09975347019429,-6.420766024082228,1.0
-9.965873954999342,-9.496772635000072,-12.543670053655056,5.855583449457941,1.0
-10.50455206726769,-3.768322405011327,-6.910339574756601,-22.186555319889862,1.0
-13.489905183163886,-8.861150534510802,-9.124892602528913,4.065550408780805,1.0
-12.037975499666066,-6.904149366419652,-10.866901099543718,5.723236574017457,1.0
-12.605579493222953,-7.675120453463714,-15.24466940006415,8.86115957119913,1.0
-13.88054314437374,-5.489310708869375,-17.634430073927142,11.006906108822943,1.0
-14.473217172421919,-22.34942562916992,-15.060631159405192,10.655445005717391,1.0
-14.13893304283409,-6.542433302972553,-17.35760068912585,-3.104228019487195,1.0
-14.335210783413515,-9.393623287924578,-11.841779026386343,12.705731546524472,1.0
-12.055955602235494,-13.708891198973298,-10.81545934385513,6.343560364944903,1.0
-12.24530060094817,-16.077553600724755,-14.48158046084803,16.41924268699546,1.0
-11.032733077153404,6.874683104778679,-9.843800530241651,-6.6814619475616315,1.0
-11.760247209903309,2.0092790545392276,-11.184188500871098,4.767817369192249,1.0
-9.882067828851156,3.2943935766501546,-13.397739063470318,-9.301908821582263,1.0
-10.25648392361249,-5.906962257487491,-8.131605917002014,10.263990885087477,1.0
-11.997058575648904,-10.799880673625943,-11.39145617806242,0.018425174203855477,1.0
-10.478796145568841,-1.882461933337943,-11.342726253225688,4.67444652314054,1.0
-11.133716625911838,-2.3205512958445773,-13.64626939413725,-3.090790475818231,1.0
-12.228853205674783,-16.865753933103072,-11.199246017352431,-4.278322535376542,1.0
-11.807007603171474,-24.86894701414276,-8.36582158062684,-2.691600511500594,1.0
-11.891242062459161,-38.05554101690496,-12.36571163646692,26.188487591839316,1.0
-12.095168724780166,-24.781727474032788,-10.541401271285068,15.50640595854075,1.0
-14.01228867896133,-18.37346950207018,-9.494111856069972,35.44491102118069,1.0
-10.190828695401876,-18.31612509847087,-14.971543464738847,17.985523523516477,1.0
-12.151727188036565,-18.100923764000203,-15.20969686484407,14.252606230098458,1.0
-14.100011567295804,-4.7853148056782935,-12.523680601920228,5.3754965609702685,1.0
-13.376620358837329,-13.19967285840464,-8.84975374432775,9.215190300444277,1.0
-12.826589163318188,-18.868971997697045,-7.611419408909221,9.251631826856341,1.0
-11.339918906342913,1.462653813035642,-12.687382602127148,5.854051727004993,1.0
-12.143055205847165,-3.9305181821641355,-12.648654239680235,-15.37284151824855,1.0
-13.412015864066497,-34.51303501912052,-13.143469599332382,-5.478472502090739,1.0
-12.42484047252995,-22.397569109328586,-12.433135227581413,-16.616445493440974,1.0
-12.284232338041935,-28.901335684480046,-4.57759618896951,-18.06974588247662,1.0
-12.450348706751468,-24.670289137477376,-9.719744360961924,-8.146668162318832,1.0
-11.887974346076863,-24.3961375909941,-10.920001463857423,1.4727274216592434,1.0
-10.794438093797396,-22.010183426446446,-8.24651868233525,3.3554105512389385,1.0
-13.340859169855884,-16.60750597028003,-7.31304858814536,7.790880811476143,1.0
-13.31723349864179,-13.295165931981284,-5.770548067464917,12.106519759747329,1.0
-12.968312999444692,-12.896884803788137,-9.984941887036296,20.275693628033565,1.0
-12.116863820031925,-10.995017457927146,-12.833406394523044,-0.5632269927453972,1.0
-10.299161962477733,-21.17844694036901,-15.964102763738993,7.156489535367715,1.0
-10.947268354962686,-21.07761960330477,-17.605978342626223,11.507000260782025,1.0
-12.40051696779451,1.7361781540155632,-15.594742520378025,16.54949866444302,1.0
-12.255116363964719,16.777948621897714,-13.340730559170996,20.428047377426765,1.0
-10.511697390527145,21.696029951511022,-16.165015636412406,20.424859553000115,1.0
-9.887098050043326,15.783752608673225,-7.4378071565548565,7.6539829616089055,1.0
-9.43116952507542,9.738585968179121,-5.303204092471619,-1.8663662534299128,1.0
-12.758130862982721,7.297472121962652,-12.352978330442703,5.593150131182681,1.0
-13.15737636889424,13.037766911474138,-16.69942171263422,3.46674411633826,1.0
-11.96495102145844,20.8437235441324,-5.989055582046838,-7.0034784723801256,1.0
-11.555788414970223,9.518737612568671,-12.838226730456798,5.790986452222722,1.0
-11.97637921161677,21.06237190667578,-8.94811811762408,5.296586439295801,1.0
-9.853532970957678,18.825485773208527,-11.296052317992691,5.496287746255287,1.0
-11.552162909604814,15.329619438151836,-7.243170453096672,10.995212695731286,1.0
-12.522682293633343,8.948183275785865,-5.074913193851922,7.586102147602604,1.0
-14.683515883812198,6.06285823755164,-6.859589221850917,-10.28427549947029,1.0
-12.263230147609057,-3.7629529896390506,-7.647065669231047,-4.299994307771678,1.0
-12.775132957531756,7.027655179039015,-8.768559770312176,4.452204748516948,1.0
-12.117168833938301,8.836070624809386,-7.911174658468622,23.85756730247314,1.0
-12.904947644805862,3.1496441151526113,-8.611503500997866,6.967696070302236,1.0
-10.914230556320058,23.386973390386217,-17.03704878775145,-7.580075222792771,1.0
-12.705129843622561,21.670242964284903,-14.433375511656005,-1.2731360893636534,1.0
-12.496398817296916,18.034266654731482,-11.724483729771768,-11.149173300739852,1.0
-12.352298550291232,-3.2418555039146963,-6.563716422993716,12.352446661833877,1.0
-12.647489987350344,-4.912532466618243,-7.143958813097176,3.580936104139149,1.0
-14.181199402743067,-9.301723846412528,-15.034291892462482,-2.95105050337442,1.0
-13.766950512524096,-12.115516971608194,-23.64268139561275,20.156399164926015,1.0
-13.13556331649745,-6.127997191351696,-17.140343234512834,-8.942683009500412,1.0
-11.098772596334172,-5.56964110206502,-18.38760535071228,16.934891739507897,1.0
-11.265787026084901,10.797685863475044,-18.967139811566227,1.7599047370815892,1.0
-10.973767962922507,3.4389221376305072,-10.926715489027952,16.751330228095014,1.0
-12.045000488186611,15.986643446401168,-14.237453882459555,-1.8840053416178888,1.0
-12.616821587393595,-5.374839926637616,-26.05594382077475,-10.065871057333101,1.0
-13.404486263167227,-5.1440317575735115,-11.728662663539037,-22.9594167609434,1.0
-12.939173610579873,7.0074723919390935,-10.198236900099593,-5.593991788470012,1.0
-10.499633054866951,11.070499766845128,-11.696540544877735,-6.99540438707141,1.0
-8.334822130332162,-1.2189694685193673,-8.192039627814356,15.16625930017315,1.0
-10.23010767473605,3.382855184218097,-18.303177977751904,19.869257470949393,1.0
-11.057076433439908,-5.483024844568929,-17.162392307124883,19.96171498727147,1.0
-11.37067694245588,-6.176922555095533,-10.038630771061294,29.268450356692835,1.0
-12.034553800994441,2.6110803615484954,-13.747861738848483,12.66628721088271,1.0
-10.531437886088655,20.62579946603241,-15.505763746729375,2.2417772915611294,1.0
-12.234741503015913,-6.889040933339978,-13.393841343095602,14.484772856079008,1.0
-13.06008149506401,-3.126424021145901,-18.52587043482046,18.914707731979547,1.0
-13.001274720092969,9.624579163903512,-18.683236936915467,15.6852980822256,1.0
-10.936529403555722,12.26714961498356,-21.5544902029553,10.986860682961018,1.0
-13.296699602687783,14.912410537520643,-20.328671603841634,1.256945681678388,1.0
-10.171873097391401,24.86407411130208,-14.992239041738163,0.5631554067385929,1.0
-11.539362151215958,7.617770805262083,-18.19828156291927,-29.795946631014427,1.0
-12.41915654635559,17.29507813796377,-11.98675332158552,-29.52960698858852,1.0
-14.179925837409002,17.426155056403083,-10.44249407433437,2.150825036820625,1.0
-10.348563634264053,13.902107200651589,-13.210831133318813,8.088947060704333,1.0
-12.510088707755807,12.561752497243408,-8.89064941752083,11.238940484854833,1.0
-10.983727152810074,10.497430105118957,-8.799365654900473,5.653141062640936,1.0
-13.17351553584505,22.324477483297656,-8.244981095401373,26.06987760532414,1.0
-11.419360915503427,16.471373631402322,-9.042499619816738,28.940813292788313,1.0
-14.296331128624816,24.165965820051184,-12.742764797170299,5.196317017655428,1.0
-13.519658138923772,30.710471289475258,-10.622087872628386,10.140763085529077,1.0
-12.786926956071484,21.75687873487885,-15.825378341625422,-3.715593678327402,1.0
-12.382982782199164,0.5654121499235583,-15.810669880079214,6.923296808818913,1.0
-11.797781589558937,0.9012579682868118,-12.451661842597018,9.09522062687635,1.0
-13.59662996316815,2.1322417952694526,-10.270672390756758,22.30311015315734,1.0
-12.645776246559842,14.768251607508747,-17.022997791432996,-0.15576496110477794,1.0
-11.227330454888826,21.126294816175278,-12.925083226538149,12.19934588846593,1.0
-11.408649816476732,7.411216739161388,-13.511005349311443,13.459950136191662,1.0
-10.812075253801837,20.61253024251105,-17.539217649232427,-1.2968681823474109,1.0
-10.505041386714694,31.314683422396662,-17.087575878151867,31.13988708585668,1.0
-12.096104217878345,24.921985977041473,-17.379942380114137,33.09264236969324,1.0
-11.808822097497242,13.777215070474746,-12.682547600854832,2.4899889508445723,1.0
-9.12351357584832,16.006213475865085,-17.50582663608626,-6.383449366651265,1.0
-10.47549306040854,17.562996142810174,-17.821910644418182,-24.636022492482383,1.0
-12.325443198869324,11.019691762821902,-18.95103304034784,8.579597359842197,1.0
-12.948690488377581,13.653810594275255,-15.555526905570026,-5.778180868728756,1.0
-10.510298528881536,13.262481942682053,-9.352271000278604,21.323906324829515,1.0
-10.89600787352377,9.42524678406163,-14.806151177064454,13.333346240404126,1.0
-11.716543610127713,25.217790409720358,-13.113259398678656,4.682306393983801,1.0
-12.145620528501183,13.270358127280005,-15.558833644872621,17.066411110197627,1.0
-13.100865234464909,12.730494135071867,-17.640298214663463,19.96671202590153,1.0
-12.561375324102228,23.509038222096425,-10.013620449777733,-7.919661531816956,1.0
-11.164577290405694,15.341214730434372,-7.767897383611092,11.042568960299366,1.0
-12.700746452158496,2.7726278669463236,-15.639748073858183,10.601309718349263,1.0
-12.132475644827036,19.870969214691964,-15.934972799596707,23.134003327557828,1.0
-12.078867149155295,28.257506299268478,-16.384802560123426,34.99760941681872,1.0
-12.096056717376461,14.569377199729976,-13.877473119538294,37.26775340434854,1.0
-12.221832939087752,-0.9505943042708465,-14.29957695486699,25.539354582625833,1.0
-12.245571202744804,4.37267152266825,-18.95778562691331,20.01991525975304,1.0
-13.442154981463606,5.352429648127078,-13.575481984563911,16.02478753040887,1.0
-12.566884306663678,8.56760390716461,-10.909937164497842,19.57209372696279,1.0
-8.619467044880922,0.7274867532509752,-16.6802455387842,22.170649721045358,1.0
-9.106625112563618,14.103491344586208,-19.524857344398345,5.3327662179747275,1.0
-10.233194738346263,-0.5372991295320362,-17.776417063524786,13.978861289620841,1.0
-11.206219770697937,-2.8754933974656662,-13.007699692611796,16.188629494401685,1.0
-10.533024862929704,4.7859336021096315,-13.08052198592242,10.655401271670389,1.0
-10.610910255475854,21.77838833809355,-8.373483562379628,20.80089965332259,1.0
-12.455864542289676,11.026890975597887,-6.021483314072933,28.001546522164205,1.0
-13.43694476850952,0.20742366984303207,-8.504430527158787,1.1109876722761838,1.0
-14.461836275751072,10.265599755064855,-11.40512652718712,9.449004862000237,1.0
-12.5265051515058,10.811335633265596,-6.885819110197985,-10.082375737164416,1.0
-12.31706992060857,12.177133927731353,-5.645694454540813,-0.47201452345467043,1.0
-12.88284796436448,-2.2415711119427053,-13.627372513133286,6.029159839894266,1.0
-11.859003180172875,7.976942775198513,-10.32666537208187,-4.447866724746552,1.0
-11.39587307725277,18.922145422530782,-16.117232964764952,14.813347798836464,1.0
-12.2616418232218,16.323085997379575,-19.084439297961552,15.598268146988008,1.0
-12.551295249545163,16.147768755322225,-14.943589671800293,9.654541968536305,1.0
-11.349370996079697,1.9661545508312024,-13.757976400760338,13.679294484136397,1.0
-12.350692872504617,-13.264624168611824,-13.155853257380183,29.891573354245843,1.0
-10.433158272201904,-10.245793935934852,-12.903330450270492,-7.930376847661563,1.0
-12.483729116320916,-0.5717084202363409,-8.738890687292075,9.297223877223832,1.0
-11.913846855738155,-8.905250918633536,-11.456987749248897,17.972709365533348,1.0
-12.982837380862932,-6.937205529404581,-8.760343220314425,22.905695630149964,1.0
-11.072339043236651,-4.492869940214619,-10.851496517594454,10.795802226800333,1.0
-11.319239945170333,1.0010003096409736,-8.417872667110707,5.971064403586556,1.0
-13.01174334925241,7.063541962782914,-11.360073389586958,9.057810039698102,1.0
-13.024455715147935,-5.056476281703413,-10.63472673981953,1.3025113070880074,1.0
-11.853258565485156,-6.361953598778693,-12.05261454971016,-11.900086262440981,1.0
-12.377025195282767,-4.420373937172467,-16.48716947830262,0.4343872919521168,1.0
-13.3281585668025,-12.419979319575454,-13.179377497408833,8.581775049594869,1.0
-13.829336514500664,-9.249190415341047,-15.137448891997478,10.21753397207943,1.0
-11.149309740039497,-1.4241319478618142,-14.47327472290919,32.65303824162925,1.0
-10.544597503741556,9.7761046835554,-10.994013545560918,13.118004343637578,1.0
-12.063296997552593,4.133341840798465,-10.754468263665322,2.394714889403697,1.0
-9.964041669299812,-3.0873165250280685,-7.6449155624712,8.101168740160714,1.0
-11.611396923768075,-7.492694741323113,-8.648246276291658,3.4212666962333813,1.0
-10.9095113606589,3.365909347838331,-6.6652130031765076,21.183115211172385,1.0
-11.029369655992566,5.780734665317349,-6.709552738783792,33.21597504503801,1.0
-9.977327605231556,9.0361206630558,-9.137901666607215,7.09867771338422,1.0
-11.150565720238813,19.970572082000732,-16.245954309643903,4.968021708864722,1.0
-12.324010656302411,0.21071056505315955,-15.550398670156426,-5.735662895260499,1.0
-11.179200464844582,3.1066194951623007,-20.521086452109568,11.089842174440864,1.0
-8.576747310208233,11.321143481336073,-11.531287414767426,16.450254440626864,1.0
-9.759668539536966,-1.7926220095993575,-14.47919509492181,4.600735816490762,1.0
-9.480407029216343,-3.279424361369054,-17.875274800896346,5.060180564394118,1.0
-11.072752148196095,-9.219802060175365,-14.142767010501458,-11.650414347634428,1.0
-11.999299891979947,-11.072334268211533,-18.834260936904464,-11.626286821448183,1.0
-12.570481080539682,-5.73268557141869,-10.582872489891404,6.062626611903497,1.0
-11.562985818207345,-16.728447732930977,-15.904356240350305,11.359281207000357,1.0
-11.303184185694791,-5.461738859260819,-15.484463147524096,32.65279226504665,1.0
-11.777103719789142,17.668715668234615,-12.749088093606542,29.52555211918918,1.0
-12.141769967554893,15.105242135406687,-18.8371838908928,33.36733996496989,1.0
-13.054500315310547,4.323751036230314,-18.073655600877192,35.48306178680898,1.0
-13.827816049343895,-15.807754734708482,-11.63870863594309,11.036584869589577,1.0
-14.361680161488433,-12.092815383817982,-10.254210343907493,6.081663226131365,1.0
-12.078005383545891,-8.030252612574738,-11.601593638375329,13.653123275371655,1.0
-13.030269274908335,-2.26776351644847,-12.400074599650583,-8.656485719965934,1.0
-10.143773839389276,6.1060055160357845,-9.614899742918915,12.822397402225489,1.0
-10.03718398916185,6.432103394496247,-10.727379495695299,3.306957892235938,1.0
-11.093165308224467,-11.07878714854197,-11.788678698939986,12.75379703739199,1.0
-11.013726440649029,-9.487149439941216,-13.501442019789623,5.483016596148137,1.0
-11.668830695875693,-11.152800714057834,-14.213898761472628,2.7470498659049474,1.0
-10.394671792028788,-29.220849578183866,-11.244935587594336,15.447468272420315,1.0
-10.834355940918263,-6.148317540096073,-12.797767734434109,12.923377790507098,1.0
-11.132612744459516,-14.303072070679239,-12.671652607180542,-9.603772419547592,1.0
-14.466091628680337,-11.724519595125265,-10.551069777333279,12.012667972542676,1.0
-13.056380750357373,-8.729904731251573,-9.596249428213136,-4.2392688065597985,1.0
-12.018749603128907,8.418077393000642,-7.095836817772877,24.12517186964115,1.0
-10.92161140894142,12.283126263352736,-9.694081904683493,24.41801317527963,1.0
-10.601785596065223,6.262381842231285,-18.330571612908305,15.713831422987258,1.0
-12.15542641730959,11.201954845384373,-13.470730938256542,2.1467186552504636,1.0
-12.003330553915465,19.36961086267736,-15.430899291743795,8.624854736436834,1.0
-12.970425266893162,12.685868306182046,-12.04319331628734,20.459385476642826,1.0
-13.700473403192671,-0.6194352776775878,-12.842598055544995,20.087757249351768,1.0
-13.432578508460093,-3.1116512813607127,-13.078891756734789,16.67609986217056,1.0
-12.10687842113093,-3.3113164298928686,-16.67626709688549,10.380921752215219,1.0
-11.840122594012445,1.1856922088160253,-15.734737318993531,19.66197377297302,1.0
-12.104965566326324,-10.845651124769583,-14.932191272032552,24.507020908521472,1.0
-11.737924844800855,13.2123995661161,-13.051512778760092,20.57814350882877,1.0
-10.825398236258199,2.50006333573371,-13.349200664350327,15.710818904344173,1.0
-9.230465473477988,-8.729725826011075,-18.886950568044124,10.86864110883086,1.0
-10.378172206968674,-32.33656415425858,-20.505393973485578,1.8963802473870266,1.0
-9.571552418501135,-25.0589092078906,-11.09363331696092,5.46269829111009,1.0
-11.082091764727293,-16.16532670149086,-7.774747210837163,-12.671451484829648,1.0
-10.173332400336722,-3.8594276747174896,-15.010701760467505,-1.7215165018489529,1.0
-11.239743145235048,-11.594019888695719,-9.17567168345072,11.955301409348248,1.0
-12.438136442520497,-10.423729596751603,-6.041668844395645,23.63085668305346,1.0
-12.826013392930172,-7.906009775832276,-13.085085532334864,24.270846851244166,1.0
-12.965602246145542,-11.098597536853312,-13.094044710991577,32.17773577542815,1.0
-12.273779728080084,-14.780478895623157,-10.161780417779445,9.413258218592643,1.0
-14.195291906592786,-12.849307305541744,-10.757307712877061,-3.191841844689862,1.0
-13.661156957514963,-6.982864219598368,-7.895807531760726,13.929054120213987,1.0
-12.344266401220732,-11.530461375933887,-10.992880729242728,1.91248674663054,1.0
-12.632486775320178,-15.811543870825215,-13.487959172867795,0.5509257072846889,1.0
-12.89023612160106,-3.5936686207908366,-16.859333702950927,-4.2748815308118875,1.0
-12.506240482947575,5.968383923707375,-17.161616581586586,-3.8234688592485213,1.0
-11.439347810689672,16.247165905636493,-4.411365158365081,11.30236696513995,1.0
-12.983128527827805,11.054698250165025,-8.997979646284271,14.51711212874987,1.0
-13.659672002449398,4.4751467834494045,-9.484105539543709,10.891224474919973,1.0
-12.611996133062442,3.2992360762961788,-7.609328219574824,5.275588887450118,1.0
-13.418238142733925,-6.500361801754197,-12.28488739650775,18.6966915786414,1.0
-12.10944019825192,-3.7723635700812794,-12.969735500114773,15.097849644046907,1.0
-12.285186154912013,-19.17831261771035,-11.76399952508956,11.083364683395907,1.0
-10.188009497460754,-9.293770403653678,-16.79325120272248,4.982065544031402,1.0
-10.082954332243611,3.959179746271662,-9.566622770949206,8.817703995328811,1.0
-10.315656339724883,-16.298428715981025,-8.089176923784672,-5.01874160538126,1.0
-12.842575601640702,-6.203269772607568,-12.398746125817757,-1.7071152375412622,1.0
-11.753895561273078,-19.537499232483825,-13.998808239426939,-0.8582239987648457,1.0
-12.929635276283644,-22.883294776923805,-16.578171059120937,3.0149133733727833,1.0
-12.661608276345936,-6.375389134322512,-16.59750534014554,10.004672817613896,1.0
-12.143370584032969,1.174153497856187,-14.209618873921002,12.100597386080436,1.0
-12.031315237612375,11.262338151451708,-13.539076581474676,-5.209404153245574,1.0
-13.416997009259571,9.308299868694657,-10.249390719496624,-15.046526847101847,1.0
-14.078051763199543,6.581917852551951,-8.183021617552216,2.044309125372865,1.0
-11.530241536632621,8.369077601190956,-12.993404153596167,-12.521359536523025,1.0
-12.539575610898817,-25.963271267828826,-13.428673596910826,11.332357578959034,1.0
-11.902814260613322,-21.7120236261069,-15.008157206004112,14.412083994015237,1.0
-11.287237877871613,6.395768686653138,-17.111601449851108,-6.154137270351537,1.0
-12.033141440449555,-8.047786506710628,-17.21134341139502,-12.109423593823456,1.0
-10.718009944980107,-5.850850706991547,-9.877209947557764,2.8987199163146737,1.0
-12.198096770502612,-18.976386657040436,-15.639906735140784,12.921979690922614,1.0
-10.715023740429888,-14.047048429810975,-7.6648953256889145,14.11875416409968,1.0
-12.249197211256899,-18.762246288421657,-4.843482466363325,10.137901587104187,1.0
-11.954559195604839,-1.7543357467820977,-13.596626246600902,14.193731448742499,1.0
-12.034450447647234,-19.18499075999377,-11.123017471059663,11.212874064113482,1.0
-11.33893817009156,-17.671698523590248,-18.498881971967037,19.2683207574471,1.0
-11.846949460045286,-17.431637321870973,-7.821041724300404,26.224857235732408,1.0
-10.602251631744078,-20.210721056788284,-11.417190380648673,20.872926777449692,1.0
-11.00037024258311,-6.570188249660452,-13.362612722742902,-1.9272807505194538,1.0
-10.628870381888397,-16.58507049133766,-13.724126027848165,-12.188541066370782,1.0
-11.793982945200437,-16.229661503139546,-15.587414721147846,8.371132663879614,1.0
-12.897861000074762,-16.325462665339597,-18.30313003029565,13.751393361833095,1.0
-12.679081280785914,-18.344518293247503,-18.045190901580767,13.194817047529675,1.0
-11.606732020439518,-39.39625876665623,-15.965731799510438,25.296727631053184,1.0
-12.692370766270578,-27.37344134654481,-9.428593595763498,34.81516791435846,1.0
-12.703587355030326,-34.11970288067577,-5.901070114698774,20.51720408257703,1.0
-9.954056674291184,-18.65606622284934,-11.869842989983951,5.637790928366966,1.0
-8.88166799188355,-4.085699389078638,-19.441582193817638,5.593382947336575,1.0
-11.013661252984418,-8.55822626081271,-12.93399989808855,28.00931786739055,1.0
-12.819029169513552,-7.9059384850293455,-9.977145956885275,26.96874312973165,1.0
-10.55286615002148,-15.376525976460394,-8.65981967951339,16.22706634115151,1.0
-10.572453942650444,-21.328589659873636,-4.010861801563323,-8.480994893357952,1.0
-11.497608923211413,-11.91778071229819,-12.002754824289866,24.97133284721706,1.0
-12.284870341755227,-20.072463936678623,-7.629294672545075,23.932797924927378,1.0
-11.158135583954696,-24.081641424837837,-8.73011030847914,28.23770517541305,1.0
-13.323948455747297,-29.972460093228438,-7.836930669804775,20.82800095781242,1.0
-11.229002602810745,-32.45000818511039,-10.53426926203824,7.3810453640422855,1.0
-10.579963863113072,-23.70780891718458,-12.380451734805268,-0.4597892707053042,1.0
-12.31454636009226,-27.61981020681889,-19.97191684867828,19.13778043525848,1.0
-12.657920425141883,-15.278566616623158,-19.814747775684292,6.982638107489253,1.0
-12.169184712719083,-13.88605531951137,-15.117226325703886,24.767278684250016,1.0
-11.969138887053123,-7.663892183167201,-8.182466629928172,9.545490499683444,1.0
-13.89322018165161,-9.115423097619859,-8.371138689994778,24.1029165517206,1.0
-11.849190603861143,-15.172954629491702,-10.979260245077837,-3.7311200570051923,1.0
-12.501611072810396,-25.047781259083692,-11.727821388993952,0.42787679665057077,1.0
-13.824454166711936,-33.58657137283431,-13.6697909182312,-8.440438665705454,1.0
-11.828719942998157,-30.90584220331658,-1.5235036537634716,2.4564393745427893,1.0
-10.574280705421597,-31.203161246167358,-8.98804497283352,-25.83459560096611,1.0
-11.336192859641162,-18.085948103116607,-12.267541756997922,-18.895082320648367,1.0
-11.770498052473403,-26.28597545945506,-11.897215408106675,-2.3226669147018755,1.0
-13.543240675919831,-5.732897949132196,-17.914517172823178,-11.452062888246015,1.0
-12.503244656881218,-5.380315332167163,-14.370462047204745,-14.04954669764286,1.0
-12.163302311801221,-4.930937403258902,-12.982518221779143,-9.403494096697445,1.0
-8.955821777845005,-6.343351805817274,-10.719694756449316,-13.017136712036521,1.0
-11.338716626317828,-13.501139726042123,-18.853527881600968,10.763016213581206,1.0
-11.49970932224007,-4.146670391348259,-17.373861914073977,12.244529793040137,1.0
-11.494018807792958,-18.64545730229424,-14.628311841829904,20.43467410097847,1.0
-10.535359466985662,-22.223502132182585,-13.759306885904028,11.540746702922116,1.0
-11.90904092274031,-25.102773446705125,-13.754885336626113,6.747776764631161,1.0
-10.215306654542267,-23.83683028726131,-14.785726783978811,11.71286242423715,1.0
-10.042405649388687,-19.468782300784174,-15.543225564908584,28.664542410241452,1.0
-10.622282761503993,-17.456169187768026,-12.953029864764588,14.306995986508532,1.0
-9.206399106139806,-20.001121674195552,-16.40409669464,-4.007984829994253,1.0
-9.604465750994164,-27.130222227587048,-10.826181188833434,0.07882969572495657,1.0
-10.111675484395024,-16.033234654146504,-15.812872005757262,10.305768321654053,1.0
-10.396816643278694,-10.012543025520934,-12.78152759535722,7.479519468148798,1.0
-11.571771156012014,4.568637514802708,-17.12459591744545,2.4073757052826057,1.0
-12.210365005643634,-4.799591995874832,-12.758746206704103,-2.177786957393981,1.0
-13.576567364814023,-10.014906454056424,-14.566622446314671,-12.895019465952467,1.0
-12.190676197683958,4.826244340593397,-14.559943905425161,15.311061194155478,1.0
-10.90411373095317,-2.219425138215651,-14.015010646207857,13.472078158777746,1.0
-11.03954070158882,2.5133778015431174,-7.682648137347296,18.854572586723837,1.0
-11.095773708548082,0.6611520923312506,-7.605347391723864,27.45328685519776,1.0
-11.112416998537741,-7.6810912389210895,-12.089958972963958,7.409114141487989,1.0
-10.789170426383397,3.758106476831948,-22.94393807102086,1.6554128338983838,1.0
-11.210375371282218,-0.4993236122431526,-16.81905994165119,5.416117844827485,1.0
-11.474775225496385,-1.2557138852335248,-12.503482319300705,-8.330220434294905,1.0
-11.701683229058098,-9.042611703603662,-17.415132608517187,20.887515904017626,1.0
-12.668846044627948,-4.169418241373963,-20.992757051298533,1.469610927118354,1.0
-11.767575178030121,-2.074918396263139,-16.833212176816616,2.7483000559520736,1.0
-14.178746404267791,2.445774975258015,-12.440702011399015,6.322852417411966,1.0
-13.580715014900814,7.6002852508962615,-10.771566586130268,4.829097849127594,1.0
-13.216834997966785,19.31254323684644,-5.5183840068198196,11.254650585759773,1.0
-12.143816820379401,-6.908360861963629,-6.7753156881763275,19.561177133146323,1.0
-12.792410165853651,-22.60915753555517,-11.123558276812284,16.87990919792997,1.0
-12.22326869900618,-13.964584273076753,-10.512827883157936,17.998182600120348,1.0
-13.563989428831942,-13.504535342042049,-6.589474011331795,8.98022319794817,1.0
-14.529432358944282,-4.3304747752152375,-10.69380804678303,-3.919451961209795,1.0
-13.501531037849023,-14.561545014580732,-10.42214483242037,16.194187196849917,1.0
-11.879615108345865,-20.221173314762275,-14.151727281214178,18.597146870571233,1.0
-10.578550248485447,-4.912267245184915,-16.34118794169232,2.3853681249512038,1.0
-9.408952706348364,3.335337033143464,-15.243382477306628,20.795450827050118,1.0
-10.129120566807584,-5.505868687704316,-16.83112184747112,26.1762215426186,1.0
-9.021569022468636,9.161748646106082,-21.288812960274882,23.98247366025383,1.0
-11.119969558477248,0.0555544403925996,-17.068135001104945,24.823773008506027,1.0
-9.798325989284368,-11.186616230840551,-14.331276894985002,11.259555582368325,1.0
-10.30524513277556,-10.245116488962005,-18.426066104962054,21.602879535634507,1.0
-11.132836393520446,-18.253185245312906,-16.499714047865385,18.02976736562245,1.0
-12.604597650857043,-12.741263332841303,-14.369368884877893,1.5580657542159457,1.0
-11.190240995311756,-5.872914305181278,-13.27255668670112,0.547543740566617,1.0
-13.549333204640849,4.120417468346785,-11.587990142333423,9.1299611241881,1.0
-10.344391437930605,6.6214625532546,-10.642650436710964,-0.081908498125987,1.0
-11.464030863503572,-5.08496067044015,-6.970094164573555,8.63618368098538,1.0
-11.975116396726117,-15.53387787448049,-10.861855747628454,14.456106122675378,1.0
-11.53300086419525,-10.553155543999583,-2.32408896856327,16.45214362921255,1.0
-10.584079655746239,-3.1369509982208745,-3.0260736947347002,17.790296263664995,1.0
-12.33105194665174,-2.739662455660165,-1.7292352106305167,15.99323990378463,1.0
-13.669080094763292,9.600625827963448,-4.8434601230781,5.817692590485024,1.0
-12.391922886362277,-1.9199752812330182,-11.889430742323142,4.687815691272643,1.0
-11.361055189301174,-22.78873732612371,-16.250915832910472,3.3136828929138256,1.0
-11.871504859317016,-22.84015210493807,-6.511238784835533,8.645199324479853,1.0
-11.613168413923999,-22.458075971076717,-16.420680655971932,5.793583892731438,1.0
-10.908491525835046,-4.946548164592499,-13.645369167468933,8.36018771536975,1.0
-9.901456925694704,0.23133849933548145,-12.535193219030624,24.453465850946863,1.0
-9.33889297797642,-6.11552700900219,-15.557428218011584,13.392532804488763,1.0
-9.7118220346361,12.006741673188396,-16.25306383383355,16.720761789081063,1.0
-10.96242521280671,10.721551756667154,-16.795965121015293,24.843461550038214,1.0
-8.972212510693538,0.5055935543594341,-18.42079002224507,24.037369783260317,1.0
-11.167976757883554,5.4550479336661155,-16.02020673603528,22.8246548663125,1.0
-11.254516114509329,13.782963982735714,-16.61319583183509,15.19630566622071,1.0
-13.9244974928943,-2.0845781118313855,-15.579111096545345,11.725639784469779,1.0
-13.460073700090474,-11.497159789350906,-20.572421580043162,15.510761954965702,1.0
-12.661110701467953,-3.237927170775718,-19.466860724325183,5.888284571526743,1.0
-12.750346846020218,-14.23335952950682,-10.935799229486758,2.9406303301840713,1.0
-11.928709165335304,-30.656631017239032,-12.194191765961085,-20.80851007981928,1.0
-12.350046410724001,-24.401976916391135,-13.555661457948037,5.666136374111676,1.0
-12.402891270669466,-26.402408981677922,-15.127950136646781,12.380250236896687,1.0
-12.68287106341609,-5.465214709369313,-14.787180478365059,7.908018608749256,1.0
-11.589207778906333,-15.256128099877703,-12.9685813071231,21.764878081720894,1.0
-11.822553117673502,-13.832638020982625,-15.538729150805409,16.769545482544764,1.0
-12.713295129228142,-12.126881563105838,-13.324777744374167,5.320508743815115,1.0
-10.457902965793263,17.99107767301026,-12.198158087517067,4.987614853905387,1.0
-10.557027514630692,9.145642518342022,-14.709681141454173,20.34698213516927,1.0
-9.439702366301113,0.5492194890286655,-11.126403556975772,16.663627312007172,1.0
-9.928219668980482,-13.09381825281054,-10.793580584489328,1.1757762021502915,1.0
-10.887554900100993,-8.244013953399419,-13.535264289072385,7.53414040442912,1.0
-10.528943302445667,-10.604214404832973,-3.486226620858826,18.579258451670043,1.0
-10.668973699217602,-21.151595631983703,-9.52809907688803,9.84215212789285,1.0
-10.552126905255387,-8.296261661414652,-12.803493220963121,-0.1595956338153286,1.0
-12.259529935439405,5.028422245884392,-11.862922280752139,9.474163607866437,1.0
-14.9575763751923,-4.205803806133627,-13.811793633219414,15.512764088551576,1.0
-12.912713529816626,-15.694264653300278,-8.785565054450341,7.987937568323147,1.0
-10.550707788592442,-5.79028032883415,-14.095683546140256,6.253010962761564,1.0
-13.821881180024498,-2.0545080416886066,-18.10829141299093,-6.107002385156374,1.0
-8.320504185191188,-2.8607115657293196,-15.384088128140741,3.970761764263763,1.0
-10.60060556417459,-4.2841568001649755,-10.485286746284167,4.1610207011528075,1.0
-11.063375602858873,-1.8862267152990544,-13.214398589983492,-3.2468676759067,1.0
-11.816413663826635,-5.758747216029493,-4.566224709027767,22.9828867202375,1.0
-12.891152950455895,-5.999973092253287,-3.7610823847880397,10.266770371230692,1.0
-15.36575933603726,-6.071735685690653,-5.9943098887362645,5.153435061568338,1.0
-12.555849435874878,-10.721855274376043,-4.989674122683221,-3.952955310748714,1.0
-11.821807523435366,-10.471637322635125,-10.753911706031737,-3.318070164358626,1.0
-12.26450664060707,-26.27665422345627,-9.273379387979102,-17.623380617447953,1.0
-11.915533606295366,-6.500587342786259,-12.81759592456895,-16.494853750708604,1.0
-12.65696150613351,5.631175025364714,-12.128014449807196,17.322107067381037,1.0
-12.158069439052781,-3.465194690874127,-14.527663846999358,23.861126821970245,1.0
-11.66457922562511,-14.444374142647183,-12.898996651658432,19.35771936958249,1.0
-11.72917497772462,-11.52549373442686,-14.555704286656376,16.2194451607766,1.0
-11.172068872294064,9.394516380765623,-12.865044513286401,-0.9866680311653244,1.0
-14.235522465307701,-0.21385060484528573,-13.896087766182614,18.013989813875995,1.0
-13.581638994240851,-16.81152222869308,-9.139012310594866,19.581657096663314,1.0
-13.747307156973308,-23.62909091629337,-2.6487203498854583,-11.376677166784448,1.0
-12.144022446580507,-9.065876807573042,-13.916342922403148,15.09018817478951,1.0
-12.620734466909882,-10.942062412521068,-17.251687010091455,11.382227498856324,1.0
-13.197948939112958,-12.105890023226607,-12.225942557871507,-2.1040880813412013,1.0
-12.737295634125958,-6.486309227939543,-7.997339938351744,11.016226657597041,1.0
-12.650842070777854,-2.981725355720089,-18.715443840433224,-5.471349296590426,1.0
-12.013806781410594,-3.45428818057837,-7.74344029074546,-8.905236168337723,1.0
-13.177990780985319,-8.751605674901576,-11.227110758687843,-6.096179730737008,1.0
-13.116667647742155,1.123858931570422,-21.029930688145402,15.95787470909469,1.0
-12.940081921368996,14.481635351969187,-24.148430078525642,-2.8455604954833746,1.0
-11.74324252768152,26.035486778389593,-19.94003508451391,4.06600706326595,1.0
-13.648104456663022,5.432253177942092,-14.978509100447443,-5.4330204755521,1.0
-12.354955478435366,15.460484686482648,-18.381739300016587,17.339387094195203,1.0
-11.945991739964093,-8.21363130398246,-17.2760101803866,16.602941212366986,1.0
-11.338332032708516,-7.436284781909673,-9.483589683073948,-9.220881269824647,1.0
-11.015490130412571,2.122776213469241,-10.966721640264247,0.4643871113000779,1.0
-12.661297958606124,-6.343058852738627,-14.703289090996705,12.153793138946314,1.0
-14.002047625392668,-0.7642159034194966,-15.186057800459754,9.153718787051586,1.0
-13.708955383673583,-12.485751910952477,-11.405100764376968,11.913077445174814,1.0
-11.077029459458196,-4.813248391884781,-8.927109243805052,30.398078241384127,1.0
-10.671350268855353,-20.30018510719914,-11.131999168569795,17.10282645743356,1.0
-9.469925852596456,0.3881163787870481,-10.427456049063338,7.798572304560676,1.0
-12.225437809349225,-9.245630460959145,-12.585272713649655,-10.583912745839854,1.0
-12.936165888947752,7.67008596691686,-12.39421124473203,19.30838204711942,1.0
-13.375506528799173,1.7134620675492798,-10.612737766084159,17.924067332259327,1.0
-13.03760465296537,-2.3171059556407725,-14.110635413381623,8.184443987454852,1.0
-11.907480396216213,-6.302744286456611,-8.85965863623988,21.530494078086473,1.0
-12.55458604380946,0.4507317295127322,-11.994348058488834,30.63877615661054,1.0
-13.565099839298284,-8.582524088759175,-12.753536605279683,20.567154397193576,1.0
-11.629510820129093,-7.998129778993961,-13.20193957764433,29.62979831239394,1.0
-11.784823311392527,-11.732595102024547,-6.740321529411628,2.5971854187532415,1.0
-14.147615142659564,3.095351518582307,-8.679847135217226,4.8763786772628155,1.0
-14.407447870744736,9.3728938213724,-9.197911606882384,1.4511371122469163,1.0
-14.772651884217002,-2.317485089868163,-12.226698256219036,-2.925842826320099,1.0
-11.376308039494909,-20.69762227603061,-13.790999075660531,6.774993672855128,1.0
-10.542423429992539,-10.528919857596387,-15.446516648580888,16.632057871094343,1.0
-11.813391100683296,-10.393523209265405,-12.560681195681337,-5.123003337061871,1.0
-9.761151065961936,-5.261488343389455,-4.918597982645012,2.115592644814493,1.0
-11.870644340488676,-3.172134238314108,-10.625735383162935,-1.3850275489213946,1.0
-12.950531812721778,-0.5516981464659168,-11.473271670503264,1.5912318830352383,1.0
-13.053617085483662,-17.942954220772634,-13.806728039255601,2.8610426088966623,1.0
-11.830313149028726,-20.164484572680465,-18.993710746689107,14.06585796611893,1.0
-11.623567202129975,1.6556431242553984,-11.798254057094741,18.78903981585687,1.0
-12.731652265235908,-4.026524949629172,-10.984708233243298,6.69135263188538,1.0
-12.948150412003583,11.150523879641828,-7.807401579678064,3.5104687263572085,1.0
-10.519999713838738,8.917034361076302,-8.210303664791532,11.675786449552186,1.0
-9.795552099193474,10.012755081817712,-18.007286114244987,18.196725150118965,1.0
-11.152839859043151,-3.1394874599412272,-15.804344808699721,4.866860066491174,1.0
-11.92626373796527,1.4809092179777696,-14.959761348423033,-9.178670907287792,1.0
-11.920245233559696,-1.6511754571246762,-14.091221361952657,3.4399290516252448,1.0
-11.0500313303971,-18.11100441662161,-11.128301934835637,-0.8984921713621681,1.0
-11.272647206654966,-0.06793013472954446,-13.202827977651944,5.557678282871951,1.0
-11.737207503412865,-13.733191662540012,-15.284631801282531,33.76093631283575,1.0
-12.14025013655229,-11.634192651256601,-16.517812063115073,39.50233780348216,1.0
-12.93271831495336,-11.930016897633472,-16.736968021721175,37.95434347117609,1.0
-13.51052564360211,-6.1218446173954,-9.635331141735652,21.695461861181585,1.0
-13.12246714775541,-7.020229240518697,-7.651646094030052,24.0323650040363,1.0
-11.058712170817294,-12.89599282442062,-11.81491391349553,35.36368998306538,1.0
-11.800794479618935,3.327980170727601,-12.573362375767122,14.976453438159862,1.0
-11.468639632106292,-5.459799336000122,-10.708336165337826,35.25815009344794,1.0
-11.969117475071721,4.928504892337617,-18.08287221656207,30.65567713535725,1.0
-13.062395970298326,3.3632324648299585,-8.778162372912696,28.173551238404052,1.0
-13.937766057415953,0.5003823472975704,-7.413860223758881,26.256357204974627,1.0
-12.405066577083847,0.6024609332167419,-11.649302874102311,15.663538516801118,1.0
-11.880128309987663,-14.109249194556654,-8.690621946115627,4.246948735338417,1.0
-11.258981021021194,-15.957443937532737,-13.561131071003693,-16.78225054571038,1.0
-13.267102166851751,-37.05624693839428,-15.359864257219455,1.489234015966741,1.0
-11.111649799451655,-18.359048822284567,-18.720141172422288,0.46591237869142343,1.0
-11.832829021466512,-7.034783084855135,-20.264959437553294,-8.25532906498643,1.0
-13.491626030819676,-12.240009116587867,-18.5381529931981,6.186229356547082,1.0
-13.396991605961652,-6.560332398797812,-12.871429753479864,10.183057718466026,1.0
-12.686074942194711,-4.901115791229806,-16.546850922133544,15.83664401686875,1.0
-12.213613320484045,-8.160777244468918,-11.09977977041066,6.125185349140205,1.0
-14.477782825179355,0.27823458263170797,-11.237909638800959,9.38066763647618,1.0
-12.164623056699027,15.930459712429776,-12.175638411330823,17.71502764311753,1.0
-10.913050772626978,10.110088363655965,-6.299057650341453,-5.073191692331232,1.0
-13.115570712470673,3.9592924143369648,-7.9191784457521095,-0.5740331732291333,1.0
-12.337425868715586,-1.381546955550431,-8.438059802183869,3.9245028177234813,1.0
-13.525076941727466,2.5854973083916226,-6.8916818988858175,8.724866723738149,1.0
-13.57381687607839,-2.5089882814912805,-10.726252397969354,-4.19121155970435,1.0
-12.699967582587032,2.1180075344349376,-14.520647680075541,12.667051963528454,1.0
-13.319408349441268,-0.5560779795705266,-8.433480081350227,12.640421954962289,1.0
-14.061873809337243,-2.5841158263731856,-7.071298141632534,2.4560454236791083,1.0
-12.798341357137026,-9.260890904362466,-7.156562708026092,14.80403504951952,1.0
-12.432310626792688,6.212792595965396,-11.99567741845473,2.6134647292182906,1.0
-12.629123933777265,3.260864834855588,-13.721754661623688,9.025582042568328,1.0
-12.344097098742838,6.562263247805151,-14.342797345417486,5.822194532772352,1.0
-12.526595873046505,6.314377218103578,-17.908375416510957,8.711211151348957,1.0
-11.71811241230608,5.498726709093481,-8.078976468491536,16.407326706337855,1.0
-11.40047721461853,7.320799998565937,-16.69216162114692,2.4649859252823525,1.0
-9.898854085336135,0.3385743911694461,-14.543653364969733,-15.964486513026056,1.0
-7.771298041021584,-8.74319329234365,-15.765229347839966,-2.502862811329525,1.0
-9.336044280951427,5.2051631704172765,-16.852639120457404,-8.814681199425811,1.0
-10.200950257621798,-6.643283366886992,-14.862300628033385,-4.937202464551447,1.0
-10.618749899598278,-5.381992306623243,-8.082036261541285,-5.449579408929001,1.0
-11.307204370122857,12.875372117930869,-11.976681479812013,11.731203643566547,1.0
-11.061558074127424,3.5333387237492677,-11.590627389714522,7.4442076366876595,1.0
-10.064562499210048,20.93885537479474,-9.078348967590157,-6.401052268040258,1.0
-13.254657217961544,13.724705962175072,-10.983518635941838,18.293496363370856,1.0
-11.666834302374863,6.381042083999013,-3.9781140899273497,0.678528082138623,1.0
-11.179602972591729,9.847389540102839,-5.719348050255476,-5.513611767410177,1.0
-12.314668405892027,-0.8629937711263733,-13.65099383462803,10.665764935444438,1.0
-10.497206063901547,13.859409828295309,-17.446714276453996,-6.418168053734052,1.0
-10.879818023516867,18.308312715665483,-12.992332697230673,-7.425073965339671,1.0
-12.488090648046043,9.11478258131367,-14.660051905865679,-6.878963156538848,1.0
-12.007897517683986,11.386876197012256,-13.539567782192337,4.940455894183777,1.0
-11.780473398389365,20.64677357674617,-11.729995531912301,7.2293686873587095,1.0
-12.728585663119791,16.218383839293466,-19.743812747812065,11.602567590589,1.0
-12.23175414844868,-0.08473468234264736,-12.467493044012457,3.9222820669335414,1.0
-11.592226598038344,14.049745691128539,-9.691362132802864,11.62819789494226,1.0
-11.40771127922902,10.183845403353349,-7.935261498248279,16.088187154846967,1.0
-11.352101333908415,3.84029623582276,-8.692213527179074,11.871976922965098,1.0
-11.58712880817268,3.27804989558023,-13.45850544211796,16.744053693752114,1.0
-10.169715863110797,-7.323497823075559,-16.044334942572824,16.727797330960826,1.0
-10.454209712878011,-12.977872543866562,-11.691179351224175,1.2067741916304797,1.0
-10.810393083513551,-10.370165601413419,-11.368774332502692,6.3949175272204375,1.0
-12.022300026756872,-4.956919712487551,-11.91585548742305,1.3812607823162342,1.0
-13.332150423135035,18.486873952565762,-14.309471253022508,-2.2810153008267626,1.0
-12.169099520103751,32.499554225357684,-10.458724484332649,-2.752434868097061,1.0
-11.097987185212475,29.6067430061605,-19.0238422017203,-2.2282678853607196,1.0
-9.8758064002713,9.76884935415373,-21.496837857491826,-5.985445292966968,1.0
-11.080661023308927,33.396050187882544,-19.376046951761964,-2.5917259744229284,1.0
-12.215873615652816,25.67387497361254,-14.561051920841212,8.244198643323795,1.0
-12.585834560173002,16.952072958954158,-12.4030774906937,6.383220710698229,1.0
-10.683891918664864,17.03868062683297,-15.03336553665396,2.616272993141118,1.0
-11.082301964061594,-0.529379009191782,-17.56547293228418,8.440762285246182,1.0
-13.280623471004414,15.115050498474911,-14.128972272463606,0.1911835711455474,1.0
-12.18401355538864,18.110100788981615,-14.111231419391904,-14.324459328448736,1.0
-10.974004378740531,10.70910426836642,-16.11260176235767,1.6613084876225361,1.0
-11.085446797391278,24.41129080641047,-17.49437008758483,-23.379939513516486,1.0
-11.635682430577747,6.765775538338367,-17.95277207445143,5.964290051264417,1.0
-12.099853688007219,26.001592368271314,-9.369456791877344,2.5378895669825754,1.0
-13.004182783519244,28.10037367496875,-14.62927714368967,5.87929162439914,1.0
-13.246802664691831,22.290766033357905,-15.817897351900028,5.433320077851537,1.0
-12.094526825414327,23.28689625991686,-18.041067902476172,0.7527672454148178,1.0
-11.285799877217116,10.727154464508601,-15.920064058244835,1.9111120975288038,1.0
-10.972489129188883,16.80722268270068,-15.736223010611152,9.721397081085769,1.0
-12.589325392505167,22.997868952402982,-15.552409567286665,16.874762815674785,1.0
-9.895177245142111,19.550145691555425,-11.417393058573857,-1.5904308182393394,1.0
-10.43522132654733,16.13212081789024,-11.191459381679502,-5.235170802864428,1.0
-9.101317826209904,33.97845124227386,-9.939558149278408,-4.758351888399083,1.0
-8.347127090896745,28.275771343361978,-17.528443584254283,5.357548867627098,1.0
-9.723060344045068,19.76945924052842,-12.495353616303127,11.25564095914467,1.0
-9.443299043936696,27.195717077984117,-12.323599413981622,10.434240253674728,1.0
-10.522677738979354,20.88552500712664,-13.271387034855223,10.079288595523714,1.0
-12.124088870736099,12.839341371373703,-12.931993502995462,-2.000129927255448,1.0
-11.564718552798908,10.621017333947837,-12.10973310375606,-7.668493754171358,1.0
-12.130736191106692,26.106944678435184,-18.83131866791293,6.063777951694693,1.0
-13.457895619976016,23.878372200819832,-12.48399949614697,1.3347786032779005,1.0
-12.630320385587513,21.90978988534463,-16.127058172250614,13.393012465920947,1.0
-12.013184779707075,13.706258580448395,-17.601390645391657,-2.864971678475559,1.0
-11.452148665730622,21.078760067303264,-10.422028121759542,16.049261586261053,1.0
-10.581861496816279,15.023039026919255,-13.248308352750195,25.074404779647814,1.0
-9.704255294448867,26.18743446650176,-16.22893992132614,14.093287829304012,1.0
-11.508916385470778,10.46199984906529,-13.65696993351712,-4.498125862395968,1.0
-12.335245967309335,27.4487561160116,-10.321081519929972,-9.111883919867422,1.0
-12.25948715224146,14.166407417188243,-12.443089411126223,-2.75011612293786,1.0
-11.946900138048697,11.881521385135015,-17.159636366774457,12.293994409375413,1.0
-13.862525153231655,9.054558449330948,-22.914418828750016,3.4677415049547484,1.0
-13.035591951746797,-2.324909649431465,-23.29422704688062,8.06654784930779,1.0
-11.426369821185949,3.5157127096558867,-14.321558485550398,15.91010924446128,1.0
-10.351785942547085,11.393309574963308,-14.066455486022274,2.15824006116344,1.0
-12.194546953766107,27.627173454296823,-9.610342462488772,11.167925793297663,1.0
-11.546911777606468,26.508707712030052,-14.741762081477805,0.9675360295408026,1.0
-12.458324371846038,17.05374751122063,-9.83129394684505,4.10081914025503,1.0
-13.077410499364488,5.880134551031,-10.47458460623173,10.750310558029092,1.0
-12.650907934597424,4.994996687431084,-11.818919485244969,20.072551280207332,1.0
-10.221669535795806,17.204054504892163,-14.464245871113837,13.554256530480567,1.0
-9.498193797176832,36.63199139222799,-11.74163742165642,16.131905262949804,1.0
-12.860322000782537,35.96390975504928,-18.155260181590847,6.025115015985825,1.0
-13.143117316831798,15.113632795854748,-17.315179380256378,15.099249151665013,1.0
-12.738420100184097,12.082734531268123,-17.652021876044017,8.282638705312987,1.0
-15.305724973964708,4.1724786964444505,-17.22197595682684,-4.42191131685782,1.0
-14.770968341206224,16.677807301277145,-16.593044930714182,3.799772871573018,1.0
-16.538427589385478,17.051334065463582,-18.037195407448486,15.386886538726815,1.0
-13.883297061853927,16.664074959729454,-14.753803902213733,10.245769996763809,1.0
-13.817957521207642,5.270338048015355,-13.576873139910562,10.81739482140986,1.0
-14.369148572165344,-7.458425638383526,-10.814130354502904,11.670322779055345,1.0
-11.777266488111792,10.771204033216534,-8.414423383966456,-12.902697545474098,1.0
-11.246372300452846,10.860281317108068,-8.872304183175967,-14.089569644835112,1.0
-11.576699605998048,12.34473594850575,-12.082738130496336,9.1568256484553,1.0
-10.943936972761682,5.448632153348026,-13.49914986984876,20.827579514822254,1.0
-13.376384064253108,6.55574276157097,-12.706661367078523,9.099138562722398,1.0
-12.566594878769141,2.208194964509625,-14.765068869477032,-0.42201257021581107,1.0
-12.113427270144099,3.525248733096644,-17.361399529868923,2.9169673851516236,1.0
-12.67165378080097,-7.400230274432314,-18.91493753464878,-6.46416950060007,1.0
-11.562277834345148,-4.5901856798679015,-16.008583845139867,5.3546928127650055,1.0
-9.779870106873997,3.2012718872813672,-11.544091220101768,20.377990097049732,1.0
-10.85135269265538,0.6820233536512346,-13.933472220169767,14.447684372689398,1.0
-10.744294527165373,-14.858869080444276,-10.04010532511505,13.52785288630231,1.0
-11.760620833678708,-7.277669978850312,-8.985343190409804,19.692915012621416,1.0
-13.628695649040846,-3.126387654202971,-11.794477686331668,16.480028132992636,1.0
-12.44142603458519,5.522991764668166,-10.514797714207742,13.611865630185111,1.0
-11.08456351098906,5.287003321488873,-15.02946066574278,30.4501559533115,1.0
-10.995745804601617,3.0170407901891263,-20.082073249952888,39.393608223879525,1.0
-12.933366789099354,9.18195988512664,-18.021345770643496,12.682697535164412,1.0
-11.305645221433723,-14.445834153908361,-12.202722607155895,9.700760258634155,1.0
-10.520293126458625,-15.081266372304794,-6.073094506260222,8.300599495710722,1.0
-10.537709247534357,-12.32922946010644,-7.143514978414039,31.693225283361613,1.0
-10.778940528501536,-19.63519948644918,-15.592700687662978,18.171791178211354,1.0
-9.136282176576447,-6.966399589271006,-11.800255324044102,32.443354917607174,1.0
-9.625847130735227,-3.913634730535338,-12.667135505355875,8.554365462062393,1.0
-9.390738257729845,-10.7173552228595,-13.189340513735223,11.196510246966193,1.0
-8.711142604615528,1.8515751773496945,-17.540554955500088,7.523201789303233,1.0
-10.549020493351298,4.3441648208138695,-16.36051769905266,-5.20429077765743,1.0
-10.499111698243338,-11.406048575559467,-17.313149962381907,5.398573711272868,1.0
-12.208335041846102,-25.039338012763032,-12.775614078131808,-0.9506280668406504,1.0
-12.063622464660368,-16.100268374525374,-12.168650444056569,10.141258481433962,1.0
-12.18275817969184,-18.472421225652404,-11.619492414688763,14.60957440760393,1.0
-13.050696495601997,-8.150253943060553,-9.830875505752031,16.83299935611801,1.0
-11.905316660803521,-4.5123143624458955,-12.732399156701574,6.009551689207383,1.0
-13.006324541992006,-16.880193672706397,-11.795863039461208,-11.371984051489122,1.0
-12.789818240103308,-20.306577255565927,-12.511041743504897,-14.911960241495247,1.0
-15.014005520177662,-25.911535399630026,-14.994044365833412,-4.892505136762161,1.0
-12.678590898118614,-22.133726082991366,-15.138962393236698,3.480302397431279,1.0
-13.326977349910646,-19.35630574524826,-8.756003299435212,16.358390588607776,1.0
-12.19903252835808,-5.575168519805478,-6.815846874008935,0.5794756940268133,1.0
-12.734509043641484,-14.902808863751929,-7.795180164619541,-8.721982957814479,1.0
-11.98020502902725,-14.009162572879678,-17.304542359526963,-8.953771571230806,1.0
-11.03402383403802,-16.65827087123754,-15.487004665957931,2.2236822843749073,1.0
-10.598011080852247,-7.882532978859322,-12.72651959352213,3.562215982042977,1.0
-11.319702597448218,-22.084301973916542,-13.307537627490793,-4.368542706394155,1.0
-11.595732884963523,-4.099068973046892,-13.12489109226585,3.6034710060157416,1.0
-11.244726158079503,-11.948912595528185,-8.473052443576488,19.94030410097193,1.0
-10.718536336852381,-12.449433530049088,-14.531214692717612,28.232540066854806,1.0
-11.294033295593417,-28.752593411177898,-13.108011862870235,8.46707244561007,1.0
-11.458665119293753,-24.135528607065886,-9.676727451502204,18.620243871196458,1.0
-10.487551018458205,-22.964905831483904,-13.417489654108326,19.780827308192457,1.0
-12.77352817761819,-8.143049598690993,-10.631769704213248,30.152966989180115,1.0
-12.55234013131973,-30.239952553652657,-13.429274458473355,31.56760485077561,1.0
-13.044613994468092,-12.633368762148159,-13.252173799249206,19.636051518284845,1.0
-13.849784025187109,3.5535727437602507,-13.528419527944916,14.352778893174367,1.0
-12.836894616333199,-2.614946756716253,-9.693321039942484,10.553309899927244,1.0
-13.92788647403683,-24.33840217742477,-14.840457585150347,1.9282173921529004,1.0
-12.864191895158024,-32.259150959546616,-13.810265992408358,-2.9137433966322277,1.0
-11.082161095948408,-28.335069779895566,-8.964529115466672,8.55238775556298,1.0
-10.20913473792804,-13.98489643561192,-9.779052824531002,-0.6445187933163492,1.0
-9.904827203548352,-6.88424730155417,-15.530774339847184,13.945787439133865,1.0
-10.697655846388678,-23.904230682604762,-17.92607165565414,10.823641036897262,1.0
-10.98383098493616,-35.81141086147296,-22.06373920599193,20.257539482313035,1.0
-10.520875886107442,-26.90078684442172,-12.601056783552595,16.747667573081053,1.0
-11.10666279027016,-14.459236277639487,-15.155635709768235,11.311627164515674,1.0
-13.527239270662209,-14.066329277329155,-16.815832753584196,4.987478160689954,1.0
-14.906360697581556,-9.174503454454332,-12.141283010274655,10.580977881993771,1.0
-13.604459068189831,-21.564801767624285,-10.897399277739051,19.795968142911843,1.0
-11.438509041004682,-27.330322140454367,-16.587931165403255,19.27358504749086,1.0
-12.67848130464023,-25.73049704940459,-10.070647776562206,16.216491615755434,1.0
-12.336440797167047,-12.46957198213649,-9.109896089090554,6.906929918796764,1.0
-9.398405734393823,-12.230371732630253,-13.02405826024566,2.6686476132166037,1.0
-11.216582464236655,-27.443468243342664,-9.881790123032232,7.49927256548229,1.0
-9.470940478481708,-37.01668229025961,-14.018254660995606,9.3649764981673,1.0
-10.22699519127475,-43.84867164522524,-12.464209709097311,3.92107575177565,1.0
-11.866234936667093,-48.937613744784244,-7.522603349375856,-14.777561927140953,1.0
-13.338059157532534,-26.414589367621637,-8.649530851921066,8.864634090863833,1.0
-12.968678821211,-34.46431740306795,-9.819915514149077,14.762717443112475,1.0
-11.92018603228811,-27.713247415155152,-10.643027525560866,5.0820779879658575,1.0
-12.218425340697056,-27.770078431317867,-10.4382416440803,10.96849201201853,1.0
-11.07633689615681,-34.26645327564273,-8.848208600952162,11.186922352445505,1.0
-12.061681185035928,-22.95857844119584,-14.091342435857168,21.932097799447497,1.0
-12.066592959356898,-18.37360821571883,-18.341790879621477,14.486771062302,1.0
-12.546584542672774,-17.422584904132655,-12.33105919463449,5.031118327182807,1.0
-12.631961540344928,-0.4152131052049626,-13.956446355574155,-4.9839086712097185,1.0
-10.948826480495331,-7.720628645469025,-13.141898113726173,5.433203999109631,1.0
-12.27425835030463,-7.353537859804051,-13.776914307110244,22.55741637981292,1.0
-12.32180077929724,-10.294444270650725,-18.161654677353525,12.626066854873038,1.0
-13.432933647715021,-16.738770776824705,-13.845898764893386,14.908684075052616,1.0
-15.049694643722246,-21.625005879055394,-11.883498206811879,17.27561600034792,1.0
-13.493844559935095,-19.16279416104429,-12.44632072371036,14.771102993597161,1.0
-12.059158583220226,-3.4570424234102433,-18.024541813855215,6.87295580011786,1.0
-12.925348986232475,-15.379730095913235,-17.930229418273584,-10.703072155079395,1.0
-12.119554698671891,-14.851358073001888,-13.881900798405592,-19.640208356881292,1.0
-11.89400300524348,-5.638213388818274,-13.003779755950903,-4.140913093829306,1.0
-10.402257000703937,7.44936200539081,-12.362637765869003,6.373894792931505,1.0
-9.504176418102942,-3.2664292956011245,-9.474177319232144,3.245545635792956,1.0
-10.183694215998438,-17.50913448174827,-11.156470778152245,3.1460470384927417,1.0
-9.43199797192613,-17.310676020474933,-11.09239502551816,9.629309775621666,1.0
-14.74248529603031,-23.215126471110885,-7.881937619109871,10.687141925332957,1.0
-13.90430726612341,-2.2940079183649615,-13.246068732504785,25.77464094348823,1.0
-11.481350656627017,-4.6153146420857425,-14.367949033678961,21.65483727194108,1.0
-11.78031056060644,-17.832022204769213,-15.74058975346853,24.973687999451286,1.0
-11.470081356486464,-20.390375652327055,-18.02549780045134,31.674333659443143,1.0
-13.090100789839001,-24.480952282697565,-12.146513234141668,23.970865655997102,1.0
-13.161301042793857,-23.253780161064093,-9.805541093843283,19.51391971082966,1.0
-11.987210795161797,-35.80708220216797,-12.017410912559397,14.511242844259947,1.0
-11.280507943467233,-26.20615541770806,-13.503040528018687,9.033417777446068,1.0
-10.31381332236959,-1.352657358990541,-17.192679649156403,-2.175882265421187,1.0
-10.084385614774941,-11.122925328780685,-14.576423904901127,10.689893993132122,1.0
-11.018090807335163,-1.2382028566498775,-13.064595807603936,23.384867442813864,1.0
-12.072658465100119,3.790525637959715,-10.49202657892705,40.66895147478378,1.0
-10.196882235636906,-12.503095367288058,-13.567407484839627,35.68802754101792,1.0
-12.060784654815873,-16.979103651539102,-14.128387078146446,23.26901416638279,1.0
-10.084140148927682,-10.772213063288277,-15.252678489314793,14.564829657719905,1.0
-11.410235835552664,1.6011633304870987,-10.442213625095683,5.848810567299673,1.0
-12.9721108495926,3.0010009195171055,-11.695726815972124,11.435781855996442,1.0
-11.733174929469216,-3.7515075828190847,-11.642420341358758,10.398484345422666,1.0
-12.932524374130336,5.860462249416882,-13.320555063377242,5.505746745712454,1.0
-12.852523195651564,4.128656290068459,-14.739367784913933,30.084145979227845,1.0
-11.344209785265027,4.285572878155115,-15.649299139254742,25.620038558859363,1.0
-13.453582005316148,7.883661242476171,-15.63959983586328,15.921653165304217,1.0
-11.678508452587623,8.743887535504228,-9.855878246499813,9.286881697637067,1.0
-10.463947317505188,8.233203032998503,-16.120389756072115,9.869053882354335,1.0
-9.477691220238146,-4.2155209874819555,-18.10905631745498,-6.376758724598732,1.0
-12.411920064743597,-4.304503841455615,-14.96985102649228,-13.353405345899581,1.0
-10.842514342109304,11.804250231856013,-14.687035037109862,10.001797814529999,1.0
-13.336524880798068,15.241552218332824,-17.353171838047956,7.004094200773176,1.0
-13.911721606121068,18.604269130516624,-15.904049490662803,16.259756437294243,1.0
-12.730068245314204,6.250025692598297,-14.991698014003786,17.294099935262416,1.0
-13.376436805151787,3.3772711775011057,-15.490894341069035,6.262533596199827,1.0
-14.416582603599203,-4.850182337430391,-16.88400820269048,-12.068921301836742,1.0
-14.933587641963971,7.4948879039222795,-14.895399318277267,6.165162240324534,1.0
-15.85731943270818,-6.01394497029228,-19.08738575172778,-15.927053035453795,1.0
-12.815734282276384,7.098316247685679,-18.792476209441077,15.049398203658434,1.0
-10.70239241527438,2.527870446427185,-15.255642181210423,9.846865242265896,1.0
-11.103928478974582,4.0240749517961065,-16.482713507732218,17.549086476513658,1.0
-11.294425103179595,2.8247432296180977,-13.025612212640288,10.205376922823671,1.0
-13.701608843386422,1.1792494916965566,-13.094722951957005,6.124230710644095,1.0
-12.829584335753395,12.186881075091245,-11.114063682714384,3.4434456384948176,1.0
-14.156404529638621,13.611615384853984,-8.555119783771648,17.9236995430617,1.0
-12.881379076065256,19.20829665873932,-8.150913250393657,34.20374304943883,1.0
-11.95117803992312,-2.916415325978364,-10.666906090831734,5.048211054398486,1.0
-13.603202321479483,6.096835882414788,-15.08472781067632,13.483893462097397,1.0
-13.387694799027322,1.895760891675467,-14.676009824884552,-2.817077606530655,1.0
-13.680514289185501,0.825857382107646,-18.480568778028836,-11.357280935864008,1.0
-13.606139221534416,-27.597352144383613,-16.04982360600502,0.7604367333947071,1.0
-13.79389297079982,-9.6668110328934,-17.342489857322292,-3.215074993764385,1.0
-12.33048972221583,2.0757070395213133,-18.067499810054365,1.76481784401593,1.0
-11.434191518842578,-13.538113307037394,-19.52417287088862,-4.515928334272889,1.0
-11.699540968566076,8.197672068899191,-17.062165516934154,9.34850072183784,1.0
-12.90026318245459,-4.137205661100108,-14.725868144026212,12.676235521318162,1.0
-14.180985714057782,-1.1358889740760114,-18.00281542733279,20.90758805405804,1.0
-10.866873006641772,-12.46104306907598,-11.236856822045748,8.4733478381958,1.0
-12.716947924072947,-32.522375319742686,-11.328183207172156,19.09909920791846,1.0
-12.091277218735645,-29.28963019787321,-17.221778545771983,10.242608511883386,1.0
-10.66242122843271,-30.73731092926714,-12.520226903214091,-1.9289823781596498,1.0
-10.156911311125,-4.235816809037215,-8.90196613379603,-4.475545858691225,1.0
-11.270692951955942,-2.1710817718663584,-9.89836678119849,-8.937912215954182,1.0
-13.342050788209027,-14.246508083653339,-13.561952591107485,9.309141413215889,1.0
-13.89739800327866,-15.175654962942517,-17.06949506976293,5.421646468638607,1.0
-13.157143066217031,-8.253720866021737,-19.37623624393349,14.315343208128711,1.0
-11.225519628199681,-23.496871783095717,-17.92330356789124,28.02190101425377,1.0
-8.980242066850215,-22.617218101911227,-15.442913169395217,21.364850435306334,1.0
-12.408535662461274,-9.182788660569202,-18.806192284693203,21.365877878082753,1.0
-11.288238850785426,-28.044196208511238,-12.183471121017124,-5.240306785161664,1.0
-10.853915874098396,-34.35923363100448,-12.214214861464235,-14.904664919626681,1.0
-10.965935059257767,-24.24207655853955,-12.642899248979246,-1.5721095015359445,1.0
-12.296514359981558,-10.41745579069574,-14.228420059844735,3.6952837244572563,1.0
-13.846240195948287,21.922121183127203,-15.282067048669038,30.777529579127517,1.0
-10.358434141364526,13.09551397354959,-21.029928051655602,13.706872646696517,1.0
-10.565653784967004,-6.358065407791808,-19.090351581945843,3.1815689793265802,1.0
-10.194502121845897,-11.581586798534014,-16.543697495250715,-1.1262113439324541,1.0
-11.597266159226585,-9.083161964622839,-14.755923193663772,-3.983144063863084,1.0
-11.407235685784736,-2.4439873494805013,-15.898166931172842,-6.964080192194894,1.0
-12.20194418101245,2.188921966936494,-12.155592825584039,9.757143598993242,1.0
-10.490775339873377,-2.629645188009043,-16.279265260674112,13.362336699549868,1.0
-12.507440326854994,-5.029958459426115,-16.067307689532672,12.338140395346604,1.0
-13.55326321718417,-5.0973534560701586,-18.55909587182979,28.767896056090215,1.0
-12.739237578273194,-8.263549319799642,-24.590417376587464,17.30757979214625,1.0
-11.05511240037607,-5.417602689409069,-17.205376878951945,1.4475123128656824,1.0
-11.049537212202356,-14.18406891378659,-17.374944865630894,-11.732354401025692,1.0
-11.265617878176842,-19.281405822946752,-12.475228994308067,2.42656542168739,1.0
-11.440434175654795,-21.70402420793491,-14.560998663215026,0.9834635923072934,1.0
-12.034226529605386,-23.908800936734373,-16.35710294539897,17.394794610490226,1.0
-14.757236069324412,-15.658561923818194,-15.213273906704304,16.57712793692714,1.0
-14.100572855090961,-22.536830124033713,-11.907048800835366,11.14134343700902,1.0
-11.229138411063342,-14.792856437988158,-6.354475594496261,9.108238977158571,1.0
-11.79102996855841,-1.18380512373672,-5.518989446148467,7.60118703079502,1.0
-9.758859767513894,-1.1245943078017309,-10.948846602531827,-2.3906304899279807,1.0
-11.490860108559282,6.930170550430798,-9.517099369452747,2.770542831968335,1.0
-11.546413177648954,-12.833757047349668,-5.939545408728598,-4.125975970905364,1.0
-11.700567152244767,-4.824775203936435,-10.840103140586299,-22.76224079601318,1.0
-12.577392650780743,-17.003266100953205,-9.06556136076831,-14.618371402516374,1.0
-13.00873522068521,-11.415906540168873,-9.541666963000425,7.347301938222179,1.0
-12.398452327531903,-2.301093361579266,-10.238879033641995,27.950500711612946,1.0
-11.59049452269362,-7.117562204780114,-11.445086428941293,-0.6490683418506151,1.0
-9.438940617345322,-11.426677276350988,-9.773562717004886,-3.217827430275972,1.0
-11.001765376389523,-7.799083678597915,-9.681057839628611,11.85385060116597,1.0
-11.270580838172894,-21.58279098857166,-10.31865746920531,2.370459374462132,1.0
-13.26332509876254,-12.917157144728574,-14.89169414814085,8.1855298346624,1.0
-13.236501608923366,-4.992278368782839,-18.280766626428747,2.606453441676736,1.0
-12.174940682743756,-3.036728419091756,-18.91626726004454,6.811926659134976,1.0
-12.793973464366028,10.121484504345709,-18.660406492130384,1.2795153316410808,1.0
-13.248344147108668,2.68721466414398,-13.962206932158242,-1.5957317730600842,1.0
-13.73147703032126,6.5656299573408585,-4.794914460196972,-3.432280609310782,1.0
-13.244851832130353,-0.16865470588315512,-10.572656651626438,6.939225917791955,1.0
-11.810225366864731,0.34743696031698185,-13.44429801197669,11.625800588787577,1.0
-11.426113627700653,-20.730054598684713,-10.908447213591087,35.93531044815849,1.0
-11.349289412636859,4.835541930175757,-15.328744922830115,30.499698788307153,1.0
-12.27205779166671,28.188405091348415,-14.889772328539726,27.219010907084815,1.0
-13.408368095699359,31.86885151757649,-11.796679269806157,23.30074874816051,1.0
-13.848335873061208,14.202943332076437,-9.577577894346373,24.392899378011638,1.0
-12.594817947289922,5.475470196873838,-8.364821411990638,16.780458359924566,1.0
-12.93397763312921,2.111587063910396,-11.100412165732651,17.84354216171344,1.0
-13.301183775279943,-13.773604383503743,-19.542970255322867,21.68420723288423,1.0
-13.328365814914408,-11.650333192009096,-16.862258395304114,27.898409223171196,1.0
-11.228165661160897,-6.8182426481315,-9.716664855138575,5.248939926474293,1.0
-12.636308491983419,3.0629588442045765,-11.945960549581041,-0.6490773527474545,1.0
-11.83409919640642,-11.495984673422766,-10.182311153391362,1.2003228940945299,1.0
-14.58311097285595,-0.15347335216700397,-16.43586707955501,28.434481452141917,1.0
-14.014187739507154,19.588199979765186,-16.075913286386932,19.155769203120443,1.0
-11.50218429785181,16.702695577972598,-14.67231095121659,17.954891328184758,1.0
-13.447935627552626,14.796846063183994,-10.212804418284518,24.938873650561426,1.0
-11.478618340665207,13.460777961670342,-4.624478011003967,15.885680571342007,1.0
-13.613134926331817,-1.577897462425594,-11.758852725797926,21.057479013876502,1.0
-13.1867948397454,3.160048559667147,-14.566794796061407,9.103154074030005,1.0
-9.537470380418874,1.4233754804340597,-4.366319522242603,7.003772852427144,1.0
-11.089269722101868,14.30623347112759,-10.904028889778774,8.545240460449373,1.0
-12.235043005355307,-3.2655580512533304,-13.737097364122775,3.2182430339806043,1.0
-13.572813574126634,-0.1741521885680104,-14.315690861973042,4.972770851739604,1.0
-12.681634002872011,9.304494340577737,-12.650931301212829,4.352464111420896,1.0
-12.611363047840625,16.998389735065075,-16.904715752086197,13.064398322752442,1.0
-11.845670760987945,24.79765787439021,-15.181922333570519,19.192018190873792,1.0
-13.580781063859883,17.842122194316644,-13.59013767756337,7.914618148569769,1.0
-14.422192886753049,6.176412188074082,-11.441897833096176,16.057894465527852,1.0
-13.665204219408993,9.673407625560175,-11.943594178332386,10.026089266620634,1.0
-11.245492957080286,-1.071114114963513,-19.880253841114165,20.770544392010073,1.0
-10.6704853232221,-9.228880544096006,-18.934689893774863,17.41010333661422,1.0
-10.530607129306135,-13.134891016173604,-13.09611643027164,10.581354874058349,1.0
-11.1024560423113,-19.614956742804495,-14.13613222425906,7.420288077172128,1.0
-10.11213076742794,-19.727754084732474,-14.031211187870856,15.10551002154098,1.0
-11.541083290544837,-9.54148679513003,-8.569267478429781,11.555312105752717,1.0
-10.71769185021952,-4.304683147796526,-15.048969258592704,-4.4957812523541625,1.0
-10.998486619881357,-2.5202882185593545,-17.52126914419242,0.6956552063182384,1.0
-11.880929124070041,-4.425448044099612,-16.303550825875092,21.261577981420682,1.0
-12.836051059178649,-2.7499650640948223,-13.685933081071573,31.250494993567564,1.0
-9.94855172887222,2.2010530025797057,-10.227758744924055,25.725447278994277,1.0
-12.521473845892908,5.853169213744464,-8.208375588634272,6.057193620636404,1.0
-13.768696877915422,1.616457752721733,-12.023165336775252,-0.5880864190866593,1.0
-13.036463735179003,-18.634889061230044,-12.416844490563467,14.523464743788624,1.0
-13.488737006865811,-10.434900016959709,-12.808717791494288,0.6594522924845396,1.0
-13.332478911843424,2.1378051596789174,-8.099664648576441,-3.681553077955849,1.0
-12.59212110790296,-13.983411141932123,-14.052492271764875,5.125307377663474,1.0
-12.575249437502269,-13.988222872571223,-12.511851993686857,2.2483353720240995,1.0
-12.336811089654768,-9.17610854716854,-12.551263569313873,8.509115905658652,1.0
-10.660804629914992,-7.361406396894967,-13.516624124126354,-0.10375660028783784,1.0
-11.27027550919739,-22.71455877135569,-14.756538639985417,13.20588132782208,1.0
-11.647095678946297,-11.487121617529326,-12.264221365639079,16.312867150899134,1.0
-13.135099907006062,-0.4696714049498425,-10.113270529185842,21.93231168574985,1.0
-11.611772335220127,-14.614292509247957,-9.286216904577888,16.356065126835766,1.0
-12.248093256074377,-15.480569015448442,-17.344754160967007,4.323386425145647,1.0
-11.212536838549395,-19.387937821349496,-16.920541067518023,-6.707592207835949,1.0
-12.441445833785952,-14.218468503352918,-19.161445550509782,-0.8274957535137133,1.0
-12.730252946911099,-24.934330412118292,-14.688505016371105,6.22252295387816,1.0
-11.819084291782652,-15.037258263563453,-11.48797155222578,6.28208002880724,1.0
-12.536714147678916,-21.53724162514856,-6.171380729163841,-13.621890279837675,1.0
-13.703796800555446,-9.2820625001603,-7.453785979563021,-10.934643207353618,1.0
-9.819781655544135,-22.184159303303765,-8.157376892756735,-10.168420858837896,1.0
-11.019637054392232,15.143195018062006,-7.40571551110765,12.544464837899348,1.0
-11.331307274216979,9.65268385049802,-6.100026523005013,7.605817193569918,1.0
-13.482301868210913,12.928313783927553,-10.276490524433775,32.6668140432301,1.0
-13.509515879727306,11.10468922541509,-13.514949462539542,15.011686602826874,1.0
-11.696182602577942,-9.078827703144952,-16.88937369023068,6.5363828830545705,1.0
-10.703768892197722,-23.719324875496234,-13.187350556645086,6.315887661294008,1.0
-11.127500399610813,-12.174453265940201,-10.74723822491666,0.44714517506798135,1.0
-9.622665584144174,-8.760954999148522,-7.283841928786283,6.477660059602682,1.0
-9.60070330655647,-16.909279023517115,-9.386831893679606,6.652808107782433,1.0
-11.914187623404729,-17.573700658376858,-6.497289216423536,3.7761760775422273,1.0
-11.560623656639564,-6.812648500327647,-1.8971487530406534,-0.2934248456566717,1.0
-13.037393652341116,-19.396071320613324,-7.443800893551083,14.205970499210231,1.0
-13.381689595758889,-17.8211550327578,-9.656364840866193,13.775137602778903,1.0
-11.305813605401557,-19.948646385128264,-12.813241400234158,15.647746697902932,1.0
