x1,x2,x3,x4,y
-2.1286419552852385,9.852591064701095,14.798802129578831,-0.40872753300350007,1.0
15.300286346941455,-9.121588894272678,11.535532925117554,-1.589311573839647,1.0
14.67085235812404,-7.234310750036921,12.354001570544852,-2.0450703502618808,1.0
6.920326413871573,1.043524333272619,8.730342222182747,-7.035057182211579,1.0
4.227637259975284,-12.922452227387422,8.35913980280781,-4.234825482958371,1.0
-9.16596837264737,-2.063218485582668,11.001332107082325,-8.157712822277436,1.0
-12.059537521653743,-13.904983549920798,7.005307079123977,-5.357019516063568,1.0
-10.579279251129034,-7.227835768046483,3.0566231468093807,0.4363446103934461,1.0
-7.496054708418661,-7.54847609664008,8.752986026899219,-5.99603317537343,1.0
6.997516099932014,-5.949023589589355,10.178154776020003,-5.084787807364776,1.0
-15.090360969792776,-7.071351159697176,15.399547510620607,-1.343659954984754,1.0
-2.5719234311961596,4.951260075759891,19.851714959227223,-1.426198346832929,1.0
-5.052152494876186,6.858690694532699,19.869978129242995,-0.4584340018862527,1.0
5.138177161197241,7.804538238524713,20.297394880994826,-6.646395624963384,1.0
5.177904101125206,5.203440204664183,17.7760460887113,-6.999670574233561,1.0
-8.399899768937779,9.403157462946233,24.457323670792675,-12.83938380781199,1.0
-25.986556033908368,9.682925157686807,21.123262981592475,-3.599573167179902,1.0
-16.00143841147357,2.59642517133282,17.825987358236173,-3.5945778770305243,1.0
-0.20418031692459948,-17.51324419173795,16.84958251829549,-1.1124524130846472,1.0
6.553475617809322,-8.414688650917867,6.6451463354943865,1.0447524806662063,1.0
-4.166379476306295,5.012630298364517,8.219290546707384,0.6301665636317606,1.0
-36.63731200157907,14.056147587984215,13.19526068302649,-4.519521790739484,1.0
-15.14152024658556,19.427537524064192,12.268187379918677,-2.7442381375002487,1.0
-26.22448585413028,3.710645154294057,8.468137131264058,-7.349987559895008,1.0
-12.925188645495519,-8.564156102065436,15.468670868087635,-6.814364065665182,1.0
4.335003098621823,-10.844695606004018,14.732595220583411,0.240783289830655,1.0
0.16207495837988617,-19.891414122634956,18.23677951044052,-4.235778734912223,1.0
-20.924340659125946,-26.636367712748818,15.97038321452633,-2.5985699990995226,1.0
-1.6348927363796015,-17.525197562872822,15.047930621897574,-3.436226173312285,1.0
-5.5610436482233165,-12.731272176508238,14.109569298166711,0.7230206103841741,1.0
-11.432849422531147,-20.708234164760903,20.837158197866184,2.5263652296929173,1.0
-11.54065417970747,-4.361962055233055,10.152716948553131,2.9277739788617128,1.0
-1.5892492071726085,-11.473745333796714,7.409740293133592,-3.688029089788855,1.0
-5.305078241785572,-5.9503998853080065,7.177952171637427,-4.650147061655472,1.0
-2.131609770252865,-8.23329766797206,10.589056080683406,-11.46084197375134,1.0
-28.530633602880705,-18.756939419858586,15.799002614767861,-7.964903603987834,1.0
-24.510598116414368,-2.6678728683382777,13.811453364439963,-1.6123104868879832,1.0
-6.893648177066476,10.301722943568194,13.495085299995393,0.6876481029937853,1.0
-5.290316466648992,-8.102730129686213,15.649230163398656,2.950174002260908,1.0
-12.9925129968322,-3.5150798162984827,12.459107386720582,0.8093633175960426,1.0
-17.56897648373115,-0.9866675584756912,14.218324731835654,0.07699478140793126,1.0
-8.803991547680432,-23.59906592503294,9.920023685174025,-1.9752190101459188,1.0
-5.157712781253096,-20.38172003412265,9.63294445113046,-2.365959259704945,1.0
0.585216805353447,-14.613314725775355,12.440144408815707,-5.598165051429351,1.0
24.929641811986244,-12.969178230758606,12.241812915184461,-4.509518008494901,1.0
-3.1898208437130453,-7.7188893202391995,12.43292151117059,-3.75610971606647,1.0
4.8128439616562115,-22.014722626916928,2.32021224170942,1.8376479949030318,1.0
14.431445133766033,-19.492123343665185,3.1818470572198096,2.0384974563603424,1.0
-4.125502659697192,3.7618594630437254,8.748008535862466,1.7962636195784183,1.0
-14.323632449198605,3.3368073610865654,5.32632363273632,-0.21079409235616364,1.0
-22.40474694217069,3.248432224803202,8.886992312489086,-0.08306716709325879,1.0
-3.795851948999865,9.232408294439606,10.045760782422569,0.8910386829102954,1.0
5.670484447175747,7.541644227700711,6.817382436478674,3.422781597719814,1.0
-17.051843222306758,7.64842255003837,14.222400253346521,2.2482636348732203,1.0
-15.222821179981793,15.483601990045564,11.897690745428704,0.8788383048463927,1.0
10.137749501827454,11.367246216249727,12.885998272010667,2.715900075242147,1.0
1.4263370655071572,28.14625297807349,12.66341974128043,-2.0358129576123862,1.0
16.788177331074763,10.333928493762237,6.7212078577100725,-2.462083569209044,1.0
11.72881127492359,14.581965160333477,6.666156829271491,-3.0592958452089287,1.0
17.87353853191492,6.909404440183767,6.255732946050866,-2.1630990660263945,1.0
9.379570924463216,-17.974045124413863,11.374215003746773,-3.6208994641807237,1.0
-9.230592330698968,10.756758454619348,9.854341478004015,-5.609633624359564,1.0
-7.882337625079632,6.773386774504466,12.473451950740548,-5.637912587012824,1.0
-7.709157595552593,26.10671154442032,7.998133386657769,-4.340672673681674,1.0
14.718262791383015,5.748017161347327,12.525465196471325,1.0973816485067998,1.0
6.967286311095184,4.0027166646152805,11.975189515613033,3.0705079079747755,1.0
4.518093779814745,9.415794349494472,7.838532078185699,-2.2706656174545423,1.0
-2.8579992894851913,-9.218758000209164,11.424936952448006,-0.5376575783695556,1.0
-19.43533228851428,1.6420772037407598,14.788484742736642,-5.326975452550534,1.0
-7.541208559313225,19.16205236487285,14.15104535473867,-5.253513881078662,1.0
-5.212202278692789,-1.1173364028000035,15.543533874228059,-14.52890812498708,1.0
-0.3883332285610732,9.076334253146356,15.915190405421274,-3.448356360173423,1.0
4.479902504158439,-7.162064116893221,15.038503974312992,-0.19109264758292266,1.0
4.70366571311963,-17.71710019843837,15.896962631854331,-6.545349084920906,1.0
2.759934331896435,-2.440249888732304,12.958402528216498,-2.779951955648354,1.0
8.561843237372456,-5.953553407920584,9.997259439786204,-3.799044194011424,1.0
2.345880095148506,-5.7533117548614765,17.350028655445538,-3.1929154768144095,1.0
-12.169024553590596,5.146738583697516,17.259104963237426,-1.1343074282859742,1.0
0.7858667383411673,-17.7508115687057,20.31706907236883,-3.6987318308071107,1.0
0.4543883120315231,-0.348807139891786,15.033759819000474,1.8871071921999487,1.0
-4.060175403665892,5.741108811227236,9.905339913720287,-0.6975037700834379,1.0
15.62533011379685,-8.182327253886433,3.8464671977512523,-0.13537950863107096,1.0
4.092206596324404,4.151297089909967,6.966349031489678,-2.7188856474505236,1.0
-2.1190711376566256,23.272804169335593,10.249800752813767,-2.17168320247006,1.0
-3.3323091822523256,36.85381061250395,12.385697003865594,-2.077379914244303,1.0
13.390787579028313,20.899638000031782,10.998877999499664,4.079763555964492,1.0
2.6226796295617234,20.907547299578713,10.606792113081266,6.491463064705462,1.0
1.9450906188901085,16.970553748537654,12.25492722452527,3.9708442949822684,1.0
6.569921140100787,9.82157948676554,17.556233163662164,3.4825254430404446,1.0
8.94355802717357,8.911463911843526,14.384353784946416,0.36570844943873615,1.0
9.390706490392603,4.540974793303608,12.765998396533899,-1.8998020334476682,1.0
6.42094489494111,12.992988140047073,11.191071280727721,-3.373213355405889,1.0
1.2500177346244747,10.731484538424224,13.854350690705463,4.110197367151419,1.0
7.259741286919206,-4.958105464624144,8.813689594035027,-0.8862822153800791,1.0
-10.115081085007244,3.7971995588063243,10.102976061914475,-4.5538272077229465,1.0
2.6043454793238916,0.8957266438298457,10.992178163078435,-1.0425555508752433,1.0
4.606416107687576,7.41577832149056,12.605366641210907,-0.09306476987919421,1.0
10.393884113216856,13.066776390729412,9.625060716040913,0.75664790512401,1.0
26.529288225042166,15.169336103445689,18.245883857732615,-7.774810745537273,1.0
6.306635583922059,23.817474755466108,18.600391529931695,-7.22869285091209,1.0
5.288165331586168,25.9271304970193,15.563303083310366,-5.187839519438154,1.0
5.678129010649426,7.793895765627061,11.319419295040184,-5.200021606691797,1.0
-1.85150771943125,3.2995415383753652,1.912143585912501,1.0209365510807653,1.0
6.324050088143397,1.9315429714792924,7.757320782140012,-5.042177240324824,1.0
-7.363411450786173,6.678096921303023,9.853857618766531,-3.4514234210372736,1.0
16.567440313670637,-3.260553679537428,10.117430695776875,0.4877776072519602,1.0
6.84791429180419,0.5638350729443479,11.161960218854098,1.6717374401283633,1.0
5.16663849845607,13.463351333565978,15.024701144621833,-0.26148028007607493,1.0
5.8652928588164865,-4.65570342886137,15.689367722534858,1.3223517974805215,1.0
-7.742376071188766,0.3430987420719962,15.133521571342897,-4.222742982578288,1.0
-10.121863543051514,4.06290419658597,13.803589996111862,-1.9014003169078173,1.0
-4.054382287626083,9.424864248387266,12.402448561480535,-3.933393028390528,1.0
3.160271075653304,-1.2683689700043619,12.83925541869948,-11.917212470098217,1.0
1.8011623261286802,8.919299358561215,10.22886381577954,-8.811651901364693,1.0
1.9242827477999724,8.551888901161515,3.7052871423270526,-7.509265357695384,1.0
-2.4059703792261744,-4.150132366947243,9.620248833908857,-1.4149313426764007,1.0
24.00132581341183,5.437535163550347,11.938377444450424,-3.527656320784578,1.0
10.855206881724287,-12.051822947269237,8.101801800429461,-5.146081704807803,1.0
-7.818977572794459,-22.222750494051844,8.414123302443759,-6.960897527219657,1.0
3.2712724984389125,-21.032758462328687,18.65486450599976,-7.774921247589422,1.0
15.68997522488202,-28.317729865719024,16.614628941459564,-2.5923065450539164,1.0
9.56717759924016,-14.798275686385601,13.278435100608446,3.1913857738077613,1.0
16.60129969861814,-15.746165650467354,13.561718237325897,6.7845957957033605,1.0
14.688161439853229,-17.36705239098349,9.639249484310055,3.6671388931042057,1.0
0.5772401377963123,-28.60254665054044,14.615300164668433,3.1211931417887997,1.0
9.666893581566097,-13.743628751041447,11.723006727258152,3.1419899651735697,1.0
4.852965006532765,-3.3644094060718537,15.102432479173697,1.4552984338801211,1.0
14.822275931401915,3.2527139266754066,16.133838176560193,-7.069426642686073,1.0
2.1492507201796895,-8.70118448579597,14.565453398932476,-6.119132589951237,1.0
3.1272923093448064,-10.136373925902683,9.271980923314876,-4.641008374663129,1.0
8.61206813919147,-3.841865585586577,9.802718019127132,-4.400752212158258,1.0
-0.633839319246102,-24.99512710876969,9.08724170235551,-8.094414285551695,1.0
-3.376531632300968,-16.953878730963417,13.352756597253022,-7.0643326668447415,1.0
-2.215680286918362,-17.809575691648398,15.434239332238729,-8.528765739739598,1.0
1.3917339162718076,-29.409555975163467,15.692816281200832,-5.381090255949881,1.0
2.709387184368167,-22.523322629115228,8.416061033950534,-6.514602351536173,1.0
9.535808681376661,-18.92035483723773,10.516029885242697,-4.628588112896611,1.0
24.989752039126266,-1.2484109079035912,11.601283606585998,-3.978694685410071,1.0
27.623679917640864,12.429930498173373,15.502799713040558,-0.9506501642559149,1.0
28.1664574493058,-0.5544055201920735,9.52670854397955,-2.018339243993139,1.0
9.888674396600132,-19.987707403705777,11.169308586602513,-1.7101215052338743,1.0
-20.347078653170378,-15.963101114110017,16.42114296961465,1.6508915463390084,1.0
-23.34690075438755,-3.749267100365561,15.689892826135567,1.5557319205079736,1.0
11.653113682504948,6.518440688360473,9.681553768142752,2.289208667573364,1.0
9.118176470753966,0.8511351087237315,13.316092466815679,-2.890172425787454,1.0
12.089233364560487,-4.778102730707474,17.822495813210136,4.2077185317192916,1.0
-1.2382145035869545,-13.226877208768531,14.855404481862129,0.7941920148771171,1.0
0.23812922293368666,-10.641585956224175,20.982794466419985,-5.325769850442776,1.0
5.0602816444042205,-0.9269250466234862,21.573909134648787,-1.7211067723126536,1.0
-4.995394237597175,-12.292395351868297,14.821351471175003,-5.250333224084848,1.0
-4.663126179934656,-16.63601106408311,11.449562946573218,-4.0520906818441045,1.0
-18.162857810229255,-24.688962292082053,8.916875800610091,-0.4131530343091838,1.0
-1.6435032052219745,-27.667668475757658,8.494716727939618,-5.262179945484999,1.0
-5.104699424391548,-28.50694084529707,5.24433196299521,-0.3919158924838153,1.0
-24.886668840999384,-18.718250613242233,3.647938635193931,-1.862696817933374,1.0
-15.298498213645274,-18.78829933705578,10.226144076364687,-2.6720838077673204,1.0
1.6434461043496085,2.9903560871952024,11.983929679220738,1.7813228225546958,1.0
13.904250166615364,-12.312136443050976,11.355110083102234,-2.7264167094193366,1.0
13.845887961741623,-11.131440423442882,13.58498946805239,-2.362555950308753,1.0
-0.6221991400161748,-26.012340682577488,9.209666519711924,-7.65070495731304,1.0
3.3500230564381432,-22.962105453638948,8.442353231332795,-7.413039128311753,1.0
-9.195123524899671,-15.111495967195092,7.680875353936591,-8.542625786909111,1.0
-5.318852974804903,-20.7479061778713,12.153586625432796,-1.601407868865977,1.0
-11.40442127141925,-15.778625070282441,11.4134528684919,-5.855803285155626,1.0
-2.7373756705522894,-12.831526264398601,12.385238302854367,0.5650102802088965,1.0
0.02876718338287243,-19.18167123394107,8.819253865239013,4.647522001408646,1.0
-5.797845933502598,-5.848525974910306,8.668954953117634,-0.8399958761352693,1.0
14.289576496490248,-2.9650391259489073,9.914124345442529,1.5744574177969963,1.0
-2.1729956749746364,1.4870840233144982,12.568300440075538,-4.272535162754939,1.0
1.9430358569350643,-17.80101242369421,15.011269114520324,-1.2293715562424743,1.0
4.010847245315201,-25.535752522120426,6.948094303819424,-8.309007779345409,1.0
2.029184087129763,-33.14599005620031,14.160938809791503,-4.201448318326832,1.0
-7.390056077392202,-22.272985178887417,14.290798160069459,-6.159916999865519,1.0
-8.428185428496363,-23.96034876016372,13.819039526569902,-2.3100052360044794,1.0
-2.932180173877061,7.322899448564529,16.158498505226973,-3.15143733071309,1.0
23.847710278709698,4.505355647100178,11.613079463885477,-2.799435975799813,1.0
10.60027099555063,4.106107839879016,12.246049242403453,3.2588098207863005,1.0
23.09759332000789,-4.594488091421263,9.480026173300594,1.6843926990839888,1.0
-8.026844182497697,5.705204718623564,4.867251902798143,-5.156566853964069,1.0
-21.957293925422746,8.723849629035795,8.354066097571387,-2.2415894282718134,1.0
-7.672252395917632,3.5662936697018672,7.191264115805401,-8.741763612849947,1.0
-12.119916594059148,-4.237422922769643,7.430028141342929,1.3770666994327057,1.0
-7.665217351378551,-24.16600846286558,13.244310703330408,0.22486332876847248,1.0
11.335229897953585,-15.574482275399154,13.84197147038818,-6.343834253845475,1.0
13.174039571019165,-0.0019388730201264082,15.929313890847471,-8.274179279743757,1.0
4.752729984861103,-2.5082238728708113,15.928759435432033,-6.774839488074328,1.0
7.764437285558236,-12.980384581981644,13.507631777124866,-1.7254474135235156,1.0
15.92407474083873,-34.323681760975816,11.689780576138478,-1.5956434214890387,1.0
-0.6648672382065799,-1.9122718488395716,9.661189990235293,-3.672505722570594,1.0
17.684568005910048,2.8547964152145715,13.374179766878408,-6.521995532984213,1.0
-7.936884049201661,-5.403207410416815,11.719949891248564,-4.12732906223132,1.0
0.5432824714051361,-5.98834755876962,12.587536906293167,-4.104693411939575,1.0
-7.161741656147882,-9.897795419676143,18.69075962822167,0.4915153399020751,1.0
4.123652264167002,-44.110924424102805,13.288479798462212,1.4781376723866178,1.0
9.978706066628963,-24.27530753928785,20.118698751225104,3.388601264414067,1.0
0.15807359249981756,-24.500536429662862,14.862390904062947,-10.833556681408465,1.0
-8.303345377381728,-30.50582705337508,11.398786664791805,-11.617837794106183,1.0
-4.951773892370602,-8.357233672298676,11.492665071276186,-8.797519364441312,1.0
-10.700159118806946,-17.08512788507519,13.453888920055109,-6.246222752764471,1.0
5.032179792329377,-6.334163016611253,10.60970380961117,-10.732928471124376,1.0
8.585501426581597,-15.32112032425656,11.458616892259297,-6.050801035476724,1.0
-8.668766338673022,-4.5575465952694465,13.135379835857913,-3.581274083388482,1.0
-11.851215145138582,-4.24303335708652,14.415778548325843,-8.38496571054253,1.0
6.411259958755971,-13.902818510793695,10.665586747504314,-10.877940260238987,1.0
11.234821219576286,-12.07821997387005,20.140561893361994,-5.640881721594043,1.0
7.591152846344571,-8.609622944381375,18.46913841764338,-3.168811844999011,1.0
4.602974393187493,-11.539416559713636,13.780660490387794,-3.0033813005420775,1.0
16.651808379291925,-10.995638613484246,12.030258549562596,-1.1683954656590254,1.0
-2.477859728242519,-19.368156674819446,5.423101463398359,3.514589147566797,1.0
3.1650932923803,-11.113065434723218,11.129650559771594,2.7148707133206917,1.0
23.53649538270763,-13.87195591403311,12.273555612989576,-0.818384375758239,1.0
3.735400331100732,-16.60753246246521,17.11788406591722,-1.551023553107631,1.0
3.7708647059324614,-12.29505380476452,10.471129581095479,3.6197502657378324,1.0
1.115973778736269,-17.706182786159825,10.020637494954858,3.93084991804292,1.0
-4.052475154881995,-12.059951527388657,8.687499472089636,0.3293255031825182,1.0
-14.704348424408641,-9.118543258891213,9.261392938051326,1.1882686252057635,1.0
8.752456481370183,-1.9063466719658368,7.633644583769003,3.4206407547124718,1.0
19.598213742503194,-5.51316802545321,15.81809945466517,4.6181464457520995,1.0
17.825646544211647,-9.030519902001156,12.842028435957968,1.671307338485601,1.0
7.522637243873413,-12.224143554282188,10.778348918107607,-0.9389180377540454,1.0
-8.972322566852966,7.753149830839819,14.097057390877087,-1.535052413290853,1.0
5.88362187735574,7.183457730738815,12.518619289471912,-2.9698303849877075,1.0
5.7065628270622,0.09481186369188777,8.795999551095377,0.1026759625571203,1.0
12.939478348180703,-3.9029542002392077,5.891370478262841,-0.9590562651525287,1.0
10.567173473149698,-16.38215847062785,3.69145568711322,1.5184623473255576,1.0
13.085536905537362,-12.837727634352815,8.815755096372156,3.63016305877692,1.0
0.400669765129114,-10.545828411904772,9.493261546149627,4.405532213752224,1.0
4.999896872351752,-4.593109524357416,12.612642610721915,5.272906135035,1.0
-20.99248870666362,-17.084391932674812,12.023104622755344,-1.056891128628187,1.0
-14.43425820608877,-14.486149235667831,15.14951544221927,-2.99387789759485,1.0
-0.6451047373164442,-9.663997669678762,14.405198291970143,2.5896818571932707,1.0
14.554793326879876,-17.322142386966856,10.667078947697764,3.5657246141968555,1.0
7.209435650792191,-12.844791777314711,15.387722078434411,-0.08923707527797475,1.0
8.294788517129614,-13.217000128158537,17.636386197174424,-1.2781876394397669,1.0
0.8388671620591517,5.827171423825123,13.711290227107874,-2.965479841107384,1.0
7.951530246320275,15.400337498841505,8.065188200571487,-1.8252555661547138,1.0
10.008656215627276,15.619025899904603,9.02598917885351,-7.607342199515541,1.0
-1.5445375488976598,8.121156035049902,13.907154069506754,-9.416690258626527,1.0
2.44326950780646,28.447379740646753,17.452591867593632,-7.672607552931604,1.0
14.20101760855385,25.27292158689729,12.107115277329063,-6.704496951547096,1.0
-16.59691162113964,23.804623024780128,8.036805674089038,-5.668198658786686,1.0
-4.741588118743413,-2.2344658120130507,8.26380519062682,-4.514573442181676,1.0
12.974810571881306,-2.297294616449596,13.780999949512307,-0.5416702740356714,1.0
19.94575571525221,-4.689509695245356,17.513153000665596,-4.182932430245329,1.0
7.205386022779303,-1.7102238608011937,19.27375496260177,-6.351901865768689,1.0
-6.127960477539978,26.898006504157035,20.24898374873218,-3.8180966777125103,1.0
3.2404438422344217,11.643226603973957,18.406847033472253,-3.1283776280568585,1.0
-6.620362747499267,-3.1642262808625,12.736149189740557,-4.234937873247237,1.0
4.854362458731254,-8.51446040991259,14.206866583588731,2.0094461389254494,1.0
17.566233947894197,13.840555585536281,19.3667803834174,-1.291011781744253,1.0
6.344208836537967,20.90190756873146,16.126636020634937,1.5092560294674056,1.0
-7.24675696366579,1.3046257391775526,13.466514256463451,-5.432874146217166,1.0
0.5351163568084818,26.128854319554875,11.085994883774028,-11.082505732233532,1.0
-10.909653461969516,22.071745829947684,14.774258103558742,-1.6972610362574005,1.0
5.692965727733927,-0.507171362055356,11.403829346780922,-0.7482570254788733,1.0
6.1880903041113555,20.253208677407404,9.111773488059074,-1.0979492979546532,1.0
0.6410581643054565,-0.6776410104982409,7.454162421240897,0.8562961847630757,1.0
-0.7716984376404072,1.8049294718260174,14.431002156240943,-2.7447654982091843,1.0
2.1073284243169597,4.6720470669614365,17.014886674660794,-2.850571608087504,1.0
11.00608614805249,-2.7816234008137153,14.033645461765948,2.790870107300486,1.0
20.779987870726288,-6.203854914513457,14.774840686889995,-0.15019663349971424,1.0
30.683770811482447,5.009658293616184,11.805832347268392,2.8829249421556566,1.0
-5.68114621106864,-5.2702258366858805,9.96309547076757,0.8997307121222344,1.0
-12.805964922362252,-1.9388030159307434,16.095900996057704,-1.6973762814364761,1.0
-11.111880925655672,-0.8482553730999587,9.117289549419523,-2.5983263133770134,1.0
3.1101113357123884,-10.702549006978462,12.424297250243798,-5.769798221832162,1.0
-6.839646910885977,-5.814430836159902,15.63066299923514,-3.3399650830321606,1.0
4.023195224945175,-11.283506951679795,14.305833127832088,-4.164296454875908,1.0
-1.4637902266723977,-7.266838153196813,12.723128671983556,-1.1945402561739251,1.0
-6.580038261477755,-2.0132917667514008,8.965260778781012,2.687064693719135,1.0
-4.716196271880098,0.7397205790435528,9.965064904507656,-3.6392230111248622,1.0
-5.7738097642621256,14.051965189332602,17.97482011986753,-4.888529229743558,1.0
8.23024530292575,6.596634201757922,11.077818941269138,-0.39090202284715403,1.0
-0.3479045838591208,-5.051378201459453,13.2166215805873,-7.0829489516383,1.0
7.040062730383664,2.785676251890387,7.634373193720964,-2.495421733717536,1.0
1.9403568504824,-7.636750732891559,12.918954315147674,-4.562341993862504,1.0
-6.9393453623331744,10.907942975971316,10.569127958911428,-4.72551709166226,1.0
7.078605927849049,27.934758196581434,8.135663949850219,-4.859465915613555,1.0
1.987270029020225,12.672965936740225,2.4473971688325555,1.3008065876982613,1.0
11.245849737875998,2.5813221499873595,11.278941340896598,3.5600896222227925,1.0
-5.641868456825909,4.872351377778092,10.833602061551987,-0.9662111665812971,1.0
-8.371909285471071,0.9589393621915052,8.839074618280534,-1.1388837503656906,1.0
-12.578481748664483,-6.59020344945556,16.07278011144277,-6.358188219472138,1.0
-20.834880973889607,-11.98104193068204,11.853068199828154,-2.553748230258198,1.0
-0.7947010065612898,-6.176836819043548,8.275522532056648,-0.4121798669596579,1.0
11.229371313567906,16.089406873816422,11.035165900690822,1.387089865180175,1.0
-11.56128570274002,11.97792501525695,9.970863573553396,-4.79385450544539,1.0
-5.244786445510759,6.794072096565543,13.589523939154677,-8.019105919379356,1.0
-11.044898110072282,-10.105813225716286,7.55109199656002,7.18477121643982,1.0
-15.333468381310713,-13.491547340696904,8.216556201880147,1.74791974176257,1.0
4.1101975083424795,6.449166249777108,11.444167224382259,-1.0140799515081618,1.0
1.7176421425876267,15.110739437614514,13.681329193365665,1.1647030117746535,1.0
-0.7111795711506712,0.8265995651852105,10.39323003199187,-0.9092927767259926,1.0
4.85667631574757,7.8089896281669,8.239434958933739,-4.879574798935647,1.0
-1.0802142690318448,-10.4855533358663,7.644269391671125,-1.4391052262163546,1.0
3.2896649987037287,-11.836055554416006,8.870874344708293,-4.889979344995142,1.0
8.439841318846813,-5.28010378727336,10.926427913084105,-0.38434043357261016,1.0
22.90360794489665,1.8982403039785147,10.423109813979185,-2.526599939462518,1.0
7.627905867146641,5.399583875553003,14.00159497046632,-5.574516831777198,1.0
6.023504783597738,-0.5360843742320798,12.24908762768295,-6.039821125835645,1.0
5.756123827580442,7.770222198767321,11.822066490890064,-1.3311951350451352,1.0
-4.3178037370044695,0.7898694167281279,9.605370523776733,-8.812329325618117,1.0
-3.466301012342932,-5.959461961046544,13.775892601412412,-3.563588097128296,1.0
-4.381297429871825,-16.322134849851103,4.355555644593537,-1.6623583348559756,1.0
-10.140368107906188,-0.3945185057385796,9.65751221092212,-4.788077064370911,1.0
-3.3998931384695616,3.6970898440653412,12.420312992619897,-5.9470930047567325,1.0
-8.056557974255838,10.603036009541672,13.255350648407918,-6.878176349220358,1.0
-23.77846502445707,10.806214157088913,9.810469081615931,-6.998696721700066,1.0
-7.918299880019569,-8.781807494905891,9.37373127764826,-7.818917526900705,1.0
3.8688622529215717,-5.4701121491634375,13.522983050267962,0.7296851779039386,1.0
5.200986465555255,0.6891771052815141,9.651999040415715,-2.1331483963279942,1.0
12.552782098696294,3.7149916719824687,9.904646075821486,-1.3131266996597812,1.0
7.192279052023549,-14.184602417013956,14.665291065102656,-6.500216058580497,1.0
0.9722936422870243,0.8832926352179058,17.808034224836153,0.020078670846081836,1.0
9.235421585293837,5.4653769137805766,16.482975830092947,1.273372916689239,1.0
4.404056546617561,15.173475171522327,13.599516625959748,4.336124765841974,1.0
12.809970201309289,18.541441978956797,15.949588127518629,3.807228081392687,1.0
13.279528150517535,-1.952549232064917,8.971811523523465,-3.305564589841628,1.0
-2.940414465214997,-17.350736886214946,9.865062107247525,-2.8614725998806625,1.0
1.8961897023877485,-11.97903705322728,14.208296843711523,-9.856082669049034,1.0
8.501853648478429,-9.786004318265869,10.630920654841804,-6.900344709257156,1.0
6.358792971577879,-9.175981558234122,16.532256659117927,-5.2083131389911586,1.0
15.712975381147402,3.504929310804922,17.299415985688796,0.3649019069663548,1.0
-1.7648301032907656,-1.8022247296255114,10.966072294815728,2.6276136839331365,1.0
-14.011074159181124,-14.979740515731452,16.005411628936358,-1.6717275460974585,1.0
-9.737596610980518,-17.843794318312586,17.961902133107877,-1.8416669093039415,1.0
-0.1281940599466398,-3.227871012673014,11.383745145418095,-3.9476666745174773,1.0
-4.863991537325905,-18.333950584662144,11.9676516578606,-1.2128480929333496,1.0
0.4054176878123128,-18.93566426641762,14.212583988579743,2.4717163862444673,1.0
1.3658862691645024,-15.726501466526765,17.45323748789351,0.9211107707360826,1.0
-0.4490172860187809,7.862024341814166,18.437435634741956,7.423008562869704,1.0
-14.137410453515331,6.122261354903242,15.161926963163868,-3.6453359198079722,1.0
-16.806798485831607,4.242679354821597,16.1309910868154,-7.4009053952798025,1.0
1.1416353766551248,3.2458613359733732,17.669283022041654,-8.419878301315293,1.0
14.534654059156797,0.048507033396163024,11.139021664329718,-0.8025264243557295,1.0
-3.473292041885018,5.8243636434798125,6.692866824638916,-2.268211695019236,1.0
4.99365508646908,1.4495742874171453,12.297381614482275,-5.676202281228763,1.0
-13.452223423720158,6.84126725656765,15.487824025295819,-7.56603686143713,1.0
-4.7541094191910025,-5.718947066981086,17.410156790672417,-7.037224509315466,1.0
-7.4080061791379155,24.263649999606127,15.47711176597122,-2.873556400541453,1.0
-7.649431526471996,15.26677886296146,11.2343628557207,-4.31898483347184,1.0
-16.276873489177067,0.6017119839097793,8.906559038463262,1.8330969510053352,1.0
-14.552476131181168,-21.851884918846583,6.81663113023435,3.0163889195042133,1.0
-6.842326184554507,11.266439294492761,11.57035348865744,0.29860944208562135,1.0
4.064831253178303,16.932152986127115,6.378798306544788,-1.3217796871268233,1.0
16.499623245244166,6.0562283975695355,5.128279047997086,-1.2899439511190307,1.0
21.048395884969263,10.711497537519364,7.789583900303634,-4.275985568236295,1.0
-2.5696053308777684,14.21502375834061,8.615218342018641,-0.8301338629571648,1.0
10.363836539841188,18.14768915109428,6.837369704040417,-1.3588077908692462,1.0
14.602111665739478,-4.395958866227735,8.871261132410488,3.5559688446299504,1.0
15.930668229012545,3.035992622041161,19.090819326619552,-1.9624719864526403,1.0
-7.091121416124471,-0.7554210981539988,18.238373678747465,-4.574482880983168,1.0
5.857317242521635,1.8371175391260621,14.960304179030441,-5.062091338449969,1.0
3.3003944082623073,-19.464151519651796,12.339680250173819,0.2127972661136397,1.0
9.814078562766635,-29.886441860503083,10.139120356034786,3.230211347710153,1.0
11.423410133072352,-22.621286780903937,12.20258058525326,0.7725558423193357,1.0
19.476219319368653,-11.535485842319199,11.39624856237306,-0.839652502476119,1.0
14.387830407177105,-18.37023487060732,8.231946908089691,-0.2172368016824846,1.0
-5.60633417905588,-27.55038711734127,8.415393023692804,0.21636401586476262,1.0
-22.272807608477407,-15.430145583603009,12.360309910067405,0.7210184486226527,1.0
-16.597442702703866,-21.827373816496877,13.720039135970628,-2.1766964175044783,1.0
-8.601067966486902,-22.68124439020853,10.552351283666214,-0.26093968433453885,1.0
7.646327700855129,-28.75347796838821,12.930854030744237,0.25549119894890104,1.0
8.900372103470646,-17.853408551012972,11.39126491882584,-7.504382489186295,1.0
-11.235237997433998,-25.129112155296987,11.211828951416967,-3.15302905576295,1.0
0.538696767836023,-20.3913551660819,7.97773231928788,-3.7744392944923293,1.0
-2.9841996264780835,-15.926003391888898,7.007649727091557,-3.1653585093992356,1.0
12.925891505161138,-15.746858384818204,11.476559251525412,0.880303948995925,1.0
-7.171016623334738,1.9723089405533205,8.775833841922761,4.206690399717727,1.0
-7.426169585554131,-11.42669632839127,16.269618302553127,4.722550306575428,1.0
-8.920800678554826,-21.032658007294117,8.449938910763315,2.214310970216852,1.0
-21.727276029308726,-15.462620086272679,11.096305765346271,3.106906849954187,1.0
-7.2450008420481185,-17.174046572863947,12.399884194226146,-0.20996068394989154,1.0
6.170128992731257,-28.8048192022099,16.90182466038246,0.6297796589093463,1.0
3.825953837272705,-31.08575169685827,16.317056370129432,-4.644776834915802,1.0
-1.9325135635985449,-13.632428739106743,16.132148076364565,-3.400784950295962,1.0
11.531093049279356,-19.63250109699295,17.17312775271975,0.6571425674526488,1.0
1.6282519919717906,-30.701033631889526,21.74377274520304,-0.5736849158251103,1.0
5.407781225940697,-2.108675584206269,17.604046976749032,-9.541725976552343,1.0
6.720802337481782,-7.299640964806707,14.756997628109538,-7.327274605624297,1.0
11.150066991104065,-23.25873988092515,15.737468077427152,-4.736155118743861,1.0
-1.920830433890362,-26.6806678643973,15.692029300486908,-6.477553043269895,1.0
1.079177031889194,-11.10444913874123,13.684330427446447,-4.766351443398571,1.0
4.607842867035954,-18.299528809619986,16.78360041358323,-1.65243304620217,1.0
3.903459793012316,-24.99791354835785,16.006427512617474,-6.433153031732259,1.0
-0.7334542047230168,-13.969284593186291,14.62735395201411,-8.478539292408367,1.0
2.7481848097528614,-10.177717196740945,16.780298037034427,-5.910317820857456,1.0
-1.1596245248347876,-9.079051328061933,16.934929340605738,-3.682361613530001,1.0
-0.7131872640641166,-21.334142182347783,7.906992369090236,-6.219096409024089,1.0
6.126375457308795,-8.677627401879882,5.9549927386447505,-10.047043382488402,1.0
-7.659052214030852,-20.78413709625118,12.0924461672566,-8.048456299013658,1.0
5.89975033320256,-18.502863115408914,11.736110962972095,-2.9263521106529957,1.0
-20.878625791671677,-21.586110733492987,11.316233010753752,-5.125102011832561,1.0
-27.502045937151763,-14.028864114874,12.45249225014725,-8.920506181435787,1.0
-9.144891536760989,-11.648755828816514,10.293244756729429,-7.450874971383905,1.0
-5.0862108386601275,-16.383525271502062,10.571968634677887,-8.34735617215107,1.0
3.880827636856418,-14.610529617536335,17.4491906384201,-5.048986049432626,1.0
3.6574174966267745,-13.324336486628823,7.190591565953168,-9.419344283908035,1.0
24.75236957016888,7.238016298221336,11.613599145152346,-7.891448460430036,1.0
35.726897505446956,-0.16819235820193734,16.64117095681187,-3.236975271710688,1.0
14.28227541457866,-13.13387894750698,16.802855028567325,3.5500965320029643,1.0
15.78463691356851,-19.557396136632583,11.085308960520313,-1.5273948062938554,1.0
12.22605581259555,-2.7772764299466886,13.407364656487536,-6.303654106125162,1.0
-1.8596820059367287,-16.410336605646272,14.936792507879023,-5.398946837199219,1.0
10.358845921313122,-8.663071058369127,10.452250536653988,-7.635089616052972,1.0
19.692361039840286,-9.51417041033193,7.452407942603388,-5.919454477380787,1.0
11.55688915449581,-15.562062200252917,11.859580727707765,-5.674678992374834,1.0
0.43003562893465386,-12.868994669006016,11.499515989853155,-6.111893767105374,1.0
-4.042788827177843,-14.552786931222979,7.62842269939938,-2.900536501084776,1.0
23.29224257838497,-21.76018286279911,9.123920143053848,-1.0013322611936486,1.0
19.32777669688079,10.722967234708321,6.284118519824869,-5.585360227851719,1.0
10.630763879451775,4.472405071996812,11.132435635842477,1.6671352082038153,1.0
16.436367156240195,-9.538261417968348,3.316020847831954,-2.793269632925071,1.0
12.649423593652035,-22.65479964456157,0.8243299195434908,-0.844221855101183,1.0
30.132936014274396,-16.935414229821575,4.6665838388982355,-4.486472359417556,1.0
12.317254025049584,-1.1069976805935084,12.121572590087036,1.8422356832160638,1.0
6.111473954099251,3.704478851450677,16.257661849226285,3.558683328761137,1.0
-10.289918661114964,2.3976897354606184,10.653446687968023,-1.8380081350545754,1.0
-0.21014677825376005,4.803935790409355,5.928784876804568,-4.368935210963176,1.0
-10.095751836284478,-10.704126380679346,7.823432557263311,-11.492906625105407,1.0
10.692533454768794,-5.361869604446677,13.271154225526478,-4.371546745299863,1.0
15.063202065008687,-24.63453522769644,14.225711794148861,-3.54414847234445,1.0
10.85388752346714,-1.1770280455454483,7.101831031794564,-8.62394427403069,1.0
-0.965327828908408,-8.136824389990279,9.843030179146803,-6.005220386866063,1.0
-9.20941912898107,-28.798769997987478,11.840835007332132,-0.7336968884625814,1.0
-1.9500850898163065,-10.152084562331371,12.524630175830122,-5.40545750378913,1.0
-2.0950034956280605,-8.855044266326887,10.799353166609478,-11.888920242485167,1.0
-5.1566719682051465,-8.530545943349017,13.532428505370692,-4.46898815918676,1.0
-7.2721264196002,-14.374667547966915,16.494437900815463,-7.776521822221289,1.0
-14.94994179999358,-12.18414780341871,16.57897715293734,-9.811143382302186,1.0
-5.005576712126586,-9.243618026797943,16.67152765091715,-15.189127217663271,1.0
-22.75006432718305,-17.241024104298514,15.71177625078042,-9.244674128889747,1.0
-15.66538313895174,-4.195463198496871,15.151816009596182,-8.63791207323328,1.0
5.57921515341745,-17.91172506389798,10.52128127822447,-1.5971649939166315,1.0
-0.7566050379938734,-30.561544850634647,6.483560055407959,2.138267279896984,1.0
-2.210201709121466,-8.486141848184268,2.8653600109996757,2.150997446766711,1.0
-3.724733786447299,1.0066164631915715,6.249637275001573,0.17858741785421994,1.0
5.986913472505799,-0.4858852150256663,12.809642725659415,-4.847035153318599,1.0
26.886717027326043,-18.332727976492922,9.97870006377991,-0.6807984330565748,1.0
16.75245828536145,-31.304612744667118,15.643686952319767,3.080718461845481,1.0
20.157940226796903,-30.744604047186918,13.881138071242574,3.807973683082472,1.0
21.44477998340592,-19.306233707166175,14.990220485279515,1.1937134010863728,1.0
18.685187365083095,-7.880548772418377,12.864552406543309,-5.30261604227535,1.0
10.535643541622392,-2.610337192820344,13.513629436042576,-2.110105838369531,1.0
-13.359813290100574,-4.105991355667484,7.872625619735649,-2.406991917005943,1.0
-0.07141885742646892,-27.98335917812262,4.297831168371681,-4.424104448449003,1.0
2.3924338548748043,-17.83481887150949,8.34345657183092,-1.4319596127774363,1.0
-1.7200027835469822,-12.327282658148714,10.657479426376895,0.8118808656542944,1.0
-7.004027356281197,8.04635966479173,12.96338548398308,-5.86248109760994,1.0
-1.0615864385663683,-16.08175577654593,10.08307403455414,-4.364139333609206,1.0
6.103665708724426,-12.114289663849672,6.742575088355027,0.10791559447916499,1.0
16.898289941287768,-8.859754053146087,8.382659778465,-4.9462869163126415,1.0
16.92262109087937,-31.842673315149256,14.810786998744861,-6.386423343595451,1.0
16.455709428670744,-18.37910691295547,11.583148748306527,-6.34529764814468,1.0
-3.482387236947533,-28.014182279287333,12.233697698631886,-6.197333462781204,1.0
-11.94329964639326,-12.831216657018759,12.952356103277486,-8.41691348954872,1.0
-14.311271373594007,-21.46634990707189,9.531320283029537,-8.83449615663524,1.0
-6.604987174837934,-26.74303259824134,11.801191118949504,-9.364877669837924,1.0
-3.0884588430670377,-13.270774571420528,11.744085429100558,-5.886751205199137,1.0
16.827099299965557,-12.228391812567986,14.031550889393563,-3.1545381870858735,1.0
1.0598009744419408,2.591670643263072,15.81646036175568,-10.979502610803248,1.0
10.66113090401159,1.3329068117287797,16.717248798624286,1.1887090945559629,1.0
-0.4178608776785695,-17.93581058405182,13.167515712694755,-2.9598575922723533,1.0
-7.963379916455663,-8.312833776134148,17.26790431261793,-3.818792024079836,1.0
4.900602189061458,-12.26346786878345,16.51070254530908,-7.620594680547218,1.0
14.62858852784497,-11.623436976159063,11.300412505257416,1.953458861520959,1.0
-7.224192027913121,-15.452716807758115,18.73673230351953,-2.607310001233553,1.0
-2.4929488205290964,-34.18184483214598,14.196821131025004,-5.70916740492211,1.0
-9.97306653973689,0.4374394574773257,8.600058705509102,-1.4108045865827399,1.0
-6.691181966675445,-14.306258346181576,12.680695330282774,-5.514686961534856,1.0
-0.8996498609002384,15.772315384933465,9.832048460060927,-9.771664020290142,1.0
4.617367648183488,5.254173165037773,8.239435253369713,-8.319191811818904,1.0
1.7302073868340813,-5.7468523721617055,9.489746345088856,-7.503773134169726,1.0
-10.913579664441121,23.534580402275505,11.632250933506565,-7.941935207557853,1.0
2.0896334598436335,11.988782402721199,5.777862676135353,-8.676251696984174,1.0
-0.06003309433928661,-1.5942952444201044,6.524861720284957,-9.629575479188524,1.0
6.140092562781586,1.189619048386571,12.284240003477947,-10.456721512396225,1.0
3.8529965013348804,-4.238291851742866,12.643504830389535,-8.593489242829172,1.0
18.673154816348866,-6.672165197545397,11.603568966969412,-8.296350041197423,1.0
21.162657234798075,-2.280054696630791,12.970600823045226,-1.7971641671436616,1.0
2.211523944691686,-11.715894152712341,18.454795081159446,-1.512898093545944,1.0
4.382484091253389,-21.499804679881446,16.62310410291861,0.7362137975351297,1.0
14.486969767103153,-12.87003083723727,18.713820803884985,-3.13169489623313,1.0
17.23248761789172,-4.326891042587565,11.53604809935812,0.07596630570577823,1.0
3.4618981555627775,7.580017816514336,13.91052893015302,1.7426034870909572,1.0
6.807742932662245,-0.3200906344074097,12.058526791877235,-3.575996181124479,1.0
9.554024427409836,6.266978050727641,9.039834592889772,-2.089714508116336,1.0
13.381019465442384,20.04521818684456,11.388622904795865,-2.057882692175711,1.0
5.444337534219599,-4.842140486437852,9.987514396558451,-1.0280732352251833,1.0
2.3729902187996643,-4.723413768296856,14.60408595035268,6.216145821855321,1.0
0.11849917388036224,2.5210465143944383,13.431729025043825,3.745227271950988,1.0
8.329234297221625,-6.432788462641589,10.648513355457991,0.9203683576210571,1.0
15.292167643671682,-8.875982528149052,7.010110468356182,-9.100675731233835,1.0
18.30985732890281,-7.816387837177524,15.611045373680493,-6.388046444773793,1.0
19.861041263214574,-10.553639752347797,12.727417186404072,-3.5398773960238823,1.0
11.735259466866072,-19.3920837950499,13.023880248043882,-3.020817513344601,1.0
1.6145731395678524,3.124008732201964,10.4269657220877,1.5811935746817147,1.0
-12.403201251217464,-3.9272554717255304,10.974328151441659,1.6540534941562401,1.0
-27.993410671307682,-7.758160419851611,12.097804372543797,-0.8734907641675478,1.0
-3.7414255905768554,-10.791006797133381,11.356171325072786,-4.5100257230092495,1.0
24.403050928653926,-6.20087611595153,8.19908608915469,-4.168346928206602,1.0
14.877876829022052,2.702288495713501,14.494596366788288,-3.5176452474856923,1.0
3.0881720729074553,19.307364421682454,16.27160666647873,-4.2893161158342705,1.0
12.532812387989944,8.514337376939238,18.953356282938117,-4.598825549144077,1.0
5.248699301164637,10.178641397745778,9.129961973752783,-6.4752242215864335,1.0
10.253401252512642,-0.8106856568815992,12.412260608236775,-13.385791871401944,1.0
4.904886187770899,-9.68629878575067,8.736050445523622,-8.57851720964705,1.0
-0.43811451556325665,-6.66808409503577,9.077344086093218,-3.5257616379059433,1.0
9.921776179701244,12.42865376103925,9.416962079360509,-4.1184454601718254,1.0
-0.7729162790085771,3.8224011998143688,5.412889551839746,0.3341499459862455,1.0
-6.333663508790453,-2.7103906237756212,10.129082906551272,6.864222473920957,1.0
-15.090739051374054,5.298627201276599,13.11310053178537,3.242057315722618,1.0
-23.18607258327994,11.139058072856873,11.572173319031245,-3.6309222763280533,1.0
-8.672791926060555,14.364574946673041,17.09967045309746,-8.781674230559641,1.0
-10.098249862142623,18.98194335443207,16.158292018648556,-8.244832361697217,1.0
-12.837178690355877,8.441676650753543,9.825679281914038,-3.1067356062289275,1.0
-3.8541574432622108,7.57403008896998,2.8252731057105436,3.8331200379127894,1.0
18.07720382846675,9.656173315631072,14.152951819414145,-0.795929839981492,1.0
17.890929307606324,-0.7155744080229782,13.578822208492682,0.7387864401142945,1.0
18.908436946023865,-10.57239258365909,10.774157970917528,2.5710427429066263,1.0
19.022310839152578,-1.0585731441750603,11.867408716045722,2.6162398572927588,1.0
6.608016183178025,-9.082867964311413,13.530236650079882,-2.6033070605961477,1.0
11.263758240208158,-2.128417567551905,6.670542318004036,-2.7111332545954894,1.0
7.682625864541915,-6.958263461527141,8.085939100515562,6.89808740890223,1.0
0.5194532020563338,17.62914855053575,13.241825526829988,-3.8131751148429065,1.0
5.406185052475829,9.885486982766938,14.01001099255662,-4.729363568185242,1.0
-2.248652990885108,15.276999815466741,15.278082354603493,-6.720771092652378,1.0
-3.4967913169552407,20.009414382746645,16.974497351803322,-5.207254213544332,1.0
-0.3899590972613538,22.957636014216877,15.220666901345645,-2.676704964387418,1.0
0.02157767962852919,15.471550156980644,10.910462108411133,1.378155327826955,1.0
-3.8888366366042897,10.585904453587549,12.93020797695813,-2.1059356799258966,1.0
6.167465747105661,-2.3856994177771504,11.326850091641479,0.5455439557204769,1.0
22.539781873818946,-17.006663120090693,9.170658073039016,-1.2012161712616263,1.0
14.254090027386201,-5.463987851997252,2.2766637995623227,0.3053514242437054,1.0
0.35887619145253424,1.1166039899765168,10.310810041304938,0.08370279930605551,1.0
11.308345494542971,3.790180778188414,11.137472434996832,-1.4207486480381841,1.0
12.118599168739761,-2.135720619740626,5.549572479175643,-5.858491410564642,1.0
16.95746530592709,3.1945089999975202,6.999978636576859,-0.32038877079789474,1.0
4.683147128186361,5.169126503877989,7.0254836715931095,2.695490735041428,1.0
15.95004086301935,15.117106257092795,6.298641898352018,-1.1914674334455038,1.0
0.24039166364141096,20.60086660030857,8.004888045807778,2.9146805682851253,1.0
6.835082048069171,-9.592248736814554,11.310713882195795,-1.9760293258193968,1.0
-7.04743901298607,-14.286554995169558,17.027522850038142,3.5974347676245086,1.0
-4.7087057187431185,-25.173643181468016,13.242958882920076,-2.3016136062982757,1.0
-1.7221508204153464,-23.634794897551952,9.36658273201812,-0.1674366078745977,1.0
-0.6310572450235299,-15.02700684820303,8.75331072305085,-3.8076410559363714,1.0
-10.71392473894404,-6.165645602483696,10.07480058936229,7.93932386613138,1.0
-5.967461597793286,-3.3877018644462322,12.191424234531095,3.64558425836404,1.0
2.972878043404399,9.605696097460012,13.832898918921803,-2.318103333612702,1.0
-8.752227379961692,-1.1229334177169874,13.112609768045012,-7.569107600396826,1.0
4.518378743080565,-3.6471998248789657,13.508439306496097,-6.145295951460207,1.0
-5.489047322088557,-16.016935693001347,18.004978059072663,-10.039444731551445,1.0
11.103261740828557,-25.988820357417854,16.29078366111625,-3.5066303237076317,1.0
10.026361043103357,-9.498026722149994,15.916774501164053,-1.8173536996715143,1.0
-1.9783807752067641,-22.032069305126235,14.379623035394692,-6.077933497651584,1.0
-8.989208303723096,3.7160603766173175,13.728647952252238,-2.614425937603114,1.0
-0.11945724461394369,11.449727278723714,17.122660331190424,-4.342742680480876,1.0
1.493858071761717,11.628535961520242,14.739926910581804,-5.748913469414097,1.0
-7.205932634926847,13.954177446955065,15.936212257635336,-5.704353022063204,1.0
13.240543395740035,-10.835969757356931,16.3568234485397,-11.660664606109556,1.0
6.6644766933991955,-15.406160589080537,18.36106946896809,-7.009096536761052,1.0
6.233076919937851,-27.52353385071215,13.655790705129187,0.7611544632919092,1.0
-9.580837753488641,-33.128392817237795,8.393987902157964,2.601750623273893,1.0
-19.914357558206326,-15.9214769034085,11.998497515358494,3.973947243815368,1.0
-4.272168420859383,-20.145161076073784,20.78809198326899,-7.097089014460764,1.0
2.4329557416847107,-1.6888350906730567,11.305211684284753,0.5058645758953193,1.0
-6.263985043523061,8.076996649157563,13.717260081466364,-4.0712993842129315,1.0
-0.12030248328785653,4.862920917791057,16.401255648330572,-0.32731135751081886,1.0
11.834273986932674,4.1491522838888315,16.386506918268307,-0.5529959851604168,1.0
2.7423489942795616,-4.8223051846168055,13.439437915076367,-1.9272965299408822,1.0
1.5996561323782292,-13.04179692763137,9.109185703873017,1.4692881823132267,1.0
-5.739282723873006,-0.8487724718149732,13.786286194433913,-5.454691544681139,1.0
8.51315228468308,20.164254701616713,13.385580537840802,-5.973622194177683,1.0
13.113194112372277,33.618557884781126,10.694991370785779,-5.709344222629533,1.0
25.271004676954604,12.793018051464893,17.241817156909406,-5.611744794053841,1.0
-4.390816415445951,3.60834829732306,13.675627708447937,-13.657958429734787,1.0
-11.288236502676119,11.940692364958597,11.089723261162092,-10.612170209285562,1.0
1.7875277888229137,6.904762197506264,9.40413853847572,-8.262105050526081,1.0
0.23511411065853016,15.939501396739804,11.214444628308513,-6.376083159839514,1.0
10.5696573064839,0.913109306207315,17.577795786343437,-1.7600995900197312,1.0
5.23589722160576,-13.970457143447403,12.14502594080782,-1.7568836987574834,1.0
0.7210665051033112,-20.323100700703723,17.924361873232005,0.7670054635703301,1.0
-0.3041004186514017,-7.087536291188526,17.939143087682865,-0.6093806841597456,1.0
-19.536835101964538,7.697978660051608,11.612430999650094,-0.4591583565333892,1.0
-28.559258593675082,-11.676931248386335,8.197564273638854,-2.2512225037675675,1.0
-12.49590238929024,-31.064028590110592,6.95420462403092,0.3635465461725129,1.0
-6.204232050279982,-24.5972806361363,9.886515650729681,2.8773704624700933,1.0
0.2046860535557622,-2.3429372648511233,6.600454856305649,-3.987864028523389,1.0
-11.004239912500775,-13.502271613207316,12.224269600211478,5.339679264432505,1.0
-1.8954505116937415,-5.383556130071639,11.755557298010315,2.553701833391417,1.0
6.742846039814495,-16.139020272328764,14.367933542565773,-4.453588527618435,1.0
-5.412189532436272,-2.3251940140196363,22.506807052499056,-0.31637887264462083,1.0
6.603062817965506,-16.987140016829333,12.517048513720951,4.796194095457242,1.0
11.551752542415176,-15.025054332960808,15.29521150581207,0.09991028433505234,1.0
-1.841592458159747,-21.575428501227208,13.773045481054856,-1.5357973443777304,1.0
-6.14401092422778,-33.06377649641904,17.39099459365611,0.408771886360372,1.0
-2.0454592829407376,-29.046761928252106,16.93002667793461,3.9408380610999956,1.0
6.926672215573102,-3.348675871577786,13.537180412120037,-2.722277204190085,1.0
-1.415124357116067,-3.9782362262284376,10.825469831052335,-2.1636176932984026,1.0
10.509938241168095,-6.993033040802399,9.97702395111893,-1.6713963528081257,1.0
-12.918673408834044,11.327231134626167,9.551420448976767,-6.597951965419822,1.0
-25.744849130169385,1.0339779982896289,14.28351738836751,-5.945335447405926,1.0
-0.7052023294073093,-10.917513058064035,15.047935154309924,-4.45097107057509,1.0
12.873279341556628,-8.50474808595359,14.547905304439592,-2.461576858994087,1.0
-6.5977287611644435,-3.0338188274264235,17.110317631410204,-0.6729427543629065,1.0
-20.706783589556935,-8.736897797324296,17.954790002703874,-0.051256066996330674,1.0
-27.165406292983228,-4.82097427377702,16.688099195786503,-2.2373077854967542,1.0
-17.87195073538304,7.028159362905482,15.250933485246657,-6.648364768098668,1.0
-14.854842379972567,3.8299753746234666,12.456804360036834,-5.911663189624582,1.0
8.564743409068628,-17.92812936040564,10.910500877169461,-3.281325986114825,1.0
26.75391088035608,-17.253817743611,8.217284776325348,1.1713508787921905,1.0
25.78543643889417,-10.883296746373748,10.1201898724453,-2.6563715484793455,1.0
10.24302614581625,-10.83713160399125,9.563139852766824,1.7435849595314736,1.0
2.0000786787152203,-12.989037355343926,12.482118899551928,-7.322203235990239,1.0
-10.192453846845861,-18.27981434226151,13.3204957583518,-9.244007092940546,1.0
5.596218101472017,-11.000920907271158,16.109003767770172,-4.570838526751617,1.0
8.399668814641565,-26.752670365713065,8.629377576925068,-6.007767631515578,1.0
0.9651413303763148,-8.398309768026547,12.970132035014004,-7.529759452112408,1.0
-11.86716777078777,1.9553317219609987,13.000243369505947,-2.6817571168281056,1.0
-0.5656539965369047,1.3444414046727804,12.899433921141245,-3.407731414921476,1.0
13.105207571660769,-15.052350450000356,9.297115541430383,-1.120242649570256,1.0
6.013579290717548,-14.83511949762676,16.034291941754834,-2.8118471599067414,1.0
20.331727725371405,-16.248313586054124,14.373769091413353,-7.678522097004054,1.0
2.580921582337525,-17.394802827979127,9.034532026794716,-6.401399937738731,1.0
18.79573470259761,-20.45942082512733,12.031289356604324,-4.026741695163977,1.0
10.604407264331712,-25.989798409116137,15.49059250467506,-1.6132664776516301,1.0
11.323249326733624,-22.872095422693352,14.454839035410613,0.6715664600445141,1.0
16.721714410897206,-13.90732823712175,13.658276466450868,-1.0072027036551026,1.0
6.72246192951768,-11.575798466456085,12.396131895862707,-2.5905756770161403,1.0
32.486857348568876,-17.559739346217498,11.716036240409123,-7.001618998048222,1.0
27.317826369741674,-16.666793195526203,8.320169107476561,-3.8495095874646847,1.0
21.848094008025413,2.8334906991142006,11.158207522743446,-1.4902841045118667,1.0
9.17713227596831,-3.7137687021877266,13.039371141795929,-5.089318515194417,1.0
-0.996416838278253,-5.8669747562811985,14.220351881323204,-5.103869611190385,1.0
-14.983123277607493,7.286163488726812,11.570506658376383,-3.172886210089926,1.0
-10.467363909586204,3.6185708250266337,18.926240365103677,-5.7296618655217735,1.0
-29.09548194200082,-11.8972692380902,20.320926217716313,0.04979294281725499,1.0
-13.426081961056134,-16.898060682446054,15.25609977871788,-1.9247014583455484,1.0
-14.751398165570466,-39.379983334272154,13.188680644955745,-0.14157414427275494,1.0
-1.2009835706103753,-5.584425370089878,15.262178080768445,-1.6527378250959157,1.0
6.7898407273547505,-15.886772281513014,13.105554372994062,-1.9834029829705222,1.0
13.09334628835146,-27.638963945627186,14.747077384944083,1.6601771967522077,1.0
3.9754053189543734,-13.604159642949261,18.019787370646657,-0.7542668933373307,1.0
-7.041623324590215,-20.55517460555373,15.395855136561067,-3.5970817219003948,1.0
-21.597015020781544,-34.85619398841392,13.264868905801215,-1.2619266878112532,1.0
-2.3450651228677355,-48.709171656679544,17.55992453916023,-2.1185448270350413,1.0
-2.8475394326069132,-35.03360637331395,14.053142555916068,-4.457840127095276,1.0
-5.3447200453088595,-10.132871304770173,12.74080852166166,-2.2660506873693147,1.0
-13.48191711987715,-6.66259337767716,16.83382704250157,-2.5827805515256124,1.0
5.6716344350744405,-41.2804741084251,8.68483424146236,-3.0584748193296507,1.0
-9.24455684499233,-31.35730714408647,7.181157429338273,-1.2071775682756094,1.0
-4.906272082460145,-23.58765097791661,10.003993701955876,2.698123982039371,1.0
10.836480801548225,-21.06058754979803,11.798109386469706,2.2688960071939515,1.0
6.15018554457502,-12.460637837426171,10.156887281218776,4.154117360274535,1.0
9.523056981686285,-3.4115117501000487,15.945083552302364,0.6444269302645044,1.0
22.1575284802143,-27.800371960537383,19.620308842784077,-0.9404171874547332,1.0
-1.7313681894819215,-20.649873822150063,13.988186683917569,-0.3473749639459953,1.0
4.749612753322291,-23.710047065999635,18.06315210810972,-1.259501910006187,1.0
7.674680497191238,-22.570855477008898,19.3514578809014,0.08206666863443912,1.0
17.000476850085565,-20.914138128239713,17.51586320937047,3.7676996218301655,1.0
22.96652029519945,-13.914507119430256,20.645809354002594,1.3035016566828697,1.0
9.307420129649387,-17.52029508529429,15.886207975468082,1.6782317199628043,1.0
1.1116368479623926,-12.811534081596468,14.54414662833817,5.575895760732563,1.0
0.9905713903424065,-8.614143048976354,11.329063932253682,1.3843067166847063,1.0
-0.008962176088932683,-0.07449970016232044,19.1094549620616,-0.02506547369629608,1.0
-4.492417783272793,-2.4577228461762335,17.93302305015529,-4.712280684009342,1.0
2.6118522832458226,9.436339446571903,13.801879494376864,-3.7836757419465274,1.0
-12.27196181441321,0.6323232501175973,16.53137174622975,-1.9447166969353653,1.0
-1.4094289916544533,2.277251292756681,11.875016988538086,-4.678201278976895,1.0
2.2073515081858956,-3.062069672490667,12.27626939508356,-5.552448781888404,1.0
11.837128463421093,-5.973092286774445,16.15246259882226,-3.5192454930898744,1.0
10.70199069450026,-18.30086043837894,15.790035799653172,0.13394050158856485,1.0
-4.073182311559673,1.2711388102719257,11.960095230707925,-1.0014720924493536,1.0
10.508401030533864,8.689382663305373,11.049980005106178,-1.1710866255007022,1.0
18.9884936307647,-9.158596888695245,7.139594491212561,-6.294267856994315,1.0
-0.7687618774510652,-16.677781174018257,13.976862049926734,2.091515548733338,1.0
-13.344629938692961,-11.66571617455419,14.484775386571924,-0.5565480417885698,1.0
-0.8687703772680457,-12.02297328193841,12.324153716998497,-0.3552532595108979,1.0
8.158544222209196,-6.6960260336686055,8.610356343372965,1.6196451031743693,1.0
-18.968183915733636,-16.466740868335165,8.708118343120015,-0.7314114735028086,1.0
-11.73452157576332,-9.397863989851032,15.30352320120242,-2.2714062682777625,1.0
-28.573925345000195,-21.10258554324245,12.968138484219093,-0.16659750433641296,1.0
-20.104705325989276,-28.15187668989661,12.289176456430205,1.7673170758816048,1.0
-6.478573804974095,-20.411633231401783,20.19800848933768,-2.4426037297913696,1.0
-9.712015293723592,-35.821807752285665,16.642540543406046,-1.250824820979032,1.0
-11.703946331447614,-25.562896379012255,13.028380758793952,2.243461961390274,1.0
-29.648198819054855,-11.489957470521585,11.189011469449731,5.699743462913282,1.0
-27.608560736142355,-16.88633383267235,17.279605064028228,1.1706634494641732,1.0
-21.323166296983118,-0.15348233943278267,20.357000929703155,-5.832440244027368,1.0
4.531585025685922,-21.914176315077814,15.94198664891658,-6.429933924048784,1.0
8.866277712336132,-18.733267655379066,17.59651428698262,-5.1009142945332115,1.0
-3.2702504945178754,-19.886786516240917,19.924578501942065,-8.382778551295901,1.0
-16.136931509495646,-16.838745039805133,10.282938869644061,-8.850385296263937,1.0
-13.58479756017958,-15.387873920427726,11.593581244112743,-9.398962736082103,1.0
-1.9021713819373334,-29.336037316419716,13.8647444884797,-1.7712712916928337,1.0
2.4193691018875985,-36.13188234325031,13.843607945289087,1.9229802411620662,1.0
4.232562248999672,-30.137044544276918,13.18273369114039,0.1185383838637375,1.0
2.1563706944449175,-18.496392330427952,16.43609822552076,-2.3278742707000286,1.0
-5.486008765320395,-29.700371279367133,14.351687182507455,-5.23620650376486,1.0
-11.077522512365052,-25.730825931615826,13.788392184293542,-0.06127217527862294,1.0
-1.4969838239272288,-9.971486164662998,15.173387199187681,-3.399348450828822,1.0
7.971114292717479,-11.681536564829397,9.787849118164594,0.8049042527989102,1.0
-3.542491356099105,-0.640770863912697,13.31336730956052,-2.7801850737186466,1.0
12.987063476965947,3.922293247471329,8.443913407592724,-3.974308197620796,1.0
9.271118256495699,-15.82030454473537,14.712130524009545,-3.8607846998823296,1.0
12.374724917187226,-11.250667982990736,11.399967711016574,-2.4435890822259845,1.0
-0.5005880411502459,-2.743783207586461,14.30303838863254,-9.067309276456076,1.0
0.8258231029225465,7.045953087799813,13.764608135140358,-10.742651194700926,1.0
10.337013464127569,21.588968626708287,11.121438095803455,-4.300506567443147,1.0
7.245521056206936,14.96524703762188,13.39198429052669,-9.546104037621832,1.0
22.172689284602257,10.046653345357505,15.206635990729524,-8.589145349384568,1.0
-4.854333165324851,17.610149634056192,10.416813237802646,-4.073620271377067,1.0
9.296646014699814,22.472342787304573,10.628223568737097,-1.6907459859598306,1.0
8.132952136353087,7.972255268944629,10.721168161695463,-5.467398332078347,1.0
0.9132313952839022,17.6125985302009,10.771560059028621,-0.8138646329441852,1.0
8.23827756297172,-7.059255502991487,12.914392383211073,0.22790521729029628,1.0
-13.237567709433455,1.3028319586119377,14.783453731184974,-2.006880425566001,1.0
8.28690879749011,10.2750727566281,17.1683186471158,-6.814514636423205,1.0
24.051511052140423,9.780940679299448,21.318322858809616,-6.949400334010394,1.0
13.125327447489836,3.205100895805419,19.05113223794417,-7.629944972985239,1.0
16.177418212717065,-7.796344087493705,13.419522459277985,-1.3117096225498184,1.0
13.983584261798859,-6.300891634770118,11.106903483091742,0.40347133753197584,1.0
15.008636151552082,4.538423852862753,12.353554972601131,-2.4416026664573143,1.0
23.90038759302218,19.020084217247216,11.37860352061892,-3.169327648119545,1.0
7.273072761410783,16.167831787994007,11.882238833093087,-7.196423083582017,1.0
12.255874272375666,4.870761810220726,13.341385521434976,-6.939650867331139,1.0
18.639737184715578,4.108414975700502,5.573766365951661,-12.288744673528543,1.0
14.169935634786798,-7.058471819620762,7.375279690193416,-8.377916044544024,1.0
6.62169639468722,10.202552428845054,14.507836006273426,-1.7846951825665214,1.0
5.6090633256816504,12.431494931004009,16.615676569061982,-2.8337200458197587,1.0
-5.464862026098534,1.049899336073799,10.050426953041566,0.9550374013988332,1.0
2.643037867870836,-0.33102408757595114,17.757293100709518,3.430739631743201,1.0
-4.459171411580953,16.499402862071808,15.605938819510108,3.783295092892716,1.0
-17.637269193032807,19.12140597960189,10.33814675332151,5.265106527790895,1.0
-14.48108648114071,-3.062049254690047,17.568357079669603,0.6877751999081116,1.0
-13.981055770028076,-4.962931079116096,15.352242588472896,4.578196775276924,1.0
-2.6548421106528934,6.687950907481345,13.81947168803649,1.692643510318506,1.0
-8.719706788412482,18.681188636144103,14.077244458312961,-2.533115679609171,1.0
-21.913057993193007,23.965893945619612,13.347792650513288,-4.145285084971942,1.0
-23.785951325566298,16.59756958291033,12.17600979144609,-4.235003264945264,1.0
-20.383182591725717,-4.998236010978348,9.181282118380448,-7.688171343213728,1.0
2.2088245697139834,0.4594017779838415,17.014513214984515,-5.726276747855595,1.0
1.1565933077582127,-9.625370990387406,16.3007067151714,-2.3024755387838653,1.0
7.241410818083755,12.68922978150874,14.63297658809897,-5.963057000086014,1.0
-2.8543048950557752,1.0327627955888596,11.201889687011242,-2.155712753495787,1.0
-15.221158436073098,0.7371808999643177,6.418546031897297,-4.2048427782488975,1.0
2.0113130310338523,-3.654047981281334,12.049295773766126,-1.5035164889142187,1.0
17.028552873199715,-8.824326270649209,9.618521280488352,-2.303048404739096,1.0
13.747997676717464,-13.205300153049006,6.050223581173274,-9.8021685476919,1.0
4.926168103297345,-6.309798319455448,9.054818158891834,-5.036503601603261,1.0
-1.1471862040651257,-11.3686506462253,12.254047200113849,-4.122374377814403,1.0
4.373947507446465,9.080936125498974,10.902947960139665,-3.6674407171093093,1.0
-2.831501035167771,8.878792564965089,9.551368634289311,-0.4982265524319378,1.0
3.745514962989681,-1.897559268474466,7.621106964662708,-2.23843959771577,1.0
13.433281489750552,-27.111449724290576,3.5582683700449262,-4.737978081362845,1.0
11.664788600848969,-17.29611865342639,3.76228025619126,-8.562695099425376,1.0
0.7155140081269096,-7.875193463249116,10.717411146390297,-1.86419202779894,1.0
24.145430957203597,7.667156950654556,15.213583904147104,0.4669008195468005,1.0
3.7001646517872473,-6.859758962576278,15.144244503018228,0.034707933549550596,1.0
11.11621873898089,13.285507490362493,9.829343289387989,-5.219928420313096,1.0
5.780549374562863,11.203296184037464,8.052572208190107,-9.482981837329604,1.0
20.861211842270876,16.836732028994835,8.501051899479766,-5.125168985549996,1.0
0.5312466197126797,7.342579992232071,8.749468137942026,-12.633465135676222,1.0
10.170107738961203,-12.274089962433631,12.868110154186427,-6.444745381411175,1.0
-1.6245520852166413,-8.02066067137393,11.489535320802837,-2.71412383933005,1.0
2.0744384129808524,11.495615355009557,8.422543048628803,-5.3523333879322115,1.0
5.735640667685213,18.200374431148852,12.085354490971625,-0.9228935294695266,1.0
-7.312359244417579,9.309041673831622,8.588681519366748,-1.4984273603398544,1.0
-3.4325135913499256,2.7122794521103533,15.621518964642219,-10.234512534851426,1.0
1.2102544716699608,-10.670457294851044,16.16356563034781,-3.1372786961661743,1.0
-5.458981796690894,-1.4939839108769055,12.26610043905293,-4.7574222036044915,1.0
9.805217747446463,6.583901840744179,10.834135597344176,-3.5141429031300078,1.0
16.78422806899263,10.559780559843556,11.460625586306522,-3.169635475047946,1.0
6.171954755401752,21.195200213969827,11.19722572813934,-7.7581353982248,1.0
-12.406777142621932,3.1154744119789304,10.662412263608129,-1.137558930650873,1.0
8.384342732786848,34.74848620123321,5.809482052576577,-4.069671047190141,1.0
0.8162079469388401,34.38606113136814,13.209133551410552,-1.9033472076072524,1.0
9.608483570782967,44.46434903265284,16.624432971602015,-2.426831027098567,1.0
1.2937878074693412,11.912957465599028,22.711883842357253,-6.321557800420187,1.0
-10.218802235360144,8.71924605142333,16.271174228200188,-5.229896278880288,1.0
8.297512670370113,-8.372767529442907,14.993594922216527,-5.754480990148248,1.0
12.150745918052149,-11.027483123135687,16.6808004967706,-3.701691660048457,1.0
23.389243504503202,-2.3517993067329224,18.203532293632428,-4.144068292833553,1.0
-23.461385537035284,16.902482887460078,13.881976552027039,0.9176479564351494,1.0
-6.154198921774494,10.233801032248673,13.91959424019935,-0.5821379369891253,1.0
4.336641809247317,13.551793060670528,14.464888989802215,-6.012393703851535,1.0
-7.715279875236217,-8.968965681135618,14.473109024471295,-5.439376458816916,1.0
12.03983325919991,-5.184069209027935,17.967975192228714,-3.6578902420665576,1.0
20.54100577801058,6.275470199118715,20.5050908441738,-4.412556384995569,1.0
10.350860430346374,3.2271250084334095,14.249839042773047,-5.0590148695141135,1.0
5.366449090780939,7.308148158806006,13.530617476714989,-3.4252686300725808,1.0
0.9424531230402757,7.820076145754051,12.389604969572115,-8.428113334644463,1.0
18.193004217791337,10.637435757785296,11.96774585450557,-6.991179649606611,1.0
29.9455664694118,6.688048221051469,15.821823529381764,-8.660792914446667,1.0
7.146974425474006,2.3298563630586058,14.882411132755257,-10.2661198486667,1.0
2.1158966163223054,-1.2045341302481527,13.819565343417253,-9.703143672930072,1.0
6.585292610932294,-0.23369870579688556,13.756042485127772,-3.253539069666094,1.0
-6.588358131184637,11.051971678466025,14.259822064253255,-5.843706552098128,1.0
11.642653895607499,14.465919337832403,11.873814695445006,-6.820587821480335,1.0
-6.477594024510454,14.925066689936006,7.700147720929765,-9.185389516974348,1.0
11.119802909280285,4.2609690624007674,11.408579815725835,-6.090278775874508,1.0
0.6284395583333784,1.4367968307059606,11.622415657949059,1.276232030682296,1.0
-3.228403488902366,-4.389354068638135,11.151752286023218,-4.747649927720088,1.0
3.3354319831499515,-3.2469319992481482,12.183694522082156,-2.4911989113433517,1.0
-10.394456903287963,8.771749574057798,16.675141231799827,-3.6102755825390522,1.0
4.615666741394936,15.841880396013666,20.07837833571378,-10.361462928303562,1.0
8.879377553364463,3.715589947525271,15.438012412448558,-9.196628844483499,1.0
8.936741053261542,10.420160104384607,9.945360680438549,-13.157883065903981,1.0
21.198864728824567,36.232495381771194,11.138656954917398,-9.917139814162178,1.0
22.056933820370723,16.743684912028613,14.153728550007896,-12.000852166993187,1.0
7.018597777956304,17.772770288713467,8.555174851724134,-5.102143054611135,1.0
11.758749210710109,12.256065992175309,11.462536564443877,-6.093009773237122,1.0
10.754830331410105,14.641536433765316,20.070795141647523,-4.752116736026966,1.0
13.63899425830368,16.57114348998003,13.173399349672932,-5.061093451446234,1.0
1.9489298756181932,8.417537994691681,19.260975748894417,-6.00995155457999,1.0
-5.773813375153827,-30.146133763739336,18.59079305437794,-2.076180593559492,1.0
-2.9582798844177285,-25.472177588135917,18.340981325678577,1.5733916790893283,1.0
9.638585496534128,-27.09998866022256,20.75446013231476,-3.835387297061597,1.0
6.118594609988338,0.1640326996111776,12.859241021810147,0.3251183634394661,1.0
-2.0106518544878305,-2.711142693541511,10.81146635472883,-2.945538820383218,1.0
-4.521052264317038,-8.553950687761471,13.144513479512899,-3.5864695983265156,1.0
-14.58000207862865,-16.889183617064408,8.018699892513533,-2.903420495272332,1.0
1.9481133670374238,-1.3317317591530138,7.616815747653828,-3.6119978052797936,1.0
9.313379923915278,9.416542914877468,4.437800074804356,-3.5533589453743617,1.0
-6.438802194721395,9.614137248431494,7.265067170211783,-3.9965196595014456,1.0
2.049909026921191,9.762081009346877,9.993031225916905,-1.3433479103555372,1.0
-20.632754780492373,9.540607103523215,11.223039493577936,-4.594048683328511,1.0
-12.47393355406245,3.2410779187773144,9.369196157067291,-0.6273503212273432,1.0
1.4501450268248706,-18.114586720584953,5.41084703545044,-5.5075040605280625,1.0
-11.897557384845927,-16.66032254731494,7.979550684319212,-3.181801578965972,1.0
-4.3330244041836785,-27.570764627959054,4.253364091344487,3.815129743656462,1.0
2.5005669888340907,-8.503450615670804,5.194101681582643,3.0784666561784437,1.0
10.755606022353536,-0.6000738670131938,2.9222732514841265,-2.1194362310811394,1.0
21.52074087442522,-7.857260024198885,12.523840335123431,-2.3549093272132486,1.0
4.792388600450297,-0.4637738799920115,11.603195256019667,-5.773727061303876,1.0
18.3985505122982,-4.600140142942251,7.622936834393594,-7.605885187164354,1.0
-0.7740489425223718,-5.944957547049366,10.975222669017338,-2.5000514563171743,1.0
18.961599263749086,-15.183646152706139,5.2096133788233185,-1.348194320406371,1.0
10.39839222242179,10.874466460047461,9.960094562738268,-1.9929735965931075,1.0
4.972622945206319,-12.572179135474096,13.927902284288272,4.151840438629901,1.0
2.270296090828272,-3.5019471812145238,15.772695272281908,-0.72082172776188,1.0
-1.3297195905383026,-11.290544053970327,11.69797369213156,-2.2388747648703733,1.0
3.708398845748522,-10.471391739084261,17.21513372276106,-1.8355678115585687,1.0
2.8980559205266774,-17.94134095087798,15.013320487008757,-2.790883069277572,1.0
2.5014059121911623,-11.224699268309932,16.35001798394977,-4.4448442538303174,1.0
19.808983601973257,-18.77140218468281,6.953641502351008,-8.841405260456625,1.0
14.124558849720987,-22.25678889851259,10.168938004261742,-1.640408485729035,1.0
-7.418466899769719,-18.083099752636706,9.399555812253384,-1.730073508185642,1.0
-8.644464548636833,-0.8962797211919851,16.341991272863794,-6.6527463771656405,1.0
-14.268646624762383,-12.29394450044811,10.85486021908036,-6.174769889419858,1.0
-11.549924332379302,-21.46355453988628,11.581866934502532,-2.3875730091360574,1.0
-0.6472394034987747,-28.03432791565171,9.362839464712476,-0.16654403527201866,1.0
-5.659747552096082,-34.057820675864185,6.050685146858677,-0.09138413643664811,1.0
-2.4233279431925197,-22.07800131175796,14.239174390452979,-1.2279498503593196,1.0
5.732280123739913,-25.277582350968757,14.63642141836146,-2.4093632209898916,1.0
-6.9166400740335625,-11.790010375228434,13.223411587705693,-4.200053628846058,1.0
-0.4364015391098648,-7.333395103570474,13.728190235985473,1.1589894216144154,1.0
18.78068052987189,-21.72038061117036,12.252712546427965,4.545811987987825,1.0
18.256384468034263,-19.886045213680774,12.07286870946137,3.3780107433843796,1.0
9.313880887694816,-5.5630667611524425,8.58753033626319,4.540214204163117,1.0
13.042094295639973,-11.394875446860029,8.308285911375048,-8.54058457483665,1.0
4.369308929327709,-8.88696334259135,8.937127286837107,-10.041526531591765,1.0
5.753674791599782,-7.802291164994974,11.152859529271906,-10.29226302810977,1.0
7.809066489914826,-20.17203094781356,10.388273888433105,-2.7699040754431676,1.0
7.925118746290334,-10.745113082946464,10.837932804607032,-2.592182751875027,1.0
-1.8475782989056961,-12.78520326758056,10.561825885903835,-4.082172518929575,1.0
16.5137434027369,-34.14588890469016,10.821705716272136,0.7469976513005143,1.0
8.669685687935536,-32.22240777898546,15.992710503632148,-0.4094363758054749,1.0
-4.458410410268607,-27.33941303793385,17.623799814687082,0.06562525751664361,1.0
6.437042814189976,-12.912597501820553,13.82907363598367,0.78277937386822,1.0
-1.559661073309318,-35.07117042409115,8.591606978224613,-3.6914266329776937,1.0
5.170005591985941,-21.94175373584079,7.831148661202747,-1.1804360954289264,1.0
0.6312657849729071,-22.82583411359572,15.955504717741832,-0.7368709305181702,1.0
-14.977790197543433,-17.894484352549227,8.49192845835118,-2.2639587520109017,1.0
-7.551776583284528,-22.40861699475603,8.136919245152574,2.1886505321533196,1.0
-20.73940015808487,-15.4727088638812,4.850048869298205,-8.569562213676242,1.0
-11.186780830981096,-19.93465774600469,3.329377493891773,-5.378469972895565,1.0
-6.269091485071268,0.4240797569672301,10.573317857485998,-2.5086180128323767,1.0
4.904045082210784,-2.1559044894476376,8.933967195885865,-4.454514998101228,1.0
-9.33021016353691,-11.320628228218727,5.721333321813653,-4.1315671508677525,1.0
5.671749514970031,-15.336280434038628,11.422096880619815,-5.505000262955951,1.0
3.9900039363379562,-19.116985829574848,13.657774839734877,-3.9756501187290096,1.0
2.636025060173111,-19.110171465715222,12.720158463068387,-3.3523687773057564,1.0
7.195213297596654,-8.528009522007352,13.58246596861132,-1.1892425843588041,1.0
-2.6666354415886064,-6.98482660196397,8.81178157233159,-3.3393627240021146,1.0
-16.66766512038316,-0.6119785759061074,12.501625782235957,2.1792056222325,1.0
-17.81860459288021,-1.0520856748168832,10.593521749733096,-2.9738145927438615,1.0
-13.951138838951154,-1.4213434019061015,12.07829223276376,1.8155712539474311,1.0
-7.2131404736557485,4.113634292418466,9.4717497227661,-0.4040312427209861,1.0
9.972323991605073,-0.8499713871421601,9.645200294434165,-0.33464032589859904,1.0
9.912805752600455,-11.241439517173866,10.40709969983467,-2.618287169669566,1.0
-0.49664981142846854,4.444908483058347,8.326784750889939,-1.4242628429412303,1.0
-3.2328294011417746,-23.01468935533818,15.022965055491875,-3.3141805708859415,1.0
21.907250318612988,-24.616129994133047,18.619014276174983,-9.073299276375145,1.0
29.259525484469822,-4.150526789732179,15.804788405087658,-2.5625220357121083,1.0
21.46565338179728,-20.893614158569818,13.922251788400462,-8.523087213045844,1.0
21.500545162594726,-11.713423273797167,11.01578392523256,-4.332799977159266,1.0
29.745831174191657,-6.730370084248458,10.891327604190785,-5.471661966418222,1.0
2.106147916143903,-31.221758365431455,9.183359942165922,-7.721072512545813,1.0
4.736978749174268,-21.851378967745454,9.455521735383725,-4.897985201405392,1.0
7.658996748404332,-13.494527077530906,9.832722790267713,-1.5675073309932563,1.0
6.469246403610979,-14.05779276817427,8.925644397277996,-11.05103155829985,1.0
-2.8790503862458667,-0.4708695406222052,17.4568852074232,-5.04484138282304,1.0
2.6842936346387747,-17.68322356838258,9.274543231021637,-8.258799048074527,1.0
13.21275473001088,-23.933329141818962,10.376101819658064,-1.744290062227178,1.0
6.100247422632854,-15.299202401661718,10.084897569322328,-5.023391765534709,1.0
15.85895050258604,-17.267481446945038,10.502553248430269,-5.083200488975811,1.0
7.798293843028809,-26.20028117530262,10.50326116103553,-6.902984014138814,1.0
10.260310448915842,-23.88488123194943,7.9449737908439,-9.59729556309018,1.0
8.672747265171266,-28.513006507230983,9.441932848446202,-5.21781458485966,1.0
-2.2677817692588933,-25.730231805110254,17.912491835956178,-2.120433717047652,1.0
-5.00517509670177,-8.02577223777594,14.848098776977519,-5.509855795972568,1.0
1.7764900770341976,-18.8934794323727,6.2006617723787,-2.7223019807644055,1.0
15.101518410205252,-33.26276085746632,5.696327380310058,-11.314633898330797,1.0
16.96247709263319,-28.53098830731145,5.314643589945133,-8.03442271853643,1.0
7.915652135501727,-26.95721951964962,9.885146612923702,-4.948621258234683,1.0
-2.2945990807899,-21.93997811011149,7.939556913656808,-4.057225277516557,1.0
-12.05232922400834,-36.85992259877635,12.708808508252794,-6.414873468608489,1.0
6.213548083130774,-26.008506201489546,11.364815404700204,1.8677183640351216,1.0
-8.866662444686167,-23.55804167612129,11.070414590053778,-1.979455397187391,1.0
-3.8935781185386906,-24.296708581220635,8.356461396284999,4.179547569458439,1.0
4.483324872378767,-19.777568464128137,9.17461702066224,4.7192240505114835,1.0
2.3628822814905557,-14.262958041999152,10.567804932308725,-1.3701826541180102,1.0
-14.432107382534847,-7.448735897961273,14.359734518025203,-4.1032231099538,1.0
-23.244054312811777,-21.566441130298372,14.26382378814098,3.7392442768979652,1.0
-16.96256542586852,-15.978201124254495,8.526003690409892,2.472449033612478,1.0
6.563570922532958,-6.610166258556098,15.535641276825078,-0.6780182791037106,1.0
8.471554263867997,-11.845755791318904,12.536042442664671,-7.5420771348401185,1.0
10.825341039691578,-14.648852772641174,16.40122935541656,-2.4402562578581044,1.0
14.632129958302032,-9.12123739834378,12.850094565069474,-5.245318106651239,1.0
1.3274049316674326,-2.3486153742278204,11.025650226167393,2.4444244010168874,1.0
13.550881185764165,-13.322307577892346,10.80780434809444,0.9460704700038498,1.0
-12.574252003033681,-26.658170112048175,6.680386529003044,2.0118234947167304,1.0
5.486678620609386,-21.60341619518475,8.14232860975144,7.871894069876365,1.0
18.901867731726053,-9.794318280608788,8.538574126841189,3.0192592578794697,1.0
23.267917384594917,-15.943525860834104,11.188058668715279,-1.4168067766556347,1.0
8.985615827826479,-4.080365927182966,-28.489229287190454,-25.199146296166653,2.0
16.358523265116588,-12.379893905634987,-18.12307422695742,-26.831021962235525,2.0
19.468470107657847,-9.236650677992767,-6.50416388352978,-20.287829785229718,2.0
18.534911794096413,-3.3519489103982663,4.6780543496835785,-16.13024840366156,2.0
20.78118574704545,-2.5248301371881636,-9.551731925572016,-15.210020811928835,2.0
16.38461304855625,-13.552133930928255,-2.3181381364072617,-9.74335739835705,2.0
15.844615709031793,-9.667563284008235,-10.507937363253294,-3.0521755641444352,2.0
18.76624352035781,-10.290251258178726,4.019856209401084,-8.091076109131492,2.0
12.51031042679516,-5.714925217701428,7.535933446985861,3.3296684741579314,2.0
33.65996781365483,-20.004320800790232,11.764407003455137,0.7524473163111463,2.0
27.911689625760744,-17.9063366468924,-1.120956575524291,-4.915095383749439,2.0
27.314368726652262,-16.10135308668963,-1.917620663619239,-7.603360947742951,2.0
24.266839914111213,-8.743980489310509,-13.312137702903021,-4.726261404655968,2.0
22.14762839689233,-3.571921308329115,11.366013230644882,-4.364515415395964,2.0
16.74671040333184,-15.783584197947189,2.0775920303812896,2.253658937252439,2.0
14.865487018726824,-7.630902022591233,5.915391791714196,0.4338407322394282,2.0
20.085513206102632,-9.043458711019749,-6.56731859485264,1.774007517996317,2.0
19.958863820480314,-1.370693512432588,-16.14273926682802,-2.0215169779966704,2.0
23.140060885166196,0.5560770486094313,3.1651386061520688,-13.515033351512656,2.0
20.34383827517575,-4.043970811169751,-20.056845502095566,-12.38157277610313,2.0
25.28046616681566,-13.746257581742073,-13.261159452603263,-15.387771672521309,2.0
16.917545640439556,-8.502331604532687,-9.46217752753396,-7.689277000762729,2.0
17.21556335947352,-3.7696094846995987,-9.784749796770534,-10.415636710784504,2.0
18.972609727166265,-16.73205174948109,-17.671195095292493,-20.166039611828566,2.0
27.1827689310103,-8.494204050581606,-34.04372981315036,-8.693453215121366,2.0
23.75423489134648,-3.802661545952904,-27.852736849333688,-1.347003234867266,2.0
25.437590933562074,-13.123742161648822,-21.88347333480469,0.7013721091302596,2.0
19.026125698622337,-8.165933969603177,-15.919685664667915,-0.08866053406580932,2.0
16.937699684116346,-10.739374915990153,-4.658349657285445,-6.3129507003592895,2.0
13.769407403408572,-12.001534078048143,-4.288394362637709,6.532555165030736,2.0
-0.04345820461655947,-9.15321876953675,-19.219340792451604,-5.8025588750873816,2.0
13.702061793453314,-17.74924087738347,-15.88333566732325,4.4450245334766,2.0
18.608838783846053,-18.673849520917553,-9.663428018715734,-4.3096699928923,2.0
26.779528524595364,-16.744866388167456,-30.193621656011963,-9.286845497131797,2.0
23.25712416017619,-9.490703609254156,-24.55684573786645,-11.964064683566592,2.0
8.897435182724372,-13.071526389829824,-13.284123137140831,4.344742218670679,2.0
16.13916257931162,-7.265852215481363,6.15190052826274,-3.6086414208755,2.0
17.921003904584396,-12.600304105429984,0.4079591646993137,4.586479328705526,2.0
20.669718796576237,-24.180180735409685,5.261636636777759,5.095804895069357,2.0
26.426551643317538,-21.180307009105128,-16.167722193828673,1.7912458262347322,2.0
29.33663396944537,-15.761849936149577,-1.3947421198831051,-9.38320255497239,2.0
22.52589055164089,-25.739169976298857,-8.35772154862095,-8.05074557620378,2.0
29.788920041243664,-14.960980535601143,11.963655447256867,-10.3451257183418,2.0
25.46795042661827,-15.547583723721988,5.538946061095784,-22.785609050655374,2.0
20.67471156164113,-9.309854715058503,-3.911724534927197,-8.41551615474021,2.0
24.108387169191843,-11.14095928998996,8.32743300378727,-9.409014057819805,2.0
19.679292728981203,-4.743023429190508,8.061903861215608,-6.7920397134425095,2.0
16.892505538448887,-6.871573063745697,8.944795619284509,-12.889263456618146,2.0
21.849748524419965,-7.369567328650678,8.086450298194773,-5.809683259733992,2.0
29.077262250461057,-12.513471625505296,-14.265326279253966,-15.291843985425455,2.0
23.961378446648716,-3.84711978080836,-10.104448273615173,-21.348777715676714,2.0
23.271985709242283,4.379001371701443,-10.04530228926312,-22.724134056493142,2.0
24.84167314359437,-7.015245565688891,-5.923456216313059,-12.268587527321639,2.0
23.008936942639785,-4.702668316308758,-10.226621210162401,-6.73134320680876,2.0
11.950509770713527,-5.934267706089564,-1.2661668032452518,-7.152196587813762,2.0
15.841303661706416,-9.294800198857395,-8.578239099092006,-15.586385158847456,2.0
28.133904373227573,-6.2476515952446166,3.65086432094309,-7.374241936291665,2.0
16.069259734104907,-21.660360212313698,0.5813616559932417,-8.39159016366043,2.0
27.468133768618173,-11.45944972848916,-16.58036819339339,-17.217917113436034,2.0
21.75612270103479,-11.48052420245886,1.8197835642249434,-2.6442840422629654,2.0
17.474079945134964,-15.380467481192477,2.023805893605177,-13.593384455755139,2.0
25.556185443594487,-13.832687600342584,-4.090606524998581,6.699200580644208,2.0
20.166763246629504,-19.383234696935453,4.183659248187237,-15.968113535347396,2.0
25.16139406681679,-11.714382368911393,-16.409876676809183,-15.696391868189695,2.0
19.143286427285013,-14.299001636373083,-6.645345312354104,-10.615427586925207,2.0
20.97739355982242,-2.1543153377904094,-4.4811446831605615,-6.871108618705242,2.0
19.009365192579136,8.257412746812008,-6.0404739813136255,-10.320760323398755,2.0
15.669256912853868,-13.285625129272196,-9.963419588642441,-17.396346842324256,2.0
24.16685476994015,-10.484179503338561,-24.732085983304696,-18.601984626745068,2.0
25.8509862702628,-12.309653005297198,-40.317894289365086,-25.554504310333257,2.0
24.885838595107927,-16.09583557111293,-15.277880889940661,-2.3319820936243705,2.0
19.829260420045188,-9.759070682041996,0.8543787685425066,-13.011862321498935,2.0
11.98166903275403,-9.724686208514436,4.871346762282375,-15.956366544163314,2.0
26.063684427784985,7.9314550915671616,4.070207519780542,-21.56199228218737,2.0
22.075078612354524,-10.049125969329403,-3.2594343173478713,-21.83873810497709,2.0
15.854525315774286,-12.066618235738929,0.9756103841990864,-18.861806330129603,2.0
17.60893845093107,-13.810055938280707,-3.4316952415060387,-15.684739649513164,2.0
19.9601363405812,-5.900001988515674,-3.018573771282586,-11.784481319261772,2.0
15.603704492089975,-11.642006294590615,-17.57964553703797,7.1151027209558295,2.0
12.275972681013195,-24.157978225991194,-10.97778712328512,-0.7492543330213524,2.0
17.969461715190967,-23.75852445712924,5.4156540750265485,-2.227070719676929,2.0
12.73361979208105,-23.83880107646732,-0.39307606210556933,-13.520146798964255,2.0
8.757057290229213,-20.87618298397676,-24.82430665219691,-19.2720672351637,2.0
9.415170208693329,-9.671280588093163,-12.716875977879415,-22.811862505154252,2.0
17.034932129759508,-11.76183303520326,-12.887805223060012,-8.962411999992433,2.0
9.02793390346056,-8.433676396964774,-6.256151558721321,2.852668594866657,2.0
23.10917244655389,-9.801092065447898,-10.571098332541926,-2.5866586094167063,2.0
26.144679659958243,-16.31437038308572,3.0987392985868034,4.837776454058173,2.0
26.688720331952133,-16.820731864823216,-16.835208414251706,-2.9702507777031393,2.0
22.00402371408701,-13.596292304858151,-9.802257084846007,1.2933150560068487,2.0
24.12245829854662,-11.128870970963868,-26.693449088805682,-10.530552904938741,2.0
21.65349161177338,-19.127944420752677,-30.119507520113856,-12.352210426249144,2.0
13.00784937262711,-15.488764075963596,-16.685217639064557,-19.24982960278989,2.0
18.187378220427544,-8.024440525668167,-5.525078052156948,-17.552919118799572,2.0
15.314941796195567,-7.845171958306217,-11.884033810459787,-12.125172506602661,2.0
20.068797912118303,-16.613436570697473,-3.530886644974464,-15.66837431074108,2.0
11.53875391872076,-4.5562560231178955,-1.8284432054426283,-0.018034870315270624,2.0
22.025431231321324,-8.10984246611625,-2.04520457442268,1.009976807828827,2.0
17.718547002677514,-8.694782169542696,10.30534162093079,-5.991896976625153,2.0
20.63468395723542,-13.224408159017141,11.316386688149134,-4.131710170799205,2.0
23.7553551241402,-0.48065277008102036,-8.456013277296965,2.490696609815603,2.0
23.30900955212953,-1.029780960274639,-13.383545640784545,3.2217380735509717,2.0
19.549386965038437,-11.82807496422621,-8.437459833957316,3.6642206023697597,2.0
21.77930478176834,-15.401532207039681,6.027788908624913,-0.8819251497005806,2.0
16.687106051145282,-12.893526607363963,-13.103440310123942,1.4790923441982997,2.0
16.52187114959932,-9.440317519342704,4.036056098684885,-8.605482823709007,2.0
23.92520468977582,-18.02699770212124,-0.8694857472677793,-2.160595684990942,2.0
22.210551406402082,-10.96285446568573,-7.785862882175591,-7.789434803202745,2.0
15.175487056304732,-8.048889348450448,0.9163918038459187,-13.616908569028565,2.0
22.471116410421942,-11.244799623584909,-5.941268129588996,-2.1897389151844884,2.0
32.526859940657104,-9.234934983555478,-31.714315977936767,-11.29881387181895,2.0
26.0441709830483,-4.565198567733817,-31.296287226083003,-5.864382251139875,2.0
24.871690674503455,-11.638480637632298,-41.06153565961901,-13.452960974223435,2.0
39.34681912951902,-14.543281988952412,-33.05425398515663,-14.283659764835932,2.0
27.386252543595255,-7.1260253237890465,-30.977391904437084,-11.491091555157817,2.0
26.554508090887342,-10.31955677864606,-26.7899634331138,-6.014076749479594,2.0
17.030445798368646,-2.0074366524609033,-37.74338097526604,-10.323709300839912,2.0
17.210261770759303,-4.078395353717673,-28.401853969445384,3.3028632651448593,2.0
25.132480769957052,-10.727889007583077,-37.43982337485046,-10.009526511095679,2.0
21.057257453936437,-6.460009354800915,-15.867969257972044,-13.904872107730212,2.0
14.883493030125972,-4.207720648577041,-8.376093546815554,-34.25687952835267,2.0
22.9358478307491,-7.501267219534974,-15.506056302586684,-30.396611892279303,2.0
22.850716581247855,-10.65154682781549,-13.475752909490645,-21.74614040258254,2.0
15.235944617865101,-10.10150458019516,-7.364955691486196,-22.946460320097785,2.0
14.802617844028418,-8.903765237918119,-3.3214493708647534,-24.4866974326605,2.0
12.78050784492385,-9.904278387591507,5.533114817904918,-24.322004025550402,2.0
13.128143621541891,-8.584730104209912,-14.577285714631852,-16.59102385666717,2.0
18.833297772428946,-15.856857969116005,-6.661352860537146,-10.314689188470268,2.0
18.96812128636448,-12.788582416945161,-17.887092397701487,-12.526715673148693,2.0
22.76604775341844,-10.292326822353052,-12.234519616883881,-22.38786794687895,2.0
27.077330244783095,-17.92414425922953,-9.058899471584237,-5.319338734641105,2.0
28.557798825065152,-12.11739915142995,-23.940626697450377,6.693382459674622,2.0
20.332101082059978,-11.780166996370157,-32.61141171563753,-12.781152781148887,2.0
30.18604308461581,-5.99244030056147,-36.310508239079404,-10.000946869001858,2.0
31.44527239952162,-13.302561051569384,-19.39462605645515,-20.550229454408367,2.0
22.697028773553733,-7.368855546405286,-14.376675868731862,4.321086286472675,2.0
27.563682735314018,-7.089340059847681,-7.46873068992374,-0.09967668890591286,2.0
13.301050069073138,-10.175659672859814,-13.501921326615397,-3.62815113189502,2.0
14.007559648944724,-3.7058547738848047,-24.488288966468104,11.089367156576197,2.0
15.225038098684587,-15.444836191294666,-3.7768033102269056,-8.765479238217683,2.0
21.812343306095435,-11.88631087222163,-24.383444436654585,-4.5228625588837215,2.0
6.4608071590628295,-16.81554755776079,-22.21511288390204,-2.287384358015387,2.0
17.845887321215447,-12.417196365087937,-30.19243981391752,-4.6564350155704535,2.0
11.849311005565998,-19.06146177350847,-6.99071560350453,-9.724441787622755,2.0
14.840196749341576,-14.994927596094795,-33.50352161813036,-5.873407109424239,2.0
14.960181796296036,-2.3373358284900654,-23.58028775674886,-21.780365884011363,2.0
10.409594721720293,-3.8844316770524703,-6.404004556555718,-1.3037558204450832,2.0
12.560673833697095,-9.789570735964324,-15.068865108189474,4.2849565257945335,2.0
14.631647072801737,-14.199441866336837,-8.50188026759131,10.459762742054323,2.0
9.525872914609472,-21.04958308395319,-20.552391801364678,1.579156157173549,2.0
20.425326755077844,-23.693402346809176,-3.7013276832369266,-7.891508976843928,2.0
17.161786264639854,-14.850548825582221,-10.659522417876182,-4.829381786105817,2.0
8.55078339346424,-16.191490196775394,-13.377469160553902,-13.094555766805218,2.0
18.604794792779998,-9.819305292073787,-10.872772173523728,-9.098564319085535,2.0
19.24268607653338,-7.736230392522241,-8.148638630733712,-11.371585654601391,2.0
16.819710399208542,-12.796528322536545,-6.233903878197366,0.8057617719666972,2.0
12.2808792540928,-9.237563759772971,2.8900667104295827,-9.587141853398782,2.0
5.430049384458705,-13.142146120212612,-0.4602080563644755,-0.10180609468805457,2.0
11.842956460577158,-6.526050669200783,6.0406479130844595,-9.483859431078642,2.0
15.059807922049439,-15.165500316116812,-3.5674268394980437,-11.561143799551328,2.0
14.579339003585464,-14.567788402244846,-1.7106681406569777,-7.3853326970922755,2.0
9.664829521266217,-19.29388161596225,-15.613095332065562,-9.122765262359218,2.0
14.620511464657657,-21.54513114438907,-15.558787329524682,-5.47150036192909,2.0
19.288982966705667,-11.277163267963452,-8.043603819524087,-9.45706139638499,2.0
34.00700349162415,-16.467051717489518,4.850343015164687,0.3310888211648608,2.0
30.333328117475112,0.25588884088034813,-4.62556089952283,-16.602060031493366,2.0
20.994940160263976,-6.38342865123613,-9.682555658612424,-12.225503262241114,2.0
20.142259114949812,-11.433503356913972,-4.676182741810048,-17.65148749492908,2.0
15.813082509570886,-0.5800343912572918,-10.915908955246724,-19.472488182794436,2.0
29.356225320330488,-2.5411531233090683,-8.439717417599194,-14.091454214496315,2.0
22.20918578584668,-1.0959586489247588,-22.108931596624263,-9.44699724133282,2.0
8.5210270286496,-10.791697918178583,-23.41686017676004,-8.225669383756255,2.0
22.1280010248988,-14.213587453473604,-18.113229641191346,-24.9699657237647,2.0
21.876816328733618,-11.228653390408867,-1.9881511871466202,-21.044555330775804,2.0
21.899280448471508,-11.066962161829895,-18.048325650426996,11.795926237429072,2.0
23.724318622493563,-18.120436457236202,-23.993562287021568,-5.538976591078037,2.0
16.68330087024559,-7.063503705319175,-19.287536094902748,-16.127378686593275,2.0
30.002400844499853,-7.436060590150591,-17.075610481015573,-13.567877671192399,2.0
27.16474570140691,0.20780281206265805,1.8648509869098664,-6.331953454527941,2.0
27.953947310994263,8.797564482141368,-6.422443420556939,-9.557381128222577,2.0
20.24441246928341,-7.363243460369745,-9.31747525364236,-8.746750647540134,2.0
14.65395040518629,0.3802872043350831,-5.492069584810306,-7.009492605010655,2.0
7.924930504968991,-5.365233141307494,-2.641835995951573,-1.0896465256439214,2.0
22.164147332375414,1.8864194862409622,4.913249124157686,1.542312630419067,2.0
24.75100471254589,-11.246121723918414,12.959915717487227,-2.214274331158081,2.0
26.49003231014606,0.2734650603970348,17.71607062676278,-7.486245574794959,2.0
22.562428331758653,-4.71621405275362,6.944957898787777,-19.271534347301543,2.0
17.15843736748971,-13.868309921678938,-2.3195378039743986,-13.858110343857216,2.0
14.299228747798551,-11.98440995551999,-1.487416495012761,-9.152403846606102,2.0
10.349095688983743,-21.014332418599853,-0.5483530319485492,-12.036836700251907,2.0
22.40980819105053,-19.230289207102462,8.662800834595334,-17.256354141412384,2.0
19.679989028894276,-7.197014030083548,-9.429977088771011,-9.936898280288947,2.0
22.15037039400572,-3.9586559849430483,0.23287571418064346,-6.294697034977485,2.0
23.53141177181347,-4.337156472297385,-17.80305232334461,-10.443231949899841,2.0
23.68249829160913,-13.342324559409326,-30.44882826089647,-11.747472188886903,2.0
16.810360042240514,-14.410640643969018,-23.774752271236977,-10.210584122735836,2.0
25.344062068198532,-12.88116417357767,-33.61777918607129,5.030098100206526,2.0
22.86765312049154,-11.352905484103253,-9.265766121047639,-5.159096936667261,2.0
35.64612539704339,-14.681311918386955,15.171892814308881,-7.780398814151024,2.0
35.911646966529844,-10.685387098234035,18.55380637578277,-13.636469606041828,2.0
27.73699633443528,-21.076489790884946,10.923361988894712,-24.85961363598913,2.0
30.034645682451945,-13.736797183699512,1.9031492950816897,-24.006877308118682,2.0
18.226256290561544,-12.283828454537572,-10.054748614051986,-26.17545595828936,2.0
11.40318637839987,-20.186944015796186,-2.4612054617579595,-19.68962929139617,2.0
17.938510616184224,-9.80673477019402,-3.0227581638247907,-25.7213266262886,2.0
12.139377385898818,-2.382977459751146,-1.5488079545059463,-19.03240689809056,2.0
23.852505386614013,-9.473386330382521,-11.345120226055068,-7.014069142671488,2.0
15.440508452980712,-19.19893448755421,-3.863850266104273,-5.680604660972779,2.0
15.33570276919648,-15.455002197004498,-0.1329539799461319,-9.071053517727243,2.0
21.163680426074972,-16.7731831567221,-18.96005546654478,-5.893456391077436,2.0
5.19279656610575,-19.55775063439843,-8.692248197101412,0.8767530317025134,2.0
4.862220074965212,-19.337937170904166,-9.599090179601077,4.728846529939382,2.0
15.534350924419456,-22.51149844811193,-22.236465715826903,-11.503428409437298,2.0
17.31007470929476,-14.544326726212404,-20.8675282168336,-11.111598806028852,2.0
21.671573827278177,-2.2814077812693494,-10.970837137829244,-12.96331550234819,2.0
7.7378387306607,-7.174932250713876,-26.634264662524615,-12.63870410573653,2.0
18.12406351235931,-6.878427444881683,-17.182357160889904,-0.8373165588550089,2.0
15.222032582591071,-19.966522177521473,-13.279963786791253,0.9618378563200629,2.0
9.850564800814084,-0.6560635820954852,-4.987687958007127,6.966860226650839,2.0
16.21371515641606,-11.031034374941738,-8.653309408445025,-14.159784232543046,2.0
18.570309801248534,1.2661904150777872,-25.039322462559134,-7.244393777987829,2.0
22.62447866612846,-0.1897034727863236,-15.05582300063665,-2.670311306237944,2.0
16.393865540704475,-7.091922521393702,-7.86488128254044,-17.968719438786415,2.0
30.092608987879075,-4.256950538861112,-3.2893884621123934,-14.715972698406897,2.0
33.97893896015902,-11.470379918795103,-8.536140018965234,-21.372323738898555,2.0
37.2112117152196,-5.712435256528948,-29.468894292116847,-22.235896590009453,2.0
29.521465594896725,-7.576641248771464,-12.50058594941517,-12.389345981516936,2.0
30.041236186556592,-2.9272508947262947,-17.71932776164642,-22.724982328969084,2.0
25.30475129718387,-0.09780330166903806,-20.29649530236687,-26.14106264573434,2.0
20.05145565741657,-14.03554381899841,-7.92641516548473,-9.523270496116218,2.0
25.022487645767303,-4.647976352243274,7.567691716441331,-10.202585493277862,2.0
20.455804575678258,-4.017138720307721,21.29064094273161,2.5244678157074603,2.0
22.975631855101177,-10.988425657534497,12.14732717063719,-13.121059050971741,2.0
23.235246712908047,-4.744521239288541,-3.978200697116918,-21.527478252721018,2.0
27.033387752657305,-6.444429699956772,14.834635818951444,-22.899287884776726,2.0
25.147358537579656,-14.100088918770835,-5.282001123998744,-20.703439259052466,2.0
15.448091101853237,-18.614049046040932,-1.9534009903056546,-24.844563788460245,2.0
21.147535261545038,-15.454566314728437,-21.82259002545175,-13.151317205819545,2.0
18.476539791031982,-14.216895793742609,-4.547600746344282,-7.53944959373868,2.0
23.68261957124223,-8.98839260737611,-3.430112459453956,-12.653403946917898,2.0
15.068014407109494,-13.877755767156815,-18.59251461923913,-1.442770181782313,2.0
15.481724009923935,-5.352988317209797,-15.989094457185809,-3.2916687266184192,2.0
6.817880468192366,-9.670078108543061,-15.569267091370557,-5.110229717170215,2.0
15.990122224445836,-1.0953438522685586,-36.76167767853963,3.3737051377125056,2.0
25.11199443426579,-1.6189465224069295,-12.705570199758862,2.8924209052768255,2.0
23.638973169850665,-9.23343624515956,-9.247487413441748,-1.568713018676764,2.0
20.600392751417758,-15.494507754506007,3.9501431299692884,-20.613343414314944,2.0
21.992957053338877,-11.117523619974548,-0.022769733077822263,-28.66406454512063,2.0
19.118245823254085,-0.8955772756330465,4.380869580236574,-22.68229640111509,2.0
13.502499364131449,-8.059106568465749,-15.259811099040174,-7.0904695561348925,2.0
26.73595132102364,-15.029858725071765,-5.1077307067326245,-5.036115967949117,2.0
27.83228340135286,-6.998016081967249,-16.491351204985595,-18.910118453694288,2.0
26.889801319532346,-14.304490982664458,2.301822084899081,-21.558356835303506,2.0
16.038692095394637,-11.551055366803855,-11.383989737438263,-8.191121551646882,2.0
18.166740210671232,-22.274124179378752,6.216815506627854,-8.158526875691967,2.0
24.158000203967177,-17.069313045585357,-4.548317687934576,-14.084961092078427,2.0
23.78744176042256,-12.953610937046836,-6.619883596308034,-12.920216772258907,2.0
16.900275480030913,-15.45405430898712,-7.972559280359803,-7.657806594230514,2.0
8.834618302017983,-15.99543838729176,-7.999788791424486,0.6777412181852238,2.0
9.832586003420813,-9.396747616228648,-3.858137078233897,-2.674392543815908,2.0
17.300231319655918,-10.541437250035674,-17.047080624869135,-15.399461462913639,2.0
25.007310170413717,-4.7433079937156535,-19.07552498611269,-18.195149600364434,2.0
26.43430479869022,-1.4422793396816882,-13.40525938053948,-13.918434125675304,2.0
15.24173040117389,-9.204138448553081,-15.51389193371131,-13.067536337408317,2.0
19.44298123861802,-5.991771427131971,-29.54343405995824,-9.035136237201005,2.0
27.302922035674897,-6.2277718649025005,-12.363263846739818,-8.935075912192357,2.0
17.213343072465094,5.2564365475161035,-11.369954130314937,-6.3552871306074366,2.0
27.776878626694863,-6.843626666767481,-8.780824444993026,-10.523058441461952,2.0
28.96903962551604,-8.31800641426908,4.929487506178568,-20.104769853942663,2.0
22.93911367125252,-3.9962623451370023,3.6326140408769074,-9.558917300659093,2.0
19.196223695116437,0.10384054182179447,-1.892058365746915,-12.726040812177464,2.0
20.179083278724917,-3.9793340083939404,-10.07174542120304,-13.151196143293346,2.0
20.92924158406653,-6.659505599284214,-6.541960786819531,-1.355067678074473,2.0
19.51844088220177,-15.553387788705045,-15.385658183805937,-12.66472066855762,2.0
25.390638142496723,-14.177415712767528,-4.961202202860658,-12.849956369387424,2.0
27.868976688213387,-22.552375860001774,-0.5709575108292579,-15.953701840761852,2.0
21.475784593870404,-16.729704309669867,-5.3986395747270475,-10.802346294797703,2.0
17.13514430690792,-16.99843056242321,-10.643207722823657,-21.815165456271437,2.0
19.532564352017417,-7.690919330451313,-30.081743167665103,-22.955826338463346,2.0
16.917469446309653,-8.49223731925101,-15.206653208516233,-21.39307337009497,2.0
25.032515828804566,-11.108850835198218,1.8698220655952928,-14.961533898358457,2.0
19.133637578789983,-1.585373874363956,19.860621349045676,-14.485744087358446,2.0
11.068128760055599,1.8780359139718605,-8.630885725862937,-12.961014813415433,2.0
8.184521532252598,-8.950192575054421,10.093993380502603,-14.836752809069576,2.0
14.482793513291073,-7.582856677940425,-12.489175415246317,-10.301191204871088,2.0
15.072832872376093,-5.758157649447125,-19.584438300221773,-11.431588533935951,2.0
18.230144329941016,-7.740728669731937,-9.908857826800924,-23.536876401388255,2.0
23.881484666421397,-14.60744303527332,-30.924113041241746,-5.028153427960583,2.0
29.22289497436269,-20.242561609272187,-17.752000804762332,8.773066410230314,2.0
18.780422108665558,-16.380812601251314,-12.73891249114034,17.67173521840675,2.0
14.693568444496337,-18.57874033974086,-2.5900847958042217,0.47680272287128034,2.0
18.144959527424184,-8.579669665960292,4.439237913180648,-12.731602071011816,2.0
16.804359209762524,-11.82855404575579,0.9728033760278247,1.250474355915082,2.0
9.399949061098619,-14.093234391998505,-19.668846619484796,8.112897125299549,2.0
16.421142036108776,-7.845873115786317,-12.181216207277956,7.325788934073888,2.0
14.211969443502491,-2.9742374471385378,-25.243946061553174,7.01953387426312,2.0
15.122095217263288,-3.744880179194138,-1.3797772757882836,5.2915782469109995,2.0
14.646683403080102,-2.0727076244757336,-9.870320735467764,-8.621687832290808,2.0
21.748681525759398,-8.394980243373958,-11.017330608841734,-7.4723330108261585,2.0
29.630898506445313,-6.604829915552256,-12.955107674974162,-1.8155510315497607,2.0
22.393784472890683,-6.7060986532537985,-12.440807153386856,-1.8246618089483049,2.0
17.441356380257815,-13.655427559494449,-3.634613160560529,-4.640514681079677,2.0
20.22094630749853,-14.193481319258012,-16.53049765807051,-2.1581347614860675,2.0
22.695572833616463,-15.333898415155172,-12.675902544521996,-16.788212361956965,2.0
25.782246740173946,-16.86691714092424,-14.185326303301416,-4.889015475653556,2.0
22.39189408151544,-14.261476457702283,-18.354742107969674,-1.1341797673182041,2.0
21.183656584214074,-16.22474477850802,-15.490097503868549,4.631681104286612,2.0
20.927068319599663,-15.200721651092774,-1.0138442021189107,-4.282060386519068,2.0
22.470066178475026,-16.464399599397552,-12.837664994122033,-15.890218890774854,2.0
21.91259887185026,-10.030969043587582,-28.18076936869052,-17.548152214228036,2.0
26.18174632322676,-10.190714335260825,-19.392716412186402,-0.5322216600074601,2.0
20.051691140030524,-3.0343991303657774,-8.347410672223575,-0.24667542896654382,2.0
17.086631701585468,-12.982352924753465,-16.01346153484786,-3.85465959192337,2.0
11.68315654568245,-18.65710603946762,-11.513971384720257,-12.950687336711821,2.0
20.579230592372305,-12.047684691512455,-8.64216642526647,-14.943393111150273,2.0
26.695366739738716,-14.674435945830318,-5.83271139329357,-8.09348580591234,2.0
19.851730107358087,-14.223974251601504,-7.337110530156551,-7.515321230170278,2.0
18.02761537400267,-20.59204779172145,-2.7581934680277778,0.14582538987559257,2.0
18.13005517955581,-8.919449004897782,-5.424150526050568,-19.982585038812374,2.0
24.310173975390622,-16.633902209871977,-2.327178327617711,-23.678423548900014,2.0
15.124032986656225,-7.637746706274866,-9.691297917823844,-16.154172537040363,2.0
14.954924275459902,-9.3052493179995,-24.387830292496208,-11.021662960410515,2.0
11.319917876236046,-5.8749382143379885,-25.785809656331885,-14.57413003986898,2.0
18.63798666919304,-13.992999134119653,-20.039560008125953,-15.357223067592724,2.0
10.29596018612635,-13.81626002320649,-6.766132132398436,-31.11991235295323,2.0
15.737825241575344,-15.167606566788145,-6.855894305997605,-25.732092232063174,2.0
14.918862522528915,-13.743456454384951,-20.043377016951617,-28.509975626189554,2.0
14.518191282169933,-11.028106272773549,-16.162743179921087,-18.628177425850424,2.0
15.208004947544378,-15.092468736173082,-21.88423326280295,-5.471044465376471,2.0
27.879476814509815,-13.841055839427197,-20.99835185752181,-9.133435803730944,2.0
12.01109812415636,-14.73359681584277,-17.661024563020412,-11.723979289211734,2.0
19.205644782251973,-14.45696861033979,-17.110794588104756,-16.494030281532336,2.0
25.739159429693316,-13.68820328038592,-25.335853228658273,-18.87004876172202,2.0
21.6773688083596,-11.960506208711,-16.723180375522006,-18.729392460568288,2.0
21.787474238113727,-14.253970831432593,-5.017815974157116,-4.352643622192634,2.0
10.968901885562655,-16.7994751002774,6.481313953297651,-10.142354934849232,2.0
15.733029632222376,-19.320850830418237,-8.218368022548356,-16.27346100657825,2.0
9.234848494210944,-18.158876918353357,2.4662477239252896,-8.099912289647353,2.0
19.783157268857735,-16.15878534449019,-8.710386824284122,-16.596446673074787,2.0
19.93914723770222,-11.381287578170108,2.0047646527391443,-18.8377616357142,2.0
21.704184265467628,-13.288060686558975,11.215924678948834,-21.754676558975724,2.0
21.07682664606853,-1.9744963784733462,2.5976109622142967,-12.398296268711722,2.0
24.193463656119818,1.9949657358883197,-4.834414579780839,-19.771886642376465,2.0
23.619103864647187,-2.4642914505568605,-13.225714252177013,-12.522117633347579,2.0
22.004554644151327,-9.693572183287612,-6.58019691204282,-17.062896464123416,2.0
24.807312891574142,-12.966842522042217,-6.706324274097824,-14.424170241592819,2.0
21.688498564193953,-0.06058111316569281,8.196019117014117,-34.272060080060704,2.0
11.21474344553825,-2.1501740560516778,-5.8716550482299965,-22.212476331610997,2.0
9.500658046342892,-21.665940251062963,-13.87928670173319,-19.24913696440383,2.0
5.695402992456128,-12.406267279772006,-23.2437170922817,-10.122453325178386,2.0
14.198777392813456,-5.712228375077775,-2.5660631824783007,-13.587536683695934,2.0
22.76435721823554,-21.613591462079736,-2.090604278435875,3.5237695268508316,2.0
16.911698531688067,-22.25478473774233,4.190112590954835,-12.424273137364668,2.0
23.714964536334747,-12.591029910188583,-15.059928933402151,-0.476190898672193,2.0
10.380068034462518,-19.002279490481122,-0.6899491612394351,-16.433908120983297,2.0
17.046504584039337,-18.509343188959814,-3.7893734679030056,-11.323328815866667,2.0
27.78379759055281,-14.856173134497173,-21.524877598363524,-5.752473426784804,2.0
30.176798109072124,-18.386880078267755,-22.02248599828742,4.2582795339773,2.0
39.08772881784644,-4.3905398288331305,3.5244123876215525,6.903129118138734,2.0
32.22860859606607,2.9453872400737975,15.02461313674716,3.341424649353794,2.0
27.1178273655451,0.5108815980318244,-10.892027690817413,-15.481655741108955,2.0
25.66956496052221,-19.58320782259681,-14.115951851400279,-26.705723972728094,2.0
19.430526995674576,-18.37474553698581,-11.101398983402628,-12.55867675139738,2.0
16.813552540519584,-10.94758785566222,7.215212531283221,3.1194466868321786,2.0
25.491593543256442,-14.526366307558682,-4.335337821521223,-4.3002297591037815,2.0
20.911703751571334,-19.906496118371308,12.824115142660244,-8.608382682631278,2.0
18.935451093272587,-5.572631368376819,10.749102502116177,-14.319234151657474,2.0
19.289272489026935,-5.745487953430012,8.913150642907908,-10.7235794055744,2.0
21.456475736199327,-0.8849360851536554,-2.5269187025482056,-21.636964660867715,2.0
23.150330519877674,5.153220750410799,-15.037520695174404,-6.786597170449325,2.0
21.731051835699976,-1.0252154509662725,-11.805197202000262,0.759610684219437,2.0
25.56731067095336,-7.863196462261063,-11.387346902971736,-16.33310213086107,2.0
20.633995621915233,-7.840656892930301,-2.5951949900566404,-5.497095424301678,2.0
9.503866844480395,-3.188260058657721,-4.222342061787989,-3.8904583646740547,2.0
14.946226935900022,-18.249572707806625,-7.386040013829501,-5.599468712881294,2.0
12.01677318678938,-8.692313450631724,-1.4026225380003754,-0.6978490741580075,2.0
17.429659252355428,-9.603699511888097,-22.30376232754817,-1.8846787033286043,2.0
20.307639040379783,-5.281975478387299,-6.820636278871985,2.51428386718362,2.0
18.943893244072182,-8.353101424784848,-25.72599037690746,-1.2900500953876497,2.0
16.781462719941427,-10.142048244587091,-31.545254360933217,-17.949646057659194,2.0
16.871524223231,-3.499319075122539,-9.985960124484567,-5.784524818979946,2.0
18.834103389174274,-14.337734444114734,-4.303247615571875,-4.616428578308551,2.0
23.984944008752343,-7.713706453695582,0.3071910028010212,-2.4454605573756023,2.0
19.5955579811792,-5.283444623290279,10.652090397608983,-7.655025537076884,2.0
22.206059113000627,5.612176711089741,-0.7232781658642811,0.453357670473042,2.0
18.64927434366682,-9.426599425962248,-11.299718277276835,0.9626870948120128,2.0
11.004189752516089,1.4175041545512101,-13.513010370488853,18.24135572460305,2.0
9.939974235097441,-4.988837344234348,-27.974939955550806,11.198513755860784,2.0
10.108558420627187,-1.2103577089431496,-12.013319581769178,12.119234905584323,2.0
10.959907163691764,-13.275174948620807,-18.550915965783837,3.8778486276974986,2.0
13.237643173152179,-12.200876913453984,-28.305941282358937,2.8595833877790326,2.0
15.907720007222972,-10.914198987265841,-13.450663014359044,-4.633988897264608,2.0
15.495711436802198,-13.319186646323026,-1.8209214103744324,-10.699501826930009,2.0
14.134872771224003,-9.42537354381096,1.2891539827018783,-7.021473928772059,2.0
16.8292306090538,-11.575882774391328,-4.3911336846818285,-16.6865365480779,2.0
16.88407348114879,-13.287637795033323,-5.850629278629808,-15.346208720417238,2.0
15.758297474472556,-4.309839955474257,-1.1899393035081491,-18.97704780306274,2.0
22.66298123444616,-11.96031593253824,-3.8935219485259274,-12.536167360536258,2.0
28.6380453540533,-9.150503323858432,-18.682677566275125,-3.558484476466255,2.0
32.48097543986697,-9.352984173312171,-7.846565440981439,-12.596724735730199,2.0
23.204282271710447,-15.745649805546059,-12.437161388558229,10.692707550998271,2.0
21.70004135799973,-12.718376299033876,-22.675860834742636,6.904628137806837,2.0
12.999021309431088,-3.7513478044252357,-21.435388079128717,-4.582746646525268,2.0
17.99404116644613,-18.18444165414925,-24.769828541812636,-11.033592167859405,2.0
18.654674001827146,-6.903194056700019,-29.73436204584707,-4.900344384369445,2.0
16.21706381031865,-9.529351689459904,-30.720399315424043,-19.26048845478522,2.0
19.480686549050517,-13.896668385497426,-34.57869150036893,-16.325819256914748,2.0
21.447854891629202,-6.081754958138726,-32.58829635397265,-3.890291064217183,2.0
12.17154712837375,0.6468450565256321,-17.14789373527617,0.30893024120449075,2.0
15.036010566529983,-12.91299113119594,-9.390984694379942,11.523609885251718,2.0
0.7720464393266919,-15.935077109414584,-10.872958366481003,13.980061524547695,2.0
16.40573232500464,-15.120437609754063,-21.35009821564069,-2.7226562215013557,2.0
12.452475747494406,-10.091900510669188,-24.209011199200482,-8.369088765944326,2.0
19.81336492358046,-12.467921775608584,-13.04864269784397,-9.622662262346827,2.0
24.84129842598796,-12.416309495500489,5.955256768601072,-2.294703594461442,2.0
22.88103652000032,-2.3163753468949806,9.669323759761589,-18.427550645830014,2.0
26.299102577413,-2.6551079997232714,-1.8640262766497528,-3.127423345495292,2.0
20.016347000775053,0.17511384743361447,4.543364792468157,-3.2080119627563657,2.0
17.382967102127186,-14.033955940191547,2.8978887280270715,8.700255085404745,2.0
17.000044340708783,-7.350241627644518,5.149286829387172,-2.2165012503020964,2.0
18.647197624512383,-12.985048255355057,-0.5604618336042098,-4.822862915598494,2.0
21.019673363121033,-9.753403881359905,-4.133603664514027,1.9897696543876222,2.0
22.938951026369182,-6.7958057326970565,6.116788302210628,14.087393769660718,2.0
23.540913322652475,-3.2650440943132732,26.339546555699783,-13.840736915130407,2.0
21.491060069962185,-10.163318508318998,-14.115735307832582,-23.36050825511114,2.0
24.613033789861312,-10.985222644343411,-13.101345300253843,-5.100805345461033,2.0
26.73666784933115,-11.186275026619384,-16.81659287279882,4.820847632131135,2.0
28.922196360428952,1.5459374848640275,-13.118411512993319,2.0634114585291936,2.0
23.635150921321753,-1.988803424078636,-15.570836682174845,-10.18904459593741,2.0
23.358863932990506,-6.581011566008942,5.925457754476509,-9.069635598798042,2.0
33.9657192444221,-2.7256301888607894,10.54014716774369,-22.85409766080443,2.0
28.17046036577118,-9.866763728416252,13.840013306310963,-7.690815987062283,2.0
23.06573115712886,-4.032438226586439,-10.447060345007412,-12.55371625991117,2.0
33.9633458273274,-14.203066325425432,-8.270496721452808,-14.48743600094747,2.0
31.377828636391083,-13.631609786303724,0.7734879937609485,-14.859724734867312,2.0
16.879282175293824,-8.548208894374401,-6.303120946929775,-18.80992184617391,2.0
20.04995916465113,-6.957691941949604,-23.938566755303214,-9.178914847294557,2.0
17.877400022517197,-6.333397429489173,-1.8662210965364547,-13.497694316793682,2.0
14.87920708851169,-16.79283684555113,-6.056376718001337,-21.81759401727426,2.0
23.237676889112137,-11.207495953076036,-4.8008976256321025,-7.181989327479788,2.0
17.376859973524855,-5.697317806128967,7.311323186375894,-7.589988866158231,2.0
18.568766035130952,-5.061393092260346,-4.1391220542770135,-10.888085481216812,2.0
18.367920412332705,-18.412666366759527,-3.505787406316826,3.632035404862941,2.0
23.41215226185583,-10.46637434153533,-11.781211851642107,1.8430386095821374,2.0
23.377284060896912,-12.174829202071287,-8.13251931334042,-3.171366902914807,2.0
23.84772815887031,-17.31945634007878,1.097310415332819,-16.95567424660722,2.0
16.91169302747718,-13.399655139107622,-32.88038241095979,-10.741413001655978,2.0
11.531045569315967,-14.571367914839266,-36.51871444689221,-5.3118575634271,2.0
16.495884923102274,-8.359636140795036,-12.271317209008322,-2.1384035829623995,2.0
17.635161705525267,0.784274809923005,-6.978838154202784,-9.223559057574045,2.0
15.774571316398026,-8.05489859274445,-5.74623311049489,-4.951271836618648,2.0
22.745209847562112,-12.278511602072431,-12.63367395295116,-8.268655498475091,2.0
23.33635320655228,-11.96964588095278,-24.323878541865064,-7.3104054168172095,2.0
22.604817461959204,-7.571582747899266,-11.018565454944703,-4.998649367834595,2.0
19.974469961918885,-14.597698260966542,1.0722207872522986,-10.757051658306676,2.0
14.019205670303206,-17.48302495241042,-12.818810821185922,-4.713430916619137,2.0
19.98475726211988,-24.125620269704328,-6.864827356732409,-18.741284489674854,2.0
15.401201116117246,-24.97891580952878,-9.376087967208637,-2.82668650459041,2.0
15.024285039017746,-21.469281552925253,4.9729061183327605,-4.257610957114652,2.0
18.84519801207051,-14.390611596780552,2.3700332959553867,-15.859138505427302,2.0
15.180850065900088,-11.290367540686345,-15.690337552081042,-16.350073949909095,2.0
13.296691296995355,-6.977955996677544,-34.99765157864066,-2.143970819408332,2.0
8.279987826694935,-3.7510263367372803,-23.927389675471883,3.107118277691418,2.0
5.4506554347405345,-1.9168601995370906,-14.62011402655898,-8.970581931175666,2.0
13.278618039640985,-2.028003523321253,-18.974510527760152,-4.61520000453103,2.0
20.869501602922696,-9.393481740238688,-18.56004613493741,-14.244202982002808,2.0
13.567123319338613,-6.441210835540687,-15.95680420435718,-26.794057246052173,2.0
20.021813250224863,-24.911667777797838,-7.044611401304216,-2.656987008627741,2.0
11.043391577041131,-18.546930293047474,-21.839749115813092,-6.8269781497395,2.0
6.2982534921844895,-21.518651755539693,-16.951440769736447,-4.433099754901333,2.0
9.172691386356176,-16.707360734439625,-8.349192721087409,-5.653248723207328,2.0
1.950540678777406,-9.91864939441733,-6.7514559055450665,-4.126468220905444,2.0
12.68379488630491,-11.87706162278062,-2.4646072710027784,-14.2288751892996,2.0
19.568490738722737,-6.934125775917111,-15.977166843796669,-1.4688074618491487,2.0
17.594454604096015,-12.538280394090243,-10.162677003283845,-15.739044560599183,2.0
29.896642806982218,-15.407168555450294,10.62746085144948,-11.246572700596582,2.0
39.35157861872739,-10.174720427917219,2.7637253752294857,-8.253964617534791,2.0
27.29140189809107,-10.336132996402705,-15.848610564613697,7.149124372541934,2.0
23.143305437699183,-1.2777704813737403,-12.814723633752251,12.687412204246908,2.0
21.978052824294632,-4.666831167351699,-8.703773055622715,8.440269989861928,2.0
15.241802893694516,-8.344195951287592,-0.33776167007667546,-4.145257506705898,2.0
13.817902642681135,-4.85254161506583,-17.136205452547678,-7.345027580327951,2.0
19.76431549983373,-6.525206279707198,-30.14474320871969,1.650883968291211,2.0
14.80474229936635,-10.72728274536357,-18.556081727351216,6.5675663923056025,2.0
14.028401232102988,-9.982057597317652,-15.78873762251911,-5.061445653571611,2.0
9.725941617695092,-15.960283068189302,-19.852900616669608,0.3805649293472442,2.0
21.791146378303445,-13.939019315458648,-15.346513545781606,-5.663794340374287,2.0
17.92659014338333,-7.952617819108834,-18.807223725985608,-9.694476455982912,2.0
11.33132748134432,-9.44955578022566,-13.549906764742031,-3.077747278776645,2.0
13.47498673682357,-5.320431687539251,-21.760705182710115,9.661446386778836,2.0
14.94471648390745,0.04048414919834009,2.3142264554655654,-12.966219010581465,2.0
21.49682063124321,-10.177068167999279,-4.161074963004285,-3.3946471086483587,2.0
23.53588323762144,-7.233305458655563,5.644041982492798,-15.38096367785311,2.0
27.65968220670898,5.367988656451715,3.1972398525145262,-12.770756780895162,2.0
29.030560759683777,6.291648791197275,-5.336628556269234,-9.574817425395695,2.0
23.730670824020375,-20.0953687608446,6.689408221596599,-16.287106941020994,2.0
22.405431007572027,-15.791602087047673,-25.82126762450786,-23.038865018205684,2.0
18.550488589948273,-23.763749774492673,-23.97145404600575,-22.692254555897563,2.0
13.384930792680125,-25.97610392890863,-28.54135921320653,-14.660359565053925,2.0
12.801191748229845,-19.619228996171643,-23.612290412823267,4.403815545788455,2.0
23.033473305339978,-7.305977779763515,-10.673403977415845,-8.750899141150498,2.0
24.002230997156914,-0.15290076268543018,-5.933389588207984,1.284376943007743,2.0
19.5068619515725,-8.233693477320337,-3.056244802603163,-7.971736051322512,2.0
20.02899124887393,-13.803404588701603,-3.0668121873543095,-4.156342248742508,2.0
25.13610143770373,-13.142455085609228,-13.200616282329955,-6.803871915620691,2.0
19.810264412740565,-20.45166662116781,-24.376331821033702,-7.006229659520371,2.0
18.303864915170408,-14.222130701661223,-36.40311249035262,-18.12845444730769,2.0
7.891248758894681,-8.430581446842943,-11.631313549517426,-17.772762613721454,2.0
5.111293596415974,-10.918166957390309,-17.712367314750395,-19.683186128750307,2.0
9.768530322473687,-8.557130552824315,-22.738286887181765,-11.829517391133013,2.0
10.158688046473472,-12.402345452256977,-23.86531464323762,-8.36142361922221,2.0
13.59916932654332,-2.0704207965274426,-2.252348170723149,-7.081222986044343,2.0
16.53589060043934,-7.249634134784727,10.153974985680428,-8.345788966967929,2.0
17.814183013189748,-8.62770783363619,8.112095087040345,-18.172447799008566,2.0
16.10298941304121,-14.32952854849643,4.973336429708167,-16.730697492687696,2.0
15.297447380739753,-18.09963423542135,6.572594173862472,-14.763068238350186,2.0
29.482306172810148,-2.5304452791660563,-5.5744283990308645,-11.062492406707939,2.0
29.127327438052788,-3.6286344379619306,6.5779250157114575,-16.809164231772577,2.0
36.9498644081698,1.0122639296694134,-6.013447038613609,-10.202403833776112,2.0
27.969706538964047,-11.81621155139359,-16.714856560912608,-11.064539131029813,2.0
27.627599505678173,-6.656484392266682,-6.526412997901295,-28.784282030021153,2.0
29.511644916652866,-8.053211867111486,-10.638934067733373,-19.05313617746835,2.0
26.6089715514226,-7.007383800096581,-3.110548203068939,-10.040939428567,2.0
26.553412754843805,-0.26052892934693794,-6.406522871793914,12.16624394381714,2.0
25.73834059071973,1.6196865343754219,2.441144233945276,11.241634036446115,2.0
26.97205191854046,-6.280216192331321,20.71147810884697,8.2555455866664,2.0
26.009390981089094,-9.681068381372588,12.98184629902818,-12.962388791022228,2.0
20.537976751584175,-2.7484394130969783,6.071242884674255,-18.24368371229717,2.0
15.604870566013188,-6.166977615412041,1.517716700148977,-10.062524913315174,2.0
18.22827195355135,-4.109813397311031,4.903511994539663,-5.718053879412325,2.0
19.512811237570574,-6.820118159066341,7.352064661927813,-13.011138677548612,2.0
17.92062243751596,-4.629182435674955,3.054858170137054,-10.394420599875646,2.0
26.668890590844725,4.134858386116065,-10.685135641007896,-16.486268339506992,2.0
16.729744796526848,0.9148836586648681,8.997946951609325,-15.796512587609202,2.0
16.261554300306305,-13.022722238209273,-7.300203789621487,-16.82023327971176,2.0
24.504176165261047,-16.54942539319253,4.493542980731901,-7.741667475094788,2.0
25.976261243723105,-3.6062742719966225,-13.211617184598,-7.801168741475952,2.0
21.071913719087366,-1.9529315041956075,-22.999513241162482,-1.9844720480694282,2.0
12.009640087194958,1.8616368079604486,-4.884532835374102,-7.485561740021843,2.0
13.666766593540077,-8.125770032974483,-0.25039417293605304,-10.500626824000456,2.0
18.419346645406062,-8.219474537868898,-10.088409612108293,-14.559687711560805,2.0
13.231873263666621,-1.647819056893379,-10.174839929362637,-19.630439300100527,2.0
11.838066621725877,-2.530189263902259,-16.330926482190602,-7.695561244990909,2.0
14.428517425342088,-11.35401826954507,-25.075774547969964,2.829833604072813,2.0
27.829201171244083,-13.01968923175491,-11.447833872770383,2.6752168929132782,2.0
21.71167834852515,-10.544749990858353,-22.193876430448086,2.8899102174203266,2.0
17.899238830750644,-2.861229137035229,-39.26503823900895,-6.67082484766798,2.0
20.000001783170642,-6.135071535439611,-5.952030107777457,-18.12554417083513,2.0
17.798331354352815,-10.645931703411106,-10.836034417964795,-16.121711105627774,2.0
20.4730509581473,-5.862942393903052,-11.632422850144323,-13.385736409329272,2.0
5.145426369232677,0.4905057206143937,-8.16850003064698,-15.092487278156675,2.0
10.467184191805854,-7.0488095735492635,17.651058061682832,-7.4265414245024655,2.0
18.696221051503983,-18.621237790354723,-0.025654917486129136,-0.894072977612113,2.0
16.641665275058994,-16.631430714169387,0.5722098117544157,5.647582769593102,2.0
17.185212943880366,-17.561892937627576,-11.403382915251676,-0.12024770045878963,2.0
16.782996695160307,-11.679602690370057,-19.28751490983426,-16.85720867587323,2.0
19.652284045901403,-14.345550549707452,-2.6389185624341414,-21.277881702268978,2.0
18.213953933419,-22.47060273610719,-6.915281792088765,-4.799596238938099,2.0
9.994552155346895,-14.173884784825814,-23.118155795457476,-12.665870925419366,2.0
18.398457925055215,-11.36531121039776,-14.567447953355192,-2.4439647246674117,2.0
20.091520548918567,-10.157545027585014,-17.008023325573475,-9.542372537320713,2.0
8.384178181053853,-4.1550977784289005,-28.522502382408383,-11.441165447569013,2.0
19.941656210580245,-10.116841623136127,-7.955228378980082,-5.352555885649133,2.0
25.95884025308775,-19.458821960577236,-5.904928467945541,-5.8475168837842695,2.0
16.420153957653067,-21.857318806038563,-10.820055984045668,-9.112972288667427,2.0
16.31514423558179,-15.774436509754372,-3.3065483374934104,-0.4901821251314722,2.0
14.776928672297792,-12.739162648085488,0.5377367190418774,3.3250303295080386,2.0
22.124008719227895,-15.2880527563214,-10.100451782057622,-3.2273586064672823,2.0
18.1765348463429,-5.484744314845027,-16.628169116872495,-4.986789147863207,2.0
12.631072899838836,-8.131439939818371,-12.334666611464591,-7.187184224771126,2.0
25.55008547657953,-12.173714394258957,-7.40173283078542,-5.6301382541498874,2.0
21.46815411066999,-10.841139917549958,-15.314717645493845,0.70869458797709,2.0
21.803964410075086,-6.527868141978023,-0.9245056928024944,14.335359789791031,2.0
9.768726622623202,-18.032081416765095,-2.965387438785937,-7.104583877872097,2.0
17.027625005678985,-14.468869932582237,-10.975542096353944,-9.197670705701439,2.0
24.438507569699308,-9.53515386170106,-18.72765746337349,-6.348209666789742,2.0
16.266712815248944,-16.828772540181085,-3.118359085500935,14.151661581115915,2.0
19.798484944044844,-10.084497713826822,23.627777930258564,2.7051387655816717,2.0
14.85939735629999,-17.139652070771017,-17.278184202950797,10.248472830082246,2.0
14.178107320144193,-8.724702241762564,-10.388162012933206,-8.540916472278907,2.0
20.340041725987664,-4.923768900225538,-12.416760648036833,3.2787892310776785,2.0
24.985580090596173,1.079247734482406,2.7834762841552063,-2.1879211655468964,2.0
20.311368228580157,-3.6818178668946153,-20.762347591804627,-12.936970770594826,2.0
34.98805383754494,0.4306494803387997,-4.957385190404189,-15.034912512372454,2.0
21.85358740001963,0.39211138358435615,-23.73315767933495,-5.132785017402262,2.0
16.984457753400008,1.872728010945936,-21.02657926087396,-2.0221078023324797,2.0
22.017285283446725,-4.943025740658984,-7.5588062287418465,-5.9764646221016875,2.0
16.591880703425943,-11.896950486853372,7.7534294788501885,3.4113844611264525,2.0
24.38855864826358,-5.259083867091362,-7.705720407894966,-5.125402812112036,2.0
14.1544238979251,-6.826737857517395,9.184991161260811,-13.872414017658521,2.0
22.9197812393787,-10.4673086381885,-2.5821916813772576,-12.529669701700765,2.0
22.348724305649963,-21.42134290912019,-30.600125582947335,-9.977084259370887,2.0
27.960566735299313,-7.1717657512542505,-16.710761438016604,-3.1026622594150948,2.0
29.054090432374807,-17.674671808807577,-4.663103334292923,-2.889212435594118,2.0
26.42801916895099,-18.226548586910162,-17.082467993289423,3.993990513823753,2.0
14.084735422536598,-20.357903726747544,-1.6372889411314002,3.9140376439497366,2.0
20.739740156132154,-8.862417828650175,13.401833548833624,2.005269231730436,2.0
25.13001814182466,-14.502391458291875,2.8935738579281214,-3.0216656822184262,2.0
18.619082861610742,-0.0994223320415597,-8.397401543070153,-6.21096880666095,2.0
18.445744697731264,-12.417273605082228,-14.818893435859529,-6.478071588781734,2.0
17.609675672697655,-11.71585832627834,-21.536483634608075,6.114617830283239,2.0
22.498197478196165,-9.262455074792967,-16.43177805109002,-8.993678575666044,2.0
22.48395682096213,-11.447202406559015,-27.80832186235831,-14.567679810318413,2.0
20.586729304341993,-14.824353638960165,-15.642443567051032,-31.67307082947266,2.0
22.16047127310066,-20.65401424036962,-6.718246282410819,-13.655865917518824,2.0
27.04303914323792,-10.029360712627835,-3.9580825160278335,-2.7046904657112782,2.0
15.739590961784224,-9.609718550387576,-9.20314445567942,-5.573133863494268,2.0
15.61347502729502,-16.00942824610597,-7.5355310713403725,5.433867814733134,2.0
29.193472182941505,-8.63044276439017,3.256011645516444,-3.7005947105623465,2.0
26.795106896928477,-14.361826838711519,9.770629670188793,-7.725682474321596,2.0
23.61680035655447,-9.968923120087588,6.127473709436848,-3.182920612312193,2.0
21.80145567810139,-4.559944138645667,2.2967015783131686,7.837855723179192,2.0
14.202751115939465,-7.350761583005486,-3.9878053601842334,3.730166373328128,2.0
24.911405186926217,-12.88782033587153,-21.18503746756622,-0.15895572865452756,2.0
25.716696923931476,-11.153034616485389,-14.359265713110752,3.595703708094012,2.0
19.35108390032719,-8.49099624500052,-8.432359858777819,10.518708795157076,2.0
15.424086733938472,-3.55875082174828,-17.850556034861114,-1.1854013946824127,2.0
16.72394060531622,-8.925464258529956,-21.439465972353027,6.3309988753555775,2.0
8.83834894811709,-3.548036853193934,-11.07936993024336,-6.46061671889759,2.0
16.720088003134382,-3.505741029808695,-28.27850326641309,-10.823276139034505,2.0
21.044771735621257,-3.80352013606953,-14.457798423633374,-11.623810578824783,2.0
33.891667583168875,0.6389234084658826,-5.898803455812868,-31.10965687095483,2.0
31.358174125249903,3.222235685408384,-24.16845057309918,-31.42790387761816,2.0
30.05549070937085,2.7123084537218984,-20.203701844359315,-24.854552229268965,2.0
8.755656788500918,6.6084757900818,-14.088407406197543,-19.523808401827115,2.0
9.197422177757963,-9.308229518152274,-0.740102057503309,1.962235878424666,2.0
21.229649771295662,-17.311427755004885,-21.96778667628584,-13.251537809741137,2.0
18.11251838856517,-15.425655064066632,-11.89960288158537,-24.780693999358572,2.0
19.804292696990824,-2.927805476363236,-16.13295837622361,-17.555536368164685,2.0
23.256643892978154,-13.389118666475865,-25.55674266350338,-4.868692809902074,2.0
32.54831897333928,-10.00840619917182,-7.217808658990557,-0.6815850139827262,2.0
36.151877756619925,-7.1068708931090825,-12.023844756144516,-0.9125177313170294,2.0
27.569518384317714,-12.281691363128733,-9.207550924139184,-10.046933266049773,2.0
22.616869647394118,-6.872925986335666,-15.02064439270416,-2.9023721283744353,2.0
18.194438492231416,2.3752366225954695,-22.289366965767293,-1.295162210632494,2.0
19.92542199285607,-4.410798555619047,-10.524947906487293,-18.056766639295137,2.0
20.325353417875167,-5.390516603380157,-18.545220523114153,-10.399454052857585,2.0
25.423032476089553,-5.856741505609541,-12.268310645705562,4.962476588653646,2.0
17.63865300885222,-6.836186362456729,3.8505498283673543,8.822733408868197,2.0
14.103923842797766,-9.352996780831589,-1.73834251816002,-6.4334197494884595,2.0
12.187508314589078,-14.227579659203885,-0.2713468832728907,-0.5694974560756059,2.0
11.153366970965205,-19.512059886743145,-5.803301031252502,6.132954547143104,2.0
12.549913306069914,-9.756606274626371,-1.0627872214799567,-15.285692079198395,2.0
12.738893139774065,-11.88280149425503,9.321177717218497,-8.442698126577772,2.0
17.18745472285344,-19.78747220728915,12.907705430232188,-1.8585994982698981,2.0
15.974067413085915,-15.54779809532935,2.2179471700575117,7.733047990405828,2.0
14.474127961037507,-13.329690070778573,-21.295492358905083,4.01495135661483,2.0
12.646072564039965,-0.5072613649916757,-32.42022699175772,-1.937134645616327,2.0
10.262762958863613,-12.18153693557155,-19.192190249366085,-0.7741086705071254,2.0
14.645881380147625,-9.604407188291662,1.7441682470380115,0.8000605310368716,2.0
21.02849813393837,-17.10196404192753,-1.3034490740666307,-21.395362057619096,2.0
19.832154899403868,-20.762001959294473,-10.368299469986116,-28.499487877664535,2.0
18.422421415794226,-9.203516403393103,-7.952874726622882,-6.720276471546709,2.0
16.551457464673277,-16.96682494426232,-1.6846161173432188,-6.924916828485733,2.0
8.982568807143483,-17.37876747018581,10.67574029994082,-8.014344734200282,2.0
9.132897209069757,-3.9849492751572244,7.2490686253248455,-19.77354926994585,2.0
3.450769614200846,0.8930337214366553,3.9952862139668293,-8.629689857611538,2.0
7.185927185470197,0.3395712876592487,-4.812308485728765,-1.5985361673676555,2.0
10.918831663501576,-14.65755115563461,-17.440153117669766,2.7809559811999103,2.0
17.626630670766716,-11.98912005273983,-7.467614933917263,1.714966143043755,2.0
23.856323521448864,-10.473373982512092,2.2244448736609463,3.067726815996191,2.0
17.425715411852828,-10.613540717736175,13.67070625162955,1.0091393155166006,2.0
17.297864628024172,-5.212195183895599,5.63798391392392,-13.334844810991907,2.0
17.190586238354793,-8.04704001575596,-21.203277615498052,-8.041297631273055,2.0
17.455143816033612,-10.709410342747423,-9.437270327167223,-6.417826325744346,2.0
11.798204981013672,-4.513573016379489,-26.604512204147856,-5.081166513940969,2.0
23.123241619094404,-3.8320715694969905,-17.305735287753315,4.764734201970181,2.0
19.83811065474538,-1.0780244208979903,-34.83045973915427,10.646549942820917,2.0
25.73106504715976,-1.0134521254614444,-32.03594502496718,0.688900118735666,2.0
31.262319381730478,2.170234352686105,-15.289012488531508,-9.744936187704555,2.0
16.37516742426317,-3.576801087620705,-21.078532368515642,-16.441840711043305,2.0
24.912022704270534,-6.38559558618476,-19.09889100490298,-22.495768077525447,2.0
29.44140881854981,-10.389460384098829,-17.672484651239223,-15.595350560174314,2.0
21.22661270776897,-13.888906067325566,-14.94672034122474,-5.602303847372614,2.0
23.33713534501987,-16.72181467406137,7.251643838228354,-9.299703845088422,2.0
24.220711781862963,-14.648533792046553,-3.542203561513494,3.8249462719786163,2.0
23.45997269921821,-8.297584782026227,-3.2905754455427805,1.9397712372446856,2.0
26.912188034260915,-15.895590847383637,3.0901030895213846,-2.871850848649146,2.0
18.314181562884794,-17.996476961183347,-17.354586255014894,-12.814807470758849,2.0
24.941754665330873,-12.148943532270902,-18.050066230728966,-16.594844077276097,2.0
25.121159053296132,-18.94488373072004,-7.433798899241734,-4.725115167657755,2.0
24.50818501854586,-22.86918448574595,-10.724125518245174,0.10561889518451473,2.0
25.056713306025486,-12.110328905281962,0.4631648701619069,-15.088413250108335,2.0
21.21683697741068,-13.842043272430452,-17.69720679924086,-21.52347210484774,2.0
23.49073194460179,-11.369623093071727,-0.01342188517218812,-20.93129954746575,2.0
23.459675406652096,-11.93671933582251,-10.472435851465324,-19.27547991549287,2.0
26.836605344039732,-12.118574930258285,-5.631837720595472,-22.61922667123524,2.0
26.461941566259092,-8.998350963130317,-12.758126954620227,-2.9426278417402054,2.0
21.259250842671047,-0.7412859501514193,24.537444057308047,4.6551229003632155,2.0
19.934669307666514,1.6552929222576753,-18.836769672744335,-13.465208296968642,2.0
19.68686130343702,-7.052266633326695,-11.96310682985706,-20.23432072780721,2.0
24.64017202095342,-2.1752835085033837,-26.70509695329579,-9.058667306537968,2.0
22.71777338509245,-6.451770915942684,-16.714074310640257,-15.46858150694978,2.0
25.69648619061251,-20.58031665180991,-25.188484785933134,-14.980159632940321,2.0
26.815632644246683,-20.229184265279184,-29.05526418087976,-5.642912665514315,2.0
25.15261829457115,-27.092919651176384,-34.813941949981924,-2.2730202742896743,2.0
21.571794977935042,-16.526303319452417,-26.138882174189447,5.6028468054595155,2.0
26.042608474886883,-14.716225684941401,-8.707030282073859,7.2616382293842765,2.0
20.780690923617993,-16.629093946433976,2.250076268708373,-10.420680161554289,2.0
15.063709594379976,-14.910887680120501,-9.626969213496578,-8.35829803886192,2.0
17.990401719616706,-11.85215136600978,-1.4058298617823333,-0.9023823244147327,2.0
15.555486931337619,-3.7918075323220526,-12.484835534716996,-3.7400574524466643,2.0
9.542782240506524,-1.5977657056689551,-6.437530033635146,-4.121873311475426,2.0
17.337523392688524,-7.2360677380480665,2.5047852267738233,-16.707459517997975,2.0
22.524734809841153,-12.13669837380224,-12.157207574409696,-1.8325890368207105,2.0
24.037380267755935,-9.275429998188226,-36.39408366881612,-10.84507765093015,2.0
27.506912013729778,-12.587838810036308,-22.25150146916432,-8.277648498766014,2.0
27.846053703895073,-7.006906032946819,3.398277070647298,-2.561961339422849,2.0
17.520178895789208,-14.255952618059238,2.4133874481050057,-5.53090922735416,2.0
19.02339083770973,-6.0723962190432506,-9.534203342068562,-6.738194277534252,2.0
25.25245359617827,-1.7325260916145933,-13.34520119355557,-2.4664592982940468,2.0
33.64710709253055,-3.018940251036195,-8.206066291606577,-5.995167485376783,2.0
31.86341542227708,-1.9456054521011747,-26.76630772588973,-14.958621736007187,2.0
33.25500043626347,-1.5639285626952466,-19.839878045486117,-2.393291610615381,2.0
24.877222695685184,-5.264229364883244,-2.1551852056788228,-14.249682969288017,2.0
20.170062377782646,-11.314690056395975,2.788168523264929,-12.658327925234895,2.0
18.26265112167394,-25.818130658888325,-13.864686703120848,-18.650038296014912,2.0
18.334990579419454,-13.113314694135727,-19.30453414770409,-14.509445529450565,2.0
20.757646256791052,-10.29197554843033,-1.0859842919724816,-10.475045859882755,2.0
14.241103256411254,-11.091641831918675,-21.57592296954642,-11.418231661347868,2.0
15.495820778409415,-11.167376926698555,-5.713011486205696,-4.496098293175394,2.0
20.7665929654249,-19.747034710143325,-0.8028436127850647,-6.724911994450672,2.0
21.14011121686258,-8.994850306237062,15.126507003889845,-11.724465837675105,2.0
20.799625690520614,-8.686699407350615,-7.139814096613687,-20.592563204345122,2.0
21.274560866421595,-17.128293766473732,2.194544640025125,-24.774330945185124,2.0
33.79921584265652,-14.533956979393544,-3.8825864849775833,-21.65967017142253,2.0
28.052939145155435,-18.618274951503025,-7.950159428505182,-14.428200816955426,2.0
22.317800738164703,-8.865274041034752,0.4929389486104325,-10.22623826964682,2.0
19.54801958829492,-8.242795055052417,-22.086265432610602,-5.895311425137814,2.0
19.730177014201534,0.6106405043523777,-13.841726252564262,0.568453904451041,2.0
20.403403312699126,-8.280268248369365,-17.61664534240547,-9.287839987332772,2.0
14.839920360985705,-12.4625486573902,-36.31122167695986,0.12389404771541557,2.0
11.991409690806918,-10.866849398993272,-26.835842473613447,-4.823788176998393,2.0
24.961591708472426,-5.166438607755563,-35.742082374967914,2.2915924607744227,2.0
18.175316093432258,-2.50271891515564,-28.576990059233182,-3.9863782868605107,2.0
15.164465220417062,-8.28958549730282,-38.457356822683025,1.5260998427464472,2.0
12.328567878077486,-0.852402846698487,-30.37973778630475,5.262975834710929,2.0
5.379551665235134,-3.839909835378423,-23.94057025628758,4.877845610893701,2.0
17.823669312073083,-8.825903793669289,-3.746591529846917,2.677435343924845,2.0
13.367925785095036,-12.268878426067062,9.260397016913519,-5.454789684411814,2.0
22.762507049077435,-16.494096961710262,20.38255289364362,-3.7842891552827105,2.0
29.856749347877297,-19.63616321980644,-7.600322726959629,-3.8379335390656655,2.0
21.8096062325454,-14.464176021812445,16.681197658913565,-3.1256929845237877,2.0
22.33675496003628,-14.905037215985917,-5.505227524889726,-2.177514143239635,2.0
22.076602270956208,-18.859164439544546,-17.48185076215493,-4.548461118706614,2.0
35.23434537064354,-14.501577260710604,-24.716274961885112,-7.612790056944077,2.0
26.45494713816079,-19.90937856872629,-5.652813163223589,-1.9003840172535842,2.0
14.443659429518428,-10.470797810773673,-17.12365178564537,-0.3648211513455166,2.0
13.166580618738816,-13.792729258667558,-26.69210258608937,-15.387213628529324,2.0
17.877061660527055,-9.038061966355823,13.894779466570778,-2.1792802637406776,2.0
13.17565726241875,-4.11477386653032,3.1838024541273775,-4.439244265589451,2.0
22.917703535397777,-11.011887108383934,-6.750160688801148,-6.573989111081216,2.0
21.713636726664586,-6.541290695095753,-12.673545401246237,8.186423850114583,2.0
11.22395036679325,-6.86834907400991,-12.37753995312973,-6.330959220327607,2.0
34.08191293976479,-1.450576121473972,-18.112336242685007,-5.68593282229407,2.0
21.406114804515816,-4.068540467654431,-20.107928691299524,-15.206551253321155,2.0
19.581825678929718,-15.142368718573938,-9.085301681605193,-14.042789644034979,2.0
14.595525854774824,-10.091920743153448,-14.538700135868734,-5.499000732209909,2.0
18.008240793306687,-7.021134964757073,-8.591397475308376,-4.826725393208736,2.0
23.914118239724427,-13.360139126427962,8.445952336789716,-2.3949409637105177,2.0
28.51534840602113,-11.834774401309847,-19.24804754964091,-2.444049865020962,2.0
29.286246219615343,-19.807400213695544,17.68697569070799,-5.60523132492458,2.0
17.060723739965898,-18.763535206695092,-10.27629559108793,-18.000200459166322,2.0
31.199508249721006,-19.48758076886631,6.312939549887867,-11.667912099770481,2.0
33.50936443162693,-15.377224665661375,-7.253263909353308,-19.807706705251437,2.0
24.654542092774314,-7.776649411390385,-24.517892376098153,-24.417688644758762,2.0
11.672294510445663,-14.279181414081696,-31.952184474249044,-11.071893016532005,2.0
8.484191986921934,-6.375364724902494,-27.730116859960482,2.016242888197038,2.0
19.07028736205426,-10.531085552001077,-16.4855385506235,-10.314968655042154,2.0
14.765427072294406,-20.324878043605366,-19.676617734829875,-17.91043578686159,2.0
17.62528857534318,-19.16271777096631,-3.2121980711402944,-14.861423079416717,2.0
11.531349884660093,-10.635796868639801,-22.840526891410942,-12.0894816820284,2.0
13.477915749710114,-14.21209944673478,-34.03071229200648,-9.014281788316502,2.0
17.92394654317596,-20.33594429315056,-8.934730313359763,-19.723291212039225,2.0
12.10586871778251,-6.989993107482716,1.0127484699479363,-22.619200050095593,2.0
16.82713781017239,-5.504698437881268,4.144460050036494,-15.63979266500839,2.0
19.393427379718055,-10.81772095652045,15.871158897475064,-7.041332139392351,2.0
23.917295065068448,-9.704874260186234,0.37169050419305893,-12.71592071621054,2.0
9.865274067047084,-9.265188896708667,1.7072800835898199,-1.3250659915997423,2.0
24.038662061951758,-13.727179818248542,-1.332582589340101,-5.764618702732486,2.0
21.289514787758502,-12.001176917790048,-26.179813174635562,-10.043541915683726,2.0
19.654880710442622,-8.394410766210399,-1.3098525010520827,-5.563000260722929,2.0
9.978462821520296,-2.5149898129244903,-1.592696967762862,-13.20136519351965,2.0
20.210551476582825,-10.776505253702998,3.1953012604428483,-7.572514702070556,2.0
17.985382902052862,-3.4789313401149897,-3.150246764919671,-16.033118393023493,2.0
18.638392092484665,-10.214471483737388,3.9643195359469265,-15.344975938739143,2.0
20.393237814360624,-18.0494515938181,-17.659409533419982,-20.961551451358865,2.0
16.270724234482532,-13.096687850959345,-9.081153057101506,-17.58879921924362,2.0
13.003544065952493,-17.484556147569002,-16.296835610709675,-8.430879734504463,2.0
14.392437176085906,-11.064421014644301,-12.245255333498399,-17.092933054914283,2.0
8.635337844451398,-11.717550277978688,-23.346914849685376,-17.51023103600451,2.0
12.414486707570518,-4.83502880234677,-24.14805280322534,-7.393557296520498,2.0
20.397366831783625,-8.13541551202622,-28.00690752284296,-1.6069118945131269,2.0
17.391807623838684,-12.372662800068591,-25.895294367386644,10.283077076569809,2.0
29.539751944531258,-11.504377310231561,-13.431450704252272,4.761475247053769,2.0
25.827654646034908,-3.580622838880144,-17.275029926379958,-8.975819671870907,2.0
20.673932546466055,6.4256454786423385,-10.87492381043479,1.2773491929332135,2.0
22.140356071133215,-4.936840781670259,-14.416049558179727,4.343015254033524,2.0
21.28797945148539,-1.2622081247553227,-5.555742354327092,-4.314058535360988,2.0
25.3428802069218,-0.8571239088314311,-2.9000182611261947,-14.340890845051867,2.0
20.084965698748906,-1.2777099886243422,-6.074655834790077,-7.975348096343398,2.0
24.146240637186427,-5.615076294779939,-24.80397643292259,-12.294297214482262,2.0
14.439395642634404,-8.885416299539111,-12.393638211011961,-5.273206987102609,2.0
7.053930143292277,-14.167863405864619,-2.3777429624723716,-8.091095897686378,2.0
13.038726308948352,-16.50399024761045,-11.881233521434893,-1.2549797674360654,2.0
4.787717295450165,-18.808176712942704,-8.340626730723791,-7.000136543963569,2.0
7.680853140177902,-14.57739943077233,-12.938432288944362,0.5373080445177552,2.0
17.442248147219612,-2.9375709497550746,-4.1852242802487885,-12.884144993535799,2.0
18.423282491491797,-2.9779863980862262,-0.9428180496490715,-22.502617102569953,2.0
14.120350121458191,1.9778931612135713,3.3385568896992863,-30.89080802805921,2.0
11.588911783289577,2.9283856234144707,-21.430676085262483,-18.978492146902184,2.0
18.111225815609707,-6.646832112034832,-9.67175217710404,-12.475714405849569,2.0
24.58021741728225,3.766203638999139,-10.137227435701872,-10.408404166527143,2.0
27.182360794692865,-3.0766449350075344,5.124928400555755,-16.08832180219364,2.0
24.301129174098996,-1.2764412059209658,2.908671271546851,-15.052831303609832,2.0
19.929454369265763,-8.432548826676026,-14.078677346177942,-11.60387130979609,2.0
18.137576089326906,-12.463452515525546,-4.863737673581895,-1.108183614163278,2.0
18.874446630780955,-13.464708255193981,-9.492691206811323,-14.902151081577903,2.0
13.78225038862756,-4.715189360892682,-14.085550568568898,-12.768306730947318,2.0
19.40300518451065,-13.160456271080383,-16.427056484058667,-6.6214287846494795,2.0
20.42220004685894,-14.895724162647426,-4.27626521531824,-0.8412070380474859,2.0
16.30908436405509,-8.563487621983143,-6.883240139219222,-0.4192398370322259,2.0
13.290961605370878,-6.937257608392981,-21.357262949745298,-3.7321559270510756,2.0
18.941706197411204,-8.652614851471132,-19.289885144440778,-20.83774407181873,2.0
21.251606671646545,-5.434440169201597,-12.475856634605673,-28.35191624488451,2.0
34.37668845352211,-14.00341256156391,-12.88834816373398,-20.969572377944445,2.0
30.972799399912418,-12.265895966980962,-23.67232791107085,-16.05590141840166,2.0
23.35559838444242,-5.560424570708218,-22.11236220705236,-19.379169674314568,2.0
28.066308959164484,-13.949912820717245,-13.346557042037018,-35.45385154340009,2.0
23.98422691188951,-9.581606029139998,-10.855650903291275,-26.578498386154955,2.0
17.397067554227583,-11.365525850381175,-18.33820333189841,-19.99925216965462,2.0
12.577582977662132,-17.454709146162585,-7.560545815462367,-8.306261922043984,2.0
12.049283817084877,-20.403467574299718,10.393961487376664,-20.327031449552134,2.0
17.033615326303426,-13.199710402131338,1.3887219678997358,-22.02405456263431,2.0
3.2537537124011067,-17.765462166049495,-2.971965044845717,-16.612922288920643,2.0
11.196186252767083,-28.308365478863188,-1.154368055323463,-17.40219297106159,2.0
24.26466946092047,-23.754789614609074,-0.03200390345937265,-3.432809090535228,2.0
16.223948585184626,-30.670196086366268,-11.040946591355297,-0.22612698750887628,2.0
24.942471645383836,-16.007404628428976,-13.092703306256162,-9.576075005169601,2.0
33.37424400395436,-16.269398063001113,-4.931346273149938,-5.848638664452704,2.0
22.60273463051317,-16.5713900581054,-0.6655697267131817,-7.86459492830121,2.0
28.768906315484315,-3.0656179766432654,-10.80583219501772,-0.36506564496399996,2.0
25.482888174315597,3.0731161761707853,-10.456553428725936,-3.4417802828608757,2.0
23.692489178355224,-7.58233475918343,-20.008521670140617,-3.0436358116073112,2.0
26.78937314631495,-6.59886593860728,-28.410204064582828,-19.412398465633956,2.0
13.407283180338395,-3.4531142728211996,-26.37305028272178,-13.8989191476172,2.0
16.54143786926074,-4.268956366759513,-32.80604084331657,-33.794380716578104,2.0
12.809135436736623,-3.9093756941981876,-19.949691548736396,-29.351259015764235,2.0
20.240571658067914,-12.42929405900146,-5.00845705521253,-34.66718852504047,2.0
13.42112333333137,-13.839664048901716,-2.628378491124602,-20.196800385476642,2.0
20.503165164386846,-11.247161388754211,-32.76793429415173,-7.20134777168709,2.0
15.17745100227668,-2.544270453608254,-17.52290397308907,-5.873875591268556,2.0
20.067454639274295,-10.322177961065275,-16.312948889582692,-14.115605292029304,2.0
20.278415544683657,-9.88624952202989,9.537391103679406,-6.581942186599873,2.0
14.122429847685837,-10.284095840829249,-7.063936327067561,-7.9640416693012135,2.0
23.31358716104655,-8.482282328296005,12.477606763501477,-5.309569945429638,2.0
15.60081728899203,-1.108211083590417,8.026066637737081,-4.501611701242095,2.0
13.370338309789748,-8.442012119165234,3.280441656596098,-6.718791537729862,2.0
14.460603641329163,-3.0655710410372268,-9.611332393106506,-6.627264216091487,2.0
11.975579801404496,-10.526624576494966,-4.539985342052968,0.33186302875089524,2.0
19.330108105885454,-4.485463047350025,-22.640933291934452,0.5149193701553565,2.0
26.142237956444397,-11.595242667247822,-17.076491428883834,-12.91028593085393,2.0
8.67998424053,-15.973827325252463,-31.96236518683002,-9.162283006147646,2.0
9.677329869693047,-13.111518781661413,-1.4962761760423753,-17.110816520221057,2.0
16.88293122449653,-12.398598062422085,-1.5073840175110487,-12.976824567072196,2.0
11.206380298144861,-13.107755027726355,-8.843286509955782,-18.002923708363298,2.0
22.70766128661591,-12.997497007411578,-15.273062965734622,-6.544331459869822,2.0
27.074870058841242,-9.347293673725636,10.115627629437897,-3.6876244136573533,2.0
15.029450551462695,-15.574483468858828,9.032135927954538,-8.57223732861592,2.0
27.21529479638924,-18.101341228214373,12.946317522325486,5.486752379474867,2.0
30.47717654561516,-9.832365466895784,-21.129366985143445,11.244223783069344,2.0
24.462922157706878,-0.8144925839461354,-7.396458541924323,-4.5783826064281445,2.0
27.705388062822013,-7.353486013724089,0.11444976446267052,-8.62574393524457,2.0
14.219999577589213,-4.201271191913435,-9.115129600189029,-13.732399453581367,2.0
16.576601334141035,-5.646979145791914,-2.1973003339653108,-27.089384706061395,2.0
28.10517330726274,-15.235059858860168,-11.55868125759885,-21.382439821216572,2.0
23.69310399905823,-9.300921491738574,-6.83763555703684,0.31721755114543093,2.0
18.442638813522663,-2.267611942657261,-30.62187876846103,-7.208906264450578,2.0
13.601845679113547,-8.018599122461257,-26.219555703588487,-16.01662885642269,2.0
20.719621297859877,-4.416994641044082,-8.744587474544199,-21.60073522603531,2.0
23.30129001072068,-14.509471362465987,-25.501162216239923,-9.890087809212694,2.0
24.057227421741086,-13.865589569984522,-25.78458440984718,-27.743567272471566,2.0
20.98839617754451,-9.2761004478992,-18.884012845979058,6.710456084225402,2.0
25.63163515148811,-4.561358553912581,-6.8687921444414695,7.394117233938377,2.0
21.3947684789921,-4.799853950448831,-9.33754184507664,-8.035975084469555,2.0
13.760577979609439,-5.537390969502534,-0.25624636927533295,-11.050181480482351,2.0
23.786607696043905,-10.307884649854898,2.9781992656534,-20.592213402620885,2.0
29.395927905400633,2.06742991425884,6.150465595417545,-23.587058307395385,2.0
21.94087771029717,-7.05234768620684,-2.576198650034055,-14.327677896925493,2.0
18.934080572768018,-2.9597916034949074,-11.567409102923303,-13.656557309689338,2.0
18.22862002295637,-5.870971302559641,-17.127747608224666,-5.043689121048223,2.0
16.811851500198014,-4.889907594340585,-32.128097577922595,-17.132658417027194,2.0
8.907221163027831,-4.310243067227861,-16.303851565066054,-11.610080615254802,2.0
16.56691935181022,-5.179703426339251,-24.675756804298175,-21.819716920073404,2.0
16.377481154091484,-6.802438294006452,-14.89345862470913,-13.976632384800475,2.0
18.379688947085853,-13.867649664003698,-3.8007558919490307,-4.571061980764334,2.0
15.116502615198334,-17.122786718394273,10.824944456941353,2.71692702200351,2.0
29.26009900308094,-20.800076393084428,2.5971355907055482,-6.666600559869993,2.0
20.092226897709967,-20.252288705155046,-4.534224594318811,-15.314069118134512,2.0
20.15393557830005,-12.644363045588385,-9.027390983476554,-7.302272327240223,2.0
18.7857659032163,-7.4502400399732345,-21.289153979609797,-9.050938263449428,2.0
16.242634943134487,-8.987489120590823,-18.393839232092617,-2.570088658202682,2.0
11.067765760370746,-9.583107868620857,-18.51723452667143,2.4805781426702307,2.0
17.06422633120661,-10.296038841667674,-12.061447206347038,7.76477833207893,2.0
14.571011305192878,-3.9548130467207567,-14.760354245680286,3.2286996106374684,2.0
21.9168604488541,-17.10345965396129,-3.3233603387742185,0.77725195857127,2.0
14.751466253420231,-5.564592971699566,-3.8958625452723297,-2.3041373022041847,2.0
14.578404677052234,-8.94698689191673,-10.00011574930654,-6.415532227363921,2.0
14.61053850260049,-9.773783320779184,-10.06224899379369,-2.792731553448215,2.0
19.195370742369146,-13.851306213369796,-20.159335282664397,-7.604130081854009,2.0
21.576657011032797,-17.58089357354475,-15.493248424865033,-14.112857644888237,2.0
12.101504153095439,-13.150701786275643,-11.220048604988374,-12.528504209035113,2.0
6.909786893761073,-12.994343010044712,-15.637328622875538,-29.664647949281143,2.0
12.318475172944666,-3.1516772434473825,-8.701624129744564,-14.42715334353243,2.0
13.887035467664155,-6.136532097842083,7.809967124227212,-13.900241769902511,2.0
15.056383526457653,-6.868036743350428,2.5176839089956657,-1.7642484455773273,2.0
19.400924941043662,-10.449191591341746,5.461084248872792,-11.380147086808643,2.0
26.663632668308853,-7.514636767878509,-2.9465806480710324,-7.769957631059384,2.0
20.181247668564005,-12.583332540337036,-10.291399049949806,-15.644504853213292,2.0
18.37698285361907,-7.658489477897761,-14.944567743557137,-12.243404578325775,2.0
13.793805710882264,-1.09782003209257,-22.180439984016438,-17.832097022878095,2.0
10.401296370035027,-4.30069322698775,-22.48124643691504,-9.99831054570343,2.0
11.505122214278355,-5.629923161649428,-26.987760932892925,-2.2541541092328163,2.0
17.11403799742314,-7.239787652061756,2.9586538791493506,13.36103879552541,2.0
16.344213877350033,-15.71075362025608,-2.595797018259478,8.68935472512042,2.0
15.545894525922968,-8.271051776731593,-16.55651435329682,-5.231017968429175,2.0
14.433620422794725,-7.2415568785323785,-4.995015002970943,-6.107747957329745,2.0
26.646811219852278,-6.451281519718167,5.4628622358391805,-12.616189576174786,2.0
14.14517644299087,-5.002257093377676,-14.573818140297227,-12.553535148852342,2.0
20.21541405454131,-15.505939689456014,-28.016513680490174,-5.053266877416592,2.0
14.667494984015999,-13.330511562145059,-28.29025263867117,-16.898426967868662,2.0
16.384849889643363,-12.354180100023445,-9.757905601445762,-7.612943459851773,2.0
19.450439241623283,-10.686298390997681,17.257569492782725,2.768965571199516,2.0
29.60564897248814,-15.600966993180919,4.6330260491698505,-15.88050483245835,2.0
24.431732420078227,-13.94535638726629,3.5990861649860726,-7.97807469698727,2.0
16.834895514347963,-14.587981117328988,11.878837009821005,-14.575613486638767,2.0
11.72191032484336,-15.063966701063432,-3.7939167349288114,-13.575321188805141,2.0
15.31204690925987,-9.670164216150184,-19.184835911224773,-11.862038242244775,2.0
17.542164644003424,-11.666497049957485,7.407590530806367,-10.608618079179502,2.0
32.52086849318599,-9.32005652932684,-8.909851228169506,-27.096520850387527,2.0
37.93802415217929,-12.90429321112789,30.587291968938423,-28.519133098397287,2.0
21.709632811618906,-2.741539753304088,9.377527163337195,-17.99639028085827,2.0
25.921759275049833,1.341866277280669,-0.4409054086902833,-11.992921524185201,2.0
23.550038594750085,-9.980150895260046,-12.0606155344247,-11.503962184901118,2.0
14.06182028765981,-6.017183518012074,-8.220738551932497,-1.235631314478784,2.0
27.598293817569534,-12.666303103777324,-16.36729024022923,-25.491833830638143,2.0
34.81093246150169,-11.395853838523646,-5.851527453148299,-27.283072008197102,2.0
29.82142700341012,-4.527447160318753,-18.633095836743188,-17.269375706378497,2.0
31.318086724923468,-19.729563843415356,-15.086817338712,-17.453586271946705,2.0
25.633304975402957,-15.759019905755935,-1.1858371984549798,-26.032192325155137,2.0
27.844183140537396,-26.496100532103547,15.844352110420251,-24.05856220177632,2.0
29.38643093622334,-17.92853622825048,-1.4537374332014803,-16.274431043754934,2.0
23.875386734145497,-3.3954631369510384,8.649426720737306,-23.91202800724659,2.0
18.76214092059547,-9.590111802462367,-7.737791381831717,-15.58479092683,2.0
23.36187885530708,-4.388116446124947,-4.3991199969541,-13.304008170611361,2.0
19.080471137217845,0.6197203477221773,-6.396312095200646,-14.781272587625764,2.0
6.143062005097331,-1.0728350798964845,2.7374981864718055,-15.27245479695868,2.0
24.65616798006505,-2.7290874654723556,-4.756645886205125,-3.607630235879661,2.0
28.5527473677944,-6.650585805856917,-13.86504615197789,-5.386916717307306,2.0
16.99913677666423,-1.113514367414231,-31.656637942516692,-4.602437442864729,2.0
15.883705869265386,-16.107765946184724,-0.26683129020721097,0.6243265586867781,2.0
15.477423736694824,-17.89810328641878,-18.93724835859541,-12.353555924465898,2.0
11.645011715138974,-14.856628058423519,-20.879889225440518,1.3684825538110839,2.0
19.42942887586515,-9.39412949544589,-31.269530935030915,-3.0245671708538735,2.0
12.122339007232503,-14.85027573585884,-18.054356975728872,3.917540561084385,2.0
20.519874632026518,-8.507162043042921,-10.029984227053877,0.641226253756237,2.0
22.595069189773106,-11.8740706035157,-22.6451460000605,0.25158597656751525,2.0
19.712145901119897,-10.519103825354193,-3.804521232412675,-9.636122702208393,2.0
22.54015880505228,-18.621672904539768,-7.263569165681473,10.026122149735837,2.0
16.73194201915475,-10.731865143488822,3.012632311347697,-9.28972585887408,2.0
16.730312371112635,-9.910031379602966,-10.252806496316554,-3.517663956834266,2.0
18.757905585792653,-7.296633513772594,-11.552540385881006,1.1537400349505278,2.0
18.723940467733673,-11.76090590206744,-12.65832204790208,-19.333293473863712,2.0
22.515205008114304,-13.886459893322932,-16.74876929030673,-19.36019080873713,2.0
26.911882072165742,-19.77905991139799,-3.1773345089639915,-15.01276842145887,2.0
22.648215270167285,-25.832266755685595,-26.796098625414537,-2.5294444302655745,2.0
19.12520866241187,-17.960277662353686,-24.808733035852796,-23.90081287648116,2.0
22.471053960051453,-8.783236790998156,-29.013027422291568,-22.73942552087353,2.0
14.669627608521342,-9.574712463775898,-14.972174114649222,-9.703672233478205,2.0
26.07306735963377,-11.13779294216685,-11.162243327075636,-19.152611498484017,2.0
27.885539585242952,-0.13620575353137276,-14.685717275052562,-13.500098672480682,2.0
15.721019633647131,-5.820033278687061,-11.555638956610814,-10.40655432821201,2.0
18.48756927406663,-0.6024724475179175,-4.95662898064476,-12.027336848823245,2.0
20.975085491675543,-9.686229345454349,-9.87834433060381,-19.266584271968373,2.0
20.04907514869935,-4.67542798217508,11.572242898964436,-13.707088951265195,2.0
22.80438926377111,-9.599777763192824,10.466004948055321,2.3792968667602246,2.0
5.770798319159386,-6.730209402642847,8.597104702175578,0.6332284580730807,2.0
11.57477582661355,-14.911796749153883,0.9904795735334702,-4.1401923363484805,2.0
23.722349380699463,-15.42322694861375,-1.548151538858626,-13.040460812070467,2.0
22.699872030626715,-14.687143968409693,-1.4358061308854602,-12.046752753739076,2.0
16.274909160778,-15.978304501709694,-12.746823092479396,-23.226101981493365,2.0
22.41158773619453,-14.38599445410515,-27.927026197612022,-24.847488912222406,2.0
17.055029802589505,-18.472005970934188,-9.73596700657167,-8.766387150033776,2.0
21.01570310122995,-22.762774507515555,-25.44359759955168,-5.4510983133067725,2.0
19.85867103769134,-5.9010777631005595,-36.58155232904213,-9.357017455869283,2.0
12.798913481278355,-13.884287029863135,-20.734828738692475,-2.7067230661789914,2.0
13.11076554799773,-10.207115874993038,-26.812462937614015,1.8092052300474712,2.0
16.716912133925454,-13.85469138425794,-25.592122293976594,-0.7067542827004984,2.0
23.372904302435664,-14.345588047016808,-23.609295493688215,-10.471386155000419,2.0
21.847865384222384,-15.836715282101578,-11.804526580711688,-13.091311289917819,2.0
16.633055348580683,-11.09270696601207,-1.5972547865745383,1.0672149305188814,2.0
15.25358655076762,-12.593154225139706,2.120822918518158,1.7586587171738604,2.0
28.253516783514044,-13.304269581588676,-12.561907675749602,-10.058237662289283,2.0
16.397204953232272,-11.188331726377356,-17.70202798053798,-15.214274373360949,2.0
30.77558775700159,-7.666960169008231,-0.562510908999382,-8.219158000707393,2.0
27.738253933375564,2.8230156000657765,-20.477729151898096,-13.701785780645757,2.0
15.334233218342465,-1.3927147799845958,-38.32200856555872,-0.5023528705403084,2.0
19.552540121142812,-6.181159835678849,-28.02875429315428,-7.83932082675392,2.0
15.764628900549464,-6.500956578770802,-2.2210253042880055,-9.38064150027341,2.0
22.858201497977614,-3.943199366772106,4.305486614177459,-3.6822896566090932,2.0
22.456226848083148,0.6677016892177186,-9.055895128821973,-10.857636070566471,2.0
14.98017151026145,3.0512233776059006,-4.552279765931109,-21.020850814288437,2.0
19.59372618884574,-9.53305995097514,-17.123237141393716,6.056770188414483,2.0
14.05426709390487,-16.11709611306006,-13.27799640410985,-1.5604820858027986,2.0
22.201741360150915,-10.325801111994963,-4.649887726104556,-5.837849483801465,2.0
26.066937096707345,-7.128345409406485,-24.737404895556267,-13.770732990064879,2.0
22.975083318663184,-8.79090602991041,-15.384740761963137,-14.958034445646907,2.0
14.294500697266884,-13.677078074366161,-10.792742992786161,-9.871321876546919,2.0
18.910562810186637,-14.348883885133846,-9.108529598284612,-14.587697681552111,2.0
20.060648380297454,-11.289097831574944,-5.379132365533181,-7.5402449900332105,2.0
12.929520286453837,-3.217127009598207,-21.876622258238243,-7.313526234265626,2.0
15.793467139764312,-3.5144318716676697,-8.862924301623233,-0.14822198984322732,2.0
18.482057311604287,-3.1518636316165463,-11.474168508563592,-22.2873560074218,2.0
12.985332664940627,-9.758557616998186,-9.14877860800695,-8.394086861641444,2.0
13.202359936667202,-6.173274109883612,1.3222430826376605,-9.49023819780087,2.0
12.434709636452347,-5.026127589736921,-0.29556409632487934,-4.017441215363485,2.0
16.268116740410726,-9.632564230985995,-12.263622208849718,1.8217742912460437,2.0
15.115086694896164,-21.853226518942037,-23.98728102428946,-3.3501028749671597,2.0
24.236057453644563,-9.298496002193184,-25.81961476334093,-10.863404142502908,2.0
22.064364222783617,-4.319986798204486,-28.781821111446362,-5.267830767672912,2.0
16.686109824399278,-9.252248935564074,-27.043503785147543,-6.55726306958353,2.0
12.690313251177288,-4.765023004056502,-25.244264412900748,-16.257624108145258,2.0
16.887881825417075,1.1208093202706824,-16.679435616263,-13.214750635621378,2.0
20.31687265788056,-4.135414537480235,-27.730711129681954,-12.788310724290925,2.0
18.07295929418976,-5.639211825913143,-26.68906006703107,-8.511815991577405,2.0
23.695427264773635,-7.138102649506604,-8.391858997118005,-10.849487155140705,2.0
24.571993329169494,-20.9076380384735,-0.930543722022283,-21.979547172657192,2.0
16.79370296314266,-11.737039878854382,2.989279129189365,-3.9058290414573005,2.0
21.621408361262286,-16.998612299633475,-1.7926430688646278,-3.1708133772253735,2.0
12.990319075358233,-16.645546921535722,-8.83105815424798,-17.580439192938805,2.0
11.774487512521235,-10.822592990993538,-4.111638733578628,-3.0265614646266936,2.0
18.377745075974552,-22.043289086692045,-13.932028318922109,-4.301250032901181,2.0
26.36332167575525,-20.691102528871774,-18.054234976739608,-1.795240595974132,2.0
24.27442832517758,-3.402358725415213,-24.597643863923665,-6.689884934379875,2.0
20.568624838048642,-6.981478445261606,-25.52370344487252,-0.8959308895176026,2.0
18.37574578522376,-10.42397399524814,-27.20196386723355,1.704284867821955,2.0
21.864213954106173,-3.1621700646997777,-27.680769671123144,-4.334977415995136,2.0
20.634381383450126,6.273510501842181,-14.632254495254298,-14.713774933233799,2.0
17.047037507153313,-6.130441908827942,-12.65529818177366,-12.631013860388071,2.0
6.515014700921316,-12.90008302911555,-17.948062121968043,-13.902833885301437,2.0
15.799422284410792,-8.034717013385297,-31.398318063138596,2.34689694704338,2.0
25.01086441272498,-7.157986818855997,-17.038915725778974,-7.349326952802942,2.0
15.67617963438945,-8.559325913545589,-32.827491528130736,-12.540737848801776,2.0
20.939672295736912,-12.229936903139432,-20.644462151413627,-7.3074252203680174,2.0
12.35725647038101,-10.74899192041519,-5.179142041857487,-7.161388479358864,2.0
22.383226527175292,-8.808040989273245,18.16158552594371,-22.053742623205054,2.0
19.71216553234437,-13.361336710681009,-5.366348231077215,-12.967742083300834,2.0
19.547392477648632,-8.204221619342391,20.894693340402842,-2.262979771160662,2.0
15.48452402500035,-8.160794353230127,2.1618577594630093,-4.196432137757975,2.0
12.416152911723195,-14.257295402389575,-5.676807440527881,-10.016455958798028,2.0
13.668991526791572,-1.1318509521818978,-9.87510685807505,-11.605763584223176,2.0
12.413903472813727,3.6128052457123703,-14.225006281085781,-3.0093114603024054,2.0
24.198682397493528,-8.136348020323924,-25.595680972073012,-14.013700633897589,2.0
19.915688513673985,-8.112785026951027,-27.632418280716934,9.52618822592491,2.0
22.021092161254483,-5.865294704941062,-12.840958647393316,4.107760572915891,2.0
15.177680757947837,-9.440334487429213,0.3268594730684775,9.992681241422902,2.0
23.892562153658044,-11.681930304926148,5.8440577620213725,-9.490859046459068,2.0
18.991713852420634,-11.040918939136787,0.5765681621946084,-11.622683348220617,2.0
7.200167400439355,-14.227841001993024,-22.73261669396034,-6.251427699954557,2.0
12.200967791962608,-11.703416288047425,-40.909633814905675,-23.682404375757407,2.0
20.118782146663,-9.328407278711541,-34.74217130498849,-20.5731353460695,2.0
21.64967760823503,-11.8727179023179,-26.479169373480808,-19.683924852858564,2.0
19.414856178650318,-14.067037681208243,-27.850131497303096,-15.692323022956536,2.0
22.92325886450696,-8.325699389333565,-13.247073502244866,-23.688300041909432,2.0
20.813146334940782,-5.073295243517675,-6.9963521862124285,-13.907087149138999,2.0
21.870299023326034,-2.5988386472602434,-6.06816627659253,-13.243034301379206,2.0
24.40208428766824,-18.301793650202242,-10.401345089270093,-9.823326281538822,2.0
5.645236452413247,-1.855279159989525,-12.005128975759991,-12.916855433271246,2.0
9.53795940928764,1.9518245979252669,4.732043699133124,1.7170279436370777,2.0
20.360845062913533,-3.0698411783165884,2.8176977104542864,-11.681984422430622,2.0
12.887974376827696,-3.6417922092051036,-21.00479640293404,-21.094559384922857,2.0
13.725003683324697,-5.878634430224089,-5.2373571864477615,-17.534943101445396,2.0
16.985462741466353,-10.179843122335358,-8.218572408608402,-4.796456172077464,2.0
21.294085596404994,-12.592905422575711,2.2914819960576054,1.4928378324032376,2.0
24.403206662359,-15.142748113614786,-7.986407736568599,-6.622824220955855,2.0
24.93263047496509,-10.515635859485862,-4.517777087081078,-20.776295258492052,2.0
35.81260959047104,-6.897233808026221,-18.2965100392196,-2.859646328722599,2.0
25.473804745715583,-6.883219494431351,-17.170413628355114,-7.967587770270979,2.0
19.348927653541303,-7.989641248550593,-2.026466249713545,-12.297875494332157,2.0
10.40959631420948,-16.676647319610836,-12.244557058404403,2.7374204689612203,2.0
11.289595972402246,-25.32859401782763,-13.41319592763064,7.2647907869617505,2.0
15.091516131217992,-14.636743497122438,-24.59881138867889,-8.233876417277559,2.0
19.58071416449189,-9.448222271519114,-1.7322942876484078,-11.140013018406504,2.0
17.538881247159406,-13.279523447345413,-15.286669406449832,-5.609678943311364,2.0
13.901219659726706,-15.480734194760888,-3.8886205352489203,6.817385135975835,2.0
21.726976823341726,-8.810294721655923,2.2889694661159146,5.317353491643279,2.0
24.639906463611105,-12.80828855784269,-19.327456082795898,-7.824836017969256,2.0
20.831743074921306,-6.826435254584991,-0.9159400586082738,2.1979012971557186,2.0
17.64133538982142,-10.3272426470544,-0.18458539682742092,3.5293722730314876,2.0
13.496983489883338,4.491286917127219,9.09127636640666,5.337754795126035,2.0
18.197910914519856,-8.997369665540877,2.1929430567425694,-15.322314325468533,2.0
15.154978933397679,-14.370597522397091,-9.590302115497714,-24.023707608510946,2.0
12.28291903344214,2.101516545450762,9.148517330445397,-16.499216972629284,2.0
22.66636842850254,-9.920546759902788,-5.894562442303905,-8.88911696656007,2.0
21.51917041662981,-15.475322068370591,3.293171993126643,-7.642127354722129,2.0
16.195909979326796,-24.723560491260624,11.106885017282288,-22.650175919333638,2.0
13.580481370885295,-27.50994914452054,-5.66303626475343,-22.63376738740426,2.0
12.025920088668329,-18.623650575174477,8.020562344848983,-13.340679098865891,2.0
4.4193399941565055,-9.411107499933411,8.205285572302426,-16.84668205470986,2.0
11.583342521645395,-6.823315439636796,0.492444917949193,-3.733224098805204,2.0
8.20575933305219,-5.436568306601648,-29.405126176082867,-10.99745553913574,2.0
18.653181354316537,-10.408669865368257,-25.760153867569393,9.509601509898921,2.0
15.086856678573533,-15.670573584191756,-25.067230019643517,7.963553033895715,2.0
14.683625823735378,-3.4219159455895296,-17.41156237103331,9.969745438641072,2.0
14.406583064508085,-2.4535728985487415,-23.212712629414472,1.2570704898035976,2.0
13.426570051446923,-9.38338009895234,-26.995938201420852,1.0774406613417753,2.0
16.074019414101734,-7.824218314614147,-19.488823409516748,6.09461127813036,2.0
12.686418891298834,-10.274540019897293,-25.25952653479452,-4.881559492569191,2.0
13.336824640448471,-14.388481687845902,-25.153596465871196,-14.421958021635065,2.0
14.781685372726518,-11.45199551234718,-10.732564680455273,-11.957545324460376,2.0
15.001394958793302,-13.080342810803387,-15.324313543056634,-12.70723954162929,2.0
20.024900829114383,-13.175209795673451,-21.488155995100414,-12.861641224896143,2.0
27.554708322705068,-7.007144873073286,-19.81939704699359,1.0675514157988308,2.0
19.716632125996266,-15.997958884190329,-9.214836272435585,-5.904963806285301,2.0
20.430162881758726,-15.704981263205203,13.011992302549292,-12.92078809023592,2.0
18.264437807590333,-17.08127365583158,4.876084552289223,-13.073197114731629,2.0
20.88605561636699,-20.214664860435786,5.908620682184173,-6.85568506840251,2.0
18.354145304277292,-20.022095582618903,-14.145339066007914,-2.7308350969356425,2.0
-1.6677011275936833,37.217354663591216,6.262359179022257,6.223779858353529,3.0
-19.734978160793833,38.070651299871045,7.781079851921373,5.754943806845985,3.0
-4.340321538435466,31.422426658823525,7.820551781356615,4.768695118273929,3.0
1.9814133769570628,32.44883814367858,12.130236740168765,8.81527123096343,3.0
4.840404595186141,16.42834637972473,9.420484300517547,7.44853306833598,3.0
-6.471652366551777,16.564746543087118,10.396050121320357,5.401109079935715,3.0
3.685303212145513,13.656613880455822,7.465095323625965,5.905891027682581,3.0
-3.032841617397971,15.899596153341436,4.009845849780918,9.497192308760036,3.0
-6.164992758415696,12.293731841784751,6.128496329220239,4.746050546224044,3.0
1.3570065556180815,11.778959123350019,4.12964034450545,8.528412767754451,3.0
2.3341592798897217,12.184413404543477,5.347176380164293,4.857972553061207,3.0
-11.382515798578174,43.02132640769089,4.530030839218231,6.681795325396446,3.0
-12.180877979443032,25.907620531873174,2.276648450710007,5.357509346714858,3.0
-6.726778140940447,37.28870631768192,4.480779871655303,9.54519955113365,3.0
-8.785250718045766,16.34150933358347,4.199988289487787,9.52236744723045,3.0
-7.877354548293974,12.121482652703433,4.376442449386902,7.651429234391,3.0
7.3103750741095475,4.736640476635227,0.9550805162082856,8.584081537185451,3.0
15.89419495598235,12.42634344443412,-2.530005970671648,10.538107806020406,3.0
8.241784335620949,0.832603373748066,-4.332462437569612,4.916205129625113,3.0
0.782294585980112,-0.35596882889404746,7.014189369710873,7.399268188785271,3.0
-10.108895815705818,-0.6353658962984383,1.5656927117127353,10.89558663108473,3.0
-3.3963952951901497,-3.238780254844933,1.6757954405691464,15.470677879165727,3.0
1.2550163207589797,-11.846343942837947,-1.4829478296961156,12.029593632638115,3.0
-7.659719785063338,2.8327268646987953,-0.810733986451905,12.746000557124443,3.0
-7.526424030278612,-0.9161306159935627,5.941252547226969,13.424362241990114,3.0
-8.61771195425183,19.15253828803241,7.054391648210017,9.315553943143486,3.0
-11.077034982794592,41.655458604647166,2.1479112086177126,7.654194570964811,3.0
-28.497193589910758,37.79912276735476,3.1291735747609075,4.731615966755925,3.0
-29.54739047291171,38.09910129875892,7.430828042629196,9.898099045493852,3.0
-12.34587603609325,39.00757398475565,8.532502946913974,9.222911719418915,3.0
-7.241415675941862,25.15670832234041,10.80386330360683,7.08784861338186,3.0
1.9678179562974094,20.594729137233635,5.72345935179389,6.5991177007413615,3.0
-6.361493748076207,8.470911819174454,1.1220041516980241,9.24555688127889,3.0
0.9421483407413715,2.7867395685446112,0.9501784814298926,9.553014534296947,3.0
-0.35539084766533335,15.887743607638738,0.8735585238853627,9.019784924654545,3.0
15.082767541473432,16.467185530405253,7.3884451610846655,7.704467618096096,3.0
-1.9822784202844845,29.65206831432728,3.442103292466294,11.049009358073345,3.0
-4.666090298796279,2.461698237265786,-1.894275982452065,11.43587486844698,3.0
-19.33571664059945,18.5598701066046,4.059102988570013,11.057053733176605,3.0
-18.028114005529886,16.374250208877964,0.7847210722009241,11.434069121772257,3.0
-11.816121662971767,3.564326850015904,4.184241605713061,7.26759485378971,3.0
0.20258399180259623,7.559203307622649,6.159748913309002,4.609060840902707,3.0
-7.886811225814617,6.532967447425472,5.356323764672673,9.009925504835667,3.0
-6.202631887159292,10.016997650943049,3.2598756779563876,8.5567051865043,3.0
8.190400623757336,17.14899069196834,1.9382930714251003,7.548858710396827,3.0
-4.038083195643505,18.67827081904165,-3.4260114603723455,8.514383100031601,3.0
8.395292941146781,8.969900846926695,-0.10199223737437535,8.812698952547464,3.0
-8.521200984464,28.82697792035586,-1.0594755266190745,5.414658189374702,3.0
-11.872445056517849,14.796303410732765,-3.98957632069401,7.35882784937687,3.0
-9.644546324236128,11.77919994759613,-1.3376759064447525,4.935425341978014,3.0
-22.05069129604577,21.488477311829566,3.443957616338219,5.7359526377425665,3.0
-0.2562711711775645,44.40577030175021,4.136046335440582,4.167255717735703,3.0
-4.5672365649064925,39.07508841107453,7.046833044437121,7.1966876342121475,3.0
-8.445168898098151,24.329771939776393,5.86851603622231,8.939843186015166,3.0
-0.46189058888021894,28.59221980069831,6.399496415470827,11.386973540200545,3.0
2.185509158001019,8.309989950696396,2.0520977850874504,12.310152179124326,3.0
8.537229461166199,-9.00352282778637,1.3510675959329213,11.027792787848991,3.0
19.743243891346104,1.2136336154574288,0.1468947267060141,5.8987263860559,3.0
11.975227227968368,11.334162543109427,7.91971038291986,7.607691231124822,3.0
-3.6618926273874486,11.300460583053095,7.741239415404455,8.883124368038343,3.0
1.4848574817213607,23.506414671488706,4.456778573317534,6.500333658209965,3.0
-4.3463786326462674,30.550580474423025,6.258583704208376,2.7819184100924863,3.0
-11.670951599539137,24.07915087617968,2.5231960580778465,4.2931456342653895,3.0
-13.267963849815862,20.753682968292345,0.7259921887220528,5.020113233274515,3.0
-18.335243811385375,7.2307021633169555,2.0172177341133497,4.593861222466951,3.0
-9.860745575000546,16.411305308640053,3.960967029057785,5.385599777674603,3.0
-7.8662776164580155,17.296936371422937,5.797969727340606,6.602670837119954,3.0
-10.894828006494718,32.15893238325263,6.035173599807158,5.893227072642147,3.0
3.2317169355674835,37.04666369567984,1.9864087377542847,5.452892408881677,3.0
-0.03808531821896333,41.01139407355907,4.084510203560052,6.547862090987583,3.0
-14.251394315924875,11.170684734642368,8.675201142705125,8.255462058318962,3.0
1.2031158798043808,15.670916693135112,-3.371301566993772,12.602074059222419,3.0
-9.914504629582122,18.89019120783169,0.14376875456047644,7.056300767663014,3.0
-13.820375393215818,26.077925309853214,-0.16258539585381815,6.153696261711083,3.0
-22.711608103299305,14.212096161269109,-0.3834089083893786,10.849051350300748,3.0
-15.578074361434783,8.752544331200264,1.159594410190608,12.636584216073988,3.0
-9.470440489390626,2.804275992866746,4.2630479726696455,7.235342868622524,3.0
-17.039121100952777,-9.37708018449945,1.032311854738813,11.760267078862817,3.0
-11.335797339093748,-11.586521924083145,6.225223819973504,10.82387345431939,3.0
-10.09634464547798,4.742702351042324,7.361264595029038,2.8925519459126763,3.0
-0.539253287484863,22.464047753255855,9.046665820122348,8.358729456368316,3.0
2.718736763899917,9.152899915341305,7.9437772034346175,6.450654718621669,3.0
-2.809702371393977,12.69074934155608,7.665689927426875,4.738735801146211,3.0
12.624685035670293,18.494744448345866,8.338557538870903,9.566352738307426,3.0
-4.17316132171306,18.58596772823212,17.38449392804434,7.840218542857603,3.0
1.7384251922290623,21.36135631262201,8.176943327657499,9.807706792260412,3.0
-6.438177865442047,6.2243529875599535,3.1457650285787917,11.519009342462596,3.0
6.590125799902743,8.480619211464157,5.120762082184468,14.56462866397139,3.0
-1.3085400854966274,25.99211102828245,0.3360040866977916,10.460209650148657,3.0
16.384465867166767,21.691198934812583,3.441370912696007,7.578965840972232,3.0
16.550807552992243,10.481118711340295,1.345029569698923,10.703349807207656,3.0
4.8876674939447815,20.91236080065011,-2.0715683259427347,10.023137262474894,3.0
4.969161209901088,29.36207103568274,1.809561475187683,9.642467631925028,3.0
12.221467221190188,18.707001978651,2.7909792177526853,10.430354249745948,3.0
12.201789444093702,9.089862316622098,4.610952613528228,9.810804206298394,3.0
3.3194417310734092,13.892622374462551,6.594324791400009,11.706435695046302,3.0
1.6361881284071078,5.07415455526163,12.835973073478486,9.473254314323189,3.0
-1.3357736826826958,-1.9161776965687274,9.820037006174235,7.388426763443315,3.0
11.317307946337394,-5.021707690767142,4.489615455110139,8.05522166443224,3.0
8.153660116947451,5.7682714741728685,11.143920146343959,10.954490200597794,3.0
7.150581590088656,16.095354263537317,5.667788414591175,5.123088422285247,3.0
8.379235539212532,17.401394011885024,2.0183185986636447,5.278314238468677,3.0
10.224899502639031,13.998392440212907,8.80784811095446,5.910689120287474,3.0
13.404605647847902,10.456970119080932,8.452284125468404,10.971606857715798,3.0
2.9877854362311327,10.448971848756113,6.38908911620244,9.823515823914548,3.0
-7.028715055290121,16.33142505225081,0.3882675037253467,12.118170885247789,3.0
0.13475690746347713,22.661663149300054,1.2323373086177587,13.930105527990776,3.0
-11.253322257401043,19.355659720208504,3.970503780694669,8.118742865885096,3.0
14.128036683083142,25.763262037789882,8.64731023600796,9.701853444666627,3.0
16.482137691279615,26.48651908438301,6.643960509884534,6.796202826714223,3.0
18.322454264349155,29.68684358917209,11.846120718533388,9.350370144315896,3.0
16.486698408879086,12.815026049534973,10.361676274639436,7.120624935276295,3.0
4.80532349351012,2.045059265539358,4.815612674231065,5.008793456698167,3.0
-5.54410638332735,10.659715735178992,4.19629710645743,7.619510571996127,3.0
1.3638149168572138,4.662510799937737,6.903021582680175,7.848375199640371,3.0
9.550003024211273,19.700111656112945,4.4870429702753665,5.469826449466055,3.0
16.31947422484736,9.248113263296839,9.064458466792399,6.713302796790444,3.0
5.599045958690264,24.773279618598302,8.989605673215994,10.618685042782216,3.0
7.922469003167301,18.888449520411903,5.812982886415856,7.065228009388452,3.0
4.821951878336099,18.31838668709401,10.55925507031165,7.1456549926953405,3.0
-5.70665442961811,34.48431653866626,8.276904529278976,9.902482686786653,3.0
9.053581262131924,37.34419488500194,3.1934728142144353,12.286343433119589,3.0
0.10607818177388983,39.69719683280961,-2.1967953733782046,9.800011284017923,3.0
-3.24463697791123,34.65770495658334,1.5371714360555204,10.762291726307412,3.0
-16.402012311754923,30.26063726961941,-1.893165876858646,8.521090097986622,3.0
-27.98462721765655,25.012965965745376,0.5845819671625718,7.794886321578914,3.0
-11.860864873022166,23.1009751841533,0.8506117356239673,8.410697402580857,3.0
-4.344393109491569,24.97811545413863,-2.251702356810016,6.9055046438765615,3.0
12.424335083519637,11.033155425615755,1.4185570491694417,5.936808601530548,3.0
7.842413496831191,22.19538437069227,9.15088070785243,8.207217141203158,3.0
6.893765387530409,10.116473830333097,11.343507923533174,8.443832442931672,3.0
2.901422934511354,-0.25903786677038454,11.607665944746572,10.05486725345108,3.0
-5.536134097248744,7.712096124062235,6.919050682637442,3.9379128868801576,3.0
-6.381736949793782,14.645255970500116,7.800000539554316,4.11290360657511,3.0
-14.689366254753848,19.156555638627385,3.3102272509065913,2.332854236148693,3.0
-13.286550208616326,19.588550390640467,0.6169562984751567,3.688858337740916,3.0
-15.22514209360181,28.856655156966003,2.751018398943089,7.493218317574058,3.0
-2.6927683682379193,20.966423745230628,6.189250700336396,6.3574640872489345,3.0
0.48278797465627543,26.62886535873783,3.6283244415814444,7.036212257759325,3.0
-0.44518111814339667,26.63802288794858,4.035202362492365,9.265513524727812,3.0
7.112954834732525,34.426868700210946,12.616197809620662,7.442411481534814,3.0
0.48661867661141045,31.803330738648796,7.856623410084522,5.582453546877902,3.0
9.138208847501119,9.583248424291824,4.427502505111736,2.161247441621007,3.0
6.181400021171671,13.038513955276644,9.782162034211513,6.3178917853289915,3.0
0.039153195545509334,18.08147506266768,8.056468672219637,6.004548317850416,3.0
33.9860797414427,24.646413857089854,6.126927650268285,8.43908676812203,3.0
34.01285766479819,17.246191796439447,6.250186041472745,6.367698213378658,3.0
10.15565023445532,17.806674302234168,6.361766413823698,4.16662580589018,3.0
-13.349092414425716,13.807257511941591,7.83796287841404,7.966612384265508,3.0
-8.551384030523687,4.789649339823777,8.89877654499035,8.448485655193705,3.0
-15.57527278031898,23.153706097427058,3.93901633528589,9.801727307099174,3.0
-16.143222069042604,22.74857949208087,5.31093991363592,8.96941008255534,3.0
-6.90877764466447,31.297412866131758,2.0732763118996127,10.032773134388421,3.0
3.488455584882901,16.77603362633867,5.760442820489652,13.687429907423201,3.0
3.1110420568743398,15.49835088445733,8.685446604048806,10.737462012682215,3.0
9.051601190642398,8.770833814953832,3.681781026481679,8.67785060239908,3.0
-4.96529373813533,21.35736411170167,2.252041372965765,5.427312637399124,3.0
10.93006332529006,20.901655838807827,1.6966824665678812,7.437210243791499,3.0
-18.47893051891819,36.16481865589298,2.309402241030675,2.4055892222702973,3.0
-17.562283085456592,18.39618893705598,6.217743715336611,6.930423959526624,3.0
-5.9816125681832855,18.562891323601974,2.449743051614665,9.133640235160746,3.0
4.650176481231738,16.472923946350367,3.5974454876961044,8.600351866339714,3.0
-6.806639355848626,18.637683523176634,7.642445880468481,9.265529661856519,3.0
0.31418575657097225,6.678769540791531,1.8404304897844126,6.7383205637412225,3.0
-5.284309878376784,11.361501536523313,0.012226530991556572,2.7389955958950987,3.0
-3.285942292336352,8.92050354023229,4.243014014494237,6.4966792497872605,3.0
-9.41288113112552,7.667836209611151,8.779586976835073,9.919262288682557,3.0
-1.8907296706249035,1.8557956084526666,7.007561028335378,8.508660693884321,3.0
3.0487854796704,-6.886322044648676,2.452012630147229,10.518390126130162,3.0
-12.317835989912469,17.338090461953964,1.6417573745062706,7.587558614997528,3.0
-8.597240405639745,16.01452245676448,1.7387468539615876,2.522960144461404,3.0
-11.721504194218713,11.722756786478879,12.162633373754693,6.167047227813887,3.0
3.0697925974129125,20.294866662948678,14.298299150933865,7.468486106665469,3.0
8.276153503763714,-6.532173596058592,8.118100735087554,8.757982422256646,3.0
-0.6534057811519904,3.2597232853862934,10.540290995844803,9.401432832811222,3.0
6.784764145266722,19.44086261556222,5.034614970794356,9.975121470706531,3.0
0.4121260783314469,19.061610893131427,0.8092680052528056,8.744138183347133,3.0
5.174366297129807,10.18969839060479,1.8800722999405135,9.18943347955304,3.0
-7.324970262599155,24.85742981551136,3.364200507622,7.384879764206841,3.0
-12.433115076753579,28.06408779137036,1.2624019086559635,9.792062958231483,3.0
-7.694107606070908,13.088479266490708,7.9640138443345085,8.355718912582612,3.0
-7.711805306155338,23.525950498111442,9.690636042786561,8.726045455692397,3.0
-4.963771562939392,24.198926241367666,3.2063455378409547,5.670366428964416,3.0
-2.4854292774029627,14.99657228078615,4.752403544448291,7.3135748667378575,3.0
-13.797748898450374,18.609747458480314,0.01658039766714392,6.803851008778069,3.0
-9.205953643209757,10.381288801832353,1.3061087853250912,5.577470365381844,3.0
-12.150668123613137,17.468322612858643,5.9443879330320755,7.783985913483886,3.0
2.35880733343107,7.231888693659765,8.75333103699704,9.753182301831952,3.0
14.016722850078272,3.6991499014228673,4.934877467087722,11.278877856969405,3.0
9.750948405402701,4.4694278062742185,3.931056285876317,7.538517086084806,3.0
13.487146144447038,11.875143637268126,7.461841341771999,8.37398924509674,3.0
25.544623655318656,14.459363195565404,9.073226149941366,12.706814485592716,3.0
12.306899211303078,36.927149783969895,6.230334475840922,8.734315237331803,3.0
28.550900326330623,36.42210589516553,-2.0768800786938155,13.73420399247874,3.0
18.78114305692649,30.724282289400083,-0.5550898458403433,9.522425627770346,3.0
23.964651452545795,25.09606461168417,-2.1889456820227267,7.420027901269077,3.0
8.025369651165077,16.961241738519014,-1.5912999756907684,6.2628161016262744,3.0
3.8448524564182365,10.142257750027426,5.152232307972554,6.970138111767114,3.0
-3.1404957057376754,32.591729026408,5.6590224127872695,7.564866550567682,3.0
-16.898418197567054,24.743794689257683,6.673441762840891,3.9114846157331313,3.0
-17.631510903082354,15.176838793713443,2.037996178936769,7.458498671134905,3.0
-4.9531500769981545,4.649935990372221,-0.6023801552779671,4.7598094337233485,3.0
-12.633370002243613,6.5883046495462665,-0.33787317914658743,4.703834112890492,3.0
3.8897720442311012,31.845639910047865,3.9466093936628983,5.445922232394672,3.0
3.376478755892296,21.034861439755332,7.883195193518764,10.156598649879712,3.0
4.727806655040451,4.4956167063840535,10.409175505877682,10.795394715449959,3.0
11.374501435952622,12.777285147002173,6.313921459667069,5.304531334044134,3.0
17.140956221162806,14.732597176180871,8.781938279769006,4.911941757510891,3.0
27.72327576185672,23.783773310749666,3.8747657498073655,7.918587902725326,3.0
23.694429127531805,33.44291757422477,2.7308546325826724,10.52602966476401,3.0
1.1178832837418686,24.80281468826399,12.033380697546429,9.754248428248479,3.0
-15.913915998950023,43.9843349586758,13.381492142016043,7.790811804632217,3.0
-8.402529071065537,33.75168756034084,13.656938043354238,3.6673355401611403,3.0
-8.019590323092878,22.312852646046217,7.545814816564578,6.916235126529182,3.0
-15.615259198230438,22.334942368449312,7.323827111505909,7.146303262996613,3.0
-4.210892914362662,28.16795385850555,5.061455002623641,6.98862027278122,3.0
-11.723931164800877,36.25711578611413,7.076646081366401,11.523158954951944,3.0
-6.4422332951316035,14.846860636647069,13.630094290659235,9.626402982538936,3.0
-10.75543960971835,31.05104386842367,4.9168240433250805,7.773919519042024,3.0
-11.346240245189577,16.385651566050058,4.621500891558864,8.846118154665312,3.0
8.701326365528056,31.511252181712564,5.87365036385463,9.595575204403639,3.0
-8.206728454392692,23.51455500830615,5.700707875318957,9.34135167478873,3.0
-21.219955014264393,25.615773467203276,9.733652013791673,9.161861991633739,3.0
-9.905854254092757,38.712847277967796,1.8598960538083906,7.737315737665714,3.0
-13.17767709965281,17.671917002702664,0.14963253666256282,7.9910589795977245,3.0
-8.062790980289709,22.631579271709775,3.791661933004853,6.4540603299448165,3.0
-21.37210932932249,13.634661319779577,7.918915311696666,5.83903054243631,3.0
-15.678199590644276,21.798035369910338,8.632673314242027,9.8517065007469,3.0
-9.185028880267787,30.496025076862455,11.331742232151159,12.195944342597924,3.0
2.5273171160802907,20.353291863994336,10.313955635192992,9.189326346802048,3.0
0.3575794447335947,18.48964803521482,15.990841615106284,13.144188248311199,3.0
2.116163610580444,30.34196609909339,10.459171554637864,8.478335087401403,3.0
-11.713685517637607,41.26279425876334,17.25102314891342,11.704330114568558,3.0
-6.591068904473492,28.46040133434686,9.880342300053389,8.137987388507948,3.0
-1.040484483826869,45.73830257606722,8.43848799085002,2.6993457204485,3.0
2.9156536810389007,30.43426539278164,7.049799860541318,3.9296463852658494,3.0
-1.5887015604125914,18.896843617383723,11.231201061189449,5.695455195825401,3.0
-4.939552317741597,25.120009794399444,10.262029986756513,0.7515938243024323,3.0
-11.925203076994142,21.746763403839417,2.291338654657576,2.8491445850110306,3.0
1.1895222930968021,11.057787771737846,8.51886044738943,6.222443560215081,3.0
-4.572869679642998,2.893427501979355,2.4881630462864575,12.58147881564359,3.0
-9.365453853459092,29.512001773453395,11.05635080308279,13.28793595009936,3.0
-5.2452974633171525,27.109695587678537,3.0906523809885824,10.163371485757516,3.0
6.337535037265212,23.219957551256236,2.8011925561468685,11.89307432422147,3.0
-8.505410824957465,20.618611694071674,7.048557361255778,13.301077268718831,3.0
-12.614253738604603,20.17862685864964,7.760249148900094,5.66201852447651,3.0
-12.005410927681652,17.742775712909246,3.653843305621125,9.207815213488963,3.0
-12.920312065464987,13.234640937076302,8.95649574559138,8.770043889944015,3.0
-24.216703464545105,13.6945250676786,4.2712726632957425,10.509848622554244,3.0
-11.649907560684603,19.84028567112298,0.25511095155287533,7.588863376035621,3.0
-5.584326759286821,28.3284464270702,-0.032916194951046585,9.89976311463708,3.0
8.10989364025274,16.021158570923134,3.1392370356587476,5.6329268302284685,3.0
-1.9659352747085994,15.50259781413501,2.777043386006433,7.793784649421715,3.0
-1.0255234360338696,14.560385298715168,5.615189342892739,4.052889457129327,3.0
-4.532459070665602,33.592878162910246,5.6407418957280395,1.7756552150891154,3.0
-2.4435322485528745,35.701354657928235,6.240132544699749,1.2073345128201722,3.0
-7.474044522626481,28.64219448515844,5.877890379677295,2.3399306383170044,3.0
3.198640354387476,17.478328395788626,4.8835618712104,3.0589170266454357,3.0
5.137395991743808,21.21936230271633,8.090041070305642,1.1407514590006562,3.0
14.959788763925973,36.143814931800584,4.268920997074468,-0.22727825681005642,3.0
5.914281747058704,28.653939814305385,0.3195227613062004,-1.821107207740475,3.0
19.640561511450915,22.86480878547299,-0.7763645214254287,-3.5175559555784233,3.0
3.942842934042888,3.7633334076683838,7.8243461285010625,-4.359672157114797,3.0
5.319316232938419,10.557780582586648,5.41523709160296,-1.1546914077394392,3.0
9.295757600558701,18.765507925999575,4.388620563261525,-4.03509340983622,3.0
-0.8238792066827063,3.70313992023107,3.982207877263907,-1.5042564322166645,3.0
4.937559521499092,13.381416562878439,5.346331987926677,-1.6454479302530503,3.0
1.522247784780859,7.3454804479849525,10.151099517517505,1.2419754535337928,3.0
-4.447891387581279,23.922374765070785,12.37190548789275,0.33566931433914515,3.0
-6.2636827016849335,15.570928367223397,2.0188157016911448,-0.17223984162508144,3.0
-5.1185019549748745,10.930621113385321,2.8444574461444523,-1.712869388975188,3.0
-1.1530391294826536,28.282142821775352,-1.0293035227119303,-2.194035279492519,3.0
7.098309727007106,38.98615829904254,0.06940013519453814,-1.9213587820592324,3.0
1.886954759736446,36.30063737354087,-2.6500847634863334,-3.9892545505058736,3.0
-11.36602991990853,33.41054316591425,-3.042879625076263,-2.5347711880742834,3.0
-12.362301109146305,23.336863449865504,-0.5698788242458335,-3.1614523605063147,3.0
-7.223722379933674,28.19426175655215,0.16470648833620238,-2.4442016650502447,3.0
-15.116549395469603,16.104859099795817,-1.4362820480709808,-1.7367043355781795,3.0
-0.9818546343047734,20.85946187569575,1.6175590158873066,-3.583475662042197,3.0
11.581080808865506,18.074478027660614,5.519834958268128,-4.108482259234585,3.0
-6.6770802919702685,20.704634570096555,6.2994356648660546,-3.1521400974576923,3.0
0.6374632263711426,24.418860384519867,7.995489436408223,-3.0002444448342698,3.0
-17.4590222683179,28.258367567468035,9.015461099066854,-4.9295921187731295,3.0
-11.711103458014346,28.94392448777643,4.495065230428686,-5.237258105474027,3.0
8.235241715964214,13.499268133111965,5.364800711646136,-3.8302860209475,3.0
4.843683285122473,16.841139412229673,6.28584087312508,-3.4688262994482093,3.0
0.32433423856947385,14.827642688757644,1.948501043733064,-2.0550473851339266,3.0
2.756858297880324,21.752555001892276,4.686473020918457,-1.3424109648076303,3.0
14.012707066808261,31.232244390426384,0.2118811107982479,-2.5731672374257366,3.0
12.19127724023339,16.8055047469187,7.616126696379532,-0.07712237722028847,3.0
4.353459036460151,29.1207771964497,3.080268373594967,-0.3850123964774954,3.0
-7.52249751521193,4.497132532478446,-0.7537405566404778,0.2008430665189076,3.0
5.757913876268631,10.99101729107405,6.532370371734942,-2.4051861281953633,3.0
8.354178818082609,0.9628293048460428,6.327475098844376,-3.1609277464607985,3.0
2.3333730613023222,10.58927581135553,10.16140387278216,-1.3628749991684357,3.0
-7.099315946483285,-7.557165337661344,4.557091979843209,1.7252954309834085,3.0
-11.450282886224135,2.184299107797072,2.858076887703722,1.7410353819514635,3.0
9.129287878772324,10.982344860893555,7.3367220222456195,0.7679056644879019,3.0
17.396043921613483,13.543051067054906,5.620878887665897,0.9498998443542424,3.0
0.8793443564387058,22.736041064067603,1.271420929697329,-1.3032663607336499,3.0
-4.059730056561696,20.411288628073493,0.2312807707333544,-5.588996072517655,3.0
-11.06699750514743,20.545393731949176,4.456931617574226,-0.42737094057836567,3.0
-21.050504403160126,28.277225811106575,1.0287844906343042,-1.3819368670699284,3.0
-26.408230873082722,27.08431475412138,2.354036396095682,-2.348343577172644,3.0
-23.114256420195453,21.339966833120982,-2.328880238320604,-1.2465435687581161,3.0
-14.282953223040558,23.266039630541886,3.91023067229683,-1.6054627326852549,3.0
-15.860505450658335,13.60687630914473,5.038786939738876,-1.6163443286894004,3.0
-18.28547769704503,3.3574460401886803,6.232499356066231,-2.364619286968333,3.0
9.231916557456271,8.692330159786353,8.287224396317015,-2.0863050020564033,3.0
14.409478477450838,28.34831375996673,0.9053278213686218,-2.181065322622926,3.0
-11.399307663020242,19.073669816232588,6.5497771605842425,4.969706362668078,3.0
-14.368795321898025,15.849006256479292,7.563023286068667,3.9104042355443256,3.0
-23.262448390810793,8.738712823615815,0.4209690001534887,1.6645276619093952,3.0
-11.986633494063776,22.236825830405913,4.171796220773996,-1.7528880453186066,3.0
-16.038721317893522,21.32308497659634,12.207876890466181,-0.5146298191761911,3.0
-2.8877856111614464,38.09174418777751,9.580038675829872,-2.4387936475120444,3.0
2.837255600887442,9.591711267439347,16.028991441444518,-2.0593621027655926,3.0
-4.414205430938326,22.96533843082372,10.632447643081429,-2.562377603268855,3.0
-1.4948323284861713,21.93766770791034,1.607744105503726,-3.575613544807362,3.0
2.156480471412462,30.100404896797407,5.502887335127517,-2.803305639109855,3.0
11.63144084374897,31.898340441862636,3.5272737268268894,-4.323253892541666,3.0
11.408220870489371,9.62922097716029,9.491134590366752,-6.757549334671737,3.0
12.651132312343503,27.736284585144844,6.6988936459667805,-1.2168956869118008,3.0
-9.29169331687557,18.946731887524248,9.377622958469104,0.26912358662387104,3.0
-0.18669067236443748,12.674068599151905,4.76762709382501,-1.897975233080035,3.0
-6.063135242409622,12.468958128128492,4.7621887155894305,-3.195618475845282,3.0
-14.042851579946069,13.254300993751263,4.769869170943709,-2.1179672034245334,3.0
2.0665211103362378,-9.432152828951669,6.86648629404535,0.159187192307503,3.0
-7.662735109381675,11.225703955291038,6.411108232035561,-1.146156510621158,3.0
-9.139502688321278,15.048882190535828,7.532329813038604,-2.5136193608507926,3.0
-4.875234045539456,22.945652318751957,11.229242765317586,-1.0107669948482063,3.0
-12.822034106881908,23.761606142353074,3.537671741333488,2.946319602736952,3.0
-1.9374345241784008,22.990990588733435,7.227907442970434,-2.554189426646369,3.0
-7.721847086581465,18.826970527354558,2.350054078502691,-3.4474646637777098,3.0
-24.62475971137226,17.439967234458805,1.0616220782368937,-1.4633457304199937,3.0
-11.29809160049907,33.830038541685475,9.679561111539304,0.7411155498916457,3.0
-17.09133147764377,25.064538462557667,11.287474803568806,-3.0992800910498652,3.0
-7.711883644907961,12.260697558978258,10.043228529944217,1.4691339238344923,3.0
-8.422385196538908,20.323863388835456,13.66695468514455,-2.4448247202586693,3.0
2.6480686372988838,22.03631292536746,10.973455334456556,-2.647077950200173,3.0
-5.034879592277148,9.261888972486886,8.20393609416853,-3.1866527937029967,3.0
-4.712339268714979,12.496444903783777,4.6350614270619115,-3.218804809738285,3.0
-0.32132147406839406,26.798412085494295,0.33068477845484123,-6.19152807587777,3.0
-4.270178602007191,19.42250884923935,2.795465979198437,-5.485791570694732,3.0
17.98023850101586,6.374614947883462,5.603056730373193,-3.4269990890275563,3.0
3.2918855062020898,11.187506059697277,7.540351497469046,-4.321663980872797,3.0
-1.4690376445719537,21.41694442576274,11.56808959360438,-2.4632869618047604,3.0
-3.8253372753795265,20.153061666494853,7.888456158111314,-2.3310795861070823,3.0
1.4494173387358957,14.231666563696486,10.040123425213846,-5.0559486104849025,3.0
-4.161622346847329,11.926810840939904,9.169782937306401,-0.04193704207317772,3.0
6.2080708940956315,13.503712155028483,7.649892413772066,-4.455085254727106,3.0
-12.489043429420075,26.15484693928062,7.699326463167232,-0.8529345879195263,3.0
-8.386996071678887,12.965562709193195,6.5763903295928365,-2.769346385197273,3.0
-16.30100083787342,4.265998737461557,9.768230490892448,-6.425035118643455,3.0
0.9149328881800125,3.063918308056085,4.536792393419717,-6.466175434086843,3.0
1.1160285971781705,2.66259975651011,4.5802285573551895,-3.929332072899701,3.0
5.142968173873321,11.27111441396963,6.110079729938469,-2.973089363834692,3.0
17.57565616250587,12.680024292406268,3.1956541120277926,-2.2587895301499183,3.0
-5.675518307754695,11.751197329806795,8.334826069135339,-1.9393705730328032,3.0
12.257031205569797,31.448950665562066,3.916465688061759,-4.774643017592378,3.0
-10.247292561286619,23.99902473206211,5.954022231882958,-5.517065252719513,3.0
0.2381521765085497,30.663787493127657,5.582375431809161,-0.12053204833074282,3.0
-9.307502409065835,32.76151210383322,6.512594263646764,-0.26527877717439186,3.0
6.554155531066625,21.18813266303276,6.618850427121773,-2.2252249151733334,3.0
3.0481521842731105,22.310756795680184,8.637040236632808,-1.9542885839936526,3.0
-2.4100104686564516,26.462473921357137,3.931774947238072,1.5297778281108538,3.0
-3.760427547290792,26.55799219710265,-0.30244601368946267,2.2255253191753597,3.0
-5.858087599549588,32.20944372737952,4.088184556605318,1.997374011952335,3.0
-19.697552888062837,19.721276955350127,1.8750294196653678,1.6894164616656782,3.0
-15.83596076600407,13.46126682712616,4.380029198183301,1.3231123147655417,3.0
-9.132053476914795,24.2065958335492,3.4861760289587744,-5.265351291318845,3.0
-5.498152980677068,10.218860669259303,7.217496757717646,1.502344959133402,3.0
3.7514477527933217,3.732140522765168,3.2083960901514086,0.4444191698015607,3.0
-0.19716520806207694,18.378229652923395,1.6084334782925556,-2.3631112926306725,3.0
-1.4092643488891952,6.611508534150147,2.4252849051294256,-4.8277674224935545,3.0
4.425895988186439,9.97280654994501,-0.9501804048430511,-1.4116226320347014,3.0
-12.874564523218837,12.675933543622103,0.5425254462670868,-2.3763489954364143,3.0
-7.679014602903921,10.752214727289335,0.3876815974598484,-5.047943072144579,3.0
-0.9897015613036677,10.462992983878369,2.8857621278384786,-3.627685915396862,3.0
-9.419488964645375,4.941980520721556,2.891561277066031,-6.508329527304051,3.0
-4.185201343571863,-5.64977549893749,4.959441556047739,-6.068160872999294,3.0
-2.473567193417931,3.382264579282438,8.063629626834866,-6.184984904895528,3.0
10.857510460973954,-3.102255802375238,7.567274519488523,-2.981942616391037,3.0
-7.612289470574266,10.608870176668198,2.5787591286602356,2.055967959659495,3.0
-9.651875025549206,-5.146684271046388,1.4821066746502929,-2.055158763326438,3.0
-20.23954927246691,-8.574861623124162,3.314572855369251,-1.8969457231536546,3.0
-0.7519658175088253,15.978645650855881,12.615266549466144,-3.772134387813524,3.0
5.279286350331791,6.27271315174414,13.76786824710463,-5.90382999419414,3.0
9.242960158726298,13.20544272901352,15.314576877163429,-4.8395864991601805,3.0
-0.03298279884102717,18.846315547125506,6.054901433020426,-3.4117521197785616,3.0
-3.9247311936317386,20.03882206297124,-4.003496965278045,-1.4520049888766704,3.0
-2.937309539034141,12.834481679354033,1.6492848908150175,-0.5493953025830978,3.0
-13.78913606786174,18.780120005095416,5.640799217692045,-4.846171221983321,3.0
-12.852642486529811,23.199758757387258,6.188133726188926,-5.7648539867922475,3.0
-11.813718639719715,15.487567087303095,2.515567089519231,-4.5998031148034375,3.0
-14.662850509403418,16.51396078001842,3.791186103278546,-2.909363732857977,3.0
-5.389700318399513,26.981312070537328,-4.373151805742575,-3.5646383582112127,3.0
-11.869401185638441,19.396637165670526,-2.8643071318515494,-6.154265534344335,3.0
-6.527045187162068,25.551993299664666,0.0713940502706043,-4.846676408003853,3.0
-9.954296978415513,24.683154722808823,-0.5890559994286599,-4.700697967832786,3.0
-1.385786627269949,17.860373896750172,3.8637410377710104,0.43604778672957,3.0
8.834001825846592,25.15437400973625,3.9833642472268975,0.7392577798441657,3.0
8.122766466251736,27.561921414052584,4.594258605790403,-2.285346190003512,3.0
0.10107591322769682,43.960133667294215,-0.17785586683583254,-8.11597312934671,3.0
17.928047940098345,46.031002785525644,1.2122855539298705,-3.535873114502657,3.0
32.090308576871536,47.146476386182606,-0.8299655859727424,2.2485362238231543,3.0
22.222049467076186,34.604451974720774,-0.7497587592049306,0.8238374623242755,3.0
6.929611132781671,21.871006483018782,2.695268149060446,1.2496667054812116,3.0
5.985311105259642,16.093925287124478,3.2236808584866288,1.1524737101932252,3.0
20.79444248091128,22.69352704488967,6.672646998430884,-3.8256142391746195,3.0
-0.6073016228112089,21.094554020739277,10.093916639046387,0.752424311289237,3.0
7.301264236815693,22.503348991157903,5.934299022007934,-1.9965596774250325,3.0
18.84587206726009,15.009738205271598,2.9358548092974317,-4.4795182664640585,3.0
3.936695442518584,13.383042957829023,0.5072876562716537,-5.730308652060886,3.0
-0.7147912896942898,13.406325992979681,-1.8107017257728257,-2.2646238230376334,3.0
0.6210961839713243,18.156045342802805,7.4904911470319835,0.30658450782310087,3.0
2.4003668757287886,18.713169971904385,4.757029936366423,-3.625935569265902,3.0
2.1078962313844265,24.24839971046767,2.608420593750294,-5.637410327106274,3.0
9.307995822412114,14.41312070806261,-2.2660646788001984,-1.5460314898817793,3.0
22.563293160962978,19.126554993314485,-1.0217845227448121,-2.8799735078825535,3.0
11.959006443369367,7.439453330860665,5.6168590394624935,-3.446600584253092,3.0
-13.156291042299033,17.8740135635827,5.36662912797679,-3.4367765364061125,3.0
-0.4916103116430559,-1.4194396506988056,5.7562243735042715,-3.977571687006733,3.0
-16.046764707452752,20.617501102073113,4.880905424640607,-4.163888134836279,3.0
-24.633683080992256,30.750112284039574,4.752758605948779,-0.43113428693518596,3.0
-20.875697259842113,20.49935076195451,10.36116001383576,-3.977046668379438,3.0
-5.290868978467344,33.427542871033424,6.259349653042753,-5.142524465664475,3.0
-0.5531441945554438,25.66388591993548,6.165044754008645,-2.0428052419384986,3.0
1.606049282222406,18.0924869204479,7.8014151608529385,-2.4069286305671547,3.0
-7.359942584137923,18.623249326772147,2.634414281280599,0.8003086742758074,3.0
-6.115661814509812,17.819626405405494,9.084671405152626,-0.3419107628619451,3.0
-29.362800570872043,16.107305780810066,5.440394750938069,-1.5707234954192129,3.0
-20.691732633375654,22.751494525798655,6.916426314068868,-5.067151889808663,3.0
-17.92403607987424,15.78319035619249,4.291029059026126,0.5670150550938358,3.0
-13.870827098116084,12.984408263254078,2.844076004828377,-0.14291431236580587,3.0
-7.876248832067535,15.13091253511218,0.5993598011953805,-3.0749462927324753,3.0
-7.2885280824825145,22.238871343597197,-0.7468392735271285,-3.246270701498399,3.0
-21.82448168662393,16.90207471482106,0.026086222537238246,-3.4804443702281533,3.0
-12.408031210292432,10.7430810041025,5.813326643186656,-2.163140399864683,3.0
4.6814507324719346,-0.37647860453527393,11.17300389399239,-0.7413679001791733,3.0
12.547126401085002,8.907287739625268,10.940329617684,-3.6957142101698963,3.0
3.0371604936853007,7.472278159877664,8.677175488839634,-2.4343696752010815,3.0
-12.308754696485655,17.464841719082028,8.931140003213761,-2.174701813534402,3.0
4.47432929441319,15.336008809420704,4.351682294617622,-0.8477199990851982,3.0
9.292346040847441,18.22647953822706,4.665023776549379,-2.645912823627193,3.0
6.435664108621608,6.4693152654139485,-0.48237506820907994,-3.5510974185907296,3.0
10.623250353704792,13.73169191054566,-1.1636278182821087,-2.8537314041392774,3.0
2.6404909950633337,17.047895856712817,1.4653523724223176,-2.793233419675253,3.0
-17.341444186517084,31.586481463035536,7.443242954333465,-1.35966902626451,3.0
8.579537898422863,50.088252477572894,2.7216865232870004,-4.275245817664703,3.0
10.471675941930295,32.61380152378102,-3.5799231401300347,-5.748670500385627,3.0
-3.579906418653411,35.982070510518994,2.719873032222899,-3.696540886034065,3.0
-5.353526802946163,20.661950613463702,-0.2905476461060843,-1.8535697970706184,3.0
-9.759111125221981,30.32638442556562,0.49043075219586596,-4.631651847514794,3.0
-9.807917403193983,20.84638981014685,5.32344168646603,-2.2714988603026693,3.0
3.982644867646778,25.174715595566788,0.056456760484781654,-8.319202878025536,3.0
-2.862014796380018,41.20823762919365,6.06605298742748,-5.856359167210502,3.0
-12.39313163280449,22.879486713589564,5.997818561388456,-3.750202491003991,3.0
-3.349359044839672,32.55330784768205,7.108009700661819,-1.9542881545457773,3.0
-5.774166451180854,21.160906056710246,7.80693810358084,-0.27857856941074566,3.0
5.9545231925250075,3.316921054863677,3.6977544373679465,-1.76892590482312,3.0
-7.516769240445789,-6.51681961910046,8.362759804507146,-1.1697071382664628,3.0
-7.3946111844198725,-1.8340654129539864,6.661981348144178,-0.855394171932021,3.0
-4.885165419787221,36.05921061218803,7.905699101373142,-0.4455049995611997,3.0
6.145803488831552,30.267427980984273,-2.284793159230677,0.2839371170647196,3.0
-6.33151335348418,21.84120723451623,3.8577213651321705,-3.419632001856468,3.0
10.903718608048786,28.343369467718265,-3.158996875807518,-1.8260402495179766,3.0
-5.511621298561176,20.27296549321363,-0.4628229661623888,0.2493378538491774,3.0
-2.840067988305018,23.572377974640833,-1.6259992783153896,-2.023561492595971,3.0
-2.7327398448453595,25.51080168919803,0.954373040476276,-3.4540226542234733,3.0
5.030707118711668,27.776394721819788,0.9216223697319146,-4.303593067559952,3.0
1.2321325017832043,2.31091818011744,5.641401763568316,-3.6657407722697988,3.0
-11.248782083372696,13.638759760447062,5.487160352580883,-3.070928578251497,3.0
-8.744771528519024,11.11948270374981,7.618576200136467,-0.9544076608688092,3.0
-10.40998950832372,31.00165280293197,5.227975858376203,-0.3366423550343338,3.0
2.2327873270164433,22.255003989360986,4.977883266500639,-2.761750739563781,3.0
3.42140171201161,22.591915840443114,7.022168324175114,-3.2428493627582498,3.0
10.633834340804306,14.751595027414126,11.492709773833294,-2.744723441643968,3.0
9.667261268753439,14.41803466361064,8.926386896881544,-4.559883620801681,3.0
9.982134898105851,11.817217793535919,3.796026713134019,-0.7411623199245949,3.0
-5.174943531998219,14.128081360996505,-1.9139489617393064,-6.256884700310548,3.0
-14.584277248596436,16.41249270954313,0.43122332029445154,-5.301789113087853,3.0
-4.1359288501372795,19.731267376284116,-2.2075803617047614,2.3915457358972696,3.0
-4.346663951829271,29.985141095385494,2.424587855112398,-2.579157469277034,3.0
10.364675421863433,23.427752377386167,4.874073461642458,-2.690577218549629,3.0
3.6241000530782164,25.928527472003104,8.817854183626778,0.21200553729579985,3.0
-7.023196315125188,21.411462096602403,5.861942880068808,-3.2172488369497776,3.0
-4.665525237507678,35.96163467964955,9.181521873953107,-2.169221890574497,3.0
-2.3029226005489383,37.95563669133587,5.138311351593353,-1.9848472650734874,3.0
-6.536093584437106,26.167027231256206,8.528861878946678,-3.233219622343473,3.0
-13.968557949672931,16.841834725344356,14.578710383920786,-7.004423419598117,3.0
-5.0018290176895075,22.138436236375377,13.57090842466981,-2.0410175312122574,3.0
-2.7119856418707275,15.415145758899843,11.476720129100034,-1.7254426653618427,3.0
5.889207636479066,21.858518597940023,6.976592566157642,-0.8730205303541556,3.0
12.817505007906153,10.122626136072096,1.2897623010802832,-1.8331427422541366,3.0
7.887382328603298,16.1212120135794,0.5953161938893707,-6.460807300619074,3.0
6.499190906994272,7.693653886965905,1.2676726405384269,-1.9418928609236918,3.0
1.5852286880514148,15.556377377552252,0.2951430944319511,-4.457906230237681,3.0
-7.985019033261867,21.141217398585944,0.7708528043304561,-2.593319946675858,3.0
4.290781751311414,15.24481826533692,2.680152718177636,-3.520461547864879,3.0
8.291084189060722,14.289354170631123,-2.01226110020746,-3.18345200441539,3.0
12.745489583159031,17.727472330447387,-7.604182390921414,1.149201380510044,3.0
20.677817746525744,4.81917974070134,2.8416669959932435,-1.4268461355281623,3.0
0.7457966105762939,17.997045303459686,3.445809701817346,-3.647574647890954,3.0
6.437897019385313,21.114016722058707,1.9275570247009437,-4.976471191748363,3.0
-4.513587628083329,30.63830249758569,2.9975339364057634,-4.466434906149885,3.0
-6.648828748586455,8.395057512292023,0.5068568246782195,-6.183421682701965,3.0
3.517687993056378,15.145305763643846,5.4381081122008945,-2.726903790007728,3.0
10.854547476262798,35.916625108475316,5.058634111760442,7.508762975309307,3.0
1.9328991241694862,18.88434763900506,0.9216157718338525,10.054093791867572,3.0
4.23700239782159,23.97537357650935,-5.912963635701242,11.558609776608701,3.0
8.011443545768842,26.81374153653252,1.113894959781891,8.002953353175286,3.0
-4.375446462565874,25.243339002840536,0.3751856972997567,7.643985423463264,3.0
8.189807454872705,27.978762580559916,2.6272816840594295,5.822271138577629,3.0
-5.504020026899128,32.445964407258174,10.074176140555187,6.049235413373494,3.0
-16.999680704303575,5.318469383433079,8.077971734448752,7.272719886131756,3.0
-4.509901312551071,22.42425360179401,4.414515121811079,8.685065517823114,3.0
-9.30183552929227,41.377091946089806,3.0077051556868013,7.786727615643839,3.0
-5.994145796001981,27.92114363135884,2.6950004994572874,7.302414735588378,3.0
-3.951854984422762,22.96313063700662,2.4237873146826763,8.783889933538616,3.0
-2.297301643670984,34.5720130073023,8.785467094383769,9.654859459253895,3.0
8.493805159430686,27.862663082557376,5.176223589839876,8.509719813697622,3.0
3.2301434528891493,25.955096150254317,0.1363695440750421,8.636604077112032,3.0
-3.947121976555665,35.99872674734932,5.703160530985671,6.357399052102565,3.0
-12.989009387307759,30.47515930338568,10.625800778778045,8.070260040571462,3.0
5.846322823537025,32.07219416528698,11.990122894693023,8.76424107177841,3.0
22.40007416452479,31.170711306962865,9.880633411599792,7.48894973407826,3.0
13.66513816491829,22.13081680899427,11.86958291799328,7.964451323436344,3.0
-1.0738197444548332,34.88038451434932,9.975930881334982,4.0753281957227125,3.0
-2.4762225514322687,25.94737457625095,1.1137581067998945,5.427386144361299,3.0
-1.7668848318312307,22.23695683934694,3.009541614287575,7.357788376705538,3.0
1.7586489865756885,17.874877627590703,4.821657723739354,10.016728746974216,3.0
-9.237677695115382,10.702442088563519,9.888794719010129,6.757402533745018,3.0
2.1472603264484498,10.059778505351236,10.096320540307582,11.313980090961442,3.0
7.308821376522054,22.09153042940819,8.058609168414126,7.57855390259529,3.0
-8.799653287235493,14.592936948713746,5.973592596131498,9.637425808542803,3.0
-14.607355083410784,8.385015577199926,10.20283758486105,11.168815957596411,3.0
-7.282437773515803,13.735414507954863,5.921213944232332,10.997548849704856,3.0
-5.887909252112281,29.999182922057674,7.396635948332229,10.989570991159159,3.0
-6.542720078986495,31.18892408033596,3.614574807979724,9.734539390144878,3.0
8.761813313929068,13.955909368760592,6.617215921124534,8.716565728211528,3.0
-3.134676799245251,1.4127273701220364,12.061523972104402,12.626922148909571,3.0
-3.3515740497071893,6.639642337253704,6.504921732765114,12.503917877977555,3.0
-7.450080168684975,11.601494118683465,5.970215085156587,12.17478770278856,3.0
0.13310072593825906,17.139793924731965,2.311204097638842,7.666332273298807,3.0
-3.5965020035084656,15.97597160315154,5.721713473368337,7.598516665261577,3.0
-2.5837180292048565,12.596555735398624,5.490022737404574,7.392033952931069,3.0
8.495668546626007,24.307385537512882,2.6346877967201974,10.805119801499977,3.0
4.86698914951924,24.636559175520816,2.560302335844399,9.504434843691863,3.0
0.8864613322500596,10.70715174486837,2.444301878900787,10.46057406855678,3.0
-4.6116932822475185,4.819989719630826,6.799834758981657,16.75151662674707,3.0
-10.984253859251972,15.726338009674922,9.3602295428924,11.785270969646342,3.0
-2.30111056503355,10.56628739780368,9.243257007600482,13.763933826701681,3.0
13.205927695634626,14.027446328106178,10.702701568562476,10.791662942591067,3.0
0.6153733496715788,16.157065640088646,10.362972275843372,6.333304709660355,3.0
1.501569396254827,-0.872752191775767,9.915468293554218,7.683587646338355,3.0
-2.8930292249565372,3.955915055837007,8.791158138946372,10.26200458650808,3.0
3.602096299504061,9.876761780252188,9.199986134391192,12.252760929645797,3.0
15.797028352247892,8.53741194992823,6.939987691253097,12.258075377643015,3.0
26.404960933048457,21.539637056612467,9.67628628706379,10.448305733060488,3.0
17.041696209711986,17.94129615258669,9.19733304600398,8.879521706183231,3.0
3.7778054580718456,25.357434193215227,3.350807789356793,5.127616525444561,3.0
0.351281422423963,23.090217821624663,0.16138021503628197,7.830946619701454,3.0
4.487000006254144,34.820400505213456,4.417546579650904,6.040966640278656,3.0
3.932852959365185,34.34534959172905,4.87259780962036,9.53457706023734,3.0
-3.277738479950142,25.73063458147516,5.571670173747111,9.145503359456562,3.0
-3.6424056449522455,17.284534275257144,4.394587668073395,8.584577491123387,3.0
3.3372765291697735,21.395677404923966,5.795201406118769,7.085254932054089,3.0
-5.310400092496883,13.781708667115515,0.06854600771070096,8.881462031368313,3.0
6.888652191308903,16.064848745123847,-6.096767745875047,10.104117235949738,3.0
-0.2703891142577195,19.92285859375845,-2.712627425932241,10.798623021170787,3.0
7.048988607457028,32.527596939937354,-0.8163576590192809,7.700489100734947,3.0
-2.6961184073930413,18.62194160646175,-2.3464054835843093,7.311087238402205,3.0
-10.495168906378995,26.938268488343958,4.293708348778538,12.474933573262287,3.0
-12.074588991865555,30.961670883487415,-3.441798493487267,12.371491385656562,3.0
-16.77176915320211,37.92120527849971,-0.57261620744619,8.834838668093827,3.0
-13.900698194220109,39.17824463308339,5.55781740189582,10.03685235327316,3.0
-7.541386882273119,13.713690327100446,2.3153723355704354,7.135924083813735,3.0
-9.867993654678626,10.85182991930037,4.076290997408582,5.667787591933616,3.0
-2.6751158413758844,15.049167416871073,1.2379998869045923,5.501792070966362,3.0
-9.405903735127396,26.757325336330176,-2.475433518756655,7.76707054697511,3.0
-12.396305507139946,19.110834573649694,1.4195482451753216,9.44531330892944,3.0
-7.784927375876892,21.931578244428305,10.891844619095753,7.198095169181606,3.0
-5.387871508514131,-0.16553355505203093,6.94705252366815,10.47346736979352,3.0
5.031282028270141,7.030335745801963,9.031325775338159,9.112862815824547,3.0
0.03641240328390616,12.533278677813481,5.786226427271918,8.000651845532783,3.0
-2.526023445166708,21.866353492974763,5.010074159123183,6.10605231279913,3.0
-5.359916862985584,11.472773370597547,4.480289660211476,5.745835557851443,3.0
-12.535772823195476,10.052303179665284,3.485804933590123,5.760969543472745,3.0
-12.340248339179514,2.2978993437926274,6.91355618879902,6.4484660378533185,3.0
-10.441742437463628,29.938652565189805,7.039966609852127,5.936262931103513,3.0
-16.175675127333612,21.886699813982595,0.5935175428400599,9.787531378372217,3.0
6.388942561142856,20.413009026534024,-1.5162791420840747,4.766398912828414,3.0
0.1073762472558848,22.660937896366352,3.1688768597232175,6.263535870554581,3.0
0.26012110443528513,11.197105402780245,3.1981633242730005,8.312908467905228,3.0
-6.138511450812111,15.718047102620904,3.104798761683135,4.868952927803299,3.0
-11.571403612470533,-0.9941134183373102,-0.994327363887801,4.671469434912114,3.0
-11.685981000458792,10.921552181195244,1.9143249384985737,8.31833359376737,3.0
-11.651516449746065,21.552125786255,12.663637552697477,11.596357470293832,3.0
-14.824697669266033,25.464642895184554,11.97000480309846,10.413612284688751,3.0
-0.1959530295392753,12.358256405074899,11.177766844201535,7.810887534197711,3.0
0.6572895046564096,12.6602508678487,6.240281359811085,7.026293766388457,3.0
-1.317886312368035,15.051504065833647,9.085518921818762,7.237289935807114,3.0
-0.5463808726668766,6.372027694806592,-0.5631818690329986,8.269131144137964,3.0
-4.111611951981265,11.856244005270959,6.432942175428595,5.855917593990357,3.0
0.10873870451107714,23.917823142479424,8.60021142690889,7.304194787166603,3.0
2.465540222280027,30.14236535622525,3.184278425558534,8.406703723006752,3.0
-9.677515682015816,32.69331310017632,8.842964675170185,11.276204459375839,3.0
-6.083832074874174,35.17931665251423,5.7963120370582635,2.5589424054614924,3.0
4.278901327725725,23.26385462732974,5.715454658702977,2.814233930342542,3.0
2.9269047208659265,31.63551382561447,5.885146229924993,9.199766989863278,3.0
-3.7026100487670597,23.22845504877077,10.085192065736017,9.835671022079353,3.0
6.230546895162916,29.95981420703942,8.114975083508217,7.214394738017522,3.0
2.724134378114119,29.929889836494393,3.7762974806083576,6.586027145275208,3.0
5.934088590511296,25.27540816666606,8.543283740459039,9.159247415479639,3.0
-15.12257064074036,17.907181344333225,2.6180968901308717,13.049519358713173,3.0
-12.087773159008545,16.56432657317378,0.6491494724132476,7.132823965673138,3.0
7.755331355002385,19.877632390224797,-0.6096025260868849,11.39949040317066,3.0
-1.4432181595960838,29.302755912409555,2.455662938789118,9.05284615177706,3.0
3.758905746050374,14.437718101991154,7.3455617473002635,9.673386853644601,3.0
10.424873650537114,21.458482685876056,9.761864746255048,8.340777047701584,3.0
22.636398236943172,18.344992181900263,8.291129594766296,9.80203753289935,3.0
23.736754668599513,17.900170297207943,5.779875520035415,9.716230216587341,3.0
11.336407140350783,15.03928102680825,0.8765166505738362,5.574247022272117,3.0
11.827223218164509,32.817507902735976,3.656083696681172,3.195922426258507,3.0
12.687058582236682,39.329185817516205,7.359714991966467,3.5777127869130663,3.0
7.321809562609704,38.34201899521187,6.564968764388368,2.2208663036639984,3.0
3.35807465284695,48.19114888314569,11.296544582156274,3.7109210471266425,3.0
-10.849785126905665,18.41695258067532,11.684626987697861,4.486258930156932,3.0
-15.762621187105669,21.112764672089273,4.913043066922538,6.326319081702426,3.0
-0.4140849885376907,25.138858206908196,7.606603864591994,2.5672322830631193,3.0
-3.3392143241230423,28.170817205196556,8.754181414989603,4.40988192926625,3.0
-8.686138342373324,29.98971702683381,6.486036266781648,7.505967820489731,3.0
-4.594841961365365,34.27949710318108,10.435820452065201,9.12568619243649,3.0
8.104967886698143,11.112025373152768,11.109490166440057,9.281068917554139,3.0
15.645700702780797,4.6808278880129635,8.994864030203576,8.09140817750175,3.0
-1.2823707788005732,4.129021116144923,1.6872529570573902,7.095737863562254,3.0
-11.92376578793044,6.80849143714582,-1.4924104155806646,6.97118139283147,3.0
-15.678911730719033,20.234914462029977,6.03739313239854,7.697821703980499,3.0
5.482090555933259,10.776615651112923,6.345955324677173,5.21493644191264,3.0
16.19896229166438,16.11673393135666,5.656935341719572,5.482242875497807,3.0
19.155143124308587,14.605064568177252,13.07134833151709,5.344896160920596,3.0
1.6557639831967217,8.29718353872603,13.685805281502741,8.556613999614619,3.0
-10.3067335526807,9.70192851574177,3.7513935412334014,7.925001219620205,3.0
-18.17849361991101,0.03731050855804696,2.2115602405844754,7.863129412462941,3.0
-4.042967010531284,8.589468671837704,5.046641531362834,6.639208122581193,3.0
-4.960648903020182,9.16532548612722,10.013780698418897,5.60303714081936,3.0
7.971681122974732,8.16279396843333,14.905927269274741,7.903567272220442,3.0
7.233646889256375,-5.7104543845183,11.43049587391041,6.986766556309914,3.0
8.504916045140888,-1.813844193419067,4.440621015130349,6.50446855513067,3.0
2.6988760937543055,20.52222424561704,2.671659317098844,4.617028544552481,3.0
21.28339179022415,30.43964831664726,3.590898968354862,6.497255591264197,3.0
23.549442321466437,42.09869967513934,0.8310113750168355,5.580824993374104,3.0
12.375979886067638,32.77020347774189,3.3837989888344646,6.401366450230896,3.0
3.069568527619705,26.165620008580433,3.833075429421371,6.5886932207036155,3.0
-8.654723105960782,21.222968950837053,-1.4649662359697668,7.523271187785586,3.0
0.5443354388689332,28.73096056565231,7.022461071494452,4.61497308523669,3.0
-8.27891041292914,23.92922275794682,4.047494937850883,8.179328693699977,3.0
-4.465359825881662,-0.005415668158494924,3.573676574358283,6.304455365399528,3.0
-4.7062077664409845,13.155289177413282,3.187130594665289,6.267908206742168,3.0
0.20126375319968748,16.703653247114204,6.9832064320198075,4.326690239096897,3.0
-11.1244056957681,-3.5105468512306324,10.863857150845977,5.808356074081277,3.0
-1.7840387516285705,-8.313492251757292,5.636493155557975,7.42836691037006,3.0
-3.3234888177746016,5.9624353095644125,3.113873359953301,6.1018971531570925,3.0
-3.5592622839935246,-10.035597078887864,4.050554124255772,10.333076637372717,3.0
-5.3465373932229046,-9.958022985473095,0.8364561515286679,7.423094975899245,3.0
-17.728041995367935,-9.07083192313145,-0.8381096186504746,5.883193856326308,3.0
-19.977770725850817,12.89238151846408,-1.4350380331987627,10.651476985794478,3.0
-0.7230685847551239,23.716826481792406,3.958346570351173,8.934971253388099,3.0
9.05674717389306,29.513815688016106,-1.6626226451367208,10.60101621931274,3.0
-2.092622619576466,16.11110972253293,2.3767225290716856,5.958487245767764,3.0
4.247840525352503,8.716858724683116,9.06136370495685,11.724331101910067,3.0
-16.50048426349636,28.631158053689614,3.7299844070304675,6.903636823050347,3.0
-11.63161253639597,30.78442679033269,2.5808380336269217,6.066275160321734,3.0
-16.99229645538289,29.633322557730132,7.285443440130647,2.93554144446931,3.0
-23.142064110648143,31.196473313206017,5.416107217914922,5.63543814287093,3.0
-27.56556558421621,27.841186214506813,5.200957246535207,4.787855398448115,3.0
-18.83040241532306,24.376499144239315,5.0405517051621285,7.885588180723117,3.0
-6.393672219630632,16.381075234938482,7.036254378996953,9.108380612659985,3.0
-9.13039429462759,-2.878372589831411,3.0304063779723527,7.741587176296003,3.0
-11.900048414814826,4.653699984654801,2.2229015454528414,7.880075145022326,3.0
2.3779969702601615,9.744824735846988,-2.331853252624995,5.248056916423671,3.0
-15.034570430112467,25.396893788549825,0.7690637953943376,8.31404753726597,3.0
-9.980317661560012,31.424013078129768,5.905281232962437,8.444556903349493,3.0
-7.834019283033534,23.884695407845243,2.5281988319209723,8.076083152348454,3.0
-23.486179410837778,11.457177377949485,6.5311842677887455,7.966767453884634,3.0
-8.464102188098256,11.096119231729698,3.2564291135147583,9.313665805518205,3.0
-13.531867509101108,26.786097235752198,8.413016499680905,9.594234651722905,3.0
-12.581981503175625,14.723579508651511,8.329894245031026,5.668482396755839,3.0
-13.5160033259776,10.513472056271528,6.157504973388615,4.339269844440027,3.0
1.307880321981914,14.377043123793298,8.161895558951416,5.457035808614801,3.0
4.334090838975963,22.28186245811653,-3.7976473062217337,6.316650014711336,3.0
-1.7021014094259193,22.186030269275896,1.858101003275869,13.414886976140185,3.0
6.318149671872273,31.48831092926639,-1.4431522150994178,13.264363718119077,3.0
6.685125310718435,27.27102717508992,8.140705838198924,11.503581563361386,3.0
-0.5870208215132806,26.110999440265317,5.9177599687952505,9.927324240476034,3.0
-10.953399234796592,22.06952474379677,5.474509940676897,8.648370865573018,3.0
-13.033537107129167,17.483315996592168,-1.6270667945540334,7.044680985707823,3.0
-7.553958472741732,21.397951021145467,-1.2841622555758354,5.933772367170256,3.0
-8.594835818820679,14.243267891590394,-0.7671744246531471,8.071811941381554,3.0
2.650662390031214,11.261016826025113,7.449461938862587,11.55292426477033,3.0
-0.5990323985130401,23.946721516044732,10.087802140265245,9.645220248895477,3.0
19.542017611397167,3.5981928506023344,5.615093206855283,10.417911850526828,3.0
12.594905308352613,-6.826466336719186,-2.36495959031953,9.075398709373166,3.0
5.470524952977342,-0.18135082920807832,5.94093062751233,11.012272165066905,3.0
8.033032394460054,15.999793121943458,3.188282461876228,7.264735385335302,3.0
4.246971261346847,39.20155452090272,10.57897116489427,7.344034944464654,3.0
-2.7064027771107035,26.638714141883895,10.27389824863702,8.261816865882734,3.0
-3.7515262262190188,24.49268405156337,6.577957528331908,4.931668780162834,3.0
-13.753628884665854,24.944525226218005,5.966093272009638,4.200199697043745,3.0
-11.24216160318438,36.133449499699104,9.83279498660389,4.152776156409027,3.0
0.24426484552516659,29.75752821781262,8.128180714361655,4.679238940558041,3.0
3.9089283147821217,30.899701216426095,5.420382045802881,6.598760741576934,3.0
5.020476687807488,28.93150821040834,6.720588297757952,5.585957108564948,3.0
-2.3552409838991233,33.82033588006399,11.304241581201811,7.391390464951695,3.0
7.78129967686638,10.965758457551624,3.696195926483467,4.6769727511127925,3.0
16.161324678073797,25.252864157203707,5.462886261459453,6.696118703158701,3.0
9.195420788828265,3.351059224595634,4.6326504249422165,6.371153547475257,3.0
-7.439497394149074,7.213864817421477,5.445111302141861,11.52696468755441,3.0
-14.813571053311538,14.730264900729594,4.252439891839471,13.92693272568848,3.0
-2.2912609559692148,21.825452799482388,3.0331755477763602,8.409055336773644,3.0
-3.421038467259013,36.185696355377594,10.02710901070289,8.274709962025781,3.0
0.09998597878564053,28.82638675167226,7.778538403338623,7.588011818014699,3.0
-12.796289180519345,20.845618941252525,6.46467105941353,7.7466604606571625,3.0
4.922637069412107,35.383630208860055,1.0576182108694905,7.73888389214857,3.0
15.910195918986284,31.09365956772485,3.9980122707028736,8.929663308041011,3.0
6.3593986320605245,27.727616802397822,2.2501133946001906,5.414690549044322,3.0
-9.77533147763897,10.092431926873056,1.4319587403821084,5.883410058161795,3.0
11.866024328991514,15.55038161112007,5.457678032908463,7.341656432200594,3.0
-0.984582340451742,5.5383554155190255,7.063267491701751,4.840909386356162,3.0
-29.59844146667222,21.222116900386887,7.039485931576645,7.539255255931105,3.0
-13.345370166003143,30.010262055102412,7.3588015237715,7.973391680060821,3.0
-14.278141347310497,35.83510465611039,-0.546526164689042,9.002179217080425,3.0
11.882505708516776,37.628618374786804,0.9323608224768165,9.787328238858075,3.0
-3.5485059422522154,47.75947511231727,6.517056972323925,8.723371200944799,3.0
3.1497607195704225,22.658263430460316,8.953986420806128,9.278055150580888,3.0
16.08387605701265,15.640321383098048,10.486192987655649,6.012465430142185,3.0
-2.906092797308119,-5.234690464659227,4.960940150487243,9.205168820953983,3.0
-5.851735016388119,19.15364773281604,1.0582552407162904,6.702867440896158,3.0
8.844793862348737,9.83929153346143,0.6229196760750448,8.864628663040227,3.0
13.001443716289831,27.969545579680226,4.918588042544473,6.643394320811334,3.0
2.5760400257574356,23.683864693510916,1.866215754540898,3.1880185721664622,3.0
3.2575360378293094,19.771678652463766,3.471142581961837,6.015682019229616,3.0
-4.539949324436448,15.578296670024908,7.3518409877795055,7.9353705287766,3.0
-1.1312823428335381,17.242429998444983,4.351940593544317,6.40206378359648,3.0
-4.062653305004959,24.563950834748162,-3.9729298112165434,6.843440762049057,3.0
-6.321396198909405,32.39474367016637,1.106502337311797,6.527705272821709,3.0
-8.390243255658156,18.69070328453339,1.9911144366766558,12.651423116829958,3.0
-11.273405123104848,20.60559819283129,3.392090970733934,9.822780756818634,3.0
0.1733370427021752,30.391452993990143,-1.1363908697743677,10.876915482493674,3.0
-10.0802599961903,23.89021628892284,6.16894604632947,7.446323590855963,3.0
-24.09524409318951,34.865406610051416,6.860382328724493,9.92552152086815,3.0
-15.799524951170817,17.537355577167233,-2.312076797950022,8.365258445848031,3.0
-16.42389022331123,15.035125126711762,6.005324579128421,8.6670638671776,3.0
-18.116936895075323,3.4230978291721,6.850412560721023,9.683566523266522,3.0
-22.79561230271613,2.3893661207897896,3.0225146898699338,5.303819416201648,3.0
-22.343515859999854,7.351733664666378,10.643225638842114,7.701620436493227,3.0
4.268412203397877,22.90489395538995,1.8994383972240079,5.626210568134342,3.0
8.88949657697344,13.594100537122877,0.8579695475964133,7.762410865313257,3.0
5.290153489830282,28.33441165318534,3.5511483317440122,7.01185653997006,3.0
8.384023574781349,15.654064651750272,-2.064173797459344,6.475203761749352,3.0
14.495528980800714,37.62020068039137,9.077259016429963,7.114878819163867,3.0
14.40458425190251,34.558576210355525,9.538543324539996,-2.135043628788695,3.0
10.375625475260355,33.1166644276389,9.099510040814641,0.5281280506916761,3.0
17.404859808850507,22.475172343139267,7.075732712076746,2.7680986870695503,3.0
3.4825884529799542,1.7543117124169143,6.029847087114403,1.3254115698164206,3.0
-4.426186978211761,1.3928577277359935,8.155288639903194,3.0695554569010586,3.0
-14.539319374387585,12.029925949766296,3.6201921878430605,2.656695248311833,3.0
-7.177976162854965,28.75445245623208,2.96454358341367,1.1475736474514031,3.0
-4.235337728719624,20.647572680754827,2.5049484531686526,0.40518600277331274,3.0
-8.02645990256402,20.020201557969454,8.072977311438198,-2.0274844802514815,3.0
-18.524530413576876,24.090307587969427,1.6173438192235121,-4.846590385298485,3.0
-21.522555576080165,15.876477093778833,3.029816046852072,-4.53705140369257,3.0
0.7985722180294355,31.611665832170406,-2.6774231251769542,-0.5295079769076402,3.0
27.68260490413111,10.675415729598331,-0.08310735102905831,-0.10610926767657958,3.0
3.920889847805762,20.770325689020282,-0.27377348484493513,-1.913989746426601,3.0
-17.84092699638536,22.717004655945797,5.170276571271147,-2.577908139926046,3.0
-2.0555280236556586,23.571025981379563,1.2011827016942185,-8.876617627526542,3.0
-8.522056200140598,22.04019435299951,2.817010961282068,-7.013704168470745,3.0
-0.24770019249104003,23.82483900668643,1.179675356210606,-6.534815350343667,3.0
-16.984016161778264,16.98531042961743,-1.3147239291068638,-2.5270836380845463,3.0
-10.633323081842747,13.350309689224558,-1.1426580783200977,-2.2466379371955005,3.0
-3.9068924669422724,8.345112181361312,0.7834367322981812,-2.5674616788913815,3.0
-1.4732628433364825,3.353876357147554,-2.646985928072475,-5.15278761941812,3.0
-3.846723628639581,16.269297357859607,-2.484540996625308,-5.388058467124321,3.0
8.40577959280522,13.82601554000017,4.088250882556055,-2.0632318107463723,3.0
14.982357510107269,5.812658423668072,7.653846232970442,-0.43719804483273994,3.0
2.763700443833435,7.529592154656132,7.568597394103129,-2.8229370658982798,3.0
-14.320220660551623,8.977831637140895,1.9801161353814818,-7.318691733002501,3.0
1.4426884549537355,22.848847375855634,-0.6439787780907693,-2.2275797995099165,3.0
-4.26939602242478,27.93422594462037,9.609757795886356,-5.679268571158975,3.0
-7.586810416096148,20.264097294384236,13.672284008101952,-6.626179350923332,3.0
3.1169854768465024,0.33520918443612757,9.393991991319773,-7.694655415827822,3.0
11.85050586814107,9.297744343796786,8.374800266195699,-5.355416634125644,3.0
6.754820104688824,18.364157485324796,7.472060473304444,-7.230738423760332,3.0
1.2115382228526288,15.57133414966686,4.03845183354089,-4.028791406407488,3.0
3.833471568750838,10.21986925902188,6.1947532463356385,-1.480803722902896,3.0
-7.404602580737708,12.914960305045025,0.21347189147221446,-0.22812597191752015,3.0
-8.131325297175291,11.055880973398137,-2.2988577555245975,0.8461385388553158,3.0
-1.100102458716767,9.177208412568149,1.676016760032586,3.4093584179836007,3.0
-8.750944966863745,22.47889650413001,0.7338568789675288,-0.8104518831289098,3.0
-15.774723658131094,14.419131993971284,1.9353791953517838,-3.0028064692633953,3.0
-11.728796262834788,7.395775108130641,2.992476026620771,-0.917095836722756,3.0
2.2189013038386127,15.524052934198725,4.697680877187177,0.7307922086169181,3.0
1.6141137256120859,17.90901537961679,2.5321312938067955,-3.267575483403074,3.0
-2.4988229537154067,18.85377182389652,-3.384299796013736,-1.2473310614483348,3.0
-12.509372246003398,12.521280442033921,-3.117299940027518,-4.108829445609126,3.0
-11.597669215522924,9.436110242547134,-6.852309820808957,-5.419074898082739,3.0
-8.962675719521384,19.335035248796277,-0.48345665611002087,-2.2007113587241123,3.0
-1.3511336023174811,16.667777051898653,0.1713530773445977,-0.02564874275101925,3.0
-1.4765601400261148,-2.097317276821098,7.553372905221065,3.560454077805052,3.0
-12.626518229797114,6.817830071757548,5.703731071714409,-0.15462085206333498,3.0
-11.239201356591195,3.428062885591899,2.674344772950847,-0.5520331648871823,3.0
-16.67008959591254,25.017135940379298,1.8114204673180856,-0.6315340874210187,3.0
9.34341023853337,24.00042991466218,3.0306182662359253,4.717567616604587,3.0
6.930887193726233,20.283854596541424,5.695715353516082,3.8018433978710924,3.0
24.08138967133429,18.207962318007464,-0.04176263823810311,2.5579977707392216,3.0
19.480364194283162,4.325620396696621,1.9829099328234423,-3.1263470543320513,3.0
7.854934168467897,29.096838283419853,3.9414892417440353,1.82587680636793,3.0
7.435297502796908,11.762316126999417,1.3754517356595386,-2.520661707488406,3.0
12.21788100060297,16.700626079131673,5.495644110345729,-2.488527542766165,3.0
-5.88592766478006,9.576139597745039,5.857543294975473,-5.6953072456959015,3.0
-18.12876939144659,17.46406611007732,9.336149397829988,-4.74916513788992,3.0
-13.606358851264538,23.245867870620877,12.998321820400614,-0.9032832587646005,3.0
-14.149508165546578,18.98653616433083,7.285162583538893,-6.61949805921974,3.0
-19.66487679294223,17.131286675772465,1.4694787929443152,-3.148173842118169,3.0
-28.755628283200267,17.189486027794512,0.6111140961565562,-6.833502526053638,3.0
-1.4740493320204582,27.794925148866025,-0.26570721174257095,-4.5426238828580425,3.0
-10.538229135119485,23.15373213771319,0.36348120783286086,-5.397203836252192,3.0
-9.623702416624372,24.59169395216541,6.050438761602362,-2.3143550950375484,3.0
0.4051940777686267,26.68603284996982,3.359618317399053,-5.509543733234187,3.0
-14.146661272095239,15.128173879404734,10.65913702608896,-5.019767729807089,3.0
-18.96333315608515,16.978570291868678,7.6933989962504965,-4.107788572994519,3.0
-3.5538295115108554,20.47059204283401,9.0176836991928,-0.7105782208414708,3.0
2.028192868864693,28.179692633556012,4.603761226595848,-0.749264365346552,3.0
-6.8940395493508575,42.652482541472054,8.392268258582536,-4.513969504095886,3.0
8.472730366841759,29.731194802854674,5.205308097104327,-6.351696024172876,3.0
-13.116727334999243,13.282089045134963,0.8420693329451412,-1.6000532827187346,3.0
-0.9889623720691434,13.464030802359707,5.778672560662018,-3.2231935268962997,3.0
-2.1723513399491132,18.95392951835227,3.2584570047229104,-3.774428236201963,3.0
4.907989165789447,13.879637479146556,1.2945486280615124,-1.7055070525037985,3.0
4.510562208963871,21.533936099640393,0.2539977475094324,0.4316348835032108,3.0
7.422389266487233,28.933291037145104,1.0695359571791738,0.9246755997130904,3.0
-7.156155951962152,22.07964567182368,-2.2128918477660937,-3.558447632340505,3.0
-11.767620423034325,31.45819898952053,-1.8807630430765934,-1.8183664868128706,3.0
0.3022711042005053,16.82461573116472,5.599580910798478,-0.1649442721626615,3.0
4.7782161312514635,29.524630662830535,5.176911683472094,-0.5753983348753027,3.0
1.9953626589954832,14.128336016037235,3.60623640441472,1.9900289497656651,3.0
0.0971291394920536,14.048733103935154,3.340196645798086,-1.2189447757835217,3.0
1.4710715842175657,11.333798608437114,9.515881447497158,-1.4305113874067965,3.0
21.936467299749573,8.21977564404958,5.449137552290674,-3.077432948028883,3.0
10.144308256022253,13.75065746805904,3.0007197327325645,-1.2583262225173775,3.0
-4.366014766620087,22.163184823334984,4.537583041266143,-2.300260891679708,3.0
-1.7015748984204078,15.268427926975836,3.416012620274124,-2.6833540481667484,3.0
-21.030735634866684,25.23106618021248,9.945149054572225,-4.0930028095031155,3.0
-18.816025678314233,26.441580082100515,9.10499164335198,-3.5406528372194925,3.0
-5.349554968892331,26.15594927651206,3.7068127167056693,-5.820542504117778,3.0
-1.6234529310044463,35.438258507579974,7.687620161546739,-3.1834695778163455,3.0
12.938825753824695,26.231618891463803,3.8140883648092267,-4.314603614852401,3.0
13.121855574573534,23.9415493829916,8.289005576809942,-7.142161918071922,3.0
11.059398720391545,26.160263321369406,1.4577063487195288,-0.06692068675707841,3.0
-1.7973476561434438,31.962604890928635,0.22337859721606979,-3.0626935556248913,3.0
7.435869783604364,16.85743020630502,4.4629374596719185,-1.4577694698940078,3.0
4.515115496149377,23.11728456191107,6.828449447964821,0.01380329302080785,3.0
-6.282711903914155,50.22200306127141,5.997993149612739,-0.3679291038747661,3.0
6.794427112089167,33.79742565131413,7.136042280009845,-2.5972304310912167,3.0
-0.5399005391733738,17.51778433007285,9.259048307849136,-1.1424478715160225,3.0
1.968679869227444,2.608454564452842,3.8942894699439075,1.8760763276801489,3.0
-10.033866459177855,18.702434158264147,8.410085638113394,0.29808701155718187,3.0
-8.461166155851002,22.326762721409754,9.577408419556242,1.590071564781584,3.0
1.4691155717407374,28.5391773516333,10.950370264679922,-0.626603635986261,3.0
-5.749201170029488,11.14552787387765,3.763452178609334,-3.8041753221648387,3.0
-7.243155129241256,6.56550074226714,4.981534149862192,-3.5478157808238557,3.0
-5.650850423450078,30.25071271700189,0.9625271952759968,-1.325822053612637,3.0
12.901491693666406,29.153820523843706,2.932877084755371,-0.30347394910683256,3.0
4.092091445614171,20.43224459261414,7.199193908181703,-5.886277099081439,3.0
-5.140782296655651,16.331581934593473,8.807177490371501,-6.7426460656491045,3.0
-13.277162303052963,29.08125725244493,5.419478706789323,-5.082112309025305,3.0
-6.399131193070076,18.51338218508611,6.832135891383509,-4.336057768432578,3.0
23.01437625159664,6.334251119197997,8.609671741351121,-3.5500953900617924,3.0
1.8782425283944426,8.330814011881326,6.1946080705532225,-4.6340439253585055,3.0
9.666351775882019,4.465883197986068,6.65905110464069,-3.051800069348547,3.0
17.548936019512013,20.089180763682403,8.062014756806054,-2.9338566496824665,3.0
13.884130855193353,7.730029606070312,7.271855591514397,-1.8197087896503459,3.0
2.7795307046090105,3.314484892723639,6.454767229253843,-5.267456046211935,3.0
-2.832994111112619,19.320657904047064,5.387383857807444,-2.3309673830147957,3.0
8.4825804799774,24.44535210494341,0.1343623260381781,1.3660544044848482,3.0
1.4478209819393135,39.26795537707617,0.46644106876878233,3.168907517236919,3.0
-4.128516042830655,30.63545414519044,2.3915365500788273,-0.38681818640439625,3.0
-2.155103868662416,36.82016663487178,10.118516570125266,2.9106143617739093,3.0
8.159585225090462,25.539239213023738,5.114990447044168,-0.11090368577464904,3.0
-6.246899107384392,30.188796776540336,4.222207364379789,-5.4594278883359815,3.0
-6.642314924406876,17.075158017728477,5.118763864459758,-3.716474225675507,3.0
-11.520386142176884,10.2594311493975,6.641105832710952,-5.336151455718621,3.0
-6.589188812451661,13.408199854616846,4.12004731304418,-1.3870800141316146,3.0
2.277273542318342,4.819847946096811,3.544562424067508,-0.9894930190608804,3.0
25.1166943724364,0.9772998165087028,5.14872745141085,-2.3415819062456675,3.0
4.220337363427938,7.55189805522186,2.398934627831246,-3.412634465407457,3.0
-0.3900650079999437,15.162248818411763,4.151921292481353,-1.722771614576662,3.0
-5.415080838368466,3.532610598374795,-2.585369109098291,-1.3190069364276442,3.0
9.707526741251215,17.085272776092328,2.091828346167868,-1.09196048321763,3.0
-10.1852641653993,24.66144229760056,-0.5938218605949452,-1.2108167332352353,3.0
-5.442801136172727,18.364922799602724,-4.842619210034724,-3.41209130585753,3.0
11.996959250572583,27.259720737465877,3.1472371821821326,-2.1054567856431126,3.0
-6.6231670712260815,23.349523498786894,0.7552555789038555,0.23257126195823474,3.0
-12.620681064688961,9.863754711005447,5.083205318303069,-1.084500402997933,3.0
-5.1250722572686245,11.127296038970897,11.778579500993427,-0.7435659268487727,3.0
16.38348890150379,12.174372536574204,7.366584129899522,-0.901658017087306,3.0
6.755286101602783,1.900614501547608,9.888896954653344,-4.351863876617195,3.0
6.603700707745245,19.590530597500695,9.277726576896015,-4.26040132867693,3.0
0.3138595555268484,14.643797166029323,7.197890089409732,-7.187772566241867,3.0
10.418788338941999,18.181752533917063,8.37023666299822,-6.936049177750749,3.0
10.344352194370812,23.039613884945176,6.693675492979391,-2.623917109507428,3.0
-5.105310274773196,15.002495946941504,-0.18320394757788172,0.27767276368608607,3.0
-6.702604760874275,1.825767654357664,0.047084533996494926,3.16101603020027,3.0
-14.16778712273641,23.20755808517322,3.4088459205686124,-0.39310517342177986,3.0
-10.867569704556608,14.630924269276669,4.27243617057612,-4.338753177167542,3.0
-7.050926999848103,17.88719183831661,0.7331012982057863,-4.762670150814493,3.0
2.3832402810669593,12.822285793920644,3.236842497847439,-1.049060736689319,3.0
-4.8264997350808505,4.393333583634773,1.578964047410733,-2.5119289352187195,3.0
-0.9525965378884997,29.18550102768011,2.9416339959536835,-4.9581466054255845,3.0
0.8233548844796172,17.267273056006033,7.333199027681496,-3.9960529439229378,3.0
0.5433879779443467,19.7432999532183,4.250139489523583,-1.3072542621847565,3.0
7.202349293591485,19.178793234848335,1.6600539682396582,-1.4499563632616617,3.0
0.7462542468162829,26.74209675780127,5.226383866660248,-2.6805140412573905,3.0
1.43841159479071,13.565865379338103,7.169203839855385,3.5145414344765626,3.0
-6.510673245634476,19.774027846432734,2.7997075908803337,2.9936611879970867,3.0
-8.60846848687842,24.771601158687197,3.9923687543216184,-3.0391586424695616,3.0
-0.24311365780703031,5.469108477430542,-1.9691561786684013,-3.7129539596472787,3.0
-14.011780245057635,-1.479013772582027,5.771559532534122,-0.8873858697879566,3.0
-0.4259527382824526,8.993100591729124,6.520042590058784,-0.9567594024451591,3.0
-3.345330708426614,18.32621029862426,2.557906456816026,0.3536404898393365,3.0
-0.8954050543675365,16.29574626299229,5.785496766667315,-2.7607296951236435,3.0
-8.17331955348806,12.207807739061803,0.8133477487767355,-2.9205291701552096,3.0
6.18255517204002,11.575425620802143,8.974298217625943,-2.5025396784019662,3.0
7.5973614949686255,0.07128864115237299,9.427432181049888,-3.3360840767813134,3.0
4.1281050150040475,-1.6810038806921632,6.45387331657667,-1.5757031454848502,3.0
-4.072718133256544,-0.7278984596604801,10.117208145100761,-3.5252429827431326,3.0
-0.13216769897770453,22.957540608324834,6.870183209504728,-4.382144948178472,3.0
-11.42769415691114,16.937844918592447,6.28039796400113,-3.528159757431222,3.0
-22.405040907200636,15.524824712251153,3.733036821003693,-2.962827340362066,3.0
-17.53062792438498,4.645993688246273,-0.8053697897016461,-0.3439627709643882,3.0
-13.81601639777579,15.187478613204426,-0.9641894935477207,-0.6438148382761808,3.0
-4.369546741823273,15.171312099889448,3.69205370218936,-1.250835842324419,3.0
-3.3356095126510237,17.541101944344994,4.7266843018023605,0.3963282653346148,3.0
4.268226851656946,26.669297149881878,8.481045971093964,-0.19058829581785397,3.0
-2.6834532905963453,47.254090583290186,6.146095200881602,-5.486568734390495,3.0
-1.794644152006482,24.657002170146797,6.7452407785724375,-6.816106836588541,3.0
5.616360620166243,30.874608512463812,12.398101637455035,-7.7278882004251805,3.0
-10.498961183828074,8.71182374282492,8.086862122043462,-3.1301919120349004,3.0
-1.919135143128992,3.895920528427488,3.446837418002408,-0.9506701458716722,3.0
3.0255141894949653,12.562835578110722,7.0576873766964265,-0.8429210481453424,3.0
-5.58796074676404,9.931530680820595,2.060270067772744,-1.6323244308485791,3.0
-6.948499601902413,11.597393075587577,-1.3443616268567835,1.2539523358704887,3.0
4.253306716769131,5.1897769096243,2.3122802717122846,0.845001256600296,3.0
-8.409523951144472,6.868741711365676,5.88841482831287,-0.7691862013294006,3.0
0.25100277046908603,16.905987511085698,11.356748595290217,-1.6182515714665082,3.0
-8.914707622369743,25.54282384376787,9.845596716480735,1.5590558375885677,3.0
-10.76175796135433,15.842316334047034,1.6527112519120264,2.0802676007345053,3.0
-14.008284469246272,20.928432955171125,1.850166011788453,-2.41262119470088,3.0
-12.21285488306868,8.667831844609896,-1.1351904732914226,-5.239201564697634,3.0
-6.135226803395434,23.431359566489427,4.577231480495193,-3.9432294391906613,3.0
-22.094711927360763,23.304665081290157,3.727213843511491,-4.530363273911803,3.0
-6.842870122804888,29.25506788951907,4.72324886808725,-4.8665350563560015,3.0
-3.132639896873507,42.09362939387126,1.3563540462041246,0.4885609359874892,3.0
3.621857572343188,29.820914674136652,6.473622193711332,0.7270392764274356,3.0
1.2481023618884532,22.734941274102308,2.910278033132312,-3.1285105448617796,3.0
-7.600630077375329,24.378497517360984,3.257239240105168,-3.9979148579237718,3.0
-17.2311830558315,18.131267871141105,5.557921838176651,-4.539608108980492,3.0
-28.3743759039094,18.21985689783096,5.478582402360685,-1.410341081826082,3.0
-18.69604153998371,6.280904522820581,1.6040835211947975,-1.20529458568729,3.0
-0.3184965080375428,12.668736427695023,8.620868589477709,1.113867680639149,3.0
7.426419919693044,6.550904321667813,4.562083575705735,0.19984883369891893,3.0
6.700968920288499,0.5707799662742978,1.4699914821034168,-2.546105417278876,3.0
6.577135185782072,13.027235357638268,4.964330220631724,-3.2922681167549364,3.0
-11.924894548787865,21.70226069222165,6.284612039652122,-2.6151066097907507,3.0
-2.684926850130161,-5.226766347318641,2.5410530454215894,-4.244598641450061,3.0
-1.2402976619160304,1.5869829794038761,5.621301526845163,-5.5818248764932,3.0
4.468879195970189,6.801733239897203,6.234857778658133,-3.703984627356301,3.0
-5.800281881100041,14.142907163105301,5.776565959693257,-3.905033147757921,3.0
-9.731333346271128,1.6502686946498848,1.832540860766998,-2.948852324737342,3.0
4.153681094038726,26.92131341708655,7.909533953362926,-4.072036903416856,3.0
-12.358588658904571,24.252292018614675,4.241128538435865,-6.834878700491355,3.0
-12.803771748094624,29.737178642360767,8.618999149114234,-5.617231859178359,3.0
-21.448429051156133,7.1549763597365965,7.351706140352963,-4.502520440275497,3.0
-12.00004902965171,16.384724747882103,10.06486458765567,-3.777710376279691,3.0
-10.233802706273208,0.7571087246288757,3.6385307669007467,-3.870287901942647,3.0
-8.488009508341452,9.777043942286744,8.487382688631767,-0.8100428004181457,3.0
-28.168478476341658,11.292249103460849,1.4494584901946173,-4.256040487226439,3.0
-11.111023546089328,24.89754019832351,5.854503866693195,-5.050606669247673,3.0
-9.569129752522159,15.663082229129486,3.9161845593235434,-5.006658970142969,3.0
-17.65088481251599,15.286609124793353,5.091797450449556,-1.441203430438194,3.0
-14.148890623950198,31.920315825875807,6.244667065284758,-2.094637086823536,3.0
-17.636884658691738,6.526967199699072,-0.8999978860227875,-0.9610430367719403,3.0
-4.726559469726137,21.03503477686458,-3.8895681986650423,-1.609143480007149,3.0
10.691610124911088,33.433564040908614,-4.630370752796801,-2.4870253124087967,3.0
3.6697177051106733,27.021435084266933,8.290292494139031,-1.0152077564999693,3.0
-3.522217826825401,23.43619156266239,7.225151631633089,-6.404293375649745,3.0
-0.557633400952448,28.003851814789535,6.768706080787863,0.8594031240118265,3.0
12.891132780069308,24.243463599406994,6.548535654029191,3.2039205473596866,3.0
21.718816501005225,21.46490292452763,8.236672480565279,3.0792331862872824,3.0
7.896056223625626,11.392332346406123,1.7440811002527115,-0.1977324982824304,3.0
8.788983038352997,14.027074723970546,4.499511799597855,-6.097784382515503,3.0
17.562726169732446,20.678883331489505,6.636428517206666,-3.429370469405507,3.0
-5.439910987180508,16.585102789104504,-0.5611531535015342,-1.0010642814267001,3.0
-6.140273661121541,29.144372460355303,0.8137218474827623,-6.167381137901998,3.0
5.175418658416021,25.870286798176323,10.090323988787047,-3.8635645553560076,3.0
-4.848540541372902,12.327469267566133,6.970613186994858,-3.0226513865446725,3.0
-5.930069837997793,22.47836363878669,6.597155733313995,-3.836954446157464,3.0
-9.40786427113894,24.329831141831562,6.904988318368336,-3.8365781443243634,3.0
6.572540756298502,21.4471209246844,2.7126882179377434,-3.753319870512401,3.0
-12.049719621679959,23.986222823023123,5.500270286687762,-2.8882606018755257,3.0
-6.291307856925766,29.057128810781908,-1.727144322544734,-3.6242579268607,3.0
6.998618126084102,13.08565700159362,2.457011514329143,-2.472145731348317,3.0
16.692189792975995,19.887799571165885,5.024443098259462,-4.080339556927241,3.0
-12.843792786144688,9.714990672034514,5.671979375047017,-3.7686101478423386,3.0
-5.060704240746661,10.066193559111225,6.040992705578944,4.752067855912314,3.0
-2.5058726650208065,17.48887841140757,8.16157357549083,0.7532254512516534,3.0
3.192831819274259,14.140105087034573,8.240077920365579,7.104765591965141,3.0
-9.323594586182649,25.908574699695304,3.900300416017167,11.306600622779747,3.0
-4.699906008407546,29.036684572675284,0.4233605157788949,10.4963295584339,3.0
9.515597391997979,24.30356281682551,1.7601247177833308,9.237918132531709,3.0
3.0555299971953707,25.428688715606988,3.2023667136814655,6.629262556719066,3.0
20.956481133564985,25.386875904531042,6.765304564680006,4.444576668097003,3.0
1.7816264542164504,47.911034631403396,3.4646606844694774,6.106646351646586,3.0
1.0660620995127594,33.12881684580799,5.922809767396137,7.620115935523076,3.0
8.445454312357823,28.652701391961493,7.216526120806384,6.04259976971759,3.0
-1.4628341091631323,29.829053233786084,3.295296125940589,9.865116491532897,3.0
6.339945470079789,18.494278693021243,3.8888553644217003,11.633951685196612,3.0
8.568820690125238,25.756546041254758,3.3941085973183602,6.715233052588834,3.0
19.83800629089317,23.4329797910176,14.022327768535092,9.316810707532671,3.0
13.271354827726919,17.35916232837164,9.00195365088678,6.926742090420568,3.0
-4.39999942875567,14.765971536355298,5.206159860268596,5.659657779597273,3.0
6.733021261408702,15.550125294850677,4.829673691620979,5.613223984027205,3.0
-5.855451757645768,-0.29636517460852474,8.601296453959185,7.215829120026257,3.0
7.620136618318473,-11.277649706767171,0.6288758247260535,10.845626690541529,3.0
-4.802371572428649,-1.7549659475208017,0.7643018831485691,13.530259431311032,3.0
-0.7761379018007144,0.16945886695432222,2.562182521717914,10.219299873933101,3.0
6.275876160737179,1.429690500022744,0.9842276520668656,10.65689928993406,3.0
8.151500431351273,-5.666192154935125,-0.24185382191360727,10.64519868066272,3.0
-1.7216034804180058,12.304509742214272,4.633821527035813,7.877517233763057,3.0
6.032979637414246,9.015785545487926,1.4289515039859046,10.208623220116733,3.0
5.184468350751446,7.324316340484592,1.3386821972000367,9.364098510800304,3.0
7.200679097518737,13.147216171130504,3.362524578335359,8.984181974472905,3.0
1.1693085696079475,11.949316559733012,5.908359694557225,5.689010470886071,3.0
-1.9254482425071586,26.509057670487408,1.0154521021574103,2.661503479514363,3.0
-11.650228179603722,9.281197278498185,6.203088221159534,6.277414866004145,3.0
-8.706602533145144,11.522763816817317,2.855780602268923,8.041935009116143,3.0
-20.290075194218034,15.002427584709782,4.701237337013514,5.453349689961238,3.0
-9.140874565049538,12.435384715565139,-2.787546707637803,7.174868857645424,3.0
3.8158870593285172,20.58095419984228,2.075667020110327,9.380807154082936,3.0
10.836909869959541,-4.695995595917648,1.979233003394774,10.42519327867453,3.0
-4.910737661755618,11.178455985169965,8.232201339090512,8.677802761482555,3.0
6.518346508390104,22.631369108411135,8.678479642795036,9.313502905414023,3.0
11.135573624464218,19.366652367860883,1.1524301957787753,8.17026186786392,3.0
2.191486023053405,16.322666249039553,-0.8877180696400218,7.543299245961227,3.0
7.124075238589091,8.901635650614418,2.68794749809378,9.374505393947786,3.0
19.868923493901793,20.859862615461815,8.608384861129458,11.250568090066567,3.0
-2.849468736058758,12.339838858718002,12.05901096046134,8.252387096733575,3.0
1.8991973730302778,16.723870450101465,14.758456850351259,10.253621891968633,3.0
6.515773095971571,29.018706349146626,9.160587871298134,10.422765402487807,3.0
-5.2916229684604446,24.850512756086363,6.108257185400004,10.14352989346853,3.0
1.4730477978405023,31.223796670952048,4.711463085484034,5.561901574739583,3.0
-2.280115981329402,22.151292143005634,3.7864972662313203,7.708809473109146,3.0
4.642301042395086,16.586047629814693,2.002965886873829,9.347756554860476,3.0
20.332375578377107,16.04576682618899,4.161297586612779,8.538084099692254,3.0
9.60894876521601,18.36659782980467,4.102704657974239,10.726873427247746,3.0
4.543427383081933,20.481612575125435,-0.3579534496493588,11.046502260656865,3.0
1.5398288252485668,4.6909033726165426,3.0320179235613764,11.3430836264541,3.0
-7.721493152736448,10.316224930407795,2.11395314474451,7.628259087596207,3.0
-14.607425394258586,25.580710196995867,4.483181700921612,8.41319229952127,3.0
-14.257287330122772,15.301573853800503,10.273819298607304,10.417223893597452,3.0
-19.20152909723685,22.622629346825878,6.019816488863706,11.960826955584416,3.0
-12.258301069477442,17.42244700474543,9.019035875653657,7.55071712002642,3.0
-3.954150493934555,17.00232068206472,1.8876558859253305,5.938270678573294,3.0
-14.413864851123865,12.464283546549309,1.0866220114302356,7.2853149521392435,3.0
-13.997995872762258,23.732549582535356,-1.4918636050905363,9.829277059341806,3.0
-4.0784777620070445,18.919267848418787,8.125091735193331,6.641286236356652,3.0
-15.64098316475021,36.035379496317155,3.6272760900853016,4.849296440596054,3.0
-14.625106365093671,18.44511230140952,4.561203317593242,3.773248499413218,3.0
-10.107930928649807,25.289021288263275,6.12665495900932,3.4145994624218092,3.0
-17.74815171873049,19.331526261366996,9.673071359302453,5.968643082428831,3.0
-1.8339257458501574,20.094275468756877,9.350727729931553,5.9597796382684285,3.0
-1.5339852263321214,16.409650324125092,2.7754777733632587,4.126397332754941,3.0
-15.958976833742025,10.246878013222254,1.921210909393766,0.10326790110922701,3.0
-18.296373699118885,13.19665481056351,3.562956823005801,8.12516657544483,3.0
-18.257451003206597,4.235605626900298,9.247136960158937,7.626677169965428,3.0
-0.036383605089651105,-4.451756503392012,17.091617475621202,9.899122629458475,3.0
4.663555594504233,10.582309592630514,3.462528553106838,8.962701649334747,3.0
3.6318157512744382,3.890738853794341,0.04149810547167476,9.370785559031296,3.0
-5.888902044432611,7.26807429324814,-5.903714684077119,5.46027777777401,3.0
-3.560055085287736,25.664945767023923,-2.66698017741761,7.499409898851889,3.0
-0.16085985997920105,21.72470230503356,0.8620610597692924,8.955790340536845,3.0
5.183375935245079,10.181506834478167,6.061109789265087,7.057488870712199,3.0
-7.8790698788674725,5.731869458632126,6.874989127139298,6.837716249341531,3.0
6.3341840399987746,8.722456611535407,6.248561431453955,6.365620686568494,3.0
-1.8015489119868633,21.519951513935432,9.905280580871063,7.734171308324524,3.0
4.387890589356805,17.867495254155795,8.822292664783024,12.740447626929832,3.0
-14.779040312868403,25.257849219478494,14.918797555600841,8.580187957282202,3.0
-8.829677822533904,12.273704905929211,12.761961819161586,9.191216063592089,3.0
3.4529876374795503,10.122920060265955,9.375055843052847,8.815390147785356,3.0
23.589945842571794,18.222482474937014,10.1361707377973,10.846727708027359,3.0
9.603646243122117,16.13488103065624,4.310032564211218,13.447540712162333,3.0
2.814965505108341,23.73433304448281,2.083679370352402,11.335232773219543,3.0
-7.432063793782923,32.160997615562934,1.6296948056872036,5.67267004268176,3.0
5.392901436566133,10.285547065443698,7.294534026697496,6.627875689216177,3.0
7.028356769194101,24.270725204919522,8.255453053977885,11.804692825075756,3.0
-2.016547225573884,14.319956287939132,8.12924515149184,10.253564824742874,3.0
-4.736880503014732,10.43919850472094,12.90102254993537,9.749530640405709,3.0
-9.359730982732863,24.950096206918044,11.27042541468059,10.104059840595117,3.0
-10.333590892985669,24.895204451857904,7.859822317876326,11.11544187570098,3.0
3.8898793815700827,20.26245127665977,6.6494178108455415,16.223378035894314,3.0
11.679474636368898,45.61028387116488,4.464663867389121,11.96807273091951,3.0
9.191906429449586,42.18396918755032,5.960873410131237,10.865914386089845,3.0
-7.505800361511707,36.88144955898563,2.1916933257718316,6.648985800445081,3.0
-10.65300201267938,37.63590060170153,6.489552055650064,10.423697146980226,3.0
-11.761800805364755,23.055394643394862,10.842462407527336,11.988387260949915,3.0
-0.3404995186827796,11.651548074407806,6.1205386177649945,10.647541976911363,3.0
-4.559331162669541,24.610852938540813,8.177381511129985,9.332643931978732,3.0
4.024437226048281,20.769149635940536,2.287951226072484,8.82043898136273,3.0
-6.772551006971869,32.57603543484738,10.6162092957811,8.390041947263944,3.0
-11.146202009064886,27.01862930394795,10.087479711961368,11.897261051803941,3.0
-2.1871503785793838,28.667257209431938,10.912857560062314,7.392267981014925,3.0
14.188569785025457,23.027048055047487,9.699524428019572,10.819362978324024,3.0
0.8919020627004617,27.93263907706891,9.304933909806195,15.759289940902704,3.0
17.09175802600457,25.63663625882723,6.03942115333966,8.898911865189339,3.0
15.968820386605126,22.13149937239659,6.902197130690782,9.225706503793504,3.0
7.373580170616028,29.210125352845623,7.383705653435835,7.812245152964477,3.0
5.373750040236211,20.358545006113786,11.481234332330652,6.665053216109488,3.0
19.203049302150795,15.316656114461633,9.812215793912584,6.870775584764358,3.0
21.694103763204627,45.01162505604829,6.458272899332773,10.506519885180088,3.0
1.228877885347087,47.446324722520146,2.943612279416761,8.444979632870448,3.0
-1.7990246042843836,23.698562250604034,4.101221713676873,11.273154026156247,3.0
-10.603709989246845,32.52075146747555,-3.6488735714941765,6.712155801182428,3.0
0.3444192076751529,35.311053937731316,0.6078156636930769,11.449028217912833,3.0
-12.239399867762785,21.35519669448118,5.284216480643993,9.16429737467155,3.0
5.9901315403356605,17.64168312761354,2.178652356196735,8.34767402679153,3.0
16.803340032545705,22.165613904032494,-0.7082541879562552,5.453332325019005,3.0
-1.8387239423673707,23.431669929597184,7.7500620298062834,2.4247951737913453,3.0
10.89917713703445,26.728363339357795,9.255332354806614,8.660910561016538,3.0
26.660966149660673,9.000907103646089,7.61441914032665,4.755890658331246,3.0
12.321362382472092,10.46272270422218,3.5507414118269223,3.732048121005337,3.0
2.7709453050609665,4.082662607978639,4.098563739477175,10.35543172825693,3.0
-2.6126756429422064,7.169573645453021,3.429566868147591,9.005928818201255,3.0
-1.5497671098597863,21.998236661825036,11.001481090056082,5.703902467004688,3.0
-0.9281558646677173,18.68937826923883,3.4295502662798203,6.022131995969355,3.0
-0.2764988518224829,23.721548339697286,5.852744829219822,4.085201033558519,3.0
-9.77464196186492,33.28601156741511,4.616167750965774,6.230510069137171,3.0
2.7410549525415915,26.162410116029896,1.8503385517421922,7.932047073376677,3.0
6.99255267980895,25.750962411002696,8.670609627777907,6.441110387751452,3.0
0.3138652322194426,16.145384583047786,13.502932578126483,8.415697625777323,3.0
7.659882953710283,17.518288448220087,12.586416778356012,8.659840392048913,3.0
-10.499239597203642,14.690633911068776,8.38695397968943,8.854864470260774,3.0
-18.586865646168818,7.9726261624049695,7.360312648676068,5.730534465219778,3.0
-4.859745425047614,24.222461098934453,10.263158176517972,9.813395003490543,3.0
-6.262847112932524,11.028911211180917,5.314889823722992,2.871492354747171,3.0
-5.7345130702672,15.827913713202099,9.302306602038927,4.388807800838415,3.0
-11.98165090811905,8.01826351899675,6.51435931277245,3.7640080874167,3.0
5.270065175773439,19.74235637737482,1.020488723945598,8.579308054683976,3.0
3.9497337458778556,18.18879157161089,0.3796065431916036,9.103903813613382,3.0
-2.035948259381075,24.93165144033692,0.5640472116874555,7.16225236963488,3.0
-11.027661687516257,27.648683872548357,2.244283116161518,7.6393418017671015,3.0
-12.497786819552577,20.006343245911555,5.675826574291753,11.632704726211148,3.0
-10.042118310932882,11.816129822214105,5.504004096904482,9.21935116340589,3.0
7.71391930517867,29.661237169172118,8.32435209900308,10.974712370459905,3.0
18.49309020535107,17.28810378768254,4.3827337215463755,8.049907584626446,3.0
-2.2294574322431098,9.601173072022467,1.0828991115420994,10.983918038799551,3.0
13.159422296154377,-1.672424166134837,-3.0239331395995928,14.14251914791924,3.0
2.352037632662272,11.785929936524372,-2.11592735590361,13.827425785660008,3.0
-0.09677468150681623,3.435028320791872,-3.103061635233439,10.170623522537621,3.0
-13.53614066937104,6.831495193569195,-3.6289091626016114,8.277181807769017,3.0
-15.63226665763736,22.88529142947512,2.8963685610680465,5.779355640451362,3.0
-2.252018778076597,28.306708894216094,1.1018268680929877,4.72220640232181,3.0
-1.2464709464260189,34.2137904923272,2.955371511448723,3.451642637464727,3.0
11.609406748616141,18.077728508341146,6.885396303336274,7.989260889785363,3.0
10.727436134377825,3.452621678711518,5.422180585613139,11.770840819670518,3.0
-4.682396682386207,5.024965747469911,5.496293413173992,13.543458218427809,3.0
-8.994068049436237,6.074400280422813,2.0717342151717753,12.195053788771414,3.0
-15.36827465457635,3.735709904002011,3.1242681481027326,10.971208911591368,3.0
-2.8564936419026443,16.19647596752373,4.861572619174635,4.153914907906072,3.0
-19.466079277131115,19.03329978945094,4.697958363301217,3.9916401613295536,3.0
1.1339642675213186,9.359078468893966,6.974636093956617,8.451049243820066,3.0
8.65423870583368,15.871940779709185,9.858348645716985,11.062019546440128,3.0
6.904076234955222,26.916658357775056,6.440803040534028,11.643767924026587,3.0
-2.2341411584520916,21.078850660798143,0.30461920731752956,6.907790784610713,3.0
-7.1239107145518465,20.999378077688682,-1.2962691500267374,3.96644303469669,3.0
-3.429107882643848,33.55194540896286,-2.9251649017075962,5.798581642091268,3.0
-5.102563094154318,39.86731561966643,1.443163843350753,4.824730543669066,3.0
-4.360441183029835,24.463253604018067,5.65466162428728,6.57997057584415,3.0
4.734159732620056,8.261865306513513,5.577988971549029,8.127376890308271,3.0
-13.327713182417632,10.356109866031575,9.63668215097025,7.84164423048272,3.0
-14.394732712535664,28.58507862174457,7.870857941956436,7.179553053616919,3.0
-28.484155124674487,19.7178197434931,6.314112007038947,6.654205905449423,3.0
-20.68766294422406,13.415064525615358,4.010747655596886,6.191585744400362,3.0
-11.270606891499256,5.760604762474042,0.6906593079356771,2.639088300309191,3.0
-4.422588375427818,-0.34171267270298955,1.822987678342093,3.6547830244853987,3.0
-1.5274841428179915,17.280266093933534,6.782022605639014,9.211818076514465,3.0
-8.290257024598317,16.38436559789673,3.860448431045426,7.158167760411577,3.0
1.7498451211133128,22.06046076664878,1.031637353015641,4.152700975229754,3.0
1.0589511199291652,30.118157820518448,1.954812764157901,3.569421794450431,3.0
-7.715082225010888,9.164155607122149,3.4939134360174866,0.679935917937657,3.0
0.7638717301166685,1.3653591514463734,6.9273034878705015,4.297481968471417,3.0
-8.759174800635343,10.822813988914413,4.89918287689432,11.053956440033534,3.0
1.0281883357732227,0.7896424768400632,4.172254468702013,4.908782875732873,3.0
-13.598415741906846,17.319792934592897,3.9380369694640924,3.744855633193086,3.0
-6.125704933913722,14.496285128634533,7.339109074421998,8.158031423843111,3.0
-20.674724707595466,14.129950764808108,12.83770179466884,8.680151136617454,3.0
7.679777098452,5.837363512005586,11.531476120517109,2.6991660218277964,3.0
2.5533261948407535,23.98364771748461,3.247175005270342,3.845868426140922,3.0
9.35256943032707,10.511807760247233,6.651038376907736,4.851392158875999,3.0
2.4961369191398046,3.709627161597858,6.281836565579779,7.66366398825716,3.0
2.2772090149193964,5.203845254989824,8.42656062593414,10.94764037342285,3.0
-5.597864893741349,20.335295831426386,6.727785535095787,9.110934509231749,3.0
-3.7988617371902356,11.302656046992226,3.233545438455115,11.596703144565982,3.0
-10.222663001480718,-0.10453527228641768,3.9278004653879934,11.537085439245512,3.0
-11.851750663554418,26.576293076195125,6.818243549339218,9.209906424157293,3.0
0.8547259662565039,3.60062931389103,5.002688444606712,9.452848591215384,3.0
3.0732748676163055,5.791169014092169,7.253363586398951,4.015627588802427,3.0
15.438898150906065,19.831811880871932,5.208394024626452,7.931810534272389,3.0
3.717123287636317,15.132947223198407,3.25540838255961,8.709807643532216,3.0
0.8245572212994281,13.146694506791656,6.569958882931589,9.155284444939248,3.0
-3.65550327073845,19.382724568476817,5.396328500501603,9.966533371569064,3.0
0.6074500073888327,14.463544601118919,9.824990138111865,8.948730065434644,3.0
12.597016459633505,13.118840940343114,6.472649290956596,10.285964265369017,3.0
10.626862433440712,19.652918087621256,7.518394668942509,9.20267399798694,3.0
-8.99864174088068,23.420842127538016,8.466777773992316,11.102133241905712,3.0
-7.305276662264914,-1.7992657713687006,7.736371673530499,8.293180072722071,3.0
1.101256352849512,12.031655084225832,10.151515577619246,6.435507281248612,3.0
9.911871590887868,19.621497473289473,4.036509812956222,3.0825607117045672,3.0
12.696812793346037,35.458126888147675,4.165253175124461,3.548471523006117,3.0
14.740286218256593,22.542998103243786,2.2722778464465208,5.958015623501367,3.0
19.112536099982602,17.34863928906045,2.4433116630300513,11.368834908317034,3.0
7.040850709294679,27.931768654584417,5.470941450488622,9.740479712767451,3.0
12.585176207684682,28.43711762432288,9.217351412941253,11.189358692979404,3.0
-3.4301028088553824,16.35874552376148,8.463814635024287,10.55997734589672,3.0
-4.555143905678207,22.122776146740488,6.325232214716219,11.883301992416925,3.0
-19.841909713147267,34.36599616056475,4.5370855873308855,9.869557081418211,3.0
-13.778882274647255,8.16425268773016,4.032409259917405,8.131903133446114,3.0
6.987854498524721,12.207563337796614,6.7268635139375315,9.29314764179302,3.0
0.4238277471108045,-0.46481696183120214,6.060843615807052,10.92775579867881,3.0
-1.713212078775987,11.942493158740394,4.613131693700596,10.767660670382169,3.0
3.203227053383519,11.96362725584404,2.0934651443162475,9.972547918537892,3.0
-8.308072096814058,17.832104348669652,0.42930056008893214,12.115296520915548,3.0
-13.527444774880655,34.65229809924073,3.2344968946666626,11.911250481419305,3.0
-2.102670022224167,31.173041795254203,3.2631547794486684,12.774223732005039,3.0
1.3719490690741551,16.499908706232347,10.487976691544045,8.780013009388194,3.0
-6.4072028505783125,16.898185834790116,11.767116381833848,8.305295499568077,3.0
-0.8244835430571595,30.102095442363485,6.448805835989614,9.014081953140987,3.0
16.440833321269366,24.7118328027577,7.0024855688719505,9.124972317597685,3.0
2.255823899006894,7.768578510279477,3.4185117989407345,5.657404416557851,3.0
-2.8080120477349784,9.488780144562899,2.8307731175143735,6.326739199850283,3.0
-0.010608639526395791,14.123533915652708,5.238079697725347,5.408166589094908,3.0
-4.6298098102232235,33.13497193894863,2.150169276611778,6.483832576970938,3.0
-3.6008401649979267,14.503252475728527,4.549648572668426,9.609750712252442,3.0
-18.70773739227429,15.203567452100408,0.7927841820755148,13.313137259379028,3.0
-20.0210655328401,15.07120104669096,7.781745379154602,7.981796024167565,3.0
-16.909506277842183,13.994176269477704,7.9564604268460855,8.175889767204426,3.0
-11.72130054675051,19.52171092244561,8.102565536582308,11.62008966073299,3.0
-9.602822297092429,8.592959486349875,9.129315963537683,11.859127284543355,3.0
-18.59280068325346,24.6678463007345,6.924141572990866,11.490919368398004,3.0
2.240689088621307,26.882978876219145,5.141498778147522,9.793193540394943,3.0
-6.579875310912415,4.456767699152726,1.3172875382632667,9.004785724831581,3.0
-1.0356008134940016,-3.2896489735121754,1.6898221575034604,8.52901146116076,3.0
-3.4235077227643247,2.381259234708791,2.7397296335088313,8.759287607717974,3.0
-4.169314830563174,15.749391890909507,14.055948494392426,8.331672746199127,3.0
-11.048950826424827,18.758739100886167,12.275953084854748,9.099985633431782,3.0
5.995200008097386,4.47879482245162,6.335818740571252,6.614838646871548,3.0
9.124565305642903,-0.15830217568391092,10.849483719473113,10.527951862564413,3.0
15.977012645342727,-2.785788521716036,3.410228806981864,11.144164463978285,3.0
1.064191457802636,18.19474352952222,7.029700164343516,9.304570897187453,3.0
-2.483600204712138,3.3030810223480316,-0.17959526708411921,-9.153360572031506,0.0
-0.39680771775020085,-0.3864365689985121,-11.399932882111607,-11.566388250384914,0.0
-4.733036748661338,23.92493398405235,-8.591740916237445,-12.792879741681084,0.0
-6.8098553352284314,8.475279063328104,-7.187822727356536,-6.450101074816425,0.0
-4.749829212802459,24.930210341154044,-5.592955223198116,-17.215693190901355,0.0
2.261283972257299,25.36091716083463,12.69550563843056,3.6806941858461464,0.0
4.0428331919434495,2.2472776072588196,13.581351241279357,15.300089366119995,0.0
-1.645096459480742,-3.990314707797129,10.767350478781822,6.1653472377970395,0.0
-1.6338654320980344,3.8696947424894326,6.687084872258811,1.5132130281656262,0.0
-4.159071869719051,5.781584571722238,2.0648083622682476,-12.521986090408088,0.0
-1.862812789519731,5.726044919210057,5.669466298985302,-13.333029655783893,0.0
-1.2155839804781143,2.932167453019871,2.3573945070418754,-17.640277318729442,0.0
-1.9397966197029386,15.101549227221128,3.8902501851693883,-28.54656702440827,0.0
-2.904782956858216,8.183096861375727,4.062066806782903,-11.965685742796268,0.0
-5.547698313884751,9.718541264723434,6.451832477696103,-27.544077942550214,0.0
-5.596383425359298,-0.5011252550141911,7.746307940875738,-4.190412250153207,0.0
-6.273510506559921,-1.5015630413807166,5.518330847190098,-13.835043406532275,0.0
-4.687610691302847,13.876465550491492,20.05127409726857,-5.193405000750886,0.0
-2.3665426632816944,21.19150950724221,29.187127920733392,-0.43640967677858455,0.0
1.2107721867327204,27.044131131366626,17.365824600522195,-13.405766504292304,0.0
-1.63125082962373,32.226336197139474,9.321424960028468,-4.710696651944299,0.0
-2.3576106250416835,13.75884464343013,2.9805469621905365,1.5040516434004125,0.0
-2.7563682917680854,17.858111761744034,-1.3322462052361708,4.0155325282356324,0.0
0.6804102027762426,11.519676182010754,6.6542472397643975,-4.5741206106283245,0.0
-2.0919205902729976,12.172257375096933,8.996596076525346,-26.622703866782736,0.0
-0.31357285992380657,8.468413307121104,16.506076301053223,-13.088858586116993,0.0
-1.9200303293764323,16.380429348285645,14.399220188174525,-12.574774035840557,0.0
-0.3558551867694315,29.904050477386576,4.931190066969252,-0.6810193493866996,0.0
7.682595575405383,25.327355854270817,2.2077097930162513,-24.63919873440808,0.0
2.813848724093112,6.503087283100315,0.2698966952797974,-8.556239240415696,0.0
4.051805777156424,3.509678922930421,5.454899289543301,7.9217261239848495,0.0
0.7061443383054321,20.42527876057631,-2.828970489814732,5.637911092201108,0.0
-1.093462364880255,13.268816749609991,0.5059242801636028,4.289211877061692,0.0
-4.545086578636649,22.046201419050586,3.323213047800622,0.03429487043165613,0.0
-0.001242220126702498,1.5279050239297476,-5.031278815825139,8.053797229458807,0.0
3.1297249810408223,8.006750069477963,-7.742461487881916,-7.261097980228325,0.0
0.38785002306037764,-7.5027061534004265,0.5275109406092131,17.774615790747337,0.0
1.9613615437388792,-8.996372133395656,15.686005724694214,-7.976207356955685,0.0
5.351531698884384,23.15687858502097,15.830373432899695,-6.714760217739176,0.0
0.42836767605553366,25.73998322587645,7.2989368157270915,-21.525124557618994,0.0
-0.9302828043898893,17.53099341669766,0.5161368211250217,-4.1829448422677,0.0
1.1146469617534798,1.7642838152796845,3.7180718906909616,-5.742874122565585,0.0
-1.541171474507169,-12.066464276616724,8.17244612814357,-10.626599884140944,0.0
-2.0263349988013966,-3.934573273442861,9.650456928865202,12.25926207953994,0.0
-6.6949197266049,12.64525245738666,7.811584457527576,10.884047819969867,0.0
-7.986974088920759,13.132842629953993,3.6692034727133365,-0.607381034969773,0.0
-9.927534345891459,8.720919940290756,8.001026605031534,-3.1950189556784543,0.0
-7.305510560405008,17.607461571853676,5.313168072960329,-9.522868204161572,0.0
-3.564547084959039,28.192781623894493,11.414356807823625,-6.413563141046501,0.0
-4.823959459984293,-0.5429505099347409,12.443522193470514,-10.588062697874769,0.0
-8.913708720097194,-15.892533199138398,13.898128088793138,-16.645855533317132,0.0
-7.707295910034217,-5.681598379988028,14.703421100544404,-10.48943274848163,0.0
-13.397948426916747,26.346795274016753,14.13764318031576,-7.360482472153245,0.0
-10.981890183629307,13.659443723180988,19.026304009164768,-7.344302222085174,0.0
-9.258976116943606,7.5307601941952775,10.673800556027777,10.538595125950064,0.0
-9.105580332661233,13.660439710837124,16.95766819273232,15.639325324879294,0.0
-8.86700312000173,23.717999781471832,8.804247785588316,9.68668222844929,0.0
-7.625696410957104,11.940620624805387,2.6970846519005516,4.651755499217632,0.0
-8.893727348504525,8.663697057200594,6.861503152216795,1.13127018208856,0.0
-10.521917614457731,16.514219926911185,8.871726699249546,3.168194009625868,0.0
-9.84677321085312,34.341471930709965,-5.9124889481909415,-3.0573207454484095,0.0
-10.958691213852054,36.13440497402674,-5.216080366023691,13.044810332463385,0.0
-12.686513925273935,21.623951931464013,3.5288867297103197,5.122299580965619,0.0
-8.518650879840534,19.515236063335514,-1.808311153266125,1.0430337915565513,0.0
-6.883571633607343,24.73151016195775,-6.20471801041306,4.809525827398801,0.0
-5.462766698413067,5.354414119934891,6.1901272962601235,4.536303887825091,0.0
-4.798273787825478,9.765517451675137,-0.9471440463261906,4.192458793452772,0.0
-9.935012612927528,-1.1166763248165883,7.143467018418209,-9.57811526753557,0.0
-9.230080126605898,8.305382660249055,1.984729962233482,-4.615285717494279,0.0
-10.275750272922718,18.662470892264555,-4.7864768190968325,-23.895239203073615,0.0
-11.274631409414745,10.580588354234422,-16.73051102502515,-11.805728276265363,0.0
-9.507047231474894,21.097075014525217,0.9288332515585029,-7.415396984045965,0.0
-7.923500798668632,4.821358291463285,-0.08495394370204679,-8.874771167267472,0.0
-4.601651255804038,9.374693334180758,10.215522376757544,-7.825136951240983,0.0
-7.587089107284081,6.937520115622135,7.299802038344028,13.94066904237789,0.0
-3.1183156601347317,-11.502509612615066,6.664776870989887,10.936517026720836,0.0
-6.225015448293881,-1.4544712914141182,-3.086113106311874,1.936013724051681,0.0
-7.18105369254045,2.4408316281952533,6.021715555828808,-1.989466812818815,0.0
-7.0021697241241405,12.638913502449041,13.916622925327735,10.47998955358538,0.0
-4.460715035149922,14.439471872312952,23.73671967895394,16.826774394164097,0.0
-10.273133503558388,16.878295883528278,-3.4944850763658257,3.441169903982554,0.0
-8.400724889768867,15.989659587360713,-3.1933135847608485,2.8001012668618674,0.0
-4.611022746456874,0.32153990284521505,5.4256325032365185,-15.769858054595058,0.0
-5.7146279564347555,8.285024486731661,17.101373521022406,-11.727134561436088,0.0
-9.270057770818775,2.6603203805304734,11.882919672651779,-3.9369146900112053,0.0
-5.9804096632117165,8.403925990875194,-5.449824309700634,-8.191603924447383,0.0
-1.4081272514678085,26.627888882537583,3.200661852157911,-8.595449569984606,0.0
-3.9476576079522716,20.873640069604832,7.201400981958782,0.6902525714909391,0.0
-5.2176046568472945,16.266709456626224,-0.44328117558117075,9.710444462053012,0.0
-5.956447139211204,14.091298641780135,10.026634520129246,9.992243885316167,0.0
-5.771153244374284,8.677092076777297,13.719692762441445,14.8524242396914,0.0
-2.8116004827512375,-1.8007247625650713,-0.7990252664802915,4.151515618729086,0.0
-2.7666847995888326,0.872512624854016,1.2760285318369897,2.3590711396212223,0.0
-0.7609374073272878,9.060695664118414,1.203469090779886,1.9088961878522552,0.0
0.023434592369230955,21.362181718605786,2.3724317445915126,-14.237639400954617,0.0
-2.4859503994167773,25.957423812840602,1.98951107521966,-19.626710967017143,0.0
-1.9929686701410487,28.72437645705752,16.075889821232796,-28.097929109291165,0.0
-7.244005867174874,8.968063099836966,16.759341380845182,-12.297143849085977,0.0
-2.10626460973546,11.063457604167496,18.194572351819282,-5.5938468662824725,0.0
-2.9753657274847365,15.475656815409536,1.4539220519585898,-12.210488380474825,0.0
-2.5173168879883976,31.418655581589213,-3.470346624061172,-14.197720345801294,0.0
-3.5107689749886086,27.538607784301384,14.067718738596543,-8.223775198189534,0.0
-2.7835710570920735,22.755624850031865,10.29279988875777,-9.088533896704556,0.0
-1.267152219166105,21.845286575434507,-9.393010794660402,-17.2454300342798,0.0
-3.4585089153679602,2.372090622558301,3.5248973829967474,-17.379774066871363,0.0
-4.6795494604284595,28.89583432860377,13.178741044882798,-18.834351589299708,0.0
-5.407322242426821,33.848806082393956,4.030904877068014,-26.53515530369988,0.0
-2.0225418108076685,40.5142251381195,7.63396356065012,-7.530446556219548,0.0
0.1611010857404201,21.44743125221885,12.027047037422374,3.244279320053028,0.0
5.997662256855539,6.660440839281208,13.349532092193039,3.205457362292222,0.0
3.3493348044557725,9.215321140265985,14.626879273237243,-11.253152377976395,0.0
1.6757808817391975,11.572262686475016,10.470060491748438,-21.08665086816063,0.0
4.070514283013946,12.477024773251479,14.269421403920077,-21.168838092825947,0.0
0.8346136485719482,-7.038534424352893,13.516381835475798,-29.077688151796824,0.0
1.0599885334744883,-4.822384557131219,20.454498096292134,-36.42582858336268,0.0
2.919795154686872,17.38279133309057,11.913647310576206,-3.913494252613754,0.0
0.770196484306517,20.598541525748843,4.2270704726561945,-8.242625436892803,0.0
0.9789994594718889,27.515994494704707,10.232140506584146,-13.042920447327564,0.0
1.3074182668012493,35.75444760345534,5.3476979370854085,5.353625725787134,0.0
-2.1187356413337124,37.65022995125974,-3.14968587997727,3.9466424372917377,0.0
-4.084834248090896,22.51303592497125,-1.484569151540908,7.521339522647274,0.0
1.4022827596309764,11.19562491240043,5.974301786363896,8.553244037483703,0.0
0.00098763233175847,13.577220660112193,4.243032616365043,-11.923432991952957,0.0
-2.3229071924616536,8.292023274271923,4.03843393365013,-17.345795799006332,0.0
-1.2218576752625285,-2.9161957909091036,10.686264821252413,-14.436572951691883,0.0
0.4035665548815033,-0.8439720800100474,8.986217309175885,-5.84175069260156,0.0
-2.6927218989883515,-17.504618889801733,-5.005984396732252,-10.990474258077885,0.0
0.22691906077324298,-16.41521710930824,4.126828833631834,-5.462581215205162,0.0
1.296931893674889,-2.617955745055072,10.725993762203627,-30.84332004617626,0.0
-12.968269962242104,17.017808617906866,21.074888356854295,-24.19564719643028,0.0
-10.070919285822372,21.461911210759446,14.10848829272166,-20.829299104599418,0.0
-12.05250812954825,22.187623529364284,20.339817051724243,-19.292403312626178,0.0
-9.999136534979234,7.661458644639094,12.837284026414205,-13.857953697788652,0.0
-7.8643483256782165,22.460907167783162,6.230565183681641,-16.48586840708925,0.0
-10.485261965190777,25.52978648567494,-0.7491728930488244,-26.106723512839586,0.0
-6.501351919097512,40.97822663128692,13.023067370831,-29.302259767611368,0.0
-8.214815782338412,7.773308831771503,8.344617802064962,-27.217262672158274,0.0
-13.455400891311818,7.883498839268133,11.023158504538426,-13.595771179052502,0.0
-10.71812240347636,14.5801925040046,11.017768816844754,-0.47154837120641124,0.0
-10.95614446161625,3.976583222768559,13.735486981120182,-6.889614782090548,0.0
-10.72543842693911,25.21938038562255,21.4617699296226,-1.5397392339104052,0.0
-8.61523717359128,25.82006671599911,12.582323728176661,-21.761746473886333,0.0
-10.473262074318312,19.76939951849552,13.99570035136975,-14.269375987169576,0.0
-11.716902830748577,13.756603192289548,19.91113391650704,-4.791909700164007,0.0
-11.912453822525375,24.877832061186766,10.057122798387036,-20.73429659456708,0.0
-12.788600714868467,11.146254073276735,21.89673438160675,5.1715215520029645,0.0
-15.013006013293323,11.629150357222821,17.897857602013744,3.497050682924888,0.0
-12.00813342211367,7.150937199471591,7.155263861417447,-14.640958859651004,0.0
-12.970267423443708,10.775786675469394,-1.71428700323432,-11.9773698031231,0.0
-14.33623255490852,4.479386954978146,1.6211085788413495,-0.5447966671305533,0.0
-12.579804724957174,29.940030951920118,9.011730602673765,-5.063303437531342,0.0
-12.01044342532887,21.241722973175996,11.550299957096104,6.251882595963178,0.0
-13.171368949879188,-16.852861290299273,13.972545383355996,-4.630323805402856,0.0
-9.607228448764761,-12.34352770124291,6.4742414251557445,-4.981566664005107,0.0
-7.67206666394618,-9.57062819293554,5.073495892176229,-6.083572083323828,0.0
-8.543938601725237,-10.09155016191776,9.37222238698541,-18.601105910740728,0.0
-10.799426588326352,7.002445502498923,12.653201035886873,-27.688807224110555,0.0
-5.76821566230728,-9.6906740249704,9.476670164162638,-14.651839309096534,0.0
-6.25510752596648,24.04897452267558,19.65144839999803,-7.932571239584157,0.0
-13.565756325823074,15.60453174195775,13.638734535437255,12.84813785096188,0.0
-13.324757283956915,15.699343529192022,26.187711354811977,-3.4674992245150893,0.0
-9.642778825312494,19.519658586127633,18.00596723979842,-19.070897382904022,0.0
-8.591820150107258,15.35463545890137,19.617970125736413,-16.628987689650778,0.0
-6.0221281400927325,18.94185244117222,15.256107523082191,-2.8680262176005673,0.0
-5.520298073182103,6.765017406349614,8.126535934980996,-7.091321335862932,0.0
-11.66391243009486,6.329666479132781,9.988328351848024,-7.421704882249263,0.0
-8.535657642186239,18.221323853867176,2.776597888240885,-8.905307115558504,0.0
-8.683217861218933,-0.42372438948826563,5.195792824482756,-13.947061421752716,0.0
-11.492898327488327,8.628686656997099,7.6963522154846595,-7.838958538904322,0.0
-10.743406912742685,3.7164823423714672,10.846497223769187,11.756081791083798,0.0
-8.250463424304964,7.117842889154895,19.792291678532578,-4.485609275416107,0.0
-9.130033222872093,13.241477658369103,6.060086263780706,7.2897545161964725,0.0
-3.7616419881661383,15.271129621820107,5.779955239949686,2.074658841038832,0.0
-1.7555382094882648,21.08413912042799,1.441803148317816,-7.658039683455279,0.0
-5.556174964521072,6.942923694927646,4.674436557857314,-19.50921790850122,0.0
-2.8806717598367504,9.085309649592899,10.318887350153947,-5.125116278283638,0.0
2.0295523025986766,27.300402652927012,5.919525045957922,-4.850719049408481,0.0
1.6720191941701512,23.06251253462872,3.0045321666136626,2.5427010027724686,0.0
2.98971145005265,15.106105304500051,9.006964053033204,10.695222624203671,0.0
-0.7898184507099195,10.555068791837146,9.300487814972582,-11.210989848822589,0.0
-1.7454563259933011,19.03345351462822,3.6686689884333603,-17.724230466543474,0.0
2.579651453396186,-9.393111537104174,-2.3480704851523235,-23.08898687219169,0.0
3.8635818335965437,-0.7621304574251226,0.4906242051681362,-22.405989045247722,0.0
2.4550071726225786,1.7553061868124686,5.328510117344887,-49.59386120148652,0.0
2.0696901070705405,-10.897778993964401,13.740960281748304,-14.729699879242071,0.0
0.3865314507658413,-13.066782486662618,17.791103651059643,-3.2923692515508587,0.0
1.7966779911522723,-6.518993877004242,10.242711656316867,-5.948099066588298,0.0
-0.2459863001940822,2.492680202193858,7.78499529578005,3.9731641663977624,0.0
0.021414907395319815,17.71381868458495,7.8984927798716065,5.83281911285432,0.0
-3.337376837496561,32.65311836787308,7.6757842289802545,-7.872083350104214,0.0
-0.9833724571125665,42.1938410628575,8.535053969684608,-1.8794069016574555,0.0
1.324334837729527,38.721418429489326,-12.846634292369206,18.766864716990227,0.0
1.1475260550497985,30.587930898053983,-8.656476199962515,3.6130936725220146,0.0
1.3847376487042702,19.11187475342248,-10.978748995003965,-16.783517098554526,0.0
3.986887860557343,1.2304972609509939,9.665202623684507,-11.175663279184732,0.0
1.2405396741577803,-8.748816385449949,5.629738475873667,-5.808342607454125,0.0
0.11438378618793577,13.803899316620633,10.380649927231056,1.1409961706352942,0.0
1.6500529182625332,10.991805012751446,0.9790625707123768,13.913755928067904,0.0
1.2855151265765468,6.925046620377103,6.285990353448251,6.927720593508528,0.0
-1.7027477794416352,-4.579594940639909,9.511483213059304,3.430666074687565,0.0
0.6874879525702542,11.450896581246184,8.852645602683982,11.51094878086087,0.0
-1.7780069405463652,25.527962508040364,7.16492350701703,9.266893958486873,0.0
-1.565192724256282,25.85835172138006,11.03989123948451,13.53554034889509,0.0
-2.490547967734572,6.8259268253661975,6.885603590037328,-4.27179383001089,0.0
-3.636880119492888,4.684312171197972,0.452028558106357,6.35377623847541,0.0
-2.0507356254641813,-3.7572447564069607,-1.191083020404084,-0.32433358139217994,0.0
-0.6620320605911617,25.200680634555077,1.64083518144601,-11.553974910388469,0.0
-5.445259228423497,18.56647745108554,15.239501632781371,-25.450571863472334,0.0
-0.7832514115607122,28.91578871921701,14.446270835914277,-27.15234275496951,0.0
0.2342296249547191,8.192967313852204,2.97102163000093,-18.821675786114266,0.0
-0.25498670963254133,16.210565636695378,-4.089905716158711,-21.48369684731417,0.0
1.2237067294527495,19.310574753698447,2.465146620188058,-20.159930570250992,0.0
-0.9079135834972247,14.276210251066573,10.71407071761903,-0.057012938312786865,0.0
-0.8063679868904424,25.49697447660519,13.358675761747588,1.5208505136792843,0.0
-0.5805054297887335,-1.2479839791378815,20.538248164396474,-12.189310521794917,0.0
-6.603819819979182,-1.977514917823246,6.306220474280806,5.75486992988462,0.0
-8.648477264491977,21.59966980174991,-0.8055389343164734,0.9288983157536093,0.0
-11.716934511598554,35.681726881056385,-8.063788513843146,14.958609459745237,0.0
-11.197213730122531,13.810683142977181,5.578450140145705,13.330760352358762,0.0
-8.705361636563689,8.144853472348148,20.617282969469805,1.0779916007038812,0.0
-5.021425899461791,16.00912237975755,8.328692280585493,-10.211633282059367,0.0
-9.14456649318143,25.285626331316106,7.049094660911199,-8.537117185647332,0.0
-7.185151591001241,32.345878552978995,6.532578892618835,-8.815438524371352,0.0
-9.474531851074499,37.40914115431782,7.500366690629043,-10.621537939434184,0.0
-4.998008177667932,20.990207348583734,3.728745860741478,4.688210488809747,0.0
-9.574500523108101,18.41746545583314,0.06847109096555481,7.943458493572026,0.0
-11.7465271508701,22.01014524833745,11.701246732274372,-3.4329998440540694,0.0
-9.360606399125428,25.824886276540568,4.60185306942944,3.3722518485920236,0.0
-5.468022772213032,33.52270947957501,3.0405326360724274,8.43608225884826,0.0
-6.773999396556026,20.62989589400798,7.069901242827172,16.02192013186657,0.0
-11.515643734741513,20.86802992387461,0.922429891024299,5.177905276842991,0.0
-11.69636607933372,19.76192394497616,-3.4971675304497154,-5.102614436009306,0.0
-6.595520774111909,0.7044906942543356,-6.487072255840452,-7.463590896076969,0.0
-4.816454665065454,-13.99052964007981,2.2008762158867974,-18.996075560818056,0.0
-6.865727615960639,-18.814890071701228,4.355444014203513,-13.771269878933495,0.0
-10.787488877306311,-5.839702002837569,-8.218629200150811,-5.2280812886194745,0.0
-9.64767375080702,12.467632521227033,-1.9517880714144447,-12.17836528190249,0.0
-11.823992813356192,25.9980334018817,12.122397224538126,-26.560752560438292,0.0
-10.705982023263338,9.226808569886876,9.174389580438863,-19.567367617628257,0.0
-10.8321421950907,3.503340666440293,15.935293775402737,-9.92338587218558,0.0
-7.3070371034059045,-2.555833976879054,11.460437573954188,-20.501232630307015,0.0
-9.519262141331206,-1.6551669728203908,8.76724347271216,-8.100566469147184,0.0
-8.86583377162893,4.0348000699002275,10.669265039583513,6.49143216589185,0.0
-9.195367807856396,13.80510956564584,7.266184547865773,-4.031973896089001,0.0
-4.809788692203132,7.147381214310825,8.379417747984466,-1.5401823712305616,0.0
-8.689118241314517,12.95722381142442,-2.937361209806353,-7.036499340739291,0.0
-6.118320766956045,24.690109241518815,2.688433295336816,-16.332859527508827,0.0
-9.391799612500698,16.714326221229694,8.239467865417286,-8.169761969030436,0.0
-5.056326886894973,1.1559451821205613,10.00669028510081,-5.7242071531971135,0.0
-8.048157735626056,-5.203724288777348,-2.7201007545854665,1.7713251727857156,0.0
-5.760595146023488,21.527091741914965,3.322182090350303,-5.736389731546334,0.0
-9.601364961180076,17.978439494758135,5.17591189022224,-13.83021384474129,0.0
-12.652400167541957,19.18833465710462,-7.502963052820978,-4.5720689311843685,0.0
-10.934976164323993,8.570764997056305,-5.290482339314144,-8.301266494498718,0.0
-10.016720442768117,7.285508177764392,-3.2327567898828153,-3.5376209652804933,0.0
-12.00150254773773,11.164946227737401,7.30703730805584,-7.394543153721009,0.0
-10.961508357735717,34.84923644535202,11.900500194606064,-11.587639101943752,0.0
-14.060125711340522,21.916341949078557,9.383212357608578,-13.8112474633995,0.0
2.153941608161958,6.330459987555712,-5.9966956901760895,-27.657230326083194,0.0
-0.31205864499836045,13.081325629867276,2.281130661761126,-13.92846623448041,0.0
3.1226776474134397,11.858501847036813,-2.9958256402085564,5.965353648760277,0.0
1.504966030110621,29.455427740228146,10.273729024012603,-17.21550891122252,0.0
3.647476210300762,22.393434469730447,-2.083619796975933,-3.6905326588662883,0.0
3.3244394122012686,7.006473891652772,-1.3847942543572689,-23.508955188431262,0.0
-0.5968576769835308,12.506261252700547,3.6359273385723228,-32.109862084650175,0.0
-0.4083872746831899,21.170972939450476,2.782261881847134,-15.62774126427832,0.0
0.7920043713865119,20.500858754070805,6.492373042145335,-15.869045186267009,0.0
-5.223785357998424,12.274352482647856,4.257566792275883,-10.135998913356215,0.0
-1.2877803460933623,24.78483556998947,15.61451444297172,9.220960418231694,0.0
-6.251878505295044,22.896535938352457,8.322164211238231,22.14302339046558,0.0
-4.993449427535696,4.04017736794169,3.714019032556923,0.19497537939162823,0.0
-5.4655535706117595,17.63065692690498,-3.0739812176928343,22.031447848258175,0.0
-4.902423613536361,32.46213802789316,6.9095740241430565,-2.70138232385463,0.0
-7.006487137249124,19.263646347521224,2.4128797588512967,-8.72844759156169,0.0
-1.4645428456322835,20.080910638816174,8.587024589743919,-16.22689654864504,0.0
-1.1119090747472962,23.890534593581567,-0.9002279187490463,-12.872888791862808,0.0
1.0980246300210648,34.40367671955044,7.221281508186005,12.34348705006608,0.0
6.032433307967258,12.569048598687477,2.1284205758643155,-9.268333338921714,0.0
-0.7867707256738645,15.651862619778813,-0.9003818675874071,-10.99710682261116,0.0
-0.5846924791782544,25.243544595332228,-4.857146344476458,-11.26297696068254,0.0
-0.8198655299996032,8.480832799281707,4.427419359842403,-17.509447176504544,0.0
2.1589150173656546,9.506633231641588,-1.7306239349205716,-25.557048345657776,0.0
1.9021574015852603,19.10286182135426,11.283708088307451,-17.552885675968948,0.0
1.0709366045910587,32.10323670916439,16.652170680358935,-3.340190977775822,0.0
1.9556725922287204,18.000718628333377,9.47224839654683,7.227099753075681,0.0
-1.524874031636164,1.2357634188748676,1.9386766759985132,1.4910857371713364,0.0
-4.743853158027828,13.563525591792466,1.9030153878695684,-18.419174022552546,0.0
-7.399891896499324,15.686019233273539,-1.2644018099079162,-0.6821457633777452,0.0
-4.494191302711149,-9.148226413969677,-3.3065371554308403,-5.78850907994933,0.0
-4.3713024019905795,-9.608770276374702,1.5872965300988096,-26.967846577878923,0.0
-2.0811566509409967,1.245155672782463,3.7640918119742004,-6.5374764005270745,0.0
-2.995722855187886,20.421020404770367,-2.2201727385593752,-7.814271082620163,0.0
-2.6467471025721876,18.085941034378855,-3.5847327437957945,-0.7060232166368783,0.0
0.8485517267018128,12.305915704854748,-7.078062094201902,-12.073686615120506,0.0
0.19303205403720414,28.383499326278567,6.571858442527693,-13.83121721171683,0.0
0.3101340465434278,19.23201328008981,15.382238929600103,-5.283656918861848,0.0
-3.784612399525222,9.684297545581753,20.183301898242732,-15.84515233976471,0.0
-6.247025808395696,0.938781216237377,12.760449264654063,-0.9851202650169206,0.0
-1.507343227783224,-1.6033633341509574,10.94236567469295,-12.428755071966494,0.0
-1.390073433228444,8.151737647120612,15.774232038340042,-6.024331294910816,0.0
0.5539625428915711,4.778325901037412,-0.06096061741374115,-6.146518730460272,0.0
-3.2002232945123383,-5.571570273067769,8.342743707795087,4.001764763043446,0.0
-5.499270465312559,-1.5396871621868664,15.58830842264494,-26.095745152862648,0.0
-5.8302691935766315,2.0320048546958667,12.412117680343847,-26.933247206399624,0.0
-8.543444155263007,13.734096992287721,15.97445558841083,-17.328463339222434,0.0
-6.928219526774591,9.31974044672925,6.089963180239425,-26.96784694752838,0.0
-9.247208279706998,-7.637784507028655,9.074857567905031,-14.699686850966298,0.0
-6.189314134765872,-9.822559047208877,11.206835610732664,-5.319752340418293,0.0
-6.826729113264427,17.129155930903046,1.195158113766086,-2.594958343417167,0.0
-8.883458993056957,19.98295713178996,6.560587632544577,-3.87310517484973,0.0
-11.653638743109422,23.20042527116834,7.877004294011019,-14.625865640972812,0.0
-7.548546396497915,3.5567015161944058,5.2121290799689906,8.953722572994149,0.0
-5.973341278699271,22.350767319121843,19.315908606784724,10.725618257643953,0.0
-10.230985421329667,24.69919712443565,15.809953513870443,-2.929883172203607,0.0
-8.528691074651903,10.977234917365353,9.715576248083432,-14.731706144724217,0.0
-7.801813759349476,7.9638303385824365,14.894491706716028,-8.878504363553848,0.0
-9.703686652294046,15.27008188980078,24.25778290158884,-24.153190545547474,0.0
-10.97302882299022,14.77962273065684,26.583007474393334,-13.403965972182371,0.0
-12.95771201374845,27.306007267223862,19.675338237042848,1.5190481814349885,0.0
-5.220504456926335,21.055105422362125,11.982561870607272,-11.438123785507974,0.0
-5.545222397415833,12.238305318772218,8.40610390669665,-2.912203130057435,0.0
-10.841739879351147,10.35708925212538,4.525424027827342,-9.58373821079221,0.0
-9.632976436309932,10.40316936093634,-7.769330931397073,-13.754031062843026,0.0
-7.658622166992282,4.881540014388162,3.166745940614603,1.3786602433195148,0.0
-11.318137980044904,6.0455861113177845,2.8843242477706044,-12.627690031708735,0.0
-10.74529453265435,13.383525101470955,-5.67291270564278,-14.537636402941574,0.0
-6.626738617605252,0.7715560720958283,-9.632629198188345,-9.545817666260348,0.0
-5.488243990044443,12.9999103033601,9.168907417606421,-8.42981417200639,0.0
-5.841908964021828,18.247513668698986,2.024120852021814,-4.643525234525828,0.0
-8.74297308349399,22.621929607201643,0.7826196497050621,-18.837366697630088,0.0
-11.417473905807974,23.199090249037354,7.263932528718028,-16.754371542690485,0.0
-9.844140213297447,8.586401320623505,16.582444038937723,-3.497264620381178,0.0
-11.59252381800444,6.4017752417143825,4.9079636852987365,-4.392567095655744,0.0
-12.0019734632466,16.678568367654584,6.936608297771308,-6.039534468580973,0.0
-12.49088751436301,23.82901596380058,5.72377622547668,-12.379507362353092,0.0
-10.891954512633301,22.738587516283133,10.648407132733972,9.374440332989781,0.0
-8.48986647381896,18.963784124137728,14.103802951577046,-3.7435588409329146,0.0
-6.861568530715588,22.66746161714227,19.515747283265455,14.78432125194652,0.0
-4.234643667712401,41.62204980279685,11.027508457107494,-5.127710509348433,0.0
-5.861168813876805,23.92119357631009,13.250870922596452,0.26406250762272876,0.0
-9.795833192123098,20.042426843942376,13.177923585039942,-23.285942806275234,0.0
-9.825271278569206,8.000527686629027,3.971698269193742,-11.726777386618334,0.0
-10.430164714578687,18.839245586275794,14.336429942850268,-18.656722909900445,0.0
-10.992044486771354,22.817127395097714,15.723998490700822,-19.247776304895147,0.0
-1.2278611978036544,23.37484104672882,11.358105193087622,-21.671718504663723,0.0
1.6670564016509761,13.366342986089904,5.935543788894321,-23.604986831748988,0.0
-0.2524450544780056,22.67604517136052,7.602585190883202,-13.414392038278574,0.0
-1.3340320570851878,26.462431693060935,10.235032665893032,-19.38650446962683,0.0
-1.9206285906379965,20.453821826598812,21.189358473106836,-15.286155672685949,0.0
-2.3986247876173663,11.831299720573394,18.896146321182684,-25.410346566488315,0.0
-1.0297406559450208,-4.341695807281001,19.01920862740591,-8.835618341592902,0.0
0.047462812678539246,9.383060014685292,10.617846246173002,-12.874803474324192,0.0
-0.010413397014271464,-7.889155160728173,15.3565859342661,1.642194801180958,0.0
1.4802136189605795,4.035150276368569,4.649780460096904,-7.396601939754525,0.0
3.767609484553243,13.422989886573705,0.36185809663538615,-0.6019014491793575,0.0
2.4384776219474213,-6.246513949009193,7.411300718081618,16.193990781843596,0.0
3.8328639264646136,8.325363615281752,13.276818130249936,10.189830172264362,0.0
2.3709662694380818,9.742418387204062,20.274227860943917,14.689318120977891,0.0
-2.2897897846881885,5.280704327449152,13.432033498490991,-4.030756754354371,0.0
0.954675973900917,10.413064943576767,1.6758884541499697,-3.7619730702094394,0.0
-2.7675150492183995,21.275178517014865,6.366478459204071,-0.14116177457029444,0.0
-4.912448984157128,21.47753648834759,9.89199150600738,-7.239931979190693,0.0
-3.7755960984275023,20.106057941418932,9.93172759493999,-22.004121474706103,0.0
-2.969451146161261,10.33741126193528,15.161670861993711,-24.841239129808272,0.0
2.6883876257665933,20.235930118240894,11.049239983306355,-6.627439471775999,0.0
2.331150425622822,21.183678333541373,-2.6623211482589237,10.377553739130905,0.0
-4.2928860981219366,30.43719401786895,-6.829770599197348,-7.6144478895075745,0.0
-5.27235032773178,44.91012048731807,4.182334512859501,10.923787348373883,0.0
-5.489690218127088,29.33255359032984,-3.8974352427539087,2.7158678736433117,0.0
-1.7948002779616616,27.26472138658852,11.417138406601591,-7.061573632600419,0.0
-2.0491798378039805,15.599813264654113,20.12484687174043,-9.892690373704912,0.0
-2.319070272542706,5.911892856887226,15.836340580420847,-20.278857950885758,0.0
2.508811798129442,6.890999277359063,7.400402607004823,-15.39143557321481,0.0
2.4617992439678247,13.161269294639732,9.574955306922474,-8.227082206245576,0.0
5.4006294571998605,7.961074734125511,-8.966574628627049,-8.701754837268847,0.0
1.318240939952554,11.796994106605542,-5.550042814466826,-6.338584756703986,0.0
-1.622417726940209,14.350116386743863,10.981009166630297,-0.6910577034795695,0.0
-0.26461113002665515,11.406028228790992,14.164334813641542,-5.582617920239324,0.0
3.1691557410900613,23.011152540346487,12.948894305889926,-3.165976105601686,0.0
4.098267701129749,17.74157299550574,8.81647745766396,0.9962575921487451,0.0
2.1881706250733997,30.98823547048301,3.2354143249564373,-15.474419127596859,0.0
1.8070988303860647,23.177084821057733,4.201394532945223,-27.71444992532416,0.0
4.783046600409009,22.275870945341325,-2.3461458655062213,-26.25476141272337,0.0
5.516081496637174,20.61648719024048,15.600200122614687,-13.444833043129211,0.0
1.5046505938372665,15.694548127247636,8.142672786006978,-15.495971592148955,0.0
0.23342111443856928,5.017227102434584,14.729849335110622,-30.020664802630282,0.0
-0.5407382638514662,8.254595749195056,7.965075754814919,14.687972801537358,0.0
-6.1029206705468075,-10.656680358954251,11.000001869783567,8.964654076287555,0.0
-9.571970883946323,-10.160447561242808,7.8835642440150515,-8.47057968027215,0.0
-6.977713057039594,-7.647246375634173,21.363614998407186,-2.7608748079002616,0.0
-6.400636826093887,1.5547275851058195,10.248158185111294,-4.466580890127147,0.0
-8.404154934651844,-0.08083469132580134,10.439106980694989,-0.006186121754790719,0.0
-9.065640049465024,16.452931184733906,13.661452505586269,-9.832646099319039,0.0
-9.483440707836788,11.65983917505719,1.8920155330984154,13.318009378690553,0.0
-8.226624568969873,0.91349883503778,13.930587033175154,-7.579926952416364,0.0
-10.892898164210244,-28.57359985800222,17.821198766172778,-7.254652094340856,0.0
-10.254475244220245,4.950736224537188,5.56442438933651,-9.333467838931774,0.0
-5.245524119826771,14.312973284056156,12.393651591066234,3.431404898963529,0.0
-6.124815190583859,7.410936327757268,11.978712651198187,3.9121596599848463,0.0
-11.496021375684382,9.444805321614858,17.586894827254746,-0.02170070800183943,0.0
-12.508940834344145,4.503679175599585,20.32486779325924,-1.401720084203891,0.0
-11.99279548057964,29.597598307899265,10.460968889419389,13.414560191556832,0.0
-11.310121342927285,34.43202198968839,7.395082254974785,14.762794655596704,0.0
-12.089651542045626,9.427089644396112,12.906910967817652,6.188825955027882,0.0
-10.681643627214063,16.08093129868684,-9.495430882264326,-23.209273062399824,0.0
-6.583574003839698,8.7561445289784,-6.373315431753916,-3.1327810579035065,0.0
-4.685404526914714,15.4114596181398,5.266844692092943,-14.562725004303864,0.0
-4.401421582039898,28.601763276219984,6.7084179595895,-4.33975987352343,0.0
-9.256435950554499,10.542122659880683,1.5282929089379191,-7.815146207528916,0.0
-8.874669009755955,17.319080975039114,5.5463373477004305,-5.228825698589568,0.0
-5.082020309903109,10.309042092787378,-0.35919560561370467,-7.8024038302171626,0.0
-6.557122226406353,4.080577848780678,11.429387505488332,-32.86430117736631,0.0
-9.843744711582342,-2.2879461099231797,5.732512723342126,-5.861970524658837,0.0
-11.219866077816892,3.3580691702141676,5.75880095191779,0.6967590421701764,0.0
-9.065947104179262,6.581361091944891,10.901135455649072,-10.383503269057625,0.0
-8.159086066597144,0.11668308825558071,13.62667377473608,-2.3980817143451167,0.0
-9.484966921698405,17.386423667594837,0.44674003516464644,-0.3586538147578029,0.0
-9.646143805487977,2.0165713400876903,-5.385207843946845,2.4250704587862106,0.0
-11.040255189708663,10.841262593805325,3.189303647301911,-5.498400891187622,0.0
-8.632302963031044,15.760323004700515,6.125065182796716,-7.893787177550683,0.0
-3.8691663532829867,11.89798681442199,16.079806640047593,-17.465934369703632,0.0
-10.955934718396602,3.908792744586954,17.737601437011815,-11.676750143644895,0.0
-9.751556334281217,14.918137066126306,22.077902485380562,-14.429933275198572,0.0
-8.414028790242533,18.654444972051483,12.221336927562628,-7.116685187623251,0.0
-10.908733632650659,13.071858045053132,9.040356422694451,4.069628647312051,0.0
-10.35836727300944,24.67929668812146,12.610040133583599,4.3313312941514885,0.0
-10.699764863965477,17.87799182027768,2.4315078905633554,9.175522073267011,0.0
-12.514704818826115,4.241785250722023,9.700101633415198,-17.64421233286895,0.0
-8.222621792576438,18.500730118578762,10.267516931487005,-7.591568230464853,0.0
-9.36689795989385,9.048661458388843,8.483031167994247,-3.5436515744245476,0.0
1.76425419980772,21.939387457917917,8.496624681403997,-1.0441197572135898,0.0
0.03184535860747517,22.54900818150402,5.17506323026454,0.5939941165264102,0.0
1.456105573578058,25.76950392678146,20.030931342834748,5.348627145497116,0.0
-1.666053573394112,2.015371260703482,14.897690551037432,12.97016456855526,0.0
-2.1177111063302285,12.219473872324718,6.698714692927644,6.312421795553896,0.0
-0.5396031221512504,41.49041287169364,5.459295913398356,6.322003074366664,0.0
1.6766494839309363,10.047409299582187,11.178319134162823,-8.242439099119068,0.0
0.6934435363053743,24.44440964457307,6.218119348953446,-3.8656646339020213,0.0
4.211447347872623,27.100831496878186,-7.752532487996476,-9.992506394117962,0.0
-0.1411607101425364,26.930286566834134,-1.019435522332964,0.2797234407692146,0.0
-0.5004126043613124,12.520851200024218,6.682253344314737,2.595504897877589,0.0
0.41857063313177945,-3.811577616407419,4.81546287015448,5.324253851494877,0.0
1.528248408550769,-1.7252081865199322,11.478472299817886,17.0492253559909,0.0
-1.1781150498549722,0.822520246783558,14.988841548257401,13.363938111547824,0.0
-2.62126911952695,9.76480848209443,14.750519264971356,6.685907573819163,0.0
-1.7266397391912003,16.14688119321931,-2.0506736839837103,2.8177281905189266,0.0
-2.7172342162671614,24.04856704195364,0.2637818597228483,-9.890151954587576,0.0
0.10073587423788055,23.517916548900846,15.608684954065803,-15.620430357182247,0.0
3.4065917939971992,35.288068409960744,4.9076918107411664,-8.607247152184314,0.0
-0.5719150027690441,22.745676192339722,2.3131300077828816,-16.106519400302,0.0
4.980582922589433,15.01764239375808,3.598317548730221,-12.47771782152503,0.0
3.077176508082228,12.81718535993897,0.6541364943384043,-14.046972644972374,0.0
3.3560960078806206,15.244249959811878,14.091643455248153,-36.68636241811055,0.0
2.0900948524822485,16.27118283625045,16.86820560360988,-12.007972865883964,0.0
-1.7069546611450646,17.624245966184247,12.998588222756949,-8.358988719247705,0.0
3.453714098910795,23.492513465887754,10.22494418248122,-2.4439345999103645,0.0
0.09531521001229337,17.934421526570798,9.385679665392502,6.914519764049763,0.0
-2.896500068411327,9.702399735829655,11.122880337579934,0.6499868158560678,0.0
-5.024268813525638,30.55934443593648,5.1049315660219,2.429371280758078,0.0
0.6377803186196996,18.14549972297072,2.6550112718226853,-10.310085104152115,0.0
0.11889888988607367,11.88673710958089,7.8433701222688725,-11.563787866427027,0.0
-0.09866364772992076,10.928869594520515,9.426894650114173,-16.868948357959315,0.0
-2.7558858189624584,-0.38623546174563916,-2.2572706186975537,-6.558007869907837,0.0
-6.626049731524193,7.798957097562478,-7.192285458692842,-7.726819500532124,0.0
-5.303369163499903,-1.9408696143590554,4.0600086817704035,-18.106146283768126,0.0
-4.259766325859125,14.263946395772699,-2.123081171720533,-1.546340458253078,0.0
-2.4199615246883974,4.145783876096002,-1.0038584479609085,-21.331972682204604,0.0
-3.4812367353188227,16.953601252828268,1.7902686107793928,-4.4520163395722925,0.0
-1.7244364578089837,11.8963718659125,15.726590019872127,-18.09714787186205,0.0
2.166568458502219,21.59084471892087,7.690305371318927,-23.416758131257446,0.0
0.9977514700802349,1.8347486563082374,13.717140451103559,-21.50049733225016,0.0
-4.462660342465692,0.5487719694480147,-3.067510336782582,-15.140253167809698,0.0
-3.9107783861816534,-0.8476117336431503,10.761871895642983,-12.381322400741551,0.0
-9.462698273644081,-0.18470317168789663,7.741644278185467,-6.411670291735944,0.0
-10.244135224467763,21.413053337800232,4.750349671809204,4.795871170453861,0.0
-9.800239838159833,20.929816703721162,6.67062420029473,-7.347778089403418,0.0
-7.47878707726387,6.8682555049438765,2.1684671697537796,-11.262647030073698,0.0
-4.950291956645456,13.551496806064653,12.667797837136249,-4.678404440456844,0.0
-7.981544383928085,9.309517722263877,11.653514982119187,19.330427336980335,0.0
-11.722799875105249,12.801500973385973,22.029493890889967,4.412107089214153,0.0
-9.094866434236344,22.692240844017736,10.371514744133103,-12.089673241379396,0.0
-9.022706294920646,24.987810145612222,4.397441506410274,-10.130252237428799,0.0
-13.787138905451291,17.421978109713777,8.675277909382597,-14.695637473776756,0.0
-11.279403923900187,16.013403690152373,8.788293347872411,-3.8243696642297973,0.0
-7.343209045333878,11.796705047247514,12.355649939740116,-3.002751010014048,0.0
-8.458938746684,-4.460790470630393,9.581108976922712,-13.760150462668168,0.0
-10.136504761009183,30.485667306780265,6.309270771128564,-11.506992148359517,0.0
-10.034713561681132,21.131988896665455,4.494507260067689,-16.01329546542225,0.0
-9.066923588016241,34.76626621711721,27.126933961598997,0.15196694835770685,0.0
-9.146291212590192,14.465758436879804,21.344202545592207,9.697796188221542,0.0
-9.064657518740187,5.010744995791394,22.2635978190344,13.382822405105994,0.0
-9.577271887450522,19.120059506852705,6.784129922555303,-15.528601415009993,0.0
-9.63755641611484,12.627688544444549,10.584419255014001,-1.7479362675520518,0.0
-8.910107921541924,10.375048863083968,21.771039750397364,-0.8643299315201087,0.0
-8.308478486633113,26.335236415329895,24.453367284708946,-8.798207715555598,0.0
-9.795790479180049,31.019798457055373,14.277020216753279,-0.25704949020323475,0.0
-8.230250147033871,27.436393999318263,22.141661012948514,5.708890832405787,0.0
-7.63835234617464,8.592950193343935,13.751668983537328,-0.47610845661969137,0.0
-13.725029951128768,20.876506998732378,10.245843918978998,17.224352875369746,0.0
-12.619610800844285,23.287883511200675,12.766147210637598,6.460785435335975,0.0
-10.308565345260236,31.661039352164025,4.607976757711677,0.12390988714263518,0.0
-11.516945797944075,11.383010888712555,10.431789097341921,-16.424506284126046,0.0
-12.614054289506196,5.7721162254815095,10.71564502547388,-23.458485458061272,0.0
-13.744131631192431,17.913368507764403,-3.29191787777847,-1.4712916569232082,0.0
-13.641654845451653,11.035290597772267,-0.4567872263694266,-4.102944593893673,0.0
-10.427744924833876,15.206819703821967,-9.422523915263586,-15.191729668653158,0.0
-12.642569195519876,1.3464948900613205,-2.5045341859904653,-22.092182700353398,0.0
-12.018427815687796,0.38836440373292547,-1.440113910624368,-9.266997273762232,0.0
-8.798863488828724,-7.898930634306227,5.894205864417929,14.355062648077705,0.0
-14.105427599374657,-12.596331235676523,10.711499890635068,13.155574844058577,0.0
-10.678931307373468,-1.5449547373622412,5.686701085111161,4.136275720772717,0.0
-10.14322699012322,10.846289446311841,17.45926190689591,-7.642483794343258,0.0
-10.505613003896471,21.356702047448685,11.26567803887363,-8.935638839754724,0.0
-10.239743080301164,13.982085228762807,4.873937476719927,6.549102184224026,0.0
-11.35624281419556,12.590503802487433,5.703302390728823,-5.317390591660114,0.0
-10.834441224838843,17.42264741301287,10.599738652821504,1.6365859948670827,0.0
-4.986755566768882,22.153115571710483,-3.5084258947664217,-15.818698895353963,0.0
-8.623740742990929,30.976557970371175,12.624359872767291,-14.394590051178419,0.0
-3.2205281666127856,19.126357676749805,9.489949296449273,-11.278657238987677,0.0
-4.963221133986424,8.684895979605708,21.072194236871283,-15.022146396480895,0.0
-1.2539283300457265,-6.159481860463172,11.333769017192767,-16.605486251341986,0.0
-2.532228516683851,-3.6125822697627967,3.478248416330176,-13.921671080835068,0.0
-0.9612671651159935,-7.514054783671922,8.867947668595763,4.590639028655442,0.0
-3.0147732405675547,4.051089691666572,2.5353879578841214,-11.346430743608163,0.0
1.0483112649413726,16.12401654384194,12.265856247092273,-1.3619440897439117,0.0
-2.311448962830797,13.23700564906623,18.729908780568117,-2.2110721701027645,0.0
-2.6272847804977935,11.212707147526123,4.692606922357117,9.241723528444094,0.0
-4.0869947636003845,7.7808320636930155,12.124558581673458,10.16112886335575,0.0
-0.7820413468634979,6.664862513490955,8.024009743374021,-3.7150948261542798,0.0
0.5541130784259378,9.82061894116377,20.329223911884046,-13.335478516543226,0.0
5.811633554198643,16.93547171077742,8.717661970280123,-4.821225866642883,0.0
-0.7339080564304281,27.405331517953393,7.5727021616351,1.2210819480402897,0.0
4.0202544321782,36.24206868048391,2.1634027102076185,-11.057138370671852,0.0
1.1510663387271758,20.771133113075656,-5.20447718385352,-4.650161228039317,0.0
-3.0443523573302085,13.24930609404191,3.285272600229516,5.3108884821719435,0.0
-1.9512876210287151,24.81443667742591,9.023792481824474,-18.997720483478002,0.0
-5.625226084800545,11.606368143274402,-1.0650220370683012,-9.631364481924594,0.0
-2.6105444152456623,3.2960117606949684,6.674602908795473,-5.605814979015023,0.0
-2.7991227923407638,20.403018953813426,11.020037737472641,-2.764366193734187,0.0
-1.5715635536734798,13.79861708004413,-1.1305920860799663,-15.930017866510209,0.0
0.4820939742843966,24.90021289509096,8.899336942834303,-1.6684681585129093,0.0
-1.6856583888911811,16.412347469280988,11.842519753502073,-1.5567213995691598,0.0
-0.6182562143924826,10.735857704491167,14.42516985015714,-8.397559643965954,0.0
-0.10460410450191704,12.650627076317301,7.55494902039872,9.67080777152243,0.0
0.7724531046917111,16.716190832289904,8.852072054514975,-15.511673805537033,0.0
-7.056538752104087,20.928952608865245,3.8639134334616076,-16.841435107429206,0.0
-3.1437721347192236,14.31386201064978,8.653568871224111,-0.11880550300590098,0.0
-2.3849047163586654,1.5698486742213902,13.836321183992762,12.015898559278803,0.0
4.841020377491879,5.06822554981844,19.0088462267223,1.4208236434903063,0.0
1.0490983737103372,24.952992208291597,3.7639466072585384,3.9665110181821213,0.0
-2.28624065328917,21.500465597429958,8.69888908840773,2.6802638621144705,0.0
-0.22921131858513766,1.0348862529435348,9.360802757663656,-18.13556034277228,0.0
0.33483944714747177,-6.1011290210148665,6.119274404664037,-18.09715261246306,0.0
-0.4829100222436147,20.80146049686888,14.067458009132533,-1.8804590716951575,0.0
1.7647168729592277,8.243426198691692,10.53613231881458,4.336330596991748,0.0
-3.4313163929133106,20.501387177121586,14.887999932153496,-13.820863856303584,0.0
-2.0546120630522346,20.811633026319946,5.843197404782708,-1.3281795230424205,0.0
0.43236950029474297,32.45716793975337,-11.284994509496336,3.266584526878624,0.0
-1.6859068951533978,9.119632258899074,-2.698624127231408,-7.420181723219477,0.0
-8.177227578929667,0.7171361256318658,10.259857766667292,-22.378954882903592,0.0
-8.817560813280148,5.240345339018082,10.314769418073752,5.7633114918110575,0.0
-10.74649580615147,-3.9355541225153434,10.163436787141308,5.161156241255103,0.0
-8.746669252442201,24.291930507259725,3.445258045220543,-5.773223469344035,0.0
-7.78050678935428,26.034078934151204,10.390198929972893,-3.5063610103403997,0.0
-7.319703631748037,27.643670062623368,7.849209450463415,15.8324655841072,0.0
-12.87937377460651,34.06632776609488,14.599399153133259,28.10126420413384,0.0
-10.827771404363844,26.22963505068303,5.17905034088305,31.544541043440617,0.0
-8.093429204591061,23.20786955016029,5.69177584775789,14.459941088560544,0.0
-10.618609931388187,23.8994121604004,15.611839987515104,0.281783584204792,0.0
-8.508427357649683,23.405748639339627,7.624114577682383,0.29645752473685727,0.0
-8.58457322493867,21.106916945209704,15.366584128570913,-7.655828369865876,0.0
-7.277451736483613,4.546131840372411,7.174156917930954,14.73234703845036,0.0
-9.177470739512891,8.272319122368494,13.830878758205404,3.0027982297157694,0.0
-6.724028675394689,13.405774252156077,20.95136573146013,-6.492628176853335,0.0
-9.694414529875262,-5.880661951733547,10.759529027462666,-6.572948021039749,0.0
-6.201332669188038,-5.362790337185466,9.768344994621708,-12.288986028412532,0.0
-6.999318885841519,12.59707765832993,4.012039234661034,-5.3812615745410595,0.0
-9.019737759861679,8.730129051940555,6.439800253758726,-5.024884484917338,0.0
-7.948498201407686,5.825364185131436,15.669407184144058,8.497281533779466,0.0
-9.115468089287997,12.75054967375214,10.626593795191406,-1.6246503874398064,0.0
-7.093221132705804,19.01509240752172,13.25538304329914,2.169041629484049,0.0
-8.0096413540812,6.41823303086563,13.627992277912131,-2.263911954552146,0.0
-10.933226322838419,2.220196724591535,11.778471408598925,-15.602778447376613,0.0
-12.269030095175072,10.382964970569981,12.293544375327812,-7.6409670913910235,0.0
-7.924236946680774,7.911328957433157,-2.5695875564105197,-37.99240519155673,0.0
-10.629071121897859,6.560676446119295,9.365931036596242,-19.43899781756077,0.0
-12.441345038199945,17.043975606169063,15.715142862616883,-21.692029424800232,0.0
-13.4729101762138,30.722586956392973,1.342188772315272,-21.504576752512747,0.0
-12.13266018741206,19.323219941345585,6.149828099003964,-3.0476437976901174,0.0
-9.132067884912049,22.57924505379932,6.725859147981735,14.999891996294366,0.0
-8.62867517254698,19.94864546792921,7.859658597354772,-6.272925116459305,0.0
-8.998967966054677,22.22202421778167,11.798607643144658,-12.250495963441871,0.0
-11.40920075191632,17.324570010298668,10.847904987614905,3.2018554547622027,0.0
-7.087988863009137,33.63347603806977,16.293369427836815,16.22530174310757,0.0
-3.8460351300404962,19.152528660188846,4.008271246163025,-11.262570164802062,0.0
-5.597758385213842,29.47400789352593,4.976691086693561,-6.446825575828031,0.0
-5.7053767511043905,10.629663989828504,7.988844483988897,-3.8224895737641713,0.0
-6.765814919784093,15.69253236400598,17.810540183028085,4.6772056734071565,0.0
-9.888216355460822,14.267509950689108,19.86313788187241,-12.629122797250044,0.0
-11.914853861101971,11.053341909421688,14.75859756030788,-8.600340241536308,0.0
-14.70171503153962,24.584592127924374,9.84739018297341,-8.95967089204575,0.0
-13.513764322816883,18.40625038174542,-1.964451722122087,-18.870442820044545,0.0
-3.8718021199376613,22.410557455261614,6.1013707996817494,-14.494026771216852,0.0
-6.249239719681976,8.720550579522161,6.558612449921981,-2.887258462748412,0.0
-0.8825363812485519,18.742996154138563,2.183170868931321,-1.8942262846732536,0.0
-0.42867575838360095,14.360649854649491,-3.245824384496947,-4.206713135451487,0.0
2.025138637066405,5.108508993380616,6.863599971532726,-2.365403182819956,0.0
3.1934672049471184,10.491932962061227,3.345025245178829,-5.523795269767373,0.0
2.1248000637223843,2.5701363532606383,5.62807723044727,-7.663205814555617,0.0
1.5577602347140664,5.927756901673529,13.955712192507946,-31.366534018042543,0.0
-1.5838908370701308,15.917205932302302,15.745278519803254,-34.73524963491761,0.0
0.9330874130938777,-4.939160621670013,7.250990179738319,-30.71680909878133,0.0
-0.06249128991523589,-9.5437557399279,5.278211758306917,-9.897853124979074,0.0
0.7504490750328086,3.541397729380062,10.172460127258223,-3.7363633872258575,0.0
1.4763691797166894,8.994887230563677,16.930219695663173,-7.701285286856844,0.0
5.062173912188663,27.84937193184073,20.069073953925873,10.129506546457005,0.0
3.7624849194429135,23.641846914505678,21.43530396895612,-3.2469170021775238,0.0
6.231656156605886,19.71149124144629,23.385294200546532,-5.145877688137762,0.0
-0.538312019973134,9.389792400906682,7.393780192493246,-23.32084336667122,0.0
-1.3675021434751802,6.290073271664417,6.37154269275737,-14.983939813765833,0.0
-2.04128675327673,21.288382082282673,0.626915138392869,-15.009350692460595,0.0
-7.110602687541335,19.142792010591553,0.7485579465870238,4.720177762826126,0.0
-6.788360764907862,20.636561697047174,14.147072265343674,10.245985192907952,0.0
-0.799058074921523,20.503843263900837,10.44177870171968,0.7754605078480026,0.0
2.3939427916675964,29.728821559127923,12.277884140260811,-24.69267157216366,0.0
-4.329375097488004,9.072488721987144,6.509107046470343,-20.197849241323787,0.0
-0.9801610525840252,20.45675297922683,-1.0490650335252476,-15.737607296348674,0.0
-0.29883438090813996,10.012498876071454,-2.287872357520162,-15.757443172832456,0.0
-5.520968124297545,22.282312188113217,8.493395876854834,-5.580587039761154,0.0
-6.341894319755744,15.264660128650897,19.680595599008157,3.1976233847558264,0.0
-2.382742193134158,7.3485519273531175,17.40575790733881,-4.407646949104482,0.0
-2.839102900149557,9.505437392993246,17.94970158746709,-6.568734055966386,0.0
-0.9166165150088696,2.9528516011558343,1.96513161772714,6.554698385647177,0.0
-4.520207779754161,14.110670061553897,0.340039371235374,14.517683119723463,0.0
-1.0188792591580087,4.5991694079451975,4.433010623228752,3.139394163457137,0.0
-3.042639704033281,11.871172586444409,17.002037693904192,4.473223810255995,0.0
1.6019362419605543,24.21684952479506,14.64955161969744,-3.2528525467248173,0.0
-1.2248053872631033,21.06291120552794,16.077297550779466,2.991128920526356,0.0
-1.5594741708645796,5.585907515784614,8.991299924946134,-13.384907584061178,0.0
-3.172944981683689,3.7381268375363668,3.96947128971905,-1.2013014600628986,0.0
-0.9331224934218546,-0.04548142971776592,-3.0960881204976856,-13.581767200174955,0.0
-1.7482562155389,-16.99640500195675,-5.023933642140845,2.7557885018468653,0.0
-1.0510037745534135,-9.708534855785981,5.294407277648069,-7.684141984063755,0.0
-1.6233827869867463,-0.7190624094420368,9.105271446143725,-2.366587169188435,0.0
0.9019076137309536,1.712820260536514,11.965688269122527,-6.558541945628426,0.0
-8.297142143457432,23.623405941905737,8.192580483047665,-0.9637049399670043,0.0
-9.004288306940898,33.00630766842077,13.002449808475722,-20.467409905646523,0.0
-11.599305073992587,12.893962227317287,7.689768330764229,-6.431647623362257,0.0
-6.56795476196103,11.127131132922159,2.2114595422952226,0.3472748958922587,0.0
-5.954930352098481,19.429460614517716,9.261774947743692,7.7923310548745786,0.0
-5.920749057436396,11.906013240581286,21.64083319102371,-10.942105051607072,0.0
-7.346502288201404,12.520274589534313,21.068460127627493,-14.114326232195943,0.0
-6.605618423873479,10.0974704774,14.735441046542782,-1.5234275904542818,0.0
-7.170570847203497,24.487424715284966,19.853492509466026,0.1516610057155794,0.0
-5.192305983799702,31.388009096008393,9.759473944899543,-8.397782605138985,0.0
-5.452118570916562,13.034977998298654,-0.02722059568404589,1.1983171551876053,0.0
-9.505216462736868,16.4102760289208,8.086587466137896,-0.3822211150930057,0.0
-11.10768439400621,2.768071554499939,17.774225079982816,1.98443602122794,0.0
-7.399462202488243,15.462303675563751,8.217474056047356,-3.4313888222417113,0.0
-8.255455624766956,22.379906809253384,0.7172966687064699,4.279749759180113,0.0
-7.059597097484859,15.075487944898406,-1.9728149929501928,6.866797115708369,0.0
-11.649169694304636,20.904581515445816,2.1571403219582095,-9.218536267888032,0.0
-11.460925580769947,11.12359533788586,15.873586328276598,-21.37975627265562,0.0
-10.846380329073476,13.756050050980548,16.18355226155046,-12.648433853892676,0.0
-12.977987535184397,7.2789612780866655,10.379174664482846,-16.651096116970685,0.0
-17.735205410662644,-0.5854999254775404,1.0936438419787482,-30.98823449321481,0.0
-11.087483168471415,9.264914549321723,-1.913532915006443,-15.271285659153165,0.0
-11.45193217855621,24.428191140628222,0.732801851033912,-13.610166606051411,0.0
-9.829655532066274,19.465807636763312,-2.766504948518347,-17.815026491036097,0.0
-12.416692243805237,21.69226596757794,9.6988125293515,-6.537923868565956,0.0
-10.605091583469246,27.42723682502877,5.588992481208402,-12.91775708270996,0.0
-12.757052543685331,10.623032672526119,-2.1305905007841286,2.472950564383148,0.0
-10.350059773452715,-0.7167240708386711,4.54499885164653,-13.87949214580274,0.0
-7.125066552343004,19.097786660436018,3.668379841656755,-4.7248309715911985,0.0
-11.84706413193123,9.801572378615656,4.079601574350573,-17.280252124869786,0.0
-4.796718348497032,19.299506893376858,7.599363618768923,-2.7406227658474362,0.0
-8.607106683056871,23.92794153061357,6.858876475791833,-13.650069534051827,0.0
-9.304585339330757,10.740569304574887,3.8153116198096093,3.515218489662023,0.0
-7.296637912869732,15.202943615094163,-1.2901595606768126,3.2651633487168006,0.0
-9.089954648043822,8.866240361055505,4.802008196478804,-6.711440190604502,0.0
-7.748412312439426,20.267585119591867,5.701708669523938,-7.03957115451637,0.0
-7.681843966506857,16.447476914158923,1.7394751099191517,-1.7211944554460352,0.0
-7.025489077309874,17.25653795069288,-5.001602142264028,-2.4088387141116794,0.0
-10.161617259924647,15.20578411821804,8.362056372200607,-5.588421481407143,0.0
-9.740252088976119,28.52774415635647,22.55945971977377,-19.98846370167607,0.0
-5.254335759718528,40.99462134124025,13.705170863840777,-18.50412531219739,0.0
-3.570703672472166,29.128682040500635,1.2079084136420182,-9.12428431434017,0.0
-9.905766717738747,32.06684200556453,3.8783545709504814,3.586514583917693,0.0
-1.532745537078635,4.868824408061512,-3.1933313753885795,5.311433396062656,0.0
0.42793846529242585,16.9255394845874,-1.9185401684577768,-10.687424054283216,0.0
0.2896284969735893,8.305067454554418,13.039350930880484,-37.16382751759866,0.0
2.9194085667143743,10.088505579647045,17.15426798907206,-17.841303406250987,0.0
1.1169255333725618,-2.567474690809897,16.926773580214082,-19.075554303246918,0.0
-0.372509973425008,22.926334976054278,16.953108600757627,-7.10967883085368,0.0
2.224528691188611,18.079672382080627,17.53168325589658,-26.001330123114183,0.0
1.0258750136393953,10.857817264410233,6.734864176290379,-16.586161864271073,0.0
-2.510532046803899,15.73844556237239,6.530516251570516,-11.633755020566342,0.0
-1.1712172856037943,2.0526888461902857,13.320858328313705,0.1288412266048642,0.0
0.6665691475113591,20.959985528141573,-4.5741688280587525,8.438163134246226,0.0
-0.044939306325376904,33.55449490976335,19.483818786953762,-10.809235758763258,0.0
-2.2218826291040794,34.608236005040936,8.73385380399413,2.3889340156142342,0.0
-2.4646803297614666,21.10994256965916,20.432299219034313,6.523635966159244,0.0
-5.234072431493333,31.576042807325443,9.583216982078294,-16.441979402144455,0.0
-2.863454972824484,23.15000257066739,5.2937307855454705,-38.509395952095254,0.0
-1.433214745887366,16.618700108734725,20.988626087920643,-32.51786863429919,0.0
0.5009472814906424,16.723012871956627,15.080193636863283,-22.0881599788902,0.0
3.324325941418158,13.203748348097573,7.255072194087269,-19.060868500973754,0.0
-0.007036924548610157,13.085592273429214,6.895892469361304,-33.07906972713996,0.0
0.8730378712954598,8.086866234229602,4.469024964782548,2.5053030239423695,0.0
-3.856733422295552,6.60957049442217,-1.5757488213828523,6.191743218267104,0.0
-1.2586626002062749,18.254529737027458,9.512064796028849,-20.36101142898681,0.0
3.873267625956236,20.101988693049382,10.824632426346831,-1.004304796344008,0.0
-0.872306646867441,19.762223948715572,7.91748338527895,-10.930775614592122,0.0
-0.33373918037741745,6.448809798608396,19.193639178048365,9.982544133151443,0.0
2.10624715859749,4.071340130944676,20.341540848619722,20.70594536547276,0.0
-1.1268889813154934,12.194722547232427,20.437877976910283,12.635974944095096,0.0
-0.16244034569525412,0.409837259392809,19.96780884854746,3.4094219933944725,0.0
-0.3601502264076862,9.806678046694422,18.42940736964363,1.0276306507230046,0.0
-0.9796338172305418,12.691210671898027,0.703046958050848,-7.5101370782004215,0.0
0.613868857991688,10.66167208128241,11.082948063899735,-17.96325736801487,0.0
-3.782928900236378,22.82589194645044,6.395269749534991,-1.6192696809131557,0.0
-0.8694040332151944,31.143628062891242,12.412094057983635,-13.494168960355498,0.0
1.4968170325549754,27.50935680991985,11.559363832005364,-19.044231350420855,0.0
2.4539126249176704,28.6810008210527,20.03254887745587,-11.893472178262275,0.0
1.323511490571971,16.280909685455214,20.429419239333207,-8.89181177793114,0.0
-2.183111892932144,32.93922590930309,25.166467113212654,-16.192902936920294,0.0
1.5165577517566144,31.778718784567506,20.96214980291078,-18.763103702680958,0.0
0.8921107522400078,7.81759601869202,16.955905659217162,-7.568020592840612,0.0
-5.061076437702851,10.885534592482523,20.027187228251996,2.7111628475714173,0.0
-4.071067264511907,11.372873744370796,1.1710738554220201,16.880640534622724,0.0
-0.29494644682857896,12.110090844579915,7.94761442249352,6.680802736604735,0.0
-9.964985847882879,13.541661497626833,10.666664783988416,2.0282634297562616,0.0
-8.031790706988968,14.560451042197355,24.187123728241666,5.501935744365234,0.0
-9.037805982654351,11.354378109490646,24.191377701470543,-6.9537064205744095,0.0
-12.235887238849243,2.605422908648409,12.403378534768263,18.910005473331818,0.0
-11.290529418051863,-2.489738271051204,1.1643109408901218,11.433128434308193,0.0
-10.124657534206037,-0.29051698310835405,10.718299167885773,-18.425416741693024,0.0
-8.205189850669791,16.34117952628597,1.6021323432309575,-24.723522456635962,0.0
-9.875855878427688,25.996795251133484,3.422174966904678,-28.258899034697773,0.0
-6.189320673881606,20.525728170355833,2.874334998498755,-22.76348409342777,0.0
-9.434111677050854,30.258466818247037,3.3719735110598537,13.511795679987376,0.0
-6.354104764734357,22.015093383837986,7.9203141411404,6.235267262429799,0.0
-6.019607834338473,15.990744634912009,21.683924432096134,11.833567591967611,0.0
-6.722856174166248,22.585677530327985,15.733719089456457,-3.0936212728830688,0.0
-10.821461076181336,10.00285342115615,24.482228727301635,-3.3320918029423146,0.0
-6.070437163576424,19.848908861614166,23.304266782599974,-11.443818112147742,0.0
-3.8794908433346933,12.791101252711531,16.195122428731153,-9.039484724305911,0.0
-8.63749326464087,6.351060575561821,14.071604536347774,-15.616185937187957,0.0
-10.197527329716106,11.532230588870705,14.572408528473517,-5.867310098615452,0.0
-9.89371367032564,31.52393223221243,10.988867871569425,-14.6006824818873,0.0
-9.98967308489067,17.84284103829407,18.370657325004046,-20.646579289360997,0.0
-11.329767217725749,-3.462068539595222,18.89977666432921,-28.755593289386347,0.0
-12.467312075061118,15.105120559009865,19.57475124275418,-7.671194734047642,0.0
-11.24199380820247,-8.804322446373455,11.595810102182972,-19.971951648300767,0.0
-11.375845019770477,12.864426889200738,6.364450166309908,-30.3256385520585,0.0
-10.108098460057361,25.663146867034158,-6.903430883963326,-7.22245676921542,0.0
-7.965423022520275,27.326250812084158,11.985308507033293,-9.840545996398006,0.0
-9.657093704410052,18.616595804735223,6.497130400918963,8.32354294628123,0.0
-7.281600452923892,15.306137291191847,6.209570515269732,9.527717287323949,0.0
-5.273597527056282,17.403359474907102,9.736735492790366,-3.932572270277551,0.0
-5.826866307879514,22.217936170515973,18.44899373886954,19.340578301489437,0.0
-7.296169285353052,24.292320912595027,13.676281472446991,22.55346921424192,0.0
-7.729075169231509,11.18389656977961,2.6622692664380168,-5.496304957757793,0.0
-7.3214944759763485,9.882150371377023,4.792787425263587,-10.759764781564789,0.0
-6.291839307294728,-1.2533938004987242,7.079964600139401,-13.736627951839928,0.0
-14.920303888946982,11.923067344739467,9.943402312109725,-21.381004318724393,0.0
-13.265049198436573,9.061173711699926,10.974250068640131,-21.67121145849869,0.0
-10.01923764135924,9.650865913440954,11.713222899617802,-28.225352592988884,0.0
-9.271115432206967,10.710550835563886,18.51463187032593,-31.583904429702255,0.0
-7.24760155301143,16.155828285477835,2.493904244381943,-10.32705214539219,0.0
-6.798985831453631,-5.714177409448071,3.6590827395702616,-9.532614112355114,0.0
-9.389117643701393,-1.708795943994728,14.999997201681833,-27.907996275142196,0.0
-11.457369699121298,10.403660459588146,26.675519905077827,-25.785868560683518,0.0
-7.262496186444899,5.535658346270537,23.533642597456435,-19.508115870718466,0.0
0.048829386537463215,15.026762779503802,10.282742026047401,4.596657250304567,0.0
-1.3158011033451533,12.12465290449949,3.8307930125557395,10.294669296219938,0.0
-4.195161927739908,-3.0441275537195267,5.662473714442855,-11.073022024457488,0.0
-4.682893503013927,13.713424808180271,2.5750827540329215,-7.597813110344025,0.0
-3.6795415629687698,6.479248462554409,-2.4435386593956343,-0.9627878299027035,0.0
-0.677575262430426,-1.7269007598075383,-9.126205487283203,-3.7021362037511807,0.0
0.1405369844343678,10.884335651640741,-17.826977940328,0.2499412912599972,0.0
-4.424897407463272,16.603252737321604,-0.30562498782322933,0.9896585310335002,0.0
-3.742238338069406,23.07876155562965,8.886459163038666,-12.19892983203767,0.0
-3.6105041241941715,42.588564849437034,8.805278764231021,-28.088897699729205,0.0
-0.755723846052933,21.05859087918579,6.6455934703912565,-18.385268177472263,0.0
-0.1031580121521497,26.24575187685778,6.274306261533599,-15.804647143059514,0.0
-2.9669193793126145,31.207349755649297,2.354473615395519,-11.643315577376587,0.0
0.20590951644208033,24.171317501098496,17.751745646319907,4.04102276960312,0.0
-1.6798854270608552,14.186963034988455,9.082985929518482,7.333290397220791,0.0
-1.5732137474423111,-2.7149429739291104,-1.5926597883710425,11.49362343082035,0.0
-0.19239973131081517,10.134353317024186,3.8656725800913474,13.585787582065588,0.0
-1.3252571888678581,-8.758528491259518,1.3540305180925483,-8.036933877331503,0.0
-3.615586509279072,14.140809048845394,11.895129262018612,-30.856767880242277,0.0
-4.445114968050417,17.54789317713746,14.060060541103029,-20.992604160366447,0.0
-1.3232767438698112,-0.7281416114031956,8.68901022372792,-35.21840281991064,0.0
-1.7258809155219974,7.491284523677054,3.0447863349429896,-26.120324671121516,0.0
-1.8893801251981823,17.07046013969958,17.56131327444785,-4.679983834655893,0.0
-7.434124791882505,12.242986610418019,-3.166993433454526,-8.642630598959698,0.0
-3.642023930085557,16.83932822900977,2.420876874469002,-11.908980713470797,0.0
-1.2671170859958603,36.85820749430976,15.505417188575256,-25.15929630181006,0.0
3.7829599531355456,49.29485971625675,9.603137616506684,-4.142953466412398,0.0
3.99278221385905,36.532398755750165,23.670201328693615,4.659898607272291,0.0
3.1706827428940123,22.206520171610162,12.3068011605315,-13.972744598707763,0.0
-0.9050146082349637,4.532327057947191,3.95683397866671,-0.819217056446611,0.0
-1.9146852552789904,23.97566404851515,15.668389615368206,-6.9527979899558705,0.0
-3.8993294199736517,4.844729783315798,14.841097418654101,-30.962954062550853,0.0
-10.608342507511885,12.137433309612803,4.8531979819391715,-24.533167543453978,0.0
-3.477123796040675,16.683729605295778,5.072050625565458,-9.466986137828151,0.0
-1.8226683713022775,14.224082347818454,12.548367654323627,-12.825635356715768,0.0
-3.4171843859976225,34.40312687500372,3.4535385160225225,-8.13054530529328,0.0
-1.8054268689707476,18.949410427888946,-7.865931846384282,-13.014115222695489,0.0
-0.536649957779634,26.20438994895632,-5.983207818473714,-22.513615133080616,0.0
-4.7785515255683935,6.900497576040735,-8.296046826957612,-7.141558220265701,0.0
-1.4168017524948011,21.276633479257043,1.4246708433209285,-4.477265985521728,0.0
0.3004593161430903,5.817622771603123,8.517629216069992,-5.963047114739201,0.0
1.2529901021567806,15.59276674239889,4.758303626675417,-3.214286401978516,0.0
0.1149508244659212,-5.0101702558502215,1.4208584751702835,-7.790886561972162,0.0
-3.8878250519265594,5.313522596182352,2.1352042754425855,13.599600122477316,0.0
-9.146744177087804,18.81543870625888,3.54827198691307,2.2032518142786124,0.0
-5.802855633539146,6.309387928219902,11.4111578544616,2.965089318801132,0.0
-8.130925362590858,8.648739275807117,13.529167244054296,3.066925506999917,0.0
-6.758367643235093,22.592807432545754,12.385996978046556,8.710678581692608,0.0
-7.264144624487777,8.855572570447563,8.923826894107474,-11.316590292998878,0.0
-5.517406138682211,7.125337413002872,12.113367195744733,-0.15109853453115196,0.0
-8.053049280953179,21.978523991070713,14.676534209119499,-0.06042044218989462,0.0
-7.266872469791109,3.2610665569981876,18.3068969528512,11.000317550949646,0.0
-9.151566376987551,-7.748844455797904,8.325818382820678,2.304217928138778,0.0
-5.086953790460745,-8.232049941952866,9.165718829604367,-11.65236041015904,0.0
-8.34324296463081,-5.421756313744308,5.608522484746055,-11.426526104043226,0.0
-7.061317674333425,7.709799774658341,8.310639473208518,-24.243228947592698,0.0
-5.9117231613894665,22.824757120148668,11.219855019182084,-25.081126714960355,0.0
-5.793858261697415,25.813222734410406,-0.45914548749544615,-19.101966597994505,0.0
-9.523593526315423,17.490670032384728,1.3389107210209197,-19.437168085510518,0.0
-8.428950785906242,27.321435024670027,5.438681890788693,-0.7079370857934144,0.0
-11.604196972047747,20.70801024965107,7.914497656091763,-2.0833486319538337,0.0
-9.228523002947233,20.397297549561504,15.625685483213209,10.2761088527228,0.0
-7.50749056685775,27.360725243113265,3.631106372586321,-12.58538921471305,0.0
-8.231735337371124,13.318976178947626,-0.5510813817562772,-1.9258116840591377,0.0
-7.331514785398426,18.980562810143674,8.49396656349869,7.1544837686047345,0.0
-8.338067902044001,12.668870157443147,12.69546647020397,-3.4330814816926742,0.0
-9.409873243466752,-14.65704628108408,9.617453127395967,-4.21059682245439,0.0
-3.585714780851207,-0.9061330568303028,14.249996486680425,-4.589406478410295,0.0
-5.502729365385951,-6.771512089579685,5.284680098264245,3.9675234587198105,0.0
-6.758616331080024,13.050306308309981,3.2070271411820794,3.8004706868599047,0.0
-8.820238582959199,1.7278798472913337,6.547208955138792,-15.267357798877683,0.0
-7.74396040749213,2.481656783519373,2.2709627716844674,-13.02505979145477,0.0
-3.6908487791783324,11.26491525088025,-5.767063456340832,-14.116311848763878,0.0
-4.2180623595578375,10.77558407012888,7.954909783787227,-17.59877619629414,0.0
-4.441612053814836,21.392745260059066,10.225977300840634,-15.156286295180113,0.0
-3.833603291165524,2.253028296461018,9.369768392440786,7.636604546520406,0.0
-0.958547953221661,13.268937569461478,8.098372255357312,-1.432932787619107,0.0
-4.050198096045495,10.030611388724497,5.581954217126921,-0.614515148101769,0.0
-9.972293916163995,-2.2915588795456596,9.365827413076818,2.7948633536619116,0.0
-10.616954192179325,-12.36315286013992,0.25145720396939364,-2.0605796389852777,0.0
-10.40371479967367,-18.01198191027119,8.66715847367314,-4.456900591899435,0.0
-10.066114966327033,3.0209324553969044,9.022817106302822,-14.704719604945272,0.0
-12.57320180763002,14.076622554742581,10.403716478564169,-12.047611813920568,0.0
-12.196041773475166,16.83405637888205,8.358324077795366,-22.55650895592112,0.0
-10.667185638482284,20.16543704929865,16.157328859902353,-21.47470936204855,0.0
-13.668637130086188,13.68345411783298,22.108323651412928,5.214648804024682,0.0
-0.5424717759785371,10.976666771206236,20.436464946232626,-2.93427397986391,0.0
1.4691950950158692,13.5515197932319,17.74078476086145,-7.055935934942134,0.0
-0.852216400944237,16.139217920991516,11.840230718350252,-1.2996305033274975,0.0
0.5723884152204299,11.632990354009987,18.041467717081826,1.8711063917137913,0.0
-1.8176201645940986,13.60727149694993,16.35592328863283,-3.7551008842447526,0.0
0.045716665445907634,-10.013284422952491,24.838927379879802,-10.91740034080301,0.0
0.026398968549799007,11.251591692336202,20.225605589810172,-20.305377804394872,0.0
-3.7910419166268996,38.76688240773973,15.467884305688568,-21.68208256703766,0.0
-1.1463145425634282,21.308985168921723,25.543653103243305,-34.43784295462861,0.0
0.10965104571224837,20.208825390793873,24.264237595323245,-22.808190964552725,0.0
-3.0173162621781455,26.65208582206848,17.973761305100332,-15.35844944392078,0.0
-1.0929268074300345,9.960759477963869,18.41117863289385,-4.035216005993737,0.0
2.4117199876045228,5.772951469896935,-1.0457038337263374,-27.261869726332456,0.0
2.5709224538334707,-23.037945344837517,2.0536679265276634,-17.60777351300466,0.0
1.0903189614661994,-1.740090459818811,0.4918393843092721,-17.173284369642925,0.0
2.4564185264717753,6.600027076890877,-10.618305334037238,-6.11958952834165,0.0
1.9954383432525493,9.890439528604144,-13.23696402104338,-7.262616249382624,0.0
3.3337941485910836,6.001858080719732,-2.1142532233436673,-10.795675968301275,0.0
-0.6891063455736735,20.099141189797713,-8.850978332389616,-7.276658594044343,0.0
-1.4937099202380417,16.761110594992928,-5.067517495897281,-0.1952909056066674,0.0
-0.35289800118238396,13.388623185542766,4.114853839568429,-10.101287114200424,0.0
-0.7015807303177354,21.170328845978172,4.599765767742428,-15.902724744035552,0.0
1.6231617392431086,1.0503952193692871,6.582727026064301,-4.6914502249584284,0.0
-1.0798572572155658,9.685240983314873,4.739679660573294,0.6467818976438229,0.0
-2.0207111320085573,11.801716924451013,3.262896303896655,-12.168485579804784,0.0
-6.417817120748025,-2.5006758622291585,0.4242098034074351,-9.254017165581311,0.0
-4.656917944682592,9.330597847849113,12.12696522660995,-9.373801737841578,0.0
-5.864954691251636,3.2535108381971707,18.366891629454678,-0.8681466215426483,0.0
-4.049788346986191,13.332827144930485,19.757185235241952,1.1606730253884723,0.0
-4.070952809044883,21.505523034916312,6.659267833512704,-22.98345384850456,0.0
-6.169001213156009,28.817685545493905,13.89180397353632,-12.437135864877636,0.0
-4.107206461313806,6.66876919158784,21.623029496214233,-10.66854579542025,0.0
-4.511224225604561,5.707394177348961,26.363345626745307,-3.2285348225054937,0.0
-3.4000173032515124,19.34655819847355,17.635885512874296,-8.26947463456516,0.0
3.018768609240859,14.825240626394947,22.287343342312703,4.58239261802459,0.0
3.1728256058466306,14.466305849921989,7.9844830220225225,-3.895740301448713,0.0
-1.4090068313830555,16.517899556344574,6.781871171798841,-1.6514848099720094,0.0
0.6546699846099964,16.960918627489754,14.270939368455846,-0.846045742514864,0.0
-3.042356065012492,21.288977233384138,11.481462531095747,-15.599049706117446,0.0
-7.407976836372729,25.290505750351457,6.404098353345032,1.189002021163983,0.0
-5.13941644042934,16.222262655798236,23.35652058790678,-3.451046911697091,0.0
-3.5539259087679556,22.509558893878168,14.100401543277707,1.6820871988919777,0.0
0.6936760304228461,17.768672063090868,13.516632169109911,2.129176897381864,0.0
