x1,x2,x3,x4,y
-17.19685008049068,15.204246197142455,3.6130444828304573,-41.7998091963091,3.0
-12.412563212808491,10.582117739667254,2.965269722980149,-29.329225826923118,3.0
-9.505401866509187,4.443348986091655,2.8061604987680306,-16.411973745622046,3.0
-9.97591583587944,9.084791742755275,2.078636650675633,-17.127749558641913,3.0
-3.0463783384475303,5.302852203215527,2.3339382827560247,-15.98943322273917,3.0
-12.268953248219983,11.007146538871222,-0.8329021565853069,-13.859326665352032,3.0
-4.3170421613380645,10.254905565145545,-0.5342438366298168,-21.47371962090205,3.0
-13.243850696717203,10.096207803821367,-1.1756106158305344,-31.420698068126214,3.0
-10.66840424286055,15.262933084107102,-3.2563815157361953,-29.446035574180417,3.0
-11.502726458090306,11.660505776998,-4.637486948499788,-28.172696009309096,3.0
-13.513237778511844,8.614996216198028,-3.0748814588462556,-17.393730503119393,3.0
-6.349772835739521,9.06430655577838,0.020548116266847882,-17.907545823140172,3.0
1.6281828482894856,8.09811499747431,1.0964101747118504,-16.619127280693135,3.0
9.795269718506347,13.05983846275544,2.0410345589223473,-14.976333827479332,3.0
4.363952494891962,13.880682520703056,2.4526233862968616,-23.22651363498651,3.0
-6.105169617650477,12.948405705682823,3.0726122463231733,-29.759769447456737,3.0
3.29964934930051,10.375765369386153,0.5250599868636753,-27.842222061098447,3.0
6.385206693131161,14.07940564260501,1.0214825953516766,-24.69093411655223,3.0
1.491402542721345,11.996259385315618,2.118487069292863,-39.699492095304095,3.0
3.1279410733461894,12.64404941770073,2.014842670478689,-38.00065416023125,3.0
-0.7565550048254792,10.840209213223499,-1.599224469970094,-37.83578867125682,3.0
-2.5403463064798233,14.2796852840558,0.29420046598913374,-25.921619933312517,3.0
-12.570692040475905,18.12304943879329,-1.2781057663976347,-27.912152741673648,3.0
-12.67399722984544,10.10901689959314,2.714518719499381,-17.66337224054747,3.0
-1.6376828727173018,9.944772004446857,2.589640028908926,-15.452658041199518,3.0
-9.728633780241177,12.201086694996132,-0.4795056887805518,-11.580529010570224,3.0
-9.91568654567292,11.68361131992609,-1.2807589890667335,-11.38755910292549,3.0
-4.691645040625437,12.574093192180236,-0.4249069166284989,-16.210723290018098,3.0
-14.056836078688411,16.151813733412105,-3.11966925570953,-16.586321259201057,3.0
2.617934914349215,11.313915813995854,-1.8796257303190118,-20.499690402508314,3.0
-1.5600041946991867,7.411101842928545,-0.510662150088445,-30.46421370534009,3.0
-3.80142159061651,9.557335070567422,-1.6166581722642666,-14.768273616725864,3.0
-7.486652492267584,5.7521767551743554,-2.9254932406915692,-12.953649365068234,3.0
-5.555072957376606,3.3911474616073454,-1.9398341383381144,-26.903839168414788,3.0
6.084520683434983,5.923950075010072,-0.14335547794259396,-23.634784076017105,3.0
1.9589219245062277,8.504914871127587,-4.258313807188236,-23.378304776673534,3.0
-8.071278611796522,8.974864751190996,-1.8019391299290932,-24.263372378666254,3.0
4.123683082833509,12.671670199686815,-1.7969892165671135,-14.76670787627334,3.0
-0.42135385046482376,10.042281960048063,-4.945119014445699,-12.563003289610602,3.0
3.2757331759203554,10.854791371006163,-0.9692572999633323,-19.14001099458904,3.0
-6.353026172290173,12.623360286896785,-1.2178851488618148,-21.1857403452142,3.0
-1.684197190108843,10.168760391711718,-3.6594089677736994,-18.769722954868733,3.0
-12.809275810595269,11.294439921209067,0.9434241025297522,-8.479430341538308,3.0
-17.102287837667255,15.602742833187284,-1.5405903355321935,-16.69343346156218,3.0
2.7769957589567182,9.554466054643772,0.3386487911960254,-16.15113049858911,3.0
-2.5631061817856478,9.260819398685186,-1.1250217294135043,-16.33173670816267,3.0
0.9548234970174976,10.849744719709742,-0.01493059504087102,-21.014885470059077,3.0
-4.08211064597642,10.303255128798385,0.7508543010544261,-9.898965382140236,3.0
1.5388132837242003,15.166836489714527,-2.927807174898655,-13.58938621272425,3.0
-2.1074274464203797,10.802099563802905,4.047385975882059,-22.447991457225157,3.0
1.480517877958206,8.733003848176422,3.7473714977431376,-24.831233900811682,3.0
1.4454448411130483,18.576798434889465,2.6325718367515694,-19.480635312009234,3.0
3.3899774184001434,18.932921474525724,1.0689988813708111,-26.840930236264988,3.0
3.036447339977709,16.457844761484548,1.5784730564058234,-25.614244865945487,3.0
8.253783643057503,19.30698251473767,3.008286619973734,-13.333170929397031,3.0
4.517053495421375,13.6648852284681,5.2841246490838865,-20.23079891886571,3.0
0.7504880047613633,14.620990599638375,2.84248260681791,-21.264938552596597,3.0
-5.134784073065081,13.555674654155528,1.190749811918087,-22.421742753910888,3.0
-4.0440647766434585,10.640931227529416,-0.7793679075761745,-16.074986148308312,3.0
1.8214069160245119,7.436440539166733,-1.1725983728884728,-16.77916282114613,3.0
8.59615203947413,13.581196243026417,-0.093712449341671,-9.659968514484447,3.0
-7.630004886722805,15.108059109717058,-1.518041745432685,-16.641754573839698,3.0
-5.818548684162829,12.181903608857754,-2.4246514799725443,-19.667462985739213,3.0
-5.564819297294264,7.592329874919247,-1.2834963605111316,-19.066754458415303,3.0
2.1981915637118243,11.7821345588788,-0.58255776126702,-14.977352994749202,3.0
-0.09416914582948,11.343359964453953,-0.10569149754338314,-20.853528123750962,3.0
-12.746885755231698,14.189777656423134,0.30684041306829435,-15.527686074500258,3.0
-13.580968263118113,8.157223272654106,-1.7014148350204525,-17.487944119862842,3.0
-7.552098585195276,6.057798413829265,-4.814881803797256,-22.742800910609148,3.0
-8.265806730677163,1.6765644783338214,-2.097322123796496,-19.343681205890505,3.0
-0.2573056557357418,8.457260339223625,-1.6429911160899717,-19.928465917286918,3.0
-14.534096886720324,13.109597188437293,-2.8127401142753152,-17.843902081256076,3.0
-20.71496219708296,14.244689669741055,-3.6464362001590853,-7.619441279174296,3.0
-8.04120410760596,13.702942922985123,-3.9706332390114834,-16.082931747710973,3.0
0.2506042396523389,6.365736068143621,-4.76913911025356,-21.646560330858804,3.0
1.5625524080621895,7.6869234763207,-2.6379234910673492,-17.887740035318018,3.0
1.0697338522231072,13.212978780002722,-1.9764187371032107,-21.850913072886573,3.0
-9.7627331977174,4.214125919315852,2.4761750415238097,-25.001885497771212,3.0
-6.997297669168484,5.304179846912319,3.488739368114701,-18.278471385415084,3.0
-1.034045756784497,12.857211714460723,6.523103479837417,-17.84263492069159,3.0
-3.0311733347717946,15.118521288441492,-0.9832940707111778,-22.078307108090204,3.0
1.1929476551016416,13.578913331177121,3.5639392824447382,-30.06699512882611,3.0
4.69363060084698,12.216544933907805,0.9783754386621135,-19.873725584014725,3.0
5.597704004289146,10.600088986396502,1.581874436176355,-16.919326961500335,3.0
-7.34786008675492,7.706084415535744,1.8703750583873777,-11.690346988304599,3.0
-10.292778886975658,9.06506953955843,4.881334949664044,-11.905229860645969,3.0
-7.5226921086608645,10.891469643774862,-1.1740136392953517,-9.548781692298167,3.0
-15.82433258696182,12.782073469005201,-1.089330441769859,-11.242354812415014,3.0
-6.702839880240122,8.777094087611257,-0.5493964267921793,-17.79454336281856,3.0
-14.716066171268146,8.328020214693192,0.5740772869984221,-20.74043211719117,3.0
0.26099711094077094,8.590374833502711,-1.445798942897913,-15.772970506378563,3.0
-3.138180863118121,16.74592162512435,3.994120901427316,-16.082822494803036,3.0
0.48871936569670993,12.923027663061243,0.2782278364549047,-18.950339372624967,3.0
-5.779981855463978,5.930110040458567,1.7027299600787584,-18.008942294481862,3.0
-7.858787010298904,6.034864246567021,-2.2146694031138128,-23.11566663694379,3.0
-14.643771602080871,7.1857778638383945,-2.800734662988357,-14.319574348196765,3.0
-9.742826569869441,7.577561797677825,-1.488233747142723,-15.41038430863078,3.0
-3.966449079396947,12.732491687432153,1.3177352320837636,-20.244619437314654,3.0
-7.279419220007057,15.963877785112793,0.5845549181847489,-20.676017318794145,3.0
-4.2698438780051635,8.697797026093934,1.0627655315313955,-22.587997987195582,3.0
6.608355056372542,11.370671045172863,1.0460158703949296,-20.80825562959897,3.0
-6.171568668208993,9.89216219869673,-3.0559653655749304,-17.81783942204229,3.0
3.545918215270878,8.461447301560472,-1.3336530129361177,-12.888118752273689,3.0
11.18908628826515,8.158477478297904,-2.288272630130973,-12.050120660571022,3.0
6.34365679699707,10.72589261422435,-1.064230171373188,-25.713499078603018,3.0
-9.474930697235651,12.870731371319282,2.3072564320165068,-19.472664662897426,3.0
-25.266660154119553,13.465337201090092,1.5740677196528734,-15.877971673367528,3.0
-21.203679555177608,17.471508289999946,0.3500463319288837,-27.31420395775165,3.0
-19.68379531590599,13.909400955129342,-2.590382047360846,-25.961009464214015,3.0
-6.737087277076898,12.076348297084003,-1.0512608819236033,-30.645200917199105,3.0
8.414704052187616,15.620266556965928,-5.287506125340714,-23.754603030008766,3.0
0.9937181224465235,15.380490899997486,0.4724731870732134,-16.982376215036233,3.0
-4.055321238086496,16.415408253113743,0.44705031084416363,-20.079508024624673,3.0
-6.427774472361733,18.370875541746464,1.2076908802214916,-16.162363394076277,3.0
-13.11371548787079,10.486754180728077,1.5135749191207357,-15.656389833410746,3.0
-1.4354014118920513,12.58233863988667,4.3745496677802,-14.567593527717696,3.0
6.532206531918092,8.657755913752522,3.7449513726487353,-19.528269827840372,3.0
5.811334896097797,6.866098912597792,3.171479988568588,-22.928863851818605,3.0
7.772307162060994,9.004768318881162,-0.2134114712132309,-14.613281219651821,3.0
-0.19659142632827598,9.909959494122518,-2.0609875237057245,-18.92499269736991,3.0
-8.334949355369458,8.243102573025453,-4.252353652830271,-18.661500393020823,3.0
-4.393441051991811,5.912664246868573,-3.608857052179913,-14.431156927132868,3.0
-12.228380276253873,6.587549993938573,-3.1134031253891155,-21.515031706254426,3.0
-6.505239795540662,-0.7924776836016036,-5.350641022502041,-10.411755189355286,3.0
-14.26457371271922,2.7731690217405216,-1.9734592279440006,-15.822286742011883,3.0
-5.916535046801945,5.595756794722405,-1.2232627654995876,-14.647146314901043,3.0
-0.4972163556172431,5.172930497732535,-0.1727440685672117,-7.314711863604224,3.0
3.174267635087573,3.503572371680832,-0.9695792694912224,-13.466683157133122,3.0
7.310953531334199,2.5246504987543936,2.8832832321129387,-18.21965554462726,3.0
6.363422371924979,7.3666627331362555,3.3329436168779214,-27.207348979199438,3.0
-6.072221329486834,7.3649257011216545,4.008896854069807,-21.523224735284195,3.0
-12.584787870949345,10.138009371460862,6.384943591597828,-17.600179761076554,3.0
-17.42087315410832,10.701222591651808,1.7859297929361364,-20.899673340647126,3.0
-22.17590945376545,10.57630844406194,-1.3353994287380653,-14.622176676129552,3.0
-14.314611482655847,10.777062553626516,-0.14622259910657398,-23.09111781835751,3.0
-7.186938841193877,11.331893407354952,0.044717299374933184,-29.95917000515116,3.0
3.780111671923696,13.877593704726227,3.097518700489953,-25.239018351619784,3.0
1.5904292351874776,16.97336292636278,3.580568713317531,-10.407640148387516,3.0
-2.819917750524733,19.051830056654417,0.4153460853009523,-10.143879103328388,3.0
-5.169762345118988,15.261974456369716,-1.9906146258328168,-11.90673541387,3.0
-10.505747134662865,12.188370465613689,-1.3616704969458815,-12.306581981769847,3.0
-0.7295585287237785,14.13452094530662,-4.031823296614712,-5.655057556169599,3.0
-3.076497221973418,8.560761507226431,-1.2046083270548693,-2.5560560963699714,3.0
-8.147225652629308,8.327413727333663,-3.224549467592844,-7.920732552627406,3.0
-11.772202455273595,4.4028876220349025,-3.660172118591694,-12.104876558521685,3.0
-10.560257151286596,6.355518239410683,-0.11665117243046685,-12.37774086909822,3.0
-3.987745298259349,13.297651885211547,-5.412710554156195,-20.10920623424125,3.0
-8.907724588142683,13.259454407924856,-3.78041153645,-15.385715269617455,3.0
-20.18160278787053,11.135818048949597,-5.567735664996648,-6.6265685757297845,3.0
-13.452053019143978,9.529562712198077,-2.3644149318020435,-13.746094333393295,3.0
4.595964401585864,6.12674746738409,1.4973338763319028,-19.180358760498773,3.0
-0.17448025294051295,2.748732619343512,-2.3144984115845184,-14.883874103239187,3.0
5.275188660360725,10.00324118292428,-6.109668634279943,-18.311576076518726,3.0
1.380457743025771,8.747226968653443,-4.138955778580869,-21.090630737036577,3.0
6.343021739761826,12.608363843456548,-2.5094491239539987,-23.81854076629426,3.0
-8.92850506714247,9.707666463016238,0.564119532042131,-27.278205349496908,3.0
-4.431023115626715,9.788496011442014,0.4722912526993073,-21.516777297773505,3.0
-0.2997807717229697,6.8662675399432995,0.3681489856346142,-17.76498161582393,3.0
6.186362376427243,3.0718422223054542,-1.7429137489437245,-23.40957695079961,3.0
-2.477320934025518,7.983980740012267,-1.8650297755988063,-27.08981545745533,3.0
-8.517980608084049,8.57654998508023,-1.6867609334930664,-18.263415610434063,3.0
-7.7776175147860895,12.65181942942787,-0.7530841839195876,-7.282735142005313,3.0
-0.9363992259514433,16.200550350614208,1.1422193407847558,-15.91215432543802,3.0
8.167709628926758,18.310487624670863,1.6454889436632798,-13.80709492079994,3.0
12.693442810425998,12.429404570632673,-0.6446329186130386,-25.798788174654074,3.0
4.4280242701461985,10.513858992758795,-2.7939836070742645,-26.786709541054094,3.0
-6.3527718713228225,12.421173461374112,-1.7662904708216018,-19.984188724079242,3.0
-8.694056842434824,12.471107471468143,1.4959284227015484,-20.638291353424865,3.0
-4.570069549823858,13.715287330128833,-0.9748260720912315,-22.602195935415345,3.0
-16.25102744831246,13.983033788325631,-0.9698709933131985,-27.21360866985036,3.0
-19.255955285765936,13.352415174592192,-5.414917275717155,-17.54845494443935,3.0
-5.89423028957071,11.422452013083106,-3.60459551481511,-18.178733239223455,3.0
-8.413956655702473,12.640892651451743,0.6886604466008241,-32.9395325638622,3.0
-10.793132278313937,10.135800589621097,3.6745002515992855,-31.832405552540337,3.0
1.139830361349654,12.196413069348715,-0.3688809976983416,-32.27432014354372,3.0
-3.508096745156416,12.355605726150536,-0.6530367482176593,-26.413649405308924,3.0
4.3909936329329815,11.145758607528373,-0.15300259539751057,-19.84694226587678,3.0
-7.825854178169231,17.9597196189996,-0.040340205785188044,-29.042559421102986,3.0
-5.76995264286684,14.150987556432806,2.096551132763521,-26.45631352132809,3.0
3.1658530543469485,12.30164384048923,1.5210003586404701,-23.192857934095883,3.0
10.76716078004208,14.670554262721515,2.5148700978447023,-15.573994818856965,3.0
-1.875277419649321,11.438868161309319,3.0620087639739726,-15.894943411527542,3.0
0.6164223193460234,10.830111214179151,1.7336977993991984,-22.413887943680948,3.0
4.898336595393603,6.181894085325844,-3.3268243034391776,-17.9946386011941,3.0
3.874419568989158,7.092661226163938,-3.231228539063223,-27.80709100751319,3.0
-2.3742525800620746,8.109515078494763,-1.2250878292458371,-24.9714593927391,3.0
-11.737119456141262,6.377107378624835,2.5899195225861544,-15.447406178960527,3.0
-3.6770407449960714,5.2845523078073295,7.211345425129593,-17.095366119584472,3.0
-2.8898518497915413,4.508316973488382,1.8067936736706656,-19.136587277595645,3.0
-0.06226209779566627,3.664691947467631,-1.5864432627011942,-14.655032766260671,3.0
7.288718921558054,13.207852168807026,-3.250411886184166,-21.443835475833385,3.0
13.19318838963503,11.652573210845226,-1.7774590113705306,-15.931145865998591,3.0
4.1326009843929725,8.990621537850702,-1.8860223129449811,-21.765200787040005,3.0
-1.9116880790080266,5.170672256705924,-2.195405598685343,-27.771882552144866,3.0
-0.5420223496175227,8.20733815895424,1.4504448983409657,-28.545072737464356,3.0
-5.1401830097656624,10.01205332288122,2.069149502190929,-23.814074360311672,3.0
-19.856572660558804,8.58192445223123,1.461320391440413,-21.911900648752663,3.0
-9.403348675965734,13.20767277456281,0.5975667914430662,-10.322874989805566,3.0
-1.7830728837233085,9.141526487553717,-2.550802102912762,-19.964983936029935,3.0
-5.062433527882579,8.792295952368924,-0.7927695415156643,-13.577657519459054,3.0
6.843133739698274,15.084051536159581,-0.03881576067552883,-10.440170316892402,3.0
22.090109722247334,11.854144508276153,3.0315686506746675,-11.830409066539094,3.0
4.688492954256782,6.187879011023156,0.3660328367073964,-14.688108986656518,3.0
7.41141108723032,6.755966880960351,-2.5735799845232976,-19.14536518553297,3.0
-3.4905395863328863,7.999067517689864,-0.1919873796048011,-18.959735408839222,3.0
-0.5797722774616076,2.4212571788097463,-1.585935564162629,-24.32797715270346,3.0
-15.220416037102291,2.95163345759902,-2.1411139447651673,-23.43216143384114,3.0
-15.986079679574532,9.009541026745179,2.915368428178796,-29.018683525023746,3.0
-18.714570963335188,11.378742449853664,1.7387737594254595,-27.56779920812438,3.0
0.6602670219033637,11.50104749516677,0.12216281266742102,-16.032850297329034,3.0
-5.313147976616376,12.383060052220369,-1.9369459228472572,-20.58868890747768,3.0
-8.758251866315351,11.242289653164834,-3.1523181935429805,-18.885818935395307,3.0
-3.146147934193526,10.276631662507162,2.2621540039726105,-14.486713332183104,3.0
0.3778533383534146,8.316869357367763,2.286316990261665,-8.152434725902692,3.0
13.792701821758609,7.898256507798265,3.1364530801415818,-12.847176168353966,3.0
-1.3276317935955024,14.915554924736828,-1.372918387651092,-12.470426150619383,3.0
-9.450549006943014,11.179593711739527,3.5381857813622575,-9.91849878104851,3.0
-4.652229799067557,10.592221547271896,2.49456425092358,-11.003484328866667,3.0
-6.3869623616757885,6.515058173831132,1.89926934938313,-23.298483336277595,3.0
-3.5867805745793486,8.835236308541413,1.640242704114906,-13.511911144228899,3.0
-17.516703562575678,4.7701886307268815,-2.1534497565517006,-29.175959853942143,3.0
-19.987108224093777,3.855218115261307,-2.490321083867064,-26.20693537021946,3.0
-16.588162468042857,0.6071695774216934,-3.778946294620135,-25.66909097393389,3.0
-10.1025632923619,4.152958553651818,-0.137877633960514,-20.08503401857502,3.0
-23.499871899257624,6.171548344498579,0.9743742374848386,-23.66293809543435,3.0
-19.304970516583985,6.705268344408154,-0.8424182288888273,-24.037674079439963,3.0
-4.423939859938955,6.140833400260969,1.933499418733612,-17.824932999019058,3.0
1.2246163419281881,11.194851087070278,1.031322122640743,-23.55702288752172,3.0
-13.043905560080148,14.75805381278183,-2.6708756042153396,-17.57950468443658,3.0
1.5905238955732939,14.126997422498384,1.5034456746885216,-12.593327273688693,3.0
6.499894875443134,12.152377768549881,-0.6378284030710761,-9.590534186336074,3.0
2.699077623482087,11.89239074920403,-0.798077231639148,-3.6754456055663844,3.0
8.270649854317806,10.43099878073081,6.501237744801667,-17.00646089605941,3.0
-15.189831314329375,16.806539075401588,4.591253789737952,-36.199613676595945,3.0
-31.382361668160666,10.820109964202867,3.8271567166296343,-18.03722182037591,3.0
-20.45582182721848,10.475512229406878,1.6103732598917322,-14.316251656336242,3.0
-25.881580657254048,13.01634544755257,0.2299804077760781,-18.728218597265673,3.0
-13.07251450726581,10.698725109199511,2.8280285579427042,-22.13356095920884,3.0
6.0008719905445105,17.128618714007672,2.665817339813164,-9.980115428823435,3.0
-2.1624791611826444,16.177807157980734,2.2661030032680074,-8.932661461067884,3.0
-2.185239009609219,13.953063883731964,1.702100627379936,-14.085883273590888,3.0
7.295043982279129,6.4804197511220565,-1.3645218912714894,-16.817106348317274,3.0
11.14945839839377,12.630743641704797,-3.023868072539523,-18.64975890099833,3.0
-7.919746839654975,12.324532034635057,-1.4726928552318928,-21.66335387204924,3.0
-9.692499171867212,11.599532276523176,-4.9132361797432935,-20.971071177959043,3.0
-15.004077343631664,12.13334533778667,0.22408354195229518,-20.623671110192756,3.0
-14.7895488898082,12.832061043686359,0.7998543534595834,-24.041206358643414,3.0
-19.42897567116656,9.889839977359873,0.37720557316852,-25.477022454063082,3.0
-17.15764746852738,8.9105753756751,-0.9865938308543055,-20.65746767103161,3.0
-17.08618052668346,12.391432094223749,-1.541373389398708,-23.521332091497143,3.0
-4.703652472338463,16.304351067714602,-0.39485215619247827,-26.69505013471205,3.0
-1.6630223249966178,14.467194246511585,-3.871702230314775,-28.609734334929634,3.0
5.011767631964193,15.026121132783981,-1.2307784261603096,-19.890184629135753,3.0
-1.330317027555041,11.436071325607752,-1.4063947272818327,-21.859125768313593,3.0
8.128418089718782,5.8146511354421335,-5.4163567461348485,-12.005623017547867,3.0
-6.476417361938393,15.492220439650167,-1.1481468895543117,-20.494619198919885,3.0
-1.1766714483743028,17.479739596422974,-4.054889774876351,-13.670551145559681,3.0
-14.8368910385413,13.353927779242078,-2.8556746718870865,-3.4392854731749876,3.0
-10.781831456730067,12.799936336722867,-1.3045538666562722,-8.755736750926712,3.0
-17.501209578027247,8.63691466857738,2.0070275081826527,-7.58948784609894,3.0
-6.2497869563987685,9.275871838414414,5.178728223758149,-14.774297739554939,3.0
-1.1161552327402733,10.777563893784574,2.226768645529834,2.5675174117627115,3.0
3.2232227700129976,12.366086951978962,-1.2615637787907756,-8.197061214823652,3.0
-2.448551209158757,14.632819741242063,-2.1582919222920034,-11.555343450320736,3.0
-0.33235665031488715,9.778958309719277,-3.593690508547675,-16.188671283124467,3.0
-0.4522783237488328,12.208827775828194,-0.8054180225898381,-9.464887826803281,3.0
6.723779477979908,9.948015997072384,-1.110094645972901,2.1865839285677673,3.0
6.982487626409841,15.302126906287949,-2.5760742120049676,3.6789198290209577,3.0
-9.538342607606136,15.861007481592573,-4.039801501518159,-10.36117600628736,3.0
0.5403116829498078,7.2204941821752,-4.904915280805054,-12.118870753608682,3.0
10.450436418459597,7.942009155524862,-1.046048150004835,-6.2794718698004,3.0
-3.6847461222000364,7.909800047600164,2.320132499625296,-13.381535430139548,3.0
-11.733970427954153,9.57297156213194,-0.7861016738357351,-5.795703136614499,3.0
-5.745190754931127,2.7086149185721418,6.452428874121173,-2.5841628278490822,3.0
-6.043596612642936,15.308847592687375,1.4033031039056514,-9.918185692176216,3.0
3.209400597307878,12.434381460417029,2.554396125329677,-9.93056282458361,3.0
-6.167563094053319,9.28725619434405,1.6077604563201353,-6.2214956568353745,3.0
1.0230800795583037,11.60305042835524,1.438355291270056,-11.772370717016248,3.0
1.8842306579960413,15.50211224838765,1.5567298783648167,-14.24169683308569,3.0
5.79394986669849,10.857919471821363,-0.19089736011732883,-1.0503446014279691,3.0
3.894544729479623,11.452390288975053,1.4065311709410684,-8.170731606723852,3.0
5.753232609251925,10.71949445965833,-1.4363434433578872,-3.0155328558993126,3.0
0.9514866687643533,15.558087305443486,-1.0335182867645143,-8.59368934828511,3.0
11.71776280202618,13.524850706216695,1.1251481377550756,0.3912738594822549,3.0
9.295999003050877,20.05754115382865,0.08336176759209457,0.9676574638217748,3.0
0.5023826910505944,15.825926455026908,-0.6408397497257988,12.75575950081928,3.0
-5.934105960278492,14.8070035112322,-3.0533086556140763,5.874776143303757,3.0
-10.75464759786081,9.326130752908197,-1.540517707662214,4.515901470360853,3.0
4.8483820221057705,9.033423227646141,-3.5733597553552214,4.444715954752851,3.0
9.935292870953917,6.495914827862496,3.087943479535279,8.288161497345893,3.0
6.838745036025996,10.817589054379429,-0.19573533521468933,3.3670269531430925,3.0
-1.810809057842242,5.478137606933473,0.8032473623890032,-1.9236301925586368,3.0
3.3169220558773174,10.257035827707814,3.0593195904160337,-2.0045962587031747,3.0
-6.949742469845018,11.347339254288583,-0.7775318443570023,1.3287685484024037,3.0
3.380690642624323,6.925786826118777,1.4128619015742643,6.533055760835099,3.0
-4.2612752002589644,7.041744636044708,2.1326085251138656,-7.416412910786378,3.0
-2.5063540699848206,12.668507095593444,3.3539603535624565,-7.663091040982666,3.0
-9.853506085762678,10.481167040678468,5.3198681581512695,-4.397926287608721,3.0
-3.7425099279590324,11.927519674601161,6.151818799437896,-4.372741584683291,3.0
2.5128530418699393,9.300220877539326,2.7884784541000442,2.6109215852383336,3.0
10.565345562428618,9.73557268202479,3.584471968070909,2.69615499983555,3.0
2.6698997937703415,10.276607351332185,0.5223504777485728,-3.246771889008464,3.0
9.022291203855465,14.10194856579189,-0.1433629020517747,2.2315329401425776,3.0
-2.946361635022061,13.464036674880392,0.12486425710823656,-1.1465676266990676,3.0
0.624149363356316,7.812876390386124,0.12801148713765187,0.8769739189945402,3.0
0.2629604870179173,13.927983396277915,-1.2977890759894197,-2.835674286746094,3.0
3.6682293933324073,10.668738811535931,-0.5817988049277258,-8.321742091480305,3.0
-4.372317762569279,12.428761791769295,1.0095690827741506,-14.531948541132238,3.0
-4.350309526036467,8.221205968254756,3.726906554172504,-6.651446896524526,3.0
-2.4965729420732634,5.263040206155652,6.438107087280679,0.6927180754364257,3.0
-3.290690565271265,6.9224612064681725,7.619522004952668,-3.2705195617679506,3.0
6.568621182709393,11.525345988186018,0.6795507966676173,-3.065424288620914,3.0
5.063841712214526,9.929391138670486,0.23141949726578837,10.44471971370675,3.0
-0.1848930523313208,8.064850458456103,-1.7150455350764129,6.995583935317341,3.0
11.370445792318783,15.050485797525672,-0.7809651484226583,4.640028721537105,3.0
9.978221767631139,13.826150690169262,-2.019359534720245,-0.02270521387016311,3.0
-2.5477449948348,14.240597886087803,-3.1764799473250864,-2.3618250894583035,3.0
-1.4227257651117722,20.676077827615682,-2.72207426094078,-3.667186950071572,3.0
8.300728624191237,12.45819871491693,-3.2049880945617666,-3.964347960854708,3.0
23.80637718957448,11.796105353296312,1.08996017585061,-1.0958145331438613,3.0
18.332845211309277,13.983672301447008,1.6206861645518111,-7.5223183605039186,3.0
-0.38318606114556564,7.752843393985881,1.097232847972669,-13.597034761596476,3.0
-7.294767387437464,10.777817634149576,1.2969235464868007,-6.7125183557507615,3.0
-4.8360625295815485,13.803403853434139,1.1196048315638036,-3.693842705390841,3.0
0.5920443345915922,13.191942318737688,-0.4083668256264581,5.536785166230578,3.0
-5.277751099256631,11.827047062244091,1.676231191119257,-4.222878147040926,3.0
-14.949836352098504,14.162229279247207,-1.4989175119567624,-0.5064149941364899,3.0
-19.654061930671915,16.198761733275713,0.7748147049307801,-0.45310686165463654,3.0
-13.511318236577871,13.051720859262117,2.2128989998631843,0.11409981476837538,3.0
-9.454582197824838,8.976423179005202,-1.6983951613574222,-9.51962319273149,3.0
15.08768588345955,10.042381257561125,4.534889650651489,-7.119868166016385,3.0
9.520044498770485,7.4642453780978855,0.7599913291865632,-14.106912205153819,3.0
-6.255127677514611,7.250334293944651,2.2970343312796286,-14.208540573547936,3.0
-17.701426590053874,10.846745864478985,2.2971776323725486,-14.780395554534676,3.0
-2.3702937939193074,12.284029276256124,4.764623541152989,0.01235435112944927,3.0
9.444258018028341,15.87277486388843,1.7610198446012502,1.8014627048157665,3.0
-1.6791699084523095,9.901905920444985,-1.460793259917458,-2.124365982438227,3.0
-7.466080521853146,12.159940742206096,-4.085889298993649,-4.665854731314832,3.0
-20.85226807349865,13.447882701311386,-0.1325211882811551,-4.801197335697421,3.0
-5.175586885528837,17.28396727543969,-3.373701893260541,1.289704218560967,3.0
1.939516992592143,12.79610751864531,-4.42511707149549,-5.1760062746035,3.0
-13.91728266645072,14.129070278124193,-2.974820525710829,-1.9864107154962314,3.0
-8.601118623545872,15.60764317688,2.970099654941392,-1.314948089622754,3.0
0.3198553547095615,10.286983804997472,4.346644435451153,9.892857868921876,3.0
-0.07123051641084643,19.75403398606276,4.985600606361211,-4.977579105630803,3.0
3.409712281712389,19.04073861517294,0.42218695048412924,1.5266033935433505,3.0
-8.142764450828182,18.36570474235438,-1.1401007909049934,-1.6824940298977507,3.0
3.4405989975487263,13.118430677454256,0.2180096584528527,-0.8182916394862154,3.0
9.147644084846178,14.321656909340003,0.17892926986393487,-1.0663049488811054,3.0
-18.20574498082103,14.19302237393958,2.598888832738777,-2.9209806490576673,3.0
1.0002258232724,17.133931643143193,-0.42800766426419323,-10.761521502201735,3.0
-0.7181666231043242,12.955156795158272,-3.353051877603352,-3.164935501241335,3.0
-3.6228711971302676,19.37377737868928,-2.408182374382978,7.408615124467737,3.0
0.23741024355164742,12.981242788239589,-3.891923027782894,-0.43490110719731945,3.0
-0.7227437834286754,13.474423349685566,-1.238920073317412,-3.084192620953321,3.0
-7.253329830226525,15.284395893593743,1.565338909398668,-1.2026169698347995,3.0
-1.4111014309466516,18.65675359932101,2.112158155653615,-4.950951487822197,3.0
1.326902712270396,14.04926310466202,2.9194745821466794,2.627597073735498,3.0
-4.532170478252532,18.886069867563982,1.6269776977668142,12.197041435930618,3.0
1.8715323012120244,16.03320367334807,-0.4200739663244555,4.840292021259129,3.0
16.525667354012384,16.19006501372482,-2.9920109224434706,4.558609168206125,3.0
-7.06177356960081,16.613799642364675,-4.522608826395653,-2.9956890146213784,3.0
-5.607726287666649,11.21363276660257,-2.610268449947302,-0.10946628778152423,3.0
-9.189727912922713,13.926156828197954,0.3072592404322426,-11.298018709319024,3.0
-3.546757069620868,11.41358841603936,2.7222057290624133,-6.3404922713735115,3.0
-6.963014689162656,14.606702345639432,2.3682174792401227,-6.881923976748711,3.0
-2.763933870831476,6.946808576468423,0.47655008579679126,-2.7310579693237518,3.0
-6.347344403904546,13.120949899348584,1.6549221649110548,-13.477599431540751,3.0
-3.515830241090569,15.473289279837694,1.4725583877322312,-15.922353916496839,3.0
3.5670739199199666,9.228096751851227,3.3385936242664456,0.19898359225512907,3.0
5.901506736656627,9.917976479200496,1.042703979512211,-2.4691011491216335,3.0
-2.0350164530699173,9.22936095831929,2.840740769781137,-3.588339189976602,3.0
-2.42884262564718,12.922202244955361,4.579304209914383,-1.337779890039357,3.0
9.600165773284054,14.473889346004789,0.34113399790467425,-0.7761016709371624,3.0
-5.122769492003564,15.916704359699875,-0.12271859448320485,8.91624027055059,3.0
2.180841670033951,12.092069687090582,2.0407741805511628,4.55191740292377,3.0
4.169606259040858,8.609136636979134,3.997682701344048,-7.929861992311733,3.0
-1.119472581555998,12.33535866393459,4.695747328703213,-8.93820109341467,3.0
-1.6034140323796242,9.879919301744073,-1.3660779452560425,-9.549094767263647,3.0
-7.088801395374991,16.505742397345266,-3.329282123129113,3.207511111022872,3.0
-5.864326667380837,14.456091912704625,-1.6779826618747635,2.5913308046055885,3.0
0.562391122715534,10.088222728376607,4.404811840328659,-7.273179553824777,3.0
-2.49376842402952,8.146006115124862,-0.3437101029030234,-4.508570975822471,3.0
-2.750293563331483,7.947204254637057,0.6588444043629338,2.593661439228861,3.0
6.165951930107422,7.704306322706957,-1.2356421034942624,-0.791095939054989,3.0
-7.030354873458627,13.392854480090898,0.5742421906724033,0.7925692090889274,3.0
-6.852637366818252,13.375566765882695,0.5013892420814319,-6.05936163904329,3.0
0.28979093570860637,10.201357228047314,-0.7945595172932362,6.385120130365159,3.0
1.7765032935946592,15.828143227788484,1.5034315812203212,1.5423066916429422,3.0
19.00542192805201,9.25096074849513,-0.3170980926527769,0.1839638710635505,3.0
9.883762019921711,13.451997391634226,-4.6926402176267485,1.7061868090985879,3.0
-4.887620429369411,14.184100629293662,-5.08030888012824,-0.6304702627549945,3.0
-3.6198165259997013,6.533538914371194,-5.546322100812362,-4.892464226356843,3.0
-1.1579659540351879,6.3396138893874845,-3.7778235260159496,4.116773218934199,3.0
-3.4494133022887823,13.292918799077334,-1.0569624503872066,16.359584138330387,3.0
-2.8417507061190896,7.499692369825892,-2.0397275759658813,10.892920113226921,3.0
-3.0977550460787775,5.609878839579034,-0.0033318583815142855,-0.750131169034717,3.0
7.804155320308784,7.096352352485222,1.4684670920832392,-9.018289160436645,3.0
10.53478606027024,-1.654340233995919,-1.757941530056192,-5.795553353212405,3.0
7.453981880752137,8.04406793667593,0.6793671980950162,-0.49801629186753793,3.0
-3.050168072332208,9.548838506082403,4.325666766864453,-5.893760623290073,3.0
-5.158995294537169,9.543480156204426,4.263146365459296,-5.9761558670345964,3.0
-8.559949159821727,7.380249274891326,3.898674345339754,-2.4013473678685955,3.0
-8.696981078879215,9.825966950428203,3.7488985783059126,-8.413215962272368,3.0
-0.29636018722022683,11.397765447033624,0.9151753711729224,-0.07186949516961882,3.0
7.930325797768594,12.38599061100716,-0.6660989464123857,-4.325644167216306,3.0
-0.2717922707181568,12.676419703287296,-3.895235652509589,-5.29178816655271,3.0
6.180408683208728,5.658104217007718,-1.4623712633813701,-5.195792615773618,3.0
12.310093557806132,9.95025136031278,1.811013989452634,1.778536696159608,3.0
9.044788578940858,8.348524609351752,-3.099501906162639,4.263591107842556,3.0
10.755864501594008,12.418888102712456,-2.952954611852933,0.5304282498571053,3.0
-4.348111679927433,14.593716295139926,3.9581895230376016,12.834210501046822,3.0
-4.6525008095550975,6.651645592003496,0.6515676367833163,3.36493743293797,3.0
-3.8312325748838747,4.756647358793374,0.5664974883675231,3.0408437850264374,3.0
4.757810829721273,8.104098113574555,2.44658328625279,-2.0380350682411748,3.0
2.595398310174002,4.2258194962646325,-1.7539518664370677,-3.7542039630640716,3.0
5.054902910770115,11.118875234844744,-2.902439429700191,-3.2363450475406736,3.0
-2.8645314008259892,8.995275172911404,0.590582284913616,3.5768726138544142,3.0
-2.683698585878984,12.101307379629905,-1.6293633341621256,-3.6582369878282055,3.0
29.321582256654626,14.90424709272986,-5.201899958363006,4.628124344043249,3.0
11.251120970188486,12.770268529906293,-1.7396934863928228,-0.32159513451956645,3.0
7.8952977200350185,18.884744782204855,-3.4856419975581376,10.303749196898133,3.0
2.082335735430912,16.987023565188597,-0.5583003012729673,5.863611293897887,3.0
-12.10372458857188,17.45313222028475,-0.6924412775931437,-3.3188171524958667,3.0
-3.241766036741508,13.159999115851146,-2.0511337255755704,-4.2619506597414,3.0
-19.148328395455405,13.719470608222556,-0.07544592677913112,2.224113469984042,3.0
-7.703978673062907,13.630225579253505,-0.4599514014480415,0.10660752254473838,3.0
-9.113166137685843,9.322541110277601,-1.6436771511194825,2.216916733160233,3.0
-7.7005209679648186,7.68025682004066,1.4490924062886057,-15.01738712515727,3.0
-7.361400196815743,5.845065118114599,3.6238252620852975,-11.125192794821247,3.0
0.7403436310628546,7.822555624447068,1.045873333007972,-6.474752208924929,3.0
2.871292888980317,5.498404311965012,0.6593526813693693,-8.507041283058655,3.0
1.5816612686300289,8.979641401046013,4.480975977893429,-1.346860806376788,3.0
-3.0889506474868336,6.510600034987602,2.5158481896982043,0.17191798210448983,3.0
-17.915637627377524,14.191146582266388,1.3957551274517979,1.7204099583581876,3.0
-4.467131993464179,16.365648096442456,-0.9620976154956882,-0.09837857150939122,3.0
-3.354152037094778,17.342465443947955,0.8259058686859078,2.556141656654436,3.0
-6.381398821823371,17.016771929504127,4.205064215557657,-1.5846323867865264,3.0
2.4091398466635976,15.39842096287093,1.267565220025023,-2.3028704668559827,3.0
0.09142791500489267,15.970378111025909,0.41656620888471174,-8.6375986139656,3.0
-13.624326526205254,13.41369734466585,-2.526481816941497,-10.94586777427194,3.0
-10.587288473321006,14.46547882000601,0.5004811634337649,-15.575234596301412,3.0
-15.542032822129729,16.47656780301212,2.3661668387483092,-19.636125497738664,3.0
3.9246368436593992,10.689224832745172,2.1344084708022137,-14.369842539867497,3.0
-9.051226848732739,14.646259222751564,1.7161712676876797,-11.524180271763058,3.0
6.507591138964239,15.52505244904245,0.4457584766843896,-1.5151090901096107,3.0
1.9425884876916522,14.133003610998804,0.531449973499201,5.044712114942412,3.0
8.337822909378962,10.315107716393207,-1.880375226169881,4.646522837809643,3.0
10.098895486876016,13.384829185629577,-0.4785675502044414,6.735166017060012,3.0
13.123096258776734,13.409503474745947,1.2879697734923494,1.487260913174322,3.0
18.05178485855957,14.277405615685305,0.4595452105820181,10.494601556167856,3.0
11.507201577142151,6.412503038190455,0.5582567576206634,9.383187723394595,3.0
21.370430728017947,6.778669989075141,2.484161561986775,9.86388821153026,3.0
14.172780226938976,11.040824386818745,-2.4662929224679098,-2.49228707610494,3.0
7.586725241249297,6.575085596227329,-0.2272246609843121,-6.503099812999972,3.0
-7.107421036579273,9.111245567282939,3.4376813509911823,-16.127089334469098,3.0
3.0492747243225686,9.245404929843021,2.446067069385641,-10.161244670192705,3.0
-12.22133570110742,3.694417567319986,2.164042868539962,0.7917264889324462,3.0
-6.075859232899817,7.3988272349058075,2.9432401097410423,5.082825277018256,3.0
-14.568945935049584,3.3093467539761265,1.8355239859678558,-0.28799553643618214,3.0
-16.361896009647232,11.028215891135483,-1.58658836869865,-8.85260560714718,3.0
-9.18285840645143,3.832244862362601,0.5926451383401317,-4.361396258965877,3.0
-3.9235666243197898,9.03760313824296,0.2848506644841724,-9.1077526459693,3.0
-16.68129065170557,8.892252893269239,2.1823699678176123,-1.7931082233422897,3.0
-1.4417953077892305,4.81059649543043,1.19700994792324,-2.3697628906541324,3.0
-1.911298619302634,1.7742944009996062,-0.8274808553646037,0.28114819172539285,3.0
4.980170770595746,8.717472031344546,0.044382478431692574,0.8959768965000954,3.0
6.828709843998089,8.215052764718362,-3.6510344191270034,-4.701734192998058,3.0
-8.18306098518091,3.4904394014765394,-1.268884843643296,-2.2526567925462095,3.0
1.624545251030856,14.244609100114525,-0.7124218545369376,-3.023234351023074,3.0
0.24577005799779528,10.93580676776582,-3.521777207886224,4.194542057006066,3.0
-6.33264920715249,13.051385466495784,2.6062956504896646,0.9734255833742136,3.0
1.1718885554130627,12.180938131803499,0.34072206520516507,-0.5969215296708623,3.0
2.6875247676308027,14.400124956677953,0.5018934809645059,-10.150730718257941,3.0
-9.182773742223764,13.047832563086615,-2.051075515672067,-7.560264190765242,3.0
-7.226582260429241,11.270962349714797,-2.671221578308468,-15.339984159481208,3.0
5.958718997823732,7.7232650206268865,-4.146845471317478,-6.780998583482749,3.0
6.522956009640209,12.47887587599545,1.3677417137181034,-14.126614371803472,3.0
-8.680600215004956,2.313811899089246,-2.297792190080802,-3.3705787649583403,3.0
-1.3067359677640678,3.1912908111589484,-0.9839710053279793,-2.114683472180904,3.0
9.866222656515705,12.811207294364195,-0.14480185369914556,-2.389671310746629,3.0
2.265038194227516,12.204585855798983,0.6457403520182199,-9.60820816559983,3.0
6.411774873665694,14.617266424758391,1.492625604474199,-1.7928580098609022,3.0
4.132934150057508,13.582528031996135,3.493872593193188,9.037839306586083,3.0
1.8199537987002135,12.045432570545353,2.6994185192332747,2.063797651186263,3.0
18.641252870802386,13.218719701069018,1.0437841960032417,8.195266377369538,3.0
19.085024652537236,12.109460709012788,3.9718401800656618,4.207846777531033,3.0
3.489120714767215,13.807095808977087,1.3728647229554716,-3.2158106742762977,3.0
2.0662726953749893,10.257317973166415,1.4698802698690505,-0.9852883800728862,3.0
2.618359967554345,10.187866154576625,0.7839810445392861,-3.12089964204291,3.0
-0.032267997411645766,11.612748314284413,-1.1785760908663327,1.169741893828794,3.0
-2.6903812436244143,8.515140968229936,-4.144685759298337,5.335375817195321,3.0
-3.912463182113978,7.434392775038704,0.049783159943576294,-4.075786462200515,3.0
5.7945167250263765,9.749218201231297,0.5893426215848165,-6.75597991457888,3.0
-3.1647108532171835,12.533749644472259,1.2845125774334165,-14.537514100636223,3.0
-10.180795040574669,8.85779672636963,2.298037200538004,-7.661507278549541,3.0
-8.271123133775767,7.6561346409017,-1.6508473459293036,-2.264657645945166,3.0
-12.40263574951631,11.260240028766772,-0.1968255544672587,-1.5847352402343546,3.0
-6.757460630860821,15.851479464359166,-2.2831769647785367,-7.26890766597033,3.0
-18.13922213399161,9.585703714565536,-1.0785428026131587,-7.612615830333322,3.0
-11.77234944780107,-0.3862745442164712,4.110075207933731,-6.0062015735036764,3.0
-17.685787915541212,-1.0154369618750376,-0.3444564756695485,0.793391917844203,3.0
-1.352636090267243,2.4562531214261165,2.911751343665423,-4.110492384148052,3.0
-9.582719152080367,-0.09478433405701914,0.8430424608225557,-7.9354849922542705,3.0
-12.008029868250183,2.109660766565443,1.7344666330497995,-9.581537823638875,3.0
-19.264836951579245,2.457118943553864,0.6365744270502525,-3.0302665397018584,3.0
-8.950066400323317,9.300225927567503,4.276005460857914,0.20532041614823937,3.0
0.6600680517102138,11.692957431008146,3.5778940257389746,-2.8084352309869827,3.0
0.02537585221502603,13.113182869517342,4.703223026495907,-2.869643232719505,3.0
1.251157501988625,8.136565718273907,3.1656280562852186,4.8540507047448305,3.0
-15.510946696721932,6.711477133521681,0.600478870156572,4.780502152018169,3.0
-9.525160636958748,0.8779824919072237,-0.5175426556979958,-1.6045477673137145,3.0
1.6871298602354186,2.2045158761284647,-0.3793215029657172,-16.58918074041049,3.0
10.971207536764512,5.844769849859229,2.520455537981617,-30.20827436076717,3.0
14.174814767771789,8.069137374333804,1.3510314340384806,-28.909451376731038,3.0
8.72389651789888,11.243502499223345,3.4479449528266732,-20.883319155447712,3.0
14.24303444163725,15.42046870524625,0.3889725562704103,-17.13389866749862,3.0
-8.662420892831186,10.712681686104451,2.0823035286674987,-19.844831573396977,3.0
-1.314810290474124,8.286215707633882,4.063865231952885,-13.102633325632222,3.0
-7.164271619008627,1.7748543162297352,-0.08538269467939497,-7.98268245747783,3.0
-9.284313728277649,3.7227265702315986,2.1432586131760867,-17.926283643716967,3.0
-1.5009488548152312,7.393748511426978,2.575729153528605,-20.910010642768043,3.0
18.911440468650976,8.702359170886357,1.3186031145764292,-13.634783058653019,3.0
-6.696558952185189,11.384223125400592,-1.8792151264837504,-19.913603380143222,3.0
-1.5429352406860004,10.465657279426813,-1.7867317958271753,-15.250401098593997,3.0
-0.3134958333800353,11.551800072226223,1.3105490924039218,-8.455366420667373,3.0
-3.9481027258131647,10.86319367323021,1.1793143347843968,-12.043238825918024,3.0
-12.375153349403472,4.0118387978594505,1.9744061056527378,-23.694606963265027,3.0
-22.784565934631928,7.4867223036939095,4.949001276989062,-26.98182943415459,3.0
-20.98516101383792,12.72760102583206,2.173574378452375,-18.571498731838787,3.0
-6.872446239777421,10.401547137017706,1.5205685242516078,-16.69863742641632,3.0
-3.3454201792172706,14.351500165760026,-2.5262032789151174,-12.276329113708226,3.0
6.380810453882532,10.959662839320027,0.6271173337321168,-17.218915175469558,3.0
5.278702782549834,8.569977182047971,0.2323570452769549,-17.09877033653218,3.0
-1.4765082506898,11.07162841509013,-2.6767131520487863,-9.565202121064466,3.0
-1.5329342116728633,14.210915844934519,-3.336331446862069,-8.25159660128072,3.0
-5.722614439879541,12.830289889459781,-0.24554812751585908,-16.845783173534418,3.0
-6.661823395914561,10.338138096174628,2.8535210993390474,-21.393243966984198,3.0
-9.377258836191078,12.928755655508825,3.119177825597085,-17.036224875240066,3.0
-6.499232454205291,15.787630042288821,-0.6582431180967909,-24.25942238181466,3.0
-5.195774956461015,11.217124283532716,0.2756516714338533,-23.02477377024481,3.0
-5.114085001645087,12.345346867366924,2.3305018126818204,-21.64826496841442,3.0
0.8097114660623639,10.587100218290757,0.7977342136365194,-13.279890717028486,3.0
-8.737685322824355,8.246228319434007,-3.829902824010298,-27.206718003797093,3.0
1.922463531259367,7.170905767344646,0.5404070416922989,-22.177543383492687,3.0
14.01003163381808,8.805064948927932,1.6000788303486555,-15.101290653294848,3.0
-0.011920310655693545,11.700524608847314,-0.3594784176506871,-24.48196234577538,3.0
-2.135842440117301,16.410230754590273,-1.0002995908318977,-24.514689410334213,3.0
-16.547962307815716,13.920922727345005,0.8548511134750575,-22.00753052901361,3.0
-2.9749119237896755,14.293780182182044,-4.114535433657335,-23.111432141731882,3.0
0.43505336117148763,10.701894667558483,-1.2270455641098421,-16.326899085326637,3.0
-4.318078180335269,18.15296128728945,-0.8836554485754587,-19.792860568722038,3.0
0.2549702009974735,10.717880128037788,-1.5224411084000402,-36.076875367235786,3.0
-3.947288622406128,9.885902304691815,-0.21610854832421078,-35.312386088915076,3.0
11.953246593714553,8.723563321292463,3.4826356382721033,-30.467878796358974,3.0
2.1257214296713034,10.231216587632488,-0.5368774106223025,-29.392395919358332,3.0
4.378090093909131,6.603155130650576,2.4528105319254814,-24.56011472693978,3.0
-3.1865151891435124,4.797157318460291,-0.732846687085538,-26.088905613228217,3.0
1.8205634800662587,10.60844548739668,-1.6913233875149807,-28.82435927568303,3.0
2.995396041895189,11.934940225637977,0.6239995662594059,-21.249629142764913,3.0
-2.3994320115871055,12.229504635351606,1.8950885352577125,-20.953661523321898,3.0
-1.8730566419940526,10.284586004804611,-0.3976903303976982,-22.93033383334646,3.0
-5.651644274104505,13.348982651661307,-0.18616791338093253,-26.548023195695883,3.0
-0.8415158980414548,10.044111059911597,0.1290470200752756,-21.43057511392272,3.0
-1.5376602908305532,10.259406885986174,-0.3461660838685701,-15.905306022427215,3.0
6.836787558197042,13.314623232198477,1.9529773736230491,-19.576985999289708,3.0
4.86587829258251,11.262557037006511,1.080574819515329,-4.809717507432044,3.0
-5.823852425240389,11.977138838428036,-0.1717194946485076,-9.132766455550671,3.0
-6.819912530526098,13.530876911356374,1.0530529013633583,-11.742098889763344,3.0
-3.3008146168102352,15.96417804782003,-2.4250577474562514,-18.885411084498863,3.0
11.475209667981439,14.63969952455346,-2.6716779546563743,-17.032671809194078,3.0
10.679991907378913,12.314131201525639,-0.12759948055036063,-14.825208700088373,3.0
-9.586391340528925,9.3646957655112,0.5589539533751108,-12.771857138557182,3.0
-19.974753993091817,12.981929492749563,1.227781445001728,-18.347733132612557,3.0
-17.096480910843116,12.350289257636337,0.17079451910518673,-19.119949498029186,3.0
10.24793185980296,17.173109679643357,-0.3025728160294494,-16.75248557207893,3.0
-7.664045032014954,12.759731026589321,1.4534125443025803,-5.345449287598457,3.0
-4.729778734280977,13.21021586694277,4.1590079075854085,-9.454849545176199,3.0
-0.4666602758494207,14.172171886056951,3.446595518344453,-12.36839399205106,3.0
-6.1373313127138385,12.108125490586854,2.77031876413984,-24.002671171190777,3.0
-4.67371566109866,6.942918795516131,-1.1103208314581927,-20.74295605233237,3.0
-5.784845981893001,3.9762765735144594,-2.209967136900436,-20.717557776358046,3.0
4.942120014127811,6.323555455658836,-0.19677432673829243,-22.599051367707204,3.0
-12.16006967149412,5.672926861707506,0.48995044252889375,-6.714248639725957,3.0
-9.814328686625164,8.83029901278605,-1.8621456647596204,-23.571147685537728,3.0
-7.87472931351671,3.498886905974806,-0.7643278655071303,-24.184495292366282,3.0
-11.725078562155407,7.055314579299121,0.9302760977601532,-20.807514936518345,3.0
-0.14232032289604213,19.02220018095031,0.707175098223894,-32.624414292298425,3.0
-10.118325836711733,17.95797472089005,1.6426734136114198,-34.24698366979918,3.0
-4.942217833019776,12.187818863653705,-3.5701739462914395,-23.22564912992947,3.0
-5.396884166202404,15.201761828621645,-1.7806284101691443,-16.597175302664553,3.0
6.603933530791525,19.596708097037848,-0.0010513735826176152,-15.036762049070727,3.0
1.5385740310229798,10.752432028752153,2.291375997938185,-15.818719114700029,3.0
-17.24128534298255,8.276498179569144,-1.6284063892973035,-22.81274385700953,3.0
-10.028445839513953,12.187980521307788,-0.36034547922165805,-20.264455382861254,3.0
-8.613083979819224,9.10112498688673,2.1639349471096097,-13.898955105093917,3.0
-10.732616404238033,12.588809596615597,1.1439098070073852,-19.537955724636124,3.0
-15.530675728965406,12.143810088856284,-4.89313708311122,-17.282333909794886,3.0
-15.777426194086349,22.849773562346385,-1.6889664603305539,-20.265335003205546,3.0
-9.973240804453354,16.887282572258886,-3.6552249263969365,-18.93786682468866,3.0
-16.966251284511788,17.096889649972038,-2.3075343149684757,-25.600637619224447,3.0
9.959405386276753,16.3322348417959,-2.501800865788203,-8.531566749412752,3.0
4.267743417607071,13.42464968996442,-6.715698759361237,-18.420842593983675,3.0
0.03515217177008001,9.108691116026598,-6.561124650510868,-14.39117349978639,3.0
5.708929587786331,6.348359485826586,-5.4293801205934304,-23.831480949704655,3.0
4.878294068524767,6.610906503680148,-2.4776499239260734,-27.590953041262807,3.0
-1.5000390877610548,14.638207162716029,2.034083160560611,-27.655892262781496,3.0
5.07680441071972,13.230955578700073,1.8046884255147315,-20.76258132361378,3.0
5.47101167613619,6.736321664597399,0.010295411817883848,-18.084039347457733,3.0
5.391694727275877,15.251236858814218,-0.15138906501979166,-18.630456532962448,3.0
-11.984717866150254,12.523995934144569,-1.377902321111102,-23.697169844073866,3.0
-7.480359327322454,14.842151293695688,0.8441433395869133,-18.72781323025832,3.0
0.20807943734615558,16.19860395969321,-1.0492185198809696,-17.932983695974514,3.0
-8.543516730409886,15.851530892675616,0.372398684990076,-11.177698605281321,3.0
3.7651007748873035,13.362118951496221,1.0262741604559813,-19.567300025422014,3.0
9.18621054650686,19.00502556562136,-1.4800515275792991,-24.12673934026086,3.0
-1.0140016330255293,18.851690578523232,-0.4030099064388559,-31.857708822614995,3.0
-7.652837513381675,10.525557811617563,0.39068789583105284,-35.39773394818679,3.0
-2.818390543978521,5.813687750470345,-0.18618490374777308,-31.218776886432465,3.0
-7.98917769609006,8.62690691588993,1.4446307102336016,-34.020647458435825,3.0
0.72842224556062,16.065021759731184,0.02892281045901024,-30.90250121677596,3.0
1.8370311755043107,11.676772524057784,-2.4953480544175424,-23.831513944305836,3.0
10.213345318252031,12.354510246159583,-2.2085082772474136,-17.047459433685134,3.0
3.1761517159659505,5.771721518965373,-2.567134200555972,-6.596648960221383,3.0
-2.951621251319917,11.579871619442695,-2.7397671281094107,-0.8665018524301029,3.0
8.713366216258317,9.57708475010778,-1.1787836171457964,-6.611736753346001,3.0
-13.361209237453107,5.501934243339591,0.8972176783064009,-6.562604036214889,3.0
3.204438303489372,9.339779202252,-0.047414434407109685,-9.108578499097387,3.0
-1.5088465485507538,10.84205867355444,1.586827080043896,-27.654102780421766,3.0
-5.873250748192117,14.285812317442778,2.200114116622636,-20.068507363769477,3.0
-9.0922312589178,5.434620203615407,3.273964626073041,-29.905234110865194,3.0
-4.373077676527907,13.50124375611568,1.4876740227887488,-25.594017336270568,3.0
0.37890041694747945,15.405127088595345,0.05221503832723151,-21.359320458626943,3.0
11.51556410318334,6.554642914680616,0.20096998052653664,-18.888281220453315,3.0
8.259470236997487,11.54187101345898,-1.57124427487254,-17.599560774846477,3.0
8.46271286986125,12.071172470281429,-2.014302377618056,-10.84461393204463,3.0
12.305831813708771,8.346521932224935,-5.608546915288583,-10.51283579262713,3.0
3.692285100693082,11.88818570507084,-3.383278277985698,-21.204994716637366,3.0
9.27327804863984,9.923926114380945,-7.001842383754774,-23.272882038640375,3.0
6.198009471449431,14.448740351414981,-1.7547822054851787,-23.056304713354233,3.0
-3.946590018601157,11.89878118080457,2.395056897932544,-26.164493404822778,3.0
-4.664906793529746,8.878533086210773,0.6996282820794093,-20.208642121966424,3.0
-25.06394329625403,4.778395209986787,2.24164106589503,-11.22888049625598,3.0
-17.33040297259609,4.314877116954898,1.3638057670378652,-7.425602341509741,3.0
0.7179424649563639,5.486624365056696,0.24662318676035944,-12.776839340240958,3.0
1.1136649098760873,4.968505526773815,1.8149955627883345,-18.789944769043835,3.0
3.536888235867401,5.65592824961052,0.1496928789761529,-21.512116588471784,3.0
7.260512925257762,8.495788547075165,-1.0898497199715809,-15.260970249257696,3.0
-10.46622053444771,13.853498202504241,-1.215453387801466,-11.338496372183275,3.0
-16.531510076855625,7.391889051482347,-0.16015847183884602,-20.835782771374493,3.0
-13.518844914778587,4.220904252200475,0.10429832149095963,-16.259656822696446,3.0
-2.4407757488463977,5.965315971338274,-2.317673615785847,-16.447982976724138,3.0
-4.478538499931657,3.119800823221265,3.125344556881897,-24.17680781612199,3.0
-11.104105807533342,10.535660097910235,-0.9904153422297475,-18.758325253923868,3.0
15.79801255203982,15.634138711847665,-0.3809312741769866,-22.799482194931215,3.0
5.032408808895161,15.939434008704767,2.8045936157273976,-26.75184005450049,3.0
3.030916673988907,10.547593299585976,2.012311663614975,-23.391733607009705,3.0
11.100595914209947,11.264153347316459,2.075079085621404,-16.100368805387607,3.0
-0.7624915214433559,15.472161001593308,-1.2687423908597624,-19.346930200271878,3.0
-19.480124601458293,14.99693793142684,-1.4869390953819983,-25.13791531729107,3.0
0.7555105227319139,16.870706030934272,-0.5653158390741031,-15.315451412184373,3.0
-3.447252835764731,12.040649111780784,-0.39374721431847903,-15.056153932591155,3.0
4.566111994531287,10.581017014637448,1.0242418857320656,-26.88892377116469,3.0
6.309627770803264,12.598643860663847,-1.4127347232491656,-15.847113884900818,3.0
-5.880230925188121,6.96201503136666,0.483292312520669,-15.742030089343563,3.0
-12.875105706887911,9.278835981889166,1.729319487058618,-24.662606325566806,3.0
-23.02803287271021,4.591063949431392,3.178950088928109,-25.885388603745852,3.0
-9.242150910575061,9.362262518368437,1.5632800342734097,-16.278679842768373,3.0
-5.111836765091782,7.452772413393831,-1.3043578298798577,-17.498531012032508,3.0
-5.724061142816526,9.202485385246021,3.1688364809878165,-12.589997444075143,3.0
-15.242180389641929,11.488306103190721,5.747523154012665,-3.080170498803664,3.0
1.6897009762142083,11.82583893850366,1.960184904038832,-5.5417907066573004,3.0
-7.151537349610255,13.166820886101528,-0.5087327395473229,-10.755034489325896,3.0
-0.5405176738285471,4.4622929663998105,0.8184386016938764,-15.760628164394948,3.0
-1.8515921192768028,10.547507815258049,2.99489440417798,-12.12887873801501,3.0
11.51202627278527,13.16846050813424,-0.28104647620528955,-13.42102283506708,3.0
19.680700378451704,11.713150733770076,5.511295710386433,-19.113560793221154,3.0
19.15921152831548,11.926941089827135,3.303691120606421,-14.705081091090062,3.0
11.514533137383918,6.768421947754994,1.8260173770834718,-25.14411414574048,3.0
-4.868133168727678,8.186816867364293,-1.6462788087632485,-26.71681181275543,3.0
-1.3342055759326161,12.755960320803284,1.0652954269926407,-27.751619314859504,3.0
11.124165309197348,11.772990904412397,-3.439683969272741,-23.289676066090887,3.0
10.649708913366583,12.704624352205308,-0.7848806945433245,-25.158071460843534,3.0
-1.2321690849288345,9.661189768611575,-1.4857393083215205,-10.472392708028773,3.0
-3.2713524306178634,12.380689988390483,-1.8391378875607671,-25.688329124371222,3.0
-9.429614598917372,5.163376607511895,-4.553354717749027,-26.481408018254243,3.0
-11.23010435265969,13.251186635921139,-1.2219467521760654,-20.435916363971902,3.0
-3.1805914994900273,18.336022746453054,-0.29058833097722364,-23.017253424977785,3.0
2.5424234308636935,13.499228512279112,-0.05136837373448036,-7.629814200629671,3.0
11.10005600357592,11.98112235255395,-3.3971231509004025,-17.49918101949911,3.0
6.077728389200014,10.446616256140738,-3.0436128018505766,-15.405931340446642,3.0
11.468454667252807,9.168127501765824,-0.04086072591411516,-17.12536403024345,3.0
5.658070556482269,5.538426807834843,-1.233653273027265,-11.982495634143675,3.0
-6.596710363764855,1.271825960560344,-2.9257025741245526,-16.130755605676878,3.0
-0.6911032670164123,10.969257474239747,-0.33710391515781196,-19.813391726556286,3.0
2.8336659971461726,6.320930789608212,-2.221293692476,-7.737013166615284,3.0
7.879206490060305,6.371689076588481,-4.75980162395555,-15.194534060010405,3.0
3.152324777538232,5.874879895668596,-4.3262446159699435,-22.95967438225328,3.0
5.695344545449461,1.6232952016828612,-9.293119980035335,-21.78848071625441,3.0
6.9504671211975815,1.8262180038774583,-3.8714574294452233,-14.457699973219087,3.0
-3.8396452563409786,12.308088792376084,-1.5467840886711661,-7.886803671133542,3.0
1.816130338497018,8.802140685721113,-0.35150305534670134,-15.638537491954331,3.0
3.3174252651913565,18.868389920866214,-4.552026967561137,-18.752450958944664,3.0
-8.642273354677176,14.509941594927435,-1.048295373480977,-18.282250864843615,3.0
-7.118647720857405,10.683645669512526,-0.37105104540334144,-26.059789377901165,3.0
-15.846221215881272,9.17000784754571,0.12448746515226627,-26.755776748957693,3.0
-7.892802262620066,12.634884771211476,0.47535671450350137,-30.016578943488327,3.0
9.32950015560428,9.525698235020727,0.5451909642997022,-26.26239409453934,3.0
3.9893952526024377,11.657199516662592,0.7338042538873489,-31.09850860214847,3.0
1.6736816406812143,6.616014608889458,-3.128980126645025,-26.902360803790998,3.0
-1.5471541814717562,9.84331987959388,2.028005370924091,-22.558243701181446,3.0
-4.8897770551556565,9.183868669695844,3.5470462219380283,-17.50201803171526,3.0
-9.292132480849789,15.716651106788408,1.0860271965354242,-8.523837631180704,3.0
-10.235044111269245,10.595992496397088,3.9148732115042635,-14.091177950340231,3.0
-14.022223415547707,9.03527468273332,3.098794232046708,-6.1492725170154685,3.0
-5.71597395674058,12.557165832264214,3.697385726408614,-22.813690358084877,3.0
-3.7473710479802547,13.132350987204418,2.7211456688374236,-25.99430997245186,3.0
-13.510018130415842,16.000097600390696,1.3076955000120911,-13.296033482160308,3.0
-8.849211098162986,7.68708289254339,-0.4230676220527856,-21.836455446637178,3.0
-0.5254458338658106,13.550719213496114,2.8730286423145004,-21.875996343332403,3.0
-1.409690744191726,9.71795241149347,2.9255210817187836,-15.207080481271081,3.0
0.09374619720813415,12.249726336587567,0.4899131083170838,-15.703045354900183,3.0
-10.5017575620634,9.493419629670214,-2.450432946477518,-8.650432932392022,3.0
-16.68447976731732,7.753066565126021,2.6173274385401095,-22.47064230688457,3.0
-20.795155898974194,12.46306371233886,3.2566643697035818,-23.356880964586168,3.0
-23.464232335764397,11.5287814998729,0.17693718190202617,-32.828361625703906,3.0
-18.03038398530681,9.35097555369851,-0.2987557000790658,-21.71660027124111,3.0
-2.7581332755021934,6.625142357024637,-3.704394608964286,-17.268445007408154,3.0
10.162386301936111,8.34968467696995,-5.7054048644764155,-13.33907198628819,3.0
11.09891568662921,3.0408487394861803,-4.595697234658342,-14.224963753618873,3.0
7.246124616355831,9.465945970304622,1.8908910803724928,-6.413723056766637,3.0
-10.70106640957233,8.777380860927178,-2.5764435190602515,-22.59806358042279,3.0
-0.8485232352129146,8.910496741900259,-4.442982113456155,-15.431864026481659,3.0
10.452236139122288,8.114870510057413,-4.518229512471278,-19.84479476565491,3.0
-2.3078437346014367,3.364427165718432,-5.140775422480858,-19.734588507534376,3.0
-14.381086330058132,10.619753650217145,-3.1359563512413553,-19.766409205041423,3.0
5.048468857487774,15.392510473057342,-0.5848523806772775,-15.263208203438449,3.0
-8.700444908295081,11.014131970234118,-2.1436337360562945,-18.959511263307284,3.0
5.462909618649846,7.140710792189367,1.273031846454317,-20.57464797327342,3.0
14.609609652083435,6.660790706491881,0.06818555658241371,-29.368221785724856,3.0
3.17920979367537,10.167966431149281,-2.2698043540338357,-34.78004301302591,3.0
1.175889181820887,8.474390609651957,-0.47158685359940566,-38.65829575852281,3.0
2.547956756703657,6.554407428306697,1.7537109394639256,-26.749065962640582,3.0
0.8305249669944601,9.748052962932249,2.3009681342033446,-19.860095102166355,3.0
-4.280508728416476,9.443058812172499,1.7636076385049213,-13.275017391011932,3.0
-7.5780120454769,11.311147050518834,-1.6174817985445333,-23.198700666058677,3.0
10.490933702963662,2.6915364600000125,-0.3272113592786584,-29.219520751499715,3.0
5.312029311338767,7.6815153765010695,0.8697664721940285,-18.377223315311056,3.0
-4.77490820620648,10.326392082138867,-1.2688721623791912,-24.16106023751811,3.0
7.51625095888319,10.993919012922788,1.1264069541043993,-23.614289339034006,3.0
6.007505858381661,14.474820213216201,-2.124428275713974,-20.674808528178048,3.0
-7.498812387618656,11.082611490114738,-0.7600260142241166,-31.652469418106644,3.0
4.9139123917283944,11.14523703016345,0.7364048834857764,-30.45973420253056,3.0
3.5509006163571604,6.590665792405133,2.8260055037362735,-17.15535851537511,3.0
9.299288196458567,7.5101013919711175,-3.981907922500037,-24.225897984188087,3.0
5.157730530722122,15.361797684513384,-3.84874031869416,-18.10300302701448,3.0
-18.528667211732106,15.20981368653954,-4.774747987414102,-22.162481111567498,3.0
-6.077843572295805,13.189851980536409,-4.920077073017338,-28.95255556944413,3.0
-15.005629792252593,12.836581031516534,-4.5704425139531075,-22.867067984088862,3.0
1.7402646804517325,10.66962596940609,-1.1885871718214294,-26.210837953512574,3.0
-10.85327507941781,8.321724213288652,-1.3074969685956905,-20.319786330460108,3.0
2.1836769245049936,14.692760453091378,3.7506049330252993,-15.725248884383193,3.0
-16.793913720323452,12.111456356009155,1.8015393551647825,-10.445106405824038,3.0
-13.4989268438922,10.947820166877376,0.31504374577928207,-14.363935180773225,3.0
-6.8164624145647075,9.343254264584479,0.12553321075363133,-19.405557205839663,3.0
-6.6421404897559295,13.694831655480565,0.06238677739344345,-21.35289442903583,3.0
-23.674663457728112,13.260356524759496,1.5387741287965557,-28.1921527069614,3.0
-22.17778077416525,11.035088527322998,5.45929242791286,-33.077034735387464,3.0
-19.542314664215112,8.233182971278996,1.216214048349285,-8.372501952244807,3.0
1.3735174189980954,8.535274445184498,-0.04293545256458531,-15.789466160123771,3.0
8.274721537388972,10.773027608900184,-2.8952783103093402,-5.676739596693214,3.0
14.559203964381354,9.73602892381976,-2.859429629310495,1.0292310895306604,3.0
0.1497301514988214,11.415353810807263,-2.7499089248579898,-2.7351805584640507,3.0
3.600592032576764,16.511625698342296,-0.937497403988464,-5.7831825094706035,3.0
-4.462296726067694,13.000818237198137,-2.490026243718356,-10.217151472135388,3.0
-0.5348093986287377,9.683552110278049,-1.8303288027040385,-1.5235959787976174,3.0
-4.838081118280163,15.808007660036685,-0.1713917270828158,-2.0752469129515383,3.0
-7.438917307929749,15.003884883033972,-2.5387386371729344,-2.719086264103024,3.0
-13.99228276475062,15.24697302755202,-2.302178783710988,0.9210364722942863,3.0
-9.098704899119202,21.020905091565048,1.8755220908961334,1.6968277044589692,3.0
-8.656646760232045,15.888258764203364,-2.7605771335174905,-5.151674405899946,3.0
6.027159091040914,12.137219772099293,-4.658206638648562,-2.1534191328545127,3.0
12.177750610880938,8.855470437587153,-1.3713448488824596,5.64237246119482,3.0
1.1298595932050794,9.654041886884839,3.0494843379163408,0.1963695304319355,3.0
8.21804155339643,7.9167984043167525,6.5953629550228605,-9.005826426142054,3.0
3.6975664340849645,10.770175137990957,4.365985449509663,-5.8633098228847125,3.0
7.237812775217491,7.226968341286817,3.3084020870207382,-4.882016522156907,3.0
-2.729735627745443,3.0354061306711912,2.9071779960080546,-8.197644296153284,3.0
-3.6297185957660223,3.7026434420448417,-1.8258362506394954,1.3158335773359346,3.0
-2.8107358557978515,11.26967325545993,-2.0772257174513564,15.660911715687256,3.0
8.695501995694467,12.342077188221271,-1.9693403287147988,7.501804634201065,3.0
7.437828535612788,8.93888670292978,-1.425484254856232,5.175202424382211,3.0
-13.902954292845228,13.31699327880454,0.6795618391549163,3.3465449432053687,3.0
-11.681953248009084,11.762808015274699,-2.5848978865863224,3.2191171268815193,3.0
-2.676298960722511,9.883169135304087,3.415098377132275,-5.911450463903032,3.0
-11.078780852960065,10.42507517026399,-0.4274283002931152,-2.9057327478730812,3.0
-14.37412758334185,8.719829786692234,-4.431405561364533,-6.939697855034408,3.0
-9.529495165857979,9.858032151389146,-2.5948789611274465,-7.9438341831282475,3.0
-18.039026988856275,13.555566230415863,-0.49430476237311094,-10.953118456823095,3.0
-17.9013194642717,16.940606200788036,-0.010178498156125704,-10.6754091213574,3.0
-19.360300312184357,13.783781594048733,0.7975058569239531,-11.276666089140111,3.0
-9.4107832187949,6.792699740320465,-0.8362290151750673,2.6513961455530692,3.0
4.435993679550293,10.272762934524838,-1.1434864341802768,-4.769489908054231,3.0
-3.1415144339249372,10.748770002040244,-3.3298762547988594,-7.176114991713275,3.0
-4.579760194418646,7.888138880228173,0.2573702450847881,-2.3883689263373027,3.0
1.8708849710123854,8.696660913544248,3.144043194069398,-11.639893827904707,3.0
10.494651602667554,5.3188714812236295,2.718218985982559,-4.446627137020352,3.0
12.656334903048775,6.227002965872618,1.0357933892656253,-9.78803018985679,3.0
4.137670095820301,8.158118666775568,1.3344034505173847,-5.334373186934231,3.0
17.234211399805815,10.586451490379833,-4.211377812898583,-8.737374667959713,3.0
1.583978140696269,12.610086454346739,-3.0914533654461276,-14.571487008656801,3.0
8.217312215041638,14.544414826030488,-4.763162536024947,-13.946026368231838,3.0
0.2877343617788606,12.16247168554332,-4.833967350216908,-8.117784457318841,3.0
-6.508093039966149,7.037858497193006,-4.166120689638061,-6.095877339340095,3.0
-9.771934063405544,5.830363748770114,-0.2636931553807078,2.580000090684696,3.0
-14.446501495140692,14.648802179721176,-0.6917070818094192,-5.577185186015848,3.0
-10.270673227753317,14.371644701514409,-1.154514313036084,-9.172187744543715,3.0
-15.138484587084823,7.204081997274425,-4.940750607594308,9.181811812896573,3.0
2.5279041569733094,14.24284267183431,-3.964880617855841,3.711254760488023,3.0
0.7466259454466959,10.898425541891903,1.3895095318165334,0.9571807475045677,3.0
-5.822741483359401,9.81503599334417,1.888870071054151,-10.399716184681129,3.0
-9.88193081062969,9.091339937219628,-1.826066634749818,0.318116343886099,3.0
-12.45213864699248,9.602136617848695,1.311054420640779,-0.5238233698701953,3.0
-9.663059354838609,9.478879871840913,-0.5208623813053984,-3.6544689380231414,3.0
-2.5774682596651095,16.73549218646783,-1.455496116277724,6.494985021893722,3.0
2.5078249232211407,13.517707574582667,1.4576130287350781,5.442104709200372,3.0
4.057812819322519,12.12408042026784,1.4680658941845541,1.4778900952346277,3.0
4.8509845790293795,12.809095029544675,1.7792785076445619,-0.7674010354701846,3.0
15.822273588761666,18.34070271512369,2.183436991890724,-1.3379657757672714,3.0
6.752016728246727,18.029387840538067,1.7534409563159117,-6.517811217989481,3.0
7.469430487135162,15.345450728568176,0.07124697740618646,-5.937377146037717,3.0
-1.4936362148095963,14.463615767262738,-2.38214455390991,3.6533688049781237,3.0
-2.6931301389458975,15.864905579002706,-5.096434555767685,-7.117684667642864,3.0
-6.189316135198554,12.106697345153993,-3.0164786667536934,8.244375556773775,3.0
-9.126240050040632,7.051439926727865,-1.1253959170339485,3.647150933520607,3.0
-5.283447717202499,5.11543733793525,-4.726959239637953,2.882875024716713,3.0
-2.0313039125169734,5.451602482174659,-0.29343449725111104,9.09131836573716,3.0
-1.4779302158456709,14.538066547342567,0.6914582385465561,-1.1257821738594673,3.0
-7.576912619239037,22.430064615995423,-3.2784098583467975,-7.213065172138953,3.0
-14.251974333353918,13.090900337762179,-2.449643715064917,-6.3587316869991195,3.0
-13.516399370200377,9.961073060230223,1.908092789412669,-5.032710722725819,3.0
-17.77335941519856,3.7760058011854785,-0.9608878768453025,2.7498929547774993,3.0
-1.6344384495820825,11.559440109869096,-0.4864052482767782,4.635931799703347,3.0
15.660184608967914,13.713190407502802,3.5019169810043467,-1.1967315312867,3.0
11.273104779800196,14.033086886238268,6.748418768576131,-3.1598852737029657,3.0
11.568709366067475,6.510604552084311,2.4956820123943824,-1.4384903470308408,3.0
10.717008279350377,3.3170539917099795,4.658488940605142,-6.544399388840672,3.0
-3.7637191649543187,8.826842749842186,0.21759020800771722,-9.425172495612955,3.0
15.385202539588933,11.968194978038916,-2.551323174143346,-0.6809757831606267,3.0
1.7362902374992428,8.562379212944702,0.6662392782773678,2.4051527969489737,3.0
8.783117576330842,6.248791138824556,0.37803736989953385,7.76317503245869,3.0
5.547565645948276,12.083369832923045,2.5213670583411463,8.655446434511068,3.0
11.537683467569561,11.511268653531125,3.049388505168856,7.1195893241152515,3.0
-5.919678375995027,12.016760181873376,0.6933148287593154,5.482196928362989,3.0
-9.784931439892658,13.217182442716732,-0.18035776698766315,8.145580111044852,3.0
15.68410427607519,17.620949801052166,0.2519944459866481,-2.0802963829050682,3.0
8.688265363193672,20.19517460821258,2.6440504152136097,-5.035862842053105,3.0
5.110410382786056,12.283880282420833,-1.9781289878880848,0.010815057445299203,3.0
4.021128711342747,14.40633749814793,-4.437086059531467,-3.3629171226715866,3.0
7.31627632327133,14.183707249771192,-0.7539916241460369,-0.9427033672935222,3.0
7.4416144119925605,12.262264924145626,-1.8376377348167738,14.330319785833062,3.0
2.9720585593881723,12.432941885638597,0.8739285736025032,8.881219865846873,3.0
-12.686407673605252,11.88527173037307,-0.4138723550023903,-1.118809371892481,3.0
-5.522533014766882,14.8947907997823,-0.6821391067228244,-4.044361751457689,3.0
-4.4174179048341,11.39621360606428,-1.1644556091197584,-2.6218519077282876,3.0
-9.962258936255367,10.971382533221753,0.15645700243919047,1.225505508325547,3.0
-15.156031212411046,7.466494982970683,1.2026056911168044,-0.45578262124410696,3.0
-8.204845834052712,5.67690954977683,-1.1895436084055235,2.1241795108030033,3.0
14.649807896914968,8.420204685267413,1.282747015403931,-6.438423119728499,3.0
15.272749407635862,10.219558304995786,-1.6617067305606708,-0.3443749894319408,3.0
-16.18228726473582,11.00198177654341,-2.0478222094852794,-4.878865811844127,3.0
-1.965926840983022,13.453162437408405,-2.2560800451064056,-7.858624560214888,3.0
1.9282822837303213,9.160621519761126,-2.343465678456625,-18.477389455215953,3.0
3.377976065683044,10.874834941276063,1.1873855440629137,-10.20378874884739,3.0
-14.96183447144272,11.383662799614209,-0.852660256950222,-2.39658411669865,3.0
-6.946269632539623,18.495322442203218,-1.5492029359408679,3.015745137828697,3.0
0.6848600987843367,18.58019653882046,0.5641475548237774,-8.862029231669602,3.0
-3.237608137704,15.369132804360792,-2.2114133934292015,-3.0270174201125,3.0
12.555044287390533,13.866986161984226,-1.6116352239615548,-3.615101248278339,3.0
6.103103139260058,11.941397297698776,-2.193498871099952,-10.366710588053246,3.0
-0.6448149884146925,13.746176325691831,-2.897104573020793,-6.070991936155856,3.0
6.973092736248446,12.771393875416521,0.29924228080886855,-7.048141497250674,3.0
-7.586823007907724,13.989947117078803,0.7606175455106219,-15.141609180614886,3.0
-7.751830561879807,4.59868007925593,0.4451913768284902,-6.396004230845459,3.0
-13.937287790732046,12.237663499678167,2.2051837857783614,-8.052089207891246,3.0
-14.308972578494508,17.16262654726954,2.4300228046382895,-1.9556339803509375,3.0
-12.219338307252462,16.30099381898382,-2.969868286169149,-13.143829422610416,3.0
-9.033425918859201,11.51141066740093,5.130271355254132,-8.504753970955793,3.0
-11.427731893478684,5.973118956594968,2.14012301573413,-13.208502667217882,3.0
-3.222584882490068,11.506096529598437,-1.6089411922876689,-6.875336751580904,3.0
-5.002115462091754,5.041449320157964,-2.9695836399888176,-5.069384156673842,3.0
-15.67416243491485,16.651529019526116,0.7682154361390746,-6.14934772537032,3.0
-22.894781291252013,8.7610450953188,1.3838378764319486,-3.4528169132159614,3.0
-2.880012131741278,14.40061670291469,4.100604209197038,-9.918796695308142,3.0
-0.9046508409107104,16.727186210914507,3.330511507415286,-7.19280444398493,3.0
-4.66773483466521,12.353787118524897,0.7885857138573364,-3.6725058573277893,3.0
-10.726113357168959,12.785901134039754,-1.8560106119995117,-9.38583531967651,3.0
-15.279308820015133,11.19956418344686,-2.275526337789072,-3.3329462160599146,3.0
-2.301450256679974,17.48971700009971,-0.5788715910120292,-1.761832073238783,3.0
-5.845884983157845,18.610796323440027,-6.504725511357646,-5.749276363657514,3.0
-16.614553048930134,14.980580685665316,-6.307886529513539,2.385874393999867,3.0
-3.6447234465406,9.206866268201118,-2.6417008983099497,-0.9356402678912321,3.0
-4.324550158894018,13.60464086388813,-2.19557960050503,3.266388127032764,3.0
-16.47459846671956,16.70497882654616,-3.226687985472865,2.78319520527309,3.0
-1.5653274350523816,18.293840442557936,-3.2931844248130617,1.9246573187635088,3.0
-2.8212178478688044,21.043290591890187,-1.0101318406486388,7.039659342149913,3.0
-9.653266396582154,21.289717247870264,0.9339910220564096,1.7804134988106295,3.0
-5.018425495176357,18.24362297510502,0.9353882101076078,-4.031009130320042,3.0
-2.213459173385785,15.587718059092817,-1.9763353588279364,3.2400298005422457,3.0
-14.41521876273603,11.500199994630659,0.7457311667502485,0.04281004535947286,3.0
-7.865172824385847,3.084320347631592,-3.2845765604982953,-5.983300633131989,3.0
-7.075975212133864,8.948365584597504,-3.345222200114911,-4.111829948994828,3.0
-6.504514950752261,12.968275948216997,-3.499743253097377,1.0520905316299398,3.0
-13.739365125797413,13.78294893689433,-0.10078926286941137,-1.286840813093832,3.0
-7.9010213132449465,12.009799532793252,3.991668629730741,-2.0481794603875842,3.0
-0.23957553659172426,11.809535249972145,2.6994299659500207,-0.943812493979685,3.0
6.472432681093558,12.183885514263775,2.2677311697985094,3.431985308452167,3.0
10.581615773314738,10.882789904864532,0.03782214444147458,6.683089760049224,3.0
14.125034941206142,10.667605452493142,-2.248762225945916,4.396555329590787,3.0
9.33692693056502,6.671980332257725,0.5259501648832055,1.0005083056079824,3.0
-4.927026599589469,14.006069580486637,0.47180515681906243,0.9661653231079477,3.0
5.6228084023626534,16.709835397001783,-0.36420834788058154,8.850232119592848,3.0
4.120302140291439,14.275611035402399,-0.34065932985545144,5.322721182036161,3.0
7.5375708667768135,16.481623956292545,-1.2587078653344923,9.875807460443264,3.0
-8.537118781522832,12.714094391696316,-1.3353492047230324,2.3322071140154703,3.0
-8.706792399671318,12.409670673509535,0.7981736351320519,-7.031744258005123,3.0
-15.73732080905155,14.799641170765792,-1.3189770887377728,7.214258642898054,3.0
-14.726259651969063,15.114895323818315,-1.8360740920888157,4.572512157109796,3.0
-4.029250315283983,18.67672592329023,-1.952006382074961,5.609113283150933,3.0
-10.879102466168405,21.309629673708464,0.27897468745247234,-7.298540340121393,3.0
-12.843195991623158,17.50327577308356,1.8434854518405657,-9.47340723528883,3.0
-4.720369093327691,17.36100610935645,-2.3540924020550014,-4.761308402484069,3.0
-7.042306426650864,10.45686575658525,-0.003465470964824857,-5.763682892320549,3.0
2.572368110155247,12.449026294989022,0.8475811990786887,-3.6387413661503842,3.0
0.458138251169129,6.998733037518642,-2.1295686886832628,2.709321009805585,3.0
2.0023851733726477,10.067100494104421,-0.5131512221572874,-2.5115018264347895,3.0
-5.359862626084863,10.208014896882146,-0.0325101102125932,2.765538672170135,3.0
-5.565602266302518,6.772195518566337,2.908074985867019,6.94412979051109,3.0
0.6709230469455696,8.227530470627112,-0.4216388037410709,11.725408168746611,3.0
-0.8887191045438301,15.180724911697645,1.0256740546193832,-10.60376187042138,3.0
-2.189807483220669,13.462469615284013,0.40843941163578856,0.9689753316867158,3.0
12.041304522240488,7.921455738631212,-1.0319280643140323,-9.287405765113272,3.0
12.672244902436558,8.434885200660291,1.6671793904341548,-20.912027768748548,3.0
-1.3867311113309726,9.605473398005824,0.7191194077538734,-3.6264012013574076,3.0
9.801339069329018,12.809541732518136,2.856902593789032,-10.53958456501508,3.0
-4.779561691465441,14.868383007788292,0.8530088463651344,-5.3650694165068264,3.0
2.5710360610098077,7.241165190149744,1.5680754842161886,-3.656220147694319,3.0
-1.6501139974681611,12.552642146551289,-0.9325086594858063,3.6169439439799147,3.0
-3.842242837451285,8.594083816507176,-6.383363274548303,-4.768763844978277,3.0
5.008762085838999,11.180616807496968,-4.2369025162686675,9.005914157191707,3.0
6.779409462202189,6.915096733512144,0.2240609450532105,0.6043428661755046,3.0
-8.333671047692729,5.925438249127419,-1.1543519791601882,-13.20811548960403,3.0
-16.748845145598747,19.504050418666175,0.6268787029543679,-7.7652401207463395,3.0
-1.1367466191322109,15.539715635018297,2.196286922497701,-11.450999041218793,3.0
-3.0763182414576145,12.719134991849625,5.250383503314066,-1.9712770758535356,3.0
-25.960058748837074,11.665494584789794,5.4511224107571,0.3113613392542298,3.0
-4.886588956556777,9.281832231959275,4.578133588539802,2.028548442998483,3.0
4.376739996709866,11.182523924267638,-0.13671834885907153,-2.609267424761883,3.0
-1.716609999955838,9.254630477987078,0.38603138979043505,-3.2246606075909208,3.0
-4.585464996921442,13.242182909293579,-1.9896153600991067,-8.086423241862061,3.0
14.42378331738126,16.286016180456414,-1.992789251480757,-4.281373643467119,3.0
8.025727042611258,20.181206783997247,-5.2165749816388205,-8.601220966883371,3.0
3.9350249545390508,12.70407749985725,-2.0256686931805326,-8.390127106272693,3.0
-10.93008445826455,7.853600422667338,-4.302701870955278,3.4710177945787386,3.0
0.915452663993598,11.75939483628986,-2.3923213659371774,7.273448034260857,3.0
3.9467485350806895,8.076643413794411,-2.1880145624800487,3.3024790279602687,3.0
5.522754423877698,5.894063088361201,-5.330468316136369,-8.645368324901101,3.0
1.1372652316252327,8.845278368739464,-1.1194280491012283,-2.473802288583302,3.0
-3.92142296018432,8.239498291045713,0.7323037618087304,-6.186455678835171,3.0
-11.404685481199422,13.943644735483245,6.386974800881202,-19.061680761877888,3.0
-9.697437348439491,10.246940977045764,0.785475823024166,-11.12176260299438,3.0
5.309449525146065,13.238225889913146,-1.3326687783476323,-7.542610625727397,3.0
-3.4625693867386618,10.19488981845008,0.6458567598364251,-1.1286914838672342,3.0
-1.4547512790908002,12.826342056587942,3.400303879848924,0.9923624383379608,3.0
-4.303467912624793,6.511390671724495,1.4740747044470512,-2.7801566695351223,3.0
-17.51982558689306,7.496543729220174,-2.370809775879498,-7.138630707073343,3.0
-10.947616914823778,4.7918884076242865,1.6103010992832352,0.9199375231561302,3.0
-2.2371775581877973,11.617053514854508,-1.3586423408575488,-3.4402865713037976,3.0
0.04538707568138567,12.826468900272499,-0.823554337343618,-17.881599457996078,3.0
-11.98441771285711,17.124231700464133,1.1644623067392916,-19.191143656549045,3.0
-11.016084105954173,8.20571120516491,1.3631109999892748,0.36514637218312096,3.0
-15.17005490311291,11.30996079557825,-1.7943672114145677,6.771104395579887,3.0
-5.5737394527786535,7.784035139856712,-0.6669621339583502,7.659948250689048,3.0
-3.054388153117129,15.207560624274977,2.1376792577318637,0.6852206823424551,3.0
-5.096708545744153,14.074155818326762,2.0058950608136428,-2.88460708209223,3.0
-15.522750879736254,14.68605603413079,-2.1496645723094487,2.2764938744952548,3.0
-22.383054320851308,13.288231595691753,-3.5596997789812406,-1.916460904963461,3.0
-12.278643641463157,12.739462238144753,-3.6555941043577933,7.066689186801183,3.0
-14.29166829308285,12.886182928608843,-2.371638718650085,-3.338940569746912,3.0
-8.624437102662434,12.600854606149563,0.10190051120676402,-5.423771455388658,3.0
7.278815275386563,17.278875737388336,1.2896657320820544,-15.645897134286617,3.0
-6.444994668576696,17.796915716681717,-0.8551291053589593,-9.38201133588174,3.0
0.5199251565035028,12.844096321323892,-0.17631529090605824,-15.002986686861757,3.0
0.7641980938168247,12.698678571173179,1.6786427600257567,-0.5665073382849046,3.0
-13.521856335515071,12.096489593007451,4.357219637859465,5.095220300911245,3.0
-14.799590612430247,8.781316785235889,0.21879322256035627,5.488161713174842,3.0
-7.188264011482277,13.401291181328,-1.01354427048268,-5.1504915526391075,3.0
-12.917166538264535,14.48679026485148,-1.9155158531047272,-1.074273677409121,3.0
-16.347592165796165,15.4148049756105,0.6823963124339172,-1.5424689962283802,3.0
-11.083031130229289,10.279813079973387,3.540495139382087,-0.06568774736913507,3.0
-4.916366639692341,14.37219402607688,2.189417430636983,1.6160637289637179,3.0
4.751009271301687,12.501823325311726,-0.5331853170943568,-8.453104645479787,3.0
4.661729369457446,14.475188943601932,0.4154021655527824,-7.104291735674095,3.0
-12.463079312997237,12.305034483348487,-0.08881798821844522,1.5392637648925067,3.0
-10.937335985100027,11.743200694400327,-1.5666081832196794,6.719863378832955,3.0
-13.827415719530032,12.428427327946842,-0.2679752015985958,-6.873671326610033,3.0
-10.377400125156013,7.041203802806611,-1.676925628461566,-4.1278995981910835,3.0
-5.824319878535709,14.096951519526526,-3.2189480210826327,-2.217772950984541,3.0
-17.35238706041633,8.193063520462715,-1.7093166424972988,6.820024253172197,3.0
-10.008889010237052,9.245261679356059,-4.425324914528646,3.3510479969082465,3.0
-5.976951077942364,14.67907818385217,-1.0912677456542064,1.7678438412777524,3.0
-8.9815132335629,9.646232025695785,-0.45830344608859164,1.6262075267767369,3.0
-2.5732766352349135,10.115721126288587,-2.7917768996057157,9.20835199707426,3.0
-8.478985312602994,11.561120976640538,-0.31418531814052275,-4.431388472187967,3.0
9.859268676476884,7.280933575125312,-8.039795830626012,-1.6492493778780721,3.0
6.626523058795298,19.888127045340042,-4.618538559983129,-10.284535304456279,3.0
-6.888235569856222,14.445171815033314,0.014613495370031093,-6.769580781525059,3.0
-10.857903211046768,15.479487036006276,2.137721808361639,-3.9491917673268913,3.0
-3.8716650629497678,9.011979909382548,0.7473332135594074,-1.1554335999176975,3.0
-18.395966651923032,6.47426094081706,-1.771544951711151,-7.416383851374583,3.0
-18.380313127481543,12.709177793292621,-1.9929954565087769,-2.023567701114314,3.0
-11.991847800976087,12.357459261512846,-2.2614872039253884,-4.154290080342243,3.0
-8.649838635669173,11.471692594866997,-3.6773787942668283,5.141615905476319,3.0
-0.42590995052412506,12.068001036680695,-5.989589271980909,4.675416439825306,3.0
3.868415460694873,11.5378814725002,-5.633989139295658,-29.891727478047194,3.0
-0.9696868804812047,10.943681680679381,-0.2797508384233396,-29.054754516958138,3.0
-8.126770752134876,9.483309012969892,0.6099820401816514,-18.699342717047973,3.0
-16.19937125342917,15.231088639764447,0.5436539764365413,-27.42413100389087,3.0
-21.377883303656837,16.36340366849228,-1.6503975196884335,-15.45009659304247,3.0
-31.27701200682604,16.11019976148559,0.06376275440119966,-6.250043215827828,3.0
-25.31323879394199,12.581482501300258,2.903011196183825,-10.5319943979285,3.0
-30.176621416714273,17.210205550295623,0.8943932930726244,-16.324294736843623,3.0
-17.95751212058854,16.494481535646717,-1.7896014229835764,-22.23637593354874,3.0
-19.300577730686143,16.185109640530282,-0.9608782761482588,-27.488638072210865,3.0
-6.305902291966515,11.83788388855123,5.411202170777823,-22.997610932752995,3.0
-17.771652413417442,8.944812570276154,6.311506965997163,-17.43450807561041,3.0
9.424380569218368,9.37194319706749,1.9740012240849651,-26.724066499690426,3.0
-3.188828795008498,10.174400829713978,3.040840915098041,-19.259274253110867,3.0
2.3204284919162017,10.586919235629079,3.9319438481715894,-16.64761381842027,3.0
-0.4133486079667037,7.0243282304448424,2.8320678873543494,-27.610420890063736,3.0
17.060734049274846,11.243012099232867,2.4487991031949603,-18.315155470119706,3.0
3.5023829643577047,13.339176841717688,3.3641199050016883,-12.752331199349074,3.0
-7.9243753034912645,11.525050781452364,-2.2270063486281018,-10.194086965626845,3.0
-9.723114723519064,10.913503298931472,-2.943537945230118,-18.174068658970224,3.0
-2.0736118209582957,11.272056004972368,-2.102053195517238,-22.739090140934398,3.0
-10.189570819631989,10.121821427994519,-2.780002145580701,-22.413557223410578,3.0
-6.136609406794577,9.511989149690866,-2.0558353649817183,-34.727624461699705,3.0
-10.996370909359769,12.097108136700772,-2.288368763799723,-24.55628488875805,3.0
1.1964553694402338,9.438129895611885,1.7043259710535543,-16.08711447020246,3.0
2.8765051067970386,12.84509573924798,3.204888288993031,-26.912859212254524,3.0
4.924396661186078,5.435039545248632,6.391306691314334,-21.634117183823733,3.0
11.820834872243235,9.49329056374269,4.311893534502737,-13.353518120488907,3.0
12.062953871839108,8.468227131967621,6.0134938293591755,-6.504709357105218,3.0
-2.9606819534205275,11.240973087098963,2.527742523551198,-9.638987032002898,3.0
12.655714929288672,7.549429114852488,5.3452996042849845,-18.702585109177377,3.0
-4.792741931606497,10.04152955289873,4.836412192650671,-20.43650838386195,3.0
-6.0805864685413065,6.156047204786535,2.8922583374666186,-9.250068565981262,3.0
0.04901877455532744,7.380499885191886,2.743981666204562,-10.319657940836626,3.0
1.1317448953234617,7.912939656339982,1.517808229917673,-7.6157448597836455,3.0
7.107541676106066,8.95739277678274,2.5190638610840503,-20.536453759172687,3.0
-1.993094824627697,9.995972530304172,1.9518512377042965,-17.169425011429443,3.0
-9.08076177075243,10.14675843892634,0.314137620988877,-6.955408700053413,3.0
-12.23841495329878,17.073297183289434,2.1992666487202213,-15.494396049150758,3.0
-9.63521231234989,12.109650949866571,-0.4258997572889843,-14.421805764066374,3.0
-11.271628758231559,13.357296899611004,-2.238151478742197,-13.377572512754075,3.0
-5.343726438608861,11.963616497437467,2.3608026960321666,-11.600617348936247,3.0
-5.929956534579447,10.257615539553584,-0.4741006439322435,-6.973900259511172,3.0
11.610488339114747,8.492930530019343,-2.0710073297032556,-13.918011730800902,3.0
12.508149318761088,0.8941220725325998,-1.1158605682071139,-17.696938118945038,3.0
3.0462166956787007,9.361563720823515,-0.8923987953882495,-21.202742298177917,3.0
-6.995251479042134,9.311125189628502,2.8856355666137294,-17.99998208044943,3.0
-15.584251610907918,13.936120774912954,3.1663120426665827,-27.15867928262061,3.0
-10.456691590951387,12.763585486706468,2.4614625089700257,-20.911658026847658,3.0
-18.77023337383672,7.063955913198962,1.2938850991904018,-17.046941789492976,3.0
-8.432961404372204,5.727129381417867,-6.041513595170435,-15.921469698493624,3.0
-8.787299646397424,6.8025475581006924,-5.769009398683008,-14.393615050200276,3.0
-18.797754254659672,8.067317908859563,-4.095239991614246,-25.611121429479304,3.0
-8.978182575770058,8.57207024711775,-5.538688518277153,-23.734847427797124,3.0
-16.210359030214935,8.593872139883294,-6.019946617385545,-22.59185264115677,3.0
-17.207437020195105,6.923291642100931,-3.1792475964412814,-19.400232010469164,3.0
-8.677686732612775,7.176006953674893,-0.847098700290287,-15.834208055907162,3.0
3.306715123471313,7.791005167883903,3.1758765786683485,-21.969259774100337,3.0
10.599326267854744,11.571731362916815,-0.723675789888421,-15.661626298017566,3.0
8.666179678300193,12.784895777512784,0.23999634888421306,-16.314165113705478,3.0
6.80130115158527,8.312566863013917,-4.834043968741653,-18.446748949926075,3.0
1.3673647210101723,3.62724208837109,-3.2076578940288147,-25.395475703271025,3.0
3.1803148796632765,1.6172513105727333,-0.7977071718349733,-18.698485198513776,3.0
-12.195994847929766,4.7004729386098125,3.1233093361770594,-19.694745346334056,3.0
-1.8886936390811861,8.764555337557148,-2.5038884416132805,-7.844401125515159,3.0
-0.7062197041932126,10.547235096833052,1.7251301178133867,-22.318864723138958,3.0
-13.988423428964191,15.021003249612495,-0.5257019014592154,-18.66443994845679,3.0
-6.88266234487218,15.869371103615755,2.822868077830653,-18.844212851547386,3.0
9.458692195422511,10.72876942620735,2.099289536503991,-18.923948656434156,3.0
0.7642742049092757,12.086107241357679,0.04367829829793346,-11.285886606964295,3.0
9.749582789691964,11.130659094522466,-2.372002222874274,-10.16860379848767,3.0
-9.74932813394442,12.81694469061743,0.31177486855385594,-18.276198323725673,3.0
-18.46680956998693,13.31812760838438,-0.4562635120255034,-22.68475240712901,3.0
-13.67553839058592,6.638045904119394,-1.045739141034928,-14.039670342253627,3.0
4.532945430222376,4.00818902000236,-0.029883575818875463,-7.891907999825754,3.0
3.226089109337385,7.8785022392750745,2.9800539156878507,-31.585847159773916,3.0
7.087066339907842,10.504418248202752,3.877510454685644,-17.292136092727212,3.0
20.665484423499183,8.14765924844177,0.5454873013712902,-21.065511257118864,3.0
0.343998544717393,7.541826971478418,-3.894189470512819,0.12046132045939117,3.0
-9.743873144394762,11.280545108618744,-2.296061699897529,-18.766927373793735,3.0
-17.626845350607503,9.449944913300694,-3.4902392059023235,-21.986640428528197,3.0
-8.488845883891614,8.684980818060945,0.8715077199302481,-15.350080579360291,3.0
-4.1665847071375826,11.38711605266812,-0.7012338295586866,-13.681109559820843,3.0
4.864949525346841,12.93469816783236,0.10953726553933696,-24.48149553281476,3.0
-12.314926549723475,11.53790833208879,1.0086776175810686,-14.406276637609247,3.0
-19.728409243664814,7.452470026141313,6.443460048943084,-25.32396749555529,3.0
-14.933583901933282,5.085846417491869,4.360441995409802,-21.008945920891442,3.0
-11.938597643926578,16.255573044717718,3.0436651997969344,-23.626201766523998,3.0
-8.07517365211702,11.209644158558254,-1.476338523558793,-21.917141507995495,3.0
-3.625618402764026,17.76594784156424,-4.118097583998557,-16.3163836387832,3.0
-19.91702840601471,14.100965583576812,-4.479324795251831,-20.772782915091003,3.0
1.4831739379529632,11.654828942992726,1.395199499005964,-24.144682094254584,3.0
-10.036840626664333,12.299960546943161,0.5886744438826124,-22.01800168612106,3.0
-13.008716360836942,16.10112666993651,3.5169063343058404,-17.91081573245666,3.0
-16.474482470453754,12.896265047322379,-5.450864187503478,-13.159375926446232,3.0
-2.4250476626365027,7.950305110733844,-0.6559570293955027,-21.749355731722396,3.0
-2.496434986903143,8.905570478831084,-1.9042649529560043,-28.53118885367786,3.0
-0.10068659793900914,7.984683656270254,-0.1827592484447902,-15.436528694556365,3.0
-15.157941414285435,7.921887033117084,-3.6606208368007604,-9.652657934102429,3.0
-3.576787602154809,4.929173769109972,1.5158049227005514,-19.05697230771448,3.0
1.8139232513268033,7.384857087354304,2.9706646231486413,-17.649678508367625,3.0
8.887737547891295,5.16181741224659,3.2697302786861675,-20.655150239240108,3.0
-1.2858720129649153,4.749270360132816,-0.08578078096922864,-26.670298727872034,3.0
-5.314321800155781,13.38577698445354,-0.8422160266342535,-28.15580128381979,3.0
-9.770128411452818,16.036880836852625,-0.1180704404842563,-25.72585013315825,3.0
-3.951998600781872,13.132979326929014,-0.6435291079685761,-28.258776462023693,3.0
10.100416954395858,11.719810445467797,-0.7335611447421673,-25.493800756020725,3.0
9.986603558395734,10.481889520386572,-0.7499937805957628,-20.547731663027896,3.0
-0.0952815159667153,8.457213379124223,2.0507089260426055,-21.08436232226029,3.0
-6.260198474908757,12.515726641863699,4.446939160681756,-31.38732339939768,3.0
7.526680453026854,12.032700352686184,1.8001324336000284,-18.786624544063944,3.0
4.686182650024133,9.664238900039354,4.277025823751776,-22.445114914166634,3.0
-9.234656433601584,11.8722029535218,1.6352291935417225,-25.29302392698218,3.0
3.537585350297708,11.482191383063865,-0.3952948961962748,-14.105699026414554,3.0
7.008799406388856,11.841350676410183,0.028742664087893166,-20.562361072226498,3.0
4.970358271922528,5.688435897420885,1.8917594625434018,-16.82136906321955,3.0
7.429917036041747,8.14999286948129,-0.7189240930569691,-14.619325752684103,3.0
3.027371049244923,8.264080982841424,2.3626705520609192,-15.133446165242638,3.0
7.384554973495547,8.537638772362461,-0.7384294573143317,-10.2346472032333,3.0
-1.4673325874524514,12.913627699622019,0.3772013242104244,-8.491802554355175,3.0
-5.163942979550648,7.907291336372138,2.6427360031758074,-17.75769116595506,3.0
1.4255808787746136,13.693566120819169,1.9081032235638333,-15.589889198361263,3.0
-8.986741094576498,9.315849801110925,-0.4058813696386152,-14.908710831559695,3.0
-1.0561539057059144,17.597884142486915,1.962789366200677,-7.6592824693860155,3.0
-12.51805866629211,18.29764089498517,-1.3317575764837946,-17.601686941695164,3.0
-7.952425478726169,15.416830601720669,-3.622249053759324,-13.192700009148329,3.0
-18.32608950734989,8.896925628604523,0.6910950972184304,-21.70139734654248,3.0
-12.553335027441555,7.933149576050049,3.543258383548366,-7.341240957967024,3.0
-4.523793346781732,4.9924339691323265,1.2799085266888832,-9.955870889770345,3.0
-5.066599931554205,8.250807668090177,0.7678720905765894,-16.95227016938165,3.0
-19.343192578913797,13.79448972102627,-0.39019348006205523,-18.37509070476583,3.0
-10.484462593423746,18.179663988157987,1.100641398916118,-23.07995535545367,3.0
-6.700680913906606,16.2933108652062,3.279208112580699,-24.442209807503176,3.0
-9.887803619071159,14.415113700752181,5.9905741289042425,-10.540529162931882,3.0
-7.439620470469356,10.706928084213928,7.821801141587855,-11.600244417646024,3.0
-18.390270091526673,7.77033123119679,-0.23777622300866752,-3.1507556768694727,3.0
-9.455881628094476,14.38654025768318,1.07495787379441,-4.685101322838287,3.0
2.011785126713308,15.939328068732257,-1.4591314383725131,-2.700369892669693,3.0
0.37390000317261696,9.806454916274827,-0.2188910067065597,-13.575046657697651,3.0
-3.797456447029914,10.915272406775463,-1.2790234772203952,-11.570229447114427,3.0
2.2353758392105783,7.787704388247294,1.8472529755926286,-9.852094253669883,3.0
6.077421089398175,6.079136847241362,6.007261413262087,-17.224548816049076,3.0
0.6434979914190087,13.817440185938468,4.985141463669818,-21.724782453116692,3.0
-20.227299162017776,13.213489711065296,2.7335579892298876,-18.486794478376233,3.0
0.20294493950785197,16.62452300508086,0.7364924859884427,-13.804135764189986,3.0
-13.804657727256231,10.222938912806473,2.5615426777417394,-14.748305279908047,3.0
-11.484410094139506,4.690424741044418,5.986452237438198,-16.932370041352716,3.0
7.270247550872918,8.21695439600947,0.35179434583816194,-15.121585393010257,3.0
1.6211694270255332,9.484187659725043,-1.7832947163508546,-26.015850206439396,3.0
-21.490686605181118,7.6138784721602875,-0.4299217682982025,-21.887383576576,3.0
-1.0138727022730345,6.209111557622749,-3.099517561732699,-9.663764777237196,3.0
-6.594110366422545,11.756895449851617,-3.393476650313813,-13.34330094030444,3.0
-8.993039585759712,9.64345233694115,2.6080506055777795,-15.850949172100288,3.0
-4.056075578117952,9.944546166070134,1.6672737053528501,-21.403304227865057,3.0
-5.731638279032808,6.685184647131149,-1.65403774695727,-23.13205028442186,3.0
-8.97282977051988,12.608067854252711,0.9648569917405352,-9.926125671814201,3.0
-13.839002562852034,10.342706716122912,0.008232755879897913,-16.714012721261394,3.0
-7.332049859518532,8.945637370018924,0.14857503332436794,-12.59022376003312,3.0
6.715115800963184,9.11519775040093,3.7260001813201877,-7.942999788022384,3.0
-8.16438141992349,14.236398979287014,0.013150157773062943,-15.20414054339504,3.0
-16.06311376420008,8.995754519501464,-1.3376938680894315,-19.100407336673715,3.0
-3.5707172285181077,14.039575542585554,2.5352211665521867,-21.157275424028835,3.0
-20.80731781875612,12.094620211261692,1.8587996020619402,-20.836487233501156,3.0
-3.7328995058294305,9.013322814802802,1.8944111099427143,-28.003413174326955,3.0
-11.640208080406882,13.027696562912029,0.7923606932434905,-24.58623153788094,3.0
-13.320623650495234,12.631282943459617,-0.21678231658381708,-9.313533840536529,3.0
1.9635596939440418,13.201769216884507,-4.508108508083193,-20.391772966322534,3.0
3.073990640766213,19.211341172653757,-3.6987684188511283,-19.990127806608776,3.0
9.823605942269129,15.597543886243177,-0.6250985449691335,-19.806578269800628,3.0
-2.7377724737976408,17.1496928661918,-1.8226848412142185,-25.21949080913322,3.0
8.483579248252678,10.049551333057858,-2.0493760717356464,-32.63781023165611,3.0
3.460479726575559,12.149305630125452,-3.420616041441987,-25.494950381422036,3.0
3.7193665599208297,11.262401341442,4.758842403054848,-23.04288981169079,3.0
9.079095023648312,11.660244965296451,3.3455224308756297,-24.04257579920152,3.0
1.350688265543865,13.834753369468716,2.724835173013222,-26.762756063796232,3.0
-0.5315398762493677,10.697149170838937,1.1274054910605127,-16.60615247306805,3.0
16.469729539176704,4.438346573348736,0.3063927059105964,-19.58891579361832,3.0
-2.7793145330606803,8.214587554851553,1.9534077258820697,-14.489505984769195,3.0
-0.08356921482695467,9.766340956180876,0.7802750974655012,-17.10655759389706,3.0
-5.589221030724141,11.048439423477479,1.6603048712645352,-13.118269079297487,3.0
-6.217960923548547,9.425720226785849,4.140168861262994,-7.889553802856685,3.0
-14.745626759940594,8.667247950491326,0.23915628627136054,-14.526534262558732,3.0
-4.2937966326787755,9.54281988122999,0.11146880075574517,-19.374231457591783,3.0
-7.127894990056397,14.84851793560118,-2.2213920220330063,-17.864693371478563,3.0
-1.5696583423100692,13.381242365094097,-1.6333991733344122,-30.005015030764444,3.0
-3.0908074420071623,17.57207405661899,-5.065325492803686,-23.422313668137143,3.0
-16.73126020913879,19.693412356363275,0.043107993348670215,-24.649217755152076,3.0
-3.0791666018247437,17.44966251056766,1.4026837352805304,-22.9736995732978,3.0
-9.445574308853754,15.478695206318678,0.5594843561387988,-22.461738650479315,3.0
-3.941371540655444,11.603736921995074,-2.9375599287689544,-19.651895219271324,3.0
-9.06446643230425,16.688980283491336,-4.439952485245721,-15.696059870835093,3.0
-17.451536914912964,18.224360869874452,-1.340462098789278,-9.36760058153699,3.0
-8.889007781934001,12.248521114063568,-1.88311331295372,-7.921829221306108,3.0
-10.994420428788588,9.277245217368002,0.5188754150596324,-9.140923945686252,3.0
-9.957754242377431,12.610251144913025,-1.16239640021689,-19.035068481852655,3.0
7.264400688294178,10.834937128603224,0.6279126705118867,-18.63003573068261,3.0
6.729788404549021,12.123606369781658,-0.24484072646728094,-16.10702517402629,3.0
9.545680651065155,9.27396630117742,-2.519324453182804,-5.508703772875222,3.0
20.053620614890754,16.92676193414586,-3.047276226320713,-9.010321410373074,3.0
-3.224349310884259,14.065071509946309,-3.5283203200521926,-9.685806109873134,3.0
10.247564056238112,12.850724733647935,-4.9983130756789045,-13.385388767668962,3.0
-11.365949552834959,2.4479533252963765,-9.091610649747846,-12.344404550657693,3.0
-5.8414705889510365,3.527759040796523,-0.742071107304564,-16.744790909615748,3.0
-3.5199458976134412,9.423579336068933,0.42793837194269113,-18.087006085102146,3.0
-14.42195715390228,12.329329109269317,3.0943602209769043,-16.45852215043009,3.0
-20.318732050330276,14.090421876300429,3.8714940847131567,-23.65258792837055,3.0
-13.544272540214404,9.590518455245205,1.8602030211258747,-17.477224421533254,3.0
-2.1407290522212223,12.737037805461394,-0.915256946328954,-21.040706690048296,3.0
-1.5250769128545305,7.429278538321148,0.4818072210513404,-20.159252876756167,3.0
8.900379571366463,8.879926980891637,-1.117502085761156,-33.40154306471818,3.0
-5.885936364490401,6.210294259167955,-0.7721008209218629,-24.927541852055736,3.0
-13.562803412959354,10.667209330645836,-3.3653468025370326,-16.812991424650214,3.0
-17.517983986984333,9.986826998631726,2.4164320031741973,-12.448784949147997,3.0
-3.5786599859530126,12.42117411677948,0.2967975164517459,-19.322583235851326,3.0
-5.582473832526478,13.157053071129383,3.0448429786476225,-22.35134844022649,3.0
7.882457231393383,10.65334166594473,2.0574980052741085,-19.226949460825036,3.0
1.4895879023062575,8.621159061968587,2.098996779492347,-12.377202514675218,3.0
-4.255606232255628,10.454324478303981,4.273479674679729,-15.176110541231242,3.0
9.59017884981435,11.59591712739913,1.7773195853543198,-20.438003523196073,3.0
4.605601201980382,16.099729713277448,2.671893609805327,-22.46179494796229,3.0
3.0462709677349835,12.935908221993628,0.06282252615631156,-30.441555114216968,3.0
-14.205131716107523,13.556434521625004,-1.0327695193490698,-26.57747261861495,3.0
-11.57068252469736,11.532464844417303,2.33641258763165,-17.534188427469353,3.0
7.122501670297131,11.051274008195728,3.8806598142127857,-29.16644722458348,3.0
10.547262933972284,13.444759062437381,1.6407534307374376,-29.446911457921043,3.0
14.467548137146474,16.662864691713725,0.9499219483100011,-32.64892193702717,3.0
17.58174136433785,12.334313047998892,-0.8443252817266498,-33.01586046872801,3.0
11.636448443525168,6.271125677734925,-2.124296958865152,-26.930107888024992,3.0
11.283473323934356,10.773293641065775,-0.8902220048127891,-28.517647874860145,3.0
4.5266278361874335,12.904003620627456,1.813916193441544,-37.65429690611417,3.0
-8.520469883360581,9.954882978107918,-0.7628858044072019,-29.447564494567807,3.0
-5.214899524785123,18.48840170304475,-0.016869623796510982,-26.549103879776112,3.0
-11.928949930168624,15.500762888852448,-3.5493197781306494,-20.679945661002446,3.0
-22.257462988323777,15.612754919290458,-3.158040330832107,-18.938565288427373,3.0
-1.8220217565624233,16.483518611830107,-3.492031219891631,-24.069306656434215,3.0
-24.68080924939474,18.039290616268083,-2.304126292014454,-23.869554155371663,3.0
-12.08513801525805,12.294655273952095,-2.0432994093304786,-25.547897712275123,3.0
3.6922097148477895,11.437534754406451,1.676541332665517,-22.16319493660494,3.0
-16.686340904472008,11.029751274334545,0.9058300374569654,-18.4154410274081,3.0
-20.392614235980677,7.653393342422525,5.0997679029315375,-15.709606738633255,3.0
0.7895086676301717,4.855665649399567,0.504144811932548,-21.59121317359401,3.0
4.344026923114632,12.716917995936182,-3.118465878887933,-17.3543651475295,3.0
-10.005118540639993,8.467790887447165,-0.017676040342303745,-7.220746461802673,3.0
-6.278057145044783,6.4058930550677635,-1.9227941490760614,-14.584124572578837,3.0
-8.802569213337799,8.72271878844034,-2.3728465550852804,-15.52299821978782,3.0
-21.325392844972274,4.680231918344672,-0.9490255876543057,-19.045430619619555,3.0
-4.122604488120119,3.2350130568445286,2.5754516073279783,-15.24278134382133,3.0
-7.607568966564442,12.389118561705038,3.0454711821088276,-15.098740794549473,3.0
-4.823252505896371,15.440318881733901,-0.5703566138379785,-16.137085170101216,3.0
-2.408457072009978,19.464970201719286,-1.583777731265029,-12.364132593292233,3.0
-8.10243837568209,14.777876643014402,-2.8833530796260103,-11.587517642449155,3.0
-6.683407670707684,8.59090426318726,1.9461499715764432,-21.428488940317212,3.0
2.183572086185317,10.325086090486787,1.6414874302114024,-18.94991716374529,3.0
-2.148789493962086,8.866318191504245,0.13911885281480002,-19.632818042718153,3.0
-0.4351261912822182,13.017362714085147,0.16489466902828998,-24.618032308476337,3.0
-2.010639822000414,14.362066588750736,2.540174454197486,-24.581903567391315,3.0
16.117557191416054,-0.43274674027865373,10.383829816415151,-14.335204779223435,2.0
15.606401561616645,-0.3847478067332659,18.495903576778232,4.87305853678501,2.0
16.13889122114264,-6.999517858625689,8.742811376258071,-9.851494827653681,2.0
16.352825416085988,-10.827225585044062,-4.405824756927142,-11.262055762814803,2.0
16.27193268377206,1.677565435078181,0.392579004809245,-19.062950235692842,2.0
18.885631614467982,4.0017969886412015,5.303421945375479,-8.479075316635125,2.0
18.561571912588434,-0.1762551437981683,12.579464608651268,-16.63023039850064,2.0
15.632282591224682,3.3544091254551085,4.307338299290679,-22.623254865712465,2.0
14.716737451627733,1.9487220370317984,1.682464708079043,-26.056690179683137,2.0
18.57568637153496,-4.472297202284313,5.314413233857283,-15.101268951105624,2.0
16.77460137293102,-7.057343872151295,-0.8470805092623621,-20.687906430096362,2.0
17.747334782342904,-2.7013003292662465,18.47194651090897,-20.331598071348136,2.0
18.531007689470634,-2.15537850777653,6.962923282476742,-18.804739673361563,2.0
20.874682801993497,-1.560342471330209,0.8997229679502974,-21.010850479736384,2.0
18.8080643717073,2.6670537049840934,2.480294674220455,-32.966054331735194,2.0
19.507161021546878,-1.561965764793652,2.071011740661829,-4.392838671757472,2.0
13.545564459019705,-13.634998439523562,1.9639120591113595,-15.700123315243136,2.0
16.403845781236345,-6.338879588186783,11.1876897463099,4.817637271257546,2.0
16.640223163567622,0.8230787540694929,3.684200249983035,4.655506856942392,2.0
19.12558932314845,2.112487257280175,10.546213454335115,4.8360211637891855,2.0
15.386943064137053,14.022006991073704,5.213893876187951,-11.353789839544566,2.0
17.78693200446992,5.94522222286859,2.781992047209456,-20.904171015942737,2.0
15.593776690253554,-4.39112764903706,-0.3148998796790181,-3.2424661616878354,2.0
20.208550236805994,1.1928837498013254,5.339204440635769,-8.508947915142898,2.0
16.585566534722833,-2.5074240658792895,10.275812824424268,-34.86913715492764,2.0
13.182789227675212,-8.346734717217165,6.652591713967995,-13.295283890773135,2.0
16.525380367804125,-6.124997502136132,7.558169697683681,-13.179514129335573,2.0
17.523408815886363,4.07418879766574,9.21401226717286,-27.001869765323455,2.0
17.89551601033145,-8.849031681613036,2.152264538469356,-24.488102188159793,2.0
14.896987733787942,-6.8530976576866065,3.74677321070737,-18.05910548671438,2.0
13.550159841238727,6.1354478420955125,3.5714030560952503,-11.507593257406427,2.0
11.27755688559013,13.55721889412738,-3.8798803034626888,-3.510599779768423,2.0
12.212005352899283,4.909038207572048,0.8370941547531343,-16.101529137184947,2.0
11.569810724537382,11.74797009179434,-8.930509387039839,-17.070728055311,2.0
10.998937022924666,-0.7248679170539369,-4.662194490656426,-31.51638185567846,2.0
10.058421939688749,2.190154562438162,-3.1808027410342454,-29.681041173508486,2.0
11.967299147266548,2.775147078797539,-0.9498693882252098,-37.82938034698509,2.0
16.275984128100156,9.530567975001865,1.6823966861589144,-30.758905287877354,2.0
14.35588852164278,11.654568216480445,6.804556738245788,-27.233908799133417,2.0
14.702862229687248,16.106997611900255,14.043295773380956,-13.07408086841907,2.0
15.659739144030018,2.6852033410279676,7.07634023269232,-42.837658281881026,2.0
15.937024300858084,1.5789862154260652,10.531773064737298,-34.40983875958083,2.0
18.07981778838966,-0.46650702804055244,0.8169795530155675,-7.772479429518144,2.0
16.56936021840167,1.1579907148569057,3.0803918665729997,-28.76784199166641,2.0
14.246041382532004,-12.64909042252822,1.4068358338208187,-40.558280852070844,2.0
10.846857898998739,-12.01364635873827,7.058544424931256,-48.43415265405328,2.0
12.922591438754193,-5.902606410727219,9.835370486656494,-30.105027950291635,2.0
15.228395780440097,-8.73821113178094,9.885526526059518,-14.854806037896452,2.0
12.372423248126122,-6.447083374549933,-5.453273942509915,-14.921106721539266,2.0
14.502271887103614,-5.2257642803946895,-0.17999725514486453,-28.74466226718401,2.0
15.207543102724317,-7.53052478453644,8.86892070293367,-15.168997319844836,2.0
17.32992597508298,-7.023133395935007,1.2950255464978053,-8.543698382923603,2.0
16.629787994309492,-7.428424802549564,-3.0528571926058095,-35.944636817347465,2.0
17.698110729201613,-2.154384571513238,2.7771253906267552,-26.74034350012422,2.0
14.591546234460633,-9.533008127440883,0.3000536973842678,-12.881836654200976,2.0
14.18225984812215,-2.1908134449902295,3.882867256409343,-22.30870778193225,2.0
18.34059379270892,0.6918926126057627,-2.5429485739574034,-16.60436619824484,2.0
17.421596231681544,-8.71820635646127,4.734406948357372,-14.657878580987802,2.0
18.494445308543053,6.314172188075918,2.827915850441279,10.158159070489033,2.0
16.624276313566998,1.8182839031412648,4.927719828691893,6.997830650192274,2.0
16.796008420972452,3.9969082429773835,10.089715151234888,-7.093265623903269,2.0
14.163181789085428,1.5409087059555362,11.65380669825348,2.861751772124123,2.0
15.804123797509035,0.7293994129506789,14.127424049785638,-2.3533287939557095,2.0
10.626908743245547,3.94456328478939,13.170586472324944,-2.622837320030971,2.0
14.709653026356676,1.57294462552171,17.43184125922353,-17.583809819698303,2.0
17.607598346759612,-7.3153458378524725,14.60759303461203,-24.95769761488929,2.0
18.013733132699688,-0.09609711316388836,7.279230686867238,-43.46511955369915,2.0
15.420401705201918,6.831990292248719,14.837044062666743,-37.32944947712349,2.0
17.01071791959141,-1.8765098402213451,16.634977253251975,-19.034677727449886,2.0
18.637781318439107,2.318498839449288,15.009751904970727,-11.52468666745045,2.0
16.977356611526226,3.980804175887291,1.5026261518431636,-19.775122011161642,2.0
14.46103868231608,5.133125790563712,0.9230622524395331,-26.37255861876727,2.0
17.510777155316482,1.4005382602579117,2.89326929186483,-21.095231596728148,2.0
19.51993635661041,2.663516832086583,5.275169754933086,-21.156374063896404,2.0
16.54698269167037,8.94037317508285,3.4138776330037226,-38.437220902768125,2.0
13.852185095720953,8.03333113047017,-2.540628849507963,-32.5791883880925,2.0
10.072274870312341,6.572638188640395,2.1622881221307924,-16.34445875466834,2.0
9.513621736883946,0.3952817740954475,5.47556273669979,-8.542761795709984,2.0
17.371270219182563,6.653972829793059,-1.0866490058200817,-8.748705532372075,2.0
16.00788789393814,11.8952433674659,6.965919423347034,-13.042001134657102,2.0
15.134272450455782,4.400861751457622,3.34896200638601,-19.75528435673514,2.0
15.123077749505484,4.618406930728713,3.1235946686073337,-23.212496942198314,2.0
16.126907338195437,6.774226844664646,2.3828558050007738,-10.118968592647802,2.0
13.576221613328876,19.008863640865325,1.2452853010752216,-25.983856286679163,2.0
13.4926950764413,10.687606693119236,7.341146524491425,-39.05147809089254,2.0
13.331254292392675,8.307150398412977,7.560915464877679,-20.422440568374505,2.0
14.893321559091357,3.067827162861878,9.200635239639588,-18.988665491318393,2.0
18.253775157807645,10.945102419038752,15.587672019415248,-19.70573885859316,2.0
20.316417683915276,7.937212375232386,12.667055397209287,-13.84220895607887,2.0
19.737988356586822,2.5092288654853143,13.8888987799176,-16.221248881150323,2.0
17.361749992468944,-4.337128872136153,13.7416026485403,-5.592136532414411,2.0
18.966485365640835,6.1227705734032405,9.475701473499047,-18.812834621211472,2.0
17.25207977465493,17.575394238039696,2.785459840347927,-22.549390433419294,2.0
15.012724640893872,9.3119429630063,4.38765279767418,0.8289187575504329,2.0
13.291731506307684,1.9400415712325234,10.757855918095698,-9.474046467452453,2.0
15.461289296398835,-19.611115158977295,5.679081230611456,-13.041254933515237,2.0
13.975984533101615,-5.434116871596421,6.7184334992887695,-19.201681559671172,2.0
15.212964102626056,1.6156004914811828,8.83474849569661,-0.3852652549612694,2.0
16.43379935478508,-0.7709576657447332,7.951091680030194,-9.2171314952259,2.0
20.09722380952444,5.97294419264968,8.21251857716365,-26.032195537371173,2.0
16.38148646464941,6.087682746795256,2.795920302230439,-16.60471058372666,2.0
16.46373236671934,0.30142109185235455,1.912813092237219,-10.666346224235403,2.0
11.087351120738017,-1.2559502472005664,-5.156215737171692,5.4327513806626175,2.0
9.787252117253683,6.041366027532535,-4.21579533584811,-2.8287510161237437,2.0
11.889617839777383,4.234933798058801,-0.4519273194304727,-9.531446278943534,2.0
12.234133536857183,-3.866704644484919,8.108114720279556,-9.5006292006309,2.0
12.483760002225559,-7.2262431351610505,-0.8900908514860042,-22.27054200797236,2.0
11.97560264982765,-5.073415786098351,-4.47079192437956,-22.517217942254966,2.0
13.659638646739229,-0.023351244267356464,-2.4849904965873932,-32.854288975229196,2.0
18.248511712491688,-0.5774814929976602,4.32853411732507,-18.917571486848665,2.0
16.64458973828436,-0.05352028517988039,-4.192935410812109,-13.441338000085885,2.0
14.358589209197163,4.537367756632936,-1.1868064223006587,-7.8700963946041895,2.0
13.72177739774988,6.031496053197324,-0.20012600139914571,-27.36955516160959,2.0
12.615542705235967,14.83716894346839,6.004126850911604,-10.901589572928224,2.0
12.39691490114537,15.129153799495652,8.971145629793629,-1.4438992447192032,2.0
15.463358932192502,6.590347470306638,6.515881188892118,-18.639925542977814,2.0
15.94822965764841,-6.886760868619633,-3.052144447711111,-20.978041972220296,2.0
15.608302244398399,7.681279060179065,-2.0469172822092667,-22.59997012162376,2.0
18.093786578747682,13.670381315428285,9.026644159495973,-18.515363724894655,2.0
16.789113966860604,7.4087543695845435,4.639742061077427,-12.58089192758802,2.0
17.119162666527743,8.622252541191429,1.0150710294729377,-2.1518673212843478,2.0
15.848763600353792,1.2315153357338593,14.868188452330667,3.6362513302392365,2.0
11.951460709897928,-0.5238163925918973,11.001408434429255,-1.0929809856325559,2.0
15.973510595127298,-2.3121132974521625,4.878964522719779,4.627551373656269,2.0
17.206953718243255,10.665511780017393,7.299690010512153,-15.630685050651302,2.0
18.60597819458218,-3.301542753092647,7.5175269090816315,-20.195129671943555,2.0
14.670538394726528,0.8376359535533187,4.6765043706554135,-20.35908859213418,2.0
14.23676921498299,-0.15638161700641895,2.6075490018869134,-13.594369625158517,2.0
15.58544710940044,7.613202508386554,7.352480382331811,-14.68398299446812,2.0
14.90961084025974,11.629870870841804,-0.29618217984716066,-16.338722562883987,2.0
16.0488206917868,3.8763318845693826,7.673224641040376,-14.074041798601073,2.0
20.403438230234045,3.2458025290303034,8.257464057695179,-17.777539518425666,2.0
15.304678934640608,10.99034878909752,15.355374800238152,-8.784043535770222,2.0
17.025355841453287,19.132687088211835,13.1150784147672,1.5892212908454724,2.0
14.870293365595117,9.015960903019407,6.135553666057106,0.8007650118544909,2.0
11.439190332198134,13.659748178984223,2.53302486263427,-1.7470857268333813,2.0
16.025368137894525,11.349386964471112,1.60715320365426,15.33696624732286,2.0
15.394182150869229,7.951202004087475,7.75167631032667,-0.24164218678022564,2.0
16.19508322780949,-1.113508504173872,3.4693659385730298,7.883298741344278,2.0
17.394689301465007,-11.957716809059695,4.1480249772340505,-4.74393985322105,2.0
18.781130472812897,-0.7731478314863387,5.47017419993079,-11.946075587588554,2.0
20.607798568073655,0.6057547582608902,-3.5618240248807616,3.61616697512434,2.0
18.613569935194985,7.051408755370425,4.8099021128577535,-1.974817962032235,2.0
21.222652613930897,7.130809049125538,8.655354411580367,-11.0940153815107,2.0
16.791724350161676,7.1537213306270955,5.9764264709343875,-8.88961052463274,2.0
13.284087239859637,5.1778027817680465,12.235699896695827,-25.53600813365867,2.0
13.41015447057934,12.06661139535438,13.48223822098847,-23.37094810515661,2.0
16.212910729924342,-0.28660455734516677,2.5671572792871604,-19.445639955485426,2.0
14.230877232337937,8.071791255194821,-4.858894410873258,-26.367875465985456,2.0
13.043885191375173,7.977952450733155,-4.748485618328557,-19.388567304254675,2.0
11.2957323825656,9.120788877945419,-3.363659042056616,-20.47159742182607,2.0
15.245313738793255,-1.893581715170698,-5.703412184284781,-36.651693233203105,2.0
14.740841259489365,9.469383023598247,10.810186953002322,-34.58512067239909,2.0
16.779471524002414,1.459899700136245,7.258415582714695,-24.991942508764723,2.0
17.563672765334466,2.783762953180687,9.418227326411756,-13.720652358083695,2.0
19.75974379996904,8.560385582062974,5.691779901732092,-19.75277145103258,2.0
16.093074928974918,4.536482691948299,1.306798596565423,-10.23331504639977,2.0
16.97001009280888,3.927764800780861,2.6284520770819126,-27.234204670959546,2.0
13.951584880363328,1.273240235358837,0.08567619711273355,-2.6420080287651686,2.0
17.918523741638293,-1.7694210500354737,4.014109152398127,-9.990844922935718,2.0
15.396835814769174,-5.599770482849589,13.993120907611253,-12.316988735289968,2.0
14.07831730754158,-0.41221971228251686,14.36966644940568,-5.923174816244799,2.0
11.594769840198309,-2.5812655497190926,12.609186412900746,-5.8600183961671135,2.0
12.327042467687509,-6.332429378667307,13.571071151702146,-19.21288817085329,2.0
10.826369839047565,4.914637603430371,4.8574386503812015,-22.43024243343318,2.0
12.878143639863278,-3.9415932319464133,3.0164341815100695,-14.955893869239686,2.0
12.714766586494203,-1.0442702498505945,6.95842469485053,-15.130521321990805,2.0
12.722355757723594,1.2230314521390808,2.1510165067644724,-12.006595740822675,2.0
11.267237565990468,3.6210601359236363,-1.9732479744489195,-7.090782738549278,2.0
14.59515178789321,0.7355399329105499,0.1368504867986795,-18.872425207778488,2.0
13.881135505629164,10.510611296520834,3.4189276520168823,-10.338977784946199,2.0
18.375257327201616,5.164835882416443,2.88557848348297,-27.93562177913129,2.0
17.322940657818044,0.53505527346675,9.615712988449708,-32.16082594586583,2.0
15.056880545856604,-4.711428136561571,6.606619254613312,-32.02323099626147,2.0
14.88865733484507,1.241320487691725,11.089542331192241,-33.81748944251305,2.0
17.42306743027147,5.719352580975391,7.565872777319676,-16.857555908386008,2.0
16.505032388602164,9.319287099949445,11.074137576636264,-37.80317719156751,2.0
15.218000106264212,8.440666820101947,6.26726735156899,-35.51513151777293,2.0
14.487859941288743,10.184729565092953,7.137461851013172,-28.433793537923417,2.0
15.517660193549979,4.623786291364342,-0.4988698383873764,-22.477966311417788,2.0
16.832644937234143,8.573828751839274,-6.565090737272385,-9.197493165219829,2.0
19.179274367635497,-7.018898143163953,-7.772225408495892,-14.362248303274676,2.0
19.583031389671675,0.7860454113521671,2.942807038018472,-7.418196303168214,2.0
15.007613082272591,-0.17302602354782692,2.292616846326437,3.4402922398317806,2.0
17.49298792053607,-3.796984033417636,1.5644871912824803,2.0124519027657755,2.0
13.57835580086009,2.972473328908369,6.762296602740227,-3.2292059468231997,2.0
17.271724665217743,8.09432531157838,2.4356028076552887,-14.877269080034614,2.0
13.323985905803742,4.68539076303122,2.268024066733143,-28.332729522645423,2.0
13.250770742561249,0.8655350834010083,-0.21600224780049082,-10.937118318738117,2.0
16.060904491013993,4.33066683361784,7.225600719127149,-21.381507243143123,2.0
13.63057266563041,-0.4670392061484172,-3.263422329356837,-26.519578743397375,2.0
12.933390243540185,-0.0678876093565901,-2.2919538657667893,-34.398295319938214,2.0
17.39755980810454,8.191791750708099,5.6928804793475285,-26.146228336545626,2.0
16.81462225916252,3.3624232593646184,3.7958543509785354,-30.210056140103877,2.0
14.730953561783771,-3.302845841182007,6.417071625046733,-14.840855697498208,2.0
14.76504203291033,3.6083216664634246,6.21030656254397,-22.97088443135263,2.0
19.25802707958484,7.6906708193104,5.516439417445996,-24.393843493662292,2.0
14.78811541562169,9.779456631439151,10.779910660820612,-21.96497350339245,2.0
11.630232308766587,12.734439242900043,-8.003675050486837,-27.581381144697442,2.0
13.791460464095783,16.24131385819127,-3.8219633397419246,-2.9996099896501818,2.0
15.94778399157909,6.913423165363371,-0.9296502603825632,-31.766173461376738,2.0
17.975940461236217,6.761997975768699,3.4120712807123494,-26.100922902732933,2.0
18.048729140366945,12.176172183819713,13.100549300890377,-11.62024915709288,2.0
16.234356256636786,4.709970475033833,14.729295361417831,-25.817215167891607,2.0
17.081690132350403,-7.359495603042059,14.090316980751467,-22.5484125085576,2.0
17.840280483274483,-1.718630098818248,7.650163902587832,-16.567292416794803,2.0
13.626373842902309,10.420224752665234,8.22939938434673,-7.536324484809224,2.0
15.538257126059595,7.340919017013627,2.912120565414199,-12.640881828738797,2.0
15.991059777274465,7.761670680292059,4.285386606009878,2.837044372866126,2.0
15.739292500212718,0.6317318406347794,5.895704286163202,-22.178016578947247,2.0
15.51169610561863,-3.4409357122803463,1.8201712921349085,-28.03062777933282,2.0
14.494623679267532,0.4080026115317512,10.476002822791703,-23.995141934986194,2.0
17.061867580637823,7.234258480885288,13.639631785942385,-43.80242021286992,2.0
19.061795931194144,3.7350207064388465,9.316616332705589,-22.425447040029063,2.0
13.025231135551905,-2.1881358790958645,14.079434028064233,-13.62359348537063,2.0
15.424790438540589,3.9605657300653663,5.322038119433175,-6.406229683044249,2.0
18.4042528697397,2.809694094767679,15.646285099960362,0.13027486316550707,2.0
15.75076938931295,-2.021011682555095,13.968084056809175,-21.05543108447529,2.0
15.940726987601595,4.638826730655057,19.067505759433644,-25.61468995334225,2.0
17.245357198024603,-1.1929836471406894,0.7575257065116352,-16.232293882168264,2.0
14.668228777229487,5.731219046557263,4.422426182369948,-18.490043542363757,2.0
9.042614092249988,6.933201254024556,6.843869251438416,-10.204835976123256,2.0
14.352439892954859,-3.951202832180605,1.6407736529226984,-23.95164130600933,2.0
17.735452535577007,2.792186455162856,6.997683342574466,-20.130576271124145,2.0
14.762625923448592,1.8507873899152254,9.501734034432044,-10.684464876016051,2.0
14.328755063845724,-0.08913898927569464,9.009761030973316,-16.10937359457906,2.0
19.32119406423688,-4.989413467428459,-1.0152839950848582,-12.213909545981307,2.0
24.785438773180893,-9.54197746409368,15.551260520492464,-34.84226623405471,2.0
21.233273259748497,-7.8391097259477736,9.119239296647509,-28.372587390826475,2.0
20.6494117229113,-11.638724229225186,9.56568729127542,-15.874180924217335,2.0
21.965714439952976,5.506349035187624,1.287277604964478,-6.600574906006813,2.0
18.194220972737817,-6.3432681579067935,0.8476792096557215,-7.1655253751387145,2.0
12.318594544774525,-2.2160473317019393,10.640263072401085,1.3159304824516127,2.0
13.097998969586698,-1.900538345529415,10.657647629962709,-12.872105277088764,2.0
10.616016210154946,6.668704863084672,8.159401301093428,-12.840848465914446,2.0
14.700661246720706,2.480839435788671,9.733254117516566,-5.26718933966374,2.0
14.0293165081516,9.328937814054946,10.335554777955632,-4.600079110894956,2.0
15.873840860971244,2.699607555734275,7.6088364477174,-28.62485385600548,2.0
14.758062028312407,3.6255065201215633,9.344343190901293,-18.27919772689691,2.0
15.07529426006003,-3.651627575554903,5.398910480729262,-29.398507286080395,2.0
18.099737369306503,-9.328499471624458,-1.4390498990671006,-22.198314722086558,2.0
15.3606136538324,-3.6150934513328643,-1.955659524752237,-18.66114475774263,2.0
15.359487338115763,-5.824728797971359,-1.9955978158479173,-22.794649697571707,2.0
10.72000678046358,7.401698592327348,2.6172934036049256,-34.473088029346314,2.0
15.830747482564524,5.75931997554534,4.369379476052144,-27.180914343337392,2.0
16.14515660383175,1.1711292163868132,3.184836139870221,-25.081353243660494,2.0
14.362726975563278,9.26262537861132,8.745124130861923,-20.095007928649586,2.0
14.482078003496154,12.472489236418717,5.319143283350104,-21.376190491149114,2.0
18.10210073592672,14.3760561418536,8.51781752487549,-17.161149439628897,2.0
20.225388639618483,8.795997170577836,8.695161701663302,-14.785563731275932,2.0
17.919584877322006,3.928809485783517,4.939313953482275,-19.64663910657962,2.0
20.38729571524284,-2.4115523565126846,2.26850122236866,-15.247047905407008,2.0
17.73228795858401,1.9691412427627424,10.513374907493372,-13.84387461235323,2.0
17.134524292541798,-6.058916399105964,14.505623177168532,-6.416294442085778,2.0
14.07987864786383,-2.449767702453492,5.533332683534678,-24.79463310853805,2.0
15.551486129344475,-9.632344015954514,9.69782413910618,-27.226919494707275,2.0
11.491631823946486,-1.6637782080913812,13.412311203251612,-25.119474737518452,2.0
15.883869485683068,-3.78432652756634,12.761557630979423,-35.66469664861983,2.0
13.024178726947476,2.8345560677007904,10.045572958994034,-22.375657069745895,2.0
12.177296840004647,-10.49918006970927,-2.6083861803237935,-21.30656313568978,2.0
17.545498682978014,3.9258673979978385,-2.5146059412051756,-23.398703387797962,2.0
15.91430618262954,-4.451699009962479,12.741906779879452,-33.31388720494519,2.0
11.977778478417388,3.1687312872405817,3.363588079074611,-19.259100277308793,2.0
12.470474210595786,10.002728980386733,10.980574810633435,-18.57950862213425,2.0
12.22314694626605,-2.430133030745267,14.562918045207828,-30.36936235290226,2.0
13.011027257327566,-3.296252964848337,20.12195019529316,-27.154863382035916,2.0
13.476178039457693,2.5384828627566263,10.82314133714241,-17.69252170789626,2.0
14.659226848751683,4.790199496407925,13.39923108175881,-8.007242293004287,2.0
14.053675725806531,-4.713937258457317,7.306209507107299,13.956722062247138,2.0
16.121504687301325,-12.94749086281719,9.060427565243762,0.4059344458967571,2.0
16.06665319240143,-12.152550737450266,15.03532123576314,-3.888933486696155,2.0
15.377273704742294,-10.28100611273346,11.730030336918068,-2.2828458212045675,2.0
16.092474456485245,-3.046832140030422,8.026231957292122,-12.452753222144215,2.0
19.38248950846554,3.542690414331755,13.972588832233802,-23.776479749247194,2.0
17.416769182273097,-0.5626088606905757,5.6823504608387525,-11.619417349208316,2.0
20.27495982416037,-0.7711137444457679,7.264318659572132,-3.4190195884255283,2.0
15.136998499912044,11.815294800237172,11.817388497412562,-3.6237617296507882,2.0
15.734668631915774,8.065912106107147,9.490010153397126,-8.57616833869012,2.0
11.990661975378336,-0.7246951624107139,9.017722393612358,-6.519533775767342,2.0
12.968793471978074,-0.5380325817268758,8.994468405018871,-14.70946207560834,2.0
15.971915112050956,-0.9446972222376548,8.534496691074065,-7.609238487884532,2.0
15.889633064703931,-6.772839747561443,8.439073887017788,7.673786417918059,2.0
14.324278287782537,-4.576502804070275,10.88010633746859,-12.104392326742015,2.0
17.071348584269952,-1.4226715483242096,16.3979009564878,-9.580229617482257,2.0
19.67074147303779,0.14836423892989514,6.658705632276256,-5.85021123088937,2.0
17.407987186056555,20.477556942355697,10.320203624268586,10.861524565680849,2.0
10.773848613587361,-3.3055761006482114,8.182018111106444,8.77574119963332,2.0
16.212298117725993,-2.3843881016858717,13.447440221295135,-16.679368239586232,2.0
14.367819413981781,-4.067280545520208,6.092006487117198,-14.537411461095468,2.0
18.209768903148706,-3.9718924199391306,10.083926476369152,-28.802025053970997,2.0
14.879273208957178,3.7598451812089424,6.970749249625529,-15.23067719989081,2.0
15.354826713612754,4.3116520848718,6.845161331958613,-22.46616938938116,2.0
15.494878852200433,-5.805114536733038,12.726600837257056,-16.027601165658062,2.0
14.270582746063841,-8.922530013958092,12.02807116902327,-20.911519502162562,2.0
17.594334349522384,-5.547307770324928,6.340377949577492,-18.828774289525548,2.0
14.969975143238228,-5.772826281891604,8.12887099730243,-17.93594884349668,2.0
18.04892209507556,4.049309637121181,3.2296740613196464,-19.02698888095829,2.0
13.097437684788634,5.277841737462599,4.410512383015595,-19.103926964281143,2.0
13.550133569037621,2.18662711693924,1.2756462055389433,-11.502391732231361,2.0
16.273417287430494,-5.531657107617009,15.323424108783822,-8.790021908575957,2.0
16.1461530933029,-5.77326123024473,13.483629536343283,-9.95766414358436,2.0
17.660873611906084,-4.593738938089347,6.637877109855629,-17.01050879454988,2.0
18.97349800980526,11.261587709872163,8.005722752232874,-10.3677786624172,2.0
18.26831154634041,7.105321733676405,7.9702779673938835,-18.076616794593782,2.0
16.01659180967222,8.757030658931637,3.5868934513869943,-27.601156423355295,2.0
14.212766612591416,4.067285147101781,0.21403177651100957,-25.91678131058306,2.0
16.169147154992,13.88846574043226,4.071265268294807,-17.36044561125537,2.0
17.84226259930921,3.594469270651561,10.765788268499833,-15.581882322812595,2.0
15.87371100049009,0.46910151629089913,9.868308652558952,-16.711937722905493,2.0
16.027491454355946,-0.05795470895222721,7.468460521658138,-29.36753926072526,2.0
14.459661096711882,2.377275480895859,5.640851533353837,-35.81836668635247,2.0
15.450078037360807,2.34985450111104,5.389002799136788,-23.410780728889748,2.0
14.12536830920575,1.6255066188148173,6.347160547824401,-13.492817088957684,2.0
15.974639443706462,4.859595613896432,10.969295221467586,-29.57045819175874,2.0
14.452182231262402,11.361835506315966,6.1031408377574685,-16.66090711062648,2.0
18.25247305429132,7.183664430256066,11.613899322801318,-8.280366332517405,2.0
16.637678550786536,7.252489205110542,9.154603157225074,-8.693524915483534,2.0
14.834754325519176,4.0057737485136355,4.646473038030905,-1.7895214422693222,2.0
18.28410203683902,-0.9940129404270759,6.647641846738658,-30.60598734887705,2.0
16.45072362865534,1.6951565544635387,5.070089503560223,-28.45870152727955,2.0
14.484560821892519,0.7552466543326242,12.652978053388662,-37.40133566949116,2.0
12.824721601272008,-6.793375787170382,19.945531221156948,-23.47893739815165,2.0
12.161258689443192,-2.3647735525233453,17.286830971406722,-13.4010674177329,2.0
18.906420269202933,5.949263310791854,10.96145771584153,-28.59149852383485,2.0
20.60240135775191,0.987682255329315,6.6913003016478125,-31.099958984408495,2.0
21.89962653650811,-4.6952146766118785,1.5336174559300275,-34.28441643670756,2.0
17.58987987048437,-9.648866428123316,-2.212862180435976,-13.90875666651139,2.0
15.742204650625135,-7.87600751125747,-0.0791313343541793,-18.097572313043546,2.0
16.21118745646754,-10.96383860072517,3.742337205580071,-30.123777512919172,2.0
16.078546830557986,-7.065683035348288,14.262512940100814,5.719329559286429,2.0
10.18028948142339,-4.05103324002843,5.737807493170311,-13.288083199188213,2.0
11.13935607631863,1.9373133527760809,18.420929329623373,-20.487051907402616,2.0
12.499154184900178,-0.7054305731463568,9.577844145044253,-3.824880536067445,2.0
16.972991205345185,-2.914389901365338,6.162041591729238,-18.066425264589505,2.0
16.050595258222458,3.189750805947606,5.651807370532108,-25.4271127623978,2.0
14.571142674213519,4.569197024487613,5.60727996170758,-27.283514162846096,2.0
13.64649892961676,4.767643192594213,11.416765477828854,-56.09219106399891,2.0
14.871979967226126,7.469803241047028,3.1271139137551467,-42.095723992211425,2.0
17.50338965253337,-3.3027926775501646,5.3375250177064455,-24.166826658980703,2.0
15.096935535991234,2.7608749606962624,2.2666892481879266,-3.0543454644175725,2.0
16.32579713993756,2.3427367580111493,5.6553048423483485,-18.358597967872306,2.0
19.265107391332485,8.634258858114217,13.729585675818026,-18.03117361215592,2.0
21.552692680491848,8.288910772181968,5.449162349280854,-22.784091646648356,2.0
18.236585204426763,8.563869299797537,9.816782137947909,-22.110854010161468,2.0
16.239280511039464,0.18568263479141223,9.74385172614386,-10.352905574878342,2.0
17.10660824678417,-0.43622745240497274,15.099079534154797,-13.539032421464645,2.0
14.095344329863705,2.6254228628154945,8.075709427260355,-13.574804616795628,2.0
17.593757263407394,-2.6669511899664444,9.186563552547467,-10.785286296235455,2.0
21.16344397219774,4.175125872580034,5.073358980827562,12.570752725359082,2.0
20.629078229597145,5.116553624730096,3.1355486291281833,-2.7190073791803417,2.0
23.146020263501576,3.215565295981334,-0.3946613007407471,-13.589049481287965,2.0
20.62809158090081,7.415053428555957,6.032832268688299,-6.679797391032283,2.0
17.845449811211562,2.891929666966247,-3.3577967841165615,-7.284852889371791,2.0
18.14536484026735,-6.7414685968825045,4.154470744711759,-16.221633647579722,2.0
14.388197983857319,-2.8199192125419152,16.78641498208029,-35.75974154459135,2.0
14.23769525526342,-3.097965853537765,14.71073060303229,-12.303116669352022,2.0
18.67166936912806,0.24905483059513678,10.124308006199172,7.078044923757339,2.0
19.090844941285113,0.8188092445942781,7.134755846907471,-8.608876258988776,2.0
15.36913521734489,4.347506453389068,9.139013382140856,-3.925720892711608,2.0
17.88586152121465,-0.14102896728808378,15.747984256632735,-5.458264977328229,2.0
17.9352130611268,-2.1756994424332037,13.209765444938139,-24.347738934852355,2.0
14.248755668387577,-2.8861363788689607,5.3682715709475755,-0.7805885743007259,2.0
16.031492559589253,-2.7227332181435218,-1.282978120156101,-30.58957815934954,2.0
14.780729927187117,3.571231268009524,8.357258943930749,-29.68754350162201,2.0
14.872028676223014,9.578679694590425,8.522220319521596,-26.78728189374513,2.0
14.099302470754438,4.73137111274247,6.699136249810748,-23.742087676620034,2.0
14.590385668846917,-0.16776983025574044,11.417391555616947,-25.43982310868188,2.0
14.248186248505675,-7.9984460708865885,6.288280793773375,-18.783930968957083,2.0
17.14689987445423,-3.4894115113338264,2.9888659560323125,-24.698442507303803,2.0
12.458344488571187,6.2269546054239795,10.849146455292724,-29.848987307745237,2.0
15.088478873955395,-6.690318263348906,13.819284239936376,-7.971240786106571,2.0
16.771187625407222,-0.8822365155922365,12.195493523475541,4.380375946652384,2.0
16.78990422639254,-3.1320521102685985,19.04931809033294,-5.314833718168334,2.0
17.005815740076052,-6.16087004160625,11.338045644640555,-4.597496174321497,2.0
12.573956154061436,16.52152489325121,4.1248283599447495,-15.59906536582767,2.0
15.908705450602517,6.560581584294009,2.323301339782698,-15.504274357974237,2.0
17.34519385149898,10.106117197650086,10.489571663012834,-7.129472023572045,2.0
17.172405391856792,9.721312837056713,14.851740852604214,-10.806104023521783,2.0
15.25049119095644,4.669826662729044,10.607330181210932,-32.487112043381934,2.0
18.23886704238054,-4.680166225722342,5.345218148887793,-25.528881569144957,2.0
19.533359364199644,0.17882823614627164,7.364694159769327,-18.399872186817575,2.0
21.29558621200522,-12.99883919235636,2.298128667251884,-12.007500992479319,2.0
14.141321979599795,-2.818409007496002,5.837155427924033,-17.979941019952122,2.0
16.03795617671824,-1.410667540145818,2.591114578189614,-10.372081374433218,2.0
18.825700992905332,1.759774061621055,12.912091284878475,-8.179220410196987,2.0
13.214495739560423,9.69772569886679,1.680278981516996,-26.27910003861859,2.0
19.99996775312193,7.439671881614576,7.573694520530486,-19.118093603298696,2.0
19.061435586242165,-5.0648898531332325,6.456441527446957,-38.08641318534428,2.0
15.316919929793912,2.9846437021279693,6.4800880990313345,-4.604370419569237,2.0
12.312880095918134,-0.5594984481688874,4.9770937400853255,-24.76198000726307,2.0
16.406748705930863,6.135069522874073,0.5544204663938377,-10.386381092900894,2.0
14.430049730320322,-1.6938574969799793,4.289998485030504,-13.825420573820246,2.0
14.94537860698843,4.214317970021395,3.9269295190995717,0.7336076672381573,2.0
13.11278189458276,4.900182700915991,7.669787810139242,-16.802933589259304,2.0
13.770917740408123,1.097978648296516,1.2580209872069732,-14.431882361582188,2.0
15.428796094799104,3.9399624249041376,4.7883562316676915,-17.35111529901916,2.0
17.442278870197633,3.4184112242906464,10.274809730349725,-15.257742221605412,2.0
16.692087321920905,-1.7646927268327084,7.207150932432587,-30.550476679749202,2.0
20.67202468617289,-3.833482690807875,8.480529535852996,-26.726655702566003,2.0
13.278583804533858,-5.40234952274832,14.748279076774864,-27.42802444250517,2.0
13.081851497218278,-5.549625214349143,0.48999883662340027,-22.284258626909548,2.0
12.96441732259356,-1.4453768894947268,12.630723385268812,0.11111820094070168,2.0
10.651483561118038,-8.74987843433449,15.78997002241882,-11.952126877643593,2.0
11.615440802000641,-2.597262880535326,9.226130903788983,-11.815863707737051,2.0
12.904905953894794,0.2427584840686694,10.445819749815612,-15.771272131851799,2.0
14.611236004555703,6.050655364352091,11.028167571783635,-23.81787833200281,2.0
16.70862291628824,13.048768462985041,16.740451082147786,-15.818534370682826,2.0
14.99871978059142,17.98245907542669,18.205226900095376,-22.555446955784085,2.0
16.707240439774864,14.471972982840214,10.091681688741481,-20.184594577427887,2.0
14.033210017998947,6.378332081206812,4.399367499136806,-5.121836244021969,2.0
15.183107057439646,-2.470842430959835,7.7592248779363615,-10.757721524659726,2.0
17.79045604696958,0.8499171151096752,3.301380020716577,-18.8395128925213,2.0
19.49169806341559,8.93380792326947,9.331452391679907,-14.336704173951532,2.0
15.083510070005925,-0.2539819811657089,8.453146480344124,-11.621535750098833,2.0
18.456467892965104,15.20947458500202,12.247377225863158,-5.883734621261233,2.0
18.613111349058894,7.022518094613833,6.98855842302363,-20.564699217560438,2.0
15.452178903860204,8.401446683179401,18.105358718518204,-19.938674735891414,2.0
17.943561456039387,3.7013479585097846,12.109186440141366,-25.611963335926728,2.0
17.719455262836984,0.26240108421468245,12.770155203932777,-20.194985769833398,2.0
15.808846651016943,-3.4320289910632393,9.309169955273141,-24.301976392919137,2.0
18.78761306702423,-4.99176623640527,9.192972286831552,-23.813508811695986,2.0
20.251813808351883,-3.4664487227606484,5.088845089924088,-17.571089248670138,2.0
13.705306160615164,1.5177631449289488,3.4095520677798867,-4.932968679002004,2.0
15.14770098008778,6.486389603646494,0.8258524465202957,-10.082297735719289,2.0
17.12121511132632,-1.2828348798772657,4.302752978312007,-20.469017985385445,2.0
15.096563369049452,2.7635448959062163,0.13921417088632637,-16.192332028946016,2.0
15.947730644222725,-0.0396520231100812,5.591990764865228,8.550782654902822,2.0
16.331723254348084,1.546804005161633,2.2771026982157494,-10.879860610039785,2.0
14.611876770697318,7.583482870111146,7.771812638908496,-21.59366635953434,2.0
15.027258923827505,3.7153098433224256,16.64741091509666,-4.396158369572181,2.0
13.68059643883288,1.9389950635264992,12.446215389609172,8.234542528903045,2.0
13.089826334374134,3.4406790895110237,12.711026837396215,19.48499291183424,2.0
12.968268927275075,10.792995697096538,12.463988374645776,-4.610666306600496,2.0
15.802015186646104,7.426905796773969,13.554284785909271,-2.5345058919292764,2.0
14.829774890161511,3.1300510982933085,16.49440562452059,-9.673805852646765,2.0
15.803502839670381,3.648029748475092,17.80420183925922,-11.916071369667758,2.0
15.874597711726889,-2.8164483441060075,11.522394143670638,-2.3582971619972657,2.0
17.753357228974508,5.481170124292678,13.519001252555164,-0.42949653651074016,2.0
13.507726855946348,7.9947185871620885,10.189392031250076,12.08778616513094,2.0
16.053353625269935,3.0017516997591285,10.885655376421278,-9.309933251478057,2.0
11.627886165110501,5.5925413131074935,2.2623498115942047,-10.83800863733395,2.0
16.353268633521765,0.6330523836892001,7.361406181232333,-17.06006395630232,2.0
13.577610257328129,-5.392457976111799,0.7004321866441141,-20.53831594854311,2.0
17.343605653149524,5.144000865369135,-1.9358734611896837,-10.084082563355887,2.0
20.580325012481858,12.245206055197201,-7.766466575536203,-16.73367769106767,2.0
17.518405048077053,9.30308044227424,-4.66051837926832,-7.301157574950057,2.0
17.516156291891605,6.7598090275630085,-4.717896377077471,-27.124591607262957,2.0
14.975051451017574,2.4573893526889448,-9.659376781604282,-31.999744696684704,2.0
14.531477161809267,-3.1479344548842487,-0.5667903154594351,-43.84053623936249,2.0
15.881279664211604,0.9787266528758116,-2.005037273321882,-29.049260253108244,2.0
16.966528528300053,4.616836613771174,0.7418522959435974,-7.350690320558386,2.0
14.608604195534504,9.8686836155575,-0.2672927280638562,-21.869824589952835,2.0
12.319785373800048,0.5743106536550351,6.039415080797576,-17.810124400521076,2.0
12.779356250102355,4.029222725085891,12.67315095295324,-16.536376159032574,2.0
18.572153676508044,5.524750701113548,11.57258741089237,-2.913721002071755,2.0
18.328067583763488,2.841995338568985,4.350728061496362,-1.901618826008022,2.0
15.524279500231746,-1.734530282822909,6.900754948514496,-7.852549199036923,2.0
14.359644165630794,5.072369667116584,3.262215186245406,-1.3015357140572386,2.0
18.202689451371608,10.672810905953822,-1.6145148673461875,-4.5974074538791125,2.0
16.549770533374915,1.5299397186879165,-4.480251590897523,-9.629196083001602,2.0
18.973073332907706,6.105751240446275,5.379957410335442,-14.429120533966895,2.0
15.41801345270674,2.2709232850233367,6.627933927310551,1.897739079515869,2.0
15.248654206046478,1.2603351165204044,2.43370796757044,1.945243819493081,2.0
12.82663139350582,-0.9001114098477176,-4.174578250085336,-7.789942034453002,2.0
16.02703322688154,1.7983886612856708,0.6060527887835789,-0.3430086525501075,2.0
15.306801212856495,7.362776889566753,-4.236815606855713,-13.50146522770413,2.0
20.882699244177758,3.883513837883126,3.2553256902265173,-13.984789258441937,2.0
17.316579717459053,7.530364605606344,-3.238282499890479,-11.042800270957938,2.0
20.987301939185862,7.503261272744357,5.461471410773213,-10.460084575666517,2.0
17.040762865046553,4.461958066339164,4.903526506439418,-12.216601560242793,2.0
17.653792548134486,3.3117856513442323,1.8305778759933997,-24.1278810591442,2.0
16.511684612767095,2.2645654063040803,-5.700698764433209,-34.19802379119044,2.0
16.451130743036995,0.012574973169374726,-4.929027486383296,-27.424031557828442,2.0
19.431255183958747,-0.12287701235284532,5.081110458986002,-28.276130978944025,2.0
17.5382941991759,0.7056295781375808,7.42783275779041,-13.823111658921663,2.0
19.25188468166928,4.55806568999048,7.9367863859412,-14.625142426588024,2.0
13.803582594764675,0.4749861316651147,5.402653589165698,-17.328472675555574,2.0
17.387182235219015,6.50728180798193,5.253658088455595,-13.57210423075117,2.0
17.834664041205585,-4.2711372002689405,7.131889677115545,-5.749558141372712,2.0
15.100454540932235,-7.2124013588302285,4.913331897403045,-28.28796408881076,2.0
13.232262889106623,-5.47061003759846,5.498932622527963,-31.844597153393426,2.0
15.416106504493982,0.360351267077184,13.49575417664407,-4.044368956662057,2.0
19.627099205370463,-1.664682788720458,12.004095619668986,7.4084997157779675,2.0
19.035393852415353,16.625138835371455,9.086134827375238,-18.092856273103262,2.0
16.264896081311683,5.730403534481786,5.149726237763387,-11.02062539434654,2.0
17.315821648155516,5.316490069058464,4.892548724975418,-15.324351769174193,2.0
15.163229923163499,6.870127452143839,3.7951684989315404,-29.335941716938763,2.0
12.061944613589867,12.54687551111099,-0.9734118175417046,-29.77821683956123,2.0
12.85022319903874,4.5456596958104125,2.0975165230847477,-20.865504247548927,2.0
16.60316268032222,8.430634358833423,13.36283334362546,-12.815017468410302,2.0
18.397094625701424,0.1680342436196769,10.398221128759511,-6.117178304094413,2.0
18.384807718572098,9.526736076924859,9.341060471659894,-16.827101084069223,2.0
17.29036795649007,6.0947187802980585,13.738228649138827,-20.135825094934393,2.0
21.68921234912048,8.170726184966025,15.872221986771056,-15.28465531992618,2.0
14.403613387353719,3.8326548700590415,8.133575579546145,-23.14132875461862,2.0
12.49211695383862,-1.4908931090454942,12.066085843944697,-18.845994558196658,2.0
15.689252398777299,-6.996672083144929,6.841955433936777,-25.882310456216985,2.0
10.618020135079131,-4.842445916235737,9.973384566464468,-14.55048410208544,2.0
12.496187558063578,0.7571364680541541,3.9153890528512796,-7.430393604168207,2.0
12.615410853863295,7.7569640779281706,11.572167848727883,-14.938684966089504,2.0
16.612566415191825,-1.853941798717238,9.694889484229588,-3.7501128956562115,2.0
16.338465122172803,-3.940940665221581,11.323166351108831,-14.517655136111596,2.0
18.07810734913008,11.092157767514703,14.218227807221664,-20.592437445025602,2.0
18.957423561580654,4.602460760546178,7.195244136333545,-14.825544870012202,2.0
20.35294652976376,0.7234272565375841,1.2590495153462093,-25.44900605764431,2.0
21.15550423979774,-2.4539558832664143,2.765296327853746,-13.64181591938528,2.0
16.69244316562324,0.11587518606611891,6.692216555038346,4.702767244596872,2.0
21.238621919761616,-4.1444747331023235,-0.24874844612733282,-16.160218866896926,2.0
15.540415079532625,1.002187899963987,-0.14347111162376303,-11.05327834396973,2.0
15.557690698000162,7.878274966784305,2.8141600509316023,-20.195387339426183,2.0
20.994273118434087,11.746888745904624,-0.006418857915441389,-10.167475920262252,2.0
17.050018814334095,-0.07670275374755242,11.348559808065426,-24.94370322430692,2.0
14.839449592378628,-8.854241165859365,-0.22204364330278215,-19.454475227694072,2.0
16.814611546805473,5.889436943695035,0.4689757086779469,10.360967632438266,2.0
17.328118099913684,15.882896332723453,10.999589658942527,-11.118861936592053,2.0
20.963478258897027,6.005871887774631,16.955443680608578,-11.78786216343966,2.0
18.752269103955765,6.703435546774786,8.872653360323012,1.395050604096979,2.0
20.581383571691674,2.703894394365234,2.9482803688042782,1.1488490941736629,2.0
20.94666901727315,-6.665625133481616,3.276933206702248,-17.992729470518057,2.0
13.130924078217378,-7.5035655533873715,10.189730645889544,-1.1328482742476211,2.0
15.696688085070473,-6.048655529971342,7.148205818750501,-10.893592321786306,2.0
16.80351549815966,5.65113834741802,5.200016704161053,-15.47233238331215,2.0
19.121751532063143,4.473537842565497,-1.4154441889020104,-5.657320482258182,2.0
17.34698433113742,-2.5197622667375876,3.916083086256112,9.69463028844697,2.0
15.606812882098668,-4.766361161658883,12.864272630593408,-5.304717602889031,2.0
12.984232877030818,1.415209996451499,12.256478560072923,-20.015110231372827,2.0
14.484949984737865,0.4886214150869286,6.476305401734702,-20.908758591711745,2.0
11.689686004231087,-3.938358682842675,5.731724358825177,16.761083209876094,2.0
12.53819911415943,5.014080764755705,7.4683319817174585,2.94902780730982,2.0
17.848762495675135,2.2204712973235976,2.0292442742493306,-7.546086818053402,2.0
15.000230723130375,-8.180363041032326,11.023588051038688,-11.738257833140194,2.0
15.8946191238399,6.137948706733366,6.012174225283411,-33.7154984866803,2.0
10.824670151352551,2.228464995290921,4.445437323480958,-36.16155031019117,2.0
13.008280532455451,0.062349482706077985,2.911603532954217,-26.970859173124378,2.0
16.425133259438358,11.897013217446275,8.551550565222424,-25.546494135780968,2.0
15.94298133802848,14.29460979151606,13.399051262298023,-9.218859318212345,2.0
13.684747585771587,12.79477296359963,15.35493801828941,-10.483160624490537,2.0
16.216269100536326,7.593083484390254,12.03117321420163,-17.090927494889446,2.0
13.586886646739332,-4.194610521320822,7.159210463823401,-15.95334464375441,2.0
11.894307778673172,3.5565811480078886,10.223779190505033,-12.932047493319109,2.0
12.89455851399143,-7.906544693608901,-0.8694710761441473,-11.53915697916192,2.0
17.67908133649125,-7.546496894916288,3.211452844728081,-5.201551499681923,2.0
17.84684435793119,-0.9578349803158034,5.668476520397648,-16.277871838690928,2.0
13.408476493329847,2.852504610248896,3.838994016661144,-20.060874601030513,2.0
13.667628522448286,8.908328912901702,2.422141744627826,-29.882295116002783,2.0
16.520887740756983,3.485684991312471,4.262899224038064,-31.26096300841713,2.0
13.844822756635272,2.980980432422752,8.933304048276048,-19.957347701863778,2.0
17.120891119631565,-10.438762348043385,11.873460922113283,-30.39572176675545,2.0
20.895845838491738,-3.400708977721583,8.083438925906913,-19.740719644586267,2.0
18.45359098078272,10.014480883883644,6.551081030521724,-28.812216977049317,2.0
22.144501763636534,7.414565235823588,3.1345239449918036,-14.088872212140632,2.0
16.21492777963061,10.552822159776987,-0.4510545071620031,-25.727163872367584,2.0
16.58846659484975,6.145139477874746,-5.421219909597153,-21.497030795702656,2.0
18.524802327810164,4.5235172263077565,-2.146890634664997,-15.375023539356715,2.0
20.35705255208822,1.0433456223141926,-5.837090310752185,-13.19679401840483,2.0
15.276329980865725,1.1344035024071792,-2.6888760033897814,-16.348918384166165,2.0
17.512828885568513,9.367376188713262,2.8934761159384426,-15.222109781832621,2.0
16.755125914351854,8.412355431508269,2.873304051408333,-18.757458305250942,2.0
18.194521933528883,6.927091100951037,10.170828261074178,-15.44296347451473,2.0
13.884594487136827,-2.552800885752135,10.061101721317506,-16.71139362702374,2.0
16.248232263047356,1.3025269845816856,13.733369816175369,-10.861756060132219,2.0
18.056484457448242,-1.9531576670511837,12.298513356365852,-20.674768829924343,2.0
17.46678521970034,0.04096669885194193,14.533457309802342,-16.993424123342145,2.0
14.021638538063664,2.677542092197508,8.532758390246677,-13.347304790386804,2.0
14.028751178412442,-0.4843436933445573,1.2121620740487895,-15.85389192923639,2.0
17.24676080749094,-6.609126536914634,4.339737548858292,-12.616669032908954,2.0
13.45865354806471,3.3944679607353234,2.032670916534264,-4.6514674972421926,2.0
16.619348932166695,2.6284872858111035,-0.8931288053417994,-19.933023164047878,2.0
18.045635541316525,-3.236309886299739,8.861773245552426,-18.893881166301362,2.0
14.830827798012647,2.47749675077879,3.7565907145046573,-17.70849248870222,2.0
15.967169523607275,2.137101817923246,-1.0470726825069132,-16.259281150586745,2.0
16.687166592777135,6.09597584380035,0.7078472295472693,-20.445201979564114,2.0
21.787229630684084,-3.8265624060973664,1.4117622692000653,-7.196382915524645,2.0
19.7029425334281,-4.792098527306824,4.9602273874511384,-31.099215001954725,2.0
12.9326599760935,2.7311879812374222,6.237474091887561,-32.60378486655065,2.0
13.132782095333061,17.142204782572758,4.924340477637577,-29.087316786266946,2.0
16.07445756423378,8.887948478325141,7.2487845919425755,-38.37611245948092,2.0
18.22503973436376,5.288687443543941,7.140855897457573,-16.771328485571836,2.0
18.321850607170703,1.724978642896109,9.11980496191504,-19.772153220464194,2.0
18.456531803978915,-8.926429286591437,7.643140601138618,-7.5237247640869205,2.0
15.112840247368808,4.0032641522862065,8.379090116731566,-0.6905247670949599,2.0
14.329433603447823,2.147139338453133,3.424754722612752,-28.24174706745182,2.0
12.838464356946801,-6.064141712981489,5.166110620447883,-37.100594922617645,2.0
13.009107514106681,-10.091363512190483,11.275339407467229,-35.456812401626784,2.0
14.097977457103099,-9.328617463795558,11.886946322860458,-3.002720646801233,2.0
16.567476816177283,-14.408301158321073,4.299755267187823,-13.682309141165796,2.0
18.677863011439054,6.336882305576361,5.089942097340661,-6.709333679416851,2.0
14.592354779042946,-4.130435229470766,6.720887500545512,-13.569579798516436,2.0
12.989706210549901,0.2340573445852172,7.371361802635272,-12.98282543868169,2.0
14.9993410965348,-2.9198506406742535,9.209195243636215,-11.116302773509112,2.0
15.130549290098127,-2.291931225246352,9.233170841692703,-31.906459249833016,2.0
16.718386022241994,-8.972987568752625,-3.2526994640271605,-8.833865308957485,2.0
18.64419202237746,4.706915907430216,2.3434171027596893,-23.877798804533604,2.0
16.76213946014781,15.305780057273182,7.669170808132767,-31.386606236282162,2.0
13.359394745227778,4.9396190543609695,9.059043150502733,-50.92036008309556,2.0
12.941826499367279,0.01707600734926551,10.17212792380341,-19.898287761545276,2.0
16.055382248825666,8.875676836259316,3.9603322800942067,-13.240640160075385,2.0
16.22075683050571,-0.8387855222196725,4.899862880071982,-19.650854258512044,2.0
17.388730353056825,-3.4578097775047114,3.834959575988865,-13.752865989758455,2.0
16.91635853657732,-0.18150158119400306,7.976563905688762,-12.443214050154191,2.0
17.06158358858757,-0.5294057229544951,4.758482390593026,-0.694314005588275,2.0
15.230425673210393,3.151646404312678,12.504212654064242,-15.8393188691747,2.0
12.86116790715185,4.101773393616181,5.201351397014773,-12.19546814519014,2.0
14.96803919082714,5.201077691681719,12.587156492525219,-5.010451099599255,2.0
17.374188463917204,2.0426766629958957,7.794394882502336,-6.821234912024266,2.0
16.449285379549327,1.6176144869644218,6.368820637132071,-20.276256646154593,2.0
16.132472739433904,15.58530830793434,-0.7973842265871482,-12.708000172227944,2.0
17.96724855245949,23.161764006976476,4.110425858780841,-11.264070707710719,2.0
14.469557868636956,11.514532525693124,7.062186811053579,-24.131646727645872,2.0
15.816650864601987,2.3447963391398883,13.600079278262779,-21.946915819725543,2.0
16.746947018252264,2.6932915373764534,9.429886050924843,-24.413280409513156,2.0
17.10473897481538,1.804872777618725,8.19764212837994,-23.16183260029484,2.0
18.24615564373103,17.14799015989114,9.291122651341963,-17.54569146100696,2.0
19.712748452351732,10.704153209655438,7.982739813890081,-25.404567016814262,2.0
18.26075414634466,1.5050177316090338,7.079330669420964,-27.09618836971689,2.0
18.52698222764195,-7.254715374510349,11.034773861793735,-13.326411148787924,2.0
21.71198142756993,-6.71383795009013,13.833538095694728,-18.489988632418886,2.0
20.37245017903545,6.095085498873975,14.983028683462804,-11.056278638444615,2.0
15.92503823627686,0.7775481994084164,8.972549019672874,-9.109291765277966,2.0
16.588515873891097,-0.6008527253937497,6.513502613180276,3.136431759581728,2.0
14.71291822979455,9.35103796883534,9.108822627180528,-2.483263408353613,2.0
17.48944929964413,10.35719153654263,5.307242458960172,-0.8827354853276539,2.0
14.827249507059612,-8.067739101769043,1.33699937701667,1.5591639200176246,2.0
15.519668223112046,-0.41864236178042447,2.792171518883178,-25.292139855130717,2.0
14.521497505808657,-0.8190508410365225,6.5198435165818545,-23.879293336983245,2.0
16.90137860610196,0.5906183390842266,4.871555524235573,-25.19992819154343,2.0
18.505376808352242,13.666458883421317,5.043885518597573,-5.086881728146366,2.0
14.74326111482456,6.700249180205578,3.257547646761016,-20.695584297008345,2.0
17.620774240594578,1.834841134773268,6.061960136688662,-21.954768819818696,2.0
18.64364200082475,7.960491609365066,6.797107524849618,-19.994808877849888,2.0
17.368703018531697,22.630319476246484,9.261824679761352,-21.31816096438504,2.0
17.518418353218856,7.075821807726786,11.983957229033427,-30.555082170551366,2.0
15.409395124349357,11.113810578804454,3.541154573012286,-33.43584831515389,2.0
20.599711564731532,8.20956315684496,-2.79395114385025,-21.35367393337174,2.0
18.612971743118425,8.77146236414028,2.3816179253204544,-7.718921064880746,2.0
17.188250381213898,4.325134647408496,5.301496003970499,-5.976706302520307,2.0
14.229536476084663,10.830690207906386,10.69082829810028,-20.289807403678033,2.0
12.757816314309482,5.296398517333502,4.248093067956619,0.464129511909098,2.0
19.3164914713545,5.608705019889543,-3.8713569243233987,-8.04586889871485,2.0
18.40488723816991,1.8604724570515099,6.4895769756768615,-19.991112381006918,2.0
18.561516713737422,0.8373310655436312,13.729969227194204,-1.3756227593003736,2.0
18.946816212634165,1.0968632999195047,12.413158649498936,1.6772032956943672,2.0
17.23969682217683,3.7753795600041298,12.16959048167346,-1.7351390403402753,2.0
18.41231008315536,1.031002043775215,11.23059008399838,4.3698928187338115,2.0
18.38359079006676,4.090180314235389,16.932711445133208,-21.72394494870203,2.0
18.276744452106165,4.575236457867883,19.29163957994181,-18.58095661449159,2.0
13.243835279545308,-3.6981200514807027,13.59798606366282,-11.21857595008605,2.0
13.699763950646176,0.3103266235082933,12.56240614240524,-16.078443002083286,2.0
16.399027271400385,10.643622989355338,9.407344196826783,-15.75093272869062,2.0
16.15688476747699,9.290153588239193,6.840265145591379,-32.25484125625972,2.0
13.352755313814802,6.407841135734997,-1.3613494568677211,-9.573111515438391,2.0
14.336749675537346,-0.5285516773461816,2.6664164774582932,-24.19816648003907,2.0
15.73703695157513,-2.3296171960945884,6.693425097120503,-28.005308803695062,2.0
18.009096915845337,-10.124701448075657,2.374910088059891,-5.918597522323189,2.0
18.11270351477924,-10.36655628734164,0.6034049640921229,-3.9572815890307114,2.0
13.509948960370568,0.3078095958452707,-0.5483712870272655,-8.577668526930434,2.0
14.995298112087948,2.934435393702334,6.043888011504528,-6.100364283985882,2.0
16.036628713629586,11.126595384507983,8.247218251319342,-28.55046089707217,2.0
16.43722564723071,-2.7935729829211455,-3.0999509337150752,-23.75762455008991,2.0
17.594589951695795,-6.963231297721764,-1.9876023691157867,-3.7089357686333733,2.0
18.88765958923679,-2.810599506333265,1.4013933240039753,-8.76999294591666,2.0
17.538316356436873,-12.248332597249771,0.18848730090514376,-0.15403607355996307,2.0
17.070357745464904,-15.048598810489958,5.891258556863274,-15.342215269144528,2.0
21.49447714130828,0.38309955396081286,6.757072284509146,-17.193401523140167,2.0
20.916066265842538,3.0000632116597656,2.8983978021614414,-32.84362221110963,2.0
21.2592578981015,2.997073126658287,-0.8868594761903621,-32.63185187504904,2.0
18.11893621729488,1.8481818132187247,10.668082181400923,-20.982728806743367,2.0
18.644620566255433,-7.629744106121949,7.198746797333518,-12.329647461321533,2.0
19.03643302202176,-5.744435829087771,15.327419360194993,-36.35426686339156,2.0
19.220823063650474,-13.07327253311675,15.675365546201132,-23.552501360266618,2.0
19.142984391550904,-16.079853865310657,6.213956852120038,-14.573461699306531,2.0
18.59621981949159,-2.3195315984969502,6.114248555645087,-10.897005742978099,2.0
16.3073443670648,7.383370546178455,7.003740462387404,-22.97887610082634,2.0
16.30416694529587,-5.882330395827612,16.64001474522214,-24.709851531253626,2.0
18.958593068974206,-12.42514246596594,18.47460619152851,-18.237405179154393,2.0
17.95192069865446,-12.827438476343403,10.723058862780888,-14.869338754552544,2.0
19.01207037426714,-2.60360288321927,9.907590618013806,-7.749792711510007,2.0
18.184708464629,-7.155541597935512,10.422399070252697,3.7487930693488885,2.0
12.383527460652967,-7.802323238072487,8.513606506115554,-22.07856738475135,2.0
13.44809221911172,-15.62200166089496,5.639114736067752,-16.012907939153443,2.0
11.044209765431404,-11.053636658575064,11.725140519787272,-8.096005647900192,2.0
10.811857630757476,-5.930755603401174,11.943088022638538,-26.83490895419186,2.0
13.621130747498437,-4.4502629571578085,18.92650455630573,-15.703467373566706,2.0
11.761330741133632,-5.757145404556866,17.508071318678056,-21.72338192531415,2.0
13.376347470641457,-1.093956198968377,7.903339888837111,-22.33488997471968,2.0
13.150230262330838,7.860299252318647,-1.622796231101467,-18.988942307497673,2.0
14.10975158648051,4.3131713955271564,1.5697511318365738,-35.3386050347503,2.0
16.01256496412797,4.743865615705425,5.994095108569883,-35.32871856083477,2.0
19.088463470181654,5.657104391930603,7.218992257299803,-19.708502386370228,2.0
16.33496745238692,5.845092587316227,6.497926370979977,-14.005191258188825,2.0
15.185667852214475,-1.8791693615925458,11.78663288737641,-30.067489901243455,2.0
14.607152969347048,2.741527908098878,5.979333900699377,-13.15483222868561,2.0
13.339285919157371,7.697682225916255,7.571952654356133,-28.865040137957113,2.0
15.058504556107351,6.711692308653918,6.537683129673958,-23.96845386772671,2.0
13.203382220280309,12.009120387935416,12.906839913590996,-3.0388537910396884,2.0
15.616004115382697,9.457975026204252,16.701542610944244,-16.807051870165363,2.0
13.898397834755276,0.7238447139861104,10.84689283997669,-14.282092922623345,2.0
17.19465347998238,-1.2702769162058396,4.847743481109644,-24.164540537770808,2.0
15.776473715657264,-3.759032870563461,-3.2599981941043232,-23.36777669594649,2.0
14.31795293070829,-7.591128307246503,0.08897652466042416,-23.220881757627662,2.0
18.053030550438024,6.266400159143764,3.1438298669453535,-26.562013321535552,2.0
19.6718282393472,6.081154857882149,7.736499262464954,-7.137105557583113,2.0
15.200497141150171,0.8138957273462923,14.24140618640797,-21.781198704394647,2.0
15.490825869581059,3.419892019166222,14.134237513979397,-8.971574153215794,2.0
16.063477302340555,1.698522538181086,2.6457770946622983,-13.349985312519227,2.0
16.004510620595607,-1.454748661423109,4.68242834612577,-8.605519143641747,2.0
17.912369697698956,-7.110399144951289,10.046572447675237,-5.428429516751008,2.0
11.043297861285337,10.740052710115092,13.996737406497285,-17.915242823388642,2.0
17.51015758477108,16.678667359052216,15.268046646474597,-0.5684174692461177,2.0
17.469789404704823,12.177492674681636,14.270878800957268,-4.7505381377501354,2.0
18.26530513167289,-3.563894669733486,9.319878575714252,-19.41211018729715,2.0
18.717674846190654,8.241279723128017,12.489865970510854,-13.366083060181555,2.0
19.850184970183715,3.8628180989492478,13.467088002401537,-23.282328188355997,2.0
22.345569839909103,13.057138117659125,15.780159024218031,-23.135638067511465,2.0
21.149818785184255,15.233114176201529,11.02620569167322,-14.594373388476118,2.0
12.840591868333245,2.9118345162340393,13.684314150110612,-14.529543218165774,2.0
15.307791775233548,3.813632663763972,7.344735253198214,3.3770795650431644,2.0
12.94745799341767,9.954418146791348,5.518018121448516,-26.877174130390678,2.0
15.14925895046901,5.6413054115232395,7.142882817038668,-22.719566962022363,2.0
15.048942947206422,17.290631604996847,-6.885652011461691,-30.804628781218593,2.0
17.03581721618832,10.966428172670483,-5.268670639510303,-31.125377918543865,2.0
13.917130409996455,2.8581991916822203,5.8178584358003675,-18.341045365239545,2.0
12.579188074934088,8.99632458434914,5.787857517812355,-6.40266665012019,2.0
17.291180242110254,-1.8429366685837782,14.18729037961348,7.225352802920279,2.0
16.785501465346158,0.868953819317175,-3.9847281463670523,15.84233942867743,2.0
15.854677649090158,-2.393317342486946,-1.0042766364347506,-2.732461036083558,2.0
11.004839908173796,-14.745792817169328,-2.7312359372165207,-21.432401888163216,2.0
11.37561716884659,-16.941648843275267,0.41125402617558615,-3.743172657553135,2.0
15.379682893854593,-8.90771424469005,5.903793222198965,-2.5188781402025384,2.0
15.893545068393983,3.48548774729528,1.900633359652669,-0.43196487531364447,2.0
16.229887686822128,6.876958057166347,-4.041064217634183,-8.261226137543714,2.0
11.569525294698698,8.37330191987907,-3.657210465269209,-13.363117626079841,2.0
14.77627704974226,-1.7634644670993225,-3.2084302947677426,-11.719045732356832,2.0
15.14203377556624,-1.4708432420242978,-0.4856192424103565,-12.915400975200617,2.0
11.63197343316238,-8.61395803011543,-3.1505948390926743,-22.67147542697612,2.0
14.15278837056869,-4.505252054620479,3.654009524606632,-13.491604341577883,2.0
16.07295850471309,-6.435550183726182,12.790974226637733,-25.31610506210067,2.0
16.594398649983013,3.186849043183881,11.50632602410549,-22.20903085316654,2.0
18.1797265210923,6.083688655478097,5.310752276588879,-16.969880157861557,2.0
13.530899716933364,10.182191742786802,7.818536767691087,-13.97959632525864,2.0
17.258253577928077,17.999145911076354,7.616330007276003,-17.271947836018814,2.0
18.020387473337994,10.414901420886927,9.794916575354867,-21.162376428722023,2.0
18.73604957375958,5.1847735278129825,7.648010229540428,-40.23726681881108,2.0
19.61790847927803,6.22726886956229,7.446528630404673,-34.37472279125494,2.0
19.205730740979092,-1.8197817813512098,9.00871343048996,-18.554956230366383,2.0
16.042949816292754,1.2722059101272114,4.22023468005179,-32.345734883233334,2.0
19.808877832998466,7.539756181245192,4.842305296474409,-23.4994165389417,2.0
19.589755964791266,-0.00015861911976955412,13.71538022561316,-31.788603257218462,2.0
15.580143156014703,-2.153875170412907,8.492756318198392,-19.742725471423725,2.0
12.26822319510267,-5.307276577367503,12.286985533701943,5.0784611876008725,2.0
14.989714112904194,2.4643765103254154,13.378728083221608,-14.119056489028207,2.0
13.05540377927877,8.117204341728675,3.950928800692745,-1.3872582873455261,2.0
14.363680075255406,-1.695571337731629,-4.790347804691456,-3.014709604325809,2.0
15.088452094975343,-1.562475491839157,-8.174085790297426,4.409605810836332,2.0
11.049850665798784,1.7902642190186562,4.811418185439428,12.1487762126253,2.0
10.878767313688332,2.237642536953888,3.715566200202142,12.685237507313715,2.0
17.538235144576706,-2.703855192072692,1.8809131868544695,2.742184999561145,2.0
14.90443521738738,-0.5318093574071336,4.297571640581711,6.438893669874375,2.0
15.902829963292616,-1.6971099407173758,9.228791586783828,-3.684453710617201,2.0
14.622809256883627,7.724699374462497,2.53942168196127,-13.614373175832384,2.0
13.133080997488566,5.97541585461876,9.210016957019894,-4.862905539646003,2.0
10.133937102525268,8.479056697431929,9.91194234896774,-17.951493747368232,2.0
14.834311672872408,10.09642762926402,-1.2086314614338534,-10.764927748910079,2.0
14.330352104164035,9.41155158045612,3.841208184615759,-14.280770021425433,2.0
15.287410402587549,3.3022969223940963,-3.887516666312697,-2.2137274126786384,2.0
16.23432587141507,-3.2603221596061815,6.566956155078499,-32.1055105624866,2.0
15.087292141976596,-1.5023409775675838,1.6744270011244176,-13.959469405734422,2.0
17.201725670154993,-9.929258434022374,3.126190710023283,-28.680522109101517,2.0
16.382463746437157,4.677872061304642,11.965499582139202,-31.195345043319968,2.0
14.937647890524715,0.01973758395513614,10.495190605790022,-32.52819628129002,2.0
16.89397892788873,-3.4616493899922784,9.754630623811789,-6.98775259699654,2.0
18.575458652527495,-11.073103769988698,9.325743609436186,-4.053908555046988,2.0
20.804726276437403,-4.862694682416334,6.575603472072124,-8.60766376087999,2.0
16.267579441738746,0.02355604433087599,4.001921996026466,-7.985506915707045,2.0
17.7170129502722,-1.2977542931567492,3.3960410582149825,-14.130931471378915,2.0
17.444725620741497,6.89574014252746,1.6963460690345604,-8.051849108577048,2.0
15.465474595427848,-5.304899316534318,5.578779529473481,-8.042195252848199,2.0
15.277082803447861,-0.5795877705783337,8.391299130659228,-13.224274151391077,2.0
15.323665562661674,5.95117608687212,22.651861083728093,-22.96105972637424,2.0
13.83187934151259,13.00276443912881,5.320356569389626,-28.49415380474165,2.0
17.967336914380073,0.39241323119287985,10.551570282708644,-38.17692872000931,2.0
19.03117645217307,7.111756200486958,6.687783019711834,-33.69894891608833,2.0
15.530784430301086,14.521235180088883,10.797185784582222,-33.54123134467096,2.0
16.575198304258745,6.310684274536637,3.138923511360058,-20.79606376979543,2.0
15.824032392231278,-7.601519586002459,-1.8130076994778834,-8.549597482436663,2.0
15.818568746260805,-2.4349755643486333,4.2180432456244485,-15.569226958433276,2.0
16.125279406040764,-4.413416867089158,7.816880213631013,-12.793809687393527,2.0
16.319187084394716,-8.380825080559582,3.6127344804762838,-2.991285336696535,2.0
14.065457389506964,0.6688810878665983,6.371218714946304,-0.04006616972355381,2.0
13.930993726569847,7.7950631656584815,5.813451306436237,-14.744245846769608,2.0
13.774993964779163,3.1954396557308176,3.3706483729265795,-27.29611746118126,2.0
12.298679241407505,4.6959642599948594,10.826879515391191,2.077690744362389,2.0
14.300081849731118,-5.008213223761065,19.866192960871935,-3.8799426839873146,2.0
12.003106367461575,-2.443870361198167,15.756657839222854,-5.237567737042051,2.0
14.747562991986289,-5.2716922758586975,13.97864614098313,20.495202974936685,2.0
19.606654072020426,-0.08399371748576723,11.053564066179192,27.20116760684946,2.0
15.612179016919372,11.400575709766326,16.11993741069882,19.600578153330073,2.0
14.745094626859098,16.779833478471993,10.44288440497876,-2.489298187795132,2.0
14.643956755536164,11.819225074849225,5.805664727446576,-10.261370089934042,2.0
15.175327066655498,-1.5006642255255207,2.839178719824843,-9.315568598240493,2.0
14.19970283039966,5.735617616637761,4.576342785725944,-25.384223698503977,2.0
16.07638995294351,4.9515322715848145,0.6089774595601276,-44.68446188103927,2.0
12.98557002134616,-6.099928295717575,7.29608580607856,-7.274104546833087,2.0
18.53402346805437,-11.835554245016658,1.3858947560659365,-14.032542093482466,2.0
15.415884125199577,-5.111223944947795,3.473191205531824,-34.9642355091296,2.0
14.578055719256879,-6.232870428880912,0.30337186280023065,-38.12960705035722,2.0
16.074439523960873,-8.378823829610571,7.871744710966476,-24.89288778486411,2.0
16.358690210327953,-5.153605758127997,7.898793037868725,-38.164260632133434,2.0
12.032313087716275,-3.515953338391519,7.491227838604446,-26.68599772327837,2.0
14.880294847036701,-5.520925979715479,0.6524097634097736,-13.348776300131062,2.0
12.589802979187452,-12.937913446095122,13.948814596012813,-23.48543646779527,2.0
9.851317747376845,-5.0558959029237265,8.809340063884065,-16.712303969417555,2.0
9.971352077791243,4.124066928544119,10.770977289470322,-4.934488383565764,2.0
14.935220863371654,10.447080939318582,7.323448613217364,1.5174121671507557,2.0
13.731857963819127,9.769898035457182,20.3628803092568,-9.867860163813216,2.0
12.751126990034091,11.849966631187277,13.808028373198729,-7.508094937118861,2.0
15.66387005407711,6.279690405664647,7.831229202108713,-4.452724879611093,2.0
16.034671213301785,10.388894022517906,2.569506823410192,-12.246330895641567,2.0
14.594939189993438,1.1003502810525543,15.314997035437921,-4.745791490242986,2.0
15.249963217694154,4.932047505494932,3.7172966667562344,-16.350710845179712,2.0
14.514292957274108,3.934095072451969,7.138876397852272,-16.100496937256136,2.0
13.219180801332072,8.595244465425754,9.492612021077658,-6.934594779862993,2.0
14.729770875030658,3.4876595851298333,10.803357113328538,-9.51851127222306,2.0
14.717886769924842,2.3592741395950005,11.590255094789597,-5.684616676473211,2.0
14.89626727772355,0.9929672375220817,7.613124025314553,-4.72830455945363,2.0
14.414614551739618,0.8610658300032719,3.5168422866952693,-13.328621493238675,2.0
14.417535154829503,10.251079298230977,2.685788738647635,-27.399937456732836,2.0
13.639842144986888,1.1570502716330804,0.018911946023813186,-27.852729985805308,2.0
15.387272386950043,7.149781756044272,9.709024879422035,-9.272545929113008,2.0
14.897370663034122,7.663181926899949,9.017739616256343,-25.56742021521209,2.0
16.787821419523564,2.791662458442498,-1.008097633786396,-18.4220856537882,2.0
16.57780044943934,-0.08130580068796034,2.8232725343639924,-41.69400423773566,2.0
14.808764360280884,4.202191426599639,7.221307811086981,-38.78812645904458,2.0
13.97508218449372,6.553126495682916,10.090429687384232,-50.01201803029977,2.0
18.717370905128913,-4.24731635469262,1.271600376703387,-17.880274858505885,2.0
21.46909537226456,-5.599680175675849,7.899760959988515,-1.5764255564563037,2.0
22.90880351084794,-1.9886318756108041,7.2089434653372955,3.558689311065624,2.0
18.735774109363273,-7.799546013165692,5.567739297795459,-4.669756614231449,2.0
16.310633238629187,0.06533105398017502,7.479307257073948,-16.408004447423117,2.0
13.70118544020542,2.9773201165559664,4.732828466353679,-18.64051459903391,2.0
13.774310633909064,10.838180443935897,2.3731265490775955,-23.770947171166473,2.0
15.824129847890724,7.694237984489117,3.8637837908805657,-12.966227360406696,2.0
13.429085603297949,-6.672605702060936,2.786579820610913,-28.767183129497305,2.0
16.18956504085657,-7.223310984035774,10.664506790824655,-35.96601172031491,2.0
15.396127064333562,3.335649588442513,6.944686696332704,-15.849603746981018,2.0
17.2660917649434,-5.92292434771261,7.222944849678106,8.104588564481446,2.0
19.53207969304377,-4.366693566225626,11.410602610685697,6.307975336797712,2.0
14.034345873706902,-2.059507994834952,12.484976566931202,-5.644063762582363,2.0
16.316469755119265,2.7827627538806308,10.215637574883816,6.723073925039255,2.0
18.023443422734058,1.4028428413436245,2.8896374621125354,-5.205667370779334,2.0
19.898978967012496,3.2843508989603967,3.2605431637470765,-4.596957697935732,2.0
19.675935352986187,-7.043902964318114,3.9677211842821993,5.046098711916656,2.0
19.461807862336485,-7.954065424764773,7.114915209386593,-1.6285179499227844,2.0
17.74546185983057,6.90755029823897,4.835401115285841,-11.53694084162792,2.0
16.35849780275737,14.999073707175882,2.46078062259195,-3.2405591240249922,2.0
17.48663778925183,12.249830989571738,4.28680693742794,-21.772664796738216,2.0
20.71747090975944,1.5484905125838775,4.643528514925377,-22.838227284080013,2.0
14.512205294853585,0.09481402896132973,-0.9107455031040672,-12.473742260130326,2.0
15.134477845356688,-0.8032888369858151,2.556850890988389,-21.15608804914866,2.0
12.497513504855153,0.7528942148269562,6.558269216349501,-22.08608961390507,2.0
17.886178208784397,8.805494760966354,1.7005025530794882,5.314581889978356,2.0
22.555029554967433,-1.5709318805889552,1.4703502077939778,-9.59818858004136,2.0
14.843143115846352,-5.400769714977597,5.892313605301854,10.646608587670086,2.0
19.318599081498498,-4.233563985599399,6.426411968143883,-4.340122089137154,2.0
14.994121799098073,-4.125484365770841,0.16988161310821814,-19.18722247558506,2.0
13.327913585474452,-5.705290092912403,5.866585752949256,-12.623019946082128,2.0
12.113300239554032,2.7348473006690726,8.696654192714554,10.390286317093592,2.0
12.833084651173687,2.1380739032296585,4.14957024314704,9.908191239376084,2.0
17.359998187830712,-1.1895714836506093,7.900949020561962,-8.576121721569018,2.0
16.946817301837413,-7.053947209517589,6.712609018289359,-6.837281122727452,2.0
17.22701977281105,-14.193770050120738,5.814455425730574,-14.792816199032302,2.0
17.830250298395207,0.9553254861557945,5.583837405016936,-12.167365501837628,2.0
13.709864306912106,6.132078198693183,8.601016771154605,-25.859674181089677,2.0
13.515069888186385,-5.694244507547744,6.323607692768342,-20.398957510607467,2.0
20.964776443648866,5.227318181064338,3.7410121592271546,-26.310730599859262,2.0
19.932878579489195,1.205724571985802,3.924036025188136,-34.21535554049874,2.0
18.16013081513828,7.870663603039855,-1.5321410905461046,-9.379726029486683,2.0
18.599031392868202,7.40998710439259,-0.5571553714960729,3.674835260601924,2.0
15.446818336246086,9.660097616411655,4.001340146092618,-12.945711372013996,2.0
18.493232215942598,6.209597506338321,5.043935981735836,-15.64984342717699,2.0
17.691956925146265,3.7487924928036502,8.76062449834431,-16.002574597657993,2.0
18.319918636869577,-11.132931745099503,12.393773780778675,-22.143813087971235,2.0
17.378889175892482,0.469823311346798,16.460251543958485,-13.969419115262468,2.0
17.547986922735184,8.706705855520873,7.5251546081815235,-1.126317654892345,2.0
16.35261846531151,4.227127981875216,9.887123595287576,6.008193506503777,2.0
17.35813454554699,6.622444579353561,6.688740268161167,-10.899298368539696,2.0
14.800525223815393,6.55509057892431,8.090571292110809,-5.76643100280455,2.0
20.05565933512562,6.254656746860297,7.436875943389554,0.9487611276854899,2.0
16.380498488691273,16.681221799172036,11.046864574331318,-3.4130475722695124,2.0
14.550482396446288,19.157909538180267,11.6503390992834,-18.604395505572256,2.0
16.492203017672836,2.3905420386880833,10.345714633136978,-18.955116609081493,2.0
14.276107297863515,1.439274370069929,6.481974670130964,-4.0182313361003,2.0
13.475438537978317,0.1313950152458121,12.695800789753672,-11.295082242253383,2.0
10.421409545036386,-3.7456274346719014,12.683379182938435,-22.97783913702354,2.0
15.236518091722708,-2.750645336530244,5.925851865718429,-3.834218830215244,2.0
20.04837472412962,-3.4257020928062802,2.9873391199132517,-12.611766263838476,2.0
17.935058973803,4.076947010103688,5.871828435376779,-12.558067371294275,2.0
16.86250625275624,-3.510058620145349,8.011247740318503,-16.367468693935646,2.0
17.558521229760427,-6.453026599141257,-4.875160657475918,-20.148108104253623,2.0
13.717659894240288,3.784729610658496,-15.997286161228345,-16.001727379094284,2.0
9.410814631947133,5.424267949318338,-1.1092431619499745,-0.9779552411327526,2.0
13.963898832732596,7.356302840349459,3.7150327696324323,-4.480743556818961,2.0
15.531103499306857,4.751877259631245,-1.9465103915060729,-4.9926229839676814,2.0
18.75387964000873,-4.197858462942142,3.533350740585737,1.6457925912774947,2.0
13.842009943974224,-12.435876537142427,-0.8908327814550034,-17.43253300926759,2.0
15.278002566004664,-4.608394506900908,10.907388516774194,-11.535683756783355,2.0
13.055945021574976,4.845254948209928,8.526207700968909,-7.71126907074132,2.0
16.300718329015137,7.335475425727285,3.4543252609366135,-7.800420127266024,2.0
15.460795132683993,6.100204015134059,8.906823436102954,-22.992239289527518,2.0
15.122582074328712,3.1271728183459393,10.867914600948037,3.5792949273571857,2.0
16.4534253570916,-2.6939659575224093,13.783650340769531,-5.41296401848826,2.0
15.884131873463819,6.965310792298241,12.40016725187279,-21.561152727539195,2.0
13.043345771123418,4.531607389238204,5.44364495169311,-22.18496522811281,2.0
11.075229156897311,-0.15365922913533492,3.4632998690395294,-22.212559986176565,2.0
13.18695933973868,9.233472691406947,13.383226155967181,-5.164503990170349,2.0
17.832856438500496,7.209225447002054,11.67385874547093,-7.869259979683353,2.0
18.829392004850753,4.6169868011882365,10.451658367365349,-13.496704800930406,2.0
17.9531045112748,-1.6342866992377107,13.834921669900417,-32.30904049022753,2.0
16.45707208981014,-2.335713741724952,7.931474502210662,-27.762971071492142,2.0
13.466554415428153,6.868850465465304,3.2346682439776497,-23.35470479076617,2.0
12.922140400465285,9.301562228565462,8.097163332040985,-42.18956800853878,2.0
16.717224399097674,11.223763934655057,8.596482359857465,-14.156120892442996,2.0
12.283945561973937,10.518526384342353,11.156794602192846,-12.096708972447953,2.0
16.753035247905153,-2.6861761941456406,13.808026780285914,-2.741485542448354,2.0
17.27590032842212,-5.220582348455533,11.210165804273956,-2.8629667199314985,2.0
13.114754636943864,-8.925173362029604,11.394660845687502,-4.132237150892642,2.0
14.148543595092908,-6.176618559091344,14.489947576795528,-11.36341966464972,2.0
15.816505145887836,-1.1932631599600327,9.175647127945064,-22.75080295555138,2.0
14.619391221200702,4.32462056007288,6.9853157919443145,-11.338234345687798,2.0
10.089066072613544,2.8186569778660453,8.7888385288977,-8.233720688656305,2.0
11.135064861345167,-3.0639138144585694,6.968050245501585,-25.109466320273487,2.0
15.842488865408248,-4.5900170365815125,3.8821926863490366,-17.651668561997475,2.0
13.124531608395209,2.3974195100448683,9.765444100970383,-27.920715747026126,2.0
15.589610459915088,5.784412512808392,8.444566340104487,-14.843786732051708,2.0
14.77436657997382,6.0942964128105235,7.85532006061257,-28.369470072231167,2.0
20.21814411391411,3.702328276890264,1.5785995396034989,-21.297768980730794,2.0
19.078775939966746,7.968128141833535,4.530207478935086,-17.804138389986115,2.0
16.093566619899033,4.601739507492135,1.8092706928801388,-23.664198998146897,2.0
16.730403334559252,-3.065609161613162,7.416490391441355,-17.288602270611023,2.0
15.523606899902694,2.2290349745025644,12.173150522747118,-31.377572911646027,2.0
18.99285546152821,-4.12932980179286,12.44824828269193,-15.636331499486008,2.0
18.441067935954333,1.342567728344605,9.16015763359366,-12.27162036240263,2.0
15.379760546390465,-0.5770542551229667,6.119563261683378,-8.467189343216873,2.0
12.43799283448307,-6.866457047242587,-7.163457709499427,-14.70051875935576,2.0
12.482651961131465,-4.983728824820759,3.276015451687277,-16.566431264708037,2.0
13.930789500956148,-7.870824043003459,13.16589375386692,-27.36249686261769,2.0
13.761488858417678,-1.643999275920478,17.212326295692318,-26.542440541798488,2.0
19.095874792136968,1.8693186821265644,15.460182911199183,-10.638329186136666,2.0
19.979716385071594,2.8415949196076773,18.598184045386876,-16.26972238945713,2.0
13.066205926867623,5.873449928012205,20.258437741603686,-19.11190380153971,2.0
10.84747033636698,-2.3944734197097883,21.108435426092846,-30.237281980779454,2.0
12.493200495821409,-1.9598454288791936,18.430356886774803,-22.15105366118494,2.0
13.419269844265013,6.055503730709402,15.595947852189642,-36.99903715005422,2.0
13.829412362188895,-2.136170081032394,15.222070342642397,-47.293980928483094,2.0
13.226933126306733,1.8725183310725075,14.423311040698,-38.78462738450738,2.0
15.639846018403478,-0.0321163773672426,6.561194988968296,-3.827553945235323,2.0
16.40398621398894,1.5982368103357816,6.841353576164192,0.15217763042939225,2.0
15.95718113939707,-4.190187180541889,8.996552666773002,-13.822509764057335,2.0
16.430430352130358,-2.5285892712658917,9.151968338494203,18.19125676878152,2.0
15.519149298454169,6.673357068384861,8.339945942124624,15.545397691421321,2.0
15.296067073550807,2.125832017442517,8.201436615241715,-2.169576699764608,2.0
12.425946554170146,11.869003353035428,4.526465665592518,-5.1471878075726,2.0
20.890337461993,7.01222186371392,-0.23135959441980525,-4.524606745271838,2.0
19.165207130616626,7.350429681914516,1.3832425325232354,4.696756149904921,2.0
21.20788540272474,14.459833560387876,9.869963771915023,-18.892497690553796,2.0
20.96442210000678,4.491068710159835,8.05845929853292,0.5197866872281551,2.0
22.079527661481308,-0.554299198939588,11.946644462407582,-13.389480000005562,2.0
21.885136237516743,7.395447970986634,7.622207199879154,-22.32997861012491,2.0
23.82179453837538,4.145967418021384,14.401489592528346,-15.867485508725956,2.0
19.855872202222926,-9.275758090458815,10.394442919600962,-7.310747092670478,2.0
14.383258221962844,-0.32864474512877795,-0.37196960088133046,-11.169051265875126,2.0
15.874555943911648,-1.6319314964951388,3.660716414033786,-7.063615001936395,2.0
16.26954064813775,-8.21697844017579,6.91134451755076,-20.021005176922287,2.0
14.174940300769869,2.476360278898528,-7.005221669147271,-16.46788661919912,2.0
13.62121483333087,6.8735035351012,-1.7537689929952158,-23.776405889516912,2.0
13.02726925160853,6.376618513134163,1.0593169239327827,-6.903899978184889,2.0
15.928815295582705,4.383828171243901,14.083678968359152,-7.0013646029252685,2.0
14.418813367795584,10.94077392090636,7.323432825168632,-17.116601691291255,2.0
15.869659681214971,4.8547974367916025,13.33610496631684,-30.903012743801845,2.0
16.033133545874094,19.403589147387876,4.523051552201817,-22.022819214973417,2.0
19.63813609041774,17.5698879892015,-3.278843568672281,-16.06100515642994,2.0
18.96230127951748,8.464893558794161,5.034045500748698,-9.348627727177433,2.0
16.174046263987037,2.126352563873658,8.23385506992635,3.4786293447037053,2.0
16.666988902870333,8.409041657179506,0.7302121298319513,-9.693862104127465,2.0
16.42982165713278,-0.8287343096700326,12.745794137552267,-22.19792767318564,2.0
16.24653272549112,-0.286071359952599,9.747974628076634,-10.72234421158802,2.0
14.19304274420648,-5.194000616346051,5.73821074355866,-10.947233984263619,2.0
17.350598705455806,0.8977204452252991,-0.24757603770983572,-10.059626548946646,2.0
16.860944955269872,15.496441247123832,5.660943805762554,-15.188172602993399,2.0
15.10728608948896,-0.3393616496725165,4.926013142445758,-22.89164557455179,2.0
17.328034538273084,7.136319097454352,7.481879247702961,-24.07362483032587,2.0
17.458387585853803,5.64702386029089,16.267922149987776,-20.348708015533205,2.0
17.464910748603298,11.587473793542099,15.354691617609808,-28.548220191436943,2.0
17.6906133659569,5.4823032209396825,14.981084196109977,-24.965815978891385,2.0
14.35452984366681,-2.765048234815855,14.277305187353011,-15.54130857673928,2.0
16.110721625832532,1.447991917675983,9.554952479002095,-20.498962004898306,2.0
14.891817493524737,-2.1407130639971848,4.515256812864676,-15.601653228799506,2.0
17.112325785735358,-15.786905313122393,13.844889124563586,-18.32841461071522,2.0
15.79999712074613,-4.276064283606264,8.172758553652985,-23.946347604590326,2.0
15.452516315807994,5.485522687476374,3.9802140262970527,-24.599880124148072,2.0
19.31107699811147,-4.750244236216327,7.922195048137743,-27.29667766587367,2.0
17.379520006355012,-11.973805716556212,2.1398788752841797,-18.074186650962346,2.0
14.642007632122251,-3.653138833581106,6.378750955320028,-13.95338534546205,2.0
12.995855441062911,-4.666565987906334,1.1319215017192965,-13.208787245987262,2.0
12.26978911210993,1.2976747295687852,9.875273590178566,-4.684367806919976,2.0
13.60867288455826,-0.18215263194866216,19.566448240842583,21.23825379672824,2.0
15.347826558753361,-2.5931644800723817,17.239341456925388,5.576614382887513,2.0
16.51707619777559,-8.813456822970135,10.591236596180265,-7.083493600393151,2.0
20.335047794443987,-0.15165929264542144,13.647601075460045,-7.774034300378787,2.0
16.199839431582763,-10.930024084777548,19.35073039737904,-34.181551231160064,2.0
12.756418971833599,-4.802646639876915,14.878363790150141,-23.34268327298416,2.0
12.909519265200561,-4.286239144443304,14.788141843760924,-23.1764838624812,2.0
15.536151282894137,7.0057895487416175,7.848708539000721,-13.185545282649803,2.0
20.710641958561336,0.3539021376053171,8.168330126818196,-19.11497469866341,2.0
20.792275577907592,4.477523264577455,15.218104837376291,-17.71528053116741,2.0
15.934979090632437,3.388022091341405,15.399951906713696,-5.524368236907334,2.0
15.543821768600013,2.1049657104777255,7.982029634008256,-8.354539021096778,2.0
12.744500333602101,7.747909246997561,7.765818920005183,-2.911540101563896,2.0
13.293973621958049,3.564735746520988,10.0356330164364,-12.919367618863534,2.0
13.500789697998423,4.79686722560775,10.5891060513595,-3.112298521187908,2.0
12.989370529327847,1.5640753216805041,6.1338469022967255,-16.422021058789685,2.0
9.792012564004882,1.1510722805139806,3.3608272183910053,-10.965029456356127,2.0
9.060511094611075,-3.769457030365561,11.53554746344312,-17.60982245116059,2.0
14.753172034290177,7.453559788814853,15.303639986287376,-26.68112631979627,2.0
15.286518130197704,11.252097239800836,10.705873224524858,-15.721635091445007,2.0
21.147041819233948,12.007876615785756,5.755184896618015,0.5300395110785487,2.0
18.72456571377044,12.518165136257192,8.254813820962674,-8.927369915799654,2.0
16.59118450170822,11.036456408648846,7.522736599174675,-19.560582943778318,2.0
19.237227625391203,8.71897967652678,7.964184537030299,-24.2606058509625,2.0
11.075386707241869,1.7695062770123018,5.863087489753984,-12.98492709075353,2.0
15.566362961353843,-4.1626218325593385,2.4167557631115546,-17.533936738016934,2.0
16.091327829076697,3.2099490869990825,5.361683354307692,-27.216349407646078,2.0
19.119068073215413,3.291643397834307,-2.2905452740467735,-23.095774737957278,2.0
18.597969991049894,6.845259938149409,1.2204098748163386,-14.339564944876026,2.0
12.641544612479976,-6.616256679329025,2.115580847292268,-3.5412568084949445,2.0
13.587115624723207,10.88467668440564,1.8028801503863932,-11.075167011516685,2.0
15.437225257819161,16.62634440316068,-7.660132005284763,-8.585737310539022,2.0
17.91025152152852,1.7248282601459843,-1.411017976382448,-18.4112834247665,2.0
16.914053705968882,1.9882036185628618,-2.8377763040225865,-26.605613540287635,2.0
18.201940176139225,4.684004263463982,3.715669904493838,-18.05576307091703,2.0
15.32764480988252,2.9841199946971217,6.0477523462994,-25.368563226863216,2.0
15.239018368817696,0.9610709950366791,13.171727985685763,-10.279828085036003,2.0
15.059604644818025,9.65859875860766,13.67060700083082,-17.138700100003614,2.0
11.286953717450512,7.933633277196654,11.37253439360407,-46.5340186003826,2.0
12.480082521969218,7.103772740330134,13.229948192925292,-45.89161827416011,2.0
12.135501134042578,7.589833376094016,7.511995912073629,-17.03642370454477,2.0
12.266219792808494,-0.17200448132481672,10.769754424760343,-7.450878545322604,2.0
13.136557943899396,8.456417870862634,10.588615995170397,-22.009528295374064,2.0
17.885657910677303,1.4408271241120274,5.490604046002664,-14.369797901773797,2.0
16.575272971741757,3.753519336109332,9.669337998253717,-3.724084509092161,2.0
16.822568235493176,-2.0105973935220818,13.12341062278518,9.122826297481405,2.0
12.059338181260339,4.699345042048721,12.375741301973399,-22.25560948524527,2.0
13.419057323904045,-2.5033651667562333,16.90529815338826,-28.654224383650345,2.0
13.685221670773041,-7.771623170370402,11.155376381486846,-17.845188914140696,2.0
16.32899650272664,-4.430380773345687,7.984414506048724,-9.348710258381647,2.0
16.344404472375473,-2.4868729332410315,11.726110775818176,-10.229158058707409,2.0
14.49072675105856,-2.4229854094134495,11.86552520644761,-19.65257794651466,2.0
13.55883925664797,-3.749015310763909,10.410727000692535,-27.676553506870185,2.0
15.08645384592036,0.8414924632379963,13.200133027396621,-20.832010978548148,2.0
18.348909719878883,7.6786376113893375,8.495322448824496,-27.046360810501113,2.0
20.579501400018007,6.290324132173326,7.038603976488513,-26.371616839560087,2.0
20.228536870657337,-1.564549229077628,17.39017168012802,-11.437144100560582,2.0
19.426621247750322,12.06988133072202,11.768479383884904,-7.358043455066309,2.0
17.337316210586106,1.5841457116628361,18.458645375870688,-16.027497051953663,2.0
19.779410067551392,1.6011623035511033,20.607861955048584,-3.9018826554550365,2.0
18.160723502060286,-3.5390960215090446,14.572387607870507,-14.586823654993958,2.0
18.04534106937593,-1.8305650935529991,11.717463616631921,-8.497342062262696,2.0
19.01714551933167,-8.32381539826645,4.82589568532798,-11.884039983085028,2.0
17.92320611800625,-6.454505508475168,1.8463189039550532,-38.416663614739726,2.0
16.23802303109612,-7.628895603076962,4.271168341626964,-21.431379409763057,2.0
11.552719795090201,-8.663646140894352,7.536543948900739,-33.55205721824124,2.0
17.902060658151704,-2.0301302787996613,9.357766880932164,-37.75034913099492,2.0
18.074088412680887,2.8318667773646076,3.86347822623764,-10.662393426177612,2.0
16.963590267925607,-2.6824610294901277,3.6945049503366123,-18.79173866252883,2.0
15.959951879549203,0.23396818122224827,6.931983348921067,-26.81760466641684,2.0
16.95744324810533,1.3692703746570416,1.87157460502553,-25.088588479901574,2.0
16.312397208841155,10.24090861466199,9.023400349773484,-19.9337236363896,2.0
15.158638354265179,8.092050279632405,8.010658727173315,-30.845064047384604,2.0
11.802652618337254,2.4790441897917104,11.59938488133215,-17.891577002098234,2.0
13.027885998867646,5.552633232801041,11.94318549936351,-26.761469711809017,2.0
12.51802761832986,3.9739480115017902,4.406687587035814,-15.910459203299604,2.0
11.862539474037018,-2.5370268533939617,14.42439715909607,-20.39756485346251,2.0
14.945273007452295,-7.28489343604576,8.304454937478294,-24.239273684490826,2.0
11.835075518771028,2.8823461682748404,7.1265430917177985,-10.492647181690746,2.0
14.58600991816871,7.435931754579098,3.0465993067942048,-16.277585610132398,2.0
16.89881851326153,17.454706946620632,5.62082540066325,-10.279153724038746,2.0
21.224732461678656,-7.2266058488326115,-32.633482422030944,11.839730720195476,1.0
2.207262033659539,-7.710714122245513,-31.55338008809439,18.127137969803222,1.0
-12.024634808037998,-28.069908592633197,-21.321562635271942,25.25681064024191,1.0
11.500120900489193,-8.71045616463709,-10.793951183452164,21.78990970448659,1.0
12.38321548865596,-1.1589540946949182,-4.740981317244621,25.214670764372162,1.0
3.181215292273013,-1.548277962405006,-7.484418723465408,19.17088179626175,1.0
6.2230127255112375,-14.55751054316216,-6.975814051389158,7.438084519618661,1.0
-2.4488172307388156,-9.853006015508523,-7.495221337243892,-1.7540840521965126,1.0
-3.12199898534554,-22.528450613911996,-16.57046199176723,9.026478154830414,1.0
-8.065176830022645,-11.7475507740006,-16.256521651213877,19.597661460577193,1.0
11.980709781569331,-30.11494459562632,-21.39121764576016,2.7855586573121487,1.0
16.735387211183657,-19.864965331538674,-24.86218385144153,17.9077228489349,1.0
3.2739240713122593,-23.97222793539519,-39.04359868904167,3.5497665054508296,1.0
-5.108407935641299,-12.459308757426912,-29.67410243831295,9.579510660828507,1.0
6.01202396304202,-5.229387816434958,-38.38023797310203,2.147188813529457,1.0
17.428596298355057,-6.697261943414436,-20.215329418981177,-3.8471864944676417,1.0
24.175558592733903,-15.020758456874301,-25.575027754805863,2.86062836940488,1.0
13.280950845981678,-15.67104927786371,-18.29612995899477,3.0729245536445617,1.0
5.445065268111879,-35.124465950872406,-17.675478313329513,-2.4737409243042734,1.0
1.9386006244961385,-17.021094818548047,-8.601980586139371,10.647853427452755,1.0
2.382417727884351,-25.43771623449043,-13.70022216590104,3.741982665490969,1.0
1.9579341402987847,-30.03734000402696,-27.574400985066667,1.174343504424991,1.0
7.48576876993989,-25.59675572496308,-27.306037340025135,5.750837703380276,1.0
8.432054180499,-14.209606074796284,-19.449091111184703,1.977134007899946,1.0
9.739100002366749,-5.867202446537542,-6.559178542441064,0.6476411953199244,1.0
8.486620373429645,-13.508231690127872,-23.905061591387415,9.407545408739356,1.0
-12.139298296068329,-1.952153886459639,-15.279018147948054,12.69267139620071,1.0
-7.822766038961128,-3.896908777044356,-4.149649381975042,18.043761760885733,1.0
-0.9110251300079817,-13.321144419401111,-7.531016664644419,11.205051178327825,1.0
1.2492569303920273,-20.633430920870957,-27.09131808016805,3.732320631101107,1.0
-5.147934641715716,-9.96292435325204,-24.83101517415393,3.8324622465565836,1.0
-4.132669242428939,-0.5692530554021857,-7.838818744495358,18.165449747844512,1.0
-7.319753183302391,-16.963328452795686,-5.752547675265898,7.792665302279,1.0
-5.993582898891393,-9.117950629027908,-16.98651594002858,17.10112812930077,1.0
-6.440016070458549,-13.099969374930602,-3.31827769281486,22.789542710218583,1.0
-0.8953570214976372,-25.998468941712048,-10.308124462991035,15.61697509506912,1.0
3.1665634472892785,-14.576259978539564,-13.54051943630704,1.3968321289834469,1.0
-1.8373782326662114,-18.6418312224042,-2.4376561045817358,13.655352653402659,1.0
-0.3665694683804248,-8.699759435739999,-29.997661544866524,5.304733920402998,1.0
8.015169325464479,-19.482792548529126,-28.939574333326597,4.285565566340166,1.0
15.442614719555861,-19.337689943019548,-16.868283029431772,-9.704714817157484,1.0
9.652144961301211,-22.47958678100591,-12.912567901511512,-17.80533134508071,1.0
18.90143195584401,-16.392926595095545,-16.101854393743526,-11.203673548418244,1.0
18.519233616648528,-31.908950691995276,-32.6235128941532,-22.001666060948704,1.0
23.4703630618465,-14.958266555807388,-26.111299001393665,-5.308037820220447,1.0
16.133520649366957,-7.473745724210511,-33.69229735985352,-6.03324058307449,1.0
-0.3497338567775081,-25.666676000264648,-36.656910972379656,-6.7796199344786885,1.0
1.3842663983115155,-17.40442324526302,-30.27133578446876,-12.119923774859314,1.0
18.417854693478272,-10.729526009423122,-26.0259287841451,-6.395402431841974,1.0
25.244804462270714,-11.142013074499985,-28.686824431036023,5.723653479692411,1.0
15.543014736418574,-11.50577801565128,-43.75783396880867,8.515265481462265,1.0
10.448765856359396,-18.09505108587505,-19.002141963825324,8.992995619915957,1.0
-6.141222268504746,-23.888572967405985,-37.731059090746896,13.330958847041662,1.0
-6.787516630658086,-29.51046241675698,-33.62083254620637,10.212068135070766,1.0
3.8539789927554655,-17.833401222484852,-28.154410375532947,10.57258310963192,1.0
3.5156610247088143,-3.6411966638495876,-26.008836281881017,22.206136098312793,1.0
-4.871168259072867,-12.490766936566711,-16.128222534002703,9.394597253074018,1.0
11.832023654051063,-24.9618395416626,-43.28040095046282,14.527371763546405,1.0
-2.597403632350776,-22.532692519508,-25.54685434527836,7.854902276649948,1.0
9.859657926209115,-13.736027272791508,-23.648715317880118,7.035645506725411,1.0
11.611584623176626,-15.671424507165952,-25.609706854974203,0.5195526755246611,1.0
3.241634119425421,-18.441931932605925,-21.931280028598817,-8.460118499578893,1.0
4.419325809195065,-16.651246634677214,-28.75675793447536,5.411695022847132,1.0
-7.623947974931498,-5.128535278553322,-26.171105719718714,9.034254284530736,1.0
-1.653424165110371,-16.4543393423164,-30.690770141256316,5.812780305895885,1.0
11.318150439306152,-15.665515973972582,-24.85431698993031,4.701848905266953,1.0
2.2194461955537834,-21.926540888663705,-41.34209810968338,-4.617144528272188,1.0
9.965034079861754,-7.538306517739754,-34.289464624344376,6.176470977685508,1.0
7.829398991109487,-10.332080956708555,-30.06684899854279,9.009215116299771,1.0
10.640363506870695,-16.76323471610559,-51.881617547908775,19.942287679816996,1.0
4.205614519661388,-13.834763685166651,-33.78516735781502,12.731344804869401,1.0
2.6063509308091843,-13.958139707227085,-5.243464911720366,9.73412406259616,1.0
1.1750053760401005,-20.31251585205891,8.344886509232001,5.385027182727188,1.0
-0.4978678252052309,-14.8017652222189,-2.9143170785035544,3.1172676969994617,1.0
-0.9783173318569819,-26.731620061688787,-13.68527925914709,-11.400190079840172,1.0
5.891563471701016,-33.50239995118645,-12.347704793525772,-11.073122763483918,1.0
5.286204107628424,-25.08514095455643,-22.70463538325526,4.702127254544815,1.0
12.469553858325414,-29.133157442973335,-15.307141100493876,4.006473952616741,1.0
4.136087389273364,-29.399435380118312,-14.060115670756662,-8.278973408684891,1.0
-2.407827879951876,-17.14792334209884,-21.606596447371178,-2.147076709474401,1.0
-1.6728885985230368,-9.669977716052081,-11.031746075604977,6.913950462959274,1.0
-2.579699927264217,-5.2797016004635875,1.2264351999746985,9.33617907355121,1.0
-0.7618321275388276,-29.21040016967429,-7.199579388547374,4.037625281797347,1.0
9.591288499827137,-27.72530856163152,-17.049967700980574,7.90783878548187,1.0
17.023099376827503,-19.62831180134085,-20.086078772524576,2.2159561519066147,1.0
21.739805624772654,-14.839922513262241,-27.547869371959873,8.470371836033852,1.0
23.89117733317899,-22.356285093894954,-15.835821559630194,-4.107076642767623,1.0
10.121626698463261,-13.395987757262624,-15.399520115327423,-1.761273013434122,1.0
11.441730327361642,-9.617862178179962,-16.424000243886244,6.663091490940877,1.0
10.140318560380575,-12.669228435071798,-14.42977218194427,11.556046453783644,1.0
-6.59726780712932,-25.573211156848107,-7.790930241724958,15.351085386923163,1.0
-9.524324074085627,-20.838134671234148,-9.58280763262543,9.816666491339362,1.0
-7.147469123359552,-21.51358773252465,-12.763047962046894,6.229364308436096,1.0
4.068825124479793,-22.225948902767335,-46.90434178463873,12.81507584905523,1.0
-8.018298447097774,-8.95423582533149,-42.59911779520895,8.402173620659445,1.0
6.840561551888178,-9.992140817690228,-31.71515097641151,-4.297765058489999,1.0
-0.1797331804466733,-9.272745882224719,-16.385944589227485,-14.128813013060673,1.0
-12.187888065167414,-11.806744707956714,-11.52898588941708,-16.29485996883903,1.0
-11.87060043989398,-15.161938799461868,-34.488794128179364,-3.1056607522037245,1.0
17.649444250750594,-20.01760690172893,-33.31620733360613,-7.1595696358784995,1.0
12.802053685706598,-33.152475524645006,-15.431595621962574,-3.5718608718832097,1.0
8.465309904094383,-21.55599838749847,-18.119939518107255,4.611390487979449,1.0
4.428990733242696,-21.031671084227522,-30.83903097437135,7.940446395779977,1.0
14.870002520571738,-27.666299710766012,-22.966061871954224,20.94842179800397,1.0
2.5085023256586023,-26.001776788212183,-9.756353719384135,3.60338308876379,1.0
9.832013385106285,-33.26093198909443,-20.91778459097792,8.500555088804441,1.0
5.9248482500076545,-33.988282139985195,-15.1446539179728,-13.35835278610606,1.0
17.813407745157626,-21.76395398654801,-14.426720254924241,-9.038481708918097,1.0
14.381851126499367,-14.011975419599437,-19.98358922477101,-6.106912519611193,1.0
20.219349196089812,-18.837818700248217,-24.446415247808375,11.81596213945666,1.0
9.438068832427012,-29.040152833448055,-26.83439080651523,5.84140991069331,1.0
-2.379211213795976,-24.50513489731879,-16.357971206796265,13.676214928794973,1.0
10.273988802872305,-22.845398443489188,-7.656578961825172,6.836382121686574,1.0
4.701780266498052,-24.81401432841391,-4.026179868851472,0.2127483337370606,1.0
-0.2769352301117529,-40.293529720893375,-16.28192524077526,10.197191032615653,1.0
-0.851055787801495,-35.65732711103571,-12.936088661209663,4.618235435190121,1.0
-16.616279907528938,-22.08676841276489,-27.36404020793153,13.27916154189581,1.0
2.9023763546692933,-32.139168600991255,-17.20180045365648,16.646454116014972,1.0
20.177068743080177,-24.743078855018176,-11.843163936361922,12.170413482096748,1.0
17.689863376378963,-17.037642840831523,1.8154666824728096,16.951478131739805,1.0
13.048309055316725,-15.435679286757738,-7.152205079732164,15.672346117568097,1.0
2.26960540736016,-15.564730773024419,-3.4430862282559644,12.866205440127388,1.0
13.436029616297711,-12.766041434099382,-10.752235524226716,-9.560611935899436,1.0
1.6001738891463848,-15.45591278222416,-14.088406709856647,8.950173324591574,1.0
3.559139983868875,-19.611529739196474,-14.1079838698728,9.037034327446605,1.0
2.7722124669990347,-23.374295618223265,-29.51550709650438,11.752769100889944,1.0
11.767906417855016,-29.246729150272213,-37.78247356622434,15.01664856176591,1.0
10.771778060621381,-7.7161024248477075,-28.6671930571084,12.523668380025024,1.0
-4.653948235678543,-0.03868804303655615,-27.13467450699367,11.839078211087696,1.0
-6.118456743453439,-20.385868367376013,-26.273768688700528,7.27128606081499,1.0
-13.576957301632033,-14.81474335785128,-20.89151218701366,-7.917634745062895,1.0
-14.813141772034463,-19.018140931992356,-19.157871916037486,-4.079189652900704,1.0
-10.155631106135372,-17.852362946265515,-6.991197757747438,3.666319427609738,1.0
-7.856738033627045,-10.209530841551896,-17.434503526598363,-7.824494403144122,1.0
1.0568101640873997,-23.58015749616324,-17.882163705411813,-8.84662305769251,1.0
9.96478917527672,-6.3125601963990565,-7.274679774377187,-0.20634628955363965,1.0
16.771100537249986,-20.059881183272783,-21.947239507088675,-3.809548181526924,1.0
12.100987039649622,-26.212791184662265,-15.331193057779707,-6.523084703426315,1.0
0.7428221149592167,-25.557033076434386,-22.525863137910996,-0.0776772106734116,1.0
-11.225048977545535,-14.475059036279031,-12.867496428227494,-8.8350894060342,1.0
13.21687053729335,-33.40648984021003,-2.6359635406617876,-4.582421566076803,1.0
-1.4481245336315451,-23.39367267694457,10.479844934975574,4.994898151255238,1.0
-2.7207481449443742,-27.725347296206508,3.8417090597314356,11.0722510885673,1.0
5.636886190295609,-28.657355319270145,-8.32906675006053,10.168363668869107,1.0
-7.424485616193881,-15.087525005371909,-30.754762450177154,12.488816106736394,1.0
-11.618932818195386,-22.720067585158425,-13.50405309052535,21.593292281228972,1.0
-5.708539390840664,-16.203558821867965,-16.750905116285583,17.85325918434828,1.0
0.09381729879730027,-22.47952792475814,-32.34770601747168,23.378831087974543,1.0
-5.441158998841267,-11.448888059288151,-9.247920336743832,17.473021686414498,1.0
-1.5636613872256522,-34.68214920418348,-5.631149449173655,3.023906138775378,1.0
8.71153816872779,-28.520801430194854,-27.7276437950459,16.800308733943027,1.0
2.2298944276415247,-29.442650538358034,-7.164883987983515,14.13820589210518,1.0
-1.0594349566876353,-21.470044914286945,-11.94952731129943,13.881506858227208,1.0
13.6558958499435,-4.429752069874816,-12.2955766660187,12.8574218144356,1.0
8.964673077739132,-13.394490277606746,-19.382561063722232,21.786440087812743,1.0
11.598019814834064,-4.578924331407924,-13.406645634017007,19.82141554543832,1.0
2.887280873791937,-8.97506071473249,-45.66154820198447,15.520493615324021,1.0
-4.290498222130435,-13.472853235317707,-34.62909918540717,13.831308512886695,1.0
-4.760073378696017,-10.959561437586144,-23.53816264670946,12.364169926589671,1.0
-3.8272391709680833,-18.656141932592558,-20.109935482735892,-3.2842160122820587,1.0
-5.313451894219701,-16.166344784182087,-24.143385442639705,1.6261488111573934,1.0
7.203974158641859,-14.088874183928565,-36.89174136888875,0.8484801062724898,1.0
-4.982255349099152,-20.561216576667587,-16.811235438205788,-0.36397666687105623,1.0
-0.241826477944028,-4.395307407698967,-6.566004326962551,-3.020382133584575,1.0
-10.547189816855244,-15.549125637880515,-11.62844987423777,8.256787698151632,1.0
-5.303014537346359,-31.11188502906662,-24.890913442710367,2.6004111985890654,1.0
4.188266609232422,-20.42598776856988,-26.465236340592536,12.622767020991708,1.0
6.196336844613581,-31.02706837687466,-6.6538246196470165,12.103598948851259,1.0
7.466656663525899,-26.85849939898877,-8.677505405050319,-3.1493177071057605,1.0
-1.6471775728456475,-16.92836646311023,-18.71637364239792,8.949008307883787,1.0
5.680152979473271,-10.786233478305098,-12.150984947580595,19.543338866053446,1.0
1.0420986142843103,-10.67571860435373,-23.785856396543927,12.534148521830769,1.0
6.510568762705087,-3.6139725726854266,-28.59696189174754,9.77140109734971,1.0
10.341520797438278,-3.849689110931328,-18.118082938455345,8.79035814438443,1.0
13.936907316508146,-16.339940648415727,-4.1647822245599,13.70116165415131,1.0
3.6732109999187594,-17.652274110565944,11.538013243859481,4.756250257965112,1.0
0.6251016914532581,-22.934750406478756,9.631564134426549,10.929211688090028,1.0
-6.233399023577704,-27.75827602197155,16.857679032634195,8.827213331881811,1.0
-20.686772290103193,-10.237318225327863,5.637587737645072,3.7172613441945024,1.0
4.798119388024309,-6.1101383635932285,-15.4120568297675,10.509575022117362,1.0
15.113891599110346,-14.762927550457885,-26.94146469079236,15.95645259628125,1.0
8.130053667753057,-22.124228530529138,-11.97559134214884,10.324029996837352,1.0
6.706982633747595,-26.356727693512273,-13.325458305950352,-0.3451490813034912,1.0
16.96472380264089,-24.944798638128724,-19.797431079671057,-3.1535258230348866,1.0
13.125170483004723,-10.99987414955435,-46.21041470913344,-3.896634678405479,1.0
10.900757006772466,-15.051456953193192,-25.07752753434489,8.33826467975949,1.0
29.712325631052593,-19.164967018376995,-31.934977564176258,-5.642676701388151,1.0
16.239941149457067,-11.270433924151419,-30.208087889392658,-2.3998826152634267,1.0
1.6222105399445952,-11.05753743919074,-25.408538398174322,16.894001514065064,1.0
2.695612602538471,-15.018274693532854,-31.644198573905268,17.22812022606945,1.0
23.43687336636123,-9.691853963407063,-38.41709850916626,25.49400309239703,1.0
17.37686903489096,-9.769368990786546,-24.59066327666813,27.63029912895795,1.0
4.007388783823945,-19.84837038873822,-19.209278025252942,23.360917082485184,1.0
14.538651188975921,-4.971280840840967,-32.66806859339472,20.779070378389346,1.0
-8.265979958179159,-18.387536067167485,-12.884580319188473,14.1842646558704,1.0
16.799403664662492,-17.994222492886337,-17.149249401939628,11.432604293905094,1.0
14.579704934109945,-17.091844565817773,-4.995328413868709,11.862490757380073,1.0
20.524426962024403,-4.185715461385287,-4.258728641063991,3.6533338431520592,1.0
2.5523753584473807,-6.936685022853478,-5.043159236939726,14.932728872095364,1.0
8.044838836855542,-20.3646130474,-11.185044415593914,13.800405044437053,1.0
2.584324164082412,-34.044209601053076,-6.3445391816423395,4.079706819618975,1.0
10.94147223972859,-21.993049332162013,-22.078556436915303,-7.77695369096358,1.0
1.5737554627040629,-21.760990731728903,-34.49004256345002,5.254537426518164,1.0
-14.4069030473394,-28.875925406392525,-33.763309567497814,7.221319615753147,1.0
-2.473698371530702,-23.540857967383175,-27.820333818772998,4.790729768553072,1.0
-3.57975232169726,-5.681941754559952,-15.573257356700188,-0.25426113113774473,1.0
-2.8317497954307065,-23.848072293934585,-31.230676088999168,11.73712958495945,1.0
8.142232405072285,-21.57116846393312,-25.947488102221133,8.099177999651562,1.0
7.672960675375649,-39.045216291512816,-28.99820812616955,2.3410977762911767,1.0
6.44073352737047,-40.495699953745365,-22.403755845069117,13.85044017934244,1.0
4.197138315825667,-13.880118808714016,-4.358620854057456,10.543905655411523,1.0
5.747563992899634,-1.721914065162781,-17.78948763634145,5.1465696976915485,1.0
1.8478770372468274,-9.434999373386319,-12.305229588739948,5.541594737932231,1.0
1.048824587545429,0.028528302824742724,-7.530089226058639,11.703189584420972,1.0
-1.0120866775877033,-3.064774736374263,-23.48085804193189,-5.10245241996436,1.0
3.7747478623401607,6.643437817861461,-34.267691966332194,2.3699168668283974,1.0
17.67091865985462,-8.18365377895486,-35.667892519455314,4.952325305280671,1.0
20.16889832079319,-19.050777533793976,-20.885433406628824,-7.98815948673303,1.0
14.781841465892066,-24.850674726394168,-6.1631910626997,-2.5671163388046967,1.0
17.916681708033586,-11.258049689360703,-21.71234394638551,-0.5166729150451514,1.0
5.421248157340086,-15.262286691398938,-30.04568600501138,7.416691882113162,1.0
-1.5499681311115134,-11.659245817710046,-18.019271619729707,6.344502505219618,1.0
-5.583397258384254,-21.687791726388774,-14.525208526142587,25.663089876198363,1.0
8.286428600912146,-15.276618487759377,-6.856150767566757,22.17827629285919,1.0
-2.393796540473359,-30.374707286474777,-14.578797095438194,-1.22423566271119,1.0
-2.499980055221566,-33.76547331822594,-26.914385643376555,11.573672513413747,1.0
2.787946781855454,-32.64384257490005,-22.44997326375195,0.7218478410720994,1.0
1.385382508140018,-27.811704656650353,-7.801454697150611,6.415625731356153,1.0
-11.378879281997916,-10.213903111797125,-33.504085906683954,3.4936726796547504,1.0
-1.2129958653164854,-9.64984105626909,-25.54813628486467,8.38455601587739,1.0
1.3525668049810933,-15.223398685959012,-5.310507328301831,22.58268793914027,1.0
4.784277327530411,-13.652658772925907,4.611733846179256,14.282029075745056,1.0
9.468447099917247,-1.2865608313391146,-4.408681038874869,3.138795689133783,1.0
5.296507130866629,-4.005320195062616,-10.49714857363313,12.846193300708563,1.0
3.325069013874886,-7.8765932968239705,-5.233127800651736,7.1143269379169185,1.0
13.491991857591016,-17.71303008678968,7.999575318195803,4.916399968602388,1.0
5.310798968906835,-29.641509668313983,-4.777912976407054,4.04835437055186,1.0
4.782264031690357,-31.201826203289862,-9.057950013593313,14.051082669200046,1.0
-0.3806135567009875,-25.26207006253459,-6.55246741942311,2.4616868105940872,1.0
9.346714397639412,-7.398071411410026,-19.968725413362336,7.777835487008822,1.0
-0.08337234495132195,-9.164198067276567,-14.867584871203295,24.01080460057236,1.0
-18.171668032568704,-15.893023833646016,-13.081295372446302,14.438278481647679,1.0
-16.23058563880831,-14.122481654273857,-16.044158839448055,14.004212043005847,1.0
-13.570291786579268,-23.631026098215244,-27.846082710028853,10.37539888669947,1.0
1.3850172536246892,-13.415848207146777,-8.68376485181912,3.1784723153000844,1.0
-1.0263882033604708,-14.776952369873875,-14.450172805232157,-0.5501530586466705,1.0
2.4517402496476675,-3.189024800267278,-23.756161575279904,-5.799446959905051,1.0
1.8401879180163525,3.955073171863166,-29.07740534440924,0.4615975149795677,1.0
-5.955502113931541,4.424404846937652,-25.834913118015475,7.36925055451767,1.0
1.7755075877632471,-17.28663129284071,-30.891894010923224,-2.2894955115608635,1.0
2.721934034205468,-13.19363967273026,-26.171110820700786,5.808281332602019,1.0
-11.134749539664519,-14.127521986908526,-19.14848194736131,11.407774263384834,1.0
-0.31900026939813175,-14.164136699828518,-21.20007555220902,18.820515288975912,1.0
-6.741929516365726,-6.4361878466774485,-11.678969119364243,13.4922805515559,1.0
-2.5688265544836955,-3.27040511500031,-6.537636426790721,7.8402858763447565,1.0
8.701889235041126,-6.260827887461815,-10.529365744781888,5.384797131223968,1.0
-1.7966897790168463,-9.311761546274147,-20.0199694918042,-2.236716254004394,1.0
12.619393176901744,-19.867242494018477,-34.425186786614006,11.073459284546843,1.0
-15.173452351270033,-5.932313585417912,-12.842377549088122,9.204030937076137,1.0
7.293586359491952,-4.90451752700385,-9.64106489697001,3.7285020651104617,1.0
4.887593907808071,-35.127299286263145,-0.45227363595812875,1.8504276160016584,1.0
9.447442858584713,-32.56399160435799,-25.326616179620366,-0.8364313765941063,1.0
8.640881751738338,-31.94831974479119,-24.52292225679226,3.0455517849572695,1.0
22.593113057433285,-28.236082187859566,-22.000270744314697,5.218522131506494,1.0
13.67348723578922,-19.204360470576166,-15.181316429386072,16.11851886999441,1.0
19.572874522212015,-20.171560470701564,-2.666293279438028,4.841416323215647,1.0
8.174727176963685,-24.463646577413044,-10.85764317808058,9.373131752441953,1.0
16.504352843787487,-14.216134039821217,-12.643515101862093,19.130454254948113,1.0
11.487917131759513,-15.742181395151421,-24.774960983672663,-5.2940925058080115,1.0
15.674781627457435,-20.565146940291417,-35.652173736855815,7.575385892720108,1.0
-0.8046038760055427,-10.81803026752358,-31.64078375289595,11.607628265542772,1.0
-12.456130440262166,-6.640298837566147,-36.22654914044564,7.973098652243033,1.0
1.686524007349571,-5.800267827803966,-34.07945101859057,25.06470673843831,1.0
2.3383719477858067,-3.8403201171016628,-13.475977476955356,9.610228327722936,1.0
0.09369334266833462,-7.888382249305059,-13.09363049416886,9.775756660751558,1.0
10.464766846872717,-27.343970060181107,-12.988602789731214,16.744858980747733,1.0
20.429372063560393,-16.00727950419833,-26.460378939723217,24.23184492476343,1.0
26.873777482065258,-10.61676336928712,-22.347379855741416,18.498995586908407,1.0
22.567842103454655,-22.10092660595592,-24.796721373381747,10.581461584288544,1.0
13.615232331988253,-22.43588104362926,-10.570170170727055,4.364595151586098,1.0
16.638905952389866,-29.022747301669146,-22.746605441113054,5.4401437678373075,1.0
11.874882318566236,-20.750131993976527,-23.510109977315352,5.70124256500112,1.0
-5.651972662269504,-12.957454546834894,-24.117872081497804,11.26851422200103,1.0
-5.560333755132154,-8.758461015166276,-23.792683294839435,-0.3447901037346419,1.0
4.5737111718592125,-5.89049638861689,-21.90551159259942,8.769039941583683,1.0
14.284444487769417,-20.403765776642295,-18.884393439978258,22.58039880837096,1.0
-3.3558501058087007,-31.769826001952286,-35.401672898005316,23.687749315135882,1.0
-3.817312023924993,-27.700165930706003,-26.63056067356377,18.8102089184522,1.0
6.740071857390604,-27.98587274678763,-23.63338789502118,-3.862262106178077,1.0
7.148259480653445,-29.071928394173028,-31.987765024529434,5.6141291492985275,1.0
6.224759628620533,-13.93998849943536,-19.1466599511875,4.897995212441945,1.0
7.30655557641794,-4.953621637194228,-26.98927729442947,6.759966621156152,1.0
7.48431358219708,1.407139911151729,-11.063560403369546,-0.20998889231783835,1.0
5.510504407278763,-5.396002659327788,-14.01847274239403,6.4216885970060416,1.0
7.349101570367633,-10.99981647036315,-22.844135621287634,4.599075706228887,1.0
8.758333725356316,-20.5950353057746,-18.40494153770776,-6.7897999627390355,1.0
2.8051895644321276,-5.719412413528756,-18.775875979510005,1.2579929134229992,1.0
-4.225600946558674,-8.250771545078921,-14.329589524552418,8.219006591887734,1.0
-6.419425307911667,-12.473448134559206,-24.538730762839123,-0.41793936253623976,1.0
-8.751486968364322,-9.6110032259108,-32.8591963265532,-3.1557943240806345,1.0
0.5630699779777357,-19.200308703139562,-36.91952297879822,2.180357266904691,1.0
15.088394792052894,-12.896049918329778,-18.589046461131765,2.6756272776103796,1.0
12.69880102256847,-8.398869488114387,-8.590839641950277,11.775232939914677,1.0
-15.796828458310536,-6.613086572599869,-2.9291507525438263,8.790708368950277,1.0
-19.905372189910235,-7.68827811522446,-15.346725228370648,19.786541407398367,1.0
-7.414519754548589,-15.296148664608243,-5.5076799740604585,3.7814263877196774,1.0
-4.175524187641928,-18.298916969603688,-22.968449014835777,8.084593420885092,1.0
0.7346052959989997,-16.650436798664817,-24.305187621040627,5.588712371484711,1.0
4.406733580547749,-14.748374433114453,-23.69191190868961,-6.764781903192741,1.0
5.17790065106222,-18.134871913530805,-24.61859283344164,7.347899876239728,1.0
1.9061928137205975,-15.53915382590429,-33.837147933450765,5.015996730459746,1.0
-5.23907741531748,-4.433480289707706,-34.63426340035055,14.154823647175938,1.0
6.611325288725998,-1.402355052481914,-33.120750040911304,19.883591974222593,1.0
4.990269794927231,-3.327939980233719,-43.54689301995025,10.680693559138284,1.0
9.714511151089862,-19.796697925055774,-23.473597772551017,16.62900756881602,1.0
26.137730695074875,-8.523998057874683,-22.315312351920262,10.694762276695734,1.0
21.124998926968097,-15.923500094715262,-22.56500876264361,2.5709256851082447,1.0
4.01995484865687,-22.078416422523567,-23.56134853031262,6.313832859641981,1.0
16.84173700712256,-26.760807978368533,-17.790732965924427,9.231656486967092,1.0
5.438006821282877,-32.44074568150012,-3.4016232773944886,3.2952211410588164,1.0
9.003376803648237,-14.027067221383266,-0.8696828633164575,5.267391290855649,1.0
11.587336911786167,-11.16283531602788,-10.146009257444017,4.6325609587534125,1.0
6.396872396003909,4.9557038064790095,-26.54177809365529,16.514535834181082,1.0
17.437737738728508,-26.255919818544964,-16.36602789650436,11.612674898309793,1.0
14.457944452174761,-26.796382169803692,-11.51827218983254,-2.919101455805828,1.0
-0.5601567161429042,-32.19836137192916,4.973082621630375,5.408984076718543,1.0
-4.60766776420073,-34.67795649394509,-14.205225908544787,10.690970418618713,1.0
-4.461544594336194,-22.672277134013836,-1.558805059846831,5.5229339578060435,1.0
2.990885616423051,-22.18383889653715,-25.12014766489657,2.2453988631895845,1.0
5.499456582363274,-1.6775536359434682,-15.612857657384357,11.827889782605784,1.0
3.636845086053449,1.1866731135960773,-17.724567193994773,10.276070638148688,1.0
5.001100263038106,-9.551637384955862,-31.65130012222672,8.849112783631055,1.0
6.406845829028942,-5.6519509620053014,-11.880159434693459,19.638915844701465,1.0
14.571776786791112,-15.174419168343421,-19.35906164640561,11.021340746753562,1.0
13.757780143702039,-12.62861586018381,-37.0923802917753,11.954055293322053,1.0
18.901842768853015,-14.899085854378841,-41.609716887208606,3.542608149746613,1.0
7.825330151427733,-3.3281413559157684,-29.95485649614927,9.484021193657917,1.0
22.12462005980195,-16.462733260839535,-19.170190681202232,12.556108507290029,1.0
4.036939131261318,-11.913804053272827,-20.39081953937204,18.094344164059393,1.0
8.686103483893278,-15.169890142458227,-4.335880833624836,10.849233278553061,1.0
17.527770987720473,-17.01845304788296,-7.18795945207161,9.239255206037194,1.0
11.168189666756593,-20.409924920679003,-9.625003893037102,-2.209360536125714,1.0
6.539517220943777,-17.448547958061383,-1.6160006926298927,13.486504464590357,1.0
12.336726700393204,-13.279761386427964,-17.627488205324482,23.158656680611053,1.0
14.103853749600223,-1.0200640009397848,-19.849252943583437,18.910560683679236,1.0
9.51852173100094,-0.4841572224936659,-19.802965808951832,12.863365117948415,1.0
9.186128231944107,-10.403958842056763,-17.311810255503666,3.5328581890597786,1.0
15.049835998152844,-7.227957043325009,-20.005901144426897,5.097465706552141,1.0
21.311422027387287,-13.118632835587675,-13.637818291695831,-0.7911676528836926,1.0
11.44522011540321,-18.80866150483629,-34.42286470232217,8.088532660594536,1.0
8.424969144393586,-6.1866079827922125,-13.040181066304678,8.227024965996248,1.0
5.725406603688022,-7.4187422721043745,-8.674496318789796,-1.7447253085063457,1.0
10.077147954684602,-21.875190188517426,-19.88918619097291,0.6702320698975779,1.0
-8.521942618222015,-28.955904923278077,1.9332224623216163,9.09452481668335,1.0
-5.2545517061462865,-15.494729881387345,-4.080930833737142,0.37254298737691083,1.0
7.7842355018007545,-14.026274938073444,-1.5215774074145756,9.956739959545512,1.0
7.101046168198,1.1115327577051115,-11.440837801227874,28.772933559000723,1.0
-2.409969404156077,-15.61808713947853,-20.7503637129659,25.351839525687673,1.0
2.510127182028081,-19.517460015187293,-40.80289866353413,23.784585244972348,1.0
-0.03886333037907175,-27.934415403183273,-13.619704528508935,23.947731107319285,1.0
5.187418727659187,-31.133799595130007,-24.5390568208125,13.553028679374712,1.0
-3.7588551117860387,-18.059093691276043,-23.447298161680692,3.472968210947889,1.0
0.0651086746759022,-19.755249068677152,-5.3562985132325736,-1.5283209723337376,1.0
1.9993773221746718,-19.56258301829538,-19.048030562800662,21.548497816080157,1.0
8.508821679808765,-19.338875322878394,2.6509480114980093,13.019166614238657,1.0
-1.490069167655891,-22.262064526907487,-5.238216333835231,10.418944958165234,1.0
5.7377290092355615,-10.253486198756622,-12.14926352200969,2.922426772068544,1.0
8.875386997360742,2.2099608451537076,-6.612012396169471,15.34715759104805,1.0
9.167451287511959,-9.097689385146207,-20.392963348383052,13.813958972000512,1.0
-0.5719132499415727,-20.786131383102706,-33.5496559426993,31.78769977296911,1.0
12.820426772097658,-12.47418412971387,-24.630189552503957,25.878257454132296,1.0
4.643092742853854,-13.21938414461462,-31.75666652241976,13.843111183274907,1.0
2.7447967687699846,-18.288882446140185,-38.33673529156863,16.795168632944545,1.0
3.2922004381820553,-23.255374637806888,-30.247161271112454,10.450385587139891,1.0
14.42915310216993,-15.174739784149725,-32.30014872447436,9.438275412553093,1.0
4.395215274132008,-17.808979094940767,-15.623396481323084,20.912853873558706,1.0
16.75755966153617,-27.017851378547004,-7.442432418216642,28.339011874571923,1.0
6.325924131113087,-6.9915532108735885,-25.65963059721243,11.211939266968344,1.0
8.524539686895258,-3.1223282164012005,-24.361000303848712,10.755576174109466,1.0
3.693674387446825,-11.679232486813829,-24.75916114179983,8.680509793535544,1.0
-8.911786232933665,-12.02409240123402,-28.127267284674115,15.451125774166192,1.0
-13.819098192590808,-15.419552331002233,-38.39933830064081,9.611315510619514,1.0
6.137722623943407,-26.364287040422592,-24.09384430150727,18.053740508175544,1.0
14.053569258933981,-18.81247851868046,-18.06448704816103,5.402794933778015,1.0
25.478428404994077,-17.85885281906955,0.6770827926061322,24.967714586297618,1.0
17.562162550320235,-25.05166101157252,-22.50958672515658,19.66686344311529,1.0
22.5349531203402,-20.798378188846577,-21.842424916539947,7.686550352961457,1.0
12.519730918254215,-18.905572229559496,-41.71065621265241,-12.31197291101919,1.0
1.0339012460400454,-5.893222917651155,-21.95459031625144,-3.8656876488807264,1.0
5.260658080958978,-5.132762267572934,-24.87973680122798,4.55872383576935,1.0
10.531307840588504,-3.461226180016567,-15.204711554238541,11.343775014229621,1.0
9.060309700800724,-12.004122778433352,-28.264788095637076,18.896205220525346,1.0
4.664073871241115,-19.045578464644926,-13.497974138661544,13.169537963825501,1.0
-1.2936804307779255,-21.160580118779006,-15.002425997914845,25.5122766898682,1.0
0.3908854392087209,-26.209584462107195,-17.39024842245265,15.91363876425767,1.0
8.003426937882459,-23.923129522615593,-21.985847258848317,2.6922998801790534,1.0
7.930885876798889,-20.243538637273417,-31.057047185770138,3.5124167048221806,1.0
-5.98270968553004,-21.98130512144344,-22.571856043548582,-2.6604886196425666,1.0
17.484779843422277,-25.29200423271955,-12.441986460366323,-15.876743860230755,1.0
16.17470490552235,-18.88153031794941,-17.63973793006668,4.967719032162216,1.0
17.148494538330407,-7.932029579655204,-25.30022042255023,7.280750499948202,1.0
7.811372097508153,1.7069317598865563,-11.99838258909121,6.668232007474873,1.0
0.1539226715676314,-26.547482898853197,-11.353476301050701,2.513717830859119,1.0
-13.960076581662317,-36.33618509507886,-11.33496612912239,11.804797640836691,1.0
-2.54990306918963,-26.733258546678474,-5.657442379729007,14.145706222657108,1.0
-15.170395257243834,-15.49755044013823,-7.160085978295708,16.005727097879767,1.0
-13.679687540922155,-14.419354774220066,10.895634425377352,20.777025087484212,1.0
-16.76711382842386,-19.89265529725411,-12.606968869459456,5.9531270718673195,1.0
-5.892251553026613,-10.792637935507909,-24.678696261234876,17.413848177134067,1.0
6.012264016245694,-21.921315610229023,-18.111904562768927,17.9431067308573,1.0
5.14071585558917,-4.939305424580885,-25.47703478961794,5.343663540634337,1.0
8.80507791656948,-11.887114849293098,-29.46232866558107,0.02054069209462006,1.0
7.971506459980569,-17.25944179642831,-27.537469821344693,0.4108433495881325,1.0
5.404325293062746,-23.356634908669477,-7.00635185698113,-2.3173635406225976,1.0
8.923897054420305,-18.674788600590173,-13.21720751789802,4.588548585321268,1.0
0.881399795216943,-17.09294484122933,-27.26327386820416,12.314246529726493,1.0
-2.287410733512349,-15.668913275652201,-4.314024973398357,3.4835350765010067,1.0
12.225815062094439,-13.768394909760815,-23.53783024327585,14.49585227621879,1.0
14.015629880951042,-19.745034490878254,-24.70224315768012,16.026010933684137,1.0
-4.513133344192898,-23.23028846870386,-29.200577980256313,11.641827486393252,1.0
1.822196652157909,-26.855445422907266,-38.5464274677676,8.73430380229955,1.0
8.040084073046282,-37.47776105798294,-25.756611502305553,12.17038033852615,1.0
5.806279921484741,-33.184181432298125,-15.486046531144593,6.4526540214117905,1.0
-3.6877442019769417,-5.980132335423264,-26.03343168806756,-3.8859160098297156,1.0
-2.058816174608685,-26.425106319829354,-42.135422134155284,-0.028089894621073253,1.0
8.038624125978151,-2.796243664801331,-14.11975810967797,-4.555450683970042,1.0
4.444288736305814,-3.459930245035533,-18.896081814377705,19.626634552082265,1.0
7.426105156110717,-1.9545055461596874,4.031202202214811,18.297094175055335,1.0
3.5527017061372255,2.0590638773842684,-25.729063802343617,9.195449683058893,1.0
11.889718405979917,-20.645565145137667,-21.39684921037317,6.744999990505339,1.0
-6.2764063920094495,-17.909395180720075,-8.348462052446045,12.746090854866509,1.0
-0.14601569396508118,-25.869685421572562,6.7510092408831195,2.3152140942024637,1.0
9.066272418585243,-27.201466303630756,-11.082253844805106,1.4264865679894672,1.0
19.807622288616376,-23.881049512088104,-0.9826799491705636,15.538875255629453,1.0
11.78906913434577,-6.786092318092766,-6.652285214206527,0.9442808409672536,1.0
4.698800503063298,-9.778119082777174,-20.295914594862495,-4.868528598126954,1.0
-0.16944998608577544,-4.719243621235631,-21.3030861758624,-7.545508614261457,1.0
-7.0580542481139155,-6.1733765634184214,-17.031828621686834,-13.134214747339435,1.0
20.4636226271898,-3.670675544465084,-15.922024168387178,3.7506681213584407,1.0
6.980580931653,-11.399833356552495,-12.472913687982652,8.80965502109368,1.0
12.428095835267197,-8.721456056101255,-14.567638856385996,-10.036833294657384,1.0
6.693091317400462,-22.008912270872194,-12.806609297019834,4.8050325734760095,1.0
7.44828775652637,-29.533585936796594,-10.433125648622479,0.28528296399551856,1.0
15.13919125879709,-25.639812553758304,-5.543810638608901,1.9866893854833627,1.0
0.21904962472065925,-15.552548852629464,-18.306956735064063,-9.925581263639254,1.0
0.12286393555587516,-24.005039615692127,-23.241925346241786,0.8460205744617664,1.0
5.7603216836581455,-29.690612223333975,-23.399710611441197,16.53755288329701,1.0
5.074828966757103,-23.69235774660539,-27.812931323902653,21.113576462937964,1.0
8.334404857796084,-13.351846168912122,-22.168004139555613,21.5792146508882,1.0
5.727863380741873,-9.379376687299981,-25.73187430588359,-2.3351789724595626,1.0
2.475846025672565,-24.22160879627676,-16.518121098790534,-6.157132795045952,1.0
-1.0035047339674072,-18.942028345614688,-6.0864441302979415,-2.46085446192542,1.0
1.9382017523942867,-8.73081138331225,-26.57615678565059,13.50417283355068,1.0
-3.6121383431110914,-5.37165234273049,-19.78869006674924,-1.315571087471656,1.0
0.19997977240277676,-13.960699775405244,4.226385756557395,-16.758068550907044,1.0
-3.629338513160773,-26.005819263178942,-0.9769559149789959,1.551049995755145,1.0
-4.975496469595422,-11.749882689548773,-0.36421105616693694,6.413776011024484,1.0
-0.8816956685986901,-6.913473458556525,-11.284554746616552,8.27293187378502,1.0
10.138818051593276,-19.60207960940703,-24.64588414005623,21.59571406386348,1.0
15.617029197268526,-20.0443937221234,-14.000846898400232,9.93197806266881,1.0
3.3742158379530514,-22.2222558508088,-18.426635632271903,-2.8630877943497772,1.0
15.255908424488645,-15.777696577307811,-42.14285338541552,10.473845007917294,1.0
9.068195549874128,-38.38320060864515,-35.63278928242743,7.1190801092955205,1.0
10.985503795665142,-19.82225323484721,-44.50331448629019,3.7977971348415327,1.0
12.74780746229687,-26.87989268007037,-25.333355573271547,16.125991009934683,1.0
11.908970988737096,-18.3867961166545,-18.741549859010405,-8.334626330574844,1.0
14.908436834465508,-8.354050732283294,-28.66433486414917,14.305061378842087,1.0
17.258541403249566,-13.148888729118594,-32.444567640706104,13.458018067866806,1.0
3.606845718905843,-10.517531655087245,-20.857801778459738,7.033255177629546,1.0
-0.24082734699355157,-2.3625859556111397,-17.067620323436152,6.666914952886587,1.0
11.099138929384637,-2.650163695949276,-19.435822612489943,-11.460206353799105,1.0
3.0328887118016823,1.080092231309953,-10.690655622418227,1.3021307221356275,1.0
9.410915961856446,-16.03078102113932,-23.527700190892148,-10.434250187331397,1.0
20.48139394573805,-15.00790539367273,-16.194526192289523,6.067672027242191,1.0
-5.578661842610505,-7.835197885198042,-16.31531036516261,6.869511411220423,1.0
8.770162475602557,-10.685526765344527,-24.67175661955704,7.385941977981326,1.0
-2.1974247224855823,-11.529263378102954,-20.254418484672133,9.706057957698,1.0
-0.023412010945834894,-29.502585326402233,-22.97510988695644,6.093325136184989,1.0
0.1531026307212766,-2.96494654292672,-23.371521046031454,6.3052573716792875,1.0
-3.6977064306818224,-0.7078390658719247,-24.759760465321694,8.604289224761025,1.0
8.331418343656468,-11.986980866489578,-13.779590644392721,7.3331406482182135,1.0
12.353787317046784,-15.44728798141933,0.7458072194428897,-5.971897708872184,1.0
10.615063223629667,-13.253181166927876,-1.1907765939343395,-5.056278468133101,1.0
7.599960323583533,-27.23821620794723,-22.092068234204618,4.840132026295669,1.0
0.44760885679736084,-29.752264415591494,-31.840191357001046,7.85767334802926,1.0
-3.9175921336508357,-18.20696798979924,-21.51497726474542,2.221627266702601,1.0
15.991112498453187,-17.9023154279155,-29.99345930218849,2.2364129225308,1.0
18.801199549711633,-17.154754126961667,-27.696932999050873,-6.523698126142984,1.0
25.841705990436076,-22.97033370171629,-34.22240098375259,3.9557445795530395,1.0
19.221740537999445,-28.968471382432256,-37.613973142794194,6.647063062932064,1.0
12.011809742381967,-23.6071078837988,-35.70422161011507,-1.1759144526939354,1.0
2.02867053511354,-18.155330613938403,-30.722065096106938,7.978779854836481,1.0
1.3915128381755606,-17.822596920170806,-37.7744605840541,13.029604553848918,1.0
10.89803662518639,-16.439499619772747,-26.9502127996847,4.06315132090891,1.0
2.3367899837696307,-21.71692705012142,-24.937442165810545,21.67930785268282,1.0
-10.205211722447718,-25.683321133283552,-23.710174322756384,5.023779569556344,1.0
-21.469533966841084,-11.317145954709272,-24.802232101677127,3.541617902704518,1.0
-6.271916902158088,-11.252504099890979,-42.03967872242316,17.39502993884303,1.0
-4.981518309126077,-27.172066136706075,-18.83805805158758,4.822083951210901,1.0
-5.345971516165919,-19.46653127950412,-15.910155255061378,2.961326242335195,1.0
10.955147154052467,-23.3539510512214,-26.400272532994016,3.6572249838630735,1.0
-0.3392067712379605,-22.91236579030906,-28.614999058042585,-1.5772780878396135,1.0
-7.614383336338273,-17.35835003458375,-30.02295158089426,14.329954148464727,1.0
-2.8100376275513415,-20.040043439675117,-13.756884189898745,16.861299747650964,1.0
14.324540198847782,-19.099072361548586,-13.787823736314486,14.626046917534016,1.0
12.44317943797233,-15.017032123892808,-9.432353250515831,13.372209754758533,1.0
-4.629383595964154,-21.178264367248403,-19.512836363393554,20.78365508051332,1.0
-9.56671039746441,-15.835975829345221,-16.26847948492666,13.42110014427231,1.0
7.96607264878807,-21.71175022434823,-30.744780541033045,13.048037444086674,1.0
5.132131122306823,-4.055340992676799,-47.14137120752693,5.839553824383744,1.0
16.813289891081972,-5.946377672063251,-42.89876211076874,2.0661435565592132,1.0
10.300679207388317,-5.823318579136717,-50.73190265336686,1.768843666958225,1.0
15.483692564323789,-0.515972578451521,-37.13016609299454,0.41485891431032584,1.0
15.321904544952599,-5.055665233303936,-37.43404248538703,11.946750282020684,1.0
19.682490258006098,-15.215143765528087,-25.152555843792648,16.316002267470765,1.0
7.461763988094058,-16.31222290149056,-19.001709392066996,24.6165170803499,1.0
6.144740037432069,-23.586400160715222,-18.031917717228747,6.937635761209666,1.0
12.583922476057825,-35.96571115030703,-19.214734800949365,4.5337903881786605,1.0
7.310358288634323,-28.802786958398322,-23.398719386982105,3.9393087129578914,1.0
1.1762522074371171,-18.573466813861433,-21.463345090913567,14.12042635435596,1.0
21.605048835726567,-24.581727588262808,-5.469782319803304,16.10155946869485,1.0
10.767175268994535,-28.671366498309304,-23.269225373030945,18.223313202798234,1.0
15.141434385548042,-22.837032909167387,-29.4018164430351,9.201300931281121,1.0
-4.339607355323071,1.224302045619769,-18.524764860988373,22.2269222280474,1.0
-12.034804121918112,-2.137843083935042,-12.05885886090591,18.458281129340612,1.0
9.40046304559967,-21.40043677670314,-31.024539202648597,9.961102397704154,1.0
11.995014060139335,-17.900802848149493,-13.063409461527282,17.513967875157235,1.0
-4.569823343743347,-5.0864075352968445,-19.35877730444176,14.912675245525636,1.0
-13.556862293589917,-14.245312088514158,-16.919579256413385,5.037887945231578,1.0
-6.621164503004197,-0.08242674060185884,-15.29614158661602,9.074746645246531,1.0
4.542056286703378,-7.139660734389393,-38.70494765495191,3.2050776434093198,1.0
-13.343420672199947,0.17165758681399446,-10.295291324695446,3.408420494309646,1.0
4.257582664909927,-19.234526942288966,-3.3934106785384586,-2.4388498022901466,1.0
9.196895974452257,-10.122652252675918,-10.387344909374399,8.592162181744483,1.0
14.049842583821105,-12.760257979023535,-0.7653356596394403,15.99712206561931,1.0
15.555902154292255,-21.394637630661045,-14.029373855171187,8.814106508491834,1.0
0.23480312245085067,-24.724305071066023,-35.2435270757539,2.5589030677726363,1.0
-4.810777908685582,-6.119379467591816,-39.42339766731022,7.142405470397279,1.0
0.552014649058985,-7.244457746293873,-15.151260574855232,9.136668843136663,1.0
4.15689346315554,-1.6706110232832003,-17.89225710524259,-4.91688188413103,1.0
3.044549390008098,-8.972789145078078,-26.5301695877995,-7.882047008448941,1.0
18.19045543815412,-18.75827010270884,-25.505350239509028,16.435946027719066,1.0
7.517318218815134,-26.820252585922496,-16.444256844065237,14.904921580359765,1.0
-0.38733080799027064,-21.05051929510267,-16.592122560957645,4.550881627563937,1.0
-1.0493086294497216,-9.175026472598796,-8.34089201237204,-4.001503451385489,1.0
2.167649136715383,-12.328119533517839,-18.09050162754249,-7.272788423720456,1.0
-0.2801285377199042,-28.44215748245506,-26.160213318140244,5.084204201005607,1.0
-12.672048616539275,-13.076295333243602,-19.47473561670779,4.934256641943495,1.0
-1.775339482325009,-10.402414761682166,-26.579632413373897,8.41554693765151,1.0
-9.169911851104523,-14.137844327991079,-27.421485387983378,7.86341817668082,1.0
-17.863551940210716,-7.173603720036114,-28.175845507005647,12.294954066321496,1.0
6.998767202894307,-6.453178885362655,-24.906097363436125,16.958552640608872,1.0
14.774540704853687,-8.595629679537296,-21.16944501877046,10.56330466594328,1.0
14.69637214278798,-1.9064881476727962,-5.4442295654249016,0.948462283601823,1.0
12.08282031242231,-12.07346477527673,-35.366608944929936,-8.956624818996804,1.0
11.205484585058276,-2.9164719273262634,-41.96009658951343,14.491330655893055,1.0
11.799776187127852,-10.30112355065757,-35.98801817317607,23.736886453534034,1.0
8.07778449733065,-7.955350095039549,-57.10569664877917,5.487808667472223,1.0
3.9013000658158385,-1.1393178843275606,-27.10997614977007,-6.783101525033233,1.0
3.3319487687562264,-2.8632124634783978,-14.361321041857657,12.513825153681402,1.0
2.3291071217684736,-16.089332029585172,-10.087475584428072,27.354763240256766,1.0
10.987366781086454,-24.731634764454864,-6.045169295311149,20.45187901745225,1.0
-0.9386145335321987,-18.618170415695232,8.337194891658871,14.551039315725687,1.0
3.863930140473427,-35.332500876539214,11.85511272952711,11.866452350742025,1.0
6.805980302768482,-40.719899534509594,-2.942194701417547,14.120764407971475,1.0
-4.04395070710547,-33.46436397670848,-34.03700635101232,11.612924239654365,1.0
3.759073508438864,-26.965443215064674,-21.077766762599413,-3.2336295728825455,1.0
9.618237765917554,-22.59881936788436,-3.3690132182039267,15.423168308064373,1.0
20.5396468719624,-34.12803238715203,-17.432137202628763,14.259545363958903,1.0
25.556135161878274,-15.838727317695133,-24.81426515571161,13.111725512984073,1.0
11.524172861941684,-15.969311119802708,-36.05613661379158,2.7870383625725914,1.0
8.909253042530672,-27.30007353367506,-26.738756017539757,14.295369891444027,1.0
-1.4609591518494724,-24.41021812269057,-18.25598625673224,16.91142962046153,1.0
7.489729825863291,-24.900180532719986,-40.72790292534386,-0.8274332673639702,1.0
12.130810466459709,-12.838049142445136,-22.365333002551736,3.6539965632343243,1.0
-3.8838905704269733,-11.155622802270717,-15.302125720727979,14.624294886720605,1.0
-7.7783820954110565,-17.23554996388986,-8.728019072751646,12.057437382262925,1.0
2.183361735230093,-24.07000134854775,-11.929780663393148,13.398562809904478,1.0
9.571210855632684,-33.17004125218096,-16.075433678378623,5.030664565270971,1.0
16.19769826835591,-25.406471572816972,-24.30293613124937,-15.466102515040877,1.0
10.0134239611832,-38.31027140045146,-19.89028615996207,-4.473379031036046,1.0
-5.671393439997012,-29.879763781529974,-14.24491916852046,4.2231993473759015,1.0
0.4154269805643862,-17.870203777030987,-6.302266783822594,9.800981856677662,1.0
13.739591668620477,-23.754723601322656,7.620287015383841,18.04490966905945,1.0
20.060822985135452,-9.366742914393411,-11.68951287236732,13.002814282946167,1.0
-3.6211258252619274,-18.37932895344672,-13.66071341582833,11.462410735432936,1.0
2.8464271805601644,-13.840365525240363,-15.103573504087608,22.070907568229,1.0
3.562973530839032,-24.223154704259194,-1.3110027506032367,16.032389836488665,1.0
3.633295029130277,-23.40976303272199,-8.553709990861378,4.097276751823992,1.0
5.799309170072356,-15.00123186810359,-26.297170391622075,5.243601433458355,1.0
12.60244107671037,-20.001526386450557,-38.196315108087745,14.145030159130943,1.0
-6.775059736419473,-16.502004368446162,-47.821589967757305,-0.5406842185266145,1.0
4.536648984677869,-26.524677327940825,-21.535488386425904,12.904031777626603,1.0
4.586451146672694,-17.45171078616146,-13.9632380573677,10.742714910795847,1.0
1.7223835350916348,-5.636242240089709,-31.156601547650084,20.423238237015052,1.0
-10.41292293406137,3.389510356524349,-12.245208387925093,4.084957575015865,1.0
-1.7992422463297126,-0.8238132559065079,-12.200370088327158,-23.468935687622878,1.0
-8.698398761128482,-7.298753719609952,-9.056348800900064,-3.4489335383309125,1.0
-3.080620781092702,-11.764585464770512,-10.86058760388165,-21.734555382039275,1.0
1.8972232811123844,-20.13370724304932,-4.699959591690575,-8.751526408420276,1.0
2.2381401854584997,-27.023829674305624,-4.377943012387135,-4.059871242437976,1.0
4.408382776943247,-25.59012536968418,-1.230370094822817,3.4411046633077302,1.0
5.102465764995664,-21.863547552711935,-13.332746109790719,-0.3309481038048627,1.0
-5.725075452602684,-24.158046884253075,-1.6492790415969694,21.32638674315251,1.0
0.7703040163130508,-22.789036905165446,-7.558313352434726,12.408257112534978,1.0
-12.22400054504289,-31.31178248648463,-5.272153270129811,10.896113526218844,1.0
-9.101225176043044,-36.935087848002915,-5.000518143833437,2.891724777440341,1.0
-7.80044799572265,-19.94630234575264,-14.929923358693621,-5.545077807495395,1.0
-0.04405581243688772,-13.605127666496045,-13.094726762500363,6.564409045848729,1.0
-1.9761660090646909,-14.477122754364412,-36.692627958566405,-2.488397288780641,1.0
4.899826189349138,-12.604281492792301,-28.552608759006272,0.23305545767808722,1.0
10.910640772830385,-19.186814566282163,-12.254044738397658,-2.5124464071178663,1.0
9.108817585031728,-15.395710349855662,-15.348808408439044,-7.9929192311903785,1.0
-9.335127482577981,-8.149215427141971,-2.0795513456820442,-12.620689483024227,1.0
-12.59728895858565,-14.974631579346717,-18.20529972701418,3.098890458492341,1.0
1.258713094111359,-21.96459769162354,-24.632896271197634,10.84523737001564,1.0
4.360276112085472,-16.809212208363828,-21.536288234003287,19.54788999738769,1.0
17.9353844390362,-20.6129912284,-19.134908958257057,13.676933279117465,1.0
14.365181649505338,-20.852840014403906,-15.657536183954546,12.508876591379245,1.0
16.01378366422032,-9.686719208221188,-13.169754040247211,4.803884704960586,1.0
-2.605630508215617,-4.250457427257176,-9.217227468524182,-13.45775052206559,1.0
8.650124840308285,-14.555122681326814,-9.57093376403678,-11.95890571208275,1.0
5.352350833897934,-30.711395788013604,-15.276683652896024,-3.466335879987282,1.0
5.773155016009504,-22.283475041435274,-18.726222514944364,-6.2212096495220495,1.0
12.656983334291013,-18.931729748021343,-24.5511199288335,7.548353059309341,1.0
26.2872955274336,-15.642756078535687,-9.47642251594393,9.578816631451911,1.0
24.575711001764095,-12.174646334407607,7.215889792344777,6.703200354800844,1.0
20.72730441006553,9.448887697244455,-1.1022150533311752,16.454907877979615,1.0
14.801663572502665,3.344759040640259,-8.763490405379017,22.01690739443431,1.0
7.297676911901566,-7.831707866722107,-23.48347607360971,7.168106179455639,1.0
10.845895669533652,-8.06575805114848,-13.779234355089843,23.1225516969467,1.0
1.778379695789297,-8.822236480119596,-18.11637175268485,24.480170241001886,1.0
-7.785699286504448,-20.258467536020575,-29.77462672465802,9.786433342570529,1.0
2.9616341460515603,-12.168784961414978,-39.1899543053002,8.906913577714759,1.0
-0.37769156327990316,-2.439162578633537,-42.16496590279503,19.05952956664047,1.0
6.8569348401573045,5.447362348942274,-32.72203537613278,16.079699833649524,1.0
3.054828570916726,4.263944708084267,-23.560449342016938,13.434644283594269,1.0
4.529346732899651,-4.9133967796050015,-18.831017672705446,3.824564325528967,1.0
3.711775390320825,-13.201042163872543,-31.51936823724057,-1.900235651148599,1.0
1.4492365083508596,1.3898001256346948,-4.139309008811689,-8.194739795981041,1.0
19.786686523528473,-6.079011515322959,-17.974146926737873,-12.436361783623749,1.0
15.496283842711508,-8.64830190951296,-12.231166175597071,-4.443915296510192,1.0
21.009573171027334,-7.488427842775202,-16.020766409776456,3.6991674287170766,1.0
9.070708114606257,-3.8660010228366133,-25.762116017136456,7.768687076577857,1.0
2.0119934648959177,4.415189568818565,-17.89063339838389,22.66240767506232,1.0
-1.3057016138619124,10.000292771611628,-12.37458909745995,17.254918344873616,1.0
7.599749037144914,8.632672732734953,-12.724095824159845,21.65820541317456,1.0
12.911589975409658,-3.704258573864686,-20.68533060136837,7.472052126698938,1.0
-1.7407416947116812,-11.488025957279213,-17.221528642343078,9.113763758999095,1.0
-9.66916455566112,3.2378116883569614,-33.50394812998061,12.15351930989506,1.0
1.5356425355486567,-21.90448739466507,-10.672777611501708,1.3138987862865221,1.0
-6.619180628294503,-15.72721865429352,-24.91892557656687,9.60579614522182,1.0
-2.8674767612004732,-8.161314234907886,-10.18087082984434,2.923362593512317,1.0
-1.797659041225903,-16.66276553919539,-21.516477979697214,7.393323203982823,1.0
-1.8563620917473513,-3.9042867583943752,-21.28548243611562,25.27606298645581,1.0
-2.5823327255646857,-21.545666062052838,-23.41798780147559,10.29682380064719,1.0
23.740359440078688,-26.867452316626206,-16.1883751709504,26.39659167661136,1.0
31.62904499178915,-13.2027587046109,-26.495303566848378,17.184306183330506,1.0
20.886181509549886,-6.724750047207113,-41.74700838141306,1.8722819529846921,1.0
18.131308137278282,-12.88667944797667,-37.48834347397265,2.909727093068245,1.0
17.00111546697138,-18.981369641374354,-14.771608185493017,14.996555120801151,1.0
10.74197581493121,-12.593083525603861,-15.756625739745093,18.62459631770638,1.0
20.176353075883576,-14.366375533318939,-5.208364052487035,20.214181091534314,1.0
7.499994503273077,-20.325661553382535,-19.429607421296595,8.583330987686388,1.0
-3.288165805401002,-15.413240639714004,-21.54524813009828,14.451614348565386,1.0
-1.7030504414852068,-26.396703273631903,-9.18565924764302,-1.4645978904240655,1.0
8.887146295663637,-16.371652239175177,-16.35561093765921,-5.705105778116193,1.0
11.313073742083576,-24.38997080738401,-19.917227950053785,-0.10253411313259342,1.0
7.800254631315067,-22.975894971087744,-22.201580197537886,7.738760241212313,1.0
23.339117204767213,-20.28786661796828,-21.356092920447363,7.093857142569963,1.0
27.17864080364115,-16.770119982995837,-4.433338077101813,17.130201757439284,1.0
25.7383693000092,-20.605867932817304,-14.639667968240271,14.006132102900793,1.0
20.92562938730326,-26.941100648557256,-15.46153376982586,6.689337291040562,1.0
20.896085170208877,-20.251087779456988,-26.144344620785144,13.134670936916725,1.0
9.973619733192027,-6.4324737521756,-35.14330561597335,17.550694580029862,1.0
7.193793984126444,-8.37128643445091,-35.63855649317779,13.239100329944135,1.0
7.222664016560637,3.3496578081655226,-47.89540091690354,10.121550732880191,1.0
12.028619392354797,-25.419999331159264,-39.21684301310476,10.687511711762543,1.0
10.557351181314393,-24.229612359610904,-10.201738377136195,-4.7747535555754155,1.0
-14.687013029125412,-31.80441600457449,-21.552947292314542,12.970995170521263,1.0
-18.09560955409271,-15.557192229055351,-22.97873365144388,4.550277562179975,1.0
-3.420777427702842,-10.101293295425167,-38.807434970030144,-10.666334747539514,1.0
-9.553066902162657,-2.5723945549605247,-15.832726407089073,1.258829008101758,1.0
5.4386601533413375,-15.098310150630361,5.030600961494006,-0.9024425994241927,1.0
2.5386427333917196,-13.46548493359069,5.571586485223198,6.1297353727212744,1.0
8.105737903018728,-21.424830901360167,-14.090445907590441,13.541880454352016,1.0
6.331832721060379,-13.411272210115342,-10.376638329776501,19.596359041433818,1.0
15.303069498435535,-12.455840652717868,-22.232394272407607,23.011409453859955,1.0
13.67224458777389,-24.280974485016532,-21.92861735818172,10.328551426444577,1.0
9.8257085223772,-23.264809870426593,-22.351142641209716,11.670807985315092,1.0
-2.69524974933351,-24.432537131721965,-12.371257600935648,1.4338919749409698,1.0
2.393030361958088,-17.134247264463045,-25.87134979427754,7.286450279119198,1.0
2.9905653870226487,-15.408043141131948,-31.79766639924314,-4.206590402772482,1.0
3.8760553970625793,-28.000993660626698,-30.746239722920006,9.784422026309871,1.0
11.40152494782834,-16.611364057450082,-12.737893487146632,4.582439657675367,1.0
8.393932547209506,-9.185366885117165,-16.706618554669323,-2.4041725906386233,1.0
12.352765802266461,0.5916129825466854,-15.374178484944748,-2.8298150039202667,1.0
16.609468816450647,-18.57395070725147,-35.38119837321971,7.74900557151882,1.0
8.32970679814652,-29.128804613296424,-24.962685580329907,9.834888110630956,1.0
-0.40788479986177606,-31.86807061602517,-25.848231150950774,5.737301231256636,1.0
6.5039937770438545,-20.030543597907958,-13.879695177613906,3.1542897066640254,1.0
-4.256107627811866,-19.786172974997328,-20.844870705875287,11.238516498459608,1.0
12.103270523672304,3.6388680480983258,-23.46747806283498,21.24073437224844,1.0
-1.0118091282240043,-20.48562557174271,-16.57916667893711,6.55359009148149,1.0
-2.5555235465599484,-18.754994088509495,-24.464649951897535,7.830659215363889,1.0
-3.8699219096743978,-26.371262274789913,0.015154208304011263,4.424468138930223,1.0
-10.605382911963131,-26.116189036742753,-20.409402040476515,8.521664711913814,1.0
-17.227110722832503,-28.80591989862924,11.909623887000727,13.029805233177175,1.0
-8.045718099170763,-23.551466306845754,-7.409899691656204,6.07312957823274,1.0
-6.678268447397284,-23.971660102381115,-8.513301917762618,7.3632864825409,1.0
-1.8868181778947672,-28.053868963382474,-16.75180245734407,-6.173374362710925,1.0
-4.732454029782643,-16.930686800256442,-12.493047384448843,-6.30540091331849,1.0
-9.928775197686045,-17.004464804052287,-18.298555432941242,2.9666504658989563,1.0
5.505277077805346,-3.680668582125117,-35.44405404052692,18.647332149030348,1.0
-5.040410541900715,-4.408066775494861,-29.469871684597173,17.05736986725983,1.0
-2.4594107906199136,-9.010887297971276,-23.238643454113838,10.410711082517338,1.0
5.935359114405259,-17.634667667852966,-28.153141247192824,9.898524573257289,1.0
9.160602135014594,-36.143634422592626,-20.677384639642412,14.291749504215819,1.0
19.959771321689807,-30.56565822775402,-1.7988862448321115,5.981767321171149,1.0
5.535085352104984,-35.20241963347634,-8.395423980659727,-3.378577803069227,1.0
13.491771675945301,-32.43373205159918,-3.077381615648342,12.029168920423178,1.0
3.9718160037039025,-21.444134302547646,-14.359501743722783,9.60919051474223,1.0
1.976947766100206,-20.11777728964999,-8.118332683692188,8.922787135457856,1.0
6.336646803455249,-21.98795813878514,-23.139120802821857,16.883671607553165,1.0
2.028180976522245,-19.834578928718607,-23.607456513327648,10.456194196376238,1.0
12.4891834281878,-34.40043196854788,-33.84038929199133,13.953201445481916,1.0
23.8064748561559,-28.54501587759524,-12.731717871805753,14.824530674063194,1.0
16.263590651236484,-25.71734765131903,-23.007877347126488,8.339451663910612,1.0
9.079325824814127,-24.01856600508932,-35.47712442493832,7.651642832869538,1.0
4.1512784371692115,-20.65012838273116,-23.79201833946846,9.469906358563822,1.0
2.6199813766181776,-9.673900295482486,-26.111998745239134,19.070446639131795,1.0
2.1840840074892602,3.2865663603902124,-9.509410394354484,6.794377610019899,1.0
5.8597704919055955,-7.866890422636976,-8.590538396951999,11.180297716363981,1.0
27.867840003824377,-18.728811639875694,-7.952664707953465,-4.034131505675344,1.0
11.064861469264358,-26.245640284182368,-16.740039014516412,2.383731618400026,1.0
10.12035325102254,-10.612620003038058,-9.397107024352277,14.45060256257044,1.0
0.18033793145713473,-15.03060690842886,-7.830510757573833,6.816803979759214,1.0
5.608164561274698,-19.85730793633181,-9.805979945189105,-3.2634853446454795,1.0
11.499731705509877,-6.17594664787309,-35.43477955284079,-11.028322307799094,1.0
-1.924248475674477,-9.261730201689211,-31.749590673094147,-20.949651078569588,1.0
-5.612861711832865,-20.8174238545167,-5.257498234576735,-3.982638488701131,1.0
-4.2671632697448665,-23.846356419692484,-17.769256233789694,12.217973162567347,1.0
2.170160665327585,-22.044890514595807,-7.325385086105504,12.90342086699474,1.0
0.6270774547587155,-18.602471412109054,0.8053235509540855,5.1294675994838,1.0
1.524096840599686,-36.77479109189344,-18.826998090971095,-0.3968944172436881,1.0
-2.8888438235043257,-36.9261636812702,-27.103467983451793,1.2227655410411238,1.0
-0.7843827409227133,-19.972325413269758,-24.944028781915986,16.530484548375327,1.0
-11.163721764526967,-27.7413038986902,-32.20584331432529,27.365486314732117,1.0
-9.291388281340438,-26.341894365521753,-28.929901695130646,20.035269555590794,1.0
4.888129174684357,-19.95465250845274,-18.92503872185903,21.299713676251766,1.0
13.346883193993431,-12.877811488045792,-0.22526345832079642,11.041965887306649,1.0
8.747149985581906,-13.252932319397605,-19.887835742593197,2.059002856727771,1.0
6.4974836607272275,-10.7637534513107,-18.643298899775814,-3.430446669838613,1.0
5.253398380532149,-24.94025850455092,5.350443079743638,6.202793334106689,1.0
2.483084246884789,-22.869656302013478,-1.7601209694315605,11.76256724303342,1.0
5.140529618213323,-11.523465799379151,-4.212692762399753,15.18360067700084,1.0
-2.551147223215917,-4.674567985572574,-4.979218706763392,13.194021802735692,1.0
16.332601071874507,-10.623188631827635,-9.599682531597887,9.728128506363067,1.0
27.129888732536394,-7.135888655070481,-3.6472880532080367,-0.03264037044740853,1.0
13.08953453352919,-19.748420162592396,-0.8161957797049908,13.55245715707321,1.0
12.566922764891858,-9.261563852299094,-18.945156856393588,16.735108006442864,1.0
13.10153108726204,-13.916473774130205,-20.372723572824093,14.939756991412924,1.0
33.22339821727052,-20.796889023444457,-15.477689008350207,3.8750983143258377,1.0
5.00347025940662,-11.530131445199256,-19.244714252107272,-9.16721451654378,1.0
11.103796181496971,-19.414571980576596,-21.178056305885875,-1.0754926070448043,1.0
-0.6349253602628027,-17.52851111826021,-22.17182734534138,2.7500038492110805,1.0
-4.430063073595125,-11.716664969795783,-12.403828855999368,13.05500686716497,1.0
-11.378269966758104,-4.7499333270951265,-9.65326036921149,15.885089092268734,1.0
1.037477291976951,-8.139281028629814,-6.486502905907997,9.241953049425334,1.0
8.767772353769558,-5.731162460613563,0.29957089250435764,6.594580769064747,1.0
8.284115937483476,-21.743624294227786,-8.547025505210687,7.349716871428667,1.0
-6.14204129265341,-17.248715532193817,-13.252386960394748,16.270434631010136,1.0
2.9368000535760643,-10.52871084457658,-20.122580307881936,13.831334499240803,1.0
5.603562960499982,-16.250939883241546,-10.724016508315731,4.688221077386235,1.0
3.1429990719472105,-25.272079083066863,-10.912061967270112,4.769801701108822,1.0
7.6924196779152485,-13.888449708655457,-30.479081518358814,6.417564576705302,1.0
0.962021005380304,-28.694686185437707,-22.7842005858838,8.516484110930028,1.0
3.1638609404615496,-25.22327778395905,-11.155935336458617,10.489266801587412,1.0
2.861065542149051,-13.933562078564393,-26.831213533399428,-3.1227289723447553,1.0
7.588870880259575,-9.604683342275447,-12.7922582185161,-8.953064721877771,1.0
-6.767056911710467,-3.2657937614242396,-11.249335335095957,-1.4785343626147622,1.0
-2.0405039119906068,-3.934003484728853,-18.420169849646896,-10.488439102157473,1.0
11.255467164579919,-10.898910424270085,-11.520642540472092,-7.758302755645042,1.0
23.197840930252326,-12.312248841544239,-33.254707493023844,1.3158682131909991,1.0
35.31736133554847,-28.37710223453653,-2.557848019275905,15.28861091459345,1.0
27.349614049655095,-23.650362373306034,6.296381074207462,18.357827875740966,1.0
19.28224365555448,-29.69878052834134,3.8779668334479993,17.039643890179683,1.0
24.59591235125656,-28.072414837161496,-10.160863257681438,18.750664773489042,1.0
19.394448819863896,-18.359949333839506,-13.288352350741496,16.48683126135147,1.0
21.82386705813224,-6.035095140754509,-15.466432680021725,6.27415269534175,1.0
27.38635183913925,-12.809896393021855,-31.64863819945439,-2.6458061128992605,1.0
19.59717099581722,-15.217762771493337,-14.556847864597495,-6.232588554563245,1.0
3.0238642160945672,-21.482579068455713,-23.789822029910788,9.523497798947922,1.0
5.8689032994910235,-26.35574818137733,6.165590088182196,6.6211090596722695,1.0
4.5258108780313755,-25.793326783436623,-6.75699117438716,19.887343267880404,1.0
10.059278089911563,-10.615618682915656,-23.641302366985016,16.179855399945062,1.0
15.938392665407932,-9.32770013330834,-27.50781817085059,7.148809059765543,1.0
8.4042864412346,-4.60937532996874,-30.892638770560247,15.084122298511188,1.0
-2.0828045873333387,-20.259293562865523,-26.10336002815299,5.682005812716601,1.0
11.996934057471648,-21.282366751086954,-21.930495941777814,13.979875016812239,1.0
9.549519674460994,-30.09552512298789,-44.96826098039021,8.846737497152773,1.0
10.370719985649306,-24.874429342872286,-34.75332274559773,8.117179465972342,1.0
9.521161046512876,-7.244847082734733,-39.50180569507212,11.364376608315151,1.0
7.28368431320778,-4.903618421062475,-28.788299828992283,0.8597663031894687,1.0
-1.1889490287890006,-7.306990226913792,-20.57983999872667,4.985643624727739,1.0
-0.7193874582252127,-18.395803262101822,-16.09356418669975,5.82818699343041,1.0
4.315989549361785,-19.254596387152105,-21.22545587594025,27.791149811114142,1.0
-10.168070392441429,-19.343917708050064,-12.82223528028332,17.550190980083464,1.0
-15.476527437548429,-18.69594114430397,-18.348684631338806,5.153437435160145,1.0
-3.4729014459881844,-18.439425801738256,-36.64663494972544,-3.861314712980022,1.0
0.1336283125682819,-12.030204888289713,0.2946923311670737,9.463995041198054,1.0
3.3229259067024746,-16.7381838529836,-18.252638726786298,-0.061351892981613254,1.0
-13.04848289685054,-24.325103338643107,-10.168468763754623,8.918171890512832,1.0
6.729073935723082,-14.522213656591152,-7.229926258973533,23.43058383052545,1.0
11.905921098088534,-17.151270836332145,-26.537647415141038,12.314229762604565,1.0
4.880854778357392,-19.399371092499948,-15.430955815179086,21.979564540469745,1.0
5.3838247686813965,-38.29058894974561,-8.328069636457203,1.4192806007654113,1.0
13.435081735169103,-25.958888234573983,-15.008347328674091,4.4539913512395,1.0
9.28876648575816,-19.436710732556953,-21.709876664670492,6.057282050137261,1.0
3.6125478830976405,-13.828169709881935,-24.220526863601812,-1.027035003095016,1.0
1.8622417781756235,-19.73405603880489,-10.424545985143393,-5.012913908434217,1.0
9.009077261977815,-13.545544980237757,-11.6036372445624,-2.0568985316192485,1.0
8.03868910611103,-12.04338265017514,-14.010460336919184,6.481635612189099,1.0
4.005535406019151,-20.42789177600397,-11.535419941769714,11.943139489726768,1.0
-1.0069880654156433,-14.208355496891876,-1.422467055981647,5.068751708538764,1.0
5.912144110989327,-12.389608881665168,-20.88187707005863,6.180367510847899,1.0
11.368191174507887,-16.93663420145993,-27.75448284999779,10.681212710566756,1.0
3.5090081861165663,-34.58976757932053,-25.55836376205795,4.071957224790021,1.0
3.469282507125426,-33.49324425306743,-16.569289666490814,14.269305326778184,1.0
0.2595958154533178,-32.550826510860304,-15.562974105440599,8.979741360854526,1.0
4.7485863286628645,-21.078392728860944,-25.39815776975388,23.20499572755672,1.0
8.879982093577382,-28.933876194039925,-20.731976870809014,10.125186304634607,1.0
-5.025877615851817,-10.847618775251384,0.5847652753408639,11.499171782266846,1.0
6.573443683616786,-9.903295900290274,-16.191872973385202,13.886160485596822,1.0
-0.002929256383902512,-13.402952391914472,-7.483178675268629,19.895552461710082,1.0
10.740650470809017,-5.627841321168704,-13.26987121442145,5.510006993261876,1.0
-4.018877663894614,-10.475150809424,-22.598709866392994,5.462332894148461,1.0
-1.2580430023823166,-28.290072490180126,-28.684251426648803,15.526523595735327,1.0
3.275239686299824,-8.795354385985815,-41.18248022819519,24.041469295897343,1.0
4.6087868541820285,0.2870378210243931,-19.077377868134995,20.300653538074563,1.0
10.020567285127276,-16.913888775686793,-20.163942648559004,15.492430950949576,1.0
15.418242280958854,-11.096773866064353,-17.053809048681416,15.324384416447694,1.0
17.788992724589267,-18.953616275405572,-15.6126404112768,6.68532843162221,1.0
27.041699488052927,-13.900578038737372,-16.469058347000406,-3.8687552657276054,1.0
18.04721213201221,-14.559718262471014,-9.426642803810903,11.93570393513328,1.0
3.084712119775336,-15.71347247021236,-12.324779740733744,14.053412844569731,1.0
-2.441592019297537,-23.972756820362104,-11.556934307312257,2.316649762470791,1.0
-2.4449370683186133,-19.25232576577376,-18.853789751348522,7.64134551513702,1.0
3.461696211727668,-16.730041296626947,-3.7421955018011293,15.831914015304317,1.0
6.296968920658446,-22.462543795850273,-6.19614555798147,16.81750852104231,1.0
1.8073509351482069,-32.09388288409379,-19.964211428653325,18.97148386747252,1.0
2.6886631813079473,-20.013115475654352,-15.171690587017366,17.050299087690643,1.0
19.8817152651783,-16.512018633494527,-14.96129946488608,5.895480119272032,1.0
17.70399789213263,-23.07097225695646,-9.460947232570703,2.8231425146348226,1.0
6.765211671876608,-9.940208371461019,-13.613318296770439,1.3439461622776525,1.0
11.417186406308263,-7.3794451047650185,-15.24919444562904,11.402809128301927,1.0
20.213643657290053,2.994103120395618,2.5589273763780156,-4.034822724323128,1.0
5.297315375992694,4.98470560663411,-10.62998271439254,17.785525377829952,1.0
-2.5624645388503273,-3.6975665192052247,-3.864477700520027,25.205804270566656,1.0
13.881435055312792,-12.162067403615598,-9.218782308044837,17.806160896267457,1.0
20.663721430960234,-19.349283780833538,-10.93218123435278,6.948014360864726,1.0
25.02271668013183,-8.678463445102864,-29.058359194706394,0.8423335511383656,1.0
15.368634407667756,-1.9168641751452,-30.831980336893974,20.017281046989908,1.0
10.996304245639656,-6.482682047147115,-40.803489403576854,25.004529291056535,1.0
19.085901494394214,-15.256382657195068,-26.248463721070266,18.56054589191922,1.0
6.460921455579607,-9.721382896856188,-21.334688693524306,28.49253497860971,1.0
5.35224010760671,-18.695869440676084,-24.472328259319653,12.897812324327049,1.0
-4.907742984834363,-25.156340468288064,-21.43988907625794,15.587893487870485,1.0
-0.438467707163527,-24.53011813847865,-4.889886626585918,18.448694705937335,1.0
-0.42170160974490756,-21.794968466290076,-4.904170430153853,14.55223240977186,1.0
16.29362379063604,-9.764428403629283,-23.055404783133916,11.493475282305948,1.0
15.468079131914664,-8.012868177201915,-19.375577197321565,11.250799887285428,1.0
14.06599862858645,0.8713285293459102,-15.765942547832685,17.472885272374835,1.0
2.4663497288813474,-19.072389318665405,-9.802832736261198,22.345632366954003,1.0
5.296244176040355,-23.304463156306397,-12.67118990324403,8.082153722945128,1.0
1.7646138958370217,-22.31968585502667,-26.829075713262746,-3.5955344462019205,1.0
8.486244644093063,-5.378911226759563,-31.761601718093353,-1.8389370978195325,1.0
7.229802270002699,3.1743410003032135,-14.739597790913566,-9.570103330071747,1.0
2.817376319077413,-22.04891174997242,-12.988824439639416,0.5345307046981844,1.0
-13.991336388121713,-17.02164998580188,-18.887430576718458,-7.819135068307622,1.0
-9.961256444407669,-6.938867919166116,-5.706217522584996,0.6498684163052459,1.0
-6.6392845307042805,-11.285784064107432,-14.920048105206309,9.640553729879127,1.0
-10.157863706540098,-0.48710240500295754,-18.110309201125162,22.085124315529185,1.0
-9.093480013802974,-4.268197427683589,-21.100107635829804,-9.466743187035206,1.0
-12.70195557822932,-5.968209906554431,-13.824032787853927,-4.728843308763886,1.0
-17.361820788010338,-1.1179705061253635,-4.885594973595666,10.302560975467623,1.0
-8.260011011466581,-7.8760022343249725,-10.663560430095826,-2.081182693363722,1.0
-9.814778799412043,-16.35747884528096,-24.13448572977247,-1.7837384989845866,1.0
0.9042731190301723,-10.784199445701775,-10.990359760396833,7.716242257209313,1.0
6.048024007382665,-18.1199562245103,-27.167892914631032,-2.840439761447204,1.0
14.409728237370777,-7.8846095819537485,-37.805647922070335,-15.119154700483367,1.0
10.396569092383471,-19.672079719433118,-27.055344888336737,1.6590799993873304,1.0
14.152007766971865,-4.762831170014426,-7.807154132036599,0.09881263729011636,1.0
12.12116565650422,-14.388640065056752,-14.871619081637904,-6.2080376743878,1.0
5.764077673533263,-13.195795177623449,-6.2895643469067934,1.4444901010693743,1.0
20.67453764974934,-13.340594457297755,-11.828773194679119,1.511935010796634,1.0
5.77900668337405,-19.729594594657616,-21.49778518622859,10.52433491168727,1.0
-6.964461595961156,-21.3693367472195,-38.6147034907774,-3.3633153169032646,1.0
-0.21292310460491848,-33.970088506443616,-40.17820994352802,1.308947000978801,1.0
10.362469366924662,-13.572605974073971,-27.30872827629741,7.639941320684531,1.0
4.676632791126915,-2.3248999197683595,-29.121527093555652,3.547875339770787,1.0
18.940471284898468,-5.891634981576447,-22.867998165872038,9.812403779797343,1.0
10.08524161519625,-9.781686960811138,-20.27175681016127,5.7060803475845105,1.0
-7.096708402264342,-26.48772117056689,-23.215615853153597,-10.891746723864983,1.0
-16.098215204560255,-25.86364930153436,-13.030551868532768,-18.870742830266423,1.0
-8.945300380958539,-26.890318041235222,-12.1270194229193,-3.2783784559757647,1.0
3.32701811627303,-27.446646610756556,-17.2414131684868,-9.311734233993441,1.0
11.329914716014576,-11.270982703210077,-38.29933821517635,-4.964958364352196,1.0
-0.03674727534120814,-28.98769875757873,-32.13912441398046,15.44510818536777,1.0
1.6727319277806347,-18.571294500047514,-23.095908448359673,18.07359221141535,1.0
8.061745457407572,-24.132515128875227,-39.23868061256064,7.301240026965326,1.0
13.383554198842011,-27.23256712763153,-30.431150568832305,13.164635453456096,1.0
9.014794682084755,-19.315525321704314,-32.997536381741384,4.696102521559075,1.0
2.642046348317587,-13.165379807062958,-26.518855463137562,-1.9366622642585307,1.0
5.0615572623752065,-15.155632629109476,-30.38584818253582,-16.371435924029008,1.0
14.792912762930886,-12.683688242188213,-5.356512006272389,-13.770228965003337,1.0
17.945075724754766,-22.21520652670421,0.7539251227220305,-1.7551777118755094,1.0
13.005306154558642,-14.42816305189615,-20.669217073901983,11.090513392414227,1.0
-1.2911846921695442,-8.716345594324164,-10.98125916667,4.241633249173468,1.0
-4.275859134513009,-14.404199609702468,-16.22125777500127,18.42700649914582,1.0
5.1543711987881995,-7.480390139975434,-34.13749828335817,15.034048565382584,1.0
9.209575647813367,-18.090754135491792,-49.31338193209017,5.371766290595435,1.0
22.143143821715356,-12.044069330137447,-24.02285770265351,15.505692025496986,1.0
12.436405485338797,-18.140536588525418,-19.969924833828486,9.418654217864926,1.0
19.64898094970141,-38.46304695906574,-18.288820756512806,14.034057519740303,1.0
14.00214992366876,-33.7443125345234,-3.2866987506925813,-1.4061472664500672,1.0
12.727009334929154,-19.77377644649209,-11.93326618947911,5.702498068998053,1.0
0.9722019995358155,-17.792731125458513,-1.1269912872961267,-2.6751794551431463,1.0
-3.603060097847197,-9.588414029501552,-14.149374669297515,16.46615569271675,1.0
-3.2898476632988185,-26.406380710935736,-3.6155113061751205,8.713510289725317,1.0
9.191187602964998,-21.916250174346274,-17.132658990016502,20.35918898645243,1.0
0.6611185747504145,-17.369240039966623,-7.646647720850198,12.816057004004794,1.0
10.668907625297066,-10.730022272857202,-17.96408546449778,0.4479148590918194,1.0
12.762568105608842,-17.536705736138263,-3.1911754380968844,7.312686769679368,1.0
13.983396468146736,-11.856197791471807,-14.461843288038835,-4.56801319182873,1.0
10.886166066836614,-12.975638858913804,-33.80784956061813,-4.033075216806431,1.0
3.4512796975524687,0.7502616763883516,-24.825873871678176,-8.021536702164724,1.0
7.923033746572317,-18.894246849320208,-27.195751732617836,-13.52250899336852,1.0
7.739698808256923,-20.395955266063552,-13.978603752158165,-6.407007599791845,1.0
13.783289912017668,-6.6397773225384285,-2.4936902203368163,5.565452006555262,1.0
0.056503885313841096,-4.620475087798361,-21.003620967650022,14.685725987217236,1.0
-0.6587053772044384,-18.723225913959745,-29.08322664346708,-2.315489597843742,1.0
-4.285798822143056,-25.48610161276831,-42.93710808129711,-9.352856657764873,1.0
7.895708412898142,-16.838824138995005,-23.564967897129,-5.559011657401577,1.0
16.44247265182868,-13.057686383386667,-22.501609481367957,-4.974980997808659,1.0
20.851165297215225,-21.84516289111671,-32.410207353088566,6.9071268814485105,1.0
1.3521291965323465,-11.217584007830293,-10.777040360406264,5.793451465972995,1.0
5.116178789990457,-0.25783152509869467,-14.347768900493811,3.8760538429389424,1.0
2.252856897629549,3.610683569779276,-3.1217791867377063,17.645714205566847,1.0
12.02338089583207,-8.594839340785015,-10.996123212572911,-1.0974206367531885,1.0
5.161778187169446,-6.780022263152963,-12.949114530125534,-3.073780277834514,1.0
3.145735952798827,-24.781038707654574,-10.274326587776592,2.0271204565986727,1.0
6.058561128441365,-25.025180602325516,-24.571177335973005,-0.6218655156229227,1.0
4.79655106832551,-11.108616040389027,-23.435373163165053,3.965298583587165,1.0
1.1446386026585598,-3.5840545338586516,-23.595674152275187,-0.9858623506396711,1.0
11.712533543447464,-8.551866006541127,-10.175102083233186,-0.11927469592926165,1.0
29.827240995624557,-8.496010865215045,-19.301972494684513,16.252849525701887,1.0
9.956060486859652,1.1352009728582182,-15.401235846942082,12.380163546220146,1.0
7.46805157089525,6.69398813554108,-10.746554336148062,10.29931919700809,1.0
3.101169920614235,0.3529761313751081,-18.16936281144836,6.208073460035736,1.0
4.222230897147444,-5.8741882965199,-7.432196934112708,-8.565847772835253,1.0
15.228068097585197,-11.161756077244977,-17.511921617219517,-8.692687992500565,1.0
1.5279432992283617,-18.84600578377917,-9.882235266170573,6.031855343918724,1.0
6.613885445193427,-20.737617097412148,-21.484084312813152,4.938518886014858,1.0
18.071795381505414,-15.568681875080006,-23.946616363017196,12.603987030704454,1.0
10.612006986376223,-24.970737999403575,-23.21007910469799,2.7808098539408945,1.0
13.873570557541017,-25.854142057686744,-33.71923314305738,16.569741174085415,1.0
8.616093441450046,-29.464775122482944,-32.651724976437634,18.52038036588631,1.0
19.343667730375024,-25.455205518542698,-23.19724910579938,6.499802393102202,1.0
10.079015603127754,-8.071891881961323,-18.15704968389676,16.390944669228173,1.0
2.9150680853458617,-13.546102914167184,-6.504048526860844,5.939859333305557,1.0
6.396353620195748,-14.503962481722219,-15.511872913118676,-2.697580778349396,1.0
5.282264580116056,-28.504540199535413,-38.8176849544377,3.7011933208156025,1.0
-13.354364313093093,-9.54035748016781,-23.273827801760415,3.7788101705542068,1.0
-30.032569178003506,-25.148831372653476,-10.448695084256713,13.388547140770385,1.0
-5.679864500516494,-18.19440479893638,4.6826024967544555,13.389417840216732,1.0
6.9238294602255515,-27.622242883687672,2.458589743209,8.278186225147074,1.0
-10.68702145997587,-28.80621620992498,-13.85220428718427,10.90962715693041,1.0
-5.793179555165988,-26.787184699959486,6.611494302428266,13.899087939205256,1.0
-1.1414128470953306,-19.805542157858888,3.6026027172477963,13.02764971019312,1.0
-4.8014723101704035,-22.235355918855316,-15.257121595548501,16.620612147913633,1.0
0.6509764437980126,-8.943341645504471,-13.34115297253551,10.029279966714393,1.0
9.542000775318733,-16.63826256222638,-36.36535353081162,7.571612913611876,1.0
18.76295867599508,-7.558838989615247,-8.280560127397504,3.1126986556593943,1.0
3.7964641704216064,-13.010369144934003,4.984449462611181,4.629118872863474,1.0
-4.607947133411891,-4.878539251915015,-16.513820770716915,11.380138373931562,1.0
11.443509940858542,-0.5452375049781235,-30.660555515099563,22.72058871788409,1.0
5.678100180406572,-7.199834580325902,-32.17782123530675,21.051252191444856,1.0
7.056602298968069,-22.140248062352455,-14.058964502338924,16.58606337334987,1.0
-4.81886704890203,-19.910031972838727,-17.52037288584268,13.862135391636247,1.0
-2.2734324517488274,-42.66320192922372,-26.447695674022484,12.652651930406073,1.0
-9.7111734667159,-41.10725555671635,-24.07845445018392,21.417318958347657,1.0
-2.725861252396898,-35.962068390812426,-25.59374004008347,18.86659411940874,1.0
0.9407519044627601,-33.9240015842214,-16.890994889515937,16.507119542936888,1.0
-0.41077567258060377,-3.6850459146553103,-30.06252335080911,-8.440955807178026,1.0
5.12944437015335,-15.182241642728266,-12.618131613339731,-1.6836674672451029,1.0
-1.1443480802893253,-9.022673661590956,-17.426696246449154,2.9536615757439417,1.0
2.1576667506922553,-15.461476802260039,-20.262442625514637,-9.491252371427965,1.0
12.866273838680018,-12.146570949045364,-26.861660268386487,-3.64488691067117,1.0
12.14277077575575,-11.42339616910083,-30.302584482065683,1.0973920303181899,1.0
16.236499726498124,-13.760144405892689,-12.832763298336067,8.53166925164973,1.0
18.84878805141492,0.33451765159949254,-32.469392457406684,5.344731020348719,1.0
13.726642651693574,-6.097852822138266,-35.67990518219489,15.308909168289166,1.0
22.30194610087617,-10.769846258299841,-24.661193930047077,17.96375801967212,1.0
-0.8758628149892242,-7.658293871425396,-10.168540781867708,17.887876552494312,1.0
-0.6852842177109153,-21.581013207049303,-6.132941944982566,9.356612615079229,1.0
4.971544856754421,-16.303413760694692,2.9850146209465898,22.30151499493958,1.0
2.0990827604710844,-23.17297360815553,-28.76688850317744,15.639314628062511,1.0
4.182937656996948,-24.568804485338507,-14.161197964295685,13.017778732464109,1.0
17.64789485328283,-38.219466744684766,-12.194805096938847,12.340558188925845,1.0
0.3517731613648505,-29.970744535665176,-22.024302779970782,1.1086217831911638,1.0
-13.4004757280928,-24.709041764981684,-13.284649077978262,-0.7735568213890112,1.0
-11.107865645960173,-5.029591903059883,-9.29385364032803,3.6681612626138067,1.0
3.225118606119948,-9.134845861696212,-14.621269131455424,-2.295143672230439,1.0
1.8343454116501277,-7.041901006909814,-24.273457028077335,-4.963614450691339,1.0
2.1486177372317194,-7.984894833983546,-24.64204718564495,-1.3934276871051434,1.0
-7.157789728424767,-6.764774144821329,-18.36698426900239,0.6963260496577277,1.0
-6.505225106073415,-12.148852982376457,-28.148610759915528,-10.192316594917044,1.0
6.00355666521525,0.8010127165948107,-22.331386463335235,-4.532393218222555,1.0
-1.5793759725422682,-7.473668690050669,-36.56046040753127,16.19458696162314,1.0
-5.206457762327746,-21.327157934214128,-33.355537310687545,10.438908466503637,1.0
-8.148464586706307,-16.816060884952623,-23.862529337638037,7.873251520247286,1.0
1.9838064714984633,-21.02354249879258,-39.841707461605864,6.723254177341659,1.0
5.471172898552404,-28.78940859754443,-12.96348839764343,5.336716086967269,1.0
0.07934731021925145,-15.169099822432585,-21.333839882713157,7.721820820506036,1.0
6.42402208071606,-23.54908876320985,-29.084639156521327,8.590543633777083,1.0
7.021529877626175,-25.159358056754698,-20.04682493508024,6.598490583638205,1.0
10.561276498704581,-19.37352016232598,-32.52308685365742,10.492687843307944,1.0
1.7417729841374503,-19.213099468818278,-29.972914171549043,26.29460352922639,1.0
0.8663151332552381,-19.76396132446949,-14.2810091513727,14.695692908790551,1.0
10.062833320635402,-2.867074212057153,-4.971984307028215,2.6898836442453913,1.0
-7.614313289361716,9.348691400236063,-8.545128179142853,-7.721655319214962,1.0
-11.984362193462141,-2.9593854322522937,-5.312559567140114,-5.276759217758063,1.0
-7.741586553979033,6.028858760019311,11.903411560486006,3.2986237776203424,1.0
4.362537044376588,-13.45594100014223,1.7019394350831591,14.686214581350626,1.0
-11.134254495247133,3.4254510647159933,-21.293074326640863,5.086426234509047,1.0
4.434948613188984,-5.739286751383549,-10.890772753308994,7.106191649696161,1.0
7.057874869738672,-9.543978011898307,12.390986985728466,-1.476288454213469,1.0
5.533679994441833,-29.405377547057416,3.765469422437647,12.211254285087573,1.0
-5.795798853967122,-44.55046080003075,-13.196612249490144,12.874702229388657,1.0
-10.243751407486256,-29.174935176904086,-8.473646232629749,7.016579415284062,1.0
-8.166427035093662,-35.730723080607135,-18.807465686058954,7.317314063505339,1.0
11.147925451192231,-36.77509555044566,3.0492556413628336,-3.637622861462117,1.0
9.76687647247228,-34.374479853979494,7.365345385196633,-9.82680421554478,1.0
2.136123627747076,-31.81271153470921,-2.044617145999588,17.17027116663453,1.0
8.879334932995024,-20.290110773699986,-16.486905056066966,14.255127390167246,1.0
14.137183304326065,-24.185859145111653,-13.055103014877538,8.348230372428072,1.0
18.67834700295046,-14.531816867529235,-15.781640316242697,11.624577872556854,1.0
14.7968174547607,-16.744197256054346,-22.218705817224077,16.557054924493848,1.0
6.578966990560547,-16.035875329331233,-12.976227934841571,5.558078466407568,1.0
2.288116795679082,-15.757638334101948,-8.405336581905262,-3.667092238792903,1.0
18.058435122488014,-10.567049386383493,-14.367381817994637,-10.3222503597803,1.0
27.066715936276672,-6.091490859877254,-27.454609890821825,8.131689211742271,1.0
8.449047288139568,-3.687627480382778,-37.76891333640552,12.530774858539825,1.0
-13.517895151145728,-12.889952371202401,-39.818703895104974,16.74197967227863,1.0
-6.664134577044647,-13.478791199153653,-43.05183633001955,14.92718089227777,1.0
2.1651343597077926,-4.905514674868854,-24.275598672466877,9.233540073204184,1.0
13.043271261510121,-12.179317278867627,-8.107496331089003,5.169496195878974,1.0
17.711478853499095,-25.24974183276647,-12.784103461422827,13.422422956949053,1.0
-1.814294311026158,-28.610774604414768,-20.519735161071605,10.38949206492424,1.0
7.18733120061678,-12.226775851429379,-15.040965694228984,10.447146185146213,1.0
0.8717391044514606,-10.7254020649878,-23.474677559844572,15.817576442382986,1.0
-4.765543068655724,-1.3169082903566613,-8.881419869889186,-2.7665488199245947,0.0
-3.5852444134195034,0.6876636809688974,-8.533989736287067,-5.446193388810305,0.0
-10.696096578764374,-5.89565555318196,-7.461084928041175,-11.739373240141163,0.0
-9.79989478508819,5.268091173713277,-7.35842261847945,6.3056430686647085,0.0
-1.9516673997188008,24.11153445960219,-6.374874892757785,-7.929929730552317,0.0
-5.435873139833483,13.196940993303254,-8.68787042726774,-9.790842184384612,0.0
-2.915686911918111,-0.7949488120285562,-8.382042338182565,-19.437930247705083,0.0
-7.265752960801824,7.45404650818646,-9.426112314195446,-5.393501120527025,0.0
2.4123757768702165,7.773146503266895,-6.1795572400553676,-10.688852652171727,0.0
-0.595602425564544,6.811390913499213,-8.644890397654938,-3.2549426855803674,0.0
-5.716418791530966,5.074892157824454,-9.286153397003766,-9.690980411785626,0.0
-4.868808463389165,10.009065170382465,-8.771844290444442,1.4401362961663162,0.0
-8.140247878348452,4.936763212552227,-7.783248873845865,-2.65045457414291,0.0
-8.644075852123184,8.23368035649101,-8.830480001128883,-2.6549627616169023,0.0
-4.321198518755931,3.8414679942625285,-8.972296336919774,-1.724447753258998,0.0
-8.162392563858411,1.5112314867906917,-10.879262706877583,-12.69193217783731,0.0
-7.410915652869047,-7.950067983843483,-10.144906380571284,-7.1063170667796545,0.0
-2.652866773337837,-4.054366568209344,-8.570404414399913,-4.787334083034726,0.0
-5.079930029774916,-7.062257462544769,-9.378709416388777,5.25617419689517,0.0
-4.267131202948445,1.4177196828309757,-9.370542773500436,11.294072861904969,0.0
-1.1500170055752008,6.7601331320582725,-8.402830948395193,9.192019007679647,0.0
0.021639204734452022,-2.5074216648765333,-9.850221595003145,9.430408478600976,0.0
-5.273831254872752,-1.846277633626467,-9.54689380822451,6.337492635542859,0.0
-4.850473109443861,-9.562468058270536,-9.800210007036263,0.8702556621096873,0.0
-6.052429939686455,5.985260335472258,-10.771834755601922,-14.897553755238025,0.0
0.5649045575798368,10.93929673578768,-9.26921416711291,1.779182801362003,0.0
2.3310685519118106,-2.3837907477106475,-10.229600766374265,2.5139252162571584,0.0
0.976011508690215,4.519134082789018,-10.736630956414416,8.280681697347507,0.0
-8.028869288018297,9.922526259164442,-9.02986364346275,11.004302336859165,0.0
-3.091071727642613,6.164954717762942,-7.685766706321843,4.525278588451889,0.0
-7.626480210812205,2.379963854153099,-7.832253146850586,-0.24021388899898355,0.0
-7.037163179756906,10.10982859598973,-7.324295177515929,-4.854072765809113,0.0
-0.14129663516877788,-5.545825085962805,-7.670063804349755,-3.08190185449258,0.0
-9.319628059328679,-17.439702499689776,-10.313382150931279,0.8330932434573102,0.0
-5.566690789101246,-9.806314667378548,-7.594125877927779,0.6482180504523729,0.0
-11.803851529504666,-11.558331544946853,-6.690594944458827,-10.726320724725767,0.0
-11.763040801983289,-0.514703037799469,-6.86337500061535,-1.9025194038500195,0.0
-6.657437015043424,7.321335222704248,-5.891213420886444,-14.812178863249077,0.0
-4.0982468838658725,12.379349370392967,-8.503190923378018,-3.0368800959796998,0.0
-7.838388301119728,0.28811072790263914,-7.523611893264867,3.5338037880032696,0.0
-8.899256761479748,-13.582588315351199,-9.229359702481549,-11.078890213361847,0.0
-6.065442604763184,-3.5287675496234505,-9.233669194037162,-15.288406596897103,0.0
-12.739551842638445,2.2875411286299747,-11.401372316851342,-13.664441260233493,0.0
0.013648557040530918,-6.774222520465351,-11.562090261837382,-7.66691520486107,0.0
-5.347068952308763,-8.749749636586737,-10.691801617234454,-3.010394365197,0.0
-0.5041086155416945,-6.933973851099217,-9.03957714186258,-1.8833753745086472,0.0
-6.774931448141954,-18.298406565679862,-10.026149318200458,-2.048776935401493,0.0
-11.349193437439837,-13.866767412308324,-9.796951055392727,-11.980146572395782,0.0
-10.672484810979478,-4.337112839497177,-10.337334153531785,-8.984731760023578,0.0
-9.695905861826908,-19.263123609979434,-9.395682783706775,1.0723177244549342,0.0
-2.8928946815648127,8.207296646615745,-6.659199795034414,2.1740568171283385,0.0
-11.665052525667674,5.301395032627819,-6.528008600250775,1.3723234025933788,0.0
-12.354454734313741,5.75871285458678,-7.146701481336441,3.2353467964752696,0.0
-14.61184162382968,-3.9366395344766114,-7.366373186397805,-8.348953833953388,0.0
-10.809521024524503,2.2167254184106424,-7.848577304045486,-1.236533366725829,0.0
-11.056615903216995,-3.645239672151476,-9.717343021399262,-10.801258123588987,0.0
-7.153063720643104,-7.462762739620823,-8.934508477265181,3.086596237593785,0.0
0.9355056757084244,-7.069099159207339,-8.498851131961672,1.2585461543381016,0.0
-7.9441493015020646,-7.2378709100479455,-7.723677443435015,-7.132997133844537,0.0
-5.312161690845798,-2.797809110309244,-8.10510728474832,-13.935631219425831,0.0
-4.2902569819593985,-9.41642981081625,-8.974674331714446,0.6541371340419557,0.0
-2.346054311414259,-11.123110440689233,-8.574143744972329,-9.688202064985049,0.0
-6.129849183049412,0.3819756972118622,-9.03706597035189,-23.725065784243085,0.0
-3.210965636660106,10.729219246624833,-7.837133645848118,-27.362338534402824,0.0
-8.186231259350116,2.4340260539768996,-8.36793753797355,-23.145257369536548,0.0
-3.3724896636410495,4.96373897283501,-9.632815999826395,-11.541358189863011,0.0
-5.909653414675626,12.983623163643177,-8.924990328923464,0.5827474111361757,0.0
-4.8294109408106465,22.328650618118505,-9.084570514263138,0.8982109326192118,0.0
-4.312076163739219,9.295136612635165,-9.69463353853257,-8.67547528979496,0.0
-6.224685076540249,5.157571301169906,-8.870234122903915,-0.137863075036452,0.0
-8.820728508975687,17.508761655563255,-7.603777915300123,-8.499939688313665,0.0
-12.372240387256241,18.239957044601653,-7.399460863896542,-8.04147709564446,0.0
-9.800981155122916,7.65020480431428,-8.038607146040333,-4.428224697875182,0.0
-9.727985551830027,11.133007575819146,-7.191201045782966,-6.2724509258009125,0.0
-9.609084420608983,4.294666963392146,-7.677079341244368,-2.5687636001762915,0.0
-9.821720719695104,0.001124401041018519,-7.604497597218701,-6.805661857419953,0.0
-4.2381966785915814,-6.54348174434174,-8.319826882916024,-7.864921434992262,0.0
-1.760075936473502,-9.928260092906118,-10.813069553312749,-2.795790785263423,0.0
-9.203615089474633,-6.998520667288785,-8.763429256028994,2.297119572348174,0.0
-14.067430064169388,-3.103059664337346,-9.506890881758514,11.209269981146587,0.0
-3.0579981347928458,8.477602378657599,-7.911498859384217,1.2618746679257402,0.0
-8.034937607967898,4.3337022222592205,-8.741311537405483,-3.117502821838434,0.0
-4.506141537378499,8.361359518039873,-7.742989239930485,-9.49690641880821,0.0
-0.6939315037555063,-5.384979001829641,-8.214085598323528,-3.2787950117349887,0.0
-4.3102403220601815,-19.527989519390385,-8.761853900083194,1.363157212064634,0.0
-2.9430721122374415,-8.970126683305429,-8.16526216903915,-16.37317905565298,0.0
-7.335717724321413,-14.997583088601079,-8.598064911702725,-8.918971824606217,0.0
-13.09841241543971,-22.906911073731777,-8.92423026743918,-7.163975556507408,0.0
-11.931705156904751,-14.3336612119064,-7.69136131308696,-2.605880479664015,0.0
-4.55658432149124,-2.124061542667806,-7.86778285884544,-3.8962066997635776,0.0
-13.919404835125299,2.7016119025499314,-7.987280683578302,1.4489833690444076,0.0
-10.924320636151304,8.910979037074588,-9.141369392337209,-9.77617434246273,0.0
-4.922353368491406,15.848673349889806,-9.953751363368143,-17.89750619380121,0.0
-2.0577657384300396,17.719515141218135,-7.892898437457082,-11.971084021499948,0.0
-1.8734101308386717,7.662751918579327,-8.46646853446519,-7.328817589830451,0.0
-6.7426905871823895,1.1125906247431958,-8.732959720159364,-6.8091949107855,0.0
-2.6675866138230875,6.221845167616578,-9.652796482833041,-1.3513659049654072,0.0
-8.36655550967734,7.833979249944074,-9.75941058722257,-0.0622191376884389,0.0
-8.783779435860502,23.66389562084509,-10.40882020639294,11.356656762632332,0.0
-11.036023788217115,22.980228961941997,-8.96401997979711,14.103494814079095,0.0
-10.717162182568314,4.445306942230927,-8.348306240381078,16.73509218186636,0.0
-4.816269435493561,11.996899372548977,-9.789085039993676,-9.384081329215405,0.0
-9.767622155679618,8.27673932728057,-11.016636502285698,-13.589396270940519,0.0
-7.862976858187066,1.0310742320536823,-10.097133050961606,-7.293164732739035,0.0
-4.71931316430393,1.212590457144576,-10.385815365226323,-8.617374982836791,0.0
-0.1955507874383362,-4.645075731212031,-9.667053743747175,-3.218055598077414,0.0
-6.167710327338057,15.147515333556754,-9.179232532276588,-1.861073401466606,0.0
-10.093853610819586,10.465324568228827,-10.862233137858295,13.012495151183261,0.0
-11.64977712938257,19.28896997162275,-10.442858266268459,-0.411898245083971,0.0
-1.100813840822771,16.67906747505414,-8.930794315780448,6.597223537997828,0.0
-0.845398910739656,3.157425400771175,-8.036279895749066,6.7772111572974065,0.0
-2.3521662168507182,-2.3996483625650953,-10.619289851025739,11.260459567655282,0.0
0.7476528577418735,-9.100753866334632,-10.394572406674868,-1.6705723901609588,0.0
-2.726283669996252,-6.935292243650162,-9.404021101590565,-0.009546710806425773,0.0
-4.922887108557247,-14.493068164490403,-9.842488164291309,-6.045944550471691,0.0
-0.6313267252215287,-5.3157839974144,-11.940944411594987,4.864850253748291,0.0
-1.3184715844467643,-7.816092127284714,-6.893655626228786,8.306170535040254,0.0
-1.276417583052964,-6.815015427341375,-9.6159045384021,1.8374603272669567,0.0
-3.6534471680735896,-19.958431840508368,-11.350633878160574,-3.436536686444305,0.0
-4.07591772843873,-5.420188715183912,-10.743763237547906,13.49049171463863,0.0
-11.466658636384995,-8.566222880990438,-9.628653038189542,21.401204467207556,0.0
-10.22014008459436,13.2458069910701,-7.862767118261497,8.236994436450868,0.0
-10.00115642519522,13.495908071324823,-9.158034039513009,0.11390936523514483,0.0
-7.911100597671022,15.577867924488643,-8.237504333038828,11.870622122675956,0.0
-7.112558129906026,4.242404780972645,-7.537680612623478,8.229796162334605,0.0
-10.496446900468866,-3.622518809100999,-9.113891090667197,19.05017881450723,0.0
-15.784870748862875,6.87477722549574,-9.062597959701339,6.653545027877592,0.0
-11.983095599245152,-13.102940705196202,-6.818950419882823,11.1782755717846,0.0
-4.756388566315653,-0.19048539196945224,-6.069944224508628,-12.610184416462774,0.0
0.5154813229293111,1.0313156379102644,-8.413981455502942,-12.01122187939959,0.0
3.793829031815708,-5.807512171278437,-9.097609802324016,1.1202309816317682,0.0
2.5451532997797504,-0.29573426184650264,-7.976233729082225,-0.2159129650892453,0.0
1.2330710953731394,-19.384959174563903,-8.10036637887618,-10.644580419968284,0.0
-5.720689189698257,-19.138595644594748,-7.507426776423279,-5.719106352622058,0.0
-9.92494614445649,-1.7723357930882941,-6.758621644615287,-6.186412045385595,0.0
-7.278072576754462,-2.9536936034275536,-6.367543380857948,-6.350414013597022,0.0
0.49422737462782695,-1.0518448378712364,-8.708466897467895,3.854237885083559,0.0
-3.806458888848441,-2.720035096624815,-9.36939082163951,-4.500411016036107,0.0
-5.352950029773574,-0.2944214657209776,-8.9862979809183,-6.041005540963676,0.0
-6.240603526025977,-15.948689617014981,-7.342341361668729,-13.388484171782654,0.0
-3.1326765611568295,-9.250578186536746,-9.845070147473358,-15.740916379663723,0.0
-3.460539579669798,6.4761278713018555,-9.860329552677939,-9.164912900027733,0.0
-6.429582077461379,4.928786032282165,-8.46582065830827,-7.707346461962399,0.0
-10.581392377831685,-3.6635975746429263,-9.364374498213431,3.944114307087192,0.0
-4.416595668133753,4.793881316227236,-9.723722075805815,-3.9520138809499743,0.0
-12.565334019597936,-10.405047673124018,-8.065426024312597,-1.8466950347764164,0.0
-11.149950343189635,-6.577656646290546,-10.598376367434309,-3.4067240068572,0.0
-5.803477988188082,-4.227685370434519,-12.328492401039366,0.5095069738180293,0.0
-7.733185992550897,-5.851098269852489,-11.595627052343536,-6.303690449016644,0.0
-11.816080532564843,-6.851209827971838,-12.061023648444982,3.112025881889621,0.0
-14.045272631252168,-14.284889270676565,-11.859300133385656,-10.216216377631767,0.0
-10.375276567151,-7.429065885207098,-8.717702373524896,1.5550703554562524,0.0
-8.160610586781903,-9.82987100404536,-11.526593691364749,0.5963101839089225,0.0
-8.650912730370798,-6.199135812835053,-11.999493969612802,-8.487075512659603,0.0
-13.828381791154003,4.158345418859849,-9.677165438096068,-0.5176535722692468,0.0
-4.350669055290049,-10.486954989953903,-9.881597540050834,-7.34063079742315,0.0
-5.990326921449926,-13.415456210578654,-8.393217207912706,-5.265642127863684,0.0
-3.0091391789861386,-4.1955623929194505,-8.871500753426949,-16.0311801919667,0.0
-6.24210584902179,11.385286495332178,-8.527993890402879,-6.604306676571179,0.0
-8.958277160500135,-3.6681269227660804,-8.618498862012835,-7.881576487922613,0.0
-5.250596047453149,11.924817047080541,-11.747951069810176,2.2223960589466065,0.0
-4.998813477077904,24.564274423099583,-9.72621604108186,-3.4323485076985745,0.0
-6.285855781944915,-4.279074065856658,-9.42067108676956,8.637165483430486,0.0
-4.786860685518115,5.7391659993800594,-9.373004604596929,5.901003844617623,0.0
-9.488026755349523,5.513432636947353,-7.906730810689977,1.6587225908032748,0.0
-10.650086678998829,14.758935265195666,-8.392674919821642,-2.832528948975175,0.0
-6.927375070347698,18.060479693703673,-7.088539629484483,-5.631532961968601,0.0
0.43181760636938016,3.371406572095011,-9.033620947216953,-5.307431433446764,0.0
-1.447806535735758,11.40359782670367,-9.35429633378825,-11.476874579291797,0.0
-0.048708398942076236,11.319817634114749,-7.363862649948886,-12.649330196336084,0.0
-7.791927684633866,-2.127719236169481,-9.747044673185599,-19.673019138840868,0.0
-5.63325441863601,-4.800294367407821,-10.076010096136761,-19.566953924375664,0.0
-7.486366344454886,-3.3829465232690357,-7.837032207637359,-9.00620109688327,0.0
-3.772259578411965,2.575614015816011,-6.7153221476180756,-14.79066661584909,0.0
-8.657524834165839,10.966269073213542,-7.818201163477972,-14.697984124311372,0.0
-0.22717224881188347,-0.3452051115787387,-8.532982840407882,1.9618319663095982,0.0
-5.911883342888581,1.0014950512579217,-9.323583797703774,10.133787241792852,0.0
-4.827690010208367,-5.400668133891166,-11.127403637565687,3.9812644354853903,0.0
-5.830781559994076,11.331890698558395,-8.93320040111758,10.963363201824064,0.0
-5.949009967175125,14.972506288951276,-9.223845162579268,10.419133602568376,0.0
-5.19607579211732,17.44672715372506,-8.982448819381286,5.3433109324976575,0.0
-4.797440598471348,10.362703255169418,-8.75652537406393,-1.121425795052191,0.0
-6.135592490751603,11.535078757660749,-11.250895692772186,-2.6495552050002633,0.0
-8.610927838417517,5.54502087628024,-11.21973903210799,-6.801830323333987,0.0
-6.275540740807507,17.40204119841752,-9.205363616078715,7.11002783546545,0.0
-3.7272555647316863,13.158971934934247,-10.190239745137882,3.4065518414580653,0.0
3.0033598085640207,9.962338558194089,-10.091652445127199,8.327950810645525,0.0
-4.750132459144754,10.17127679504264,-8.872718254483813,-8.56496237232305,0.0
-5.833294285991988,-0.7776931791326174,-7.48238592904249,-6.498778021362023,0.0
-9.509495743848039,8.054627958140374,-8.876194883242817,-4.664312948039908,0.0
-8.097132622698977,9.47424494684291,-10.662878481442116,2.5008341980242825,0.0
-6.05754414918232,9.064063339934473,-10.04497005747669,1.5778672804045275,0.0
-5.802914014257656,-9.264597129107226,-10.383716032787895,-8.40236418192633,0.0
-4.756849056912726,1.4123722019263907,-10.973376299555273,-11.879452114296125,0.0
-10.91484370409973,10.836235353409768,-12.04411441221459,-18.85006945086081,0.0
-6.100937034366872,10.745556417368379,-10.682860052892405,-0.8277253413873393,0.0
-2.962319190527185,11.516324024905472,-9.46154189918754,6.934844155887037,0.0
-4.906162243298632,10.105078380245388,-8.28467843957974,-20.679254400146064,0.0
-4.715915132055729,2.2294028912020796,-8.560906850092438,-4.514575147881533,0.0
-6.819156190793826,-5.404624065132802,-8.696219619828609,-2.839009162979613,0.0
-9.979144125718136,-3.116571668593593,-9.064158640504797,-3.003010266753761,0.0
-13.999743132605364,-9.069706383179101,-8.419112266585676,8.486058190993205,0.0
-13.393274129489551,-7.097563335250846,-10.71894666806841,-2.450707704780441,0.0
-3.3075651973319937,-10.384348767614853,-9.28451403830733,-2.6966995698679934,0.0
-9.242906537903153,-0.022891518472216488,-9.395114941235763,-0.23338850081246454,0.0
-12.43306956276469,-14.111145702825972,-7.104796064047335,-9.07040904963361,0.0
-7.504441950157753,-3.180337242118379,-10.014028305650207,1.0041031786185393,0.0
-11.31579514409231,-0.25983701338756937,-10.101869758871409,-8.562416705569602,0.0
-18.18959465671933,-2.1530234213348747,-7.143973986012434,-7.865724047249111,0.0
-17.068596627352036,-10.183437612467614,-7.274041164246775,6.407707755304394,0.0
-14.805710274578885,-5.480095932938602,-6.618758257472134,7.37033089841599,0.0
-12.565887545404934,11.926513405188246,-8.64932239973619,2.6061608211769363,0.0
-9.967731350170023,2.644822062203769,-8.560656100133476,4.60160398047642,0.0
-4.634775194211471,5.326160849136967,-7.7504870918475905,2.082537683349309,0.0
-3.6193326707675246,-15.305147219287377,-8.326698105900128,-15.51667910732653,0.0
-5.13842370209529,-1.9900082701457937,-9.099221162315867,-3.550926728377174,0.0
-8.974078681304118,-5.360271306637965,-7.057103394206343,-2.355871625751692,0.0
-6.686278865032607,13.068823347059329,-9.784733597417251,-4.616458362544664,0.0
-2.645669226300461,15.634601228113631,-9.22728719803106,6.358767518840771,0.0
-5.035720316329508,15.771967103457614,-8.14859035226264,7.459727709476542,0.0
-14.333790150216018,3.2672928151922687,-9.616979780850885,3.9041090105512355,0.0
-12.761710478862828,8.767036247815021,-8.917868560158032,-9.988490233018942,0.0
-6.275069761518093,5.65469005300875,-10.327004222179436,0.3581121094615902,0.0
-4.254341090148187,20.254658410275525,-10.93211095125786,-1.080807216492319,0.0
-6.383198076625691,25.8564616064391,-7.787641131640436,-4.858126928381895,0.0
-3.5250719707077502,-1.1552823160172463,-8.643272367566393,-0.8009997331470027,0.0
-8.598196864838528,-4.47791257245089,-8.951188867310792,1.3553727829576019,0.0
-7.248866458980443,10.456243718928288,-8.83933490735621,2.1611614242234616,0.0
-4.145200384311497,28.9735267955966,-8.736147856528909,2.488223670067395,0.0
-8.496274800531584,12.346753538595632,-7.545001634746427,1.6037197641732872,0.0
-7.550017643141496,12.823197180278559,-8.643020353384228,-7.652612094667496,0.0
-9.6080215952518,1.9608258038578565,-9.100241532352074,-15.142949730028207,0.0
-7.393091849777648,7.687487890287274,-9.387962145163218,-5.610563368876317,0.0
-4.720565179344522,-6.974147375449228,-7.080598349654797,-6.040463638936099,0.0
-8.087798474724757,-3.5455276482450815,-8.77321018170542,-5.5617256037319756,0.0
-7.640344918443576,-7.26890630302556,-9.396509324190383,-23.495221407752652,0.0
-12.336163967484383,-2.247102183168091,-9.478196979313758,-9.301653790996184,0.0
-12.589890300332456,-2.833011757488306,-8.405200624000372,-8.162606227207243,0.0
-12.142056158062335,-9.984058180229361,-8.07561084388268,-4.061025988888936,0.0
-13.400923002709355,-7.053168781788554,-10.10971976510975,2.5213979798664794,0.0
-6.736181031201205,-7.154714949505848,-8.812247538456733,4.814931441138006,0.0
-8.02928841807375,-6.394009761583114,-9.994681380739015,5.797408061554076,0.0
-7.662181972013206,-8.712408231324947,-9.456251168954283,5.314491404703546,0.0
-5.17266269491813,-9.979085648591626,-12.061149181365337,-8.318174614124048,0.0
-3.2833235077884027,-3.6016858368441493,-10.759861979692559,-11.373099123224288,0.0
-1.4961206312157156,-1.1869222394269823,-10.675722443363851,-7.17102939608214,0.0
-6.146993866732777,2.337961216579253,-8.516215609502524,-3.555752734745197,0.0
-7.853673830574225,-1.9283757191050723,-9.660461778274096,2.0248376997951967,0.0
2.7697717733611436,-2.6391976618987694,-11.30771481528033,1.696435318972707,0.0
3.5644707679471783,-3.5611288384868995,-9.926279107714166,-8.898111735884044,0.0
-2.283060131462678,-2.439427100732973,-8.851755271180778,-9.790964139749155,0.0
-6.965307745212621,1.955824878746905,-8.067680593596116,-7.178727987317004,0.0
-0.4124833589660075,1.6345526728172683,-8.265137888966189,-2.179342572855443,0.0
-3.5405862683793705,-0.44278687058108535,-7.676939148203179,-7.040344866330691,0.0
-8.235088736956722,4.6232023478415325,-10.533500662031214,-3.2913256082594096,0.0
-11.063113943706398,6.477777224523175,-9.710220450246016,-5.05509125944924,0.0
-8.489922426544032,-1.9142099225351092,-9.611638152813601,8.204203353614037,0.0
-9.088568981362833,-4.11531738191403,-9.146992576420548,-5.036706568780753,0.0
0.9492178117325003,2.813229836370053,-9.713085021821108,9.426907565342582,0.0
-0.6223253900853047,-10.161935084634639,-6.875373083093422,2.7593796383469584,0.0
-2.4952075765609285,-11.95370976253798,-7.825324025067567,-0.5169172789625032,0.0
-2.680160252790877,-19.644067292268396,-9.33049377153372,3.4810197522573834,0.0
-3.777582472379271,-8.693703346241954,-8.434763964193104,0.8086687551279126,0.0
-1.514478285013954,-10.531863348912227,-8.560871197153824,0.7213362674504717,0.0
4.340015692048719,-1.2768043639617854,-9.317441009631906,2.344443899697575,0.0
-1.055800520831942,-7.4396687368395416,-9.569156750469716,3.731660651128982,0.0
-2.4015195680849613,-17.082493941908492,-9.015703567696683,7.971027613645704,0.0
-1.1436664474606006,0.3262634318453781,-9.1865056214221,-1.6265372914069522,0.0
-0.5633862409663086,4.327879638660053,-8.328268006808711,-2.563893501927047,0.0
2.225405128369776,9.205477666316565,-10.250378415189902,-8.217356401483677,0.0
1.9959124831764585,-9.050541136919428,-9.43262999209833,-2.7289647111692537,0.0
-1.406414296038478,5.894001367070784,-9.763637986584676,-1.4924600225966451,0.0
-0.8438276390892101,5.476332177064258,-8.863962335392232,3.053995538643819,0.0
-2.049737153091305,9.860569063983455,-7.826036895579455,7.628909325583276,0.0
0.5514439622196239,4.792735457783227,-7.983879806442664,3.879025627905359,0.0
-3.8580639509830013,-1.4780513760026146,-8.694184870183395,-1.7409814133839574,0.0
-3.0871676504888503,5.390674332317072,-7.798665095056366,8.812906246270217,0.0
-2.6992503721926697,-4.977261406311998,-6.630183560242772,-5.14018319083951,0.0
-0.7431962202160687,-2.000239093043491,-8.086729981599051,-10.802658430153208,0.0
0.9338549410890229,6.039853773030449,-8.489770545123955,-5.039819534761329,0.0
-11.65421931256338,7.598735948987691,-10.538124053588817,-11.33584737715131,0.0
-0.832144898036546,1.5371232991466495,-11.119723494755952,-12.089264937911583,0.0
-4.971742047772778,5.585123842955675,-9.090333784689694,3.6532164854980156,0.0
-5.630616647940375,5.688033177864224,-7.863792719636294,-10.360733618617914,0.0
-2.0065401764167605,14.69597341924904,-8.826449425840464,-15.973342881663537,0.0
-3.9600735023431684,7.104761234700371,-9.490621405808664,-3.85216340882368,0.0
-8.492258161710748,4.526688037222959,-10.104514221362914,-8.400602108564645,0.0
0.9929459416079283,-5.605181867755188,-11.668856973951513,-2.313857656553014,0.0
-3.8161621643291053,14.056052387619463,-10.031979219985432,7.324972436070843,0.0
-9.998394582222748,21.5489755585992,-9.531715057871784,-7.632461453730626,0.0
-11.324530245671447,6.743241402239943,-9.41963228781656,1.496611770726304,0.0
-10.56197692471964,-6.696558188802438,-8.493646644609088,-15.663753597685588,0.0
-5.917459365355655,-6.104930564824118,-6.017004575352802,-15.114769618209442,0.0
-6.30436316629225,-3.3511031861375686,-8.848407554954678,-7.6152790293780335,0.0
-8.576172079218995,-12.485487045658905,-9.563790293494923,1.2655301472177443,0.0
-6.7835955150599,-18.66353718228181,-11.439515032076496,1.4338868090191554,0.0
-14.478417849634244,-20.165004938135777,-10.799760263136655,10.080260144103821,0.0
-11.30729348236527,-7.088950654635879,-7.6209207344249945,1.0713726866154185,0.0
-6.068868708042203,-6.368231116981727,-8.164511307895074,-11.419701582198742,0.0
-4.13272837360629,-12.247011707938102,-8.072084441590777,-7.0767163280909395,0.0
-9.41337590871616,-12.508640233761145,-10.217519335496466,-10.670111584698128,0.0
-8.3827755697814,-2.5271333141580374,-9.003007781463074,-3.40390713244419,0.0
-7.91260877824061,8.546848837188644,-8.093474577224926,-12.03510126532677,0.0
-6.369645493213159,0.20557579597574405,-8.991007990102181,-8.356140987393267,0.0
-8.698959577484224,9.209845677385193,-9.123180485093314,-0.7679590560260703,0.0
-5.940111799837324,7.1010511434415555,-10.291230682981647,0.408618492200965,0.0
-8.872207428114562,-6.294097528717643,-11.92489644217969,-0.33485582749334153,0.0
-4.842083448839107,-4.523456632060967,-13.202951190352042,-1.4098468796817325,0.0
-5.141181650571511,-6.783071533619392,-12.655077592289107,-2.2293109724993667,0.0
-6.0496619178355004,-1.9423793958959452,-12.253172776530754,-11.090292112860793,0.0
-3.8699972286171658,14.703485386898024,-10.905839971415725,-20.229338211698312,0.0
-8.874786323630552,0.655176338710243,-10.398565564035495,-11.998542655465517,0.0
-4.673538616629932,16.42643215732192,-11.186561939675899,-0.9624470825908875,0.0
-7.927187208355213,7.520579177304245,-10.841103508055955,2.696992423453797,0.0
-9.643097370812649,1.8161187726570307,-11.964548225735134,-10.899143317589502,0.0
-9.834251746312693,2.380904641508911,-10.645507042530271,-6.600259254746882,0.0
-4.040127882820911,-12.294353267403649,-9.958068227201666,-5.47089263262967,0.0
-12.098201073670602,-2.3728813720847146,-9.566706737371215,-12.514294721267657,0.0
-14.20162039778135,5.73563568128569,-10.477297118129076,-10.282411510457504,0.0
-18.5761103489168,-7.940078661807563,-9.80303979299337,-9.092205766358209,0.0
-12.911422304140297,0.8583484576335767,-9.208886704858585,-14.66556676313972,0.0
-1.9157472083986873,0.21192101323068613,-9.912559641137875,0.5104900437738116,0.0
-3.8502390194175726,-2.2699037030224627,-8.304453033632146,0.6567395248301668,0.0
-1.3256470285958395,-6.31607835143907,-8.38136729228925,-1.7957510624009823,0.0
-0.705605213467452,-9.014066235169349,-8.486482535924413,-4.827618980109656,0.0
-0.5450784583867865,-8.640056835558358,-7.705032971421954,-3.803513328575795,0.0
2.056217894098614,-13.584486280825958,-9.475224831596439,9.073810089403048,0.0
4.307320531072989,12.520864333157093,-12.728281955259213,4.020476986891152,0.0
3.1829622479024273,12.13812588431325,-10.58274011647784,7.836594155071556,0.0
-1.7734769144993852,-0.11200614784408591,-9.520418714207421,8.115170196028506,0.0
7.324007033855922,-2.58421457692735,-10.302542293343652,1.8525716070143923,0.0
-4.429700372657694,-8.28343009045127,-9.957087078467866,2.0886438828867773,0.0
-5.331829689470509,3.4830971766032377,-10.367260271912201,-15.2200291683084,0.0
-9.617249561819396,-5.145359263590393,-10.15071561279209,-9.063341275855473,0.0
-8.23449552629932,-5.453702332671463,-10.39449235993902,-5.955526171702931,0.0
0.215293507872369,15.75598155083088,-9.225470582357886,-3.565962890038946,0.0
-6.816224908361821,17.52337062337919,-9.073702019904037,1.3394255759428013,0.0
-7.076928521927935,8.740731647433323,-9.801892509606754,1.6968790602827168,0.0
-9.874724447193428,-5.534752225954595,-10.915247264627261,-3.9804150216691183,0.0
-11.424806789610457,7.667034659338098,-8.569169733320757,-5.0591197839947455,0.0
-7.368150983991979,-5.211016142976624,-8.216598363613986,-2.148013243062864,0.0
-5.399719142893671,2.1244846850102874,-7.9331847031734615,-0.7721612210867788,0.0
-4.797426229393367,-3.230813995285783,-8.564722974227218,2.6952846322132666,0.0
-8.935643218186932,4.527802214761047,-9.399683296727973,8.59232989746626,0.0
-3.3057717548974335,11.356400565757058,-9.697307950639205,8.92405601881906,0.0
-1.6060686732189553,14.446469174493483,-9.387902459331706,2.5339878309902724,0.0
-2.53743346678567,17.59848811283696,-9.370441604858048,3.648190978050218,0.0
1.8864992367916376,18.444445702924742,-7.875260845604107,-6.529681765778492,0.0
-3.995705164577806,2.122079973379129,-9.853007089150374,-6.419978466415971,0.0
-5.0065180009896375,3.96356640254551,-10.400300069207074,9.261176474682873,0.0
-9.574319326715912,6.219211722211565,-9.448255995918545,8.978496034768199,0.0
-8.100816719638953,6.322818389736487,-10.565413773774495,-1.6404553090193854,0.0
-6.134938998427069,2.7722487021187465,-11.15256038898703,-17.197290310145746,0.0
-4.705564329787321,3.3142647225927404,-13.139260048543216,-9.953521169639286,0.0
-4.853230325703236,3.726626380727343,-9.802837247937928,-6.496941187537166,0.0
-7.226460494462401,15.038308486684274,-8.602340425269984,-24.876090445206515,0.0
-9.911985937750426,5.456439786479505,-9.838153666823969,-19.59918429353815,0.0
-8.949691189152091,-8.892278370315768,-9.411401476169651,-4.55681387004252,0.0
-8.916906321101678,-7.660688207147832,-7.935614107465948,7.67950655329806,0.0
1.6717181497836098,2.5892424772599854,-10.200000394403075,-6.7544810723734425,0.0
-14.070327112018022,12.138942727126015,-10.722582174964595,2.607982960610835,0.0
-11.907899586623653,2.0682080130025815,-10.52587925094005,-3.681434123948466,0.0
-12.38219990226191,6.578063996736651,-9.273789899239945,-8.42330951312761,0.0
-13.721143220077968,2.3561137286142557,-9.55677901243481,-10.366525260060378,0.0
-8.15734316188397,1.5290251324493607,-8.164744460975154,-10.154038904403535,0.0
-7.569631016144845,-9.499372052101524,-9.069383506006439,-3.603306740791915,0.0
-7.069495230114373,-0.23871155956319434,-7.921822082117788,5.172221370063923,0.0
-3.9796391479373283,-5.185794812763803,-8.108555382783798,5.285667852466821,0.0
-1.2224369742402938,-13.714866504815443,-9.922067256000977,2.23877995906836,0.0
-4.497361869642797,-15.970824044595398,-11.238100668023783,1.728822958941642,0.0
-7.1642466430254625,-24.74779354719859,-9.35356046439183,-11.02311295958592,0.0
-5.151539519528453,-10.982767987021147,-6.4113122901606365,-0.3286106369970123,0.0
-5.663514190490016,-2.766031111112369,-7.282449757317326,-11.88794245249279,0.0
-7.5142942487961655,13.66259621087301,-9.889091617034941,-2.649830122843514,0.0
-8.215025000534208,3.705623214031596,-12.730588261247954,3.730043116926454,0.0
-7.463958135853066,-1.1486878701882812,-9.63031685246322,0.1893696544085941,0.0
-12.383116216084057,1.0150803865255096,-8.583759751375014,-1.3663888316250095,0.0
-7.188590085015171,-13.418503343052464,-9.770762179081729,-2.883431249815433,0.0
-4.326670436410643,-8.890254650144229,-8.872351932663914,-0.6776972058741801,0.0
-7.388184151003749,2.9912960133340216,-8.954696354152542,0.08178418285063405,0.0
-6.016675933312002,12.187964603124543,-8.839885475568334,-0.3038264010263694,0.0
-9.481144349517832,-1.227914664838269,-9.955650676263751,0.3157576558961681,0.0
-8.124403812562917,1.5367589300970335,-8.551814762915983,0.707165478105626,0.0
-9.812456587456131,-12.327560479884754,-7.767367786711405,-5.551292214049852,0.0
-12.564477450958144,-13.906465247854229,-9.289198365355688,-5.610619547696858,0.0
-9.046065937854948,-9.145180781086518,-8.571041165753185,-7.1900736462247075,0.0
-15.570142112868616,-18.92325556765062,-6.256030721934932,-0.41657603092653506,0.0
-10.104177533096799,1.8027702674686787,-6.83382306324142,7.009322542808421,0.0
-7.709713887926921,3.584258952428434,-8.674734374347272,-8.857654918166435,0.0
-9.591783139963482,-0.3428937988568044,-9.132188343136615,-14.98706499316221,0.0
-6.111247204138464,-15.329661008426097,-10.539855155815625,-1.2151463932131827,0.0
-12.136571199566264,-0.3936263874984731,-11.094570511406504,-16.72891627128188,0.0
-9.918675844784865,9.540098152291998,-8.686467904989506,-16.22539713070315,0.0
-14.023837972841655,12.278264811138339,-10.35184764891701,-19.288609885825153,0.0
-8.917434304713893,3.554999068431229,-10.32311763706355,-16.60475522397649,0.0
-5.489994638864151,-6.568596346373038,-9.21336287691903,-13.577060259957827,0.0
-6.44139437041749,-5.398717408440781,-7.132617633166626,-3.5997751294742315,0.0
-8.170522482926652,0.9644137516463764,-7.77231111851287,-7.185648890377626,0.0
-12.580737264633765,7.810582913270471,-7.6346774929661905,-7.984538108827281,0.0
-10.94607807513352,18.85952982492915,-8.407133651625164,-4.451977608395231,0.0
-13.520644854454527,3.957522992063441,-8.465033838358728,10.49464716076227,0.0
-11.873681477380305,8.023512375448462,-7.931211450468603,0.5929099401995002,0.0
-0.6431635678759928,5.4884881097418585,-9.197024297875677,-0.4970801399791549,0.0
-6.07537556533519,1.5994967181251911,-7.92745828710464,-21.106520412870353,0.0
-2.556411408027488,-8.461234056507722,-7.470628898195268,-18.46230643322932,0.0
-3.3826569583019905,-1.2482796208658518,-8.90403486381127,-11.173165455615294,0.0
-9.262807085060878,8.132875914585966,-8.922850508346384,-13.954244015479148,0.0
-5.945810462503321,1.8601675030505826,-8.39452291008753,2.8953445107659874,0.0
-3.8715936983268167,-0.1907047442484368,-6.806499363358739,1.1368217294286094,0.0
-0.3938688519950526,-16.519168332835797,-7.128538652856402,0.7777804408975961,0.0
-3.9997680489838032,-7.187783643909402,-7.928692793440437,-5.375286855302837,0.0
0.7996872620791828,-22.846691697823044,-9.431446205414304,-1.3439396150466272,0.0
1.85825209746028,-0.6652175202896364,-9.90893019109929,-1.503911049735735,0.0
0.016209223565923025,-6.114563766800993,-9.42210259162092,6.912875434747784,0.0
0.7808966662627235,-3.855168996292748,-9.465653995651136,-4.073718392932186,0.0
-6.535306736173851,-4.109895784387921,-8.161660569298554,0.6277709029997323,0.0
-4.76810847482713,-1.5060966398125353,-10.63258812568341,0.9172026637664064,0.0
-4.680869667783221,-7.144087612135783,-10.702465739542369,5.104340240886184,0.0
-5.062589726471211,-7.228168829469206,-9.966298857114895,-8.162988780903571,0.0
-6.811936184498295,0.5634323166922808,-7.321239594784734,-0.4258009849208342,0.0
1.8715052703397852,-3.0798231446494206,-6.394038251903593,-1.3652483396087511,0.0
-3.926665113494253,-4.306372437119369,-5.746853243320209,7.947521556566743,0.0
-2.7730378725137514,11.393531503582889,-8.149069586298074,4.379709416698398,0.0
-2.4976812669127515,-2.5656614047248842,-7.960996807448304,-4.875096760755055,0.0
-3.480595540766774,1.7165326909670524,-7.809049050533824,-19.638871827588975,0.0
-2.269218652242695,-9.924852162166317,-7.398341564834545,-13.100111133456622,0.0
1.4189416816324067,4.992489968231167,-7.089221945964237,-15.946979422776423,0.0
-1.7974337373852114,7.910313506189897,-10.22859931654358,-21.801037907897218,0.0
5.80383892910925,22.64058569518509,-10.090899288682271,0.5171005228240588,0.0
2.0267141235472996,19.90228059636147,-10.477029988041103,6.539844116051837,0.0
-1.3955351533388631,13.831170190189194,-7.987490887109902,9.463197387285733,0.0
-1.5665473089776167,3.4987598298878444,-10.722813295093582,-8.43391804149582,0.0
-1.045490092487873,3.459277002394119,-9.906241101524554,-2.6048923050056287,0.0
3.9532409698774966,0.09263098088760913,-8.852790803664298,-16.008874237247298,0.0
-0.5440021216737874,2.167388914146283,-8.093208774900715,-4.068050995214544,0.0
-2.9999752122291956,3.1209753500530826,-9.785306333291597,-1.996130454787961,0.0
-5.202915552882049,8.943929599706971,-8.369884705478267,-6.435189736554197,0.0
-3.492691111437879,9.77466067233172,-9.644569252724619,-13.260611865531455,0.0
-10.281212737941232,8.254121006881418,-10.789342370166908,-0.5056861277492459,0.0
-5.572708477997969,6.648148408408517,-6.52524392602213,-6.392805902325009,0.0
-11.355968452527755,11.609884305978989,-7.79732688583962,-15.54074098394776,0.0
-6.823159968934932,9.841760815092844,-9.966141192679418,-7.170991737281,0.0
-8.322530338136838,12.53059534756418,-9.508965929184168,-0.17784455825689083,0.0
-9.747435364152917,15.206387391249708,-8.585893371158868,5.284503486011644,0.0
-15.637731998456063,15.865242080510653,-8.629368807599615,9.746437268326863,0.0
-15.705324201060426,15.518534129378848,-10.03506393900642,7.876655291013606,0.0
-13.989878784853731,-8.820130384820677,-10.817213764591274,5.3197445284158045,0.0
-13.047684546641543,-7.5986958024447375,-10.909900610547954,-0.23243871679914374,0.0
-15.56736854255444,2.20250803176397,-11.32511440136847,-4.0185398993318024,0.0
-14.587714782017368,-2.061081335134414,-10.121740913947926,-2.260259994792228,0.0
-7.2317226566688735,1.739939246943866,-9.43053906577851,-0.9124411133630801,0.0
-9.18417836146536,3.191165028477935,-9.130221248899417,-0.18776399264307653,0.0
-5.625699356299785,-0.5295129011863389,-9.286562586462729,7.3610940500127855,0.0
-8.514195639062535,-0.5587950912734396,-10.79262733838561,7.064568135559586,0.0
-14.199798458595172,-11.97807390886691,-10.271467498580206,-6.207144258821974,0.0
-12.066046130611575,-7.208191506538906,-8.321370019752951,-12.178559143485788,0.0
-8.511898228940137,-7.290415790925415,-7.5810501094250125,-13.929367787888928,0.0
-5.340046500739053,-5.015219098956783,-7.303630883598386,-7.01860420267891,0.0
-7.380836046350576,7.171007325785476,-7.981484909782903,-12.435487038569057,0.0
-6.688477910543275,0.4261551860890931,-8.720439271232708,-18.663938591105335,0.0
-3.0300269385729237,-5.675047258385549,-7.274400804642367,-12.358381401029513,0.0
-6.762192312907242,-5.804484369121015,-8.458639054583099,-9.995587798654283,0.0
-8.208710588185372,-10.452495955009095,-10.266324619056507,-3.1026315719803788,0.0
-3.4780630763782217,-11.021094522584438,-8.266382100464176,1.4314968395752263,0.0
-3.4442517229409177,-13.917024765938095,-9.808626232815605,1.7729025051452876,0.0
-7.262818552266207,-15.002675890439145,-9.75141542067105,-0.13488149873123234,0.0
-3.20257268569775,-10.276587414813777,-8.551595985041034,-6.772513625132594,0.0
-4.490733240786027,-5.827807158151665,-9.72881083719565,-8.2544636806081,0.0
-10.195195880902892,-2.6129715845929757,-11.112052054963868,-7.640311533613703,0.0
-7.535093601456637,-8.966396305849923,-9.442486239089003,-5.835136360399497,0.0
-8.5028978182627,-10.845077976140775,-9.873264959101537,-18.7079210568402,0.0
-7.795416933237543,-3.2134451882079578,-9.539741839340586,-11.876315529283746,0.0
-15.010243095689676,1.5305438967131326,-10.641818002499125,-1.2232673943000965,0.0
-11.32313056465988,-4.7371758912313275,-9.949863921332469,-6.3652517238838495,0.0
-11.556239045879181,-2.4910233348624886,-8.228931471091872,-9.61464571001515,0.0
-6.230097409445584,8.220325702390166,-8.608057133587462,-0.23126271495474526,0.0
-8.743881165851612,9.46262445511503,-9.444581957890257,-3.6767003226630837,0.0
-7.771808183327817,4.869227126889684,-10.239601323422907,4.509310879175144,0.0
-5.0041665828569135,2.9180033853409633,-8.86316464107873,3.249853947052405,0.0
-5.752208294537603,0.5512537126437036,-9.792662126743883,-3.224816602848483,0.0
-3.837530017772349,-7.2254419329142285,-9.244857194917147,11.08108067355119,0.0
-4.450102740637822,-1.1621724957456894,-10.437003758109185,2.272344693457372,0.0
-7.726302118249073,0.08656110656330473,-8.927816656294908,1.050702394417153,0.0
-7.889127360709206,12.384084251306044,-6.128394270982726,-2.7194565540290876,0.0
-5.077167622057738,6.573061879636871,-6.3743719599822475,3.8093760715956657,0.0
-7.030591985495585,4.991047275091983,-5.286848784963318,-8.518942504471557,0.0
-9.045557809916655,15.293242483683644,-4.974741438182516,-0.792937862393357,0.0
-1.4145050368292988,6.488516394438025,-9.381770889778316,-5.6295424926325826,0.0
-2.13016517636371,-13.07197150056706,-10.094381968656707,-1.004204752648806,0.0
-6.352354769610842,0.026443630288560893,-7.862090625929364,6.285649776562741,0.0
-10.057011136957968,0.15037798684293024,-9.424172663502098,0.029367894048271115,0.0
-8.252600251615675,-0.6180914842434575,-7.94941174952423,-3.3967163115406973,0.0
-4.401970670027271,-14.554294619713819,-9.461597307488512,4.4475606768809595,0.0
-5.628999588584941,-9.105156031221346,-7.280425092093215,5.857704307214082,0.0
-6.248765002454848,-10.594461214353156,-7.6212100302624854,-8.522844492320795,0.0
-9.135133384250798,-16.871230801202906,-8.714422413437875,-16.57389918142904,0.0
-6.122061944001262,-8.144840948994506,-9.61753798366917,-6.845284985696589,0.0
-6.462729711756197,-7.586700684351141,-9.289732458760206,-10.308634507823832,0.0
-3.73785744003059,-10.281539929578756,-9.862142159259557,0.8619942851422149,0.0
-0.2188922461784184,-10.274227299698657,-8.334835359079197,-4.848288036660414,0.0
-6.822987376942015,-5.861155823260295,-8.224569833114282,-7.616411415321281,0.0
-6.488429000543005,4.9850468165662,-9.322823164347872,-7.4987383535049315,0.0
-6.430722868935645,-1.530008802687202,-10.054371663198502,-9.616596095795892,0.0
-3.213016349961488,-2.379604681385152,-8.887838836073254,-19.775399450330738,0.0
-3.9643629126302713,0.14249541387904507,-9.386641029135674,-4.331852153180186,0.0
-3.425474775609864,-6.452441785006326,-8.702697806941242,-19.75603580119543,0.0
-9.19748126669711,-0.2522338186059271,-9.70054961731227,-6.723006914505213,0.0
-7.988415097162708,-5.601139826145452,-9.38619910228223,4.4760533988010485,0.0
-5.439230536081915,-2.246035675622971,-9.947833267668887,7.842796998953307,0.0
-4.168249210271421,-6.175330323194098,-11.013186978221178,3.2625259613323743,0.0
-17.026084615022526,-0.8622639580276519,-9.53990740954233,-0.5644945115217257,0.0
-16.86044404614278,8.45857017097768,-8.681358218157994,-3.5475647346944923,0.0
-10.646262574329928,-4.260591242072925,-9.766988233661673,-5.09246496808777,0.0
-14.079271652717344,-5.456827130609179,-9.259629093596038,-0.9227378985807153,0.0
-11.0280603772637,-6.480760031097155,-9.790001479733666,6.397768594856924,0.0
-9.638510539690182,2.859255348251456,-9.552355790613174,-3.0219389369840997,0.0
-1.8555594411093037,-16.160362749798313,-8.520738654244125,4.988576929984124,0.0
-2.8912418548167236,-22.58361464749244,-7.8221861994297175,0.3063296649688789,0.0
-5.81691178609759,-7.224163431585102,-8.144772432582887,-5.1760332627375565,0.0
-7.198500372935012,-5.849584166756504,-7.901850794038121,1.525546782210033,0.0
-9.763659797015787,-11.353348566370588,-11.198762208654188,-3.7019389075022735,0.0
-14.622894791202926,11.153291353826678,-11.61289624037746,-7.163451993059018,0.0
-16.469586034538338,6.030618754074955,-12.21757296559382,-7.68634737846535,0.0
-14.095601569299577,-1.2463273833401365,-9.428608982343727,-11.592539070706,0.0
-11.782312115607237,4.7208371136814495,-8.8729850771937,-2.891689046632907,0.0
-14.736778685231268,27.976114166492437,-8.562858691637595,-2.6829712756449293,0.0
-8.25603741449077,5.189870337437898,-8.987450663965582,-11.953051505013732,0.0
-7.450963601971555,2.5424381488310455,-7.2988767887363615,5.749487040251788,0.0
-3.1099017790490198,1.9429972067640486,-8.096551858715918,4.039246978458033,0.0
-1.6122898730732649,-0.1372328541632113,-7.582559871954616,2.6272304007898564,0.0
-7.20614561038451,-2.7944482050817525,-6.850612796425725,-11.416070596732853,0.0
-7.151466804753784,-7.388427783512158,-7.042745119902652,-5.073013793185607,0.0
-6.50820549085116,5.004159605549388,-9.143252241825573,-9.966665514036292,0.0
-8.279489997606447,6.109382381306773,-8.762289700969301,-16.215299273441037,0.0
-7.906527347327202,6.204246473777659,-7.4471674611338345,-1.294192703481138,0.0
-1.5404029502280459,-12.68525884914435,-8.15048796876554,-4.9201096823676025,0.0
-0.05524367068955449,-12.96303412249332,-8.655058629292391,-6.835687323306599,0.0
-6.949408857963406,-10.535622331555926,-9.294950294672608,-6.362914678014322,0.0
-10.650308764808969,-3.21060714138254,-10.692791461150385,-3.980387514586886,0.0
-8.63791307353768,11.22739508447216,-8.409370663660148,3.681617976002644,0.0
-14.943591216158474,-3.2287621668011415,-9.34173977981122,-3.9136176936960982,0.0
-7.621018024151712,1.1397898203324874,-9.878617899276769,6.685037185247614,0.0
-7.008185613328226,4.249207770815524,-11.674813123262503,7.641123497211022,0.0
-8.024682207195987,0.6824347175698433,-11.934842418540832,13.064162147092986,0.0
-12.569699511695038,6.225937888633141,-10.971437120674889,5.289560666117962,0.0
-7.140681547513564,19.76021322006223,-10.288251426507548,4.581319789999926,0.0
-8.790450557772548,17.30146800105855,-8.211563521175737,0.4763570612435046,0.0
-7.323073964805312,9.45671851703276,-9.97904442256492,9.858265444935313,0.0
-6.386046336346229,-12.324420010231137,-11.094804408418135,6.505713930528728,0.0
-9.773837325144116,-5.593656271114192,-8.062772448287177,3.0751171676803453,0.0
-9.15408616389669,-4.484406502508779,-7.851954691637736,9.353073796991197,0.0
-12.802483047086891,-4.930576042690748,-9.509710217359869,14.336109893175008,0.0
-15.052321506243736,-0.44216643297413927,-9.480992351649595,11.182426143650995,0.0
-9.430469425588683,0.7689375652689643,-11.382717730952773,7.293586689512926,0.0
-11.857068216491983,7.777007928031867,-12.15449234283005,-2.065923946824017,0.0
-16.2251664883265,1.0545620551361892,-10.017280503181649,-10.423801141901269,0.0
-11.217045261675338,-12.948021034997822,-11.993018267695367,-8.363848089698752,0.0
-11.019900349221567,-17.02870698089305,-9.904463051770758,-4.615986425176239,0.0
-2.2475348633831365,1.4139969031765607,-7.4372337326919755,-0.5316793488219789,0.0
-7.925804036638327,0.44548611763129853,-7.394191408852783,0.4380291741720641,0.0
-6.359110609602173,-1.686719362130301,-7.678890875793005,-6.640017013669278,0.0
-10.670774752484219,1.997220756031032,-7.256064971446865,2.7904838703975154,0.0
-8.183114195203636,-7.701424276813553,-8.913191413528645,-7.811905265344748,0.0
-10.527981943654519,-8.785593878960425,-9.562667845905128,-2.2977226580424803,0.0
-8.750761411407149,-2.1605650287774347,-9.904815087287059,2.3843647814651665,0.0
-9.127125415021142,3.503950028522369,-9.171042624873307,-4.535446330307579,0.0
-4.645164299038987,10.698286085063856,-9.788885169431062,2.794384724965913,0.0
-5.986610350539872,6.3586258797102335,-10.847650585061363,-6.4187990593787525,0.0
-7.7274025833419175,9.458449301622661,-9.182081440536418,-10.126048380715899,0.0
-9.852220601120427,2.333308042619892,-9.638099213833687,-11.768095652442462,0.0
-9.75271929919213,2.1203714073089106,-9.0010102790279,-17.524711561343082,0.0
-8.71950723755398,-5.553773282503516,-11.456346412005193,-7.1685956626547185,0.0
-5.215562957745029,-5.554532690272151,-12.426201666620504,1.0825276564605568,0.0
-1.5774717045358306,2.0352229157858126,-10.855813667490857,-7.420515687168443,0.0
-3.9726725641305514,-1.3528079272920919,-10.118798776984137,-15.76797341692174,0.0
-0.16917493949470508,-1.0466258535154114,-11.685772823943765,1.2403150443750661,0.0
-3.362973651401175,0.7224872066656207,-10.643164364155421,-2.114189086077288,0.0
-1.1957498118072505,-9.669860498085795,-10.618079459231478,-1.4425982888044042,0.0
-1.138486370969824,-9.559616790105466,-12.449706311534007,-5.976789315530631,0.0
-3.684401054608407,-7.005185899928091,-10.034405265451054,-3.509677791860407,0.0
-6.655679357057835,-3.656247330868763,-10.104734493695213,10.808889034059565,0.0
-11.677293120352854,-7.3604992030648075,-11.242913071744418,8.282218053633038,0.0
-5.652689751120477,-3.2402556254334955,-10.642147631525923,2.182966520534281,0.0
-4.95079566876578,8.216670751213352,-11.816398477791374,0.18895682741459474,0.0
-4.743411064354625,-5.781729208313104,-8.286351399994338,4.10205476596504,0.0
0.6989522135036572,4.352887961256913,-6.478663316323079,-11.368774943362194,0.0
-0.551321443115979,14.075272122329995,-6.768909189033555,-6.52893015548853,0.0
-9.205186111513742,3.603162000705183,-7.542868884199673,-8.62290175188887,0.0
-3.902615551195787,-10.853437467239587,-9.650913809249214,-3.828787553848449,0.0
1.4742396259065047,-1.0504332245220844,-10.514547101296786,-7.540473395502552,0.0
1.4556603087475408,20.32618108029167,-10.84159043618396,-14.151209247903182,0.0
1.8655712144384018,13.896252813898924,-9.574714849020527,-0.17289990438948344,0.0
0.6553120066338165,-3.192406765076016,-11.070432542533647,-12.051711492124229,0.0
-4.1525272329866265,2.581671825560819,-9.913480315094525,2.4170211575497706,0.0
-6.655245516299613,12.342739439548122,-10.416712933175615,1.760984933963576,0.0
-13.150994707475622,6.616105355063954,-10.036242916610346,-3.429577989854487,0.0
-13.455920801996953,10.059041862957402,-9.263740042954346,6.789665236155891,0.0
-5.641256488807283,6.028162790449919,-10.650249669925238,-2.4974192728817877,0.0
-9.741750643428881,8.248896896119245,-9.190788770400605,5.435751995738741,0.0
-9.423839727354645,3.117647468414569,-8.850093579096587,1.3779436576808344,0.0
-3.929726569167218,-3.661730730186914,-8.585685591105578,4.081485199077725,0.0
-8.010136535059916,-15.588791071243332,-9.889198515682793,-8.205827650978206,0.0
-10.233258632411717,-3.8016477599288407,-9.09045213911045,-5.294505691340806,0.0
-8.858723670178456,-5.969714357221189,-9.08681144529902,-4.8388768979559105,0.0
-10.367856264680935,-15.243865328275113,-8.972568650630961,-4.963076989025668,0.0
-14.865892396395628,-9.632519235018734,-8.36335585319128,-7.521714965379195,0.0
-7.673966758952932,-10.244121998553805,-9.5960171653312,0.4163427632216554,0.0
-4.449162242483087,-4.790069668000491,-10.069551831970932,-3.8725255393940983,0.0
-3.4611399451233664,-17.466078269407003,-10.305536564336919,-3.1201104931200883,0.0
-7.362830909305062,4.071949586333163,-9.432211033747908,-9.003887953850912,0.0
-9.883816594751275,5.134385751518107,-8.304949037005025,-14.322965260017739,0.0
-10.56461852682894,-7.169031238378177,-9.247884384540502,-5.611999034800297,0.0
-9.589290615174926,-5.185622286611064,-8.82655704425985,-12.14087406582772,0.0
-16.974539662680808,7.318626448037438,-7.106455718701121,-0.6304189082340939,0.0
-8.381827358509247,-3.0324018363211716,-7.428434683198866,8.429939183470006,0.0
-7.412689835817049,-3.1239426507951915,-7.242581947972863,-2.225129988973236,0.0
-12.29910871264904,8.830751099779985,-7.982519244866831,-0.7270694772087629,0.0
-12.044617268240437,-0.8505417955965306,-6.549714174509347,-12.794284602795875,0.0
-8.811284988211764,-0.9911191458199617,-6.391629742868412,-2.545507684574059,0.0
-8.05876632150689,-16.94142228953374,-7.697763993761581,-2.9770001943520032,0.0
-12.279528238242957,14.065633286271325,-8.376184538659647,2.7822360116619027,0.0
-14.120570263665714,4.269066967243088,-8.30681537739873,-14.001991241272242,0.0
-7.364062909393164,13.476321314483627,-7.7176415425500124,-13.69661100345811,0.0
-6.2617710092027545,3.323503558492484,-8.619597202662638,-5.532517204490254,0.0
-1.2300479874197539,8.706714523289628,-7.342760622024113,6.922868956572017,0.0
-0.9457536248142517,-0.061233027211621716,-9.541206393680978,-3.0815114255139116,0.0
-7.117245698962792,11.67620312738278,-9.198965713634157,-8.239597984000275,0.0
-11.272591213355678,-2.820753349156293,-7.681076152128471,-2.1330695057338422,0.0
-16.012198819913724,-7.065583879710539,-6.55616589874975,6.0139990600175945,0.0
-12.239223844755553,-6.432005391666724,-7.690751341437389,6.228207932570761,0.0
-7.251914201699716,13.69660813556817,-8.16857710669283,-6.319522383385132,0.0
-2.5545095454413804,0.915260265296352,-9.181202533340176,0.677579063965636,0.0
-9.854086323234998,4.42057743465408,-8.204721052395767,-1.0183021856557193,0.0
-7.964757982971354,-10.232443158623344,-9.197824634939947,0.14632039504216354,0.0
-9.439026352740173,-10.217415543073312,-9.266850769313423,-6.240832821857408,0.0
-8.441817036912314,-10.834851406793067,-10.657622823641047,10.798249655800882,0.0
-6.732445464742014,-9.360150155639403,-10.40005637800555,1.2842402652458076,0.0
-4.095328390713363,-0.34170317797493066,-9.639783212525284,3.289652144984148,0.0
-0.33980875636159524,7.268334685780585,-9.431937242119313,3.431356283689695,0.0
-5.92882625778135,2.2588210097016947,-10.428812711660438,-2.105544114078887,0.0
-3.2880259933128877,0.7681914510816232,-9.165778990715458,-14.68037309289917,0.0
-5.343896560636301,-12.40852556608461,-9.231276033766399,-7.816843528485088,0.0
-2.164930331411065,8.310930973765858,-8.814976076780788,-0.3098254944560499,0.0
-7.54915400647068,0.4221664929967677,-10.057388897566094,-0.079917150088192,0.0
-5.906616391007617,4.3562632502046785,-11.032327803758305,-6.012827068722926,0.0
-3.50835758159375,-2.007963851503742,-10.060590635590348,0.3303050173766835,0.0
-7.791183784644646,-19.97119848581729,-9.83707236733895,-14.312984692705003,0.0
-2.9948764704223887,-14.554319998704422,-7.790735728288206,-3.827587748300785,0.0
-4.902899065815175,-12.054113315036966,-6.066896396618238,-12.146414410632651,0.0
-4.553984437516908,-6.480186691068574,-7.816754650543424,-6.399945022274374,0.0
-6.068095820123359,2.832507521007892,-8.30122633605552,8.154200990772756,0.0
-3.6767139818315404,-0.6420072523760665,-10.662295289649942,-0.8277877415732204,0.0
-5.8209309742642015,2.7667153512178073,-8.342183364490566,-1.299477026802613,0.0
1.6259276044096707,-0.3931622791666536,-7.4530886743207825,-4.97811193951844,0.0
2.480383777848944,-0.25955238937878167,-9.27579786891509,-12.850758738527984,0.0
2.2437991520051748,-0.501013115870359,-7.644853114973549,-9.652615852624464,0.0
-4.987958395408256,10.73782054029164,-8.099228534074728,-5.346615550737783,0.0
-8.08514609577774,16.649717086863276,-8.576018572836938,-3.4619656669639984,0.0
-11.099092329732862,17.11419734623398,-10.098407097821083,-5.240273021422713,0.0
-10.880305498209042,6.3626584955057925,-9.509492628790076,-5.087548631358219,0.0
-9.210399277960402,14.856347984999298,-7.971140135119743,-5.596218975337686,0.0
-9.627166080437446,17.71624219834671,-9.147233495625208,-3.398247094391244,0.0
-5.285625858176152,20.82887040085214,-8.472447085093428,0.5310127974577172,0.0
-6.532259482614024,9.21901017781073,-7.12568639702668,1.230414352626655,0.0
-4.2548065706041625,10.248018610047342,-8.318650282995522,3.182327521425198,0.0
-3.513875628259498,-5.615658244547994,-9.833914290174947,-2.0128905331732376,0.0
-6.421351660839603,-11.06546674772991,-10.462096081504146,-17.50855706977962,0.0
-14.122862762718555,-2.957016027147408,-11.484584489698655,-19.13799441547866,0.0
-12.923038594045256,-4.6833772958116064,-8.913307518625489,-13.019681335677241,0.0
-1.150377063120076,2.3572905783970852,-9.384920156548997,-19.599820747597427,0.0
-3.318470925277187,-3.2814598229889835,-11.435152482122461,-1.0997636579174026,0.0
-10.356680602818471,-9.318292640424733,-8.689378776941926,0.2588727683547487,0.0
-4.665038148437866,-7.397849632926357,-8.574383795059495,-4.750962045415896,0.0
-1.915433225109209,-2.1499216358438633,-7.23742908852736,-1.2327088596628268,0.0
-6.423127123072324,3.058666251320712,-10.262341583394019,-1.1190154264573335,0.0
-5.200872113382064,10.569242556158503,-8.16352268410562,-18.145052907341853,0.0
-4.32712680065562,-0.5613968184694489,-7.564321843200053,-3.407017205274971,0.0
-2.32120949044957,7.069874992669794,-6.730104815919237,-0.5152394813481664,0.0
-1.7302125926792442,-4.60496492994567,-9.493176848537573,1.1287320899695708,0.0
-9.49546402331465,1.8249361338552186,-10.617877008563177,2.1627133876362157,0.0
-16.362141260340753,-6.639782617452962,-10.475864085801652,3.1533788802859224,0.0
-18.846396853844986,-4.804413247004218,-9.603288217238656,8.719606345001413,0.0
-9.817243813243719,1.1378788984748613,-10.081621445052262,-5.230318973985584,0.0
-8.807004381061548,-0.7213248489742234,-8.981085961153799,-5.134818828472437,0.0
-9.179124355563959,9.676183158104767,-9.765864670146955,-9.865135108740525,0.0
-10.251808438143843,-2.6588465448687577,-9.157795044807914,-0.2679966220204628,0.0
-11.527661619037078,-11.087719944290425,-10.292269738254701,1.0147758714907367,0.0
-10.490698843607591,6.468030050078348,-9.6902995712518,-15.21745540812613,0.0
-7.940112061317867,-4.723527553006588,-11.760701719166498,0.8748214550983411,0.0
-2.385092626644955,-10.164790792243398,-10.013515547614734,3.168827575652772,0.0
-2.7011684459043357,-7.71557709504741,-9.132124237855843,-3.8155019991242733,0.0
-5.9671656850458685,-5.711083338788457,-7.655092776096938,-12.822076258655951,0.0
-8.937606772659633,-2.96556967956854,-9.855876439642948,-4.8990307756904805,0.0
-14.316096240634575,-9.05785182606937,-8.397367896676895,8.143782468891793,0.0
-9.952225780232407,2.047333932919857,-8.805714935376542,5.086387578552116,0.0
-13.20108442007674,-6.349615271858535,-13.069812762703076,2.3456359687061927,0.0
-11.493075561468526,-0.7743160128113784,-11.487552931839847,-12.056838182172982,0.0
-11.195177627963393,-9.388070485108713,-8.853460005404889,-6.212306812713674,0.0
-11.887445060921747,-1.7534365528708882,-6.710975035097113,-8.545413762757718,0.0
-13.051490245778286,-4.21944372593691,-5.516367234174016,-2.013762829822973,0.0
-14.965173764731297,-5.7933264386410315,-7.197872502715192,0.20332981256745875,0.0
-9.46989702622686,-9.603476931771686,-9.368427661001727,5.906349344820107,0.0
-7.3518322954001265,-10.675595377868312,-10.550597243587292,5.2248933098648775,0.0
-5.1697721329952095,-1.9414292636246273,-7.866820050414834,-5.65937758338049,0.0
-8.847614774217469,-1.7243525283113046,-8.67157060153415,-7.927396778865015,0.0
-9.688220567546216,15.661553482565466,-7.4608900872921495,-8.549346507287513,0.0
-11.959962913941515,15.879682429908785,-8.462459843294916,0.9031582007022161,0.0
-10.11139826803671,5.226598727323369,-10.172737735059306,10.273285285789983,0.0
-10.812822006756981,-0.7789308160525562,-8.22808177058457,6.700157911786455,0.0
-7.737138003322565,2.6647487739151257,-8.844189263154291,-1.6831202934295852,0.0
-6.667042173001823,-3.831643254872504,-8.160120712324836,0.15834468323171835,0.0
-7.219069440368445,-1.3603460025618421,-8.971598958858342,8.297375054646082,0.0
-5.737760039781838,-3.9637135518166655,-8.826050491366505,-5.587914791266064,0.0
-6.228336409923505,-6.306430942625446,-7.949947472878973,3.70973341037792,0.0
-1.302013497770906,-11.970935665834672,-7.7292520869344825,0.6465444811511114,0.0
-1.8253045389138585,-7.893251386211055,-8.526488109123106,-4.2801031700106815,0.0
-5.336092229264899,-14.95601686890187,-8.541892299284095,1.9573633309837755,0.0
-5.629945598781015,-0.9738256462925632,-9.522971470338232,-0.029864989716197776,0.0
-2.4542325936495297,5.485260065432638,-9.144464560643275,5.052596412870314,0.0
2.751789429958137,-1.8987600416745742,-8.81585059854507,-14.842660779273839,0.0
-6.011560059567113,6.3527315545851515,-9.91776422924941,7.278967020225213,0.0
-6.908801108470866,19.573392257315678,-8.621128545018852,0.2511819549060901,0.0
-7.815225774737484,4.2926752950089835,-7.494078247298149,6.715668889743805,0.0
-5.379717894316974,0.6261997299054363,-7.929340640833277,-3.953820213972514,0.0
-1.7026245387670444,-7.62582949597928,-5.92224256289854,-2.5274625785883673,0.0
-8.143661553817253,-9.674121626025308,-6.871729134557931,1.8818516779471004,0.0
-10.64770166065909,-6.36639561006942,-5.684111049415804,-8.872459288264423,0.0
-7.754838404387742,-7.859472567934192,-8.19924249383867,-19.606059202866934,0.0
-6.910650817016506,5.544824253084672,-8.437585712175425,-7.78338379350014,0.0
-1.841422302017356,2.065585688939994,-9.396991392001564,0.09491273743730844,0.0
-4.885521362973827,-5.488387393514248,-9.456585145410367,10.890981311127721,0.0
-5.287765480774294,-2.8376062961461637,-8.133902750065078,8.968492265704889,0.0
-5.1575518331682595,-6.2213010158594155,-7.46166340070943,-3.8576899245526377,0.0
-3.5642789978997893,-17.466428471349186,-7.800078399175327,-3.7308007369770566,0.0
-2.2890721468822073,5.6847724124267565,-8.875784502632019,-10.947095089073485,0.0
-4.956554453699347,6.742482994265297,-10.415356307168802,-6.956151929600624,0.0
-8.633808657781756,0.5681956640725092,-9.986480344721171,-15.371549706946148,0.0
-7.061499509639639,1.587094523062012,-11.031154800961225,-7.650893787696155,0.0
-6.5525788304253405,-8.502515283631183,-10.722526586032439,-5.756845442766684,0.0
-4.834459508677393,8.147517984043672,-10.637484560674139,-0.6919857366359128,0.0
-5.115234788734249,10.173943629987717,-9.265347609309403,-2.6273600109941415,0.0
-4.6918903791562805,17.400910086205734,-9.929733898734266,-7.135656400432502,0.0
-7.364892572890192,32.93178928703862,-11.106663481418508,-3.8314152783535604,0.0
-8.808925093131021,15.355820488402156,-12.459146893900844,-6.98298610312413,0.0
-4.089082905048676,8.962535776927043,-10.910195801993197,-7.8086067443183484,0.0
-6.59390501953194,-5.023510685446434,-9.792779280636587,-5.9496562389058365,0.0
-10.777600503463638,-1.8845292586079525,-8.335570906843373,-3.8733546647337644,0.0
-8.28335743990705,5.941336608158943,-8.580410118010905,-3.5860778783527536,0.0
-3.8359040656955745,-0.4864953098992846,-7.696568293335304,-6.764735536937009,0.0
-6.614761314523315,-6.432681725361297,-10.214269118155402,6.169304183292279,0.0
0.37074889668345756,0.3519574542577937,-8.530276320588031,5.066361546572983,0.0
-3.2792554915148546,23.38584897796629,-9.120379570333283,6.709305667705153,0.0
-2.608360197723741,8.757728622565326,-7.528607430807213,2.834520794313448,0.0
-8.696403354927888,-7.004835808842672,-6.498306435929756,6.94487238261381,0.0
-6.350569299499379,-1.771557850168712,-6.630925519749198,3.8600894980787728,0.0
1.7328638145067394,12.493837852912005,-8.687521512554543,3.2941767593719002,0.0
-1.2807462493835309,7.073547529157006,-10.105265321071661,4.886166910030932,0.0
-5.475543271513521,-4.91336034922141,-9.544981238018158,2.0208535852942138,0.0
-6.107800591210927,11.047470397986372,-10.749211676759156,9.78355408791917,0.0
-4.132171104238697,12.667595382902492,-10.421367747734731,-8.716247434172153,0.0
-10.565924550378613,4.545249469012728,-10.073816212201061,-6.14841243011594,0.0
-9.284361533240086,3.0325138492658095,-10.699453810801115,-16.88853555498248,0.0
-6.576333494227517,5.996937174695638,-11.625694312673634,-1.195197343821988,0.0
-12.859928101050787,-0.11607606267684956,-12.257761566432617,-10.05827074744407,0.0
-13.423309067399723,9.171708670978665,-12.452590431929536,-8.086253915875066,0.0
-9.181391367982268,11.790448723521493,-9.988631555485444,4.8133881717364755,0.0
-7.287106519482163,4.709521598223129,-9.994595099381527,3.079685547436126,0.0
-9.066788986727596,-2.5538669827182057,-8.680117200385007,-9.72475669762418,0.0
-6.00450061857438,15.768333481358976,-8.50066391635127,-15.111982453737717,0.0
-5.284365174993747,2.786396828939195,-9.122304693176877,-16.98363057474529,0.0
-5.335103252253463,-1.9338869082063965,-8.956184802770943,-9.890153243747893,0.0
-7.00977896372914,-1.901176054498909,-7.942424204224173,-10.417593216310078,0.0
-13.732813526346884,1.1513166723647998,-8.510725906061431,0.6320707229346938,0.0
-12.873491068993562,9.143723525540636,-8.494293544803114,-1.8146796174598225,0.0
-9.236470998963853,1.018894488694369,-9.957890326322811,3.1368414114809173,0.0
-15.546258126828658,14.395284222097695,-10.163817237794339,8.470807984246083,0.0
-12.45374561009185,12.982083797327835,-8.325011485807735,10.386639894641675,0.0
-15.523991159873622,5.165983550770584,-10.56743221481668,11.980353299961914,0.0
-12.251479155875293,-8.746594820523837,-10.14805018237435,13.203030459282818,0.0
-9.093851765882933,-10.32678915675721,-9.553175863486416,-0.05460592794969221,0.0
-13.148984795896318,-10.135139955896708,-8.747350590614007,0.3204037906542483,0.0
-8.438709157905045,-3.777697145881494,-6.552572516243412,-2.219736147767257,0.0
-3.2804080689936743,-5.390131897656355,-7.620854537419759,1.2901821491439727,0.0
-9.133025831503444,8.255444962309804,-10.226421945312,2.193692259290331,0.0
-10.517167203467624,-3.936101282925546,-8.131173847511496,7.908101148365988,0.0
-6.85264205235392,2.026423590124525,-9.672700579112314,-4.674111786961988,0.0
-7.842772297751637,-9.71752948649805,-9.317043265542315,-2.012993008159878,0.0
-16.584302234980214,8.666112845050217,-7.759027795312974,-1.4321811865455176,0.0
-11.972437942240298,3.48312182257678,-9.068235253346597,-7.213105669667289,0.0
-10.149425202638774,-4.960982492229228,-8.248062476463678,-12.416373400035607,0.0
-11.897845500080935,0.5548373865165175,-8.537096595386265,-8.681899797511448,0.0
-14.205877915833725,-4.613767059285353,-7.963768754207247,8.445300140055286,0.0
-7.610242561874623,10.727144872628132,-9.729013587805076,-4.834127238335273,0.0
-7.177137960845364,9.272243332236835,-10.588231010822227,-2.7217153392808164,0.0
-7.674963917433577,21.823574770414606,-9.859714900797222,-4.536753239524621,0.0
-7.7620195356981565,19.818771838485166,-10.858586567301787,-2.099072666433669,0.0
-7.4893252423319945,12.23346584944644,-9.90916761254768,-2.5442092951223394,0.0
-4.292351481204768,-6.196902185431165,-10.165533315458058,-3.059821523996274,0.0
-2.352166315018689,-4.093568343958911,-10.090341565244747,-16.541133451305118,0.0
-7.504322163009898,2.315952552480277,-9.821448899545285,3.1922645039410105,0.0
-7.461734211656788,-5.920293436257125,-9.057256349706684,-0.2961613989202925,0.0
-11.095192660894515,-7.3344938212727335,-8.263520760205363,-1.5091508310310835,0.0
-8.277569356120525,-9.532233091991035,-11.091077012069064,3.6377261689547558,0.0
-6.782231821953235,-24.07915664116168,-9.134386693899463,-0.11427959927528031,0.0
-4.032651851691751,-15.117496630234424,-7.867811189215129,3.086729939353715,0.0
-0.11916134217369567,-13.663141384950535,-6.912693527047992,2.597822003319477,0.0
-10.372962130814923,-5.099116790346328,-7.74904911589925,10.81136291069183,0.0
-11.95138374523231,-3.6741321980003168,-9.930307951473537,-1.9994066889615967,0.0
-6.477688739354629,-4.2708172106116296,-10.764747542055346,-3.6343767246748064,0.0
1.4732425561330054,-6.693459783262485,-10.017952567478957,2.6199060735468933,0.0
0.8616653884787926,-4.7299919000631805,-7.275656531171881,1.3122454842732978,0.0
2.915570100989914,-4.864994678862548,-9.27621617555443,-0.6453753841537164,0.0
3.1754789335299485,2.1566450933108796,-9.652130230878095,-3.5829858495753575,0.0
1.581088868178357,-3.9552196906896153,-8.082836463121236,-0.5011014155107381,0.0
6.526284089303347,-8.364963142353634,-9.367569875411476,-4.821800959297786,0.0
-2.965589150797687,-3.427366718626367,-7.9999135203673895,-5.548890397839361,0.0
-5.640779480194581,21.64393422527598,-8.278727471987773,-14.51245755912229,0.0
-6.823028404635592,-3.4999629298855393,-8.979858361309558,-24.340126196172854,0.0
-4.062224091121729,2.3091366850948614,-8.930074935569339,-19.342735498206416,0.0
-5.749641163715151,-1.3055930599630763,-10.11825618257064,-11.578728398232258,0.0
-1.273812196896631,-14.206406177465023,-7.964380848192507,-8.433036217948235,0.0
-2.6376180337875295,-0.8730259929208359,-9.990062478736752,-12.251031887090031,0.0
-4.138557698041032,-14.669980829631822,-9.062850760384494,-15.772089939996086,0.0
-8.241693434728962,-3.6048882207278807,-10.368433065594141,-9.308528902897343,0.0
-8.81393507242452,-9.57218784966851,-8.448482825598257,-3.979613779020715,0.0
-7.206666568831261,3.0368117391131735,-10.779349299665029,-7.5418034002075816,0.0
-5.044059844620528,23.951457974503388,-9.243610024432513,-8.313229739229765,0.0
-10.130508236305507,11.614060471125269,-8.317706108908498,-11.961295569157656,0.0
-9.764537781685718,14.139255120243186,-8.948447546212948,-19.751626510443206,0.0
-9.969529973816206,8.380833811231904,-10.908711647627227,-18.41333154764798,0.0
-1.4157097870356048,4.368743182330234,-9.918255368910206,2.505505677914397,0.0
-6.189160420335938,-3.6342979761431997,-8.454324397292913,-5.632957922700627,0.0
-0.7175484906736109,-7.2727990150506,-9.6744592544615,-8.547290618218746,0.0
-4.187535797394965,-5.622025440711027,-8.618512652969553,-9.210959072333486,0.0
-7.651697377322834,4.588234328897314,-9.421709398532197,-15.46993769189703,0.0
-5.8449075746159425,3.711143963504949,-10.491845457112886,-13.921689001131003,0.0
-4.230693734692231,-4.9020924904219925,-8.613694549362528,-4.829528701857988,0.0
-8.937440496766063,-17.247236224573044,-9.698781008494219,-9.964187638453994,0.0
-5.911643926418493,-4.01421984392773,-8.847158463903934,-12.605615929092478,0.0
-11.071371890653499,-4.215424827665736,-7.862447134588675,-20.78827871201884,0.0
-9.404440632271296,6.4446831308464505,-10.164162793298482,-16.62674903134794,0.0
-14.344934845878008,3.8994455324147523,-9.73457893278544,-14.461657951391329,0.0
-12.715730515947019,4.250420908900611,-8.93569338836006,-9.722057374477034,0.0
-12.03945043227705,8.377576711383252,-9.285394166237698,-12.267765101723649,0.0
-11.125890881279087,14.13563395671795,-8.942451923127976,3.3577649212611025,0.0
-6.472587391491371,10.66012842702493,-10.934678776648134,7.663871796603371,0.0
-3.1310195191247865,-3.379808149444433,-10.650236830156171,-9.66617343814519,0.0
-8.256273376613123,-0.3584527371979056,-11.10787809363164,-0.6073883263441919,0.0
-1.48592376099116,7.191441932831047,-11.792692579967524,6.904659674651737,0.0
-5.980576467716554,2.3840203661288157,-10.999512848310399,4.579965403952842,0.0
-4.0254993333172475,-4.830900072933653,-10.105494748026732,-5.227937774669995,0.0
-4.662325498295691,3.399088400249041,-8.262632697792066,0.9497063003295083,0.0
-6.485959526817608,6.995386421923061,-8.50882690700753,4.539938362979489,0.0
-6.496997904764026,1.6419252889483376,-6.592405362698219,4.500846990463097,0.0
-8.344709127050656,-5.445505289175392,-9.00210229525269,9.050506944070221,0.0
-16.64982162864088,-17.719169220718296,-9.630397172240704,14.89271259039594,0.0
-5.6822600936375816,-7.047827849693761,-10.656465974421323,-2.742463836226293,0.0
-1.3970154999291777,15.242816085388828,-10.847432970688978,-3.999729910273133,0.0
-8.938239831782532,8.345085252894842,-12.25867887984731,-5.6662610263778035,0.0
-8.53835108516267,4.507677603600204,-10.204913675923121,-14.209472173094444,0.0
-5.457769500625517,-5.757759190358962,-9.442922706741143,-9.280044506944968,0.0
-12.83409399005754,-6.150266476584891,-10.556972648430964,-3.0874441383784457,0.0
-7.984819636213306,0.12772849647975093,-10.30476814514752,7.539463545298553,0.0
-1.746130999865254,10.091401080165838,-10.158026510269753,0.9419427978559178,0.0
-9.581762916245044,2.5737725513365,-9.519908173086185,1.7741952309708928,0.0
-15.899453781305354,-3.6381463127108815,-9.78113147656205,-3.6654779957117807,0.0
-6.314013205315771,5.468023251588061,-8.879320791872292,2.071802890345075,0.0
-9.49189394439647,-1.3613733188786536,-9.776452755311457,-18.351223343854002,0.0
-10.50605901765788,11.371022942842178,-9.639496131856712,-23.574014902518673,0.0
-10.264395944145045,-4.413631018190799,-11.032655466618625,-11.755857557099144,0.0
-12.832679985093359,-5.836271410260862,-9.43985634032504,-5.382442964978139,0.0
-16.9176916860073,-9.313516944250974,-9.529738871726215,-8.71747574289785,0.0
-7.204792174194271,-5.9057366377769345,-7.022277875822885,-3.9760991397495404,0.0
-6.800211743293728,-1.0155785609368442,-7.026334200947037,-7.222331277639627,0.0
-5.307883704540954,5.222898046767504,-7.823047632437819,-0.7446025367148925,0.0
-7.644334822075323,10.664689625277315,-7.553885729611296,-7.485421960106241,0.0
-13.291471155908338,3.2828243195381965,-9.014081517637871,7.17498965329919,0.0
-10.286288444568807,4.511312867950438,-8.590198769121779,-1.886301997301567,0.0
-0.10102170567757707,8.100518782452077,-8.827798502886656,-8.390040950333384,0.0
-3.916629111581815,-3.7659120030075828,-11.450536288578963,-0.5694166350119332,0.0
-8.667046355965088,1.1221380566055852,-11.502987233570758,-1.6090758867579344,0.0
-10.958501880364421,4.124829668891718,-10.241900823603709,-1.3989435570017437,0.0
-5.9914347576357265,6.133340984393049,-8.012034947515371,-7.330099628214241,0.0
-10.631704054595742,2.6086835671735478,-10.108142121651806,1.5424518299405374,0.0
-3.7021380379085227,3.693066253281171,-9.062537146860599,-12.593433574814844,0.0
-4.479901658475879,3.8917327387308998,-8.94946125313208,-16.954319614704954,0.0
-7.574692239443847,-8.629212450052597,-7.933298063562296,-14.767042975595256,0.0
-10.829900625957405,-13.763555271447249,-10.453334370363155,-11.433694594536775,0.0
-3.298485879758535,-10.340764934134848,-7.9813403179418945,-3.683976054697107,0.0
-3.3297611051341947,-1.107201491063119,-6.0961595163161295,-11.10796158750423,0.0
-2.4727632556436143,-1.7330517068660551,-8.111718633961923,0.13490517522524925,0.0
-1.7308325757140377,-12.662186693436809,-9.923569794644864,-2.9019631563725063,0.0
-2.1848640494975307,-5.934223522047801,-8.660039972051079,7.092844520299955,0.0
-3.390532499892487,-9.229150841363667,-10.284527525588688,3.644298549859476,0.0
-4.259273286869629,-5.724441533870042,-9.598866620171592,-5.976276269792243,0.0
-2.407575501928747,-3.4884285838692555,-8.889353708103508,-1.9743006211920617,0.0
-3.512445562411869,-1.6543812338470834,-11.304346002075464,-6.080448708167047,0.0
-1.0487208902369087,-0.6146419543925967,-10.174461842692084,8.359867365332468,0.0
-5.681024772232557,-1.0522484917882118,-9.303747688421684,-4.955943501381119,0.0
-7.282130391457136,7.495034900099096,-9.548673772355777,7.589877414465718,0.0
-6.43968028635602,-4.093841978893327,-9.961723583371553,-2.4086361615107776,0.0
-7.688361736535175,-5.877026311092491,-11.053982162991364,-2.530446650350295,0.0
-10.167318693880748,3.9166888777776965,-10.23507546583017,2.9409335044497826,0.0
-8.375762575409745,4.7244606528144715,-8.278071502094962,3.8169914659301343,0.0
-9.741478557636281,-2.2556345639531696,-9.501408275856848,5.235399387530316,0.0
-6.798904401607565,-8.344954855461385,-9.425404526760067,5.808518112170325,0.0
-5.153495519882158,-6.419722428555785,-8.90968435805801,2.3389621135805294,0.0
-11.659950130307855,-15.523673851779218,-8.866336253685535,-3.8351541157182196,0.0
-8.01887211386215,-8.439138297511391,-7.354171073335124,-2.3853671423117007,0.0
-7.255645406680726,-11.10949795260491,-6.7909348530884035,-11.096546278645588,0.0
-6.83284102520017,-12.6653962485841,-8.57605528101973,1.278359276187007,0.0
-4.0638753843680995,-7.466023538787974,-7.511461114148941,-4.301157615857091,0.0
-5.265055422711535,1.36807478368421,-7.533908675739887,-19.019182350295964,0.0
-8.357939028678626,-4.052961408992719,-9.964199532791207,-19.591384553637045,0.0
-9.068424501222026,-8.209625345293274,-9.602788204333207,-11.096627170453889,0.0
-4.5739401280159795,-1.6440752331951467,-10.01275127019356,-5.829935326307608,0.0
-7.714104836961585,4.958124048302567,-9.32727554985405,0.6535560445972006,0.0
-6.751253698332656,-5.148040770208318,-8.791318000126413,3.719635709005433,0.0
-0.6424294361390155,4.768626493564918,-6.895709569601257,6.612906689489186,0.0
-3.005339290070683,-3.44112834972755,-8.71335016107099,-0.6708405001624298,0.0
