x1,x2,x3,x4,y
-16.54071795395658,-12.593150696163988,-27.353236101084335,-8.0903336544005,3.0
-19.2125280676929,-12.70453919693697,-43.15315531838735,-10.852884620760902,3.0
-17.912144807103612,-11.338969894045636,-30.917278623471734,-13.588280240849478,3.0
-18.44203119234594,-11.729735999455992,-18.509519335261274,-10.191010370601402,3.0
-27.76944291840565,-13.230923052804961,-24.765927602957156,-12.551692760189114,3.0
-15.49737343629054,-14.38756033230263,-16.38234786729068,-11.489746407121272,3.0
-8.237056820452965,-12.529683257488827,-44.93965177514095,-14.822420650777097,3.0
-18.75614317043583,-12.383542190890148,-37.32946051518826,-14.972606464577373,3.0
-8.61768204083498,-12.597341310992949,-35.27026195492119,-11.072571132270378,3.0
-8.194004017711205,-11.573249634647652,-39.060773472432174,-15.479296982875297,3.0
-12.53306655984849,-13.315858451740208,-33.35161626840758,-13.11007532717799,3.0
-13.17979353301497,-13.35662377445081,-29.137488240968345,-11.837293987048238,3.0
-12.718608936905104,-13.721598741472791,-18.123255068344026,-15.738625077794236,3.0
-20.668180858658637,-12.710620259434172,-24.583365682044644,-16.998234009386838,3.0
-16.480981575411327,-13.331087375703632,-29.99713136826983,-11.548559055219233,3.0
-21.837922925981353,-11.763276557372214,-9.047777643599323,-15.357982267518278,3.0
-12.919170570991804,-10.95763868307455,-12.377490284300379,-11.36050530002158,3.0
-14.964015225753423,-12.89276332177055,-4.956600951977082,-13.067605467639616,3.0
-13.9715436500433,-13.883035690531916,-9.182354497648877,-12.738425873054894,3.0
-13.558871062923057,-13.981277502172563,-10.575632098277946,-7.171277577592564,3.0
-0.39811713469646115,-14.24979184392823,-17.287758635313793,-9.066224223872783,3.0
-12.973616688277499,-11.838996119072519,-17.237162039677404,-12.712471952578628,3.0
-7.441316662859432,-12.27376157667273,-29.01482378908068,-10.681308474916912,3.0
-5.231198784595366,-12.181704571183625,-29.204251636744516,-12.830905283221089,3.0
-12.803841238162924,-14.316005449616842,-14.771186376185263,-15.086851223245779,3.0
-20.64066125889578,-14.3278885596561,-15.025524484396652,-14.292750471726455,3.0
-22.54974231188949,-15.892632092924655,-5.168078295847872,-8.496490331159139,3.0
-20.690747529125026,-14.319370702312284,-30.552514409873016,-5.460892809798728,3.0
-15.628956965341926,-12.966250282916496,-31.948017723800014,-9.122361561140163,3.0
-6.717725965545963,-13.228957959391318,-45.50748064180349,-10.371549237760906,3.0
-20.543513459538172,-14.05303095881228,-24.2791036951093,-14.407615368616153,3.0
-19.74517167288195,-13.238986226783743,-18.400411188806093,-10.7087344832613,3.0
-19.113506568486365,-11.520531487003836,-3.9129400444492024,-6.155509440607325,3.0
-20.396627782325613,-13.139043030373784,-9.311782562560595,-4.93704667528684,3.0
-22.651214781860975,-11.562680648180363,-6.611715890846473,-13.828970561367965,3.0
-12.098480785358175,-13.666520287862044,-13.73478046667887,-11.550108339348924,3.0
-13.577485852486717,-14.386496433097113,-31.170813322230448,-10.624073550567715,3.0
-2.1221067755903746,-14.436885954593066,-23.205100285252655,-14.553895771333949,3.0
-20.373600537745432,-13.221579095599983,-32.83568550033859,-9.505051421795832,3.0
-17.133311747682356,-14.618625989462974,-15.46660811300092,-9.075156815389,3.0
-25.773709385719798,-15.122996211729694,-33.207703276484295,-16.013683971176068,3.0
-22.540416980515015,-12.425681139659684,-29.680500534085652,-11.665097357361603,3.0
-41.753338261071846,-12.753976458009056,-32.005051998424776,-11.776925852949155,3.0
-14.09018322322537,-12.820468840907987,-26.03276981165822,-13.344410448153772,3.0
-21.60426389671992,-13.326106421773884,-7.691399708112112,-18.082210126681716,3.0
-13.073385345615705,-14.317115279042374,-9.897773420199645,-18.192647016971286,3.0
-15.762169279828958,-11.345469682548531,-6.237253870606894,-12.047989857917193,3.0
-11.26017408737141,-10.76749486978069,-12.658472441747946,-19.721644209620894,3.0
-21.16059092636929,-12.81960523912971,-15.608669370864146,-17.85840062601832,3.0
-21.175515986689337,-13.694338100212054,-21.3819234749882,-16.89008187239939,3.0
-11.766919174549843,-12.941644520159379,-34.84126777501882,-12.905028162104365,3.0
-18.389971462726983,-12.535420744881332,-32.619977738245616,-15.454969664786793,3.0
-31.137191043655022,-12.455558338881493,-20.280567981968073,-16.032962671243045,3.0
-25.33455820291686,-12.579950060856913,-19.072828614240187,-18.994722163384345,3.0
-23.384212642318346,-13.606121014377466,-15.738152631624821,-15.129624496378984,3.0
-26.592365893760537,-15.511208864782287,-26.831385948329967,-8.18603978329073,3.0
-35.758104959131785,-14.950071169583978,-30.635603911991723,-5.778394357959151,3.0
-18.48796485489325,-14.54105766674532,-7.4125787233539455,-8.383971764363945,3.0
-17.56498626250858,-14.157670140932982,1.5936767088858819,-7.5306208832928885,3.0
-19.37709713789058,-14.578575936284901,-2.4325701454313045,-9.476845635509235,3.0
-7.834526216088298,-13.818631582805958,-6.495947520569352,-10.54907187316912,3.0
-15.802233476692923,-13.243549085683625,-19.115065287914433,-5.112543343785868,3.0
-11.13264389912619,-12.32386732853935,-11.566985901982967,-6.416070485037844,3.0
-3.6654205552113197,-12.360265250359642,-27.769553987906004,-6.834686159713968,3.0
-6.204067595699319,-13.974648854124279,-21.36287771260824,-12.973332572283823,3.0
-2.32199495421707,-13.053165776678853,-22.92146125789359,-11.99672224518398,3.0
-13.895583063693543,-14.084721854908075,-20.3049211541517,-3.8915104748422285,3.0
-13.308482149654422,-13.022126887628183,-16.116436196186633,4.4229524820743285,3.0
-8.587602785057163,-11.949376897802717,-14.729008186773349,7.086248272248783,3.0
-12.112593503067892,-12.3054965791513,-23.02285883177609,6.462514976456634,3.0
-15.83116386169393,-13.837448622742755,-8.829765656973406,8.74793116199535,3.0
-20.982325546692458,-16.900150058537644,-17.91031133344209,6.268834807534004,3.0
-20.137400251282074,-13.492113718995341,-12.484946783967754,1.578124827066273,3.0
-28.777909223229013,-12.846110542965068,-9.90564812665547,1.157955012548891,3.0
-11.528054024200019,-13.75681921562293,-18.224916627432755,6.922401245955792,3.0
-24.464860375016286,-13.724405843521767,-3.82853484455652,7.959604777238634,3.0
-19.154947477901565,-14.699810515477065,-21.102501915593272,14.8209642471505,3.0
-12.126085665257524,-15.085166222052745,-8.338432949798323,14.899166937395306,3.0
-4.087844285811528,-12.693949892212373,-12.765474751256557,3.050054718107167,3.0
-7.381157962443226,-12.118485291172307,-17.05054152562198,5.696005491425755,3.0
-18.064469064970055,-12.22346228640091,-3.738450774228184,3.878319804185929,3.0
-13.146948238067619,-12.40057716551982,3.046015006156292,4.068446345953124,3.0
-31.87868629843558,-11.3326895420438,-10.165183219304973,0.9811432032145069,3.0
-26.11306466863774,-12.91215216869985,-24.65458502594665,0.11405890716961586,3.0
-10.312644656422616,-13.711777497563135,-8.021381800359329,5.094099703247102,3.0
-33.726331947270985,-14.012345146148444,-15.389127788046984,4.265803445020378,3.0
-20.151756663541182,-12.330439906766841,-17.199919362235512,7.357463540791238,3.0
-12.036603782225974,-12.556686061230039,-23.9732630581838,9.760867398284379,3.0
-8.392996634457486,-12.854357404483482,-16.871812964428223,14.146106026973069,3.0
-15.031236520373728,-13.117401306955756,-21.92963855982567,9.943335172612262,3.0
-9.506864646753577,-11.742383016762933,-27.219242273338928,5.74009395352239,3.0
-16.43781871892621,-12.783435132658207,-6.993871807513758,6.881887823195417,3.0
-26.352999800711878,-13.576352383560149,-15.368653876111441,7.098995575110234,3.0
-9.482595627173204,-13.431870218726512,-20.567154924944468,11.506397496029248,3.0
-20.16388545212839,-14.07935608005527,-19.607980965680998,9.108816371083325,3.0
0.062182393681855075,-12.245666105600161,-19.025973884467277,13.38955379013285,3.0
-19.096789801066514,-11.551273857499012,-27.66778945595627,10.978850640375764,3.0
-25.542328608347233,-11.443122875497718,-4.951555643054823,15.328856390842997,3.0
-16.736639533439494,-12.849457081635101,-9.864614705790196,18.0192898530005,3.0
-11.160393133362843,-13.123691375049805,-30.85216147643472,19.4225469333473,3.0
-6.9697915388388445,-12.084965381512342,-21.058021285753842,16.497040480356087,3.0
-14.147184037668616,-13.163443394490873,-27.96672820158722,18.16864544154459,3.0
-19.057237059760077,-13.954851372154028,-32.86723220692703,20.0483250442578,3.0
-6.444655547833282,-15.105255281538199,-23.79376707723715,17.654486412947385,3.0
-1.9241378661172988,-13.669194248383544,-8.213265602220652,18.08934723927401,3.0
-11.145523290131774,-12.793183373964283,-14.14956701258539,11.205451807659465,3.0
3.528416098892638,-12.305749287020966,-13.610141772281839,-2.0577455437162766,3.0
-7.4805395204208835,-11.910987138159086,-1.6167892681453422,2.7373719286976876,3.0
-16.108266507324586,-9.58728401202731,-19.232585890992983,13.482363439096389,3.0
-20.381951715315385,-11.681725821559462,-25.30205934014267,14.292194518291101,3.0
-26.26535615372857,-12.506026294807144,-37.08535219213978,-0.04345022068847282,3.0
-21.204207090060628,-12.479170426165446,-36.88415549068208,-3.9565073353673363,3.0
-16.775885345877114,-13.745735209068005,-32.288710987484016,-3.5640739156700754,3.0
-4.897713776078216,-12.878203979853883,-24.112867139937904,-1.9144003039339896,3.0
-7.2739821510856535,-13.172524596799747,-9.240350321461474,-4.914014590253355,3.0
-24.263625186509707,-15.242816732424462,-16.993978226092835,-8.786377226232682,3.0
-21.23328682135552,-15.05756334503773,-7.571682028162259,-6.7057385764156,3.0
-11.791053315884753,-14.051009953296175,0.7193137937240763,-8.911323562225652,3.0
-19.42856397439903,-13.831102879856466,-16.373114430515088,0.7980800004912834,3.0
-27.94628220688131,-12.58785391292223,-22.100967095875166,7.111408341072535,3.0
-20.30094131594651,-16.520943358588976,-13.732714925919089,6.867357212534767,3.0
-30.71420031376652,-14.334655579958063,-29.002065766873013,10.62686482734723,3.0
-28.655592659843116,-13.437815768889198,-30.22234573690764,8.121134581560966,3.0
-33.34668846591278,-11.746528638956342,-22.695533993316307,11.980801327546956,3.0
-20.014866702062122,-13.666979391669484,-25.046290907505217,18.370230975535016,3.0
-3.7170318539407914,-11.088630434259116,-18.20430867870269,11.571773560844228,3.0
-6.099706116178311,-11.69210170968269,-12.050584735516548,15.948949372223051,3.0
-20.91050509880859,-12.385642911772036,2.920652054392516,6.509101442968838,3.0
-19.762861119772012,-12.489187823178058,-8.920564853055808,7.6893312750166825,3.0
-13.081208755806909,-11.635111919179575,-20.258877650137155,4.62400387683586,3.0
-10.648752117113625,-11.901694822581621,-17.650444268099214,2.816798476636718,3.0
-13.92124303601608,-12.8839233596615,-17.422625032186822,-4.1016138765479315,3.0
-23.10590706974039,-11.472399022036885,-23.586601174295154,-2.878388275629389,3.0
-25.97499482546072,-12.895952428667325,-6.5220082566850905,3.8679411290731256,3.0
-7.497180473711142,-12.934429703716917,-13.055821939212464,10.492162672593384,3.0
-6.40529469382701,-13.566415212301138,-12.102372871338646,15.502014508933478,3.0
-8.953133219795676,-14.861730989783812,-21.116248976478666,12.851174967470564,3.0
-12.173108214433515,-11.982389617767105,-35.83736270672954,11.45371434815382,3.0
-8.593055279142153,-13.43246183839723,-8.855591239720336,10.121273572170335,3.0
-3.9696029351629054,-14.869470828411249,-19.07311903258966,16.978338187098757,3.0
-3.4638118714296233,-16.117056486415397,-10.76786251292869,20.745505785308815,3.0
-13.541530955100017,-14.049162210979803,-12.198783165484771,16.47250540726418,3.0
-11.551754633325087,-14.812700847952964,1.3885490986336784,16.588843226806695,3.0
-19.60215436100538,-12.993298029001304,-6.928905472962741,7.360573108246732,3.0
-20.02610754297643,-13.533569171624201,-21.169298910626573,15.103854576872617,3.0
-13.597120778673418,-11.927048327396085,-12.587291049039832,9.319973464512,3.0
-16.71246696293504,-12.181234063763759,-18.28210931158064,12.347862888412251,3.0
-11.530941355723497,-11.784546674359028,-34.67757180981681,15.143765228668142,3.0
-14.88564957630627,-13.18553312061474,-23.43444669136251,17.333939481235255,3.0
-19.67701529584079,-12.177342459091767,-1.7889892567037968,4.995077797548192,3.0
-15.068173293436718,-12.851891158341356,-11.765494824055553,8.57471762636207,3.0
-12.380304739058353,-12.273962473259372,-2.1201411459333386,3.987700149222837,3.0
-25.01359259826573,-11.596438626916026,-25.44056348481618,4.572943370382021,3.0
-25.44291034101172,-12.936926563628305,-14.04145254066195,4.977134283460122,3.0
-25.72827083793523,-12.101708041626969,7.303749092906516,6.645543894121166,3.0
-26.264639313856087,-14.479453151683636,-3.4272802105111406,4.347111027547534,3.0
-19.233996180650937,-13.706480716027952,-20.036759717438088,2.431489272946624,3.0
-16.626462145897104,-12.889864684319328,-18.512664443128394,10.405248930082259,3.0
-2.6499047201480703,-13.424829255862806,-14.11941069188094,11.22531214695741,3.0
-18.031252599340917,-12.678859447562084,-7.497873997583783,13.651836314397606,3.0
-25.46570340991134,-12.084092331331584,-0.8813067615518833,9.500339010736464,3.0
-26.912444886660694,-13.686409682656741,-5.321458755416941,11.455155341773196,3.0
-34.806909472658575,-13.209429471783915,-22.8513548168657,9.710965967239744,3.0
-24.679754780661728,-13.187142259197572,-19.019214334520168,10.086035562304158,3.0
-14.726419580567995,-13.631235456386216,-35.36035280681011,8.555926554423444,3.0
-10.754212948045463,-13.221653535502536,-48.682569225308455,7.153845964361756,3.0
-20.747362741527986,-13.133766050788031,-38.73215521673097,13.554687460925718,3.0
-33.02848574868368,-13.213954207073007,-44.99849852573822,12.327681829842476,3.0
-27.002561847820424,-12.457162303407555,-24.620133838763355,8.086949140223775,3.0
-24.043341373459945,-13.910124974145356,-28.480951884758944,3.7118487668260984,3.0
-13.575649678177452,-13.865136319906203,-28.232331981753394,8.995203482599024,3.0
-17.88044110403036,-14.326189413023437,-20.546203837123663,9.853494425891839,3.0
-26.84675769252569,-14.601961878900102,-40.45311041686156,12.814539089507416,3.0
-31.452415131793877,-12.564133093870991,-28.079213992287094,10.299419774624218,3.0
-16.59872967619814,-13.316512986159813,-21.981964197181245,11.538103811872151,3.0
-12.781525578863812,-14.053423734372625,-14.667737491316274,10.597861742683348,3.0
-7.5755541920398795,-13.820170177339053,-17.566216046082257,11.154573014605115,3.0
-13.661140641532684,-13.09734832381814,-13.129688803271563,8.841047340254661,3.0
-29.759496134873114,-13.673149286726492,-19.05402512227345,8.53153831673677,3.0
-31.28237232824715,-11.562889467256683,-16.76168284490326,6.146028042058571,3.0
-29.561517746925553,-12.312521047348788,-16.874561423830947,7.060830240194749,3.0
-19.528173141685347,-14.267268290609149,-33.76819341085371,8.515609955204496,3.0
-15.289514088370733,-13.645069877424506,-25.685119773277783,8.754783407461328,3.0
-16.430032181565757,-12.755964739944233,-10.389633515295177,8.487725314333716,3.0
-24.93007119091427,-12.386986821720514,-3.9784183141050686,11.235817907215477,3.0
-18.468563610992412,-11.264224096426785,-11.651325951822798,9.16895429493311,3.0
-26.92051253499509,-11.746286928092019,6.5587337398875345,7.172000225402568,3.0
-26.930467017379602,-14.190126702875173,11.95130135001201,9.538058507798263,3.0
-19.29747903004144,-14.172482978387189,-0.22156538227882017,8.272827772386819,3.0
-6.863588154262679,-15.239140441258247,-15.482963670439501,14.022011971088439,3.0
-7.819238390936826,-14.126190063914624,-10.950418190734428,15.576358144894037,3.0
-22.28397291894306,-12.037615347118862,-22.540431806776063,15.142300823215846,3.0
-30.27148248213458,-12.35274639556307,-23.15430045868357,18.01352967063574,3.0
-19.223664356912625,-12.2377937629932,-13.640338149035767,8.874745759260685,3.0
-25.494534942196182,-13.631319427790372,-24.174943387848295,5.936728459087528,3.0
-15.860907584623526,-13.41370680657621,-33.04421800731727,4.807095879118155,3.0
-3.924036522750118,-13.747243621711558,-12.906132130773123,8.290294439583635,3.0
-7.076564747051829,-13.388295825670426,-11.712101749642207,10.49185216303511,3.0
-1.5975826198910354,-13.589863198703545,1.6931390496319398,11.729933297545886,3.0
-6.423854602036986,-14.668127979540571,6.49555298833441,6.997754560259429,3.0
-13.882791683858489,-13.626965548925284,3.710144465931025,7.177456641425765,3.0
-7.934224021984754,-15.186623178749539,-20.345540654339956,10.00596272763439,3.0
-14.008333041797407,-14.308274632689665,-3.2450849650012117,6.18346764308159,3.0
-7.602678990933191,-13.837086506506447,0.6456901169809495,8.59797307254572,3.0
4.726156118655716,-13.562553773948558,-2.623780831169439,0.34105788632738765,3.0
-2.3301479514633083,-14.62247088716191,-16.37813918725767,0.2359888395125327,3.0
-8.420329972345835,-11.292992445063067,-9.88478479046785,-1.8458063116304402,3.0
-6.793255471999569,-15.123832063638957,-9.091832246883452,1.7990330773330463,3.0
-15.214816142707068,-12.98647263102426,-13.98314557365409,-4.483405231713084,3.0
-8.523620449082282,-13.864666426546243,-20.977438865538378,-12.916894071581247,3.0
-10.708225457932507,-14.152645868656215,-27.483892534632723,6.24416218057109,3.0
-23.489123771102932,-12.43063312606556,-24.42430078724892,12.643317608555634,3.0
-17.121586081846452,-11.011516369019086,-24.959380685573834,12.392607989079487,3.0
0.9463241366649982,-12.819627516063708,-26.508001456967488,-1.103301789479756,3.0
-3.2339114240907545,-10.84966749958128,-20.44866734884583,-9.793785613942058,3.0
-11.304626701235609,-11.99191018331268,-19.806474348375083,-8.531247529211377,3.0
-22.248170318288178,-13.622835698121524,-17.001794070689833,-7.366445364296986,3.0
-16.1639082218952,-13.463069887638579,-13.559435366697436,-8.240635504567686,3.0
-11.236859745861253,-11.026818632232564,7.548426001615361,-4.313921166075303,3.0
-13.363855988232467,-11.861443845753517,4.588137633595483,-6.366949255516528,3.0
-20.177518214679232,-11.738848457701463,-7.973603139203179,-2.1591642199455965,3.0
-15.945479612689578,-12.598287837342705,-3.831033652126317,-4.451910363837794,3.0
-12.272595603684156,-12.25583919771588,-18.533259913355728,-8.12883330565455,3.0
-12.762104035190111,-13.52208092397311,-13.71850099405667,-4.86928013732876,3.0
-6.912218381603422,-13.521776088272578,-16.719639548605286,-4.2185745888530635,3.0
-8.633244268450184,-12.267796700224988,-9.296293949016025,-4.48043669434028,3.0
-14.410887539656507,-12.28706796000543,-18.74350851874413,-9.513172007487622,3.0
-23.16007989157626,-10.204748070131178,-17.650713221043524,-5.830345433417551,3.0
-32.00972357072164,-10.590964067162801,-8.103055988766554,-7.298812313194302,3.0
-26.153364543263805,-11.444732776152382,-11.906214080918124,-5.586945616922721,3.0
-27.022952171908855,-10.86155857336977,-13.73080650462547,-7.469049075902434,3.0
-20.59413044617595,-12.146761886185137,-6.069868230487813,-8.082324926968868,3.0
-34.54596708889156,-13.967334569139028,-9.470036668506053,-7.65265151162222,3.0
-33.06676255970203,-12.210583890778612,-16.39933889685785,-3.437941677266539,3.0
-19.308742422947155,-14.578548452124771,-20.804808822755188,-10.790492529609299,3.0
-11.936675487192346,-14.826307371923424,-22.71479683912266,-9.011588611420507,3.0
-17.575850601774594,-12.910507434051635,-14.979793488462397,-5.509580329522541,3.0
-21.578583119792732,-13.07134215801638,-5.729919398355868,-10.002678118086493,3.0
-15.626119131716816,-11.053663448148438,-3.0068373415274916,-10.847084885699832,3.0
-13.984683005536892,-10.826362452581504,-9.04498009876767,-9.989308840540932,3.0
-19.247947346954078,-10.622949997774997,-9.822904663203193,-11.563728081810869,3.0
-12.770567257357254,-11.495071861473662,-9.606897654856244,-7.450245410634545,3.0
-7.8254219284527515,-12.010998051764616,-15.195941517281234,-8.498869577577457,3.0
-20.852303507052063,-14.043821088125362,-26.702299935242806,-1.5287257916480002,3.0
-12.61777086100821,-15.464356170210777,-29.993109373423547,-5.846877230742253,3.0
-27.52129132222916,-13.100822875556894,-29.985483923449515,-3.4817395316401987,3.0
-7.804469683706124,-14.016388751528764,-28.45178464534649,0.310671451417444,3.0
-8.247172853001462,-13.82531693419441,-18.79242153460582,-1.450632606862964,3.0
-17.86173509758121,-15.080191340975194,-26.081857142768794,-1.278569340696409,3.0
-11.953063917486563,-14.100119650917332,-28.22549373420402,-4.670304294673108,3.0
-17.039501492544606,-14.428743627706476,-37.55020712951334,4.334380964520479,3.0
-31.253342178696453,-10.809829463625487,-21.487727757226715,8.864455027097561,3.0
-19.28890014553273,-12.40139726766734,-31.599818168363218,12.977739887489246,3.0
-20.04002148903993,-13.148027276785195,-15.45346635226635,10.469174265052889,3.0
-19.503417222644416,-15.235046913294763,-1.2140894821481112,12.750596909939816,3.0
-19.15535342791058,-14.271096470920801,-16.28226666190067,7.500819954762241,3.0
-16.639099834578342,-12.486476493505286,-21.790188671014697,12.31299719690873,3.0
-14.5505731319857,-11.492580303427177,-34.86390255601922,16.166190900369585,3.0
-10.80961144619231,-13.592892093136767,-18.010746382254727,15.78691557014215,3.0
-11.026397141321977,-12.073010470697833,-14.087297882086059,9.532099885905442,3.0
-13.654703198858224,-11.481348405902484,-26.608039262877064,14.098137831232238,3.0
-15.461537855521577,-13.29203518465017,-20.633246320943137,5.781304881442394,3.0
-17.830720646502996,-12.32517723078471,-11.587676956765172,9.279682776797744,3.0
-23.46978094135882,-12.674776401099837,-6.828512139870867,14.125404556135294,3.0
-14.720304909675233,-12.511097737140176,-26.91043175223009,16.954588619097002,3.0
-17.27239473990129,-13.795525266148726,-22.990018265343487,18.201921517427444,3.0
-14.508110366448664,-13.809667041155265,-27.998882400904776,7.409596432927393,3.0
-7.341060745541405,-12.332851280123025,-15.461167748328087,3.321878179254252,3.0
-26.129664064052438,-13.257603215645542,-18.381098596120665,7.811880811840503,3.0
-25.929168698818124,-13.355226729087477,-23.089631292943995,2.048203936295917,3.0
-20.86928653788579,-14.335152515649805,-9.87677246192554,-3.893924488845702,3.0
-32.90216948803172,-13.032672186008078,-5.813157710043411,-8.707246860350093,3.0
-28.94218881087509,-12.29818481722722,-16.489079389092897,-13.30467482420121,3.0
-23.147776367263155,-10.8208052663282,-31.2558779009397,-16.327085691777434,3.0
-18.326554953494057,-13.435123058797846,-31.770974898295336,-19.65162690268708,3.0
-15.465609739808343,-13.953100789989431,-25.305847367442762,-18.876492825744748,3.0
-28.264028769845545,-12.783192778675115,-30.43597877795707,-12.662376901811854,3.0
-22.188422063268973,-13.60915578196648,-23.76074133338093,-5.337916857187212,3.0
-20.71843733087924,-11.934186775808229,-8.097933689966759,-11.182653781813656,3.0
-21.86084526867117,-13.363691555806486,-3.9270011306801287,-13.964299460351087,3.0
-13.481172222471045,-12.188772239297935,-8.50948454497709,-22.07025849139619,3.0
-21.938435230048995,-12.31589527175796,-24.137633928184364,-17.696248528868676,3.0
-16.305117470866506,-12.06274808011013,-20.799948841787305,-20.603158390916004,3.0
-18.873726812998747,-14.182280488155632,-29.736355599364064,-16.310311759098028,3.0
-16.472308341888976,-14.349907919067165,-34.42398067502042,-13.354875866202278,3.0
-19.84056875696495,-12.929095098122371,-32.89168217585925,-17.33584413782191,3.0
-32.730721223109114,-13.324793705584415,-25.917287010644984,-16.047885855696187,3.0
-22.84632067781753,-14.018384598340495,-16.067155547785717,-20.49773803194167,3.0
-29.004886505717558,-13.473637666454835,-26.53618332444121,-22.33969136795868,3.0
-23.973841129210722,-12.011923845634206,-18.034671508844674,-19.881074476213726,3.0
-17.46034630080422,-11.261562463715833,-28.76088951681909,-18.619542352793076,3.0
-16.111541706924665,-11.939587026855083,-24.525750694710997,-18.681959203434054,3.0
-16.458407807509236,-13.028682425432425,-36.065654912391004,-17.52604964801659,3.0
-11.260996148642908,-13.389387928183774,-39.80662423862402,-19.418462951564393,3.0
-4.635903940336444,-11.884484702291632,-43.90270011277295,-11.910612245785611,3.0
-10.481936517081216,-11.175243564699143,-27.1657544383664,-18.883037847174784,3.0
-17.377144902396697,-13.802940622631688,-25.210282909918277,-19.979819295051954,3.0
-13.298075344876196,-14.867956055066493,-31.413565027404047,-19.62373747220503,3.0
-20.15608957111284,-14.060328127433607,-20.51294412968124,-16.17843242813922,3.0
-16.961707056008482,-14.16056117203232,-15.59821663106668,-16.507743631853245,3.0
-21.726617792871366,-11.561643993918342,-17.34694583966704,-12.014016462874693,3.0
-10.504298196522452,-13.399307178148014,-29.20343670514901,-11.750338616169707,3.0
-7.006357444013366,-14.972008544763254,-36.566467150042875,-14.304306045009364,3.0
-18.017658818127636,-11.627900043030492,-40.91577685549589,-16.463908257873285,3.0
-28.98479467184323,-10.391618493169302,-56.42638124896233,-10.404631877648512,3.0
-25.39510686061109,-9.120613378609097,-57.079469739990344,-10.169981366595035,3.0
-27.123516096935113,-12.516016584432109,-57.610979772522256,6.279137601218113,3.0
-30.08095786671005,-12.70405681692268,-31.15310110780056,10.419856977952517,3.0
-27.882883739776965,-15.401297139882127,-9.253363420393038,13.776638903552398,3.0
-12.139048752835773,-13.991958518016308,-4.422782608213751,12.219758059632525,3.0
-7.936758739598366,-13.592494238253948,-7.8304598563685985,13.310341181010653,3.0
-4.642469625831298,-12.780849888733478,-6.477926162992539,2.1707020371367123,3.0
-5.530828091781727,-10.564914664174598,-18.39583999732347,-3.7913774599989116,3.0
-3.116465381584497,-11.502825749888785,-28.408378876212673,-0.5381647934741067,3.0
-9.825999229316894,-13.037965343162053,-26.501036420623233,0.44147153515355275,3.0
-13.470330094266284,-11.892355998789267,-25.82061297528854,2.3288259205453237,3.0
-4.213757814048904,-13.303608069612181,-32.57418714093306,14.094959033591703,3.0
-1.9451160027334637,-12.028578667811486,-23.696842385034834,15.28107887301416,3.0
-1.2014710321022157,-12.171410335625994,-17.65609432253332,22.225525140730298,3.0
-20.47041532213651,-12.520811799055554,-16.339198244659354,10.7806823611345,3.0
-3.6919445402865776,-12.912351549720809,-6.578188154996191,6.637307897143934,3.0
-11.009534755020265,-13.815382329843207,-26.769500535812732,1.4945491464221585,3.0
-7.994687174022091,-12.422992917855039,-18.967454855539174,1.9351853216718253,3.0
-17.14084356130103,-11.86371399553655,-19.75525434225973,0.8599883952199596,3.0
-18.64668304664028,-13.587261617673608,-22.89008083059875,-2.7252674102365204,3.0
-2.6928717365113606,-12.759450711092041,-37.690662176461544,-10.290275197469342,3.0
-0.4562125977532432,-13.398030015972369,-24.125239875946107,-9.788000361333937,3.0
-9.953683504789119,-13.00365018068113,-19.42219321968262,-12.677284322967598,3.0
-0.45083840416507925,-13.896254700017487,-3.0726286430304532,-10.312938318148246,3.0
-9.478928994726875,-13.352238587483217,-7.7376457387595625,-11.376245631507093,3.0
-21.680345057568495,-11.335116481731834,-8.871927994508116,-10.924205381692442,3.0
-21.64848080431566,-12.563404291443835,-27.30098946277665,-9.966594301610737,3.0
-24.72478813012413,-12.61164623611721,-22.307364979195626,-4.238284504904014,3.0
-31.195494675401907,-12.212969637952492,-31.095627802777855,1.4279982734412386,3.0
-29.201372053185164,-12.455155752450073,-29.53747103824695,-1.8813433990865907,3.0
-16.007386783469773,-14.436450692221722,-27.82917947146749,1.981957173309861,3.0
-25.017821202765177,-15.059493549708455,-41.53177129458609,-5.014160604962072,3.0
-23.307887712343053,-14.272087813045111,-25.12108606375999,-3.3964049164576315,3.0
-32.246285760114404,-12.320308532839592,-26.38639964748579,-3.3264336259949454,3.0
-39.69499523818219,-13.411716373297928,-28.388847273398795,-1.9789068889834507,3.0
-26.710612648552434,-13.763749851665139,-22.132863311417236,-1.7866759474615261,3.0
-25.387437810009622,-13.9228017490582,-11.812120844862633,-2.305271212025402,3.0
-35.9164561869368,-13.783057344492956,-20.978436132834165,-5.191911540640652,3.0
-28.668984904239984,-13.175893991922454,-35.106109389806306,-1.2597974619869454,3.0
-22.32348257823728,-13.509655539555498,-32.29029748585735,0.6592204962488912,3.0
-28.842357946956714,-12.249863033404282,-49.05829466468527,-0.6143270950183144,3.0
-18.494590152248364,-13.700676371570824,-26.757657476382033,-6.0050516629468875,3.0
-22.057705830334086,-12.846748297443147,-15.859467939183109,-0.8200699682987604,3.0
-8.854868969045723,-11.459820992960632,-18.632301473550758,-2.367798559760531,3.0
-11.715066981287674,-11.80798454169738,-18.552395783338138,-1.412098396689684,3.0
-13.607992445594663,-12.326179146602541,-28.482638321419653,-0.407020052839246,3.0
-25.006382393083992,-11.656142245005666,-24.06466915290064,-8.204273658347828,3.0
-16.36738462935184,-12.037263458169019,-7.367484125462321,-11.924047936671096,3.0
-9.184859690874294,-11.607352670953423,-8.778900288660575,-15.200353628115291,3.0
-17.25307689323118,-10.574694487756037,-40.079822738918324,-11.510562921502197,3.0
-15.49216005783995,-12.977671093428683,-38.89534536938298,-9.738744516538096,3.0
-19.389439250339997,-14.288073042659784,-35.927154373215494,-12.171339213172786,3.0
-10.591272771564945,-13.52314121100107,-23.55649971348975,-15.375640956671404,3.0
-12.601716600982947,-11.689352338238356,-25.403702684058736,-12.675066030783537,3.0
-8.905630938084382,-12.426231112512385,-28.202929825912854,-7.672770836666397,3.0
-15.799285126719361,-14.567982853662983,-17.41308923364227,-11.117153585283127,3.0
-4.021167121268519,-13.206019247532046,-19.46417441563363,-9.936749809781194,3.0
-7.9402747615781735,-12.878614169118626,-21.476023890384454,-7.09208616412448,3.0
2.2176372960538657,-13.437603881305922,-41.459706621973204,-15.426438548663436,3.0
-6.732129535081172,-11.006639451468736,-43.110245346389576,-18.480415177209863,3.0
-7.169884817594463,-14.547672104139224,-31.992282047203524,-18.11118917207837,3.0
-15.071675652244984,-13.775169866711467,-20.642398815683613,-13.264902235082396,3.0
-21.17178562194261,-13.589314319925226,-25.179822080226852,1.7024697344595134,3.0
-20.34352537187099,-13.336527101040836,-10.13700845037279,0.15669005690452176,3.0
-13.553480346975693,-12.325214476924215,-19.671566626942028,8.856269363897175,3.0
-18.049127474022058,-12.864786335079053,-17.113584081864268,13.746083817805339,3.0
-22.91087323454596,-11.727405382604083,-16.13402424458562,5.622147035062762,3.0
-24.260236453769462,-12.537490125112763,-0.7598565523866014,4.449714461866147,3.0
-25.144054135139207,-11.010913778715695,-13.133745540744423,4.463020011334118,3.0
-18.893896720745673,-11.502740188169987,-29.5310619514294,-0.4576602088327437,3.0
-10.082205836368946,-13.028823192200685,-39.60623785632478,2.383799029917046,3.0
-15.54829491107528,-12.564283652315089,-26.026468987133818,2.4139598504354867,3.0
-13.104602216935668,-10.594331147881343,-37.0404556086005,3.808129038688306,3.0
-7.9383896074315246,-11.403307819544237,-41.95750628340628,-0.2341809733219964,3.0
-19.75317431115503,-12.72005736423575,-34.062003837832876,-7.288576606701308,3.0
-16.069070642852154,-12.593969269120254,-27.72504548737656,-5.41921640708764,3.0
-19.301890486871248,-12.307535660642081,-10.140057510598178,4.356427249238074,3.0
-24.21705422633645,-12.69810512484059,-14.450142567768399,-5.980465466422849,3.0
-25.702496301224905,-13.454598818807101,-9.47564458399572,1.2915657449411584,3.0
-25.65728354184334,-13.994403181562307,-43.737407855830526,6.430042649676713,3.0
-20.385456702398024,-13.137930413578786,-35.000743977924316,0.02096338855251867,3.0
-21.228417886631416,-14.731675033828418,-35.4214603110874,0.11445175587496692,3.0
-21.137606103783227,-13.004890859369313,-30.749061917925108,5.826373465875519,3.0
-28.12188953265383,-13.449573942368682,-30.44399082146995,7.811049210309229,3.0
-12.878989503353,-14.789572354911066,4.414011971644388,2.44835236819468,3.0
-12.331799289691922,-14.550609793412102,16.86776720565625,-3.3930826821937963,3.0
-13.618566921926142,-13.330887605974763,2.549068481032899,-1.0432737859904728,3.0
-9.969118829534459,-13.019921668074646,-21.607949055865305,-1.2439834864541828,3.0
-8.416489284475722,-13.044688308572276,-14.059616584644315,2.4334654081404246,3.0
-9.195471503711568,-13.323543121176087,-14.438124763940682,0.2657705638525605,3.0
-4.5063273223180484,-15.018936342145473,-32.984978348166294,5.530869194331924,3.0
-5.029150251045954,-12.67409215885519,-21.528155757304802,8.2593467798991,3.0
-23.355804413938717,-12.316874104420576,-20.351121416764155,8.46257197463307,3.0
-21.456669436304963,-13.220276603839201,-28.537483520659077,0.12839815922033915,3.0
-23.21505119442147,-13.863852482613446,-6.661540951003925,-1.062202162737889,3.0
-25.396952399192724,-13.418926061730927,-6.797190007291217,2.6023157102328263,3.0
-30.2907462511344,-12.825702300137792,-13.214188608406005,3.0831745574736633,3.0
-39.578965199426875,-12.856902091447608,-30.035572788541003,3.39781662135648,3.0
-30.586081732488527,-12.678126212407008,-36.91512540157574,-0.8832955963856817,3.0
-27.921134054511015,-10.560500540238083,-24.0292791246277,3.353298063151838,3.0
-24.056154680074926,-12.657897820755208,-20.132458669790243,9.56051425620026,3.0
-33.139824438044414,-14.541222247500398,-24.433140822273216,14.179069801169438,3.0
-31.256898120901823,-14.965479212019298,-18.823402842721425,4.529573276620006,3.0
-31.290414283254233,-15.234975190534396,-5.561682579737983,-3.2867998971012566,3.0
-27.442872393606756,-15.715805244735717,-6.51174817525575,-9.154593826271778,3.0
-19.799580824278255,-14.155284163916765,9.696304120726076,-13.438362750461732,3.0
-10.965419640723372,-12.949883571212542,0.10854486166427435,-14.996523097880997,3.0
-11.431349135472388,-13.09695380418228,6.171152385133606,-14.635663651253305,3.0
-18.97135312585467,-12.984783231390127,-0.11795846324058523,-8.77363444332348,3.0
-22.83082173419533,-14.698666878910691,-7.1430898097176545,-6.742568428449994,3.0
-13.359326905988471,-14.190986230761057,-24.110088805201663,-2.627554017444372,3.0
-23.59179758751054,-13.937186940539556,-16.74638212190236,-0.6655690350405772,3.0
-37.588023654698546,-14.004951640647647,-20.003768822999355,0.5868811954715372,3.0
-29.535896831383383,-16.289834707303292,-29.91202302293259,-0.12869888967481158,3.0
-32.68175365094538,-14.468059908758342,-12.109585316155428,-2.650715840650809,3.0
-21.318008180230365,-12.059362124520646,-29.785528831834796,-0.2747170137193209,3.0
-16.376270381428196,-12.90676912807482,-28.58983616384149,-3.5780872390764102,3.0
-14.359484178912817,-14.307544291821943,-28.930261515825507,-5.341130006283248,3.0
-18.292600498871206,-13.128983098091396,-21.55949776402319,-8.857176458827977,3.0
-15.11286076354566,-13.395273983388739,-12.717665065822075,-7.397365037088643,3.0
-14.305646781585034,-13.097807260615449,-14.280626252103355,-9.202643639382387,3.0
-16.126704941817188,-12.392410034414919,-18.809184536962277,-14.391290167359148,3.0
-11.97687523275355,-11.605679176458255,-23.625145022227944,-14.733684589220871,3.0
-16.041438908695625,-11.36491337520817,-32.36273720352827,-9.34135378154254,3.0
-7.3015386711592924,-12.908881139041725,-29.12590040359046,-6.602274329834808,3.0
-24.443496972128216,-12.330918203851025,-7.454650358418528,-12.172996219824602,3.0
-29.475990250052007,-12.402500795114912,-22.040993174875158,-18.90082621605801,3.0
-21.51996438928763,-12.797822188221517,-19.834807986241813,-19.32461650578449,3.0
-23.489105953088455,-11.548057233903457,-41.42764740744623,-15.131163835603257,3.0
-17.9306927253165,-13.362013457250805,-19.5079516446258,-19.123987423633928,3.0
-12.75332892649494,-13.490758849599104,-13.431502754773692,-17.20354594747471,3.0
-10.942708126539216,-12.287428088670135,-5.285424541373244,-14.450844303014648,3.0
-15.096932230880313,-14.5673805324466,-19.666214387213145,-13.596900966948088,3.0
-28.127297571404377,-11.621867200215856,-39.77252401552346,-8.520627863474088,3.0
-23.118733580751023,-13.003019540178979,-40.54152247799439,-12.327652753771321,3.0
-7.344062683102004,-15.56377900925055,-38.12162503856522,-11.887409340101351,3.0
-26.291713397657162,-12.59012640491722,-22.70591933851165,-11.174726356367135,3.0
-26.591065197201626,-11.394283601705713,6.146724900494689,-15.762041308410101,3.0
-15.572115930864822,-11.179510997908901,11.114580670357913,-13.65031898794145,3.0
-16.74092064888312,-12.126871932870767,-12.843473132775632,-10.025519868193005,3.0
-17.415054779992754,-10.951226393825763,-7.583495613704141,-9.024264079949084,3.0
-33.827201603107596,-12.707998566241466,-5.706891907226074,-7.822579210355971,3.0
-32.891217097289946,-13.362560619785647,-8.517902174430827,-11.365619222178182,3.0
-21.158321886644863,-14.979909898863532,-4.505485454556625,-12.088361403250303,3.0
-27.056829040053366,-13.722788344442867,9.286116327894113,-10.55438939441683,3.0
-13.931548196743584,-11.652058674911862,-9.089451657804865,1.593991274531409,3.0
-21.24247107704017,-12.763662119891501,-18.10897566878968,8.517051011301325,3.0
-18.736817444537017,-14.357561812845704,-21.34343604945187,10.402963769508867,3.0
-15.622152701034297,-12.343455025489412,-15.759121676487323,15.219803818549389,3.0
-24.683139085877603,-11.583095567970165,2.033288631006803,4.251948590830052,3.0
-25.05423572395316,-11.422672687646742,-0.8829750421688303,3.0686191605905897,3.0
-26.27715403560706,-12.151674647839965,-16.3119624937044,4.849819643028503,3.0
-19.310673098899308,-14.738118654299669,-10.235244880046118,-0.35784734443965416,3.0
-15.885309605561758,-13.469822667520758,-4.509876274610214,-1.2200321277261201,3.0
-24.442686275645574,-12.006963136116436,-9.466310712103642,-9.481678726186928,3.0
-31.99980858465644,-11.550592571234759,-13.395898507770022,0.9269562872666981,3.0
-21.733784561836192,-12.089614965508169,-21.428217461830712,6.691873902728328,3.0
-21.921657315310018,-12.788554715798943,-20.015081436015734,12.077476575340592,3.0
-15.033260778040887,-12.878914772292497,-8.822304226141064,-5.878421849942671,3.0
-24.345236309024195,-11.882310583138914,-8.124096285259116,-16.199940392589074,3.0
-18.770627036868884,-13.906408619428435,-26.376922010825453,-0.6869415391303184,3.0
-24.487483071876746,-14.415971208449827,-32.28779606463468,11.428510235175327,3.0
-31.31807617060675,-13.81411861345088,-34.62675774210247,9.261162845383517,3.0
-13.405781334489438,-14.44627886683862,-22.889709998205724,5.746112325597954,3.0
-10.922913730936704,-13.41984055182843,-27.180163061525057,11.759840803495816,3.0
-14.535097808291818,-13.388174790028103,-11.089050991510057,11.463421262203564,3.0
-16.657433075697877,-14.003541124299407,-29.69436953707505,11.971353211354607,3.0
-24.71803416963145,-12.36618156937097,-23.46159806239161,11.713027280004585,3.0
-23.301134427810283,-14.198957601886502,-13.212977734893363,13.598562009883418,3.0
-23.933715425074112,-13.300531314185783,-32.82179057357685,9.627903086818586,3.0
-14.525990925542906,-13.852586689879807,-8.765207019986459,7.4702897734479015,3.0
-7.048927506559856,-13.140923646863463,-24.70325668121422,5.922316046080644,3.0
-4.899864328852175,-12.506341482016339,-27.780221000059882,8.638555692183665,3.0
-10.913759810528145,-12.077038483778997,-14.879321817006558,7.597591638406698,3.0
-16.845484861532277,-11.908130844045814,-12.834103308081197,3.639658207430266,3.0
-21.135615020493496,-12.694726083856809,-16.989220756164528,10.105158304093157,3.0
-30.872263280913987,-14.043928343898468,-14.620246167699047,6.590508471087524,3.0
-17.56775016576803,-12.067039498681204,-33.15110529996281,-0.5175833948936095,3.0
-20.03576980779481,-14.515681224056557,-27.806990045426787,-0.027883741502995107,3.0
-18.582414418078784,-13.946702935465286,-21.244198808394998,1.5543840095961725,3.0
-10.867590214278126,-12.443529815409358,-29.320483908346375,4.034717949689833,3.0
-23.160970754546884,-12.95578389399372,-11.848229220649905,4.214520392551373,3.0
-15.669969618273138,-12.128711758562105,-2.9291358432413013,7.490330975562835,3.0
-15.014128263998817,-13.436723225460202,-6.124043624085399,0.39855743185167203,3.0
-25.98590813834499,-12.836027140467346,-26.689967861410455,7.819997557173013,3.0
-24.67018910637707,-12.498356174434846,-30.46836983666074,11.95058331931947,3.0
-15.672369084766821,-11.49965786898135,-16.108588216703126,6.7162227358178255,3.0
-21.333963756410977,-11.407584002011644,-12.315938244529526,10.726762936851868,3.0
-19.071521252993055,-13.53709458876046,-11.000624354271915,5.318106873126592,3.0
-4.476431537249454,-12.27956570508198,-4.2717168135810155,2.228983945634857,3.0
-16.034254253678075,-12.405334809130746,-7.5581584566952795,2.784829261322578,3.0
-15.119258458670796,-13.079414796608217,-15.986629483312175,9.327438054731978,3.0
-12.161878150389857,-11.499701530520676,-14.66407235572252,7.5731603534111676,3.0
-22.352189100207937,-10.778646905376021,-28.392908287998768,7.966637374688229,3.0
-20.24992096711585,-10.237980695153754,-18.37012448416992,3.709735453869429,3.0
-16.4186777719033,-10.892150003966115,-17.10281169080916,-1.333354376779821,3.0
-7.86792450371057,-12.803169312712578,-4.491115226382465,-1.277991617168563,3.0
-8.29668099347113,-13.070407977163416,-2.332913807971707,2.0638388947784923,3.0
-16.917580879239814,-11.235000749763474,-10.872607182073171,9.256713685357855,3.0
-12.245335640501171,-10.371007783410597,-18.86171090781079,13.823683040991153,3.0
-15.380783525378957,-10.255503932260165,-14.356625318259422,20.908905062378302,3.0
-19.582991747017875,-11.11287446364247,-16.389219732186223,11.265188168688411,3.0
-23.87054030145064,-10.672318994189382,-34.88107723945564,15.832813195480869,3.0
-21.017085295961174,-13.63864844782719,-19.594657375858922,7.342451230848106,3.0
-23.049700480087424,-13.109841506676059,-26.61253401778496,-0.18462656512304654,3.0
-17.33738293684626,-13.106178589321365,-29.378669495723457,-3.9623966008394635,3.0
-31.274600542430164,-12.783302468282706,-22.912850170742317,-7.6924733995324726,3.0
-41.79744285730011,-15.43835735633988,-28.06020832233926,-4.640437540815875,3.0
-26.471042766244196,-12.951245710796425,-18.307911018924568,-0.04985116235282039,3.0
-26.092121175535247,-12.710224706185896,-15.995625418359129,-6.011179173221138,3.0
-12.312566590169087,-12.499810011510654,-14.191298727095393,-6.487657477629126,3.0
-9.743167858066698,-13.786472385685293,-10.768096297664236,-10.759259047813197,3.0
-10.046947601622296,-12.340246427934526,-23.143711554061042,-10.438915221164379,3.0
-19.10903443174491,-13.17175136530294,-18.776902481763905,-12.476502323968116,3.0
-25.412814078263057,-11.982830017507961,-20.290263472036365,-2.764015046906252,3.0
-24.852803647286947,-15.394270539578404,-33.066312486010254,-4.495139885134024,3.0
-21.500210162795025,-13.622277395063573,-33.440867788125615,-7.5784637672764426,3.0
-27.13348205034346,-13.74895986828802,-54.25124686241125,-4.468157458703004,3.0
-35.34702620748344,-13.749600068416237,-46.996680956057844,-2.935567051715818,3.0
-24.92592488205111,-12.857489098445916,-22.569196531113054,0.4142255845963754,3.0
-35.149390206106254,-13.88278227023009,-20.02871074579748,0.5115069512851291,3.0
-12.196896195918033,-14.924328622775903,-8.389718957891944,-1.6503386265284032,3.0
-6.861393531957434,-14.331777032267391,-12.768851302640849,-1.947259359829277,3.0
-25.90268204363972,-14.030642595186483,-14.12565668758661,-5.319104122857061,3.0
-28.40731967200439,-12.009914007202834,-16.5078419166369,-6.70650558314934,3.0
-24.166531067882204,-13.817562611452331,-16.843965225230924,-3.519254218288755,3.0
-15.06162824120144,-12.40196542898941,-24.052222122330402,-0.1707107794064573,3.0
-26.15477284179063,-12.885532143766175,-27.714385881686795,2.2534061461020745,3.0
-13.57495969466649,-13.551131532819603,-3.054683518275567,-3.2290985258037255,3.0
-10.888443369294762,-14.029929831598285,-14.567026097694725,-6.8150838828441795,3.0
-21.32554907192252,-13.205517840138187,-20.712088440725765,-3.479848615117225,3.0
-19.581508663300504,-14.104379456984047,-13.20475542457519,-4.3734886661509,3.0
-2.701668949634147,-13.827472826636136,-30.029731907787156,-2.488481834510223,3.0
-14.538860821998558,-14.674425706197184,-19.790952458466403,-3.0014577895673726,3.0
-22.94982114729999,-13.781335945331112,-0.9450363647221849,-7.538742634317332,3.0
-24.211768442745374,-11.774898360662283,-9.596672552038827,0.15334054737003766,3.0
-5.023587459361213,-11.41005281904849,-15.448797441593646,-2.813532152481767,3.0
-6.583371732901911,-12.77500399424483,-6.492931724977943,-7.892194141156553,3.0
-9.866016180387565,-12.5471061723863,-14.636300761899118,-14.376783491712708,3.0
-13.638306474861658,-13.137849282509679,-30.214688791768683,-5.011426198859852,3.0
0.3484722760157588,-14.195988324346901,-31.571900977364734,3.7737275461744364,3.0
-5.8271529003661175,-14.87211097433514,-19.91785116427843,3.2457231466561876,3.0
2.0824288306226553,-15.110966973949312,-25.464475969572245,-2.406141073513167,3.0
-12.22997926717682,-13.921589253037379,-24.144958150741893,2.067725533509986,3.0
-14.714501264373347,-13.531516259649235,-27.09603222583406,-0.5662741635222797,3.0
-20.791812290281495,-11.437859199300258,-17.626998641878906,-2.0948610712242974,3.0
-13.030119942323916,-10.604819784222226,-10.687120473873755,-0.05657886053674743,3.0
-17.64391482300151,-11.581649649537944,-24.41932129990349,0.07638684428163645,3.0
-17.928444632926787,-13.092178702661364,-24.479442033275998,0.9778497529124963,3.0
-19.679455643764157,-14.55381031442937,-35.45943023795035,4.237203799470075,3.0
-23.633859958696092,-13.274072015219339,-42.43102759047327,-2.5221291098155123,3.0
-15.326263996317035,-12.582941781254762,-27.00509269600395,2.149742701905347,3.0
-19.21431760757345,-11.538929594788272,-17.193874213420887,10.395136761336847,3.0
-17.563636109491373,-11.442382593776465,-16.241464977353942,9.252364559360096,3.0
-33.91419594187426,-12.481694711559362,-17.0169526626883,12.949027852728172,3.0
-33.41246418709969,-9.895999855962216,-14.724906269212646,15.397268001881228,3.0
-29.186050970119616,-11.31045064522198,-0.29591898942059736,16.410430641309386,3.0
-34.27777932591952,-11.75881762108306,-8.042259772467695,13.304679150942267,3.0
-19.520876256540657,-12.823555415636696,-16.630423723731358,10.16308619053101,3.0
-13.064410966961663,-15.041340379965877,-15.891470808140264,5.416813371001871,3.0
-6.66650519199624,-12.62070872529777,-17.86912508324199,9.16579288585418,3.0
-8.172792766757812,-13.06570249824953,-15.953136120605514,14.118105509185346,3.0
-18.650619658054502,-12.340648791082213,-5.194162032958811,11.393240938053278,3.0
-17.486240838320057,-11.641105748855786,-3.193739723237467,15.422225344608044,3.0
-15.434130922047254,-12.729991286256817,8.963575973054134,16.258363867840863,3.0
-15.19989011272309,-12.79546557515887,-4.4747187056954,15.74563742995159,3.0
-20.881998998969294,-12.709452567765005,0.2488880652657457,16.3824973901643,3.0
-7.3963540733638125,-12.108582316442424,-21.74793225263214,13.548781771396595,3.0
-12.523555212008548,-15.354100288039756,-9.137478636181662,16.24617268245871,3.0
-15.391610691678242,-14.982603426733391,-13.128435574942054,14.370624390500812,3.0
-20.017518500893573,-15.026012803346235,-14.358061176136953,10.835549194653492,3.0
-16.289356139671785,-14.110440983507592,-18.00116026312638,10.458751549393996,3.0
-19.955217980139636,-13.89068920498972,-27.791215330695085,7.591876217167691,3.0
-18.951701127096097,-14.216925610867946,-31.247697529251365,10.767338256151225,3.0
-14.448660912586327,-13.867382123932233,-16.757756423313516,13.519724269397283,3.0
-14.61416526724117,-15.013192628455123,-8.655832930676493,13.755088694716642,3.0
-22.19607670097253,-13.328935138795021,-7.951624216552041,17.530592097300428,3.0
-22.360776825679462,-12.656177097116123,-8.086023597485593,18.625081084069404,3.0
-15.086821466301965,-12.855732620996774,-12.969493101407004,17.870367974914164,3.0
-7.751536368153463,-11.341728773228201,-20.40227109026376,12.733939557276534,3.0
2.315527774429434,-13.904375838344414,-21.254231550680128,13.57935986234688,3.0
-5.264852127284868,-12.338335412216313,-7.92009179393788,18.66223336858916,3.0
-19.03952327695234,-11.18818437216254,-29.113041971467684,12.40588342672257,3.0
-6.067170292927881,-10.901932043409575,-17.220336700284236,13.160912410756973,3.0
-3.032934660691968,-14.540945123332893,-20.948455246642695,20.284652383643202,3.0
-4.045903386298869,-14.51822361627551,-24.042332537334325,17.37993973665233,3.0
-10.224458196470428,-12.760215112015633,-37.087065932893644,18.198257128614554,3.0
-9.242321071664358,-13.040974061026446,-44.34497103521784,13.779207843672097,3.0
-7.084187059921826,-13.583050527161095,-43.28759901810966,14.878652924147058,3.0
-9.0632567998228,-13.565503737230525,-22.683288595478366,12.84561947213138,3.0
-17.069760281341303,-13.757560023639904,-28.190937770861115,20.424584322130478,3.0
-15.385259416020073,-13.662969937145999,-32.73977658831898,16.480193377003612,3.0
-14.699714149200226,-14.925656240925768,-27.87599379936635,12.363602615646514,3.0
-22.63411483209321,-16.334845628930317,-20.880994219443245,14.504748200686748,3.0
-13.360796292360911,-15.366694453855935,-25.06885069497878,13.842564119221986,3.0
-17.251037951402946,-12.733203242003704,-29.507128064446352,11.564384211856346,3.0
-19.468034258658648,-14.498495498613222,-16.12905747492316,16.046296309099855,3.0
-10.73360824996426,-12.862219823813092,-13.76620461511822,-3.4838359164888075,3.0
-16.651102272413024,-12.996104659423555,-22.072603434623016,-4.138641499638482,3.0
-11.07621794807514,-15.058658092186697,-26.364617233546802,-13.36757180277138,3.0
-16.74274914517483,-13.123591019870524,-40.06772442518755,-12.440598836062467,3.0
-18.877037231976338,-13.46389975326627,-26.385920188209166,-6.869156171537577,3.0
-21.692243404528536,-10.927295764332975,-4.865705884072314,-14.132753444908946,3.0
-9.563998112274392,-12.925314804773073,-15.16141095522195,-16.552362923127202,3.0
-5.971140627759368,-11.974340636005552,-21.256626464038085,-16.6931835597131,3.0
-9.444286556310658,-12.510411831471888,-21.12907300152674,-14.090912701864658,3.0
-15.728432389670239,-12.3999307517561,-16.456609585692483,-13.604519208895736,3.0
-18.675118175073784,-11.77673253425652,-7.726625779999331,2.5312731498896457,3.0
-27.0670126545986,-11.34362322057489,-19.116512357679756,-5.836025872602432,3.0
-22.963719258828828,-12.167923330997185,-18.834045308029946,-2.9541875792996195,3.0
-13.227667904972066,-10.22866786577266,-9.283046694279163,-1.9868956717127446,3.0
-7.565080872936038,-11.789439278213484,-21.273193874944038,4.449999104611045,3.0
-13.566382302333395,-10.315827334624014,-19.078698624453885,6.800300559935905,3.0
-7.467704446498299,-12.009292255224194,-19.7537808577326,3.3939054965088973,3.0
-9.19317740856535,-13.308817880160547,-15.566604212022487,-1.833147371809291,3.0
-13.716547923792294,-12.86839426593854,-18.140735729956685,3.103016651293899,3.0
-15.275114369724534,-11.164175884614371,-25.254236979300163,0.6381844765287898,3.0
-13.460135167836537,-11.17663033599958,-23.918095984429446,-1.718087247795814,3.0
-19.806045629152397,-10.92468564149603,-27.256052112819184,-3.2320665988454995,3.0
-10.608438322580685,-9.958068775479223,-15.936482551856308,-0.21368714549816215,3.0
-14.72490763098471,-10.410362909336925,-21.24305801121686,4.845180684577825,3.0
-7.098218572452367,-12.835934126076868,-9.671006543708694,3.22895884355827,3.0
-6.578846572764899,-13.386302801322724,-17.950390958832887,5.157147584557858,3.0
-17.172077948011438,-14.00477097696966,-8.085953252434818,1.697953179686765,3.0
-26.058126799654488,-14.636415581662446,-10.4482019658648,-0.6683628007465532,3.0
-21.30597285475325,-12.82919755209178,-24.172651159873148,1.551051357170442,3.0
-31.29126833775075,-13.338474541573797,-28.41585884575933,2.4555042043230544,3.0
-27.864778787500114,-11.087300068920989,-12.9404253324122,2.9406875532375296,3.0
-27.735869436266327,-12.577517482258669,-19.263207719077723,-1.6324629092102212,3.0
-26.523292449998483,-15.653802371194443,-9.471744873500821,-0.597970273065443,3.0
-15.339243882308566,-16.101598656352085,0.4172924368229207,-1.482136611726141,3.0
-6.465523838735736,-14.470007660013202,-11.631802454891542,-4.480252172238487,3.0
-26.013078655849373,-12.430454313904784,-9.145163752725335,-2.454550440588679,3.0
-21.584880605499414,-12.526255387483046,-15.254521173159727,1.6027182227165604,3.0
-12.200830287369605,-14.625485823449953,-21.119467879663237,-5.986665183663272,3.0
-23.23101905712928,-12.825861007029161,-27.43651161258445,-2.0581880688163166,3.0
-19.391750801540876,-12.673289261425731,-40.67458761837706,0.2615178649332419,3.0
-20.618821256163947,-13.516838316488908,-22.231049667389854,-1.866619964883954,3.0
-7.713893154602921,-14.793259190109719,-21.24535763908546,-0.4042142079438692,3.0
-13.654231445816967,-14.72886027767553,-22.655415473541005,-0.35978407839220594,3.0
-23.506115282223256,-14.64760833124881,-10.541590495510079,-0.8268849030786414,3.0
-23.040741122933625,-14.99041395076533,-18.818541878467045,-1.8291566792564065,3.0
-26.977678429905332,-13.602191178547123,-25.199243224511285,-6.514675867120905,3.0
-27.009082196306327,-12.129574122386853,-17.601448427469318,0.7854120424660049,3.0
-23.82072319538195,-12.220516298688604,-42.36756703466111,-2.9928018155516223,3.0
-32.57067332832133,-13.767715113645068,-28.526674846482592,-3.3186223304347333,3.0
-20.852449700361454,-12.552633719213356,-24.05946201045643,2.315941379318695,3.0
-31.5799529372733,-11.42681482401152,-22.09513518530853,0.1874546218230595,3.0
-27.812347386993498,-10.836001291565427,-22.44715915768527,6.722829431688352,3.0
-15.774177542599045,-10.155059516358202,-44.732606810470855,0.32393446573785667,3.0
-5.814907984436264,-11.375466543085926,-44.67579433101383,-10.418429240898309,3.0
-10.530461364724173,-13.158694849534943,-38.635932776221566,-5.489552799812216,3.0
-9.993092672256473,-14.282474078262624,-26.865262913454306,-10.368742277428645,3.0
-19.16660310606042,-13.482899932764358,-28.784153007329678,-12.314868361821077,3.0
-27.308280484931863,-12.432587513642826,-33.85480764972583,-9.966268742097206,3.0
-25.454284291958142,-11.807385449461929,-26.954733691676125,2.609763194970911,3.0
-21.43644061320373,-11.593569919365162,-18.879919754292445,2.8471453212961073,3.0
-28.161677991396285,-10.56679087089368,-33.21842110736815,5.1798188739023825,3.0
-22.08268258982587,-11.56835180728025,-21.318852375103997,9.020840222686651,3.0
-4.955492604323059,-13.525579892417513,-21.66053950274942,12.328823380498566,3.0
-26.3856337893071,-12.475800057194684,-7.1643698116707775,16.314710229519832,3.0
-9.176255510476802,-11.55579290428496,-7.358492716552831,17.805280681105753,3.0
-9.056530838342024,-12.42060029576965,-30.07811207714782,8.20255037013665,3.0
-6.469003370615592,-12.110055826010042,-11.27822921212438,3.574906224229058,3.0
-10.402679413003135,-13.422902309123675,-12.061048412602476,5.3914259411782695,3.0
-19.605996600600392,-13.487568817976218,-24.038385602693147,3.492505570433793,3.0
-19.863086527346464,-12.689704466660642,-24.90135981548024,-1.9460766215555336,3.0
-12.30649598951229,-13.874733079729985,-6.891216157471575,-9.768478124857873,3.0
-7.344289310818738,-14.694014085374397,-17.28387662198469,-5.859727484004815,3.0
-5.462048551327415,-15.949467250152502,-19.798938591331453,-1.3206862590991033,3.0
3.3266887875390942,-12.687022388140907,-28.114751486914095,4.6219752948470045,3.0
-1.3459065781563968,-13.929496442764357,-26.649855076063144,-4.8871808187910935,3.0
-10.30140500658184,-14.145002446190206,-28.025218357258424,-5.138162796322542,3.0
-13.271847096320068,-13.882570779679856,-19.576223139755108,-4.278553106000852,3.0
-15.861452297229928,-14.914549193207677,-19.318989413526232,-7.605426588621519,3.0
-13.935587272294049,-12.02820511806707,-36.098901696714606,-4.104521762371667,3.0
-12.366127758098589,-12.128852407062723,-25.282328518027942,-6.56367098642515,3.0
-23.196296366486536,-12.8770409614634,-35.153753087218384,-6.73530484557065,3.0
-35.585224195662555,-12.607255735900251,-22.24263370006653,0.7158824259817655,3.0
-27.243085136954406,-11.676611301954171,-14.22782433853201,0.710467460307453,3.0
-29.20135520449331,-11.242016501274623,-13.635812067114788,-4.91027456975597,3.0
-33.5702544477548,-12.108343643771962,-17.05788486222568,-1.197496580122487,3.0
-27.708483980283045,-12.036856655694894,-27.015744062400362,-0.21049872442928308,3.0
-15.68535661661971,-12.898146184532884,-27.150785603448345,-2.0060013820751923,3.0
-17.80720693900293,-12.764932844078752,-22.667399823010733,-7.575432199227823,3.0
-17.3093414129667,-11.572101961831216,-23.413262440445447,-9.679183262315895,3.0
-8.316526052912913,-10.34857290301138,-15.811375572311821,-15.76104670094891,3.0
-4.209003242091174,-11.945962572787572,-13.899453841346487,-10.384503649770735,3.0
-10.465380690578296,-10.623874241080177,-19.105068426536246,-11.434810073023701,3.0
-17.629524104403245,-10.554158189167659,-6.079714833646829,-9.415755043543314,3.0
-16.72873196134384,-11.537236296118856,-21.55372170303097,-12.089463548716319,3.0
-1.8729014327551,-11.254114443381876,-18.57534533746484,-3.7335622151497394,3.0
-13.48445453619126,-11.976595416627676,-23.397126358813196,-6.406863520880915,3.0
-22.46889161142345,-13.357267629709698,-26.164720594807733,-10.763773531638329,3.0
-8.278782159893746,-13.48999521255858,-17.654471294202715,-8.091600087343654,3.0
-13.864703197651913,-12.340337127878692,-24.68662055461616,-9.82695697303729,3.0
-25.752896065554168,-13.493718077863418,-34.38502330581131,-11.804686062522196,3.0
-15.985323753135829,-13.554330644903628,-18.968016831929052,-12.595996835108112,3.0
-9.124619289530191,-12.513795754731182,-18.232107761057186,-8.179622484139363,3.0
-13.662961342655125,-12.389768317752393,-24.592263280417,-11.114122807471924,3.0
-25.89446236081458,-12.087899895246577,-27.126479632766106,-11.493631055035618,3.0
-19.149691116033978,-11.8932384546945,-27.649800029063968,-6.411107672492306,3.0
-12.966606133966616,-11.865824081417404,-14.622157481078023,-10.40490202564953,3.0
-12.67795320130726,-12.211162563473742,-19.1948886776049,-13.609361919222243,3.0
-18.56110554517059,-12.78814768037122,-18.618545329204796,-15.538959346275739,3.0
-18.094866261275595,-12.172846645551202,-24.95558283447218,-15.520494691152997,3.0
-2.2446896042263784,-12.404366797016138,-32.86917807954336,-17.802064582226098,3.0
-6.584520862817408,-12.320256508506661,-7.527450985259621,-16.109248071552102,3.0
-5.824544199708844,-13.694518809292976,-19.530526929873275,-18.622267414482728,3.0
-10.788293309494161,-12.052354099728005,-4.954482060681981,-2.402110065354144,3.0
-0.27158772208790083,-13.959526120614928,-5.98790064611001,11.953976823046409,3.0
-3.4827433089566,-12.71454722874699,-19.363852202737963,7.409451349082236,3.0
-8.587273100849325,-11.820229274799681,-20.414511825418327,6.9738076591019205,3.0
-17.062841143521158,-12.220011124553281,-11.424403358396738,10.482199767821673,3.0
-10.837906925433401,-11.963954099177396,0.3845976726305338,7.146666734569512,3.0
-19.217286961395992,-12.526823949068676,-13.993751281285693,3.65581741376314,3.0
-12.904081900797685,-12.831699256419334,-5.565466515838903,-0.6456976912733694,3.0
-9.875527050592982,-13.157799083891327,-8.86173997577423,-4.690651314813099,3.0
-23.018120545175424,-12.554905100698713,-25.074632129932553,-5.279458767487708,3.0
-20.37914517582373,-13.464164632475761,-12.173740329474104,-3.838106622459668,3.0
-17.659080917751538,-14.288953240673079,1.3103105468557956,-7.461154761228334,3.0
-18.031617241749373,-13.282964853016223,-12.939508158354446,-7.199018228005733,3.0
-12.04668547377021,-13.27144643641413,-17.726902181568505,-8.378777658807216,3.0
-23.036313386068542,-11.579239910806109,-17.962424150588774,-3.1753332925943627,3.0
-21.48156408813508,-13.281443494644783,-21.995669476772754,-3.621391143913514,3.0
-30.01728699258537,-12.37080985748763,-24.591128171321586,-5.171405690454372,3.0
-30.586970254619303,-13.889412906858942,-24.709462005686728,-2.80118263929774,3.0
-20.45778296866907,-13.946573886906775,-30.83270519438717,-0.9679718585761266,3.0
-21.495328031111786,-14.162820010626263,-31.916334917886232,6.560650390819697,3.0
-8.436761120153008,-13.985275500668942,-22.753109986951387,1.7639079807806537,3.0
-7.143779475189509,-11.659268774619992,-15.081789400892028,2.1637706566188486,3.0
-11.11721797334345,-13.691830855042332,-14.720312517200522,-4.816691669565264,3.0
-31.47588533340086,-12.10784410840481,-27.07429117611114,-6.487267228237075,3.0
-29.789173801261683,-11.8182755389724,-43.57289708946052,-1.075624338775624,3.0
-18.95161708683994,-11.257222780308835,-23.35684687437992,-1.1578887369293422,3.0
-21.66371494640944,-12.359970851389425,-31.09575918345619,-9.406912751133227,3.0
-18.46138194611753,-12.91800440245169,-20.77644699278352,-5.337390095059662,3.0
-20.081000449104355,-13.364906133115944,-20.313470614848264,-10.150136876203897,3.0
-27.864194027774854,-13.223384891824827,-9.158605645564016,-2.7338222522185402,3.0
-19.66448758470047,-14.411547015024762,-17.459124115275745,-1.9309828070051402,3.0
-22.320145117623053,-15.241582032191156,-13.485430511415935,-1.573583460512161,3.0
-25.059017436610503,-14.78974771459536,-19.223922805569654,-9.054896874729888,3.0
-18.866301014597745,-14.558713526708141,-9.560530059707832,-3.23388433514865,3.0
-22.709816202597157,-14.80359314492464,-16.172829728526793,-3.0478602303868025,3.0
-17.00801528943921,-14.583138466334692,-13.312497629008323,-6.008732356265317,3.0
-7.0036491920061845,-14.073583102390653,-14.150731066265903,-7.309464599763238,3.0
-10.90322912256674,-13.45134664676026,-29.530235288722366,-6.188719454878114,3.0
-27.4196398099893,-12.596030280566925,-24.669992813562967,-11.605490179683319,3.0
-14.988536607919395,-13.565012570632781,-47.528865524685024,-9.285987547206616,3.0
-20.60238883869425,-12.18307706757983,-39.540404530900354,-12.672661048960043,3.0
-15.020003103816714,-13.850992216576925,-27.208573339604946,-3.2006864767054415,3.0
-13.528345258959611,-12.64767882244258,-17.234574987712485,7.46527246571759,3.0
-18.380820957771892,-12.36751110433383,-21.283201459996327,6.976480086554053,3.0
-13.201195477077286,-13.446612543963933,-15.937216035765612,12.730081059366237,3.0
-16.02288914197444,-12.88495230070173,-25.13697641742652,19.639209972097156,3.0
-12.733096195041238,-14.141663684250034,-15.593943111681583,22.777135804231236,3.0
-18.553734277303523,-14.87235996221822,-22.168500343730276,19.933239303868568,3.0
-25.821428532049147,-14.305079390321804,-22.264623834030957,6.513021551406194,3.0
-15.848119929053007,-13.755437229311696,-23.637486506493076,2.9131567557186706,3.0
-14.921810972787439,-10.98282555606482,-18.964107030653615,0.43166854089137363,3.0
-21.982263961221697,-11.778372092070613,-8.404268297970097,0.28140527641953106,3.0
-26.802732959784024,-11.531668651275604,-12.306367178609532,-4.698925677340833,3.0
-20.525508246425694,-10.758292648511906,-8.903297120370095,-5.800006075803419,3.0
-14.340427487288494,-12.945215092714816,-26.677398976669508,-2.3593523983455977,3.0
-17.896465667535224,-11.791516641336658,-19.273013306616832,-6.711488998083128,3.0
-14.920857564498782,-13.238681752164625,-10.832835210362937,-9.93322890432599,3.0
-13.382781544132607,-12.282076760592448,-10.985170994091092,-19.54378756112054,3.0
-20.685844238280893,-11.548945480451751,-25.420387189125016,-14.98301721296596,3.0
-17.380656172746377,-11.317763838961184,-11.491483866384478,-13.392888995880242,3.0
-28.355566524426102,-12.842024260647696,-23.057023251210705,-16.604928133259374,3.0
-11.918811033010815,-12.049969901383674,-15.951485787762651,-12.344709747196307,3.0
-17.124463149534996,-14.449072074434367,-0.22479534987843763,-12.14852964392049,3.0
-14.546142099566486,-13.043553462698533,-14.059248763563488,-17.774025767644453,3.0
-19.528523145305165,-14.593122500704833,-14.185047832319679,-22.185839999978086,3.0
-22.580795478666225,-14.032059271879621,-13.211297202732975,-21.53772088220585,3.0
-15.834138756576326,-12.39461407338832,7.925649794056415,-21.467015006663935,3.0
-26.806135367976967,-14.87959355655684,-13.37587666688766,-20.8457215443379,3.0
-18.189369317622422,-14.21983346835914,-14.353282881355902,-13.420335664208693,3.0
-16.955367396601808,-13.148446330651218,-11.098257817109873,-14.347439745199864,3.0
-18.677351569990854,-12.246989552515704,-14.368700829077149,-14.595797404856214,3.0
-19.936799955725085,-12.468441534780759,-17.94556726608325,-12.50593051085629,3.0
-21.26125872675148,-13.27779761793536,-15.59823549862869,-13.029240146355972,3.0
-11.738222812008507,-11.984872916230685,-26.00339845230719,-14.571629654238839,3.0
-13.432329231445667,-13.071954712206907,-29.654088233293027,-11.731226221597906,3.0
-14.99120267388594,-13.408551192878084,-43.83834780697504,-15.425655550817723,3.0
-19.456430626301817,-13.553159448711321,-30.48524725079612,-13.47120766592741,3.0
-19.005756519030914,-15.862961934199753,-25.379379458627255,-16.420754700793925,3.0
-26.198132649154843,-14.630881294899922,-39.918015972197495,-22.281914220074746,3.0
-22.441410131021062,-14.220286866824614,-31.888746311800723,-20.146893536184287,3.0
-17.37175894317912,-13.991047348701574,-11.701370039091067,-21.478587017502758,3.0
-22.3272003017295,-12.48812530184492,-21.21413467742832,-20.625223251373438,3.0
-18.063965301469533,-12.173592679610147,-22.555422248493702,-17.7705701881199,3.0
-19.863435256768312,-11.440033473303872,-18.270906839501375,-12.296623240743013,3.0
-8.218218329871632,-13.662010945895553,-33.22997313769875,-7.364926358371321,3.0
-1.6163377461924835,-13.113087223412847,-29.334779496559378,-17.98367127714471,3.0
-16.229463385081438,-13.67198017555302,-15.302193294961986,-3.883441353673086,3.0
-17.945852510477618,-13.82604015415784,-34.56704184409319,7.309505369414289,3.0
-12.462747926543338,-13.405290747968813,-18.103997503174092,12.337195496895255,3.0
-21.815256779431863,-10.208049733195931,-11.255264700324545,9.697238971747028,3.0
-19.276266879169942,-10.791145367774051,3.4645221091940357,3.9098721349196737,3.0
-21.085411018779944,-11.811838511777594,3.0443046560916347,8.437824964200054,3.0
-20.472277598198755,-12.1689495188132,-15.221428883529974,9.924327256537568,3.0
-23.27026125486389,-13.915813660000799,-7.073250095187062,15.838766368267992,3.0
-33.564569366456496,-11.140850621219222,-12.798888469015655,16.710469805690234,3.0
-28.821132244889967,-11.761860809662412,-9.047592654495368,14.057098997198652,3.0
-14.288899594431772,-13.953411222873362,-21.069919098689375,11.939025926089908,3.0
-21.96917017904149,-12.290043618683786,-4.064788843334549,-3.824690698715985,3.0
-14.07429067308043,-11.79555450293084,-13.877305046938353,-3.223590895551386,3.0
-17.767834753780523,-12.907617274172999,-22.809991912044218,-12.24609184202806,3.0
-37.803275278100614,-12.077410637841867,-31.122425055151275,-14.38605244481634,3.0
-25.53666059106284,-12.385571176990629,-15.99394405063656,-3.9964980400645183,3.0
-26.395068858682897,-13.044257576253862,-22.856731663013754,-0.13468100137027506,3.0
-33.2553455800431,-14.263680176978205,-18.503065697496368,7.497578412609596,3.0
-18.87584413330594,-13.277334003924251,-17.787381146198,9.713664755149148,3.0
-30.862614687820205,-14.646397196144074,-20.58169993432176,13.330244925858786,3.0
-23.54882731574321,-13.647880742581796,-15.601998574158223,14.777633912923886,3.0
-2.1401210439260083,-15.633287791422335,-17.61306191699065,9.155725891930919,3.0
-6.153289111735232,-15.037353609601974,-36.29006801752343,15.481440466508925,3.0
-10.365248059251265,-11.304346711003701,-22.729892137954288,16.70111417345303,3.0
-13.975385024819001,-12.324504426937324,-13.52067269405756,13.06843364896734,3.0
-11.396537269042494,-14.261082139939518,-15.285290941571196,6.95554481941794,3.0
-15.329163203373044,-13.094126720650298,-27.575669800042085,12.81371004968048,3.0
-22.440300894008722,-13.96001928768526,-24.75850225966952,10.395893343206852,3.0
-17.631902615150565,-10.516067385562533,-21.936104846206568,12.718653296182833,3.0
-22.274730655585493,-11.323072984382144,-8.636053437797738,11.465433475784366,3.0
3.707640390665148,-12.88519862098257,-19.837078984227368,12.679604125261747,3.0
-5.6426010066504535,-11.378659092830715,-36.72557716774191,12.056914582215587,3.0
-22.386111045089535,-11.298443477729135,-23.020007242405562,14.461691091100692,3.0
-5.809366342014189,-12.207450372075437,-40.89196738060716,12.02915893086709,3.0
-13.225027749091531,-14.107507783625774,-29.585527698787757,17.04366385466228,3.0
-19.060507305320897,-12.664216117934798,-7.596732738033904,12.970734487299287,3.0
-14.863922006679301,-12.04626302730157,-24.501358395608534,15.510978078009817,3.0
-10.412951634540207,-12.831594004232542,-12.078374638161163,3.203281386029742,3.0
-11.64848032403151,-12.591363066903643,-27.79969194905685,6.973741453459587,3.0
-17.94693683948979,-11.840801015254854,-25.61961777697979,2.92680532405706,3.0
-16.683036912552804,-12.81040684345106,-13.953349044786115,7.162871111865401,3.0
-22.12510743584899,-13.095915220284489,-19.95778740990386,10.17342500795901,3.0
-26.595311142428386,-13.624517895721878,-17.423962165769957,16.981350998169646,3.0
-19.33730876195334,-15.270787924726562,-34.333224212515724,16.538873860022143,3.0
-21.317465297808972,-15.092419668120579,-36.370241822201905,11.209289666634469,3.0
-13.64918303128584,-15.437922439545547,-29.77482433150231,9.290780955689328,3.0
-20.15723557222014,-15.421894409011513,-11.644561430880866,9.340486575172067,3.0
-14.49713597110538,-14.878468682662692,-22.216309728101706,7.4334423829357705,3.0
-11.923918442906578,-12.852691514240302,-21.611812617021098,12.876168762740084,3.0
-14.944750126018684,-11.129705812904728,-19.19579364125562,11.013371779584265,3.0
-22.316880496910525,-12.604780423808178,-14.313104043055004,13.251378581351842,3.0
-27.519998129752757,-12.803540815111555,-18.314382590176997,9.671356584471027,3.0
-22.960465024383996,-14.900992059857195,-11.736030063922598,-1.9680008625613432,3.0
-20.752477171913505,-15.853074713769338,-7.3812939904183,-5.8485813736405685,3.0
-10.865367448926461,-13.876382480193183,-1.4291968905550192,-3.1347168287695717,3.0
-14.725077047848126,-12.447110647345022,-20.998931428844088,1.3277883421957821,3.0
-24.83589124373178,-12.017790344735024,-8.127994959175503,-8.443592432803712,3.0
-18.590863048169645,-12.152354813211666,-6.3513370855591695,-9.250766792368536,3.0
-8.09104934478185,-10.997344766136312,-25.967522356659,-18.570606658263674,3.0
-14.440474401165396,-11.486629784235994,-21.314334059622027,-18.899964561589087,3.0
-19.362580011067962,-10.760070790891806,-20.10376330725336,-21.831297023823453,3.0
-30.785836576580557,-13.055330280244306,-14.940571649826431,-17.6675487466766,3.0
-22.002571380856175,-13.71720036936121,-17.2579448985551,-20.968602849111193,3.0
-23.34324975404821,-14.479233078892326,-15.642013354737703,-2.999354498238366,3.0
-27.67609708474747,-12.221665979747732,-19.265820228525946,3.8252248724792985,3.0
-19.929201398230326,-11.943780245857424,-26.969273060371144,-5.275884347776312,3.0
-27.220900857486384,-12.348731113587007,-13.503132058814025,-2.8613026672925033,3.0
-25.945907430945425,-13.109422498242154,-15.672630260798039,-4.196870322802876,3.0
-19.41630643707812,-12.146710452143182,-6.0411953650981935,-12.112800474235911,3.0
-19.074501082704266,-15.336398080933503,-14.15595417304192,-18.222567625222734,3.0
-11.372797203862282,-14.092530430617334,-3.8724066088660205,-18.41663211528079,3.0
-11.411585858749499,-14.124185458674448,-7.397603514451971,-20.718305053355397,3.0
-9.956920876269542,-14.677745625656852,-9.549746481309084,-18.01353481537389,3.0
-15.693123289154677,-13.431149081930684,-5.612038256010004,-13.95316672798333,3.0
-19.38391385075234,-14.150344153200523,-8.187004956115462,-9.379933315725268,3.0
-15.818157812877331,-14.756783678462185,-31.549286292713965,-15.297261214672556,3.0
-14.614846890467337,-13.799535176411945,-15.589931191991859,-12.08513062812583,3.0
-20.005328838314934,-12.236544296544482,-11.927658312929596,-13.538727866702708,3.0
-26.246046016178553,-10.99495894692004,-27.758037660965385,-10.212747857527956,3.0
-11.824833001881219,-12.603750107511198,-3.1763618934753897,-14.212387645205311,3.0
-8.792880017386967,-14.74828050234939,-6.677165173807321,-12.667373049340197,3.0
-22.27563314449379,-14.799364447442736,-16.923740568293937,-7.666884063829132,3.0
-16.941176884298393,-11.881232804027059,-28.145741182633103,-9.879092766411738,3.0
-23.129890355409824,-11.047555384125216,-20.570506079278612,-13.079348501576655,3.0
-26.531369754745945,-10.867776444285212,-8.022752452138079,-11.865926912861145,3.0
-11.608737044702155,-11.877265044891754,-13.932086380760703,-10.92961237234783,3.0
-25.83248862062445,-10.940935280092173,-8.33375227275938,-10.871132649787189,3.0
-33.37193052349416,-11.75390332856147,-8.995800852352504,-9.562671460300932,3.0
-28.603410488816664,-12.689428881050812,-5.603904810658012,-12.650288595128725,3.0
-20.39070286650365,-14.272554360432496,-27.712357788280517,-9.357760452304646,3.0
-20.564538049641502,-14.02502429946155,-26.32512703229698,-3.0576391920158033,3.0
-22.50966668454369,-13.058993327733784,-21.57394348455198,-7.5734368418543365,3.0
-22.850667502082764,-13.068920412275906,-14.993409744816887,-14.251341665277748,3.0
-23.911241441040005,-13.10629695563031,-13.762486822248373,-13.771581044188299,3.0
-25.278626797496813,-13.23359086852561,-8.081659170496227,-18.08266816197945,3.0
-31.271290857611728,-11.09033591241435,-17.51569270590201,-25.736949590985894,3.0
-16.510903483224713,-12.82235122015705,-22.604315367662878,-15.706545627816508,3.0
-17.18229213647572,-12.441673671167527,-23.625882364355085,-17.4891983380381,3.0
-24.128563410905493,-12.100862637395306,-18.99844643511653,-14.114816060204088,3.0
-23.034613921735833,-14.094971511288065,-21.73805739705966,-19.426710896313445,3.0
-18.024955068958157,13.949504904448354,-9.339823992283394,-8.943616075833145,0.0
-24.421203277221633,14.158878827474348,-5.735367770228125,-21.93895705667188,0.0
-15.304674026733176,15.283546393248724,6.658071027881781,-6.368171139957746,0.0
-18.68839347900015,16.802457039607486,10.198807694444174,-22.288198029677716,0.0
-17.466894238719235,15.087937659628475,0.5317637769851817,-6.500035088697013,0.0
-18.643231758141127,17.11782589138351,-3.59428418343178,4.076672046808033,0.0
-14.615387700699987,17.888615576615337,-4.905916317384458,5.934196844671897,0.0
-16.220910590914585,17.9062951693901,1.1198953559644578,15.44805457398457,0.0
-19.705589535876943,16.032154198022425,-9.099744133437316,6.762355196475975,0.0
-17.58827951431132,14.55861523045011,-7.792079020368736,-1.2947816331781095,0.0
-19.748786998136055,15.116932176863367,1.5785501575467875,1.2404775213152934,0.0
-16.148804144390567,14.975869044742616,1.034009652368161,2.3213480042620125,0.0
-19.28254984397183,13.332930478909057,15.472482416565503,18.349941415393438,0.0
-21.21425579555293,14.812890210781276,11.701622926329494,14.630390237207875,0.0
-22.182866655940384,13.984740487392866,4.105076671451435,11.185985189595456,0.0
-15.508415010397336,14.915034091793142,-0.9003917049518417,12.677671228104657,0.0
-21.391620113032847,16.64336218018534,12.327150635032904,11.829175672155541,0.0
-16.865547339749764,14.834002896979964,3.2633797171035526,37.99511840631211,0.0
-25.609290567711746,13.43433912864232,-3.4947207122583572,14.622994093511117,0.0
-30.24219788538271,15.319176314194536,-1.3010353264805876,8.735857473913233,0.0
-22.541461391794243,15.012001347859412,0.4558844988644444,1.3913182961585884,0.0
-24.753140367134904,15.845802919794686,-0.856342477724645,-3.9741021585968896,0.0
-29.505360036399466,15.763723660508676,-11.50453672114325,-1.9727418120870466,0.0
-19.03740246158543,12.348719640854911,-1.1860159717379912,-10.78545140915115,0.0
-11.852641487840671,14.793170818872838,-4.13773535138083,12.411389876173153,0.0
-19.526612931264644,15.77278712030531,-4.708095248227521,13.856998490105937,0.0
-11.518389104299683,16.598051699927407,1.2060400867953613,3.313486622166196,0.0
-6.20567235665532,14.528586309284726,-0.9388188424680075,-15.582258963759969,0.0
-12.665408887647033,15.121672083663782,-7.888810541063874,-4.773048787981212,0.0
-8.476925841227622,13.5580932827061,-7.957023067087984,-3.768898027647542,0.0
-12.215344923813197,11.982315702939914,-4.947289788454585,-0.16146778625954106,0.0
-25.107915080641707,14.548561470629988,-9.895101287703818,-10.453461562102605,0.0
-18.46461358433913,14.896693040656329,-4.267373575283967,1.6624287203420633,0.0
-16.609026751437856,15.501154204687248,-5.016670862481709,-1.894470628985769,0.0
-16.371425118498472,15.462651893887369,-9.49239519628862,16.95147585940501,0.0
-14.774055264890302,14.884118522989942,-1.9055092606025223,0.33465319327094356,0.0
-18.77824728751519,12.139688662300914,-4.886778405596711,-0.6530036647607549,0.0
-22.50562672745683,15.94113237397898,-1.6527890861150374,-3.1569590009041186,0.0
-21.913131259580098,14.342461686433774,2.4010783343780613,-1.5978907470322092,0.0
-17.987145061959104,15.26142682182982,-20.722061800182633,11.110799688846221,0.0
-15.810786395133992,15.134864449227369,-23.222226533838644,8.906556601793733,0.0
-14.332219645288156,15.00986748921189,-21.515056527920148,-3.5742822733849815,0.0
-18.170025818639903,13.372094082186598,-16.14525992506526,-4.0378850710272065,0.0
-8.320081970251877,16.38141056955145,-4.799131111394184,-1.7102035491854415,0.0
-10.720118456673548,15.63894557090631,-17.90467411250296,5.003250933377048,0.0
-14.136721104296473,15.94819905676189,-23.312477895396082,9.884067309247877,0.0
-3.345245484915523,16.649083281859628,-14.931441519036952,13.908727557279214,0.0
-3.517262092046476,16.660335989788727,-14.829993200332833,-6.262922368903166,0.0
-9.810467540128208,15.298358184796095,-11.063840559703866,-3.865500528764815,0.0
-15.100698678064122,14.221338725076047,-2.8644310253076615,-12.842597356681049,0.0
-6.380376256456286,15.041938232457126,-4.36947302593944,4.116540010377756,0.0
0.4718011799204751,13.835814445912582,-1.2836117730055352,11.048097897937378,0.0
3.150791424267142,14.899374357465144,-9.825310764897049,-4.723487814972629,0.0
-5.758405256124123,15.392935604886617,-3.854081229533647,12.787885546730848,0.0
1.0009738645240676,16.463512285658638,-1.5280330934874922,-11.909123112479758,0.0
12.772902971903449,16.004833897257605,-11.78614416674006,12.978257516302586,0.0
12.688416605331064,17.066762314758076,1.2675787189215049,12.647448836058967,0.0
13.26159867994171,16.11106061582972,4.5969773390408655,-12.904758892604015,0.0
3.2523498881651203,13.911930419704536,5.603913534073491,-15.745702755821206,0.0
-1.4190935961578104,14.739714291627998,5.992140708607826,15.02947917927455,0.0
-12.51614801071926,14.96871720006282,-4.60417417226454,19.420554884735385,0.0
-16.635670206016123,15.122271570891824,3.3069175779124005,-1.362224415192535,0.0
-11.940348723633173,14.64471280796211,-6.257107318467474,-0.9326947489982107,0.0
-20.472946078427007,14.276489008875167,2.263279281013227,29.17632898328829,0.0
-24.114708390245923,14.71234346526509,2.9069213807026717,21.617839734623935,0.0
-16.290437956248063,14.10749611755195,5.313702951821832,11.557642508809744,0.0
-16.856563811770872,14.970820927372115,-9.200059334726063,10.104919954130006,0.0
-17.648129455055088,14.564652375215058,10.840134187634261,10.682813039089366,0.0
-14.638878634809455,15.205655165155825,3.8695095358354816,16.399086802007588,0.0
-20.054489541605236,14.49868079289065,7.7236253169016225,10.331029719591818,0.0
-28.257731857556987,14.746594511156795,-12.006576885761595,5.448081283470786,0.0
-23.452119147879326,13.84230314191782,-12.468632899131872,16.690340871299448,0.0
-5.448674275991639,14.694376624735003,-7.7313876589117125,-11.72546196424043,0.0
8.788682492617504,14.944839715822662,-5.531370918201696,-3.2495001580406075,0.0
6.7685366807177765,13.755235377584807,-0.8477065714174978,-11.3098907069788,0.0
7.286472773721313,15.438727499909168,0.5858699831352385,-10.10967726926874,0.0
2.7228541879782373,14.327653850133931,-2.897600610599832,-19.760929282166103,0.0
-1.037402217978812,15.658526833691157,-0.06292160287837145,7.259141459659251,0.0
9.3102520447657,16.12429701770207,5.350127091011862,29.46422786022127,0.0
5.422597020658921,16.16900081645293,-6.261871647329644,19.972254937520912,0.0
11.60442381600727,17.66580235665861,-7.964861198708725,21.986223227875712,0.0
20.41064734169149,15.806513121663588,-3.8062966759966788,11.498481966429985,0.0
12.182941477631601,14.345095706870175,-4.202446272020872,17.839152566422655,0.0
6.724398469640325,15.182464839498552,4.475746596577023,14.985916279996239,0.0
-3.335369580510208,12.697662404036157,3.9549705404978814,16.041543225702227,0.0
1.6478693962901492,14.71485542200128,11.14813094831051,11.4651970881658,0.0
-5.602391384381545,15.782283753155006,2.367286671741288,15.374081724062197,0.0
-0.08467626252196148,15.398259342352143,-4.952301799593504,7.212223251918914,0.0
4.321788587148797,14.722412873780971,-0.045215693034081905,-6.639967556415968,0.0
9.52669655525912,13.839459019559367,4.187278845491136,-1.7119982067016257,0.0
3.837375491082544,14.23326240085132,-2.632645406541279,-13.6926984911719,0.0
2.3227258045206387,15.568279691688263,-9.51278425099191,-24.48021563200671,0.0
2.986274168367142,16.579877712467546,-11.110813654559363,-10.634434933658781,0.0
6.259810769009752,16.78706087022799,-9.523264906089388,-11.85077623447139,0.0
-1.055301814307262,16.449387831814363,-0.551027372676403,-10.269264524598182,0.0
0.37551425200115407,14.935096307472763,0.04600671872455031,1.423142335706888,0.0
-1.736907566518771,13.417903246933859,2.6113241840419077,12.675000111631617,0.0
-0.12944399993318267,11.977470927474975,13.793544139030853,28.255205602362043,0.0
0.7662824196549076,13.21097348476883,2.420788937781002,1.8597957476476168,0.0
-3.250727217619911,14.038892905826517,-8.269508372137407,-1.641597143581894,0.0
-5.590978958867836,13.814906721914355,-6.9986596548859445,6.703529970579753,0.0
-12.366596489566927,11.504766036325405,2.2047499739853436,-0.5868273786617824,0.0
-10.841577328444826,15.052995994025611,-5.430206907331331,4.415328234486414,0.0
-3.23150950728839,13.130615694255503,-9.13112683430835,-8.209578055301034,0.0
-3.644457113746814,14.912817893327286,-6.196357296019491,-23.36862141894638,0.0
0.25830401822027405,15.946021230303561,3.954443028665429,-30.719966827432064,0.0
-13.114011865217009,14.786362228161588,7.258482645449101,-17.7151327753498,0.0
-12.327840563543038,13.48172812226193,7.5802768482654015,6.253588239489038,0.0
-11.135795918212446,15.095655887407135,-2.2688331322508075,4.639132830243684,0.0
-13.622075054424112,16.400675933138906,-7.315014010245712,-2.364961116871256,0.0
-6.95542250071166,15.239196093269388,-10.771663803091705,-6.437202618003763,0.0
0.36459777055585363,15.968897534349361,-4.870467018574232,-4.115987475386056,0.0
-1.5942797933405952,14.954524684033085,-3.529999637191612,-13.113687747470735,0.0
-2.779214598569987,14.5614062641184,-6.627791706095447,0.7062575971745813,0.0
-7.173806036157162,15.540913405625826,2.380578504514723,0.554067655476306,0.0
-14.531672298492463,16.223522291629898,-5.996593762015538,-8.198835384639953,0.0
-26.248015944525577,15.706733508951382,-2.1238840234577037,2.9967704129097275,0.0
-20.54682188805827,12.609148146503498,-1.7626579612096958,0.017499805693716564,0.0
-8.590139838863873,13.189165359964415,-1.7914077802455852,13.10067693103754,0.0
-7.39487573031636,13.410970186590395,0.9919544929182036,-8.1483141143075,0.0
-3.9945475243400685,15.748519351619048,-1.7170720790100509,-12.572095145326522,0.0
2.0987317581994773,15.591871384280134,-2.287633439932761,-6.340093908550223,0.0
-1.5879595359282899,15.267996279794541,-1.3741772790757563,-1.5355220328227177,0.0
2.722677348873269,15.181689722842496,-13.72043180306077,-2.4858252131976233,0.0
0.09642092151140425,16.10668004975563,-13.048595638026674,-10.22228914918206,0.0
-3.3454495736370475,15.120159873228316,-12.96342671366979,-11.601072652845485,0.0
-6.97635655359165,16.696913163956534,-0.5456532645144703,3.095598165641841,0.0
-9.664949444517088,15.371418412504006,-20.52923655992685,6.5786373078804,0.0
-4.289830071714315,15.721345834481085,7.435829928140929,1.0367441063190284,0.0
-5.162696083289669,15.008669553146477,-9.114375229042295,-7.708117338646053,0.0
-9.485700766352153,13.305570662101342,-4.601809609046506,-11.36626270012015,0.0
-3.096771738336921,14.990084208482626,-2.57754543375225,-10.641304397456471,0.0
-2.735100563783054,16.969129872396614,15.812000921667037,-6.2402816620088775,0.0
-12.458223301168685,15.650679911476566,13.35111700132749,-10.940642729278082,0.0
-6.285009869692503,16.577108983729534,10.692942259094668,-21.090625448736972,0.0
-7.159789864759289,15.346374219452212,5.624697709011665,-3.225098531336773,0.0
-7.88112469222969,13.906031709834373,10.261316620623372,2.5114559765103888,0.0
-5.186927836430036,12.709116610858178,0.7750840837997339,-2.7650703519058997,0.0
-8.158250681559537,14.016290801362128,-1.879362681318082,-9.746635904351399,0.0
-8.466323178399584,13.715712844105939,-2.417147472948873,-6.214177660811598,0.0
-9.617939268101113,14.233739199693256,6.725633233690254,10.033733596827734,0.0
-3.1773295490389017,14.657650522944056,18.379938735493262,5.734995343103196,0.0
0.8635804600035648,14.302382783098256,9.268683813799399,-6.7009199179106425,0.0
0.7695583871826841,15.145425735405082,11.15778541704174,0.2986769623226615,0.0
-3.6911831328229496,13.792720681326402,-2.4225919943564573,-0.20345417404705568,0.0
-6.526399274918248,12.728327843007559,-3.6165449411528665,-2.366362894801682,0.0
-12.096885993310455,15.406246729913216,-8.54943887151411,-2.4007062015984197,0.0
-10.197109719302269,15.798188811568691,8.532715282726569,19.17269856293143,0.0
-2.1580386075431086,16.505253866521493,-5.549857058218403,16.69690186334373,0.0
-1.4685861858387954,15.025820525185122,-0.822346613071252,18.15215276656763,0.0
5.856936747317653,16.297968116767642,7.317987024336036,6.159534493604323,0.0
0.4757212100867001,17.082006979352986,-6.24453952087794,11.136343151153593,0.0
-4.580277993362324,16.24124899098111,-9.738607490221835,-3.4095932118502716,0.0
1.1136308737244276,14.141393443793245,0.4839352737045379,-3.660185187928841,0.0
-4.019824217856282,13.181353611399711,-0.21532300543987937,0.005018009322588446,0.0
-7.913750657486797,16.06355533507652,-0.8944365415606668,-1.0540735896103572,0.0
-5.5819813382260195,15.265897322390865,-6.185088636118206,-15.403611770833475,0.0
-0.6384371022909123,15.345999418425972,-10.538727374121226,-7.24645506760897,0.0
-4.226205083669979,15.405686584240671,-9.744195552943289,-4.025598153856996,0.0
-7.186631932362785,16.086269274136903,-5.793770170247322,-9.966951421249474,0.0
-10.06523581257797,14.823436177562568,2.7444014960746834,-2.053782959198391,0.0
-13.230590070664082,15.399537040353874,0.5821109117920811,-9.794180001418383,0.0
-19.925302479330735,17.307586281126767,8.133270706146371,-5.248588717937421,0.0
-15.641578808896453,15.851190600275762,1.5452436803589082,-6.951986178373304,0.0
3.4238976881600083,16.30189081466398,0.2913980942972372,-0.17564167480448,0.0
4.360628053183117,14.355519824498582,2.5940424732168186,-5.054612953975279,0.0
8.940921907000282,14.987016157503845,10.737118811483992,11.24994874638954,0.0
-3.5781657635268527,13.126631789871542,10.192208659283208,11.735569736006791,0.0
-8.979940197339516,15.932479753701761,0.4128961133075696,-10.445162942385412,0.0
-15.414152483879183,15.84846001296457,9.387308012059446,-15.30257821097036,0.0
-7.517247416641,14.919512461338032,17.25627442510768,-6.872399114491842,0.0
-9.89452039870266,14.971236965414471,9.620310211053631,-4.555665833243359,0.0
-13.57249857845294,14.09949553792346,13.286418259926327,5.239170162047014,0.0
-12.982066146162941,14.09034597483979,7.129226622875054,9.764318466592869,0.0
-18.2101657729968,15.127698868219108,7.014131515960619,-2.3372849489821226,0.0
-16.202038368766633,14.462175474208834,5.245727582133684,-0.38234167932002583,0.0
-12.261206821657831,13.583385775456643,5.437053594882715,7.98916481196507,0.0
-10.823325430348477,13.310947616804002,3.4082708119912652,-14.174898645157878,0.0
-2.0017360159053883,15.463279375205,4.556440717337225,4.363318237340065,0.0
-6.152274832372818,16.861054294853663,2.864009607540749,15.254739126553742,0.0
-13.100524380639154,17.847453448390304,-7.49655773774329,6.6799617728458935,0.0
-13.978901601251133,17.974998431767524,-6.044916653509962,-7.774032127960717,0.0
-13.768957544340653,15.239672803078776,0.5365907908149994,11.625055499935481,0.0
-18.614270044660138,14.424991106510062,-0.22586653159740733,-7.122361261002283,0.0
-7.059435997419595,14.549250187055138,-2.8003489776982273,0.3719053517520976,0.0
-15.934870576484325,11.790576238226777,-11.792608136136261,-20.42371526791743,0.0
-14.561240872774189,15.63704544872461,-18.69258128313626,-5.27319377437562,0.0
-13.32901269518043,13.684434583787588,-15.49649015297154,-3.386825450403296,0.0
-17.571313018701595,13.61220112370241,4.742822556339739,7.976075772118303,0.0
-18.43640311350591,13.380536096871772,8.32306086794556,2.7903650420851855,0.0
-19.03650871031387,15.347011421311766,-1.7137315517206746,-12.387638216150606,0.0
-18.480394197733204,14.993317974268667,-3.490932325531848,-9.702560731872435,0.0
-17.34973363258267,16.597934147903803,-0.30015948561835026,-15.823573458100075,0.0
-17.803826225388505,17.040148770949244,-7.725423824502263,-14.917065854274657,0.0
-10.47254310899278,14.782029114553312,-7.750962903968906,-31.478061567808883,0.0
-10.20412050129686,15.69211361043491,-7.27256904390743,-26.768674039507836,0.0
-6.972982555982984,14.680319857351437,-6.079361317762857,-25.523172852630285,0.0
-16.57173681426432,15.31877521127452,-4.880326344710235,-24.45624594678289,0.0
-14.15721785165238,14.595020143263957,4.152844313051174,-15.21432323571876,0.0
-11.86134301936049,14.249981573487503,-0.27994309140067397,-1.5934148503057015,0.0
-9.36383550423938,15.071905202392106,-2.7028520611433526,-17.29944681454903,0.0
-4.3996696537173055,14.7712347302288,-6.000375441742747,-26.022937003897525,0.0
-2.636744240332529,14.267566175553386,-8.869704216260159,-1.3258700168011979,0.0
-7.755850285727302,13.840075635713418,1.6967169247699398,6.218424522113255,0.0
-12.153687947443128,14.130436919155237,3.194185218475493,11.231163070805644,0.0
-14.963172938908611,17.401234042869064,8.730039291759907,9.519523990582794,0.0
-13.797810764978445,17.76653498179895,-0.26881629593730105,-7.016657855469086,0.0
-15.681461076951372,15.767701342083484,-3.778091281660072,1.1121906391378777,0.0
-14.982196767775534,15.73028505404895,-9.625061174871806,-7.48410353707892,0.0
-17.71238705134769,15.773417733463695,-9.032920305571507,-5.67114209822495,0.0
-2.7725060545221103,14.314638579650245,4.609226381360036,-3.284510985914525,0.0
5.1551663221781325,15.254240117436922,-13.529736697184779,-4.983028935667352,0.0
7.792704707605133,14.153425059594813,0.12101579385535466,1.0074513695038738,0.0
-5.577391004721491,13.64301337725492,13.04706045978273,-0.6554880507347141,0.0
-0.5070307825345561,12.797104205823578,7.497346357319177,-6.378047387343862,0.0
-3.78164879703937,15.170846937239808,8.719006534607853,1.8806820028011968,0.0
-3.9081725031615666,13.793102986652737,7.415523105916767,0.9507486312807334,0.0
-1.1192688566358813,14.41653226929652,1.8013888809513743,-14.404592158688626,0.0
0.39146028517235365,12.896059317426023,-9.015660825453953,8.446168060309075,0.0
-3.9046466591712434,14.0320631958845,-2.0752738130182062,17.27956386771775,0.0
-4.124759635710368,14.773770800799092,2.1395121267556063,13.557036286848698,0.0
-0.48840531216498073,16.715524690034556,8.30908990548938,12.498916019357743,0.0
-0.5537193585405893,15.212577355185752,-5.312242237883743,8.729015705500293,0.0
-5.61080291158543,14.059273854316636,15.78645063049741,-14.405751970224031,0.0
-5.65394115448467,15.793374430300016,4.264465537091291,-3.282840076624268,0.0
-0.053334176466293126,15.985241265890066,-14.184845391094603,-0.029821068323611755,0.0
1.3018204602195302,15.075839493456245,-9.157340645169704,1.3741450148490433,0.0
3.0006500361323156,13.283470767244857,-0.6000126111382449,-6.956151311036098,0.0
-2.257791667026127,15.671613774371169,8.508100296170342,15.045669360514065,0.0
-5.718956169641254,13.546719145848638,12.049332064394358,10.754110757430935,0.0
-7.695686932053525,16.603139750533497,-3.7813968680891166,22.86110781319952,0.0
-17.57941240455913,15.980081218432247,-2.1519229231297654,10.42026172969097,0.0
-8.121221701358554,15.997352455565679,-5.732459738109333,4.6391120213754995,0.0
-4.910735999159255,13.83865839590893,5.5808924053762805,6.123484154499381,0.0
-6.065081577419711,13.817273597595614,-10.6126805967289,-8.755176360107455,0.0
-10.662570854120425,15.087072376249663,-10.651303472226207,11.822637789671532,0.0
-14.826548626425437,17.226308114910676,-19.07569633775399,5.335879810044672,0.0
-5.3565892796428605,16.88360363812729,-30.81560797395875,1.238741434680657,0.0
-2.6841087359596343,16.267176344039243,-15.219357969342521,-8.469564893921596,0.0
10.820295938017493,14.671808843456866,-12.882211262102711,1.2862635624166954,0.0
7.049321203424856,14.177421462442807,-1.3432251350088964,-2.1761810456969037,0.0
-1.9108284242948335,16.17987145005631,0.5534607261061837,-3.3130189101438408,0.0
-3.443844273903785,16.007199322065496,-14.854385300179164,3.8820597741032774,0.0
-9.257194867978455,14.973294671652587,1.032798457818636,1.6576404093287866,0.0
-2.0238683095861227,13.521711683885286,-3.6523942461455956,18.393030648342883,0.0
-5.8694448528788685,13.170279723476279,-4.196018605364195,-4.4734214157166114,0.0
-8.974079651355034,14.709556777740202,-6.949864506237834,-15.334913288252526,0.0
-10.931826719973785,13.8718359631538,2.9186925433882185,5.035792559413208,0.0
-10.005911939960697,11.458657469598846,0.6603953095740991,-3.6230771397894177,0.0
-10.863048743965582,12.451869324723347,-1.0871183102869657,-1.2728555412425555,0.0
0.7123943834797077,14.636832054947963,3.1957508947837874,10.229050089542854,0.0
7.154950323927142,14.325968030986926,7.646910739589585,0.9499594104914397,0.0
6.985440027427242,15.265584984806098,12.02044947755848,-0.6609658587073031,0.0
6.126411604442399,16.339944140902396,13.551226293293158,4.777506999473868,0.0
-1.728357661436994,14.595170824231097,-3.4105203109199644,-7.654013375473741,0.0
6.181739593825365,16.476933634724887,1.0839343524377987,11.172989273515785,0.0
4.158177047693663,14.921615332029367,-10.602435342849589,1.79165790777944,0.0
2.8356115617150586,15.954435852902087,6.1594112405674855,-2.7147599138384693,0.0
5.6289392113511765,17.88869385116687,3.481161094658094,-6.578849576523077,0.0
4.564852965731928,16.11172136390315,-6.220239634445646,-1.6027269557188104,0.0
10.170489333506914,16.52588374041653,-1.0793675384277146,-10.58825096209102,0.0
5.28731637888993,13.730069914107181,-6.508580283927867,-14.829668237298272,0.0
-11.090129464218629,14.944133086692057,15.729969062657315,-9.19214863971333,0.0
-22.69001416345112,12.882138855208447,5.811569167801446,4.011294446360483,0.0
-20.771813924512898,13.871895576553424,10.733188017385409,1.713673979617961,0.0
-10.525084110970981,14.233684191244933,2.9856057577636657,4.961586768121962,0.0
-15.979414853645544,14.70484758549783,1.0398352332819512,6.185090213506458,0.0
-14.201384729802786,15.378900221174861,-10.337748089468102,4.195078466271287,0.0
-16.58702088266871,13.541973675645922,-5.743304490037114,5.133931737107596,0.0
-7.6470814678248615,15.17891435054313,-4.200860978684329,21.009273265271837,0.0
9.576126779363818,13.51587466412232,6.3932831830834616,10.559064196090576,0.0
0.5391770224143189,13.899800682431168,2.6529115608046885,28.14757725481107,0.0
17.073639600163652,14.51673443472246,1.645113708602105,15.30568462419824,0.0
20.084970444517985,17.88257029228943,14.402417631996176,15.416905697186253,0.0
23.689560095845437,15.484279688180495,10.876991655986085,8.272626768871003,0.0
18.538354235834372,13.790047150086952,13.36085044385744,8.105268536207687,0.0
17.433485118380823,14.413088283108868,3.376907167229891,7.409267364227937,0.0
28.413611140402658,13.421741439517916,0.8990767753736022,-1.7821519469976708,0.0
21.69986737476842,11.674584396104558,-7.820251134420803,-9.435403055570317,0.0
16.820937273092923,12.466140024750187,-3.581007714943768,-7.294939573486517,0.0
19.96610382273372,13.55775971913662,-13.085450781416478,-3.522581658049007,0.0
17.154136992916825,14.234944259375148,-1.7809209551175416,-25.997480509330245,0.0
14.427953594166091,13.78993758924996,-8.698189915918196,-17.86137235029666,0.0
9.414906611309245,13.581243540909318,-7.715978787389578,2.9419599525612457,0.0
21.607919688997708,15.043145268315769,-4.879886961774963,5.290278476157467,0.0
21.4905892370265,15.169027547994409,6.95520280318295,-1.382463718678449,0.0
18.95614028404259,15.69474089553375,12.420451031549389,-0.3080406549328809,0.0
24.063873562314186,13.833275343805134,-2.580421075605228,-2.348941993641465,0.0
19.134852784998216,14.412603886471217,7.786919894118783,-5.624577206883314,0.0
19.088214537472105,14.33435486198589,-2.7869127264798066,-9.310797090194747,0.0
10.666546672570279,14.176680106887007,-9.161111685326116,1.4324791113572246,0.0
15.75554101977271,14.804025619202113,0.553885884983019,1.187983430864103,0.0
15.577217140332383,13.579685116208408,-4.545795501458438,-8.751935150739127,0.0
13.821995418409893,14.710862479734034,-12.934536894969872,45.91961573045358,0.0
8.51949819654611,14.741061190428935,-10.653369248639734,16.611493671542156,0.0
13.030285270172227,14.354965630008671,-2.274288144535526,-12.692274515564133,0.0
16.923741541945752,15.880732416659393,-1.9362426703748163,-20.520143569190864,0.0
18.1101509193562,15.684955227919659,-17.07448559686434,-14.90277499140401,0.0
19.865908805235552,14.889973679110351,-16.56743369794415,7.5035705823722125,0.0
25.82789140532518,14.29948924783915,-2.6396398925690097,-9.950201019787292,0.0
25.157381665315402,14.63713617271705,4.062434638946679,-22.44944088817992,0.0
12.186701035872543,13.444991448800135,-2.788478231268626,-25.34271568682855,0.0
8.357606816458148,13.529794084201466,-5.66446250024264,-29.270886225402613,0.0
6.881099614047821,14.416998648042705,-0.652342829666904,-4.784405104119447,0.0
7.142991497357383,16.24313940266664,1.3882957891593102,-13.787052202104636,0.0
4.075022588989643,14.71421041905942,1.7373504825693336,-9.600402550406704,0.0
3.9893199077303976,14.768112603652996,-0.583379672670461,-20.897568794755642,0.0
2.888539801457294,13.406113559791505,-3.5555483391074723,-12.140941198631579,0.0
10.955037407506426,17.630351103360113,-6.64124869054137,-4.869826096412521,0.0
3.1363804705240512,16.303384067287965,2.6226463328599743,-13.569145946664127,0.0
5.980423245089289,15.45418634408696,4.579995049221463,10.486391341504296,0.0
6.991400223782251,14.631729855471324,-4.627518948105616,8.154105308384542,0.0
11.509222976569673,13.994132344068184,-6.9439981501757515,-4.379042509513863,0.0
14.563077550830126,13.557246088060614,-4.87569125908924,-6.062590369220342,0.0
8.52431670468922,13.019678140840906,-6.387336476841299,0.1713245130287877,0.0
15.05533319891386,13.525442590073935,-11.958460596913365,12.953328831649989,0.0
12.67987245833341,13.467130314851579,-12.634546019302547,22.606175098048727,0.0
-4.828241767084299,14.90458018170097,-14.548415704213232,19.485773367144645,0.0
-9.813985919471378,15.589942699408324,3.0529115572660146,9.186118659578467,0.0
-15.371792844406547,15.700444123676546,-7.310680069712184,15.707840700139322,0.0
-14.656047382568996,15.054704922555658,-14.183526757350917,18.195412553619512,0.0
-9.951499767044094,14.635684827050161,-1.5065427920453995,10.28578941642684,0.0
-2.702088694498011,13.788087617941875,10.448303692431969,-12.465223787263888,0.0
2.1655344107416905,12.243844629831436,-0.5671890002714168,5.306200002036304,0.0
1.1973884450831411,13.127698662415533,0.35399035910919485,3.116258152569261,0.0
-11.33581447695086,11.728582600893759,1.4581853023568385,3.6776996066146292,0.0
-6.0808685342727165,13.983640648522442,9.538162331014378,-0.8443574181356759,0.0
-5.5966244392566775,16.576877538269883,7.744050325194399,-5.7928606535305756,0.0
-5.025407883095737,17.648523972045567,0.28607066361992395,9.780894429239321,0.0
-6.146694736186544,16.88721354497043,15.784213611087884,8.732187898569581,0.0
-12.388271396081121,16.347660120665008,0.1991737525427264,-3.400979121431252,0.0
-9.440762158970315,17.217565981014992,0.37326313710058345,-10.8062728183983,0.0
-18.203208130069946,14.92727742801685,7.504279451948472,5.2413281213097305,0.0
-16.31673162107058,13.306598281468913,-9.390276285168387,9.557220646769792,0.0
-14.042312069851587,16.068819809252126,-2.8298620633346983,22.193459127041812,0.0
-9.734119239543924,14.58798795440837,1.6648359921832405,14.880205616077493,0.0
1.0930909277354894,13.03817922756873,-8.096871553596767,-2.7096965994393063,0.0
-0.6349572036688684,12.940179874090447,-5.506328752575054,-4.167263670278377,0.0
-3.9669939551395554,13.512759444459736,-9.102103142242232,-11.650223772502496,0.0
-3.1454261680807276,14.90081096976857,-26.746783435033688,-3.468068599541469,0.0
-9.572428173665703,15.811778299409376,-3.728917956280494,-8.66042350190854,0.0
-3.318211578853399,16.393447810331097,-5.489628846830863,7.263751095989822,0.0
-8.349617250469795,14.547955638103113,-9.124156951264354,-5.604104664293354,0.0
0.1835707684116663,13.764417773590996,-12.816149277346073,-1.7226945061759018,0.0
-7.671339234451765,14.463246309171263,-11.19609339729427,-12.277686726760612,0.0
-0.02418233907691736,13.78116478755206,-11.706534286089205,-9.118925262360992,0.0
-12.348947031614854,15.52120721669602,-1.487855831705072,-1.7111644420235237,0.0
-11.80308131008607,15.60736290080355,0.9680777958368927,-1.2570615045651978,0.0
-17.111173949192864,16.338450390238965,-5.674014922372729,-17.967612679437057,0.0
-17.21245712377742,15.704114411803124,1.8963961895141923,2.4201025540345196,0.0
-17.358714332085448,17.777050623509844,3.543411207519478,-5.1434933927372715,0.0
1.426809376239151,16.728233546003903,2.0575986587323465,-6.5591053853332575,0.0
15.563314378642314,15.967306387415952,3.6672271682314674,-4.8415726263892545,0.0
22.343757927560702,16.347980139880192,-3.4934832148567434,14.675244312647566,0.0
15.983078565650047,15.108231087986823,9.566261583248917,-1.0071232640398176,0.0
17.498791199389316,14.755740614459814,9.687937714720594,-10.00400037824399,0.0
19.415639626904493,14.721694265322599,16.837881579373818,-8.008497879721894,0.0
15.298738762588373,13.842767522711327,-3.2161943269439224,-18.82767502927424,0.0
18.85717006915151,14.077320056069938,-10.522507765509374,-11.821078314827794,0.0
8.387975820666028,14.976819922172005,-2.5919250897371766,-7.816061455645347,0.0
-2.6045431816520335,14.476215100194047,1.365546311732987,-15.427985963613287,0.0
-5.783748012570865,15.676663015591734,1.4586819423038526,-4.799579386309058,0.0
2.700663033638797,14.558571650476665,10.340208172346104,-8.123720169865631,0.0
2.168430259534402,15.40245362445251,1.386434586261415,0.9162365831813122,0.0
5.187714841020253,16.505791152610023,7.869653671073058,0.9993992135940459,0.0
5.956541225808392,14.891873357275285,14.817417192819462,-9.104686663829202,0.0
7.954829635528728,14.771500047662766,8.951024379485663,-25.843984324269627,0.0
8.635559903763918,14.650692035040471,6.008684556619775,-15.674850300986343,0.0
5.06652816247305,14.483340360202742,9.137490472241112,1.3316766315382003,0.0
6.31947224537599,13.870452778751693,-6.091826021891322,4.6309428009488744,0.0
5.470183750238149,13.506155649333508,-7.566801399916617,-9.165496705493183,0.0
8.967998248917198,15.02194126841323,-10.368162650973764,-6.926780930926268,0.0
10.409173514589527,15.478856239397157,-9.304531145060368,-12.613305501778818,0.0
5.1330136103301225,16.090044858226534,3.977390499610404,14.222251772645919,0.0
16.39526211467754,14.189973176370213,10.159594013973173,3.814344706252975,0.0
10.018866082567978,16.082118113721044,5.688476986490127,7.2692604447749645,0.0
11.399705373572743,16.743984013981848,-6.921535917613143,-1.979833255529006,0.0
10.869184459076106,13.621910611090515,-8.614633539448949,0.04086932915668584,0.0
2.3901226455525375,13.115692505695707,-5.188179679552688,-5.090991047241945,0.0
6.392398473722214,13.78240722672273,-0.8613341795885787,15.173637992388421,0.0
2.346790896386106,15.159547657416757,-16.427510852943943,0.20780507717903252,0.0
4.338099434512263,16.706792866947794,-6.1750094325167,-11.945654851210186,0.0
13.958230767148198,16.185655953448695,-6.802391796816712,-15.728233232625977,0.0
4.029127529412248,17.9794015252927,-11.452331750960873,2.5146464335562486,0.0
5.5664838996116295,17.750857145236182,-1.2092992774965579,-15.044922645134958,0.0
-0.2860070891916604,15.831319046690787,-11.119703004592512,-11.607024282062707,0.0
0.41689727456934556,14.56589993919014,11.785374694797305,-21.448246742199096,0.0
-2.2573847335991344,14.515109371969428,17.28108802175227,-5.9420462411684225,0.0
-2.8160839314331696,14.705335851337619,0.4247203530693602,-13.588535618601352,0.0
4.113394696372849,13.033474001465084,4.0716951856397605,-10.287197601151313,0.0
-4.597323083168365,13.981069194102787,-6.859719131640768,-16.03297629734864,0.0
-6.839286698245065,15.015596056888342,-3.914975813838719,-24.970948475411628,0.0
4.177545051011204,14.129084743816499,3.1640354273590607,-21.557472034293703,0.0
-0.6311601580886341,15.723677570553006,13.594694560465117,-7.737884145322871,0.0
6.059629795690451,13.198119534258772,-4.720575682331331,-5.212877597503196,0.0
3.9915155603705843,13.503371901522232,-12.527039148546727,-6.044919039787388,0.0
7.51818773061053,14.771488016556471,-2.365381882260838,-5.825868602445562,0.0
4.910433996626615,14.118186931260757,-2.478094177572494,-3.5164139483815404,0.0
8.545078847565133,17.750036578954713,2.778693759196524,-11.121744390764906,0.0
0.5508404479103084,18.33111269097307,-2.120701884954143,-2.7089785017551886,0.0
9.806598202107912,16.37523477127369,2.2205557845465114,-8.320194883330311,0.0
-6.067864169718834,14.990152072785161,10.536186709482507,-6.551495490848164,0.0
-8.570230413964847,14.800625423307693,4.836803127335533,-7.361940581448266,0.0
-8.764366419899831,16.471910019970057,1.7546247272930242,-15.945784370819087,0.0
-4.29065051196366,14.998312063331454,-3.311819078892234,-8.845926880722219,0.0
-12.386572641937956,14.239479564704864,-13.465042344528129,-5.351701788460182,0.0
-11.87392816526804,16.708530796587286,-17.604669967464027,-21.65777409900983,0.0
-12.129685210393898,14.724055431444235,-8.626271929421533,-15.528660039674648,0.0
-16.46756786373871,17.021890478734967,-10.702136127552913,2.4092592248839098,0.0
-12.524346430159092,15.654603394348497,3.6253022124165213,-7.353870457982447,0.0
-6.974657630979409,14.83207017038183,-0.5301010825457375,-11.07404633114248,0.0
-9.13298880283849,15.631276727267123,10.921344449679596,-10.653319571305692,0.0
-12.783751714240385,14.884792604394367,-12.114882623992575,-6.086902578258757,0.0
-8.616911076121504,14.702908104080693,-16.792216694540205,22.144814689879688,0.0
-11.850193488818157,13.735308727243607,1.7145381168138822,6.965941250989853,0.0
-10.061510672028557,13.450961349180474,-0.2540361237696358,7.0579210657191975,0.0
-12.232465190156365,12.550208460405617,-4.510687158051678,7.569671592531407,0.0
-13.033224861066675,13.229579177804913,-5.668988143367397,-1.8895027541640326,0.0
-18.00573211636056,13.217420961097229,-4.601950020976282,11.008296698802944,0.0
-10.333474069845147,13.753544068952769,0.08572906116878043,-9.485775475228442,0.0
-14.294171841855071,12.907695493204097,-11.963641500875386,-0.7666373519597354,0.0
-17.919766392839996,13.752621583799506,-6.598294642381381,4.5418851787903645,0.0
-16.884390996094172,13.926367679989518,0.020075800857737747,-1.788793991878196,0.0
-25.77105155416824,16.416574521961195,3.9755462528416587,-8.99041474096091,0.0
-18.082709400319573,16.611076710849503,-2.9123292254423423,14.346180130595025,0.0
-13.539043647103227,16.72196609580722,-7.750227951331202,-0.15532603490144226,0.0
-11.031427696892084,16.091218142528362,1.1850133118660997,0.22955776059573907,0.0
-15.457037445337871,17.181610578509932,-4.476492807029321,11.220371053333452,0.0
-13.972518737103519,15.941162020840878,-6.118997952398598,4.426946446396737,0.0
-18.22338594405485,15.485034109476864,-4.256102333414919,-16.593123742023124,0.0
-13.514402371220676,15.020445505629322,-4.606247486286297,-13.13951583182068,0.0
-9.92500843959224,14.380857207357835,4.3096730709390965,-17.70952918483402,0.0
-9.680736844026928,14.788601729400318,-0.9906146666661562,-10.179889443192234,0.0
-13.517731940281983,15.119401341726483,-0.8263713176253599,-6.5647102345291835,0.0
-20.828389046988875,16.710243741185355,-2.7012789643415593,-5.261734243593088,0.0
-16.13322020660261,16.664560904441732,5.282093985461304,2.544243571203088,0.0
-15.32441200112925,19.05094115201096,6.992224646568102,4.334817124408534,0.0
-18.523320239644807,19.190462373909863,3.16766564400048,-19.639561184755156,0.0
-17.069547311481305,17.81667235728925,-9.624756782760699,-6.514242100281465,0.0
-15.818477195178057,15.88269950135036,-4.936509493478729,5.811806975783625,0.0
-15.345602914176904,16.829196589480052,-11.688574859226481,12.461829029794618,0.0
-19.267049555859717,15.264529303566471,2.6351696179587396,-0.4461284730664916,0.0
-19.61239841653573,15.457364164735365,-8.903012515077226,-15.624765673634663,0.0
-11.968759102566377,13.55456874284106,3.1287793741952736,-22.281291350046875,0.0
-11.739299860280191,13.201780101624752,10.13163174265025,-11.64260632016442,0.0
-16.142073685931877,14.361214621347834,-15.681937543810598,-9.16353730422985,0.0
-16.48966708594621,15.962419606960095,0.4076746505181974,-17.220767301267028,0.0
-13.833867331385823,15.195965548535215,6.264533185754091,-2.6892031478816976,0.0
-12.572200884784074,16.138058331060176,-9.502959893994387,-11.538798431906018,0.0
-14.029481505918291,15.368495598017427,-12.17640741562739,-22.18473561145399,0.0
-15.00718484824595,14.220520542491899,-7.1668919711385195,-13.834077261878527,0.0
-6.2508611002730845,15.373882882613897,-9.553535870688995,6.2007225200147875,0.0
-6.634703222834469,15.852547666234255,-7.366113995317386,-7.110153715476018,0.0
1.923709054655458,15.698683789927886,7.201240660842097,-15.00440710473827,0.0
-1.2982298251908482,14.572443730425988,0.7764690724197387,-17.032526639755332,0.0
-0.9995067137375733,16.64115498338496,0.4360928862590663,-33.23441427335431,0.0
-6.048126676652579,17.757329718563366,-9.471807679946501,-28.63768682436773,0.0
-9.391594423366438,17.47771449052737,-5.627326142042082,-14.58661830643107,0.0
-11.222352730011929,16.534467812126906,2.263552603945934,-7.380615492641481,0.0
-8.650855914022134,15.61018537477499,-10.862009148952085,-1.752923109682658,0.0
-14.173716641857988,12.645490914097232,2.1807101644045637,0.38362729405201534,0.0
-21.135421337994554,15.578420678090247,2.7234404646003063,1.8303300092587511,0.0
-17.858945962573237,16.614261756300728,-1.0043291143921362,11.762974333641948,0.0
-13.90727148590512,15.200401609502086,3.594059851991605,12.701682572679045,0.0
-11.475662858619515,14.4717858285595,11.244027140974426,-16.809657328876526,0.0
-6.590438804621818,14.574363349524203,13.509646527522019,-1.9208986366397847,0.0
0.9788844887302748,14.86826090180565,1.4524084348957396,-6.596993823267802,0.0
1.5902592652734668,14.015268693285387,7.5940929043866765,-5.569570403715073,0.0
-3.1649475169234353,14.886028083463144,2.8812135050465764,2.9476146787305217,0.0
3.0387564370309414,14.378487526407422,-8.755423128317615,4.892578068072526,0.0
2.3523310361489673,15.331896090767506,-6.241588845507664,-5.903016170683322,0.0
11.821591165155713,16.223874352340694,1.5847461235431024,-10.227044596127561,0.0
18.68370212962573,15.738000839514278,3.874489276377165,-14.139116300149336,0.0
18.887372883297697,13.643320794913873,-12.096870178954,-18.441439714629837,0.0
16.283168943281723,12.444525081509342,1.6639376132407204,-5.272775830245227,0.0
15.802195361399122,13.150651818538432,-5.718109621430337,-1.9265075144702282,0.0
11.641669109804667,14.027387352986358,-2.9422734934490715,4.933397981621563,0.0
14.666209779556796,12.865098270088032,-5.495880318220764,-1.313840108744171,0.0
19.65871204368552,13.685820867645674,1.3080567301086068,5.875355956862881,0.0
20.334708740076227,14.597573575275423,-5.465462348496029,-7.003907398747975,0.0
21.084157012115334,14.659116861850624,-9.466750074482912,1.0748423337987405,0.0
15.118502200248624,16.347657246089597,1.02377191200017,-4.4187122816247815,0.0
12.141746269104196,15.220073359874394,4.930849842287506,-1.626950108694702,0.0
9.431071573569248,14.325538460517015,9.660044715880076,-2.9814264511265165,0.0
14.589555368875788,14.7996051976084,-6.882657870095538,-4.37446695079911,0.0
17.509013902729713,14.882156596949681,1.4862727730053686,0.040246316061434584,0.0
18.304431318172433,15.78989202413275,-4.796987954726589,-0.4536766351973682,0.0
17.2811533379507,15.72762337854587,10.198875867395063,4.892693334798517,0.0
19.139610439539798,18.327693822571682,-6.694260117913611,-10.15192163989952,0.0
16.640197703121345,17.640777643573788,-6.098102961850702,-2.7667495887213813,0.0
15.098858231071311,15.746087248015186,-0.6433438047275386,4.575260863851559,0.0
17.371357483173114,16.505876106681132,-6.72684327487145,-2.5587221497749804,0.0
15.416746796550083,16.323348414967484,13.792899320791006,-2.1781536243024586,0.0
14.318960120548724,15.13250294099362,16.32268199825926,23.20189315988104,0.0
14.721502755536083,15.023130040067018,6.140074487220932,14.046046724496208,0.0
14.620277867046493,15.472372861424478,3.199927303431033,2.2913962922638706,0.0
11.406344729657587,15.778782997621882,9.480551599156087,7.23893324159706,0.0
11.464901993836781,16.94228033177624,5.667930173023885,6.357160779826484,0.0
6.697110352301843,17.908307612046997,1.3818335178957168,4.874819193014142,0.0
6.312003808002672,15.67471261611565,1.5693016500111134,0.6947861757507606,0.0
8.345680638762571,15.319318159108956,8.486308918370867,6.5853745033580715,0.0
-0.4597836526604735,15.804665762308712,2.0368885591564814,14.36591804694592,0.0
-5.014669434256397,15.545884122759603,2.0645568197270734,26.869528491390305,0.0
-6.081545206753842,14.055748493690288,7.315330328892643,6.830652997298995,0.0
-11.397505832882539,15.212249528975912,13.848409159507764,7.1685904655333115,0.0
-1.0028732963172802,11.004778626864471,4.000128451491027,13.607653434778925,0.0
-2.8087163456750153,12.610698484934616,-3.032472677254334,11.838268793238527,0.0
-8.667008055911918,13.951288782093496,-0.8406317179613101,9.669851256126586,0.0
-13.90267926621205,14.954801342061947,-3.4458113359302285,11.82994836566599,0.0
-19.85424416132698,14.343488228205242,-6.777615179773352,11.10981740005324,0.0
-27.68157338734257,14.03330176063913,-4.825469079754191,15.122373037413272,0.0
-14.599998837589297,12.644735810695769,-4.119365716450885,10.072613323138798,0.0
-17.803012394571745,14.777551602633642,8.932433254785563,17.46652540189546,0.0
-18.243747197023094,14.382086910388379,-1.0814013517985572,6.902129638720005,0.0
-17.161195095028162,13.837998430152167,-7.730002745013917,2.5583892235536254,0.0
-8.306330518839868,12.420138513201529,0.6445186200252615,-10.072651132345921,0.0
-17.066346141898048,13.33287564015593,-3.6697914886212173,-14.093566634606617,0.0
-16.724513231594404,11.878944410471668,4.123399159667782,-6.239772050665948,0.0
-19.026037648105795,15.033405454446068,-7.847223327718542,-14.864483306544187,0.0
-11.304774877373294,13.452119116143713,2.9787139190022094,1.7173245204966436,0.0
-12.29031286256168,14.033874938170959,-7.126523419079508,3.9547910706925467,0.0
-10.663106536582369,15.551937445021917,-6.331926831354713,3.5098937236406105,0.0
-17.72428204977468,14.97364099537633,-2.5337564629477147,-1.985903247688248,0.0
-9.839982672733115,15.692903339620996,6.191441510738948,9.746571883409509,0.0
-8.088693068785174,17.092537548611812,-4.498293311724037,0.3002547975176153,0.0
0.08439039859497566,13.50035167985453,-3.326459343039856,7.772024340127252,0.0
-5.819295797815114,13.259090013779167,9.850574042989406,0.896813692938133,0.0
-7.08840613998749,14.577947235932337,0.024345301925034035,9.768924193887102,0.0
-8.971696119454155,14.697571972705013,-20.840921710135326,-7.015474040375561,0.0
-8.488142139356512,16.1419411173702,-3.986265685896937,-19.52515034371174,0.0
-8.542259325967718,17.42903672203879,-7.422880401815496,-5.24751273573383,0.0
-9.81871479568653,17.031619635030495,-4.951268951969301,-6.887747696680998,0.0
-5.625801509547636,14.972441499723745,2.205642746455371,-14.268579422908411,0.0
-7.177276243878065,12.940111094532378,-3.812524488858036,8.925199610761725,0.0
-12.532706291355955,15.568301323247653,6.154279096877431,4.447787726063894,0.0
-13.595007795313139,14.676325022726207,7.804458558566694,-0.4941467415020733,0.0
-10.78381408175554,14.967548123454534,-6.0044628718650594,11.872435659039416,0.0
-6.072550447609511,14.530185321184213,-5.2952221540081155,12.520492949443447,0.0
-4.137736329368656,15.623386787198642,-7.857953646729457,-6.946866372454006,0.0
-11.892309582218122,12.487368889885555,-11.882048158861387,-3.3064996881481243,0.0
-16.225363212514587,15.298361442408465,-22.44705189710134,9.463815899643858,0.0
-5.268996922408087,14.867784369380235,-11.91802663248625,4.351912065027533,0.0
-2.089612304179254,15.311257009480551,-1.7575971401059869,8.609866037363293,0.0
-5.066657802295455,14.461162724334596,-1.290345975394389,-3.066745531457118,0.0
-7.300724112200383,15.73843745427003,2.0962465276624487,2.346757818295989,0.0
-12.613114720394622,14.510953788193078,-3.2130428923424095,9.461257047755577,0.0
-10.467765708545112,16.361996366357516,-5.277085490645185,26.86400117743738,0.0
-17.233926553319158,15.00882285903935,4.708604757101275,25.499706033439683,0.0
-13.435376101111256,14.72072936678918,-9.156316431847625,3.4724586517603333,0.0
-9.938887985977534,14.990044871306974,-5.17425673698621,-0.14260517907946335,0.0
-17.17329773821113,14.169934395204557,-0.598624769171467,-7.9638827604462135,0.0
-19.470379108356997,15.04750639671396,4.076219869327829,-7.169768719378708,0.0
-18.818323132855703,16.34917839200295,4.986203115638047,-18.32352766167528,0.0
-17.453787683641412,15.179236095420475,12.595033206321656,-8.9846318468887,0.0
-21.356054009385826,15.091276989574359,0.5760838555960146,0.31001690220825306,0.0
-13.475915550255365,14.416472713952626,18.88897947944473,-3.3723765838158224,0.0
-9.5683974009394,13.881485550632847,14.891575242159462,3.080347287520459,0.0
-10.354804635790344,17.41624942276969,8.454830783474156,-24.051837905686185,0.0
-14.637829070496196,17.058311576630338,1.889211572176269,-42.67887232085247,0.0
0.567401929441044,13.505875527330046,2.288350488637663,-21.93378808024766,0.0
7.343051040318964,15.671695112956757,1.3471664048551344,-2.9457392628880044,0.0
17.000778717738484,15.959578235707896,-4.83953910351126,12.77692060748418,0.0
24.39581683854118,15.481619026769005,-7.397620438224283,-10.157471705155178,0.0
15.327736562143215,15.855338597018264,-5.595411376699399,-4.276308971996453,0.0
17.17939458562775,15.67032195497403,-4.361386576941999,-15.309276353317,0.0
9.056555627391994,15.351284942415496,0.6623932679572637,13.35967552520806,0.0
17.488690822627532,14.306044594193397,-1.4816647099724296,14.264153841245944,0.0
22.197348856619193,14.634293945710834,4.6109953370904595,13.781789245651844,0.0
27.576341233616574,15.275552911515637,8.90987579056081,-9.125548610347787,0.0
20.552575768134286,16.569974898528013,2.831309375333203,-5.345670001588628,0.0
19.895384710014888,15.768817424708379,-2.8238161262113595,2.694893593396886,0.0
18.75518636850746,17.42479435628954,2.5189538411237367,3.108419119265875,0.0
18.56911728335598,19.094231897640714,-2.596029813490354,-5.494085556132024,0.0
10.482350354351158,19.095079177549806,1.5865487369607436,2.53654465917932,0.0
5.225058103111545,17.016701282076827,-3.255760130377795,-18.990867719062994,0.0
13.32361966659241,17.349304342295618,-9.647805334144914,10.537753241597976,0.0
14.712128561817206,18.041606928842906,-10.467635791632114,4.3732358919109116,0.0
14.162975697560867,17.43627449814033,-1.1191215019467673,-2.7148401062261467,0.0
15.55335999907645,16.461743082965167,-5.355339084293904,-5.728657581133992,0.0
21.1230578528681,15.631751938171575,1.3268669227875847,-5.7624078725006065,0.0
23.038282390403147,14.267243363382232,-2.2505722054747905,-14.701804512906676,0.0
14.933429822051739,15.00567615745127,7.284366711174206,11.802870192960649,0.0
10.084104799988982,16.747706404201764,-2.0050738716373435,7.568560623873367,0.0
13.918530660167187,17.529908371815594,-9.551301996353768,6.819142441758219,0.0
11.589052267812296,15.95642794431984,8.148747405347638,4.606038318634461,0.0
3.9694310480126322,16.552238763911753,2.273966109881086,24.18791522723756,0.0
10.432442712580476,17.572374990322835,-1.9054145199771204,17.399706549757653,0.0
7.6648094507009645,15.052231135429489,-0.3317065767912646,15.367064682544346,0.0
16.36923406564391,15.672209720423613,-6.335382073594269,11.133928790253893,0.0
17.86071700873554,13.160788194112579,-8.745037791687786,-3.288036721138974,0.0
14.54704716101835,15.279605337169125,2.367634084332567,12.513983822733033,0.0
20.18706507728312,13.582115288284625,2.200308373219834,7.0585912356617975,0.0
21.048672308166758,13.258177382045979,-3.5100953769376892,14.276788549523639,0.0
16.96398844237301,16.676463294146508,-6.834519886675099,37.167329362466766,0.0
14.297919428165002,16.729013585018922,6.788695027451504,30.42753946882288,0.0
10.575004728176715,16.443724144114814,1.1218483895149496,15.09009749669551,0.0
12.07898421161017,17.121664927094393,-6.148450845324329,16.155016001368438,0.0
12.97218271590927,14.968579809610919,10.017185326382485,13.46359475201166,0.0
8.967985576933254,16.227665734303127,9.001213878918142,1.320387645110321,0.0
20.164990048106585,17.08166037966622,6.887073392523528,-1.0590673595024542,0.0
24.896858394598926,13.995857956800466,0.7862307428368611,-1.5327982888726375,0.0
22.950665578433096,14.551238717199107,-14.827457849932872,-11.578871674146669,0.0
21.643823674003688,15.023852284351427,-5.219197798820828,-4.4890633690632455,0.0
13.279499078794435,15.475489136261928,-11.444322016904145,-4.670209543694956,0.0
20.128051179000657,15.926718935011767,-5.446639605501751,4.223515863544338,0.0
14.37986901176979,16.28763909030965,-2.6614174409373477,2.7573400731283195,0.0
12.732753027108384,14.209803063344019,-1.8564093138580084,-6.216555908740318,0.0
23.594707536520083,12.586501920027327,2.2367842907996427,22.02537096119399,0.0
19.901766989040492,12.996362435236847,2.1818490498476883,31.529983057558223,0.0
14.51981328972064,12.583173437564117,-3.2982383218439777,17.119496317855727,0.0
21.463043390876265,12.187874319387392,-1.8688900278115201,29.747583575793378,0.0
29.671607008219567,12.28145638263814,1.3534891769461352,11.926112224361727,0.0
19.060655715080717,13.621382224064925,1.68713444530003,-0.813324870973732,0.0
-2.130400979197838,15.962976216339625,-0.3987332180454004,-14.921536980633093,0.0
-6.310440166238858,16.05743098546155,11.852013232346343,-0.49881524730615645,0.0
-5.392358319393012,15.534501512767196,20.363495994441674,-0.08184746409232746,0.0
-13.85482555147487,14.953549548977572,-3.365399953539452,0.12922358611258744,0.0
-17.654592200201115,14.63680640859104,-6.20028238354908,-8.595421941071718,0.0
-10.801168529494563,15.131745368321408,-18.31783150099345,-7.156378987067431,0.0
-13.146251026624657,12.651988660883404,-6.134381715200675,-3.995134541529712,0.0
-13.099080252596528,15.167991249087557,0.3961163910893666,7.66523531118828,0.0
-7.924629406946368,13.718188270340619,4.622489433349177,26.463318562321046,0.0
-13.678380384756204,14.72328101930266,1.332553631355847,19.67928915468432,0.0
-18.935103483072865,16.81672658262008,13.243289611027436,3.643337139709061,0.0
-11.74022923418932,15.409681859718138,3.724191119174179,12.648829238347313,0.0
-5.782581385440017,17.447670549023265,3.0274218063841136,14.64225271817098,0.0
-13.40712873466454,15.870642548104277,6.473216756399905,5.033455297314717,0.0
-15.58991023520129,16.255473248035017,13.758436531391947,2.9493414490145833,0.0
-18.91429546768526,15.41823325964657,14.552497705695801,5.728821061509702,0.0
-15.247998586938557,14.791222621903318,2.8179606915834716,-2.5875197075170746,0.0
-20.35509403964391,15.832351892358451,-3.926028935361382,-1.7929472744861206,0.0
-17.431908322712726,14.923006320202992,-13.628472717417477,-0.1557244246578664,0.0
-18.562162907739076,15.99995682426729,-13.445444212697389,2.902520775034618,0.0
-20.061021231924855,15.738737083844379,-4.026427789907469,-3.4376590935237017,0.0
-10.222914067948278,15.432161703649534,-9.126499176521644,-11.422420254634792,0.0
-9.648675890043634,14.590818019168138,0.9979814492936008,-5.797239449730085,0.0
-17.29573907298561,17.169621729380594,-1.1536034166620606,-0.34887733330067183,0.0
-12.169026677646862,16.66279571676493,-12.80099930711445,5.738414379127874,0.0
-3.5921136505643627,15.880309499284133,-5.1722803249395,6.557321565808721,0.0
-16.244895356063058,15.442749598028973,-5.536396695496834,2.515657355743408,0.0
-10.851921478716193,15.655640508304344,-0.7543115694387338,2.889634205664878,0.0
-13.953258379203799,14.643272006874064,14.373795045907842,-9.514007460776355,0.0
-9.767051926619157,15.41781705559417,8.597369135242774,-6.740791594560819,0.0
-10.03291579315094,15.200860702908262,3.05626006436807,-5.949287445080897,0.0
-6.3857298432502905,13.908674107586734,-6.579248468226886,4.7251557889676175,0.0
-17.774783551636805,13.961052698224622,6.2456701933643926,0.7390270994511081,0.0
-18.177532585392925,13.079221987370865,2.5107574868667353,-2.574094247499853,0.0
-16.995174675110402,13.479831594514787,10.870923781204917,-11.112753066321858,0.0
-13.121148230870952,13.01461036448607,6.083226250130522,-2.3888661707115517,0.0
-10.663671649336603,14.510751534666092,-0.768286213003774,-7.337770215725982,0.0
-4.743568942279774,15.929835395516077,3.8423735701061132,-13.534642363885805,0.0
-2.9198960241277714,15.795145319890356,5.372898251728685,-4.637678016207045,0.0
0.30871242117954356,17.227287300670252,-4.266522175870841,-13.486686509779394,0.0
0.16978185740524054,16.84269362547822,-10.31741784516906,6.2116904593063875,0.0
-6.799714096272663,14.825913723841017,-1.6303981208260054,2.048424677920238,0.0
-5.3048640665006435,15.874074884693345,9.879049267587682,12.084681553051885,0.0
-5.1566469710605105,15.576468983577879,12.139202097633504,13.75532694538052,0.0
-4.591584358879526,15.013674430248455,19.867856500487875,15.389286604094378,0.0
-2.674373568095376,15.964059906568146,5.529771356245581,2.1877229987925224,0.0
-7.551977139512466,17.646137374245356,3.6561065889063906,6.6090489740721505,0.0
-11.200268087765274,18.010261000649727,5.879995463614498,4.561976922582277,0.0
-3.0668732603593085,16.779491981979607,0.9901596212992817,3.1843742253495617,0.0
-5.33292395677055,15.837902577559404,-4.480337398792812,-10.049983592012584,0.0
-7.940138408096753,16.87664087471815,-7.8293379780151025,-8.317508743160056,0.0
-13.164310677312242,14.3831001597326,-5.5876461047721495,-3.667610505741984,0.0
-7.694070677422314,12.81103693320029,-3.2546947769701546,-5.057265905946686,0.0
-13.67184828654061,15.25946819597285,10.120444410905334,-3.077711788856807,0.0
-8.860358224443885,13.968889202659508,10.161712715346054,-8.273182020420386,0.0
-7.156256405575443,14.476394280188083,7.662379212462376,-0.723865076076966,0.0
-7.175499131009214,15.085301936951236,10.18802539334525,-22.196511390965036,0.0
-6.7997432436999325,15.406675836954195,9.893059088733267,-10.88094262227976,0.0
-6.034648179709267,14.199252992548075,2.118584890950296,-8.537831278882175,0.0
-10.35272564720941,13.536427590525244,-13.633048845231766,-0.6399879159314024,0.0
-8.371223060757087,13.760596086759735,0.31801218675151866,1.3908819088834923,0.0
-5.109297853622784,16.310697211125387,5.222114268444413,9.115847093838832,0.0
-11.477169339074456,13.996485997392657,-1.7363704488971763,3.6450710776652917,0.0
-13.329991196026688,12.986207387424795,2.0204470795383336,4.173813588502275,0.0
-11.394167622903385,11.274755799095985,9.33549313559326,-7.629454463280505,0.0
-11.403925944073926,12.937631514680268,-1.1858102310547147,10.998173531056956,0.0
-5.067563879332253,15.23800384942992,2.4728400793207532,9.112860517614944,0.0
-9.557143055303117,15.797699795408727,-2.5586422769569053,-9.74257143888088,0.0
-9.353507797173947,15.101153129337874,-1.1865773042174963,-11.499808607374625,0.0
-8.296747056486229,13.894217950370342,2.776685367468506,-4.17735354973259,0.0
-11.700998218936654,13.151869709182176,4.523697976504129,15.446679721129183,0.0
-12.343516005942032,15.400171296346182,9.634642145869481,16.4068507048307,0.0
-19.342217095857237,13.554805782585177,8.866595131234153,3.3915987963635654,0.0
-8.397170000946549,14.692036957750377,3.4349125847556463,-0.27342020313156956,0.0
-6.918948574218003,14.111198597609883,6.276933527097421,10.26023012181724,0.0
-8.514049242568335,13.38151473229842,-2.3419781531800736,3.971733056838323,0.0
-13.655155121474172,13.339189069815827,-3.1814171876466677,2.4636411017002793,0.0
0.26898068858477764,14.862921625143768,0.5396831406491094,-0.0992934244495105,0.0
-3.4830279329633655,14.80616715987106,-0.7259679774372807,16.282098995755867,0.0
-4.834938097613304,14.278514890147656,6.846197737147077,-0.2343042745827626,0.0
-12.221183325701826,14.977184888280279,9.45997736831554,-7.130872570530251,0.0
-20.23736887076921,16.47728648188451,16.24514459960371,5.296496655631428,0.0
-11.196145962732217,15.691295700911033,8.527554708575154,-13.29707779521043,0.0
-16.344197679274494,15.762937546867484,7.349476181242734,13.008216143097469,0.0
-7.322999484911081,15.965525155224125,2.228042406309477,0.22298707704646858,0.0
-12.02073599189823,16.423307617794304,-2.044711225605641,9.010549382752027,0.0
-5.98192089721304,16.95373189884798,-7.574326516450325,-8.104763631741866,0.0
-14.926059349456695,17.609289043603056,-12.09275038395328,-9.150733605760086,0.0
-10.897451127455863,15.169661491871508,-2.0123358153848807,3.698057783793952,0.0
-4.2537369762493284,15.027739077547366,-2.506804480581857,-15.380107087330511,0.0
0.24939018041962413,17.030321750778594,0.2961035747746077,-7.781706328224338,0.0
0.5891760238260653,15.11113291858795,-2.148290271663421,11.037536603203714,0.0
-0.3091649786844364,16.458388287821784,4.44116405148792,2.679298679307349,0.0
-6.973256530789531,16.051512396394767,8.705855481434208,23.483670304658485,0.0
-5.620772100494569,15.271972620312711,-0.08132713752235854,-11.350189392477077,0.0
-2.5927681109680325,15.56031861756608,-10.165626278401472,-12.46428159637326,0.0
3.100739551992472,16.198692101619994,-7.2722062855664,-12.530781189328115,0.0
9.961685097883846,14.508727779712867,-8.398864247093162,-12.024175016244275,0.0
14.824544357960843,13.574135616720017,-6.877150666916085,9.760580436274893,0.0
20.040173502562173,16.664179041929135,2.879927272829113,10.609022717161096,0.0
22.627107985697172,14.712947854789785,13.217926968089582,2.7132349952974977,0.0
16.01207317487009,13.865535229008405,5.543034704593159,-18.589612314340087,0.0
18.151231423802034,13.8592478252261,-5.648370076713958,2.9866288553168747,0.0
13.324517174397535,14.23836644200819,-14.82882469353138,3.3005074728329733,0.0
3.7511277246605204,13.199108768736483,-7.956696704870259,25.224958419332648,0.0
2.7301029660806706,13.62114211981785,-11.924341497054183,17.491951616204112,0.0
-2.8308928922347096,14.80450218452272,-19.995854807037045,8.568774753570004,0.0
-2.0332396189822575,15.68916131648347,-4.485985209406641,-3.9567768024574645,0.0
3.0634548684206573,14.524377004227393,-6.9205686854736745,10.770613891407072,0.0
6.134531150745124,15.142418581835743,-17.889024790815785,-5.784131260004205,0.0
1.1466061023797751,13.670280370524512,-18.82547291565568,-23.371498335722865,0.0
0.09278467451514016,14.81108145191537,-11.79065657085049,6.598986622763141,0.0
-6.415792555821755,15.04330375395006,-8.120098382036058,2.48132495545489,0.0
3.804088941796868,13.87738867534016,-3.989658211064288,-6.891546805900578,0.0
2.5002588983997027,13.877051775704327,-10.44307780353275,-10.598257781042811,0.0
4.568990681310461,15.015686548249963,-9.333745978706412,-3.8400900362174135,0.0
10.955407993275891,17.599694927992044,1.1357980809340433,-13.418066465061184,0.0
1.6488960407586397,16.543682980437254,6.289356203692351,-4.1738835932088145,0.0
-4.774527294197714,14.444358765441065,5.927820814423601,-3.706609254105616,0.0
-4.2649520767654945,15.181634612021591,-8.339295186571384,10.22096462699427,0.0
-2.9561410090514375,14.531965406249595,-8.65204229160431,-14.058987223189682,0.0
4.169948497195246,14.365658739969843,-11.016328223458276,-12.624348140933293,0.0
1.7225434958765504,16.30071613788487,-9.343898405230114,-4.573111429528195,0.0
-2.0382710245102458,15.457474662523092,-10.69971062548348,-7.495892292830209,0.0
-0.37889624444891595,15.020510183044982,-12.92702846484006,3.7339945675447,0.0
-10.90373170172906,14.392226009160568,-1.1217123276123107,-5.787259236641191,0.0
-7.307732689854228,13.879984834232816,-3.997413380479756,4.264258412253459,0.0
-0.34966853462924463,15.463740244373586,-8.13131923245181,7.267945840368268,0.0
2.9611439197999125,14.489624370148707,-2.8621583787331053,21.875042724560178,0.0
3.0190958529531686,14.579884620564021,6.608060509054921,1.824534558561691,0.0
2.2179897055170033,16.700231166193333,1.9858698803416763,-2.219186256385232,0.0
7.00984919671728,16.75512944716766,-0.37844074332971367,20.48235000068373,0.0
9.520206120776555,14.838384209975278,-9.963710656122824,24.81444475839857,0.0
9.640725237863004,15.310856649844142,-4.81637840310249,20.85896083378627,0.0
5.882907381878075,15.110404314893213,-7.024540418831473,4.6431232579009585,0.0
9.38210947802188,15.982910045118263,1.325662097363524,1.888151208087578,0.0
9.115364024489718,15.401746484679418,12.066793282325413,-6.854345651929597,0.0
4.718411361760468,15.672764342699075,2.285056132687245,-6.795340208408565,0.0
15.818267454910178,15.94626240085824,-0.5161156038158274,9.212277799268186,0.0
13.138297430897232,15.142402899547568,-11.073290179100892,23.59512191227902,0.0
20.82057573840559,19.120709659982875,-8.755647266768474,31.03715184239226,0.0
21.27008041142698,16.213967709360034,-12.749884237866246,-2.3997543773930494,0.0
-2.6755600449993393,14.97944283435658,-5.37019805965978,11.230193961051372,0.0
-5.144854729698224,13.491686379568367,0.9967458331857113,1.4559057502136152,0.0
-12.70291485290107,14.387747858091444,1.9519195421028062,-4.454971636495432,0.0
-22.203842397002898,14.827091199338193,-0.8070181988158255,-2.6477883691613173,0.0
-3.649383913002039,14.293707859813537,5.342097141621627,-2.5365144811868676,0.0
-0.661570522364556,12.517088638818317,3.2800703390909955,-5.500028391992237,0.0
2.827992661748298,12.525977342029732,-0.6878216060346142,-0.7649365004945127,0.0
3.813435731172045,13.942014175215286,6.535651036543335,-12.82895914866619,0.0
6.453171738449715,12.493099881469696,-1.8880811164323594,-17.661854368838448,0.0
7.120975839871477,14.630269177621592,-3.5238812692076085,-2.5457282125646783,0.0
6.19423535584639,14.16093378540737,0.6723822850026901,15.071921827646694,0.0
7.817213658546133,15.287822290788421,-5.428731226452177,6.487621589942533,0.0
5.262816219937668,13.352157650937968,7.750226114502221,11.795725634319226,0.0
16.137206795078338,13.732178254006499,1.7147026997508883,-9.232926719825137,0.0
8.490702050229324,14.84210733496732,2.719715074085233,8.818884914948804,0.0
5.298118895631424,16.04750662106978,6.745209566007919,3.590234778335231,0.0
2.595540775955615,16.925569444640118,1.893745556646256,16.26787262866888,0.0
10.216990187757604,15.729130277867824,-0.8392403889435508,0.8741843850795417,0.0
10.677666042189381,15.738957513984344,3.8373942808000017,-8.722263383572443,0.0
15.888443150554423,16.796197587045267,9.681250929416844,-3.2706824642991057,0.0
13.803960822219839,13.860922443475925,-8.42009790170021,10.626485184572282,0.0
10.643067062098218,14.718385173241584,-6.093317423454572,5.419236902250025,0.0
7.185269177801451,13.608450318873182,-5.947585344856422,-2.8799268140234187,0.0
15.899321750085972,12.31234253668223,-5.423956396692018,-0.6308062009206847,0.0
7.586112868986328,14.691042788105177,-1.4669371439404255,-8.012017617655491,0.0
0.05297525794947422,15.181913070887733,12.886309686343393,-5.441319616114,0.0
1.7794795188289276,14.572975717786726,13.825649620612413,11.831028491237687,0.0
7.226553328129706,15.071913107024889,11.716631847008795,13.923838610129277,0.0
-1.2588293883663466,16.21196939201141,8.46715229919491,-4.000385223573075,0.0
4.193561402533234,15.577474874796177,-4.360787663735699,-2.4731452313820252,0.0
3.6153191789701813,15.416049768896407,5.862652056089094,22.152670617076694,0.0
9.308117425957416,16.010970373381284,2.065720999634734,-7.496639294371958,0.0
8.958693416295691,16.194915103623956,-7.989962003435006,-18.679638759095795,0.0
3.216412869582606,15.882924994900836,-3.7284302033088705,-19.667693980699536,0.0
9.117030694096183,15.931689908856683,2.2038130632320954,-5.396980341869455,0.0
5.488490630336432,14.719229619437408,-2.879643785702698,10.85783938852494,0.0
11.470348709688736,14.566524394651147,7.401451031827956,7.770029161302205,0.0
7.138391171635247,15.151627452680085,10.440929874719897,-5.221667087063284,0.0
3.6485587054248434,15.017311630302817,12.341696111159285,-5.261720169378637,0.0
2.4271779161492084,16.874399580884628,12.451871562938619,-2.1082237189674005,0.0
9.688285870138248,16.182963576298878,9.570801583049189,-3.3958341563079433,0.0
17.452241975493536,18.686113239043234,6.391030603460752,-5.163450143886074,0.0
10.79244343069593,15.927486151957144,-0.9954277872715154,-6.339353092516791,0.0
11.677042993701695,16.117220657633027,1.3430222330324897,-23.102799763031754,0.0
8.599325584697013,17.05492665432031,2.916613308840151,-14.092301729035837,0.0
4.833745776423076,17.22899059765518,-4.071843425173422,-15.553633995856718,0.0
-10.822571553633214,16.663235182674768,-6.722123093600185,3.960894813307337,0.0
-21.139135515651123,15.654587492052325,-12.091366926353249,4.094989642002374,0.0
-21.086688676502312,15.599514796468881,-18.332801170524068,27.275260285406283,0.0
-21.008633608589893,17.444052783812204,-4.484661428334507,0.2722058991919236,0.0
-17.857685995882484,14.76969750723853,4.038522936314996,-10.923240545090287,0.0
-24.385344237139584,12.845772340110562,1.7668298535970055,-10.68107619940765,0.0
-1.4732986678288658,14.285535386798182,3.42058450385331,-4.075585660172143,0.0
9.087848499898396,11.860199039719761,14.186514472694892,-4.439751534261448,0.0
16.223246478459416,13.393776778894841,11.991924191267115,8.498329669950186,0.0
21.246516078795935,14.304240161901372,2.832038302983774,-6.573047721578228,0.0
20.808105831553462,13.792967953833433,-6.640275033323963,-9.947405222457618,0.0
17.277659726597246,13.976998112198222,9.361161013395511,-2.84460411824307,0.0
19.374599684324004,14.163892457782222,9.470770787770217,7.801104641533654,0.0
18.284776516358612,14.033083015240965,12.50874145661662,-0.19591145625961826,0.0
12.300502494989749,14.623576539749083,4.004365167377315,5.695565283955164,0.0
11.153278390979832,13.2194340092304,-7.764001566759681,12.004783084477223,0.0
14.759631399032838,16.06985385506216,-7.131734150139377,15.880001606097734,0.0
17.720940143870997,15.23085200978121,12.817823212516315,17.762998539730905,0.0
17.83485287941667,15.000043119979543,2.6987799361148426,-3.6933018543290093,0.0
12.858880306076468,14.312457649488003,3.5065234513104704,4.404829949904336,0.0
15.626067018671637,13.64655668334973,4.094720451733868,8.416003016486187,0.0
18.255750442149044,13.472079476174905,0.36629498480153677,11.546575547685327,0.0
13.302611083134021,15.109833300402967,3.606876527377676,14.120014158178922,0.0
11.74470054341048,14.479305483047906,-5.027526178099599,8.750226755154475,0.0
11.31763611254793,15.282502099969797,1.805216342442904,9.879515127470155,0.0
14.257952390108304,14.767549148588449,5.902518487943453,-5.919519325935257,0.0
12.253270691306518,14.268165380250382,2.398910988171382,-9.632871955122775,0.0
18.023649791127383,15.772612886157725,-8.046294996324706,-6.283785967054074,0.0
11.715242298844366,13.804858198708276,-6.254061089272465,6.821194862714207,0.0
13.390672315498541,16.022459535678202,-10.052758334045759,14.85646513796529,0.0
14.493548319910436,12.861225307533875,-0.4359416639493978,-0.27826294074079705,0.0
20.667143856573748,15.158627307194312,13.794879952866982,-1.9343247936604815,0.0
11.255267429358074,17.446913797060162,4.822605537752333,1.348806370157405,0.0
12.648862932565782,15.178223279285099,2.040195617300909,-25.36642878315958,0.0
15.619603343170239,16.695396471209094,-1.320025183142409,0.9634771032546094,0.0
19.5307001839004,14.74851176465399,-2.322886944292933,-8.334133291630437,0.0
27.786538403028608,14.303635195684137,-6.453346651006042,6.332565319633578,0.0
24.855543931552,12.924693524612367,-15.494823132706054,-5.762385590624678,0.0
14.632657660037848,13.775331663520873,-8.385357933243132,0.0780045439598549,0.0
19.323113133726686,15.813798076237823,-14.893732264699537,3.9158585040859872,0.0
13.113269642680958,15.473339081238906,-13.627759966611878,11.558563554107359,0.0
14.05163099085054,15.682533420557835,0.6837554548674283,13.183037937472857,0.0
14.809272492821465,15.760208968701118,8.577763974966835,10.84234299169925,0.0
7.642408630785232,15.316132037474485,7.607894170214905,2.360174257501642,0.0
18.806770588971617,14.74139619489681,1.7546108761200214,3.465625364858619,0.0
10.552255019299631,15.21153381687308,-4.3709555561716815,5.488573877920386,0.0
18.360089306612238,14.520074194676038,-15.835208928692165,3.7303670092381327,0.0
18.02567042901523,13.945596588223012,-6.571613975667553,-0.9048157499451905,0.0
9.363915665444486,14.539038590292087,0.957696890176444,0.109163603106464,0.0
3.1014113312965925,13.34512474723007,5.039600625711186,2.069330437064634,0.0
-6.898759142905898,14.94708013086501,-0.8915145822518467,-11.49996079825954,0.0
-13.521715465698408,16.671318001873733,4.263053546097915,-27.315298120509176,0.0
-5.037142861521564,16.13102623507006,10.75343772141564,10.6342715493494,0.0
3.1010041150700953,17.689546783862916,-3.4050406540494564,-6.803805148945296,0.0
8.902208777226024,16.123995393426807,8.77820786066589,-3.085860339824582,0.0
12.258417170073201,14.286523264615454,1.4177404950705599,-1.9402368981803524,0.0
10.941779041221823,15.371640893474554,2.362719415629476,9.730510830435602,0.0
11.708732735854365,14.525018969965513,-3.585657606091541,5.754664312647574,0.0
17.654297970860014,14.648138084499653,6.944785620923401,-25.667187710851422,0.0
5.009833312723879,15.897221598546286,1.6035659328293193,-15.660819850960772,0.0
0.2810235321682,14.389708284732807,-1.295720149060285,-8.551706588737037,0.0
-1.7677722402600562,13.99663972938145,2.749527187827119,25.9747361809521,0.0
-9.448968636533376,13.924958492904338,5.39718759852888,6.180352746685173,0.0
-11.009566456559485,14.897327168629335,3.7160655270156147,-1.2867140925807639,0.0
-1.9110970247511494,15.166231080233775,5.290695795440551,-9.014633749457417,0.0
11.084738286131547,15.045622754011477,3.7287518867266662,0.24190956606089742,0.0
4.442098638424591,16.101812185195648,-0.763628913251722,-17.15681257285814,0.0
5.4092996568335625,13.909851807991865,12.740540693399133,-5.89289746553895,0.0
14.072650122600862,13.569327077921105,-5.144273463987638,-13.401586930334958,0.0
7.819052824822203,13.513883153429044,-1.5537477298548694,-12.349523962174855,0.0
3.311336188123515,15.699711503921147,-4.291515392058395,9.153166524191167,0.0
2.1360618112418663,14.787105872976715,-15.364569331794641,12.519145751377891,0.0
-0.0991435687155473,16.48751707338433,1.711140825356182,14.519831247576207,0.0
3.353895267210806,14.118983066770793,-5.951996302960598,10.560025676689925,0.0
4.285819112264594,14.187236115956885,-8.091062633409072,0.09758083681036211,0.0
-2.919893692734713,14.318366075612545,-5.439360556498519,8.780217271878199,0.0
2.357333869996028,15.252668431009551,-3.1162338674563594,7.173285558679303,0.0
2.9553337478648114,13.870571272788393,-5.51070768584708,1.2449527941246856,0.0
2.8540277221938317,16.767033594170773,6.259283665517726,6.15794038682321,0.0
0.09679214153385285,15.659924158274887,8.6587042020879,-14.140358759612887,0.0
-12.497070920210508,15.036947641633684,16.952516008993854,-30.753552108111762,0.0
-4.390788683517003,17.128041897167815,4.319445935391165,-14.96852262040154,0.0
-2.670120672132395,16.15102244791269,1.1353871070244703,-6.39787816818286,0.0
-1.2718179922390433,15.785823487230273,5.9677413903478,3.663868232671563,0.0
-5.06908019182776,14.984311563882724,-6.621774522168413,-10.318035230073296,0.0
-6.662531982000378,15.626308429651926,2.846369397817294,-5.526798164800159,0.0
-10.493530891256203,15.847350250540126,-0.32276629753964947,-7.935665076752388,0.0
-15.578994522076433,12.664434321458568,10.956390317378204,7.827379106152853,0.0
-11.807762130411275,12.537070908366024,-6.364751481729311,-6.708528416696051,0.0
-17.82018795526736,12.092823260980037,-1.6343446785793412,-20.098018909240217,0.0
-9.180811200563305,14.381670027936096,0.27875834846635605,-8.70746840504936,0.0
-12.290601098880344,16.028571461033472,-0.8223146116968063,5.344609490308155,0.0
-7.6094729833404955,16.133641643544603,13.902966707687316,2.8956565946485187,0.0
-2.6894517890460747,13.694199691806311,17.739800003738445,-0.29194352000867896,0.0
0.8317142448472676,16.132560259832385,4.9407224801878655,-8.122855496943984,0.0
-0.6816878325224014,14.739877415410497,-11.254895380488286,-22.094993907062104,0.0
0.2844953490944535,16.463477510367227,0.011850688424402733,2.2296105297609254,0.0
-0.7445243817708742,15.831832050247904,0.2840318202325056,6.815504071417645,0.0
2.790220128556352,15.389953034516449,-4.135547417632877,5.720138105274598,0.0
-0.5145865083932308,15.798060176896445,2.73963864198664,2.0257472420312075,0.0
-4.543668151708214,17.01711785246737,-0.29010277908483206,-14.067683208750987,1.0
2.000404115475952,4.569489850166898,-2.2025910837060696,-13.602527927746568,1.0
-6.69380720870473,33.890747917607825,6.438281102739236,-12.25139625677602,1.0
-5.283718569500429,14.946041545970138,4.549850797478243,-10.406153362893553,1.0
-14.801025619011055,6.840896381786801,7.670018244160641,-18.904555592561056,1.0
-26.005627027832514,4.274423180318895,-13.301897029841808,-13.715733482860704,1.0
-24.763925626121218,7.399175517435372,2.561437974360323,-13.697918545062015,1.0
-24.654765259562588,23.60033902360921,5.135333987848697,-15.510419074815644,1.0
-23.98436775249035,24.36070777086435,1.788240042974043,-19.36525319475122,1.0
-7.8802981842111235,27.862814816262475,1.2398127423230658,-14.831489949741169,1.0
-5.730619520521664,20.687954420549012,-11.972124006243803,-14.065114926540051,1.0
-9.119898169124632,11.355835781680955,-8.039860944175432,-11.867426471874165,1.0
-17.06433388272695,2.8897620926615737,0.029107561672800042,-15.939137945124486,1.0
-13.796617062174422,4.444225630201007,-2.05642770649289,-18.05358474838973,1.0
-17.167635648888698,10.250494841727964,-7.101923560148773,-13.48574230367001,1.0
-2.8388880324111625,11.221217828598414,-3.5126728742401943,-10.625999274212788,1.0
-6.125892537960201,5.510756577019398,-0.8760794408281041,-15.749060248084469,1.0
-11.87531453034272,10.456446362836427,4.69964107932655,-12.632399263027036,1.0
-11.124902193333082,17.15581375752166,11.331673420274596,-16.02911925654353,1.0
-11.884708310231872,22.19095745327085,-2.6283404986743584,-15.246943788824554,1.0
-2.050403575919322,25.768454995522546,1.4596927654985175,-17.49016594071251,1.0
-11.574950632703787,14.847270455160935,2.961540930311127,-16.311783092587127,1.0
-20.763939787836588,18.64008717872535,7.51054964287761,-17.681633038895665,1.0
-14.41739776042694,24.14960222816332,3.4688470762648786,-16.00695588437062,1.0
-28.065487206625697,9.775599896469934,6.636088352080077,-14.614943572757177,1.0
-10.233661481155163,-2.0184803009368135,-2.953298260891577,-15.289330486845975,1.0
-7.949547917256696,10.851870473652056,-11.40395575559501,-13.32478085569278,1.0
-6.1977225878289595,26.695389050808867,-11.206333320182033,-9.95157933559957,1.0
-9.984924559081746,20.101400843425928,-4.74976971325435,-7.964586333632813,1.0
-10.857578628698974,10.099776497293409,-2.9935695338351453,-11.882512149643814,1.0
-10.845752284299074,8.407214740399255,-0.46581537576368176,-17.367982872097315,1.0
-31.090470065532784,10.513496208921845,-9.88346518490988,-5.18955658503163,1.0
-19.47193483446651,24.836542646847594,3.0894694809899286,-11.511735642535934,1.0
-25.58282396627056,10.008157182390496,-6.450560983437853,-7.271470021658894,1.0
-23.736481329919613,22.786873313423712,7.557307529543478,-7.831881509354917,1.0
-19.2529561051554,19.232871004378257,9.442025879142337,-9.261663740700062,1.0
-12.424728257059257,47.56708788321643,-4.3247922527810765,-10.617475800681774,1.0
-10.600962136409285,11.267160537402114,-3.876102283619942,-16.50766961706337,1.0
-8.576135344719427,17.50466266358189,2.4592782046746313,-19.417146622523486,1.0
-21.61138902059748,36.55689000386943,0.625758110258785,-11.9607953244424,1.0
-26.761998736560358,39.68557961288792,4.4591283544590015,-8.074226696791683,1.0
-29.570959663021295,40.45273056065752,12.562139582319299,-8.279995721581823,1.0
-23.730337096606966,46.67222596769432,12.17046582143497,-10.923883095217537,1.0
-20.93434017789695,42.12290779606855,0.15362674251921704,-18.914395421058966,1.0
-11.737463961876301,36.82105830696055,-4.414749446819141,-26.816623491342135,1.0
-20.96517456277022,23.571978860450784,-9.842956105082036,-19.14469655964867,1.0
-21.37640026696039,34.01158134738364,8.525266163665027,-19.78945354342887,1.0
-13.153192984750264,28.01637034431919,6.647452353040279,-17.430886987133764,1.0
-17.200803468452147,23.25001134343084,6.744499268979267,-15.853709162506911,1.0
-8.308182574517321,11.615367346238475,9.604439959141283,-18.63978159755304,1.0
-21.85407584884954,19.133972752361966,8.636835675859023,-21.77213194061054,1.0
-16.19909197100541,20.173310344908288,24.420167702869243,-22.23008163369683,1.0
-16.047507057750312,4.2331580115675775,17.706989090722523,-21.624430789540625,1.0
-5.810816784796772,-0.14108997331578266,-0.2219237206247513,-12.477584411889449,1.0
-18.464894094939666,18.81901871366032,5.293624781605565,-13.382424035000891,1.0
-20.565831436550702,27.540567903070574,0.97006340321939,-13.063747572216542,1.0
-25.251579186291792,40.68950584045167,-9.85816664164118,-13.978821305458832,1.0
-21.13565029513454,9.917014869890954,3.864697597455798,-13.498967168576964,1.0
-27.737301199772425,-8.102764127219475,3.0130917162875344,-11.561810023081417,1.0
-7.77678268344321,-9.486939417179766,6.849661288366112,-14.911595385069134,1.0
-12.735962748179936,-20.891974384865264,-6.988303262914136,-18.632013798245612,1.0
-11.741967321079786,-1.0286919780904915,-8.287421685382578,-20.08012281936379,1.0
-7.343129901252436,-5.6923584578181,5.721752074374195,-9.470568104152841,1.0
-3.336280122012445,-14.288464571669774,18.327230129663963,-16.891434313348267,1.0
-0.8766001065170315,-16.61221657064824,17.466862756081213,-14.9451653689211,1.0
-4.373626408538783,-12.834659776667394,-7.626166646993106,-14.505976471784354,1.0
-13.191930481774401,2.995830125959686,-4.949495316320794,-9.293957172254476,1.0
-15.985549217229558,-11.271163354614162,-7.256239799784247,-9.789517793110122,1.0
-14.688291347618687,6.075975855006945,-2.988998077459722,-22.297646678724746,1.0
-17.917133487772645,-3.795051368901002,-3.2091901378815115,-19.271346431470743,1.0
-9.204325411524684,-21.539462146698547,0.8338913917940385,-22.96291939667895,1.0
9.165232760159283,-14.343386748092126,-4.342615518692856,-21.935363179141113,1.0
-9.919246982474043,-1.3229187980239017,-7.234620634798053,-27.842038215889822,1.0
-15.24218896860571,-10.370450641225712,-0.3463036883710604,-18.64409758900986,1.0
-19.517039576081043,-6.8696620681638985,3.320818033044099,-18.426888854827194,1.0
-4.772754668690023,-16.17271174079244,6.700744833457279,-22.1851836403319,1.0
-4.260522337047687,-6.676925209911079,9.268241232670142,-15.54543684618606,1.0
-11.164294691405637,1.9061896545239634,8.727004873947457,-12.587978192663362,1.0
-9.62260643080745,-16.564647468091046,10.02921422096093,-17.633690974602843,1.0
-7.185908345666807,-20.46782819963876,-5.545726454686554,-13.72148321511291,1.0
-11.295624237084262,-19.916591454833718,-9.695364391313522,-17.643917590092787,1.0
-10.631028986333407,-14.802738818340424,-15.697972670065523,-20.167863981859174,1.0
-1.3004213580534483,-4.433347025263398,6.532632864642325,-26.731569911204204,1.0
-2.1656204993974395,-5.314925554741631,7.739091574398115,-19.620895235546072,1.0
-1.4914314807858808,-8.35144860898787,-6.891189785370004,-14.74401821617317,1.0
-20.283422723315972,-2.5487734961615667,-3.446596974835408,-18.251412747505668,1.0
-10.6571527895435,-3.4959495712766264,0.96447750158692,-17.39494956153326,1.0
-10.110287914641274,-5.135661125095201,-5.4551245576244725,-14.903557082304983,1.0
-14.836107681908377,-27.96820956296597,-0.18091842499594524,-15.16368886645404,1.0
0.12136668823252172,-9.540339089701341,4.192913256713815,-12.470027481191872,1.0
-18.309875307645022,-7.355401817849673,-4.259120430239512,-11.94209278477473,1.0
-21.59744015200838,-13.86986150400552,-12.292859194558512,-16.612862831142643,1.0
-12.621389980855895,-4.71464349085043,-7.173075239834804,-16.076119150391314,1.0
-22.907922386335887,5.986513864815201,-4.371947657879508,-16.711843140267362,1.0
-18.49172685514988,11.137070172987377,-5.520592921513992,-15.383275935234249,1.0
-12.857435114742362,-0.20980890025628973,-3.532580410570388,-15.483905921302522,1.0
-12.262738553453591,-5.774463159047592,-6.515345001525105,-15.56866278861694,1.0
-15.862204696198273,9.628676212429369,-9.886911320520275,-12.225999074319342,1.0
-24.765580920311713,-1.681036840822288,-4.316285149209602,-14.085340736976281,1.0
-20.308489190996738,-9.285383528763523,-6.313893094800381,-12.37816033647399,1.0
-14.305544206140407,3.438251401056074,-1.3930496015858473,-12.898744888531851,1.0
3.400698592614855,7.952641785521386,6.175963972031622,-14.239795103216107,1.0
-19.46174640669304,-7.274361561197205,-4.790187007590131,-14.635219873067808,1.0
-18.56558171893247,-0.6965028562054947,4.991424894424435,-11.078070210536673,1.0
-22.544039885245265,-10.612216993156537,0.04022893567165031,-14.392702953901127,1.0
-20.683745716801024,-19.6498051092038,-9.82512843801985,-18.614171839853736,1.0
-42.989610250044265,-15.39412244409285,-7.935279029360968,-22.52307215845352,1.0
-37.964339473616405,-4.297795496332268,-13.005829498174123,-21.52981190536547,1.0
-27.99043150034192,-3.8168866081746566,-7.232564628530149,-20.880603447615655,1.0
-27.422046770526585,-12.187967181748103,-7.069317787467098,-19.83538490121961,1.0
-26.770697562671913,1.132754966824892,-3.572645665953347,-18.361196641674038,1.0
-18.550451386249616,-8.55816652847666,7.572761832096395,-17.14291119746503,1.0
-17.9527500911872,-2.74692073906499,4.170501065373636,-18.760146538867506,1.0
-10.105377427641884,-5.162006382443493,6.527708753762566,-12.612080776746708,1.0
-13.984205477219291,-10.84926418895312,-3.5734439163643112,-15.663279966761962,1.0
-11.282283414604029,-0.7797435063711715,-3.209420411299053,-17.24766363747231,1.0
-17.251670492791998,-9.726280428954055,-1.5729865672028727,-19.324213736325202,1.0
-19.42742124047343,11.494248235371032,7.734766545550665,-15.90719017885036,1.0
-22.392382521180373,11.600103040706578,3.089748364437129,-14.552384954579821,1.0
-12.121992475510467,8.238080686529301,1.0806518943257513,-17.693283097535343,1.0
-18.94376176685884,13.330293422479356,5.034811998567289,-14.383053932954684,1.0
-27.224443849802192,0.351437684319837,8.721695748464121,-8.655117883773492,1.0
-25.4663937448061,-1.8727600027789446,-2.6403304537401677,-10.12293454465899,1.0
-25.756128382275083,37.57446240700568,6.957299990609732,-12.995081594572758,1.0
-10.7937736151414,30.166174121447987,2.2298633346983787,-12.6988932567847,1.0
-22.03664794212083,23.333927064568417,1.9780823130349043,-11.888230084968702,1.0
-20.576943642875293,8.788273929562006,5.805631973470085,-13.686215659860913,1.0
-25.910823623118336,6.747438641133727,-6.1995502104955165,-8.53864323634065,1.0
-14.77479782712358,-0.0759805761285186,8.701047803955294,-9.162910925946413,1.0
-23.061302567580157,0.8130033902504508,-0.6722765584337038,-10.945207247834347,1.0
-19.979838297775594,-6.5201754867722315,12.171880547303235,-10.657588541577423,1.0
-19.226675457579894,-0.7365465810205709,8.005888901731675,-13.90165951417145,1.0
-1.1670637582239856,6.785452750366571,1.9433899667059942,-16.850089432691888,1.0
-3.7452077601001204,1.3118198018012297,-7.0936633079187725,-17.484605599548598,1.0
-19.50213221344736,0.8836161476251654,-8.893836722446697,-14.27742360056157,1.0
-39.17728245623921,2.8137515665337123,1.5574158024084888,-17.516156038745624,1.0
-30.57066085902583,0.1709944742675482,-1.1501318035377217,-21.091785096791728,1.0
-22.830717878988022,-7.68663820683464,4.147923662734797,-20.659143071614814,1.0
-29.902660158538296,8.937198037985603,-4.4946194190184166,-17.609908918109447,1.0
-21.158821458392996,4.990638764880492,-4.008061917944845,-11.875715145889423,1.0
-18.255338891990306,15.079233882824635,-4.660133337540782,-14.093305940746816,1.0
-17.33742785328647,37.74306421338355,1.0585975999181765,-19.155716722935768,1.0
-23.361029361805567,18.599945597968997,-5.603934677730669,-15.823826191597995,1.0
-14.10179451963782,13.97495630952187,-5.706702996027717,-18.287438106896676,1.0
-16.59953123925445,20.31965821830015,-1.8628364443136296,-13.204552143813277,1.0
-11.28759759132627,21.73154516623628,-0.38660155600273555,-15.291915000595464,1.0
-11.70614757612907,11.746272191987808,-5.335939927489369,-12.480055436695254,1.0
-6.889059469337543,6.566704406935081,0.7933951319467505,-14.87221987710764,1.0
0.0397441486474186,13.272211117260815,-11.670720635738762,-14.888567509709201,1.0
-5.071726804519173,14.952383431745684,0.8270881068926559,-12.494437818584002,1.0
-6.173586585042015,-1.8699064254040134,-12.114299155767258,-17.133037912518045,1.0
-7.858194256183563,-18.89249129316727,1.757031478359666,-15.64017180912206,1.0
-6.698959448161084,-26.458115384401317,-2.595589074206134,-16.939326577026062,1.0
-12.143966716989729,-37.107180060266195,9.879952271539908,-17.504286049639056,1.0
-10.850701453462566,-17.84079024570778,10.391162832695208,-15.255307828077155,1.0
-26.032030477595374,-3.197051514080896,2.1359612620057105,-14.012366787077159,1.0
-25.26605202255797,0.18221558022345263,-12.197925912128412,-11.638018712466994,1.0
-7.498216523945284,-13.297603053998095,-11.274029613499476,-13.149670208099748,1.0
-20.471904599184306,-23.10326280444942,-9.633500208634308,-10.381967572575228,1.0
-31.879717539759106,-15.135609528810251,1.8441850790339007,-12.81077046825725,1.0
-36.8594613441398,-10.489513531677247,1.6442244119243916,-13.429172337865344,1.0
-21.2448098949082,8.172705566539488,7.563457775966416,-10.6106069134074,1.0
-14.4672730976281,-5.675927161636512,-8.097856092790723,-7.712407242186388,1.0
-1.810715045499384,22.70286926794914,4.252697605250981,-10.390818687082358,1.0
-6.742792672507924,-2.9537130679832746,4.665188360807958,-6.7436501772600055,1.0
-4.611204041457302,4.4782671830152605,-7.869757535123607,-4.529787607378054,1.0
-10.837881580834209,-3.643381880502745,-0.9522604765373912,-7.143858730610711,1.0
-12.708236424920205,-6.680447387063536,-3.4866411636292614,-14.265081940514127,1.0
-19.67053390373385,9.25625301853633,-8.474170198936449,-17.084536416766653,1.0
-18.355454400215464,20.193940676498283,-1.3171645518318806,-17.606234306035017,1.0
-8.097510629091259,18.31422643866525,-8.537785961226735,-11.929265150504186,1.0
-13.72232899594145,7.171589952743487,-4.901707878834559,-18.905680310935587,1.0
-2.674304832751586,8.241475280732152,11.3897088393614,-17.042659270339655,1.0
-13.243174740554956,16.81979553463205,8.815804058434665,-17.830806433592773,1.0
-23.08719609279346,6.695679251414205,-2.7437085068577036,-19.843079110442297,1.0
-3.275767069070193,6.6824713539346945,19.410275745870443,-15.790468735395098,1.0
-9.401839319269802,-0.805202252912077,9.9150702369007,-12.604571835381986,1.0
-16.780978107192535,5.576109087116374,10.65567087360068,-15.666752710427131,1.0
-6.97887787237541,8.357947372817144,12.706393062980121,-18.331983913702032,1.0
-10.574313741189288,-1.614419503882012,10.566193035876701,-15.98214138634341,1.0
3.1394850930701352,6.05121416072292,7.674229309650525,-19.1662317313038,1.0
-0.8311316133436968,5.234405953480781,2.9866466311839877,-20.365718353505176,1.0
-5.10557424023137,-11.017853188561546,-10.1849130736076,-16.61537485887654,1.0
-7.157557138242247,-9.456456983388781,-12.698747834775514,-13.197273581333587,1.0
-10.39976208231855,-11.84739691311418,-15.013600633637422,-10.038724832836051,1.0
-10.90297329536256,7.692380176039921,-8.475202336542846,-11.856458183397237,1.0
-10.826706881232944,5.016099869354231,-1.138476269824674,-14.765030099797718,1.0
-5.870037247271519,-7.506736088597891,-3.9482508928370894,-23.463897007597623,1.0
-5.778686797071003,1.95650883756376,-6.10984282145259,-24.651058597333584,1.0
-15.907499606335172,-4.377288084596329,-0.758867826564444,-25.736717264795452,1.0
-11.284066596335366,1.4820786900820195,-3.9945136777215278,-17.639033313743926,1.0
-7.843941486188601,-10.615993075228799,-4.150153346956849,-12.120440864559384,1.0
-7.161333732173422,5.555161236976416,-9.151883390654783,-14.175512739699458,1.0
-1.112968425284249,1.2947834738838573,-1.597959467529151,-13.870314677933179,1.0
-0.9218423895728236,1.477410333854479,-9.676355046254578,-14.254626727756186,1.0
-13.718920245083932,-13.25126163491232,-4.071044875438883,-21.557554141281553,1.0
-12.484187964884425,0.005692536986467545,-8.015250705863771,-13.084393716282328,1.0
-20.421058153041283,20.4683477952236,1.5396546896838008,-15.291094734251521,1.0
-11.058101486557348,4.068027159202879,-5.072786884131119,-12.891130997115235,1.0
3.7892848852761105,-2.8850132299849367,-5.129094886313848,-13.892399007309871,1.0
-8.40896964693236,-1.0710865624073023,-2.9070797026097304,-10.741534763092105,1.0
5.634602662354711,-7.610352432102106,-3.54783893179022,-9.176645770875636,1.0
7.2006138374939965,3.445330415854423,-2.2277852667486435,-10.790247981051102,1.0
-1.5231975240010094,11.886381415202512,-0.7931454995084423,-14.376817100877503,1.0
0.2503468162739857,18.932309568939022,11.713362916663629,-13.970072786815717,1.0
-5.831978306707274,44.040035787678526,18.547686885360047,-15.157957666398877,1.0
-16.10212238134946,35.601978263180214,10.750412660953003,-15.073213168514595,1.0
-9.255435740470187,11.510178297426554,8.338730019323418,-18.670312897463532,1.0
-9.782550822221733,7.5909009926297415,11.80029825670469,-20.78599358278199,1.0
-23.305915148086626,11.077193104078264,-4.310929294160496,-16.644860849426653,1.0
-6.548711227554952,15.50100872825272,-9.890477915662757,-13.044026357180469,1.0
-13.438069998843652,27.392572215546288,5.062243411601214,-12.560979587204718,1.0
-24.816859195581078,37.69543807390353,8.470338604264757,-13.99104783351677,1.0
-7.744765059374467,9.701965832645538,6.824944401054094,-15.647512446869987,1.0
-8.492646322504637,19.372666240644875,5.954959487896244,-14.292330096193313,1.0
-22.804437916952566,25.35197757107581,-0.5373701660472077,-15.524962677388913,1.0
-12.804547721056371,37.03408746004641,2.7922533422787668,-15.423779319733022,1.0
-23.696296466224833,6.575498775601602,10.61685536286103,-12.518579884006444,1.0
-16.764288117430844,22.69954642247611,-6.3355303769854086,-8.336835698629717,1.0
-21.49102985816785,18.052261036877056,-1.2949456379975244,-11.663015047692895,1.0
-18.18794154010589,20.856098654713506,-2.89983287382767,-10.602958579510332,1.0
-23.284813402556846,18.552897865983574,-2.8534963679283356,-12.034329461969275,1.0
-23.90702502616071,12.028665838137456,-11.473564364541456,-15.207929529474681,1.0
-12.106919272704134,15.589117357570816,-7.702053876426811,-18.90790358846707,1.0
-22.913772051501812,7.111664375202064,-2.8276674093658505,-21.30996985726211,1.0
-20.74420134381775,11.582777279757433,-5.8361826126504095,-12.97134139217689,1.0
-23.315627594738906,1.308822718008471,0.13940097951414998,-11.393148765340378,1.0
-22.659757754758317,2.699596150156413,3.6519164170815346,-8.823480848444579,1.0
-15.152845436594781,-11.247765675652959,4.4026541642416595,-9.022945309961914,1.0
-25.4118410913203,4.546104068582275,-1.555174074109088,-9.673611400210536,1.0
-18.047946420580647,5.912251240743975,-4.039649008922904,-15.493410997136756,1.0
-12.896621252712512,-12.156172184067023,2.243798296668106,-16.58374027179622,1.0
-10.850782617501931,5.367137303418384,4.122618406325913,-13.543516436228689,1.0
-25.017888847996524,0.6774632382246697,7.662430476070952,-13.889042509898971,1.0
-30.330214326262812,-6.319820014177427,-10.474600462762796,-21.33759051591652,1.0
-21.784693699339172,11.116562311542967,-7.816377673256222,-18.93620907098491,1.0
-18.251169616990598,29.78433543309427,-1.5377145429122117,-15.504064910025477,1.0
-24.17617041472154,29.922199962022553,-1.7209290311535819,-15.954634537331845,1.0
-16.124512011448598,13.890813011700851,-3.4400942995403767,-16.926187187422304,1.0
-8.369060143638983,19.313626304180566,-6.744032041515299,-19.716268789310742,1.0
-1.8510480375791936,3.561789712040188,2.3775678223817582,-18.829233350229657,1.0
-9.896936808972082,4.8653014340052385,-6.82538746291205,-16.66875073379795,1.0
-16.410718300310513,-12.389173589857553,4.501422902464609,-13.206661331538356,1.0
-14.292994323391538,13.104863870699688,2.2888623206388337,-15.407995725843223,1.0
-14.197184603869998,2.682341159475927,-8.585382767167598,-11.385359093349996,1.0
-13.545125843643955,1.4904261708230369,-5.51028413001214,-21.100631574213388,1.0
-8.75345805027191,9.868586198749782,6.184468276800647,-16.726884530860968,1.0
2.753677438599187,4.060631142473329,5.753985508888083,-14.381980575304794,1.0
-9.55811822764001,3.1340409248630214,9.92030533644255,-16.29060924128445,1.0
-25.496817565444466,38.704734817717764,0.532430114558216,-13.351004195453635,1.0
-16.960033024387677,7.392246342693644,2.8755855410098548,-12.901112242386315,1.0
-12.631286957188825,-17.08414586149921,7.006671459188167,-13.813166760386668,1.0
-20.354471011814763,-12.000798199895328,-3.8550695761025056,-9.832099742624642,1.0
-17.661051544042248,-10.137184377944498,1.1499770279671224,-17.234962715203036,1.0
-8.732398940293473,2.292358880201629,-4.848613598970543,-17.349006045528704,1.0
-5.753533172896862,-7.823917752252842,-6.585736162813641,-17.678746692113577,1.0
-8.991761991524399,-30.89942830256794,-5.31417057384986,-25.88616435561456,1.0
-17.090281642992583,-20.20482445062691,-9.044593877158453,-18.963460244608594,1.0
-7.28390101488284,-42.353137306966545,-3.458422878537122,-19.658077665059114,1.0
-16.244353651541044,-35.271728789064866,-1.6145995941249423,-15.33857699234239,1.0
-21.132380042244463,-29.618749899255494,1.9920553163729604,-22.727701964738337,1.0
-3.6077023597768783,-4.421591071879899,10.533741900653594,-20.000217732775106,1.0
-8.659250287911016,13.689833041481808,10.453860711532254,-16.0771434686498,1.0
-10.736091845256038,18.341108997946566,6.911318462379514,-17.3729645526839,1.0
-4.971647914533447,8.40645073267991,-13.104066555748146,-20.81207898845344,1.0
-9.860505298973784,25.772835581774423,-16.353992342939243,-21.731564070473688,1.0
3.5142523565348007,43.2086247235666,-4.750528062512298,-19.01911891987982,1.0
-3.8862173898873937,30.29205183418185,3.467276898724064,-14.773616339321539,1.0
-7.872640767938327,25.012197155630005,-4.336920052713211,-12.93229864328966,1.0
-6.610719850797702,14.035947216549992,3.6015378644430784,-17.487981168238864,1.0
-11.953664988654092,19.374629540510135,9.88686349342351,-15.108092597670298,1.0
-6.188325150342559,15.569322994890992,8.73868231649309,-12.649819981446186,1.0
-8.165039918237877,16.44445939840375,4.687391995714647,-12.367878945905831,1.0
-3.745380525705059,38.314310402785665,-3.847443365576559,-15.105639192602656,1.0
-17.198564139543535,14.36746668178803,-9.800189740077952,-11.101382525211195,1.0
-20.6642544979324,13.237272783248748,-11.372027254150705,-11.292006263100891,1.0
-19.649026978917206,18.393821943626072,3.126376309353337,-18.806106942376807,1.0
-11.332014646498044,1.1614969768467613,0.4730564926892027,-12.729582935988166,1.0
-11.846409406468174,8.154561496138168,10.863661705714302,-13.90608512963431,1.0
-18.163482623171273,19.034888241567888,5.246627747806337,-17.59103469907288,1.0
-16.633507205198026,3.835973033220334,3.920492456873235,-13.80290218713603,1.0
-7.161343753994684,-2.630044391744682,11.348969457165992,-13.600007036452293,1.0
-8.854087698470147,-4.343701938126686,5.002750771173885,-17.27323729151403,1.0
-6.682479472773874,7.90631807961729,2.040369374967552,-15.33152414830978,1.0
-16.657116327612272,18.650195649380112,8.93362371024925,-14.79961692765248,1.0
-19.51957443551206,0.05002895768520155,2.1112122628446715,-13.12081195301611,1.0
-18.06115308669074,-6.220392076037477,5.072688814366948,-15.89462377455948,1.0
-27.747272473929208,-4.655514143248579,13.887991449340783,-19.62697077442002,1.0
-12.455740734723612,4.182368848301136,13.529861661405649,-18.337945463542994,1.0
-5.063278104735398,5.145018072001081,4.134050394031248,-21.854820516280412,1.0
-5.616323440070765,1.8008126563707543,5.938369282795703,-22.134870510226506,1.0
-5.0542893432460305,-13.362411021473125,-1.5315747727161233,-23.239272559283854,1.0
6.807152333979779,3.2296980654045395,-3.3154924883930246,-21.168327983108842,1.0
-7.94830124001912,-9.393187436786153,-4.1809936375465355,-22.961635379391975,1.0
-3.1657219820984572,9.806796498547019,1.1609029267204218,-16.450753026676267,1.0
-3.143876193567639,-13.09593202511493,-6.679971999873782,-19.236079991747076,1.0
-2.9593020175189775,-22.94210866237999,-2.8818942667681506,-18.834685873762957,1.0
-13.176911927731574,-19.411594263050404,-11.007498751091585,-16.546758071363882,1.0
-12.042030570488643,0.9633283794721885,-9.436639198702242,-17.129568575766676,1.0
-21.739314290075285,-1.9454022915402742,-9.34421927991863,-18.813996478352397,1.0
-31.171526260139828,-5.241092273595453,-2.483252483456037,-17.959587290502924,1.0
-34.47343376144043,-10.22042563437139,-0.4102943453043717,-18.650253878984273,1.0
-23.73579125650693,16.25068441400752,-0.45363563859677725,-12.872035478744635,1.0
-12.97810806519963,2.7845627018400254,-0.6013465607121775,-15.566419799510097,1.0
-19.232058300336494,8.502094507755086,2.1198041257236455,-17.88631392534259,1.0
-19.882888645688585,5.278281054050524,2.7714150841629825,-21.478851905354404,1.0
-13.86353692313378,9.075624919762847,9.019794513627756,-21.03452807040528,1.0
-13.404701541162353,3.7912485148022874,-7.2174857062596836,-16.605964326257887,1.0
-11.351296417902963,8.224613896262422,-6.675448562954163,-15.897551436763559,1.0
-24.379212985823827,14.735787378569437,10.664611560483593,-16.81210538278568,1.0
-35.8573983573486,22.79938054652269,7.8794039409343775,-18.118025301518383,1.0
-15.224644507240415,14.450705865957183,2.0151227014308537,-16.216266507811508,1.0
-7.5759098765335136,7.9638697058416055,-0.6203787043403546,-23.54612429390429,1.0
-22.03109928823217,0.9670835744343389,-2.548489292410978,-15.908316133704092,1.0
-18.59236885462036,-0.41328672320184445,2.6615692091776157,-15.298846799712955,1.0
-20.0628178712469,-0.11963601053141915,-9.005695785309515,-17.66094375812129,1.0
-14.58325487316252,-4.835118250512301,-5.598986758679157,-16.7338453259003,1.0
-6.983795421287377,14.07266651341767,-9.161530387723493,-20.879771435003693,1.0
-9.341114018810005,-4.540815513089225,-0.8548991968292319,-18.557055965860457,1.0
-16.658833464007124,12.1518317413997,-10.10141149373338,-19.217145911904048,1.0
-15.312153953844003,7.014688480707233,-12.038522655884929,-14.576185822245147,1.0
-14.208018116848525,-16.215803390361536,-7.8875636679000785,-15.135228090105588,1.0
-21.10615060169194,-17.0308772136116,0.045486277845909306,-11.44315084941737,1.0
-18.025485006152532,-20.85684440956277,4.553156287403756,-10.331206285574131,1.0
-24.33521746021222,-13.767399846262455,0.2922735104996175,-14.953554475646271,1.0
-23.644829481747312,-5.75778021124777,3.0726458216320642,-13.273221302199175,1.0
-27.576222535695848,6.452380620988373,12.437154654654744,-16.4781520183771,1.0
-30.128410981522112,9.597633551564222,9.451735883276276,-14.844459973076553,1.0
-35.17919013071962,-6.843420295682214,21.466274704286253,-15.094594713104716,1.0
-6.988526481997704,-14.60658232434998,9.422242826972225,-12.510426519074871,1.0
-13.199378861380263,8.383835810822834,0.1761897957733325,-17.993343873947286,1.0
-23.75339409093261,8.663479835199881,-7.532206014866167,-17.57500960167438,1.0
-0.12121182877725545,0.6385690660150747,-10.249448503684894,-14.495739237414018,1.0
-5.962184871512296,1.7474304083890644,-9.06699713209156,-17.320053715980247,1.0
-11.406321764326316,3.312235124872437,7.5873959389718895,-15.973303431433608,1.0
4.055349524894776,26.01887131639812,5.229259551920297,-16.017213627915364,1.0
-4.275311557806071,1.0846702046886971,1.1634997031795749,-18.997128494595206,1.0
-7.9710874128241915,-9.318807849185793,-6.252601736713883,-16.682596223660553,1.0
-9.956336729034543,-8.958850106905226,-4.6116339143026135,-19.611448133701373,1.0
-17.366647920584644,-25.145107238866867,-5.185804890042493,-16.36287044796183,1.0
-10.748266170080186,-18.352748380987144,-11.461209448729385,-15.552108450035403,1.0
-4.01679456348006,-1.8617393665250273,0.868063127363718,-15.829264907049794,1.0
-4.561390045324741,-0.816986140054528,-2.56760968927354,-24.47818735086607,1.0
-3.435790983550909,-1.8168365987645014,3.2271443640108655,-19.978085869476253,1.0
-7.605341177748777,-10.501401775298822,6.020488108025168,-12.537109451066453,1.0
-4.859772517748844,-20.872437027599897,2.430948524962151,-12.835367387310539,1.0
-8.562638427508858,-19.868293461493757,-6.813916763944164,-19.542597434541296,1.0
2.4944973773042314,-0.2813789091237737,2.1921496567708743,-20.318298345739585,1.0
-5.649374061709928,2.135063239352089,-2.4882172630136536,-17.444973112326053,1.0
-16.792214720956004,-1.6657165377420622,-3.999049111176189,-20.842422192530684,1.0
-31.600146974480396,-5.263159207563928,-5.430426021745512,-15.499941909639741,1.0
-30.746046321505396,-18.905900250309344,-1.5108074564104128,-18.32175003097756,1.0
-20.24688800896373,-6.260131724280791,5.923320776653758,-14.857222601192703,1.0
-11.389352652106112,3.102649240751644,0.3784134588778736,-12.045476440656945,1.0
-11.003567427425171,2.7969638583899386,2.03864901088003,-16.805093382527453,1.0
-11.619491722713299,20.1738399390278,-0.7311618522907752,-15.135301038192223,1.0
-11.138477219271051,11.006409619285169,-0.8316353304885987,-23.787110286772617,1.0
-5.79685284261886,7.175692753245317,-7.46114270940966,-16.64268641782847,1.0
-23.83619753855772,10.884822999152911,-7.95034247367642,-19.14275175124686,1.0
-18.247456003753733,4.579922276017319,-5.357152584834034,-21.037863952607545,1.0
-12.692493766369262,2.772208510222478,-3.7543113010296145,-13.691484428498555,1.0
-23.585311880057528,-19.979618963661697,-12.852409122467353,-13.167736261846049,1.0
-31.68255706437631,9.87289408672892,-9.245431325266512,-12.251111331339084,1.0
-24.41183480674185,-0.3691905322362121,-9.126750042474152,-12.01675819174995,1.0
-1.607311157199419,-5.834304260382562,-0.4325392864382187,-15.652362503739445,1.0
-2.893557947542009,-6.292397135545432,9.347205651450302,-14.362590252929916,1.0
-14.647385807265518,9.86113011735168,8.926190971500565,-15.810102976878554,1.0
-10.968803115328301,14.125471510762877,6.742504923755185,-16.442812986166935,1.0
-4.56787003114541,12.458373832565798,17.14020488359013,-12.198795069294318,1.0
-13.538310253881079,9.743236676129712,6.268056030038961,-15.666866302993869,1.0
-11.556225303662657,6.172264722525561,-20.097014075283198,-9.245581667195772,1.0
2.3476173294816896,-16.79246787166571,-3.008139223903636,-16.20566417112326,1.0
-8.231189201734479,17.822367214658968,2.5317632679724227,-18.359254477872593,1.0
-8.620570193237196,25.830851328312566,4.268141763597748,-22.553654917264268,1.0
-14.186395570920917,28.499480568748073,12.221825339565537,-15.969308627746738,1.0
-23.36180969112342,27.53357467979755,9.283877562891815,-18.710567195490583,1.0
-15.03254753564353,41.19019022211456,7.873973257181243,-23.21650214668857,1.0
-19.51406498342292,16.573573478114604,-2.7639140135340656,-17.64845503674025,1.0
-7.842583833578806,-11.303689370029014,2.9591914549946647,-15.174471674814775,1.0
-3.11012455900363,7.526271156945938,-0.34374771510313806,-16.077859420467732,1.0
-8.777621948898496,20.151289998631633,1.1695343727714702,-18.707535684964956,1.0
-21.728823554726915,10.990412096846281,-2.037863778988467,-18.227287369661312,1.0
-6.989566211979965,25.42405894289066,-4.652354689879051,-23.720459266675277,1.0
-6.567966263389531,16.152604384259156,5.489250557683118,-21.982306814696003,1.0
-15.541181324443137,12.51020544627486,2.3201606398763177,-17.424537978693678,1.0
-16.433253692498653,25.226898818756016,-10.138957066569201,-17.94478013162265,1.0
-29.333598132998066,25.27617059753637,7.035278778250834,-18.60636295353313,1.0
-18.226221646238628,-0.6614256968726728,3.9516041718289614,-16.053170171478996,1.0
-17.69319290851677,24.788311600282896,9.126992097235929,-19.297884000787107,1.0
-13.61542609399277,14.043596233323166,4.833714796261151,-17.797372956286676,1.0
-13.379292154623158,20.763793763133364,8.52727170441961,-19.94486243773181,1.0
-14.681178992438639,10.974496811375488,-2.846192900410193,-21.138827323093686,1.0
-5.780312595310419,31.508891734263592,-3.605356867748728,-21.291907144021238,1.0
-17.974727867007065,21.458362137973612,-1.8356185447529858,-17.432970747755704,1.0
-22.4710819287765,33.05247396575373,2.0405231482158452,-20.995176284280422,1.0
-22.51020265800407,19.761345125774778,12.764893590207214,-14.38544264197063,1.0
-18.27493346907241,29.187413165186683,9.560345257010976,-18.08586659901993,1.0
-25.227876688550538,14.120416267703124,-1.3404512997774267,-13.762060232802792,1.0
-37.497444168781385,2.9472783015501722,-8.968607176543978,-19.153189442918038,1.0
-39.62020622557485,23.138610033739035,0.6698048564666683,-17.97329435531776,1.0
-36.3180950625335,-1.7236479142204524,-1.880146452196279,-14.570701470485993,1.0
-21.246342386995458,-8.326125819392688,-5.842206885318047,-14.760847135675595,1.0
-18.59883684769231,-9.306760641583327,2.2451730399485723,-11.971048958581115,1.0
-25.600399445677926,-40.28961647475833,-5.855818260343858,-13.105356752069667,1.0
-17.264187796262913,-38.00251446001836,1.6020376013490845,-18.561730611480463,1.0
-23.2445589173489,-28.430561965512144,-0.5671116701855041,-11.797555624030188,1.0
-6.7988118555547015,-15.658941398195104,6.152795676047741,-12.137546272457563,1.0
1.668872909433535,-34.76510853003062,-8.905789665854497,-16.403839617864687,1.0
-1.9128634269979123,-31.966383813117133,-7.556739972417576,-21.027423277980482,1.0
-14.195264215620522,-33.00965031811357,-6.979315697978819,-15.942254991450096,1.0
6.585231282304585,-27.36746227686324,2.100994331447647,-20.017363957019295,1.0
-2.8644273096587494,-7.371771071965686,0.752114996813706,-20.36913925271145,1.0
7.005009908142508,13.93275297207142,12.591052637633048,-17.411550649931073,1.0
1.5930241975360993,17.403679888220545,5.35401224534588,-17.83341921511481,1.0
3.210003799072327,20.98736509629192,-0.912953839427844,-14.739295279574877,1.0
-3.5302644389722087,19.55928012133664,-2.596019813745099,-19.00698858829751,1.0
-5.698031323633058,22.297295785613002,-10.54783115873268,-16.928115602074374,1.0
-9.239710819749437,-3.665732729684758,-5.13814577537059,-12.5176046875471,1.0
-7.5162693710687165,-3.7539616049450633,-5.197214499244542,-12.101443391525416,1.0
-7.186504985299377,17.90827528342808,-5.825221294042818,-9.470666294685131,1.0
-2.5758289912269854,23.489723858898007,-14.433834106485635,-11.703941080883112,1.0
5.212630107587045,20.250147456197496,3.26515612781154,-14.708894650623861,1.0
-7.0208276939311025,25.39193875975942,1.3184263543028418,-19.844272112164106,1.0
-10.52063787960012,13.972858351077125,8.453968838794431,-18.106819989598947,1.0
-12.253415039852213,14.479633311758489,11.740319958183779,-12.672156822392118,1.0
-8.392012890096154,15.105450210495889,6.969213647313341,-11.059869162360474,1.0
-5.795673515433423,9.181165521015735,-0.9876955273956227,-9.413718461285823,1.0
-7.638566363456438,5.168984194884927,-6.167838860206961,-9.44280628463242,1.0
-22.65112425207856,12.938168136912601,-3.891260364103129,-13.881433522490552,1.0
-20.726992415495566,8.503099539657367,-4.884089475662404,-14.576881728336115,1.0
-31.215301249343334,21.375563634782992,9.638751441605429,-14.500019118665401,1.0
-29.97446416509741,14.030552707902398,2.5149459160797676,-17.84829784474985,1.0
-26.585875744533055,-8.102048064391628,3.83265822505613,-13.18046352892843,1.0
-22.53475369614589,-31.200036231894657,-4.959377933293508,-16.9111193741156,1.0
-17.36640791324524,-4.018207666182236,-1.98541824380545,-12.357950521442017,1.0
-10.45373368716947,12.722612908569186,-9.803986531091455,-12.947882484096825,1.0
-4.799141430658578,16.158726273980932,-15.906348960797239,-11.9009931795281,1.0
-6.503690594600343,-6.327197101640371,-20.237997531198026,-17.877622939848948,1.0
-2.6541650204449247,2.3937084795757855,-18.814234629385396,-13.387334878981413,1.0
-12.034457905997478,-6.185686252948976,-13.81470846403722,-16.674822182971027,1.0
-21.237280061470116,-14.542632315101148,-6.808222928037633,-15.111376813663487,1.0
-22.054131998673363,-14.74684999917097,-14.91757729339132,-17.385357998853845,1.0
-9.064548757784566,-3.5446915779152484,-2.9688731216552497,-17.30133600347304,1.0
-7.3601068372763905,0.39827033111860777,-4.671018847845136,-14.351850626342511,1.0
-18.39050270419285,9.488244369050145,3.3837573779798964,-11.841256847923539,1.0
-28.42142755668749,16.143603965037816,8.780472011706461,-15.042067574007108,1.0
-21.28509314127165,12.065161124402035,8.746461589472524,-18.418233208703317,1.0
-21.383169406329486,8.629766864822374,-0.13105695835532405,-14.941092881632828,1.0
-19.377385451517856,1.3938166575137396,-8.073403880330588,-16.360200172237388,1.0
-21.58176174853334,16.31182407442399,-8.535678594676401,-26.199348217151343,1.0
-9.416637542793584,22.502495169772864,-8.087186568015705,-22.50187070104326,1.0
-4.6453164064301085,18.58096343500842,-0.9176240018466704,-14.140499452644741,1.0
-12.22895439927653,-5.226927370726905,-1.1336976751777081,-13.260460492329422,1.0
-12.424794631861461,-3.1167283278988727,1.7082031529475885,-13.522665638878996,1.0
-26.249365454648554,0.3893781054382437,0.8456762595272174,-7.939327964973563,1.0
-17.068617147283142,-4.495363416746507,9.649529481458224,-15.052622731359524,1.0
1.4602587400022422,1.285152246869512,0.12881353216936886,-10.4665063477999,1.0
-0.9526049137837411,-27.571143690952272,-3.5913646245382695,-15.554132621989474,1.0
-12.344900859813263,-22.890054647869384,5.719717640096465,-4.95202398252239,1.0
-27.8379664537328,-10.06925326748387,-6.4561056044606495,-9.59145201927907,1.0
-31.046681325182195,-8.305270520143011,-5.753783129047888,-11.167719486335347,1.0
-23.113387420009616,-4.165726528319749,-6.003163785952301,-18.91757852744011,1.0
-26.284075287885774,-21.3739210280943,-3.7963195886193697,-21.01059039337754,1.0
-18.985669762597297,-25.396455135741803,-2.8120373720275786,-13.1983266892873,1.0
-16.36225091288131,-12.571026499349793,-4.418157609879659,-11.666315066010117,1.0
-19.867967006986355,-6.445418713646601,-11.646443719235585,-11.351869632527452,1.0
-6.859290025583798,-18.9502206527202,-2.251598956401966,-12.82166193554183,1.0
0.1054092625456935,-3.648043688101609,-6.095625649453838,-15.111789382539289,1.0
-10.713023501868568,15.302507389802459,-1.3506143613521735,-16.61598546010536,1.0
-12.498223013999077,5.361825094256845,0.3925577246534281,-21.994476635497435,1.0
-14.44091601441625,10.401092202348467,5.217431876125643,-27.253534647875355,1.0
-11.7221274754252,18.856262917110726,5.023858710681083,-22.384393828115027,1.0
-26.967768218591225,10.403106052295255,6.761165073780443,-22.196850771327746,1.0
-35.77177945096365,5.718745892318612,19.55585416166873,-16.561195072061956,1.0
-23.277209718777783,16.19434744118994,-0.18875746390143044,-12.981911753003146,1.0
-20.879433971078555,11.178720304543596,-0.012674716293396227,-11.366728792047388,1.0
-25.256517323835517,28.18635802593528,-6.8923531738038335,-10.662616548259486,1.0
-18.2617784403323,24.078033979990668,-13.109228203148474,-10.817083377164991,1.0
-4.518522195860058,28.846151410320985,-6.728609289907835,-18.673057915193386,1.0
-23.32879640574093,-1.1875084924381518,-18.37633315755086,-14.292822097058227,1.0
-17.116264537243808,-9.850938058875736,-12.804677373998656,-16.182126245937013,1.0
-13.902152616521658,4.623330409022039,-2.5843530211190204,-14.528507809559912,1.0
-24.308727412310596,16.442352337219138,3.2659433502200312,-16.86230603294199,1.0
-23.76924251479721,17.282539670580498,0.6096588703018075,-14.592895270814106,1.0
-20.951791348646076,38.060639172746136,-15.984444438561658,-14.428689483694198,1.0
-11.73126568457953,7.514755083368855,-3.0401851173760526,-16.87872618061648,1.0
-16.355833533233124,5.9121307701021335,-6.976695526787614,-18.35642019209759,1.0
-16.104209359652973,-4.471648909845582,-3.0963655415059472,-16.336190647265614,1.0
-13.107967478486707,1.3873092181925628,-1.4547405850014443,-20.750109251017722,1.0
-10.104459629261653,21.34993141873356,0.08333129332570222,-21.69414210841694,1.0
-19.269334178162342,9.518217022705377,7.0044986866868175,-18.14640286805168,1.0
-0.3192998430776015,-8.954077811958884,-2.5896783855239356,-17.06587267049379,1.0
-21.75633901017846,4.985239347617577,3.8349602770525015,-16.781129039417543,1.0
-18.834109993582654,6.925839988227887,3.8469093314372085,-14.70486810448227,1.0
-8.091087845764005,11.86407257259976,2.355436241425302,-15.688365474954683,1.0
-3.130318558546966,9.30279416775102,9.265995875083568,-16.07507956141064,1.0
-1.7714627134202896,6.119416845241185,-0.13178091923467927,-12.597304273300768,1.0
-11.706337144640054,8.560606211454951,5.619306735220447,-11.010090579288967,1.0
-14.53581097773391,0.7160586358917396,-6.571223159757997,-13.610089321847592,1.0
-20.03508695667042,4.148269265852803,-6.57363749038541,-9.629430833355126,1.0
-21.52113439061106,-9.139899258697481,-4.871789191948818,-9.30850517669729,1.0
-26.509089871718903,-8.205050542010493,-19.98152560425926,-12.979536627978442,1.0
-30.829699558513664,-0.3897121090002429,-20.665682652766055,-13.660652713560797,1.0
-15.624459817716861,8.260859866763063,-11.714009858593354,-18.62194907948929,1.0
-19.529283077754904,6.899945329005426,-1.3760053196323874,-17.433566590656138,1.0
-6.837597396185208,19.17683832442797,-3.908827604346243,-14.141699204853031,1.0
-6.479174535524976,36.34696244808302,-12.13997150055221,-13.010883859382039,1.0
7.140362631116783,48.91071222072255,-7.078293205954303,-15.444982346912534,1.0
-9.756208638987816,18.041784204349405,2.198085641084906,-19.313173920965074,1.0
-17.876513527542784,16.380696632087933,2.1298538493417514,-17.665239658595645,1.0
-9.223129424441993,-3.145211943687902,-3.939225390906417,-20.410980917897916,1.0
-22.102985006711624,-7.372200039618472,-2.415823647253011,-17.347756179256095,1.0
-14.551689416202327,-5.210730806446811,1.4739898553478983,-15.02234956550333,1.0
-14.48919082843937,-12.593899288540161,-6.824515633224524,-12.493337526513063,1.0
-18.658899557455243,-27.841157867850853,3.110107808800384,-16.768879538725994,1.0
-12.95354490914156,-24.668580274459572,-9.402717058847998,-15.539350911654388,1.0
-9.450192884394923,-8.88073870254827,-9.522113080513682,-18.186639112700675,1.0
-5.6596229585894005,-29.926609436861412,-1.1029643740335533,-15.521796740531821,1.0
-13.512793401364616,-7.51906724704293,-4.1381053766064255,-11.22427328305298,1.0
-16.88516176625377,14.794819882596123,-9.238118405764562,-14.786315880473795,1.0
-5.474358157399027,-6.34410062708485,-14.050749571012432,-12.136808998976631,1.0
-3.094731944192233,0.715410581922526,-13.24540847734985,-20.365382095335246,1.0
0.26755434045610116,-20.808477983979564,-6.25683337513926,-15.43037374849836,1.0
-6.540794899623398,-7.4003148155402725,-15.536231670633669,-18.869711809746093,1.0
-8.465722261953847,-6.348272363535322,1.996761466076339,-23.29796705694414,1.0
-5.833034398011501,7.994592237865743,-10.044269725787505,-18.420453528948293,1.0
3.5850115822263806,-9.433589466185092,-8.038192287888865,-18.085472457281032,1.0
-9.462431167850848,-5.073089665150656,-7.23823272667625,-20.645719780615504,1.0
-20.3125449634762,10.261440437358738,-5.171802259199344,-22.776198652366013,1.0
-5.963052753128315,10.118206399146432,0.42356064953884953,-17.476593907180582,1.0
-6.591960266783792,11.69183275559427,2.1891376346792413,-17.541669389360464,1.0
-10.90261421486573,9.378814395576882,11.367086794233693,-14.448639699272638,1.0
-14.581834712016809,-1.3004737259898373,14.236291141167884,-17.75214020060003,1.0
-10.732002282476673,-2.1933892365861727,14.08623913101854,-16.224097599951364,1.0
-26.096193997821295,2.0070763427569847,-4.484731745060564,-24.602893156184724,1.0
-12.403717555501778,8.06965561632987,-3.127309144008572,-18.978155118297206,1.0
-23.35073624831927,9.161364852251772,7.303800260036015,-21.2690241577699,1.0
-14.50642995071208,12.106052048003066,3.7589011841272866,-16.91037010750157,1.0
-20.847529847020546,7.562719664313855,7.724163252769534,-16.303742891914183,1.0
-13.430627904781243,15.720297113578937,-2.845015271319822,-12.645692059164032,1.0
-18.71920772088506,-1.993606014529747,3.792986344972855,-10.871116307632583,1.0
-13.948595271241473,-7.13019360155114,0.998448851210811,-17.15334745712829,1.0
-15.775471587757151,-3.755578786480434,-22.559393665545816,-11.94474883358965,1.0
-5.480988113088708,4.447873454387155,-12.736850727520485,-11.66675651584683,1.0
-11.070812846541159,13.598816035119386,-9.088479773799028,-20.804139510431717,1.0
-15.307544992333526,10.0974212582349,3.199428286473813,-19.758247891421558,1.0
-3.597874736958506,-2.3969791473549322,3.6546185240429647,-14.314649222016326,1.0
-2.7437912826150033,-1.416114432014027,9.843253140457161,-14.331519375047163,1.0
-1.0164176292043319,-15.163578057911764,-6.635281151065094,-17.755049580047167,1.0
-20.437457434829565,-10.851510363304232,-8.539761069260635,-17.764863673967756,1.0
-14.220638168747485,-6.168060417922983,-16.124688127701486,-17.96740148705946,1.0
-7.722966850735458,-27.333477585492744,1.3492842494010988,-15.315862064679976,1.0
-7.510970877845786,-13.551406607062562,-11.55659623145581,-15.787777795513431,1.0
-13.544157803443067,-25.798550279188127,-11.410951422759192,-15.111163079760741,1.0
-9.020954367522103,-24.176707942538595,-10.101544443606612,-12.44553104569068,1.0
-19.863828244203297,-19.560451739663897,4.038403391879041,-12.221586702621083,1.0
-16.975841692891095,-0.936229320497735,4.791589043357492,-11.804282057991719,1.0
-26.96786928263077,-9.172000334050091,6.575153394544989,-9.12567006964223,1.0
-10.211932372160321,-11.888004657113406,-4.351978078959316,-11.700754711529509,1.0
-11.317467732678542,-16.201345820111072,-15.543858427306281,-14.205251446683913,1.0
-13.629805199895761,-17.8786735680428,-21.68416737686447,-10.851423715012324,1.0
-8.248947893078487,-18.206577002828727,-10.84018458359784,-16.182751123612046,1.0
7.900580121256251,-8.719386170667699,-8.75575581569393,-13.99410709226098,1.0
-4.165453237006428,7.1476155672448085,-17.01928017685368,-9.79460421402417,1.0
-8.545190091625232,15.177656087225753,-8.329858127602877,-15.271239541061084,1.0
-15.605751738760684,20.63989586464834,-7.527097362587097,-20.951845346813304,1.0
-16.765546209629917,-0.10303925824144766,-11.38169962739515,-18.188141099260015,1.0
-10.473464956252645,2.554428466337341,-12.491956481527227,-15.810604759127926,1.0
-11.408854617086527,-10.226362468887572,-3.5728921203152675,-15.121615595770372,1.0
-8.377388890564493,5.581368273511528,-3.318186769848213,-13.325033803359144,1.0
-9.98744306566816,17.67714070102452,11.431254218534383,-17.93253676888653,1.0
-14.468102634624413,4.445960924702287,6.018062273875795,-14.15924446188896,1.0
-2.3620979962543984,0.8076189766188726,4.228591790729967,-14.958887647676148,1.0
3.2418926209309387,-3.03054778977595,5.846283826844578,-18.70324788727985,1.0
-4.513189660459026,-4.467010310016179,2.4012981388727392,-14.498451518243511,1.0
-16.029837861759106,-15.03432833763228,-2.445283744161407,-12.16748037710991,1.0
-7.254577405721004,11.520796141934934,-6.125323857837273,-11.502231786997166,1.0
-9.309018423019195,23.846923890484945,2.669520833441624,-12.296411131571704,1.0
-19.981515106971695,2.8728059445827983,0.5991095489371048,-17.038454091980075,1.0
-20.031369656913046,-10.42529458087164,10.504752589167106,-20.427300499597603,1.0
-14.307504256286704,-17.6277519552917,-8.91651511195793,-16.322084708662725,1.0
-19.088157669619132,-11.066959780477198,-10.886505285929553,-22.665132981959495,1.0
-16.868898535006473,-3.8630654214211986,-8.116378757149189,-21.430863349592574,1.0
0.3799005787994112,-0.8100503997301187,2.6095245320291482,-20.174687869434027,1.0
-6.716346612771191,1.7854849163500965,-4.004335289236009,-16.94193459790932,1.0
-1.3584278696624565,2.6870492452747863,4.223258171026622,-18.993537452366795,1.0
-5.509957724934102,9.500012018983373,-5.52959592828696,-16.235482763791307,1.0
-19.005212100441682,-14.244668968462156,5.089153642575753,-15.377938229259234,1.0
-14.818538854082815,-14.734332345853936,8.229359355376031,-22.20037750609497,1.0
-10.054339713679212,-21.142123384986355,-2.4304375840270165,-25.965300571827804,1.0
-11.594281809532005,-6.519494048845763,-18.030628475993296,-19.559061289185102,1.0
-13.511082658267394,-7.779761304055839,-11.770276233047454,-17.26609068989371,1.0
-5.13309246960691,-10.03577080956286,-15.2957918925097,-22.346697397502428,1.0
-6.469910504640275,-16.970639235382706,-13.230012713654922,-20.739471202882655,1.0
-21.251708807798828,-27.51067496412128,-0.39157059882111245,-12.664595401551543,1.0
-40.09567064271936,-17.01393703621254,-0.9019078431108614,-12.66987173987597,1.0
-23.110934512196664,-5.795346779783089,-7.022524960265997,-17.741831661757395,1.0
-27.287972656745275,5.3233849444928865,-4.878203636477908,-13.126295005490364,1.0
-19.94070021259445,-3.121839162682499,1.9849679480129154,-22.560371084543608,1.0
-10.66328358104666,15.154852907366408,6.62256498025873,-20.779591033682976,1.0
-14.689021798855908,14.92122326420975,0.44662962980505383,-18.881857854598458,1.0
-18.438224538399005,5.738126656200155,-7.460063321728988,-17.800640054958503,1.0
-9.359424655749377,-13.89735915674602,-11.410740106432609,-14.299459022360647,1.0
-10.049234510214536,-16.243646513900202,1.7935425245760532,-17.363091966237036,1.0
-18.95805730107454,5.52293102430019,-0.383104171445098,-19.96017396645614,1.0
-15.883880632525775,1.5831266696629318,10.789042973474324,-22.034315301328828,1.0
-10.66535066025138,-10.823370289775406,3.1819632774932423,-22.522357438795023,1.0
-24.343152514757172,13.702560251899165,10.851036390493814,-23.798452156067896,1.0
-25.937861536020755,23.836406882745177,7.418636918038059,-16.369584683127652,1.0
-22.11372377034096,10.302469510552369,-1.390154969789033,-16.60124305218682,1.0
-23.344706262300573,3.159214377882879,-10.758853689216355,-15.389310096548511,1.0
-18.134443142008728,13.22210774620622,-14.241421692996408,-12.61187074077389,1.0
-35.44632107509776,4.611012514135869,-9.060847219345682,-13.691125918621967,1.0
-39.33360490886794,25.75908914173824,-12.988424870445398,-21.187257957040337,1.0
-32.63250456189883,19.918210768479796,3.196487737877515,-18.5488195896632,1.0
-30.84254245589787,22.125307719356243,-3.1090751436525004,-16.603115237802974,1.0
-30.448503100597474,23.96304258208062,8.263865547621187,-16.440145620132594,1.0
-19.382153494475272,8.066092038520345,3.305758160367784,-17.380333879622732,1.0
-15.61535216350703,2.388822549505538,-5.061556136748464,-15.934168608343734,1.0
-32.341274029411,-1.331330247688559,2.864884067664736,-10.051118610701367,1.0
-23.3580898783211,8.031533483487134,5.592241488861211,-13.139233228764024,1.0
-16.19162529745461,7.308130788881902,10.222257120849724,-15.062148924146593,1.0
-6.173008150358536,8.48282002156542,6.344312972790531,-17.251473051187403,1.0
-10.747992891374546,8.650828325191632,4.53311334309635,-14.892881580406023,1.0
-24.978387026500542,4.923213151189472,-0.2161309827497211,-14.953622211286461,1.0
-17.18355645694262,0.4937575155775047,-3.8434357725472017,-16.162475062378274,1.0
-2.4498080486257248,-3.950922007518125,-1.851158484383412,-17.48855517768642,1.0
-18.891508443973805,2.7021571083796267,-8.688251718216243,-22.660092431584744,1.0
-32.15772770465816,-8.553259107921717,-4.083080995426325,-22.74394855015375,1.0
-28.01639155489564,-0.8120233210889722,5.2633894602329345,-22.110684283303,1.0
-10.309593341097209,9.200418723235503,4.608642777766503,-21.141158943729835,1.0
-11.925986611739134,-4.575515662058725,9.443314789060146,-24.47414594665782,1.0
-2.7709002926862505,-25.89236706948696,1.6662721475538744,-20.669313414516736,1.0
-15.475879273327905,-35.1126072811557,3.0344120927056566,-19.750122039555713,1.0
-24.472841264633182,-12.839974716888683,7.655174455440269,-15.240522056181119,1.0
-20.7478392162325,6.722467771111064,-0.8060173172025182,-14.63697173623772,1.0
-19.453037145403435,4.191481849186907,2.3183251113233183,-13.090897220791453,1.0
-17.57559791167386,2.890697347095584,5.750371415238138,-20.495454349919875,1.0
-14.315858061188536,21.41494536474913,9.301288716832037,-14.596442172398259,1.0
-4.430328234171993,19.191575735438576,21.227978173128765,-13.314212408461492,1.0
-17.730932071196165,5.7442578385881085,6.775813827242877,-14.086048919592804,1.0
-12.882199866848971,-0.5374964596656895,-9.221199496765186,-21.561390257232016,1.0
-1.126205165112511,10.624237910065133,-11.975946742499367,-15.141462620076645,1.0
0.7222969962466337,14.472232460547591,8.423022989581085,-15.98511488187042,1.0
3.9204796226993768,-3.572082830503909,10.62126860754896,-14.169509006413671,1.0
-12.006791779532547,9.823602530568094,19.10967508739713,-15.57186325888751,1.0
-9.782321068572282,6.050348025281693,4.802720046335898,-19.66320788568767,1.0
-5.689804642668506,-1.5646494828316848,11.469973098215522,-21.22171238039277,1.0
-11.417488060564263,2.6351180816992885,8.94411424770589,-14.19804281434727,1.0
-6.604863737061777,-5.428514166230801,0.3892190262237234,-16.815103492505187,1.0
-22.832649841673565,11.78030802982618,10.933416862606066,-15.116275771956504,1.0
-30.13341786636856,3.1778556949562162,6.00569446014528,-14.686652607922777,1.0
-30.41472910698894,-8.21002183019878,-3.7290635729556185,-18.646175831944483,1.0
-29.890462720822104,-9.343692581997395,3.6144954219853505,-23.25921009159301,1.0
-23.630088493885154,-10.74359034155955,-10.404455013019085,-20.950115195438322,1.0
-13.183383405998313,-3.385556203534109,-3.578011523487061,-19.712991513623546,1.0
-16.12949875509544,-10.389206896058173,-8.986985802157802,-18.271773187131167,1.0
-4.332106478832161,-13.10954172844266,-12.299703994259616,-26.85204755829791,1.0
-12.748203663501144,-14.636897719160793,2.6091424816752906,-16.58711710239712,1.0
-14.433753796641533,-0.050080948569808825,-3.1852408648953148,-13.879329442665757,1.0
-15.807101722010158,-7.708384861788594,0.10859586394693999,-19.382549825401405,1.0
-16.798235977402886,-15.53570893596651,-1.420186705581389,-21.3971339365419,1.0
-13.737936049851395,-4.6123278236550505,-9.624977726698544,-22.443266971810075,1.0
-12.377700507901631,-19.61295260504561,-4.24372969489141,-21.077547114508874,1.0
-4.286550779858503,-4.584691513792537,3.7569481226538395,-21.65444911246938,1.0
-20.313388180185278,-22.585262692903886,0.0336944025573116,-18.093117486170307,1.0
-35.20766410747332,-0.27545546524762266,2.460436037984323,-16.00601135224866,1.0
-20.43758453795211,7.888348691574467,13.831475277859091,-15.20863867677053,1.0
-4.6587264192388655,-13.653351192688794,-13.472936588411763,-11.642597126848319,1.0
-2.382245912671399,-5.301096419358251,-8.94868070315362,-16.008383222770888,1.0
4.346248324277193,0.5406146699009895,1.0344321287169747,-15.064320885156343,1.0
-18.893472975840268,3.738971757707941,5.872664654307089,-15.21927430932458,1.0
-20.11399142526775,-7.90345551762389,8.4448231703311,-14.43187160654377,1.0
-16.086351416979735,-4.725029894521057,-4.355939872946424,-14.258874945836286,1.0
-4.010087359324281,-8.495128987539887,8.54874513907757,-9.81659699424021,1.0
-25.1244450625091,9.83030898568111,0.03990137204713218,-12.742936185876545,1.0
-12.125754832104034,11.250593186005304,13.831996580566106,-13.591456942245104,1.0
-3.6141817241988576,-11.229048749498496,1.7231786148762742,-18.758640137716977,1.0
-11.459641066662726,3.421432771743908,8.258397475591693,-18.784774198198605,1.0
-15.614069840857958,3.0912474893547177,10.646589210257154,-10.865998210918729,1.0
-12.342582846459038,14.417040952156349,11.369757226403793,-13.808211711789824,1.0
-18.387248058738848,16.409381484936993,7.857619369257053,-12.526149207565561,1.0
-5.531888343449525,9.42388627221634,1.0679134690908585,-11.868006319693725,1.0
-17.725667533157637,11.223331004842363,-9.782526190922958,-5.257986461759467,1.0
-16.015330860412977,15.096744738439686,-3.4807194295125514,-11.80463667008787,1.0
-1.4534688738968047,-3.6615290963305664,13.403908150483334,-9.73411785190115,1.0
-2.26627628883796,1.148904446134999,2.7647788139207847,-11.34618131291498,1.0
-12.847371360477895,-9.197268113570257,0.24912530318336723,-14.66099463965356,1.0
3.095673944761538,-12.938022476117208,0.9283484578791619,-16.935828345418223,1.0
-5.271437451988804,3.1646044400323077,9.002537086067294,-19.764422731284046,1.0
0.6631873153098375,-9.147301302209273,7.274743434656466,-23.79310254870058,1.0
-21.879701805410445,-6.258693666817328,10.778234094093186,-24.591342052796723,1.0
-10.910251893413543,-11.322099165211185,-2.3915518516628467,-20.81747054447912,1.0
-14.800157100339227,-2.90920210653455,0.7687368659931533,-15.803756406999602,1.0
-9.848991484771659,-4.193654665411717,-5.650144896955606,-16.819118230369536,1.0
-11.773703698666544,-3.1422228707970565,-2.1898016646007847,-17.87029953966914,1.0
-7.767106778613206,4.180732544407234,-3.7780832985256927,-18.56056788635334,1.0
-17.020947821814104,-9.8605523223608,1.0135205375585465,-16.144218751698173,1.0
-24.28379559254897,3.6313870404519806,3.2604292015133183,-8.09688102914525,1.0
-20.87681341265086,-2.5803707620499403,5.539778734724956,-10.686223355983739,1.0
-9.267583933773725,-12.17652352002714,1.1337068532178822,-12.667139230239586,1.0
-23.404713063685374,-15.308031562620346,3.0385016805932663,-15.30773444637941,1.0
-20.136562502855494,2.8418114184766896,7.134146201370684,-14.57014384031654,1.0
-25.059065809714085,14.41954663410687,3.8074305088388174,-11.168852990293297,1.0
-14.993157402308153,7.107973226863205,3.6810046920376465,-16.48103453640276,1.0
-8.72292894549171,-15.294933140504835,-5.672622139217336,-19.07302656723086,1.0
-11.911591240269054,2.548203857571721,0.5315451938910309,-21.854299146819997,1.0
0.4970616495262057,-6.013620072610339,-0.6045566282814477,-21.46814326364391,1.0
-0.5097253693648938,-7.366044181027968,-3.747788659223891,-17.131779921199875,1.0
-9.375609986506474,-3.5696314249920205,-2.558614397920838,-20.85388246533434,1.0
-22.314271996332444,7.589820407555125,-10.479050070936905,-22.101796990934876,1.0
-20.985429611984898,3.797932527144888,-1.6116668605749023,-21.224562635261268,1.0
-20.62220425208115,-4.246732285177923,1.3120447724166096,-14.426276969218716,1.0
-16.086216483036605,12.457295287879756,-8.015150149820785,-13.589060046433794,1.0
-17.757836594140677,14.592791381718174,-6.542314469378395,-15.231341634841034,1.0
-16.215570654348056,-10.520053285958628,-10.77453849614362,-13.06425883101011,1.0
-14.373228123974378,-2.146832174437445,-10.926144485794802,-8.422057967117826,1.0
-16.271152477327675,-12.633287443051664,0.9600421798290801,-14.914046704786447,1.0
-13.691619988337482,3.784486667121678,-2.918793755689531,-12.825756377360978,1.0
-17.525777217372912,2.4267317651753526,4.998421149010216,-15.80535460359694,1.0
-9.204267340456695,-9.155414342424523,-1.26614361060496,-16.881961712918734,1.0
0.8208131326952071,7.1213838822882725,0.874337244426143,-13.481912868726264,1.0
-7.3228342346592115,-17.5114518987062,5.95376100171908,-15.448051284058291,1.0
-14.338809549062589,-22.513190035743886,16.316929606473707,-24.12147836536282,1.0
-23.512375953859173,-11.529369730687295,15.767225052807309,-26.233388172276022,1.0
-26.82657707018297,-10.731772848135744,-7.694727789659932,-25.520567581419915,1.0
-23.41399674280258,-0.038851077589200145,4.087632701869184,-15.53192446308261,1.0
-22.373709200522576,1.4014955854342581,-8.089955967359021,-16.06884307801117,1.0
-12.19578857167631,-15.158225394619485,1.598988035678138,-12.21135868699571,1.0
8.01848098909471,2.6070130451932148,15.13522530144181,-13.59326181627208,1.0
-9.902734907657319,-13.60059953052831,6.257429414532045,-15.3250006240296,1.0
-7.01659867254788,-3.5646652422570915,4.376186763821173,-14.937806413890197,1.0
-25.268088085188914,-9.880734572527329,-2.238483045527933,-11.873315772084148,1.0
-20.55224580887309,7.760551178515209,-8.450683310949584,-12.071863131976347,1.0
-4.764880029325246,-4.623220316363357,3.8798742055605606,-14.72642904303429,1.0
6.696565644702687,-5.598048354373703,11.036785777464186,-10.438683256978223,1.0
-4.477470068742612,-9.396070935196963,5.405220620081632,-12.46418043616717,1.0
-6.632972812573279,-12.047024302956638,-2.3360275276735036,-14.499965796562536,1.0
-14.703444464827795,-5.046057590840362,-8.503083094503356,-14.817895206661566,1.0
-11.991937254803133,11.985145359219707,0.5134900032557828,-14.59632227349881,1.0
-12.780954453379191,10.534360979548172,-7.051430378686652,-15.002680953668383,1.0
-26.673938139626195,4.331415474418514,-6.2276235683826116,-15.094068109941684,1.0
-23.381575584166928,2.0306659305811063,11.699839786927337,-13.77403508375361,1.0
-22.83735701866854,6.484001213269373,9.44477725385094,-9.178207665258624,1.0
-14.283855541246036,-6.204184216255355,6.65053379515295,-16.607183633871273,1.0
-12.642348541080931,-10.455419144097501,2.0984520750078928,-19.654481962764685,1.0
-8.759589006041182,0.281587873404499,-0.6884317573238743,-19.15331737881925,1.0
-13.211021134671086,-5.435221929712378,-12.093829109014763,-16.61310671837786,1.0
-5.150357903201845,-12.88239681243421,-3.9914465273932995,-11.926418181177649,1.0
-9.259545128874862,-15.60831915226206,-1.8712749743423793,-9.974159673339841,1.0
-15.79936103488749,-9.833714177102514,-12.463482816305099,-13.840949575508038,1.0
-19.0644925961139,-12.459060867393873,-7.004759558398728,-14.640723721419654,1.0
-12.695272000084856,3.138286848492534,-0.12315361230041999,-14.485916281613651,1.0
-11.781804294783036,19.00574673630547,9.044084949712566,-8.103464438577872,1.0
-11.00581986655677,22.113772459527105,5.00411565322956,-12.40929688782364,1.0
-3.681311688739336,10.915381450648125,6.352370019504675,-13.476256503573708,1.0
-8.481378203484322,3.5520216632435373,7.070774719424581,-17.240861328848624,1.0
2.1840965588636507,9.326722283286784,7.592471719251126,-17.829595946873052,1.0
5.213790904046341,12.358222386694383,-6.657319965862383,-21.43621201983683,1.0
-4.6872869024015245,-17.70402078971459,-2.8314605929965246,-20.40418964183632,1.0
-0.51032220737061,-21.50739867576403,-13.813447920545096,-16.738033268008525,1.0
-21.04238978496347,-25.33248723597857,-11.954853207665632,-13.997464283116841,1.0
-22.053856645171813,-25.948135211074167,-7.043396885597975,-19.82406951764198,1.0
-31.198519507555083,-14.281515193137519,4.893715070834995,-16.868717217827896,1.0
-26.074112141294002,-17.877756917755327,-6.552895822247378,-19.154134448126182,1.0
-15.672354634018923,-9.383939732046683,4.930510268389256,-18.287743948205332,1.0
-9.77941414363235,-7.457301879089545,-2.301059011923601,-17.833313026487048,1.0
-12.615997404448578,-19.3967793663205,-14.749464486046358,-14.652159503855383,1.0
-19.05680902175243,-18.98268352029354,-4.510782264288375,-13.712607314580108,1.0
-15.741892183573592,-12.814387514016376,-6.213489015801347,-6.5274602328671225,1.0
-13.718281997933353,-5.200400254844822,2.6738506685796573,-13.95854738302517,1.0
-36.685170258018175,-1.637261613351738,-5.01288018773873,-10.82959154179261,1.0
-26.446826890589872,7.712319737093925,-6.593501101651361,-13.037088503221238,1.0
-11.949695548447064,-7.158984753169968,1.9908457534713397,-14.534637851593288,1.0
-12.84031054610386,-7.951403583997585,14.181780779549644,-16.269438919905717,1.0
-14.581467201290273,-13.012634388996096,10.176576849171514,-20.88220771601255,1.0
-16.972024090765622,-26.431144474612704,0.025883273766787174,-17.624330438403668,1.0
-25.032266265458258,-19.373843699335815,-2.191003641502458,-22.337918457740123,1.0
-19.875482016745003,-12.790327862396836,-6.787425685182887,-17.980866933748096,1.0
-13.54884518478995,-18.39095982237819,2.137552440984742,-15.296277663954756,1.0
-13.0712129951375,-19.03794595436012,-7.978396399219542,-14.99425004995622,1.0
-3.172302360987409,-50.85568817822306,-0.6770050778255126,-17.33994929390414,1.0
-7.929430761156066,-32.303982872497436,4.738515997971793,-9.321407185104015,1.0
-9.550789356621978,-2.3018461446632905,-0.9776183548544903,-20.4792214862836,1.0
-6.469858612431136,-5.100702477911982,-15.670345909182085,-12.346974772994738,1.0
-14.748090368736083,-9.791126051947082,-4.059774510139114,-11.901186581107897,1.0
-18.748341727049652,4.406817916211736,1.6297919495981041,-12.242632109119503,1.0
-20.844123771233793,-7.094106931131149,-7.951100167347699,-15.524069935593351,1.0
-12.855788141179255,-3.300700997733589,-9.358479120932476,-19.030873165954358,1.0
-8.571187361540716,-9.030517230905957,-13.570608713251922,-19.345535413234742,1.0
-11.603340472113853,-22.255263084966877,-2.963101117283759,-22.589817535718762,1.0
-12.194469306608344,-8.89755585574735,-12.634506354345898,-18.681943076982698,1.0
-25.611798245454956,-8.560528524404734,-11.045282711843704,-26.825838558468995,1.0
-32.62221411089626,-12.77910022160593,-14.613484637543744,-24.96586716749946,1.0
-20.808650794085164,1.5616301922436215,-8.09931947676117,-23.140790508268555,1.0
-30.47165192588026,-6.563696915507661,-6.530794678656408,-20.586150786389616,1.0
-24.55874338225898,3.009231444305403,-3.0906926207512058,-11.844364353821245,1.0
-16.555885339944727,0.5232542104563258,1.7339204828644124,-14.528356165589908,1.0
-10.51905126515786,-6.039748905035108,8.218460964690454,-18.15785612547861,1.0
2.4729334255512336,3.5591203725552525,-0.3079679524137813,-17.304416764553654,1.0
-6.968530854240027,-11.779160308980725,-10.383359562753713,-15.108775845379578,1.0
-14.548176253090201,-16.192922140475325,-3.80690701842479,-17.000509221729494,1.0
-9.45215082717924,-19.302801463205796,0.5229951700328694,-11.298651320044794,1.0
-8.327278523466337,14.70572627183341,2.123058219347053,-8.572471468579453,1.0
-10.675771389019737,4.696666271759847,-7.5609592181726395,-9.862120413503169,1.0
-19.4561735411727,8.57891654604878,-8.539640060932143,-14.438173889914019,1.0
-10.148663229683258,9.460205906132357,0.1861620820973835,-12.88786303997594,1.0
5.065431953465353,10.919917621787802,-1.6319309999089517,-15.272103841329013,1.0
-4.897917421463916,13.98926851404139,-2.599762475986685,-15.531877774289605,1.0
-3.824753015126092,26.9797779316516,-1.8057592676013883,-14.268009249546916,1.0
-13.457653622871499,20.67742080236075,2.178561212424371,-13.91567106861081,1.0
-15.23532504354754,32.305176227496425,-0.9941226046323872,-16.06919086306378,1.0
-18.18714198960926,25.736502176263453,4.803638606411976,-13.831233787703649,1.0
-14.279342757957577,13.089951119207848,3.533256847322555,-22.39655315924225,1.0
-18.768507086690157,18.754152608529346,-11.873716508768283,-23.312321507345096,1.0
-14.45886639194611,13.328371622443132,7.588078156904744,-22.146076739730614,1.0
-22.75780709821942,14.993305450838442,3.8001368836573794,-18.186913992125028,1.0
-28.449698398604053,20.69709007740125,-3.6140216544892487,-16.631248762435717,1.0
-15.475431947647433,13.393612996080602,2.7525150170401798,-13.690547745186063,1.0
-15.59217804514686,21.851161411459014,4.46253584798433,-12.243210434242918,1.0
-12.897497341911993,15.18051224161871,-8.808899174403393,-14.435133632879396,1.0
-0.7368874272432304,7.740694695466669,6.303061458059261,-20.964835692746767,1.0
-12.175730566290117,-5.936761738500515,2.323492653346576,-18.148934643447113,1.0
-14.701409717070291,0.08344272869299374,-3.7240251245683322,-10.594676654911257,1.0
-19.228458424347323,5.7796399452702065,-9.07021918020125,-11.41442007872843,1.0
-33.06815368041971,0.026614507458765146,-12.833361682514,-18.64943808790921,1.0
-23.976027815524006,-3.1792411576510347,-11.33246174513184,-18.43117067036991,1.0
-27.222761097771656,13.877798172734554,0.6652852318700202,-15.12046044124051,1.0
-22.542045289194352,21.650306243848917,13.063640264385725,-11.076392053173585,1.0
-18.664954304371562,18.54265828759137,18.000736056816258,-13.368841540328559,1.0
-14.726416859781331,12.44117619036031,1.6632398138726283,-15.429904658516296,1.0
-21.991251680585354,21.362793837394495,-0.9193114483942977,-17.11011962442671,1.0
-22.387880231479738,26.729528468602048,11.120983649724291,-14.542498935223529,1.0
-27.876336628550455,7.379700156722416,-0.8012308831903181,-11.17450473353193,1.0
-11.858421168374525,16.66904467233515,-2.365168259802603,-5.889426557272767,1.0
-13.624174692206273,13.375962704785255,-19.036651002572036,-8.23502062353714,1.0
-4.68972628097281,11.66620831138546,1.7426065305639609,-12.710837133478794,1.0
-9.42516542957529,29.80344144328081,-5.608957170095804,-14.13869572066445,1.0
-22.81215798258944,12.506456793674772,8.137429897923615,-14.833982161931042,1.0
-5.63167883367046,13.238716909300713,14.189765333618954,-14.43296241786092,1.0
-19.673336812232254,28.004237207160095,7.734068766128331,-3.6925916110550396,1.0
-19.155309342808536,21.619406684403813,-2.125895920384633,-5.2430349946784975,1.0
-24.206159835074338,27.24846117764898,7.766234940147092,-11.998339507664474,1.0
-13.548218283519839,32.998855869171436,-0.337647451824173,-17.112370194370275,1.0
-6.606198323534689,19.625714082320282,2.8692953893028585,-20.484380461431513,1.0
-3.6709960730571556,22.34001689087178,7.6730339150930496,-21.666443462828543,1.0
-13.994683306417858,16.310131011328828,10.69296014834953,-22.363119516505787,1.0
-9.944081034608784,25.531052354347725,17.011696107241786,-17.539789955633783,1.0
-24.30427620489237,15.922975837018136,7.03108242950163,-10.31637405740265,1.0
-18.50252460248479,14.615656768155917,6.048042807537974,-14.464008835826155,1.0
-27.00482390584785,-17.08907754381726,-2.9940815663689335,1.5141379201149108,2.0
-10.174744957286132,-18.801663965688796,-1.1645639452104488,10.979276959535811,2.0
-22.32779979468764,-20.80340759774698,-4.790999971505759,14.450931966732675,2.0
-7.396567621152249,-19.788796212479433,1.1666103971161943,8.492800876617801,2.0
0.11294027079775759,-17.537416974132302,-5.901643743971116,7.780953951909947,2.0
0.7433700414441562,-18.433343721103256,1.7123792849006323,-2.8508724424484746,2.0
-10.852332847786435,-17.68258887550651,-8.132506537362074,-3.7160673659567904,2.0
-13.54427555368206,-17.255364518852847,-9.658887144102627,-3.983271230936472,2.0
-0.3068083135243995,-17.60738128954224,-10.47594439783871,-10.257132403445684,2.0
-0.10842275371311061,-18.831210934881756,-10.698726425787989,-3.8586104853514094,2.0
-6.785910146161456,-20.256050694409126,-27.382825595388976,-6.593479695020596,2.0
-14.543147702133576,-21.513172838075405,-18.457685709337518,1.5496850171717278,2.0
-2.392722445174556,-18.879323321064106,-11.607987488219745,3.4034057156045803,2.0
-10.264526046720219,-16.92096278798249,-7.261398732878886,-2.231630936186876,2.0
-2.6717583552084676,-17.008637153591852,-10.160803766027419,6.762012311539251,2.0
2.0329899299583296,-17.835941970374734,-16.950255741203623,1.615939335097896,2.0
13.268375047446481,-17.939914554495118,-21.0087772866828,7.732229145044691,2.0
4.550984076636183,-18.221736532523916,-23.140323927679958,-2.2066651551384666,2.0
-5.546577981173499,-19.93472290497162,-11.296954005337614,-6.300824009884904,2.0
-8.781208434051877,-19.839485847994553,-4.810078285914857,-6.646006399320114,2.0
6.87313174635314,-20.78305497669896,-5.420357970364897,-6.351903531235036,2.0
-6.9535165105933565,-19.910458013172615,-9.298602961612342,0.9020756577802502,2.0
-8.655108001488383,-19.15945610654054,-14.591277593461498,0.30614381218116193,2.0
-2.718751754851777,-19.61942506249088,-6.881970754083189,1.0839668750297635,2.0
-3.8517506981549414,-17.768952060369173,-3.311653461792471,1.9184433044713418,2.0
-3.761978148279722,-17.909794799051912,-7.013065836312199,4.659232891424948,2.0
2.4482961577497573,-17.633775327428086,4.4451316658426805,0.25682377669356093,2.0
-0.5642259715124691,-17.847244841924528,6.908226142016739,2.346443693325127,2.0
-4.915834964988861,-18.260458706417523,-2.1303084962060934,4.718717745679935,2.0
-14.049506765085123,-18.78181880076374,-3.2871024749867406,13.29135827738517,2.0
-30.11247768422493,-18.988729172584897,-8.71279992845539,6.1928468897208155,2.0
-17.911649153638365,-19.785622019176262,-18.2463726070245,6.011128629218345,2.0
-21.22621058905821,-16.64174091756159,-11.513469568340513,2.2655785795489294,2.0
-25.175887156495605,-15.65045710008976,-6.267047944006461,-1.0811563413947989,2.0
-37.01921348750134,-17.301165633986663,-11.1970238102413,-6.123594369780838,2.0
-40.85528765594177,-19.512059272324397,-18.35334136340176,-4.537742917261545,2.0
-12.960462951134037,-18.817583472700083,-4.91097167807943,-2.7264204448271716,2.0
-34.06417430624907,-19.727681343118313,-12.546295084816368,-6.967067172529805,2.0
-15.229406786324823,-18.98887374826836,-5.050452464870171,-4.609117617468911,2.0
-9.33826707084744,-18.76356577586173,-5.045277325388259,9.397975662494712,2.0
-18.692958595974893,-18.990156165240027,2.350653264302615,9.909855019670186,2.0
-29.334800330474774,-19.155211396760844,-6.527678941658706,-4.828470892134486,2.0
-26.9839588018026,-18.05252261345846,-16.6238623718733,2.862562051068382,2.0
-17.098046469711694,-18.674425318772993,-19.647290545626777,0.8649760932489875,2.0
-4.785654943480342,-17.050049452793754,-15.980860152458916,-2.4684328031660554,2.0
-8.613453626117359,-18.162150758642554,0.38443678689177174,1.890737932254562,2.0
-16.929211937215936,-18.54099712170957,-10.200826344474233,-5.997599293932035,2.0
-17.138180896986157,-18.722753883876656,-0.0011436284621235693,-8.902675001419276,2.0
-24.763057393694627,-18.52086711156927,-1.5536231240033969,-3.7417510422957716,2.0
-17.435947448335845,-16.66045705771229,5.308095531062632,-3.0322963409788586,2.0
-20.332006292564177,-18.24303665317621,21.241566491375877,3.9867571355611617,2.0
1.7585072583980441,-20.41667510679544,26.720710873703027,-2.4429911460180813,2.0
2.8262326223799885,-19.304385160032812,17.822832577817188,-0.9422076239119384,2.0
-5.489804671850724,-18.267852122432185,7.3137081973380536,2.3834951267289792,2.0
-11.753328322458373,-19.348492856232575,17.338127912771434,10.356345698374582,2.0
-12.599275448931014,-18.787566770297293,9.0012464491112,1.246978695459891,2.0
-11.967416403556983,-19.45870927597322,7.757573992011509,0.44224746624895905,2.0
-0.7892137439359299,-19.47500031849455,17.498130190378784,0.7663017249741666,2.0
-3.8602411698026984,-19.09101883858529,15.986312542877622,-6.351767977574934,2.0
-11.45826379438168,-18.06822224598985,14.919535806744456,-0.6367623864387404,2.0
1.9013073992911256,-17.87058228283017,7.416390157862493,-4.063351016103844,2.0
-8.451463137657804,-17.557437393222905,8.37301525647068,3.348369260110047,2.0
-2.3863491990914767,-17.227433350905088,13.562387326935294,-10.608143619462684,2.0
7.843851185535193,-19.11141882700511,17.555353202704378,-2.9216051234357696,2.0
13.95547837277008,-18.211022647603517,32.59782901176067,0.967154615445045,2.0
-14.381016132998223,-18.07475551517214,11.342208115122968,-1.5492698214774294,2.0
-6.430600492088679,-18.35466453944051,2.307507640303875,0.8139675405785088,2.0
-7.021550931535387,-18.916518951366182,12.426598617541826,6.327489156163929,2.0
-18.98133384924726,-18.02952752348094,-6.474510729893603,3.1804762557829127,2.0
-4.552960712266062,-17.344051881960375,2.526726131702918,2.801229281078444,2.0
7.1641477604741475,-18.320182121780434,-4.1010700099265165,-5.414140773748913,2.0
-15.53959912270194,-18.60028446183993,-3.948028114716916,-7.532722071526438,2.0
-29.038578616706673,-20.2381786969571,-2.1850309345947,-12.007060353487496,2.0
-22.71425967953405,-20.60067919557741,0.1824234143200294,1.5320889254478882,2.0
-24.81171420250825,-20.860971942913608,-3.7274722929517403,5.517503379571662,2.0
-28.946171755300558,-19.83945588900505,-12.336689713585098,-5.116339899526922,2.0
-1.686176285900924,-19.693310285581596,-13.896047006562874,-3.727371349265136,2.0
-11.25452920461827,-18.710026700130644,-4.3630904241910216,2.856362420336554,2.0
-27.783336158997017,-20.17077702871585,7.26864966736014,5.811602894304782,2.0
-21.868150570558356,-21.22522435673858,6.312447656663102,-2.3408994975368245,2.0
-6.4562681793270045,-21.280277263677007,-1.4105128106514462,3.638659184802832,2.0
-17.19030169409094,-21.9618644041118,-10.719564832339666,-2.6825292662871263,2.0
-21.849331056803358,-18.794043106884896,-13.45508849766765,8.536739433437123,2.0
-20.798159377790316,-18.249457258402067,-3.5829352537469994,7.760774239694794,2.0
4.746026812074854,-19.08338953292826,1.3413434836710643,11.764798635586525,2.0
23.52825291081951,-17.768211449466367,-4.38777420577981,3.9256601756717355,2.0
8.25414903318398,-17.45814922868744,5.428341325057533,5.697343885480342,2.0
-8.62235036190876,-18.352082170822182,8.291553708189145,17.416945429266608,2.0
-12.880259675132631,-16.5728901133599,9.408421693998468,4.510589483618616,2.0
-28.55506056447074,-16.92119315959746,2.291762603632997,4.479367524386271,2.0
-14.116483288152509,-17.83080349869458,-1.2000021059142383,2.2912654443929625,2.0
-27.25188818045635,-17.65697791488973,5.730049331647983,-7.655881910816493,2.0
-32.247779649019336,-17.835062063187898,2.542782906253387,-4.605902089607279,2.0
-27.552231286102966,-17.943477400426023,-2.0117212326136324,0.8393067363166935,2.0
-3.8362725941239937,-18.342688587368038,-4.546876161428284,-4.085782714023354,2.0
-5.081707066183098,-18.82430840520017,5.059681440859789,-3.055623047905752,2.0
-4.514205456761328,-18.52716805874196,1.7568617013071584,1.6497103075633825,2.0
-16.20368951359073,-17.859580749372093,12.278405140355591,-10.926024716859628,2.0
-6.631591847460039,-19.324390453963705,5.859814673745175,-4.523108701228384,2.0
1.886468452046536,-18.65568250119237,4.772176975625849,-1.7230876101505561,2.0
-14.752840926499882,-19.274669684249456,-4.26799300564969,-2.7933667743614095,2.0
-16.957516860784082,-20.565461136798437,2.2128114707875293,-1.3822812506267521,2.0
-29.232059110453108,-20.483469177561545,4.206204954081535,3.5135701208069916,2.0
-17.290904013094945,-20.04781822062064,4.923524697821177,1.888114829356324,2.0
0.37316509994302294,-20.719804854410125,-6.795456831217101,-9.280951518988847,2.0
-4.082795473300974,-18.839964916105863,-8.445921938050306,-4.027210511138432,2.0
-7.5737299962320535,-18.919462967559806,-16.227592902049913,0.615606111864865,2.0
-10.858374057244042,-18.093934291596838,-27.04251587475928,1.858211398802393,2.0
-7.901467060391306,-19.550230972264046,-7.338734379824942,-3.7789245832899185,2.0
-8.051226666965238,-18.313835845444842,-10.252786271534172,-1.3467027479566949,2.0
0.6605903819083458,-19.239022409899963,-7.45584048526648,8.59132625988466,2.0
12.02161903754254,-19.625979467775075,-6.474302338158521,10.243027784143901,2.0
2.8706137339857096,-21.218560206496182,-16.805558793103874,2.565578753227685,2.0
-20.85949096937147,-22.169530159824795,-12.203874193106984,2.563834530235793,2.0
-14.78201196584247,-20.85981854480683,5.214773486566422,7.302634391353751,2.0
-23.0498511953247,-19.0686629733806,-7.109035715782648,-4.512775229962752,2.0
-24.326756199248038,-19.194628743001914,-10.850320942143396,-1.7087885596415182,2.0
-15.755123159259849,-18.98836693544695,-9.323570153902415,-2.347255088338982,2.0
-27.467532128407434,-19.241377770034646,-7.5981160336616655,5.983549105709443,2.0
-23.085164040819805,-18.619770820494622,-11.377720284748143,1.5765721703188884,2.0
-4.503974726874034,-18.383386489797807,-4.277747451798904,-3.47591413375325,2.0
-4.6052354089682535,-17.553342489354907,-5.377483637024877,-0.05206382783286578,2.0
-13.184586813340257,-17.886889812126054,3.1449645811588676,6.1379104137349705,2.0
-17.490874957136114,-18.417435721897863,2.426746925527504,7.241779802595392,2.0
-14.087225855757202,-18.071605047918116,-7.396981803948471,13.032615594295862,2.0
-18.620292174537123,-17.066351216181754,-1.8611032030324162,11.700379294848142,2.0
-20.06768852437861,-17.72857188518093,-4.299271432912112,-5.614117963919725,2.0
-25.33534181417201,-18.62734936380521,-0.6902138813287286,-2.489379968629552,2.0
-13.193688571403872,-18.345616742799454,-2.4365768840581263,1.9619314107412347,2.0
-18.358418919177588,-18.759812042438774,6.329083297758649,7.895440902349967,2.0
-0.07857490349101148,-17.35230585331359,-5.041398119803432,6.649453428732777,2.0
-23.132479406120535,-18.43435310956554,3.316446356166136,-1.5277148323767293,2.0
-12.005915968316053,-19.969892259330823,14.61987006991846,4.787712525186091,2.0
8.622991644071723,-19.45495170970525,8.38405378411488,4.0687587197819015,2.0
-21.242826101035064,-19.60222446974452,2.2154168531788083,8.230225985448614,2.0
-34.31816958113808,-20.867815713030897,-2.5259349197361423,7.594142170694573,2.0
-14.535134141998164,-19.65325892631401,-7.080454304952559,8.296422099691174,2.0
-9.315766950032126,-19.71539872371183,0.428894853198873,12.05874612238742,2.0
-12.724253853044516,-17.234123048708913,4.289747404519555,11.474921790008104,2.0
-12.729423442843157,-18.174915686154602,1.0074546298238278,10.014881170827113,2.0
10.331172243051519,-18.412455318817766,-8.38057222588981,16.155058350777875,2.0
14.210212664162485,-18.973377508837704,-6.893326847487112,10.359662629807485,2.0
-9.92597520810666,-17.599289127249232,-3.5850605375223608,7.212888377445449,2.0
-3.077862708452156,-17.806506850864295,1.1147541307899966,12.726161703893915,2.0
-17.26766336842704,-18.69556212063795,15.021725858352543,7.661385866178552,2.0
-19.611074451362718,-18.818906713429598,18.852536440887555,-1.9119377536737416,2.0
-14.366101793583244,-18.234155594833894,20.574790927989582,-1.206136884321113,2.0
-34.97160880780582,-18.355643641163155,14.332629458992661,-6.729278950428086,2.0
-28.25216092787521,-16.878104962763018,14.68877208357426,3.9333330328496996,2.0
-23.0572651584783,-16.70326467831249,6.242721685204608,1.1038471072568776,2.0
-30.963455117594282,-16.579066175381037,11.936198356357862,-0.8771209210174218,2.0
-19.80361316811485,-18.898526564692208,6.306583630861855,8.944613743731285,2.0
-8.457762627299044,-19.31483368574157,13.06485912484223,-1.048831221819667,2.0
-24.23659659730322,-20.586770911427813,19.983968176595866,-1.8553447959960816,2.0
-32.03435880179707,-21.16598982100176,5.962365479583456,2.8423009886144177,2.0
-25.131187711127644,-18.923295500059563,3.540645462552331,3.5026761066694316,2.0
-20.013249628128545,-20.177780223356155,1.1464599618360276,5.556849891111541,2.0
-14.372903357011234,-20.18378562584261,-6.347744707575332,-1.0773675500449,2.0
-1.2800453174698845,-21.38093194665293,-0.24762452738868213,-0.5702452532466022,2.0
-9.436265132709424,-20.734413343228212,4.404152370885815,1.8531307560589014,2.0
-20.137301447526355,-20.56712889212031,3.3039057540626207,4.222102399988478,2.0
-29.9704491633021,-19.477531194644353,-19.247059786371672,-3.3576882768737772,2.0
-26.940207344157535,-19.39652411985571,-14.383627280241443,-5.1551385134954195,2.0
-22.730855946043004,-18.01460828335194,-23.398178432067965,-0.6040110081870971,2.0
-17.53472103181661,-17.396911057343324,-1.3331447884550878,4.969335913273952,2.0
-3.9586505763878357,-18.885185032511362,9.194631151808519,-3.451645654337373,2.0
6.079360550394734,-19.675075529537846,11.006971420019408,5.591548181478309,2.0
-2.3544514509481917,-18.729714118358945,11.829991651825836,8.08822768262929,2.0
10.730052379115685,-18.73125970809515,9.038564901822008,2.6890882685814526,2.0
-14.074770772383115,-19.869213414746426,3.950727354983829,7.118900322786645,2.0
-10.277724122868158,-17.166699870333176,-3.340339921857403,-3.0668321646446053,2.0
-8.689258848439746,-16.85078403785522,-8.468716405130772,7.115771997310492,2.0
-11.240478740605473,-17.337706965638322,-6.77397647222685,9.587463178929399,2.0
-32.11921421340775,-21.164612652194684,-6.5246341222662725,8.01902581662911,2.0
-22.052781432293365,-19.516090579739398,-14.348458614044123,-0.29286916554598097,2.0
-4.476553872954971,-18.796375164538436,-2.9361219412419852,2.2524922779171748,2.0
-11.708752093516296,-15.519150342591765,-10.621334095463236,-3.208798240738348,2.0
-16.504705619776647,-18.377673755836373,-21.147954637845167,-7.424034834834491,2.0
-1.2800249929668457,-19.130687576774548,-23.269168437846385,-1.2549601286601098,2.0
-14.21927568071272,-19.245013747590715,-25.39820184119779,-5.60157343995876,2.0
7.701333061673026,-17.37470268007285,-36.24294764587982,-2.049268286995449,2.0
-11.268422989390931,-18.113707092940857,-30.91554431943308,3.5206400801593025,2.0
-18.233461392457553,-18.62490988642437,-15.895852561620876,-2.5463742796188966,2.0
-17.251718059493186,-19.14290732765756,-15.707807381852835,-1.068290176504276,2.0
-15.994545158287245,-18.975194380229897,-12.679094021024026,7.284044320141229,2.0
-12.465111404159728,-19.9291520482054,-8.061679856465599,-0.43519490748151046,2.0
-19.42942645244893,-18.02022803854413,-17.467411384152932,2.6914177941840074,2.0
-14.116114909213426,-18.10067955346221,3.328107788936718,8.599261979404885,2.0
-12.6511737556285,-19.048420260578744,6.455251066117223,5.474963623479956,2.0
-19.07877418171553,-21.76541466725933,5.584733907289538,5.160316278131814,2.0
-1.9360051340254252,-19.89318663529884,-13.387139433336058,9.931451158823835,2.0
-19.035317160797394,-21.26080960057305,-17.702455570649427,4.167416615832753,2.0
-4.323537079035794,-19.603194286229332,-29.629234189451125,3.650358682127883,2.0
-22.4270366931367,-18.521910026512295,-19.45811768911239,3.0915583705878706,2.0
-16.850672805700235,-20.084333836038464,-19.467110537613912,10.12730067211088,2.0
-19.347807848380192,-18.670967259638108,-3.426016315293352,7.662991291001484,2.0
-23.047559883555984,-17.094273841835264,2.9081257647277026,5.899286324270714,2.0
-30.50988329098266,-17.034385518513847,3.8457288871672244,-1.2138069603790465,2.0
-30.580460627882083,-18.54969812233703,-6.2985307433451325,-1.855741682612057,2.0
-25.26458158798001,-17.76906872721388,-13.408969254488976,8.420739463220501,2.0
-30.365864145543398,-17.582789732478133,-7.776636261032113,4.394258961829873,2.0
-17.09779133201323,-19.720147446989305,-10.991380997947221,6.381979831923615,2.0
-32.06313578546939,-18.921916184224486,-4.466603662933926,1.570854880466383,2.0
-33.4380320881899,-18.652531033953018,-3.909930853585163,12.47925909849992,2.0
-20.32639830262738,-20.465396333731704,1.608345248964413,7.169382072719151,2.0
-2.5800574297094396,-19.423735856632035,13.27304390080361,-3.2778155614300535,2.0
-7.922149706923892,-19.724035193899663,0.4447399305168127,3.1639082377624934,2.0
-12.830839073412253,-17.51230984962458,-11.155619859567551,5.000273622956009,2.0
-19.063693239348574,-18.95665143022548,-15.347268411871662,2.405032667340937,2.0
3.9389033764417807,-18.578809004800735,-14.623537938201089,1.2270491410645732,2.0
-3.945135180292297,-17.429785309182773,-19.920537703050627,-13.142270567631986,2.0
-16.91844232112045,-21.012538595182594,-22.59691262141423,-4.461163280622472,2.0
-32.48800761161624,-19.68772961483635,-21.607593774894426,-4.967330039674543,2.0
-16.044705613146,-20.928021413163957,-6.86977461799866,-0.7765532915006101,2.0
-17.00978466920288,-20.59928229281063,18.399677177971377,-4.7470529911043515,2.0
-12.237168367411549,-19.92518383021234,17.86143185409717,-5.5579899074497146,2.0
-11.961283652185202,-19.60154196575118,27.04971691617783,-5.53067044484863,2.0
11.003954463824098,-17.378508611292318,15.421501991507654,-0.9831021793801865,2.0
-16.63213660971542,-18.830036167001605,2.5083207518247512,-2.5265252970194103,2.0
-10.02289954771194,-21.17998842342415,13.88722105544425,-9.259996502615635,2.0
-19.649235490946303,-20.166350620718358,14.751329082788153,-3.766024078581301,2.0
-22.180029223666786,-17.505683304000257,3.4584799087253657,-3.4649427974826414,2.0
-10.537854970473399,-19.276804988851964,3.63424550195219,2.9629379970717085,2.0
3.4682466021734832,-18.773740913106895,14.16018500468612,0.25049856924527747,2.0
-9.192051251825891,-18.011658251144464,20.84732866851902,3.364827615452848,2.0
-16.70460621419982,-17.233966040252266,11.579252703816671,1.206482265455282,2.0
-6.439439158308808,-19.58172404802891,19.543110846317283,3.7833072758594177,2.0
-8.174199395060773,-19.70301422492022,20.53254021341425,2.1915530572899753,2.0
12.406065987386492,-18.788422686343647,29.401183002881172,1.8201439089411975,2.0
7.907919661983887,-19.55424874969591,13.62300718892451,-2.6633452114086165,2.0
-8.539922637340965,-20.946926616877874,16.520810600452975,-5.931365963384424,2.0
-1.8177144142644441,-20.311086683682998,19.187872582017718,0.6970897347067315,2.0
-20.757890959285163,-19.972329160082097,25.025994818990192,3.9702761803222577,2.0
-0.5911351012757686,-22.185714939369593,26.557064506774314,-2.2402353327687488,2.0
-3.508006385333076,-21.649208718203045,21.514795883423226,-3.126143839417889,2.0
8.727023317413284,-20.303527873212847,21.924132794672033,-11.460646614115678,2.0
3.313132993734275,-19.11048957734672,8.050979989400213,-12.6427122870301,2.0
-8.0040316462747,-20.004207078492477,20.627257841239242,-3.4555609633602553,2.0
-9.03242581075166,-19.751793714166364,8.791449206509155,-1.4674945575097968,2.0
-25.055206139570778,-17.307078553142027,19.941017506033727,-2.1657053459628326,2.0
-46.68041153217836,-17.29497061694894,13.527776749223003,1.7052322403363183,2.0
-28.949955450426895,-19.42128965132042,6.365694468601282,-2.8831803068002007,2.0
-15.627428820402747,-19.182889475673335,12.452078990457451,-1.0183528206819208,2.0
-19.11322742736052,-18.77707428957345,6.75510112859142,-0.016162688500275024,2.0
-26.2467882062912,-17.572187308895952,23.727663481111442,2.5314371035953096,2.0
-18.35265815181316,-20.48267081055167,25.1479176913301,1.2070724965727675,2.0
-12.000751170787126,-20.228986889671596,16.725234765434777,-2.117146886670545,2.0
-18.8402682637579,-19.33394973555999,9.430134382569715,-6.6872352087064195,2.0
-11.580775139076678,-18.48082152947325,-1.3837262943907227,-2.470630961057562,2.0
-12.133413968872734,-20.74432894741748,1.8526201490128855,5.102187753499482,2.0
-17.037723423694572,-22.167625405033526,7.817956943257116,-0.5645517858572613,2.0
-22.18498287626969,-19.154784259413297,14.550992698533612,-0.886015228064801,2.0
-24.281980400405978,-18.799950341563445,14.406086763717243,2.1847067507209004,2.0
-22.2078086170491,-18.01760840327633,15.618544269477495,-1.1236998427674014,2.0
-20.006643464987413,-17.44690825573186,11.404978231182675,0.2041197615630146,2.0
-14.833489265523326,-17.767507158535732,2.7439103048277005,-3.546387162761363,2.0
-22.662490044519437,-17.954521048448797,13.491229613165176,-1.0838312855019332,2.0
-37.79168606879999,-18.837546040028354,9.950040388534134,-0.04750816188670459,2.0
-29.9677165336213,-20.04837201082563,10.814347508765518,2.1206827299428657,2.0
-29.404648745693216,-19.385619925827605,5.653661513967046,2.1108870111037312,2.0
-22.345645385446826,-17.52556111121772,15.47749338415854,3.335426954032234,2.0
-15.777654859605192,-18.79990385312159,17.900500964834066,5.4619557012593525,2.0
-8.556241249265653,-18.11200722159373,19.400755957335512,2.655076415836944,2.0
-4.125305741179501,-16.568617992774637,10.592829153683965,-2.0860891130307864,2.0
0.4148052310999297,-16.26742229226498,-9.852702969800102,-9.338849273262195,2.0
1.4325506000823864,-19.204096453357828,-20.00818558866805,-2.959458917569189,2.0
-3.9695635302179646,-18.84511444425461,-22.08853582991068,0.7852264602175978,2.0
-16.667083417857313,-19.925821260635153,-13.675360994523494,3.880246455920617,2.0
-20.33698425231986,-20.105020594784204,-7.793744203998196,6.276306903356023,2.0
-24.68369543248801,-19.051656077517666,-10.50048980763235,5.672180735670106,2.0
-28.187810881650968,-17.394657937099055,-9.541082692787786,3.462179090306347,2.0
-24.701085684686383,-17.584182311367012,-11.169898595011457,1.5857342161233654,2.0
-11.961697864084123,-15.492507845308866,-17.817938025066937,6.514404088080924,2.0
-16.314258094912343,-16.3158374655822,-16.040430684069346,1.1653038309687713,2.0
1.8110141932814714,-18.578825567351707,-22.272051714964157,-4.245235505392291,2.0
-16.066414229237726,-18.291886318334367,-23.111783944523513,1.515369871361736,2.0
-9.459449633569635,-19.92758306485112,-24.567326086180053,6.696683218751001,2.0
-12.499415787505967,-18.147303518725472,-23.66171682202848,4.526676162545184,2.0
-15.46004175609595,-17.812715230041515,-18.75959390635268,4.03243798459268,2.0
-9.29570452949871,-16.949389234054212,-17.33820416097816,-1.373627404554005,2.0
-19.10059069281032,-17.097813901791593,-14.021477368461376,2.246195087963113,2.0
-10.669408548562526,-16.738742489420176,-15.84177621046868,0.05508677476161683,2.0
-11.245496234456,-16.776005496967237,-20.321370789752752,6.965908093352237,2.0
-5.82594838742262,-16.80795608194805,-34.135468989269,5.686118083595817,2.0
-9.537999804370829,-19.930445500794036,-21.23626068328809,-4.009575135834694,2.0
-14.690790168866311,-17.795194428599796,-12.07269120081419,4.339160832003162,2.0
-15.13218653217159,-18.254228778382775,-5.443250831293147,8.60855775276125,2.0
6.8928952190641635,-19.86340211348789,-14.312362525827677,1.0693074198394363,2.0
-21.65189037110767,-19.953438111392412,-17.433869409161552,-8.725997600742172,2.0
-16.88340103462459,-19.307702767009516,-14.58042223988394,-2.1415652482611334,2.0
-12.163810627785123,-20.274822646979736,-25.521791382565244,5.719429672066912,2.0
-23.021801169082593,-19.712796593335476,-31.329914280654823,15.419217896948712,2.0
-25.01814520990543,-20.16709917867231,-30.673428115287326,3.7806749554953196,2.0
-28.506057649019592,-16.595740643855354,-24.573266725875516,2.977809605617408,2.0
-32.454898929337645,-15.912121040568731,-16.76241460020377,4.985159622145136,2.0
-32.83303946426214,-15.949036317659141,-15.755961386126666,8.60640391608139,2.0
-29.682263965078626,-17.321480788698324,-19.20568769525287,5.056453438791113,2.0
-17.736238756615382,-18.98417044646172,-24.676272876237377,-1.0486986704916028,2.0
-9.520864836296985,-20.43541250095209,-26.674774813973062,-9.833721161136001,2.0
5.170365505632944,-20.729484942044934,-19.89513274618234,-1.2521669303321983,2.0
4.085745521645793,-20.063261774549716,-7.1451489587196795,-1.6972102175498678,2.0
-3.7750875099930568,-21.10245250882578,-11.894777692846803,-1.3102626337409817,2.0
-25.47013462135402,-18.863615957126196,-16.08458820521582,-0.459314770700074,2.0
-20.337973894085536,-19.956854014645163,6.655698914348718,2.5909120877686758,2.0
-7.822274307787917,-19.867649305020045,6.699958210964628,11.94293900000007,2.0
9.76951749892379,-20.165108075042426,9.7273827943758,9.564968869782396,2.0
7.913338067761115,-18.878556644247368,3.1603224985431906,9.343433184741011,2.0
2.650577796537286,-18.943156015340904,-0.7126170441736086,8.730737408713441,2.0
-16.159160992961045,-19.559931364178752,11.526982685560299,-0.7206366763640362,2.0
-8.766272982825988,-21.159450557567524,27.04915877870677,-2.7411654799348066,2.0
-15.994984239560658,-18.410816469097725,21.2630763365942,-3.678864862091599,2.0
-19.095552885940492,-19.371587489979472,27.597914103978535,-6.24782288889163,2.0
-22.965836509191895,-18.717097704461647,18.828594785058645,-5.712718587617523,2.0
-3.3441496157559145,-18.383419083636433,16.300911140891902,-4.794427199821266,2.0
-16.97846944311364,-18.953744653310327,11.115779432863368,0.574335732626255,2.0
-34.910420592838435,-19.116193055413614,-4.574384745567514,4.792932116777991,2.0
-29.56950493119968,-18.017156753235245,-0.9271200332621201,0.3126724702359197,2.0
-15.803462775477543,-18.482041523774374,-8.437891588514201,2.938880765368571,2.0
7.006531879489902,-18.799824136448162,-19.234919661804582,8.272333284769175,2.0
5.857995899033586,-19.634555525361403,-11.809656865136319,1.6305135713524734,2.0
2.687319728650916,-19.630287809424253,-13.537201432915051,-4.270881430892694,2.0
-4.436603548418771,-19.382952861461394,-9.20275072059697,-1.9393088084123065,2.0
-2.314458233125209,-17.707728342263884,-6.829340826096107,-1.6688193937426978,2.0
6.6396516793232285,-16.606974473035887,-5.670913973927992,0.5967808654051402,2.0
14.759615087231053,-17.466421695590792,-6.432892755239026,3.4619472053462976,2.0
-5.537340617516252,-18.83152135015664,-6.650648709617252,5.652468464874941,2.0
-7.945694285831319,-19.228635155945646,-12.519937165405935,-6.658809243228405,2.0
-7.10499473762893,-20.261402794739578,-10.90340279099418,-4.969083748010151,2.0
1.1861389616323503,-19.24050775781215,-11.752568117853556,11.314735117330901,2.0
-10.029788152223777,-18.520404806486724,-6.251909786653465,7.208199853760302,2.0
0.36087171046500366,-20.22384857157691,-10.486817221177875,0.7412462031862583,2.0
-25.90505472577953,-18.14993462330695,-13.632003119810564,4.685656287948184,2.0
-23.783511089599067,-18.02969912768678,-7.26458895789735,2.4914442566319206,2.0
-21.27274653284063,-18.103788292082672,-10.568099277452468,-0.6470410900961259,2.0
-33.32165621708519,-19.055690641689342,-7.430824276447041,4.321769249104951,2.0
-38.52378607899057,-17.803135435200407,-0.13868438051552268,-2.4271563927073325,2.0
-18.8327128486265,-18.317388620607314,-5.579549944252383,-0.6545125341603568,2.0
8.633203390472504,-18.641861681271017,-12.384961245398571,1.7234960997650597,2.0
0.37053051362833855,-20.70093229371983,-16.629864287888054,6.425736270444025,2.0
-16.996181822509783,-19.323269114081683,-6.924226292392055,5.388214763921029,2.0
-7.337337914384561,-17.546626039758237,-6.437766381051857,-0.2029195868862299,2.0
-1.8164804757648803,-19.402599381643398,4.4237179911409275,0.4933930111555114,2.0
-7.82128268982929,-20.71492628039846,-12.18963621743455,1.124601881471281,2.0
-10.298105270962466,-22.54241068636412,-7.552174159041698,-3.029981160278193,2.0
-11.425556731972492,-21.93161640725338,-5.357241594108042,4.270238248679072,2.0
-2.773079958493886,-19.939533182633337,1.1435327529856405,5.403815124054228,2.0
-20.364303951574584,-17.512179390604306,-10.917869158622024,3.5055238273909195,2.0
-28.158390239274375,-18.745369608418017,-10.40333511587618,2.737350695088222,2.0
-24.837632184516124,-18.284062403349655,-13.635011482490137,-0.9106541234826966,2.0
-29.586562605981037,-17.68183752216217,-10.778325621946644,4.203178941217449,2.0
-33.07835550145545,-17.98858445824811,11.595014996619934,1.1082758586505024,2.0
2.301249528272649,-16.604104474783398,17.068922909530727,2.048674131815384,2.0
5.457118134265412,-18.31086561072962,2.05923001856619,1.8330823073916882,2.0
1.5528061241892726,-18.778975427441043,4.892812063256093,8.549313600671056,2.0
-23.28536641450667,-19.17753304069744,7.679503135416105,4.294439657896165,2.0
-5.060040995855715,-18.535277774685213,16.048671580974354,-1.334941786332037,2.0
-7.707541758165679,-19.975940619569993,8.07313453766124,7.723402799907239,2.0
-0.994360257005444,-20.767047191780176,9.842457880024114,0.26603744382895345,2.0
-10.67383024120441,-20.32785868730087,6.820096013521162,0.9407396669478595,2.0
-15.862910313418041,-19.131702158784723,7.713175622669734,-1.2015645552138028,2.0
-9.074578451385147,-19.67588269709205,10.358274860258,2.28089172524116,2.0
0.2779946828719482,-19.141348161859813,13.11795172929997,3.879445313666393,2.0
0.9494825885432219,-19.419230185080394,5.752932244796501,10.062886486543956,2.0
-6.495492425541481,-19.10741879100099,2.7501947567268985,3.0533020226057155,2.0
-4.949667067724883,-19.230770545071405,3.3097599431905813,-2.83933670269849,2.0
1.8630322321261232,-19.451457809721678,-9.588844633793853,-0.2934517330400448,2.0
-6.9628486483733845,-18.83484099391262,-13.824931859399348,11.243839537654946,2.0
-2.5759347925611493,-18.4041974070329,-16.72655632950236,10.186115539609172,2.0
-29.888075693589965,-18.66494045689467,-11.436902798802377,14.70623161845953,2.0
-23.18900889450044,-18.700736140351896,-14.483118279521376,3.5962702400184545,2.0
-33.02011083274305,-18.17729026249634,-12.457570079510937,3.4158702219041563,2.0
-3.949332063789667,-19.753898527181455,-22.028692428872745,1.382700099048721,2.0
-6.30514164683823,-20.693170306511426,-16.592116068841953,2.216053105825042,2.0
-0.9889189535943457,-20.20168525962917,-21.250393713689284,1.9824071104152028,2.0
-11.232859712796547,-19.988666734409996,-21.942597914476575,-1.2826123698160763,2.0
-28.22418512221497,-18.335477292354284,-24.864924517217442,2.1394832795041063,2.0
-18.073735479633015,-18.44169180389285,-17.734730840107666,4.698832858045076,2.0
-23.943199969405423,-18.846791944882174,-8.454899566355367,-1.1333451735604076,2.0
7.31378489974921,-17.268822803902886,-16.65596459352087,4.415421678378235,2.0
-17.759153084419076,-17.497783690645385,-4.402289517756195,6.061298149044828,2.0
-30.126143439563943,-18.91251773045357,5.792191703726592,6.65479450895515,2.0
-34.64610061368413,-19.313038962510998,9.792226953510268,-2.87896454379863,2.0
-25.27112369042294,-17.880677057391903,0.642376923949179,3.293987062822311,2.0
-8.336675332736077,-18.481027962958255,7.239590190810485,7.921338901544527,2.0
-20.228343458059406,-17.943081650300826,15.267428640364066,8.72079883573706,2.0
-2.637532047064502,-18.092236619971125,8.960516122447196,3.6589892243478794,2.0
6.743208575830815,-19.665732187447162,5.655976478934864,-1.4162999671465557,2.0
-1.994255699543304,-17.4987856179628,7.041575206384568,-5.694013493483389,2.0
-0.4702154584761038,-17.683185405839325,-4.41920830513352,-10.02803228298715,2.0
7.911573334310079,-16.085945283820802,-6.7762770472245215,-3.913521649474662,2.0
-12.985840882768247,-17.085631552610714,-14.380665184631239,0.10754775412165252,2.0
-20.906516009776258,-17.11197815709851,-6.314580660589051,3.115626408163189,2.0
-41.898686853216574,-18.44499809042143,-4.375804920601109,7.920611834170718,2.0
-32.150563034975306,-19.761656353581053,-9.406334703104871,2.273756334952977,2.0
-22.96134156319196,-18.18501050708923,-18.794437692393466,-6.436901054944647,2.0
-25.762612284289638,-18.533925953075087,-20.802265040360894,-4.18331541386776,2.0
-35.8183530330291,-17.61442616044986,-22.348307004367747,-2.863662556664676,2.0
-20.350296283343305,-18.849915860613123,-17.53124773021616,4.07238484621941,2.0
-9.343838621370072,-19.35565925389628,-17.89079348052575,3.0736151098206923,2.0
-16.939208228227677,-19.26558900326826,-15.627109873475659,9.69951601777751,2.0
-18.89249624468552,-18.220010495749023,-21.689465872519378,0.2413751889112552,2.0
-8.583566349768084,-18.168072079208535,-6.051652274577951,0.9282364229429922,2.0
-21.68850820005143,-19.089815098963005,-5.669451225345906,5.032510926953551,2.0
-32.349278064846494,-19.53819445723692,9.323579496438112,0.5436101248664997,2.0
-22.305046396537406,-17.157708459526688,14.009025813443909,-6.449962259261669,2.0
-17.880568847393988,-20.228665283868295,-11.410631593631582,-7.476545204719118,2.0
-19.44705509883284,-21.378340639407455,7.4278460870301775,-1.3457491554212726,2.0
-9.740829362345504,-22.956721415189996,6.644641571431562,-6.879386845746156,2.0
-20.129587721379934,-23.15158088320908,4.197589576054903,-2.8300989528088425,2.0
-24.517839662686292,-22.105189446116395,-1.7812388598023823,-11.85165765036307,2.0
-17.712727234946993,-22.630180144561965,-3.489011340880899,-10.58693043980472,2.0
-28.425752384925687,-20.742566787148604,2.4159101636129856,-6.433698822058309,2.0
-35.73966347332751,-22.69524346169052,11.539328345831855,-4.671572303858098,2.0
-21.198828113402413,-20.644649134473504,11.902495145159804,-4.394984303174719,2.0
-19.20461839707074,-21.417391463618785,2.1216480240929934,-6.850875648794621,2.0
-14.166466267566442,-20.40167685220693,-5.794052029904088,-2.815444678160174,2.0
-16.068411035039816,-19.803668402957282,-7.932643672815597,4.3947243280042585,2.0
-0.9889834759074718,-19.670924679167545,-19.313579082548465,-1.0626406537707873,2.0
-4.824191739112146,-20.568374054570523,-16.79942848513506,-1.1772670834769918,2.0
-3.73529334055182,-22.20156820850263,-17.219666736558295,-6.175648157473509,2.0
-13.701731682271529,-20.61443381092432,-13.89637319930665,0.7701157458283696,2.0
-10.556569037441658,-19.73365243188372,-1.8545478979381889,6.577376618990835,2.0
-9.218511430907027,-23.527136545484623,-21.239133399027722,0.851010699787236,2.0
-16.54207849818001,-20.489354712111165,-17.67557661450744,2.6442440218955654,2.0
0.5407193853035643,-19.161601169576706,-18.78956237504292,4.73776690873564,2.0
-0.7589776183667496,-20.235907340606325,-13.027495118291178,8.28027319358462,2.0
-0.5550213823986994,-18.468808749372332,-12.960698165954424,7.346482974944358,2.0
-2.0029745617004586,-18.97780612084227,-18.301668875638594,-4.284659368201789,2.0
5.208240606852643,-18.86686090249588,-23.213974602235155,-2.8107125936281045,2.0
2.510524790433493,-20.16162437788588,-16.010901815832625,-5.250785329876543,2.0
-7.477266775322729,-21.598095280601527,-19.11478505385095,-8.910747930658609,2.0
-8.621968038567573,-21.58774129847445,-28.655486834517802,-6.4689708078869,2.0
-13.234507097985896,-19.8511044688277,-11.509628561324217,3.557963976813948,2.0
-18.87855426158034,-17.60144618748123,-15.8811745394479,-2.624451323580989,2.0
-9.351566343494,-20.052483091368156,1.0047833722798902,-2.6852128429303095,2.0
-18.037376670446704,-21.05142653405655,-2.30475013392138,4.48516258132579,2.0
-16.835319682116886,-20.069240279659784,4.164376081023169,4.785132725200781,2.0
-26.68321923462816,-19.618223162578822,-2.1981898812877567,11.66416343934431,2.0
-36.11936723867271,-20.884096576693633,-9.604520895054177,17.59757677954895,2.0
-15.730284103100267,-18.687138368025803,-8.527594578425935,12.45213193082539,2.0
-0.05888361414055154,-18.08119622857336,-21.009829236759643,6.807605274303224,2.0
-32.46083314271544,-20.22034767487054,-21.377337223121145,6.951842532446044,2.0
-10.922281272301909,-19.97402935357022,-22.259184770327177,0.5403932529060431,2.0
-3.2553467805700347,-20.746911630434166,-14.977604268176943,7.292332585019125,2.0
13.580345317880358,-20.423299903045255,3.0941474325560208,5.447733256964268,2.0
26.010500445281505,-18.781217871078873,-12.466515078271502,5.068494059345493,2.0
26.510975998201978,-19.276745599424306,-15.032247094953302,-0.3466118803376954,2.0
3.2028493587179483,-17.722245680512845,-10.837619924496918,-0.37190108557818036,2.0
-9.52308600693283,-17.768244884746167,-4.818065750966796,-6.713100492737215,2.0
-6.141692189032533,-17.644805965082263,-22.038888355257015,-2.8082755349483928,2.0
-5.154433000639816,-16.704725154836314,-5.569070751206646,-2.496674959805488,2.0
7.657831223716702,-16.2640880519886,1.2410600829453036,1.4716956112244284,2.0
-3.3553723888184006,-17.394090984456,17.685922700960223,3.7304432381353116,2.0
-13.617697098917931,-20.479738820101428,12.964055167836413,1.6494800667676706,2.0
2.6642453039945906,-21.963671520446653,21.09534231478852,2.840749305384062,2.0
-1.145141550416307,-20.82081240227926,8.633984110758522,-5.8268358979851715,2.0
-19.9181779609278,-20.18187883877368,10.480174807217912,2.508805058703769,2.0
-17.590846726010675,-19.211000986472015,10.84329539904579,-9.908429818523107,2.0
-21.839706042104865,-20.754981163478146,6.9124283578982215,-10.425948464330961,2.0
-2.596352020480567,-18.802776812004133,0.13153546737065014,-8.380877542264694,2.0
-8.856736663235473,-20.06555751886385,-3.7551158061444116,-5.959543673117118,2.0
-19.038743622300125,-18.727932182996003,2.900438267292629,-3.4092193815579668,2.0
12.639038972398538,-19.917966869493235,1.3308204363837413,1.0219637054066293,2.0
-19.670202831887085,-18.522224258082503,10.049322104415426,-6.866193515219737,2.0
-30.769971837458883,-17.543903380755278,1.8584119430486692,1.4505561931621416,2.0
-22.450763765962897,-18.04233196197157,6.866667348264494,7.839642084333365,2.0
-24.14935575509599,-16.105946190249615,1.0092192631135708,10.171543819472635,2.0
-18.663678257757848,-18.843935385880442,10.21504788534407,8.33608647788369,2.0
-24.437580948752036,-19.168752192054185,7.081658415750016,2.270231452756879,2.0
-13.09474650434338,-19.211415396363563,-3.7014963350032977,4.097174801137426,2.0
-4.528322263695484,-18.891786907523965,4.19533569093506,3.8096114462159196,2.0
-0.9387306803514086,-19.712316601143527,12.50531276043209,8.746488941542404,2.0
-4.430997097187944,-20.86169060236899,10.139878660874611,6.888302597648523,2.0
-25.44619707743446,-20.57881809941786,9.917971073040224,2.767827744544733,2.0
-17.705727313547044,-21.543870088617354,27.80408248995766,2.189907659814587,2.0
1.2383681249114034,-20.154499419581544,5.360114552156973,-3.157974840190301,2.0
-12.216053021115695,-20.144071397071443,3.8026084921530563,-0.21648555711233874,2.0
-12.268923300379614,-19.629238142799238,18.703633196284052,-1.8913689652100358,2.0
-21.115767294174272,-19.000844970209155,16.104650096335213,-6.259221528553834,2.0
-15.23509597659743,-19.70862927945261,2.6662086111035137,-0.04827356600525645,2.0
-28.213449581408337,-18.233861806575934,10.502654756972664,8.083589608107742,2.0
-7.5950490368916075,-18.522967556291405,2.384680612611821,7.400996187842892,2.0
-31.23996290229222,-20.342164556249987,5.672893599688335,-4.776738926477147,2.0
-15.251218361349354,-17.81625571849069,-7.019329906925623,-1.0722997219593904,2.0
-11.729734132572705,-18.76817061597824,-1.2261514131450468,4.341601272615958,2.0
-21.705103156161723,-18.25093455355229,5.136255365249386,4.81699904992016,2.0
-19.796152371217186,-18.41984709322989,8.180110623515223,2.0163340770829246,2.0
-19.61551355958205,-18.803561762795407,17.623922319185105,-1.4586390766940127,2.0
-29.278233254392422,-19.29318889614977,6.650240711800001,-1.026761893601147,2.0
-15.551404394540842,-19.56052500943805,10.367171278131968,5.628207995535685,2.0
-27.020022863278903,-20.39055081142317,6.320066681308523,4.8850275058469945,2.0
-19.921737922666196,-19.57529354454264,15.462207413954577,4.1355000735389105,2.0
-20.79569346601896,-17.002019895209596,9.21205601361742,-4.4655064124079695,2.0
-21.06212886349981,-18.410418829088744,10.640321373956938,2.7380322481785146,2.0
-32.719792081457875,-17.19977684289305,11.49312277948795,-2.7893414440110464,2.0
-26.730785053060544,-17.519765269538357,18.56873402264631,1.4369688442282702,2.0
-31.27638148876832,-15.956522352922308,8.846868808779794,3.4635670116702553,2.0
-26.236399874595897,-16.595308990397033,3.399552258503845,-1.8569961172322942,2.0
-12.09295968023751,-16.92787891339733,6.907962682403207,0.8237828505720859,2.0
-5.88850414464077,-19.702685045440983,14.649314921840372,5.341839740100108,2.0
-10.609566033735979,-18.50828939783977,12.565913526505874,0.5692499835253311,2.0
-7.210314407393206,-16.352909210527965,10.084719982856301,5.054892045656515,2.0
-14.932199849225094,-17.599896329423725,1.2358705931255427,7.382318288726257,2.0
-10.652199488210544,-18.149416651595033,-8.332801681041449,14.143392455500953,2.0
-6.094592077524551,-19.39652575611672,-1.422473824097612,10.92567755548328,2.0
-14.529465486109848,-20.1189520111821,8.957853182198598,-0.09385011374396068,2.0
-1.9723860376551094,-19.626558713271038,-2.2643326440623968,8.072753832943619,2.0
3.088428897107417,-19.50823831083802,10.366996080558074,1.1194799351634286,2.0
-4.023523670083262,-20.2334538181816,3.4531811848754117,-2.0460618235070367,2.0
-14.506261333637376,-19.46881988627036,-5.977888881210379,-2.3914425695385146,2.0
-21.711513087176193,-18.688245150444658,0.5314013059395739,6.273152703647292,2.0
-0.5701771016920567,-19.48531842543923,2.542029676099448,5.802918106224963,2.0
-6.473199508214815,-18.29832084292859,3.450548912978422,5.677509087767035,2.0
-30.721352575596917,-17.71847130679054,7.18421077597875,8.960058624678691,2.0
-15.485266530692035,-16.114657019616708,19.315035096136633,5.310430355500213,2.0
-26.238295685894997,-18.966810934941613,18.692695791941233,4.330148197226859,2.0
-30.481565149952672,-18.343159115329467,24.339358307342863,-2.771547269197301,2.0
-1.796627980076833,-17.11320196547611,22.16388551643744,2.173356561235567,2.0
2.3179212675886998,-15.179968882751563,6.236805955698857,4.883508703497629,2.0
-3.4300243005779603,-14.965498594480833,13.702117317696823,2.2048721594472065,2.0
-11.516474641713216,-18.80971727747819,6.777784621066577,7.783982919866913,2.0
-11.734654302033755,-18.281521286881812,5.712626147633841,12.280847684852603,2.0
-2.5217687355091734,-19.106436039974973,-3.79742277318951,14.54730011299597,2.0
-2.346920825979117,-19.14687984979799,-1.3450451896173592,9.45078742749466,2.0
0.5468973210312686,-17.642746269124718,6.923739613267191,6.22291114286101,2.0
3.5990120585569354,-18.577135594589535,1.908837239713343,3.3816847762100077,2.0
9.558201403400185,-18.982149604074685,2.5684141997530903,4.937744530167977,2.0
-12.165085890056817,-19.71218472203442,-9.25973472638427,6.257343190332362,2.0
-0.5107313824108672,-19.322550128361183,-2.4824590177301973,11.558787776759637,2.0
-8.540483098311977,-21.63877359759829,-2.7111294065137606,7.845321016416609,2.0
-11.834363466379594,-20.46677029011736,5.401719901426514,10.407725738685393,2.0
-25.722113378421902,-19.08555295693385,5.251722176690551,6.238256307525209,2.0
-17.78083069381352,-18.42315483151835,-4.473273133397379,13.127486260094027,2.0
4.984995088946814,-18.645734737950487,2.5875845524081282,12.379828790950167,2.0
-21.926769301428052,-17.85754822557933,1.9997188274608808,3.672765496006235,2.0
-12.62551094764936,-18.575090112578632,17.003330473351213,-1.254540460455336,2.0
-8.837246112505262,-16.636955071272734,4.289415002183739,-2.2509989933824706,2.0
-16.56667411437126,-16.66181165569883,-6.5707088693530995,1.6697237548927835,2.0
-3.10495742783169,-19.14647064217871,-4.497684499421817,3.8017952074030426,2.0
5.233218197491837,-18.76253729617185,1.9258737742513166,2.148150903684459,2.0
3.3908541123572693,-18.945436805830653,1.2927311685821996,-1.1122788829248476,2.0
-23.84200867385642,-17.200144110223107,-2.3064682028146284,-0.8261988127386208,2.0
-18.162765088704433,-16.907002658957097,10.212808991408826,0.8596603768797442,2.0
-24.644966043384233,-17.58220373148579,9.612422846104732,-1.56822607145289,2.0
-25.710798576462004,-19.131659165580263,5.754231012579073,-5.982066992709453,2.0
-17.870640522135965,-20.43966353379205,10.50161745225292,-6.535626473948598,2.0
-21.74679515282851,-20.275925388702305,15.107169859094043,-6.2231187966340995,2.0
-6.838894419737743,-18.109822087219783,7.4826256287411645,2.2424181632616107,2.0
-12.419142345075539,-20.240607943931494,16.329375750283177,-0.05908273585457213,2.0
-12.10371380010849,-18.413086372293755,6.037411633868684,-0.41165507510378324,2.0
-20.25620790734957,-18.734509893062597,13.454096996693625,0.7956934700438014,2.0
-13.343377286435643,-19.182024229728604,14.44234773620987,0.24545002831846152,2.0
-24.05759027890475,-19.4040762097939,0.6592841311198541,-4.352335284134039,2.0
-27.726217421137655,-18.880938194361097,-19.448151442840814,-1.0726795313789323,2.0
-2.8624750971673034,-18.018625210967784,-13.754333195909414,-1.627905119219901,2.0
-3.372559593414117,-18.35920481696618,-22.985725751560146,3.5680062410930415,2.0
-17.057452931546138,-19.688191311285973,-12.223682455804646,8.16789355026496,2.0
-13.278447281875465,-19.669284520496547,-21.856168342061807,8.422269919992605,2.0
1.082298863604274,-19.875962013905273,-22.329923131452873,0.9621396768569266,2.0
0.42606409320760363,-20.66760483572905,-21.28768402949422,-1.999032778911526,2.0
-9.7748559531897,-21.203700020257074,-32.44079085144367,5.226430603335272,2.0
3.8713140310753884,-20.61933665658254,-26.169566209288313,9.365791590118395,2.0
-1.5685978330332526,-18.742162997248222,-6.556477954853882,3.3412687475802594,2.0
-0.2998692302447772,-18.334865345919873,-4.190091370289642,2.2783561154689336,2.0
-4.324870584158796,-17.846558202357873,-5.983759683167272,3.4462782125674614,2.0
-23.636949617176917,-17.69502300181835,-4.6609515517610145,5.468159394378587,2.0
-17.011207848705308,-19.188339923058546,-5.441742142362424,-2.7319584657240163,2.0
-20.54259348117311,-19.144562472085013,-8.945492108264602,-2.0912842686747997,2.0
-30.965366558313164,-19.73765184739117,1.4593783814728374,2.5860791543267654,2.0
1.7458046603968445,-18.975031696076947,13.280866040293938,2.275096328532789,2.0
-20.035072581542266,-18.102484641284676,15.520106406669296,3.58786062466549,2.0
-14.000293017079088,-17.16155193223737,13.805436497341727,6.843498887587733,2.0
-1.2262992848291492,-18.26633559967951,12.963941063978423,-4.346038089635389,2.0
-16.427053293970577,-18.08118049373606,17.037282210879283,-0.41993329671028057,2.0
-6.971470227203658,-19.13005762206152,16.800220826721592,0.7735908911078595,2.0
-30.357492189190815,-20.97907149404375,17.246866413157576,1.381480905465287,2.0
-34.14080208760991,-20.09063703632696,22.64468356058059,-6.32392085721631,2.0
-31.282047162525643,-19.124535743314137,17.034719469308936,-5.946363664561719,2.0
1.5435255383521627,-18.96879265904253,17.414471619154558,7.424890233769634,2.0
9.721175756482692,-20.699097441241832,12.767722348214331,1.2453156317896212,2.0
6.073025801306119,-21.18510682389543,14.326439248420186,-3.0725793511520374,2.0
9.164440041816407,-20.29792719247206,6.270149647754019,4.245327120424179,2.0
-0.826604570879427,-20.470626392493802,2.6014980671301267,3.249270474183926,2.0
-4.174186503334946,-20.452982193562885,8.316587761128877,-0.5560658020424096,2.0
-11.01303004871372,-19.7828151672229,2.595976351144265,0.4564867957989409,2.0
-15.992045895600587,-18.989104664636283,9.623487567831736,2.8110808612713245,2.0
-23.552950696577064,-19.883462925111274,13.584123445822705,0.14103159665498244,2.0
-7.94200543478281,-19.78061292342612,8.559897488028124,-1.5456516609310165,2.0
0.16610885644514184,-17.848213522066445,7.363098270512799,-3.9485531645790344,2.0
-5.054451031130167,-17.049232420217685,9.23993602356402,-7.624358155665618,2.0
-17.625931084296646,-16.332543069301984,25.314737217040694,-2.3255065709956506,2.0
-42.75448606032348,-16.654950175339575,30.095072591873855,5.58986845319167,2.0
-26.166297610011284,-18.293778803233693,6.014789917725576,0.22820658958618756,2.0
-25.0319419749299,-19.339309527428156,6.619667196046393,-3.2522230988389955,2.0
-17.615761568369216,-20.332359044881375,1.1439047358798877,-8.390761677220981,2.0
-1.8031383193778616,-20.837665940912085,11.664800034842997,-3.359415328518491,2.0
-24.229651491130152,-20.181145053648805,3.1481529734246285,-5.8521233275959625,2.0
-34.093118149880745,-17.31844596070658,4.219436111560592,-3.5114797954136945,2.0
-11.761857373007212,-19.214489433311144,17.94800841186095,0.5866746366134472,2.0
-7.424947760421238,-20.33342134097615,22.411652962827603,1.4221631632060872,2.0
-24.58881430164413,-20.985244884371312,7.115941562287907,6.970619195581685,2.0
-18.10480498852784,-20.844766981520802,8.267231645055734,1.2803660150769738,2.0
1.9085432289360185,-21.21086130084522,-8.1646802905885,0.01708488600084479,2.0
3.9799125288493213,-20.06595134489006,-9.563216806308583,-6.942293821737942,2.0
11.695630632333916,-20.13538335485274,-2.930299841290644,-2.1781967565305913,2.0
11.747608313153943,-19.431505590170417,-8.78215518128393,10.922034559176494,2.0
-12.268063621725915,-17.938322086429135,-0.9361219920984691,2.5648436539467068,2.0
-14.506706745142088,-21.004231743327118,-9.736202579629339,3.848407740134392,2.0
-7.091726999275696,-20.878945789038763,0.976624502821231,-0.7033194499799649,2.0
-13.176464537870372,-19.90225955266392,8.351582947918605,-1.723205478720303,2.0
-9.461133711949996,-18.741402215718562,-7.06121434613736,1.653007614752038,2.0
-1.537302133578141,-16.986706997865422,-17.70605082311232,-1.1945520498844795,2.0
-6.12585087813443,-17.608350504634693,-0.12906886344666013,1.5700548625574697,2.0
-11.661031940149876,-18.116009729965622,17.647231105300584,-1.6697659333105457,2.0
-5.977041392735256,-19.247582687260916,19.61302067297104,-6.915754114234509,2.0
-7.912698827363893,-19.715910590076483,12.19547050854894,-3.9144075119006247,2.0
-22.91457426321034,-18.774124391828586,21.42871179841293,-3.0508062531692475,2.0
-33.653760161360296,-20.30750481674673,16.3216719232891,-2.5206959697816673,2.0
-31.272786317301474,-18.540300438256843,12.54565514339726,-0.7519674074973919,2.0
-28.84013764659055,-19.816996187266184,19.708907689592593,5.553027322745413,2.0
-39.284599755468065,-18.25710082320907,28.447637461336342,2.883364595288812,2.0
-10.870526933423442,-20.768362437574062,23.860647256239247,0.05492189169699069,2.0
-16.91075436818753,-20.40886118717554,14.033090637281973,-4.723930911555432,2.0
-15.941435601556524,-18.84385013885711,26.360149836091974,5.986342838556759,2.0
-23.059669738415728,-18.443516754099306,28.158293454979724,8.279202353178233,2.0
-9.267892615738724,-18.974093900583245,33.26730173199779,8.20442931924961,2.0
1.8722677513913375,-18.880256839278132,30.925180192972604,0.2333075033478571,2.0
-5.795767504353629,-19.885253232411756,20.95801781496435,1.6765726733014366,2.0
-10.821446729113728,-18.716667618306836,19.06453999652114,12.05278741166188,2.0
-8.946421699509283,-20.599895630638322,15.122514326945545,6.083078525574441,2.0
-19.991445131234748,-20.499807983268685,30.887804335597384,1.2643282694290285,2.0
-19.12593506648212,-19.48440165966476,26.942706372821434,4.299728104316863,2.0
-14.732680167781773,-20.27198732042716,20.760119612302923,2.644529378980698,2.0
-2.547709020111685,-17.42647412169991,24.26214457739461,-1.4918202256749908,2.0
-11.002689764728359,-17.94794319413992,25.163780457061748,5.834742591889329,2.0
-4.81419358430094,-16.808732849266743,22.265046415401805,-7.4597140451551995,2.0
-22.33217108661295,-18.578289299490823,7.733656056449945,-2.58358489421876,2.0
-27.869440703314798,-18.020702465060264,12.919711214991306,-0.4552135804396724,2.0
-22.304442367464794,-18.1523938093217,29.930417113379526,-0.01750149957068936,2.0
-10.272619643763171,-18.99602205692329,24.495729496768952,5.570463773932757,2.0
-4.892520813498667,-18.877013700285126,29.39964936948003,3.4047734910951606,2.0
0.30356115325380184,-20.94777000706931,14.356146079453083,4.740374598646071,2.0
-15.911457282696096,-18.819219654794267,15.248318172589206,-2.0167609758336615,2.0
-12.970203158624518,-18.240906655550504,23.86168638546128,-2.933633586949358,2.0
-6.575558858985214,-19.55623862706261,19.140670836157053,1.8846977079586447,2.0
-17.316857504359035,-18.35401146497548,9.033645948983283,1.1581661383615967,2.0
-1.1318465811260623,-20.964366105208082,18.1104242693179,0.9082851988113424,2.0
5.640323289033461,-20.002029992789257,17.00485642525838,5.061225816024818,2.0
5.390570877414234,-19.909837385673494,10.921950120279252,0.7209792656525051,2.0
-13.909296546974037,-20.203149293945042,9.343864370481128,4.787263693711592,2.0
-6.238193980774839,-20.199883508601502,1.3847287781095687,4.587259796142738,2.0
-12.510497476603438,-20.40849970611486,17.836321599657097,-4.304608244678008,2.0
-6.454238135976098,-19.198692232730473,-11.20140249895156,-3.1620212836764514,2.0
-3.5444858521711113,-18.044027191560083,-22.773693919992372,-2.3919641374700547,2.0
-2.6637409005866024,-18.630321938444922,-32.03397571813498,1.4371686349603041,2.0
2.599835307655855,-17.964415494838818,-20.80337467937884,-2.3235307164561956,2.0
-11.567586656441307,-17.56297728575903,-16.413894920178237,-10.005868175376223,2.0
0.4112740106642434,-18.033318634336663,-14.414350673673546,-3.1502187801715404,2.0
-5.5724557169414854,-17.689029237350738,-21.957267722601188,2.392992175499308,2.0
-20.741853672068142,-18.775906713985886,-11.763941341178441,-3.093532299674549,2.0
-16.749093783945767,-18.915266401271502,-5.854546407049687,1.7888001679421608,2.0
-12.978361242959503,-19.64177582693002,-5.356254749578437,-2.40933931813493,2.0
4.9285921214702535,-17.28995168684997,-9.668063940039703,-2.2501945693542256,2.0
-13.706078313731968,-20.00499623594395,-22.16651323351973,-0.3480084098718291,2.0
-1.4533279598964235,-19.231697609043554,-20.794509546620127,5.86311148943988,2.0
-9.442668224815158,-17.85981643700453,-2.451773648076216,5.086659467773947,2.0
-18.537483497504738,-16.748544758745204,-23.46391193322718,2.3100941348663104,2.0
-29.474826283056405,-18.690793316440324,-26.40367150673449,4.85938150238376,2.0
-9.393622511675037,-19.477421390103164,-27.261529086662133,-0.3254795875071612,2.0
-10.819780412985137,-19.06874301164271,-28.46775017847498,-9.530771302831845,2.0
-15.487318501518164,-17.043695537768837,-23.505519712334543,0.4627315453715397,2.0
-17.85672820968286,-19.164475574744618,-27.051526038253503,-3.8575374293855,2.0
-17.410976058114606,-18.90672021688598,-17.784609075317633,-10.155495680250503,2.0
-23.657401028088408,-20.692505111090174,-26.48584951770229,-3.8055761504069516,2.0
-31.619945492020065,-17.96846207991264,-35.17291866954609,7.5416671019677395,2.0
-5.214483249544839,-18.98050995239161,-29.01255289315833,6.748895449997719,2.0
5.956882125113876,-17.145960558903056,-25.21153913480191,6.431300090844781,2.0
-5.940932326179601,-16.927324773839015,-23.785147426342995,6.669445013870008,2.0
5.063580715149875,-20.088708233363732,-13.135862487520884,1.2098546767059766,2.0
14.459507429109403,-17.436574106464015,-21.36285193076304,2.1731331103842644,2.0
2.4541072805151707,-19.643901725518774,-23.852643529744242,1.9163045532060567,2.0
0.9780295784996573,-20.248419812251637,-31.52922791111609,10.056656947957027,2.0
-8.341918742649913,-20.89593933281251,-29.0461827169576,-0.06959849470712332,2.0
-19.451067983133946,-20.924694976310942,-31.22542594791303,0.84860348670089,2.0
-12.574739677738597,-18.287847707809068,-13.50064171419734,7.106392338538019,2.0
-28.61094079209765,-21.516484401953516,-22.34579484106813,10.523414539503717,2.0
-2.891274748019452,-18.910044013283652,-32.24435263661532,8.586346041732417,2.0
6.622319605779182,-18.033006158164557,-26.806006949407244,3.9682969628455593,2.0
-7.918830062784661,-17.97728322394699,-25.037555601181772,-3.1785866718186115,2.0
-9.32374938990787,-20.674396803382763,-27.013126604696517,-2.2381319364568832,2.0
-2.996908295680278,-19.642747252207933,-28.733136235440927,-0.7272507926274452,2.0
-1.2305668051970198,-17.552687667089852,-22.754883431340957,1.3235192244226077,2.0
-17.449264101018137,-15.119292398062399,-32.97809059178793,2.397246830840497,2.0
-12.468710343828967,-16.257811503097347,-29.464195514209962,8.031878044140342,2.0
-20.33992493700225,-17.657864295173702,-24.162772594205737,1.621223834540451,2.0
-19.275148381822994,-18.076409915718923,-22.18050866350353,-0.32310024121866965,2.0
-14.842560188388536,-18.80149233076157,-28.457333215306207,1.7244370357053842,2.0
-33.0052964943669,-19.088250266905145,-20.297952329045923,0.03108602677251071,2.0
-0.07624847617263875,-18.23588272000022,-21.740817532557887,-2.9139425260514047,2.0
-4.413627418904821,-18.7671816275486,-19.316554451391696,0.6327741087893657,2.0
5.771611552022597,-18.811977969588742,-12.228866029196755,0.6407000351146421,2.0
-8.074867987242126,-19.823247430900153,-14.972729157063977,0.1551660695390915,2.0
7.992491530654403,-19.022124905363853,-13.67492546050868,2.8030897915652524,2.0
-6.068277785760013,-18.44961871797543,-5.19403593732035,3.8815567893836045,2.0
-12.750676216435288,-17.250009928021175,-8.142466507593403,7.153953240370548,2.0
19.2996137709587,-17.545242530184805,-5.01802820870383,1.2389082609896087,2.0
-12.002710547289388,-16.5393321285273,0.47953775547485833,-2.3312492427836493,2.0
-15.815960651501012,-18.285561659484266,10.345362988037458,-3.448169039092788,2.0
-26.415714107908826,-19.76492581047513,0.3530320045844171,-4.166621386638737,2.0
-22.506254236487617,-18.0764657718384,-10.373942102256322,1.3635898661944859,2.0
-16.052838506075183,-18.191134361511942,-1.858742449335681,-7.850265541941388,2.0
-17.4124072815165,-17.03704190751578,0.11893049576349801,-8.612008304660964,2.0
-7.768740933467608,-18.350674075819192,-2.4573449201998354,-1.2212079382424252,2.0
-5.928649412431305,-18.611624878385015,-14.806108477034485,-1.4056373292571434,2.0
-10.062087961732354,-20.870661982730866,-6.961377832878574,-2.5314220387741866,2.0
-20.581114782933508,-21.909851517025285,-8.074176627828184,-10.264687544114024,2.0
-14.502332223913617,-22.280540206589208,-13.605952306110646,-6.735347144195406,2.0
6.506679905250774,-20.457001162793503,0.3451545147740882,-3.1128127416683116,2.0
10.522923462575182,-19.809352684925134,-7.157038349492436,-7.3132347196318435,2.0
6.227427338073328,-19.560034598279337,5.437555527798407,-1.346990303200562,2.0
5.105672887104945,-18.73126366349613,-6.744892986711098,-5.370912807045148,2.0
2.6444036102368464,-20.297465603779425,-13.148307663859907,6.6578447904975055,2.0
9.339257093746427,-18.437246819651754,1.8233029515330355,-0.17204858659275146,2.0
-16.459913065154808,-18.70587627650393,8.797228226899335,-5.256508396962717,2.0
-7.322717596297085,-18.542942164580953,-1.9829135242083993,-4.020911039992223,2.0
-2.481322091376774,-18.29597065053182,-7.186159063688784,-4.082665713899267,2.0
3.101409935171576,-18.06871971967133,-11.210622488691701,-2.2144057686574423,2.0
-3.4953617280723783,-17.948665538021814,-0.427042850450861,3.6958050662675683,2.0
-14.633400644443814,-18.248668708476625,1.4765766225423,-0.42860111250670174,2.0
-17.500310218254587,-17.343097904265374,-0.23616577231395608,-3.451117540056682,2.0
-23.638303613770145,-20.695453302724587,7.585201207669799,-1.4953234221457063,2.0
-18.433013975172358,-20.40633972881642,2.2599036629684877,3.505059483921253,2.0
-9.047230288012027,-21.16612564580098,-3.915953333611392,3.420693045360604,2.0
-18.9888519451793,-17.600148851310156,-6.763103449772977,5.5188866462548,2.0
-32.823865075993595,-18.550068443897157,-2.805138103875489,1.3972432778195916,2.0
-15.349712265303417,-19.36255688006958,-2.072231747448182,10.397608777453064,2.0
-14.024293862734014,-20.251911929096085,1.2771694557688553,1.5572906237850463,2.0
-10.146027845338777,-18.48523992657606,-1.7910015855327632,4.282096084281979,2.0
-26.06706310118151,-20.13046504940278,-13.21556789021869,9.00498937596237,2.0
-29.809980642339607,-21.427866943358172,-21.496440430438202,-0.8615982791461287,2.0
-28.920897509154873,-19.111619551426877,-18.3934529726827,-6.441733382876535,2.0
-20.388161011900717,-18.243571390692146,-12.017225676713014,-6.214226430073736,2.0
-0.3892989439232828,-18.275884567382153,-6.920017878890658,-11.78045191070828,2.0
0.3583412155037937,-18.678100997661197,-0.5217580479529009,-12.276719901530583,2.0
3.5254796686160184,-20.465925127664573,-8.19605158878919,-0.47595402602577175,2.0
4.68699203869269,-18.487719708689365,-20.301761692250995,3.331514404800475,2.0
6.586255803257554,-16.28085334836458,-21.834619295628386,-4.993066912899704,2.0
-21.240328824100963,-16.195070747495713,-18.516303686509872,-5.2725843597013125,2.0
-15.818974514814428,-17.098132961397603,-13.83209335514541,-1.9500545438012291,2.0
-6.605494414348204,-18.966929759323307,-11.048562041259636,-9.790947370141364,2.0
7.651856006091063,-18.695961187131648,-1.2327001127887307,-0.6777497552618266,2.0
-0.9664962707717506,-19.121602009821547,3.6389238980243768,2.819338129996296,2.0
-8.92412121125321,-18.384420152647603,1.3929526898924043,7.749459166659371,2.0
-10.867528850097406,-19.732731961701663,-3.0578855606949302,11.53640915318634,2.0
-18.47922382174738,-20.56761849408683,-9.313313924856917,4.1434149612928195,2.0
-9.3611236791335,-20.66107480770556,-12.475709491245148,9.562775690067271,2.0
-7.0850190359575365,-19.288964851806693,-10.450491645517053,-0.06914057724499956,2.0
-14.330169567760512,-20.685688788745892,0.7733615922255854,-0.7657685963588393,2.0
-5.731347525361745,-21.3120756772275,2.8009308711267673,4.6731788992661984,2.0
0.09155906889725074,-21.26773890318791,3.3515710795277913,5.776227046887705,2.0
-17.939277483803163,-19.383878767110513,-2.5644797791133143,-5.073213475870275,2.0
-8.64365304083972,-19.982938170804754,0.5090053056773631,1.2552693121473233,2.0
5.8474782351472125,-18.98718760237976,-0.14849634550383994,-5.845044577927638,2.0
5.803780705744037,-20.006214985691688,-4.90406222942216,-2.4681828669489287,2.0
-6.920421147229988,-19.421601950843648,-12.541470951614862,0.7602385445252264,2.0
-3.868004872589233,-19.852911908906403,-5.174885828352622,9.057272775205305,2.0
-17.810117077929377,-18.709272758088296,5.543564709337661,4.92898383243991,2.0
-4.596561858129335,-18.348177420746385,6.8094113397269815,4.555093687066925,2.0
-11.07566904913648,-17.86806982522231,13.20289115869232,8.558421903503273,2.0
-2.0966665467607073,-17.037137709311153,16.058790499742095,7.600067326789828,2.0
-17.96742282104728,-17.313763946770354,11.932437416570469,6.358888170922524,2.0
-5.195486590937035,-19.229357650521923,11.410093420766474,5.439299752548674,2.0
-3.046765348703982,-19.174967793420507,16.220894153525183,-0.8127944944254637,2.0
-6.21695592261973,-18.553920387342984,8.692366952563189,-12.896046837351083,2.0
-12.820770992669239,-20.5258555688319,9.92461072277137,-3.187433574163567,2.0
-31.255429039702275,-21.323434940434257,14.683169938273448,-9.454202336785713,2.0
1.299255532460295,-21.043016960503103,28.546437304672743,-3.0047012018662533,2.0
-9.909636631517976,-17.591666868871528,14.914070670741252,-5.707895974609505,2.0
-18.99105593672124,-20.01558853010227,14.18936150077593,3.000850918193197,2.0
-18.02364143611213,-18.614305419163653,8.507061421529665,2.319936964746015,2.0
-4.591198868574969,-19.125670416566447,-5.07866888684787,4.666832936074972,2.0
8.859985260411493,-19.469000822414973,13.747800103228627,3.7219903188866423,2.0
15.045906664330927,-20.36216451087257,5.926348073349371,-1.4509805618172282,2.0
5.803662186877064,-20.28319661335405,13.615180658551036,-0.4286123935912909,2.0
9.048777019170888,-21.09682464555109,12.103621400639652,-7.007533292520946,2.0
-21.90186190648323,-20.502953437613137,1.9742767463933513,-4.791469472360014,2.0
-10.891233595195073,-19.69692565589966,7.525456567836835,-1.5944656236343109,2.0
-1.685764983151202,-17.876488178664044,3.624986082819325,-2.6051140558177064,2.0
-8.961469086386044,-19.895128511343966,20.331590859488465,-0.09196076056448899,2.0
-1.987158594205368,-21.86012512076106,20.824059577496953,-3.6943825624589657,2.0
8.555109093988333,-20.809136042603427,8.739944144470407,0.5140691983891288,2.0
-15.618567858722875,-19.82447452302646,2.2144531055494276,5.763619604451857,2.0
-15.876295589331898,-20.246099418095543,10.33335940246062,6.532276971837189,2.0
-11.059435394735527,-20.73398698582427,16.291766891091896,-4.533366434748597,2.0
-20.476604645980164,-19.213280982444676,3.907595521656418,-0.9532349648762952,2.0
-5.610172076990185,-17.773541690264068,6.629841150941568,0.8880646529781648,2.0
4.0260301078521685,-19.326477948968492,13.254804549331922,0.5208417287328779,2.0
-1.1480701736225782,-20.45521439604428,9.273484337493032,1.3656563991186643,2.0
-5.753616979384852,-19.628219304650326,15.058977066059194,-0.9190157517495047,2.0
-2.7185191471577177,-20.256274690373996,23.051941882686283,-2.6888667927608223,2.0
-19.648389500278334,-20.027299855463202,23.426026514162576,5.5093958196503685,2.0
-1.8924684083751115,-18.914140798507486,14.1419899510938,-0.7977517856796996,2.0
-10.678729602782248,-18.328316720697252,19.729118964323064,-3.278792935676514,2.0
4.057061838466298,-20.66154660064731,16.884646548389277,5.539001347346686,2.0
-0.6074333595401686,-19.646716259000996,20.928094315337777,2.7622372217352646,2.0
-23.255357048454584,-21.04475196574377,0.45983816620054796,3.0619618386228655,2.0
-10.831915045666483,-20.248297362334696,5.6712483546498245,-0.7962787271956131,2.0
4.279558471929352,-19.2312904913014,7.237732026446053,-2.8514320377936855,2.0
-3.757651988631464,-18.432530953917734,-5.492693600147783,-2.2424836178359095,2.0
4.424098503742444,-17.920156923027257,-0.8840876905179007,-2.690321689394922,2.0
-14.786883585544,-18.75331789172505,-10.35312289561502,-5.119113206970561,2.0
15.769057788824679,-18.63496086149835,-4.707912709084179,-1.1429445485435017,2.0
-12.769110839540382,-18.163628995237506,-6.257779535160006,4.148672090413348,2.0
-3.702698159566216,-18.28888953323147,-5.606577594961269,1.4588482877206062,2.0
-4.398936853784341,-18.338038074842967,-13.302503822947974,-0.23858841566728106,2.0
-21.18712489464901,-19.599562623116313,-13.814061086659999,2.7876576644695934,2.0
-19.76749607530202,-19.480699186743095,-2.809178418723799,2.8585254137079197,2.0
6.250236557322161,-20.191536673468864,-5.437868230505591,-6.358772146824558,2.0
-6.180620827792782,-20.653975900524014,0.9155331691323898,-8.123194896170125,2.0
-7.951474496630429,-20.510545699219833,-1.7524020916048908,-7.54296694116518,2.0
-23.427370087342343,-20.723929209290233,-0.7304596281849065,-3.9729372459834438,2.0
-16.576374399706207,-19.777209022382774,2.9755933542512762,0.0012234598253182405,2.0
-6.303014896787008,-20.192006836726566,-1.1044888920495843,2.594079719861244,2.0
-18.58848354649943,-21.125589657693272,-11.62598441492626,-4.912292500348862,2.0
-10.22379763098794,-21.31464444840423,-12.12300316725307,-1.5257626664303907,2.0
-12.793250706478162,-19.19679273961402,-0.13413059544889716,2.290941417541324,2.0
-17.92013594246579,-18.244686201601763,-3.744129050894964,4.179371508627254,2.0
-6.47645140269625,-19.649053863885467,-3.7632033271081444,2.8214936835485016,2.0
6.720894435032048,-20.169208995341492,0.6383636179081449,-0.05580348747340347,2.0
3.342777217775567,-18.958930969857054,10.901057095547536,8.540005130864849,2.0
-9.020420045522327,-17.48276913590957,6.437495138636541,5.33239352572204,2.0
-1.9735889520466943,-17.81164681184083,5.248390249802993,10.129931902725597,2.0
-10.884561683175631,-17.25270860667121,18.23004431280727,0.6636122755843594,2.0
-37.59007526635793,-18.261322990655653,22.522956843222477,11.858097274076586,2.0
-11.597201353077953,-17.652270378836096,15.539145409618689,8.275412588016174,2.0
-21.797626135309592,-19.610661228644293,-0.4423103324351503,4.939219882899327,2.0
-7.201333185957588,-19.792664880637552,-4.015074175499455,1.4483635676452915,2.0
-22.86659980127656,-17.800171147644846,-2.7528795157297044,2.9786672419155646,2.0
-34.79101737683702,-19.457562470947153,0.6361760499778795,3.803745272328788,2.0
-17.449305815720994,-19.053540335921095,-2.088392496279963,4.979717547462953,2.0
-18.11016110879893,-18.4609699356548,-0.691605542544186,2.0853035871855927,2.0
-23.877090732670187,-18.54738621600931,15.188470520006325,-2.6635057982770114,2.0
-16.535918501204318,-18.050501113406266,3.256591402683897,2.575051581515372,2.0
10.558291515855938,-19.701455725438056,5.905945769740169,-1.177372736991704,2.0
2.4726117979122844,-19.803123306788162,-2.1938733713060454,6.835774169338075,2.0
-10.66713873167118,-19.737335834811514,-15.430120452930812,-3.079317705717334,2.0
-23.06151037115587,-18.81062823257265,-3.4749369108815316,5.469295637180313,2.0
-23.709440604762765,-19.365641351919447,-1.3499940814936167,8.386979378491066,2.0
-25.27895369933809,-20.453181678584762,-0.9890071552497872,10.589130831541322,2.0
-22.68764216302357,-18.769369714944855,-4.6400399921705935,6.795294010525028,2.0
