x1,x2,x3,x4,y
18.05810054172012,-4.530700866008403,7.188491367514953,2.8238038328128345,0.0
24.529721404770694,2.7941779142489893,14.109011029572134,-0.5766729195540683,0.0
19.101713248861962,6.9729639815875215,10.596921004109362,-0.42742185150855416,0.0
34.263301949140974,1.4973869300712268,6.353475358958086,-4.132502331129707,0.0
33.87588159021908,-4.764213232234173,4.824399797353195,5.748951455900835,0.0
13.338883279329206,1.8275301502234527,2.874625456237786,14.287295752475394,0.0
21.402112959511975,1.0767856613498665,5.868890089836076,10.450571559960638,0.0
28.73734949480081,-7.162053448777542,5.401751576540264,12.269107252076415,0.0
8.457105077660035,-14.305992454575765,7.170063838489478,4.284054132486377,0.0
36.94299511947814,-8.241216803137979,12.103009473171605,-3.0923056643964677,0.0
27.60248082913398,-4.400642744806298,4.867888172049073,-3.9825440819201887,0.0
23.02508441039843,-6.8543545081753425,5.447008387438624,1.493996806588654,0.0
21.73594756915464,-14.11777797906872,7.463043253768434,-0.12754525907503966,0.0
14.870946310774,-7.671848386401118,7.984505680634414,-4.124838475639928,0.0
25.122741937836714,-0.8444814441705026,7.454906599778019,-2.1214003802660337,0.0
18.55138314386777,-0.8358858823149999,9.219363680606184,1.7119704432776048,0.0
25.90709664949608,-4.962950574754207,12.818582477576902,6.770197059452498,0.0
27.29044209099132,-0.48774671647023204,10.104507407348347,6.445518778074058,0.0
-1.551401143153278,-2.132335962410296,3.2104909158153117,1.3654878691753582,0.0
3.2455325598493943,0.0770753992793638,14.91893772390479,4.9567569823345545,0.0
-0.5399256091484546,-17.916678538113487,13.892540282607701,6.4361913361697916,0.0
2.7178934314250967,-16.267846631971757,1.8158385426644061,5.4323251618656165,0.0
13.083131288453885,-2.9417846247526906,3.385478075617576,-2.6805682025353725,0.0
18.096810454585075,-1.5496503579905712,-0.7209859219558972,-1.8899612838420623,0.0
-10.313128568107903,-0.9612021059062614,-2.8736965436413153,2.1400311949420776,0.0
-0.6093086035173609,3.642503598490989,-0.17098083593840308,3.079163905731046,0.0
21.09418779319397,-0.28317208532656224,8.978323051832811,0.5869364738143328,0.0
6.891049718426677,-7.841296039273423,7.874632177375621,2.83430411470126,0.0
13.45943027195391,-1.6143928925439393,7.626527367294471,-1.219555842742995,0.0
11.78976457998409,6.870447849149461,8.22598732024515,-0.8299158297994738,0.0
16.583971210821893,4.328702111144342,12.059897992396781,1.2292511452842394,0.0
20.950466829407436,1.4792732555589545,7.072379328054298,8.064928457644896,0.0
21.212330605099204,6.2958714963923095,4.694371981814384,12.506465345706584,0.0
24.653842136787553,-1.118906436679116,12.161872700511562,9.50476271184968,0.0
31.453645762812386,-7.699366460799487,14.41136698353111,4.097588945051816,0.0
37.15530405272512,-10.878691698398836,6.306931461407929,4.149992069437677,0.0
33.77674841982062,-8.532227508740924,5.893970099442843,-0.399262568978922,0.0
24.068260021328186,-1.5684437629861971,6.192745498975732,2.5993986110800504,0.0
34.47419063093683,-4.879415368119027,3.386492658790641,2.6995760702873466,0.0
21.332491641889032,-1.5540050710756712,4.0204092087530245,3.568157580174364,0.0
11.722309245353651,-2.561573819020934,9.056865278287903,3.3102096806655963,0.0
27.513511444397015,-8.050278349114034,3.587313406612796,7.870906085539454,0.0
1.4573906955607807,-7.938866509504432,2.7407672205778746,13.509084643485712,0.0
-1.9169087031016812,-2.8720762365380548,12.409692712225555,5.466916594546047,0.0
10.664128688384185,-4.794335755715454,6.041995038465958,-4.460625740951632,0.0
16.99681755140333,-5.8559629983404475,11.234203184149475,8.069987789310389,0.0
6.988003156806165,-11.659061700522773,11.54871601917091,2.1208647237538907,0.0
28.06970303383495,-6.858852385159334,9.772551036417969,3.9982646537120745,0.0
32.5001780237521,-10.251933053063627,4.172179172001091,6.109770095954972,0.0
16.848124481682593,-1.958547948620729,-1.4213280417201108,1.2610144479445888,0.0
2.5367741956276735,-6.328267575803193,4.142541487484007,5.988299835043215,0.0
-13.941539207414442,-6.964369032725976,13.120462172152685,0.22854287301098153,0.0
-6.284215054431019,-6.257088917262141,9.936228229540806,2.4211416609942806,0.0
-18.43712651726615,-1.852985810498469,14.193269519768378,-4.710065484697793,0.0
-25.70834984556886,-1.7503282724971907,11.409689647346688,-2.152160726541035,0.0
-8.719013449355737,-5.249495684281705,9.5019835378196,1.8163728493679079,0.0
-21.714300338220447,5.964502777346018,13.979832851218733,-4.195388603319256,0.0
-38.59970875971607,-5.829575486227165,5.527562505732883,4.647020119006665,0.0
-34.01388948427575,-2.3259691168501595,5.216322284254517,0.05795568418889108,0.0
-46.10329677959784,-6.525536168040311,7.832776383096817,-7.064720493214867,0.0
-24.190493463293308,-1.9184823479119357,10.372281616551549,-0.8705726202454089,0.0
-32.60148975045505,0.364987409657183,4.172315901505955,1.77403133123404,0.0
-27.3901074645399,-8.385145769096095,7.1922899344789935,-1.6068791401601348,0.0
-30.082693985583415,-15.246563660527716,15.657617268589416,3.5460525804951826,0.0
-20.920166322262684,-9.368780343850968,7.1614475817453185,9.07152713920435,0.0
-35.62003070448122,-3.5418523479976325,9.697137971304388,4.018311722671384,0.0
-22.521624581367163,-8.367685213166347,1.9675853231939548,-5.898041735703619,0.0
-2.8171207544023105,-12.824211357329297,4.74861357371138,-11.410649107702438,0.0
-11.732672066447932,-3.7908837166085076,9.140238485794267,-10.849714267594155,0.0
-23.60826330240402,-0.6073514223858429,10.052623987829502,-12.64649670651352,0.0
-12.10549167753712,-3.974822860308284,2.6684481109261036,-5.022299435915723,0.0
-9.687722958394914,-16.103998825753195,5.342834535995865,-8.085313452237465,0.0
-27.99773636069988,2.473987691166136,1.597134924214223,-8.455730761550459,0.0
-14.749705092486144,-0.8157952723659285,-5.1735135984440355,2.116575438929451,0.0
-29.5629432639626,0.1176144848045726,-3.150761961804975,7.106381236281931,0.0
-23.842447679393935,2.5261888428346557,-3.2043929107361393,-2.9244614866650753,0.0
-30.899567005347286,0.688975005559505,5.522118034612911,9.241387084693365,0.0
-33.3234221604637,-8.660788016181794,11.08441623544111,-4.704301818763509,0.0
-38.75828062398803,-2.2139795227663894,6.4118976854875696,-1.5760543174567117,0.0
-38.17414824608471,-2.0689606501117,7.734666990157902,-5.64872175252226,0.0
-24.83662715340342,-5.997215561549234,1.970473483197102,-11.129476467053266,0.0
-34.1602375159648,-11.339016033452321,5.012753524255473,-3.010163793235771,0.0
-9.195917527472687,-6.359201320163971,12.323979381318882,-1.4767590870529113,0.0
-21.20301967992308,-8.978396730662162,14.796486141855535,-6.348389130119537,0.0
-19.753922613164544,-2.655320261270648,8.940992896366424,-8.406460052341071,0.0
-8.998128214144277,-6.3032213735002625,9.032836722446142,-5.760816371764273,0.0
-14.740057779534279,-2.206655045474771,14.560491936490909,-3.8433054351260343,0.0
-16.311239555639546,-1.6690067715772412,15.684958458487884,-2.0679828850157636,0.0
-13.580591584039192,7.73598783959376,7.345531418775163,-2.2100353108025974,0.0
-18.60738936122823,4.067294403684922,0.28802778638597193,-2.8641933701285804,0.0
-39.32908561031851,0.9206171964512024,-1.6613369152906179,-4.071156818201427,0.0
-13.6727903045161,10.771058460754107,-4.461543586137173,-3.0229732634055795,0.0
-8.89979302874255,12.859993330190491,-2.2303325498050066,-2.5435804328514573,0.0
1.5235611816377421,-0.5005682642639071,0.5799262725970746,-3.441587912937866,0.0
-6.569916852189037,-5.9169513632340855,6.413452117695189,-2.000789875471852,0.0
-19.36532500147318,-8.550454687342722,5.166787338970628,-2.112411689411637,0.0
-32.33314295886788,-7.130151151689823,9.440448271877976,-1.0165774262753726,0.0
-35.83403974329458,-1.3651638205029704,6.380382797209586,-6.182527089293287,0.0
-52.00818017090536,-5.743632770930974,8.632568662821633,-4.508508502457244,0.0
-42.230133702091464,4.256372883574157,11.685939354126777,1.7905746389380743,0.0
19.19188894480199,1.7442499474229813,14.30191229631377,-7.1779819845014154,0.0
17.230267633756245,-4.902601512170408,15.419915568964988,2.699713988262216,0.0
9.216894063372743,-4.770138108222223,16.62001920942347,-1.0710123697655964,0.0
12.060299987161624,-4.90689613941924,14.473976445221947,-4.574828234179456,0.0
2.4658549284718223,-0.10572154135018241,10.319712184366413,3.5018382511852457,0.0
11.59950062279134,1.5095564993349724,10.435022421935376,1.2665712285710644,0.0
-6.49684084191368,3.832685897760479,12.15269239587097,2.0350838221181324,0.0
4.4055125951922705,-2.1694386699924175,10.421187706172365,4.52257397571547,0.0
19.31070898407854,6.081899666415176,15.756823086187406,8.048097000810177,0.0
19.300647043582522,-3.4417164216714617,14.826083081578043,2.7043787878111516,0.0
37.31365934819726,-10.0364384314233,12.763675290502457,-1.4679694845479343,0.0
30.638652636040426,-14.100084443611983,9.642136196119198,4.641748807744182,0.0
31.6277130965972,-0.847432435010794,6.659313812578811,2.418437166298671,0.0
29.99649721061419,-8.961178480492118,7.977996002160408,2.727630489628309,0.0
14.947637864183314,-4.284716374649656,11.864718518306375,8.181730586657793,0.0
18.68992051859357,-4.162343010234119,10.864337295077403,3.4369031919067736,0.0
16.7366911776871,11.798652411919148,6.527613697030646,-1.495917383026807,0.0
4.070738229982569,1.3099875576198938,0.08347709211080101,-1.0516000045176384,0.0
10.266332498557233,-0.7081071732601547,1.5604181312994347,4.434781460579475,0.0
0.6492435363308253,-9.389845251959454,10.07478989043383,3.573905749094515,0.0
9.14630899308951,-5.5920782258555075,9.860000611969735,5.253145871510712,0.0
23.394307693843363,6.147719987637647,12.127002127461362,2.6434074405737835,0.0
24.00011409964586,-2.2889740489439343,13.015776137315331,8.184754083173877,0.0
14.899366586793537,-5.809762158145995,18.41720786732002,7.6514210182743865,0.0
8.469713656757795,2.38195789435243,17.715978094405095,4.1689150227846135,0.0
1.3064310427621812,-2.176403489558771,10.816818121829183,10.86353454265708,0.0
-3.097995681907456,-9.414437278288577,7.866075016715736,10.175600427150236,0.0
10.940329942159464,-5.148578338570399,6.0546746630832775,4.3317833350077155,0.0
-3.4213214569515085,-9.84731919952607,10.008271127226488,3.6044833991381253,0.0
10.369776612877116,-7.68562296171932,11.983083095299754,-1.7989739312274047,0.0
17.65523654098575,-14.341804229172368,0.21937980465961004,-0.914054437839142,0.0
32.8275106894185,-8.629394191077445,1.9606422966230488,5.251186503975308,0.0
37.51458316623446,-17.564276590982047,2.7736092707255953,3.6573191063927517,0.0
14.18728212330116,-10.94353887106344,0.7920964751899175,-0.1854503628025146,0.0
19.540454640500087,-5.63099439270663,0.9863867395311043,-0.4460123681417363,0.0
30.558153245552298,2.8238504087374188,4.73434539020513,9.694444665022989,0.0
35.94472862518213,-7.2004930430096294,6.613625075739876,1.3748419123047686,0.0
26.245145647142735,-4.81240818225397,10.528500383624152,10.677738038418738,0.0
24.7368098212643,-2.6627366161273476,5.515079062448753,13.38853779252349,0.0
30.498191988199018,-7.799107068312312,-0.5355964609423314,13.102100693574133,0.0
24.28318646156461,-6.44253536261907,-2.148972144502685,14.11888554677122,0.0
28.0441316677056,-7.965793820684556,-0.6842733766942093,4.758904123125887,0.0
24.840185375947556,-3.8593999794580385,9.226965705862693,-3.86729389436747,0.0
32.154285199413955,8.063994643524625,9.749755168708075,-4.077388055789574,0.0
19.29330454429891,4.065056327874448,12.921929739016067,-1.6157647343029717,0.0
22.68386984836204,-3.417078621581423,9.478664011664105,3.698959936062957,0.0
17.513860152792947,-1.7655509785694266,10.416375886992043,2.5376773053787876,0.0
27.23944936066238,2.7042140806178248,6.914204175492046,-0.3740808234180686,0.0
33.77980664101979,5.561775585948329,5.904050111139731,-2.7431839382109575,0.0
30.42692920445669,3.5819680501500315,2.839179601510848,0.2751746872032337,0.0
-34.78668101711344,2.723379339458264,3.452846624734235,0.9682882348128949,0.0
-12.871526917579896,-6.225535189623303,11.890134502356059,-0.8992263510236391,0.0
-23.175397448731808,-5.266799477914896,8.762660803094997,0.38952295941493165,0.0
-24.08114208937687,-4.0433998543709535,2.489966454779361,9.06702281879583,0.0
-31.67804674875837,0.5682967794196347,2.940971434126677,5.680245432086199,0.0
-21.51462080334689,-0.8361245317553934,6.5966618399698875,7.289829732386284,0.0
-37.664668636270534,-5.834848323870268,6.402761972549293,6.990595100434451,0.0
-39.43598013202913,-1.08525436855839,10.35989216372242,5.578663963389187,0.0
-23.774869320677272,-3.8750652748916163,17.45099036542598,0.293355161130761,0.0
-24.64889304395612,-2.6134762826998497,13.763020136616703,-6.319439881704028,0.0
-16.760853518095516,2.3290791478810053,12.941828464349022,-6.296087954566054,0.0
3.627903228153489,-5.890671742008946,13.12913931434984,2.9729991720994264,0.0
-44.43244619298565,-12.844542414688414,11.538484152906305,-8.455828051568686,0.0
-32.60934354097008,-10.152090727041799,12.211751854186572,-10.610716860687914,0.0
-36.53378835986163,-14.05412504122489,11.338486330121954,-3.9523703541329374,0.0
-32.43179997914713,-10.06815880459926,17.922659417862207,-6.6871178919594545,0.0
-30.294620623164082,-7.672117223225198,8.794391215598951,-1.211851430424324,0.0
-22.323153557003625,-7.135224140326822,15.438541328506968,-9.267589965213428,0.0
-27.29144194256799,-4.450245790935586,6.412982970545759,-6.239219901985491,0.0
-26.310649000099207,1.9909970787509579,0.040717362412118874,-1.708454647651624,0.0
-13.964889587332266,-6.259869906444544,5.6983201670016985,4.971513314850906,0.0
-29.876831161696586,3.895667817387432,8.659731374434,2.4772786490881558,0.0
-31.962498334260893,-2.7442015000776827,8.688278648339415,2.5126850453715974,0.0
-24.637761386893626,7.8174540973399935,20.454157311350052,-6.290222814992135,0.0
-27.56865445263373,-2.433995111152806,6.425385150874052,-7.086197908168368,0.0
-27.30703226586992,-5.560473297484736,2.6739124157448977,-5.1605362151795715,0.0
-20.21505462471115,1.981769735230465,4.312732262909963,-9.2799329514221,0.0
-30.745479645175223,-6.661882856410918,6.080805677448204,-9.850892140794627,0.0
-23.252784353735375,-0.7369418959291381,4.166564178727399,-4.953910582336973,0.0
-22.227468250046307,0.9811874260667672,3.2444912862132638,2.968138914692375,0.0
-17.761371684635392,0.9468666066276872,3.091975722828213,-0.6284933057859823,0.0
-17.668365736734582,3.249316741170242,9.461658534768437,-4.0678633766071135,0.0
9.851015247091349,11.263170016061778,14.433473529413327,-1.2364114647208773,0.0
4.227888863034483,3.502907520261247,12.497977897874549,3.825434811810464,0.0
-15.944887657221972,3.543251905511834,6.44778551730842,5.999022274506967,0.0
-13.281405541323204,9.926457689913832,13.516144380119123,-7.030660282487648,0.0
-15.636939972310836,3.1431165415911693,14.330083840251485,-12.587683352507995,0.0
-27.471899965614284,-5.999164115945984,11.148995988571588,-0.16907180363605856,0.0
-20.63725985297673,-15.677059381064325,7.586702111919342,-3.3503187727135764,0.0
-23.192566622479376,-3.001861749430546,3.5906906387645723,-1.7632362035580054,0.0
-18.15388977079985,-4.818086569782992,10.161491772380785,-8.662224412403855,0.0
-13.46066775304423,-4.834076150949549,12.602770657439361,-6.057543892916708,0.0
-21.278932658502583,0.12679505330996754,15.264451682082273,-7.390557396213611,0.0
-27.4612045279304,-9.765092144764177,12.072360840688374,-7.637223462719396,0.0
-12.61049190401745,-6.015569522547836,10.294166028941842,2.828895221832716,0.0
-12.068709050003994,-8.536902072915876,7.516868078302706,0.7024739814193919,0.0
-7.757305783022925,3.8294223189108116,5.109553342294092,-0.43756637307920876,0.0
-7.222494404737892,2.4025407990802137,4.378047425971454,6.492773538903146,0.0
-7.081925601005857,-2.8268080050409483,1.9751542335474674,5.226197760348828,0.0
5.462552985727935,-13.075629483671575,2.060935417120465,1.5104471626360136,0.0
9.227306227174711,1.3883339810183593,-1.2021247042809655,10.418667392278156,0.0
0.8505208122515207,-10.395448186085044,6.044240087403869,9.000182134914889,0.0
8.80456630454018,-9.156953951775398,8.580195044552699,10.182217577554844,0.0
-0.1515837333534238,-13.108504725616886,2.357074961549004,3.9012851822634724,0.0
11.280597673191362,-16.979280157723696,12.304139207791872,4.3321527461595695,0.0
13.001750444844978,-5.214780085652291,18.039347665536955,2.5993662604078813,0.0
29.88273736980709,-6.6187151927893835,8.206371187485583,7.521092366054624,0.0
23.092061389693303,-10.17817947241727,6.885015464246061,2.4178592404785473,0.0
27.00897879096001,-14.102003106761796,0.042874318812401224,8.461256036921382,0.0
23.773233487092398,-11.93964334951281,-2.131545166284126,8.62634709744779,0.0
29.382689864572725,-11.808205558577189,7.37018068305799,8.068091877453078,0.0
1.5163856718439348,-5.87676893556239,9.587441181377812,1.3342612879044982,0.0
-9.203147326349038,-4.290246000876473,3.7993917399038217,0.7998197103620095,0.0
24.41864617248475,-5.582748936731558,0.06157945841421775,0.2798964307139906,0.0
10.774897953740158,0.4060223474182393,8.473247222578394,7.763992502471541,0.0
1.9750796175462852,0.9991029830897249,9.932140022017697,3.815380005591023,0.0
13.390247029125794,-5.0155025077468665,12.958530178323102,7.593149267570389,0.0
3.659127882149601,-13.160884893458864,9.148765847851129,11.266560667871326,0.0
11.71520257133026,-8.400754623690256,10.775769553631037,6.636242439987301,0.0
32.17735963429277,2.13904792569973,20.419891040857777,8.149185225272802,0.0
23.542117951947517,-2.0465805660142604,18.280602041150836,4.962158521357297,0.0
31.686308551237868,-8.548298342150167,15.088934620417096,1.637769490595249,0.0
13.44839419004695,8.67106488063582,10.845598934246949,-0.8675968114444773,0.0
10.101033102212636,6.253560573220713,12.110169027588622,-3.0686032465082276,0.0
18.66613535380374,4.172504030849715,10.775232064854272,-1.6276614226653021,0.0
32.65506023080266,0.6275732795192024,9.442262381890048,-6.151186797640994,0.0
33.309342788979905,1.6549818771908082,10.582794116471872,1.751027316291835,0.0
20.261931578229746,-7.348789960817536,2.456463900904672,12.385957201514126,0.0
30.57664564149862,-6.65959009149662,2.8963739188648123,3.247191815581883,0.0
20.05602588501303,-11.08792658335676,-0.44326901672882624,9.51964486100076,0.0
28.002301809924454,-6.093732176262574,2.33520706293569,11.084204181222251,0.0
28.649198320835204,-8.580055663635804,-3.6518857159692963,9.699446597074466,0.0
34.81058904289934,1.3745024153082501,3.3061593992772775,-1.2000535846954796,0.0
22.44870094888445,8.774644665359311,10.685872447744956,2.9931398683441977,0.0
14.098493151843135,0.3849111197125792,6.610005295352214,4.868130779654871,0.0
18.08891054024046,7.315105238247623,8.792985049521029,6.53179886919069,0.0
29.983596026162246,-5.17132979066737,4.2825355562894165,2.0326975717823523,0.0
19.038970939174988,2.5285493180849006,7.738318679992281,6.123997775586947,0.0
11.643834151331152,-4.2308413316256015,12.354676168624689,3.136883853585663,0.0
16.812574211807256,0.603256614280238,7.7278528078502315,1.0657432693144364,0.0
16.90825347329543,-0.33397706832144447,11.483717988898821,2.4610784423409986,0.0
30.147107551129587,6.968081952860362,7.35993339689054,1.756830933048949,0.0
17.47025493232121,1.170253157004736,10.706404801107277,6.297564501636,0.0
16.295119000056296,-6.0748587264743374,11.152218858228718,-1.1063524264523505,0.0
16.942537209896276,-1.5615336906295405,14.171676365999701,-3.377202789018843,0.0
7.887129787674514,6.530687551055774,8.740788181760054,0.12325045628654285,0.0
18.468010199095083,5.234878591520387,8.242429563858172,-1.0897202874587106,0.0
44.66023321331687,-10.59594085636979,8.1818971785324,-0.7562970394110332,0.0
29.30575446880684,-7.2129206388611795,3.1464595813162077,8.131634903820858,0.0
14.79649849322347,-6.388484067791338,7.784285787465065,3.531147301543426,0.0
-37.641195549679495,-5.73111648272236,9.870461018307722,-0.22967541173125028,0.0
-46.22464698783477,-1.7784839121056262,7.178306274567407,2.224443600542627,0.0
-23.754206083264478,-2.9357621087991137,-2.04871789771045,-4.9007307061529595,0.0
-19.76891338784285,8.240291125054574,6.601046863752396,-5.438591746856274,0.0
-20.23102976320504,2.1657927672230346,14.676460340113106,-0.4600539976290121,0.0
-3.988103004047087,-4.115287521214343,8.915089779388268,-0.5324781095674997,0.0
-11.287042370037895,-6.6691658835076435,15.341468169756963,-3.3853174319545314,0.0
-8.834313192731233,4.446424579624518,4.5418659499335154,-11.017236074757504,0.0
-21.159401984167243,1.2852546483245886,9.93086075022359,-3.664536217644229,0.0
-11.860119058144598,-1.3159968859390654,3.6521819417407415,-2.370377721667817,0.0
-19.350754717659026,5.324674952081624,-4.335098776900541,3.3745367301317675,0.0
-21.929647633287686,-12.160576748138938,-2.778393492034766,8.658375706283318,0.0
-1.6973884038909937,0.7738177264969157,1.4940950037828173,5.133260983914031,0.0
-9.514027976129917,0.20194262393536966,6.439281261941255,1.8298782745287587,0.0
-16.95869283445259,-9.041012625762418,5.282724244263893,2.4202517166967272,0.0
-15.791594724036933,3.191937421983743,6.631687140697431,-2.6786935258202433,0.0
-6.533261854077893,-7.548045123263107,11.162836836990179,-4.280571796290171,0.0
-15.216732942473797,-0.15900604819505393,13.678568821706108,-11.416518934712471,0.0
-25.83199967426051,-3.6273193972245132,9.764653410035125,-9.80229327283751,0.0
-18.839495160322073,-8.34961906872573,7.111367917106177,3.0803126488053896,0.0
-20.407588923584097,-11.071169057519326,11.753270761453852,-1.7030932101512253,0.0
-13.995921005883332,-14.593250591944493,15.474554244583889,7.060355316841411,0.0
-15.364371699972962,-9.856492174896678,11.316408081197833,4.321370725891287,0.0
-28.666010735482935,-8.178736769130929,9.694002924907558,-8.614640286306884,0.0
-20.476722171815677,-10.47727265550142,2.107487433364886,-0.27775951197699644,0.0
-11.334089379169788,-6.656203695341095,21.839620803513547,0.8215446051551067,0.0
-20.979350290815812,-5.153482016043782,17.161676175428966,-5.005113980971083,0.0
5.300720271230283,2.7579228581136794,15.662952376499923,-4.40193167282443,0.0
13.118856920438553,-6.8896876920513215,8.27260018030111,-3.662240067452329,0.0
-4.935248966634564,-8.344463227174664,10.76207158870697,1.8179207719890655,0.0
-15.983436107540303,-8.16819160595615,3.9468071627606074,-3.9714251184798948,0.0
-15.182673703117041,4.3280138488832165,-3.389520763896284,-1.6692568238359717,0.0
-30.600065977775095,8.25265055484902,3.526888669165312,-1.1212370300480565,0.0
-34.8745731076636,-2.0186702361150983,8.36006651593194,-4.455552704963328,0.0
-37.743086025687475,-12.813747474657323,8.249323237966296,2.4286102638127347,0.0
-31.19672330825946,-7.229062702671488,6.644087537112629,5.310252569033472,0.0
-16.050242148261788,-11.88433620138094,11.714792756994989,-1.934227414820862,0.0
-33.140364587688325,-11.486312157394766,5.02616987839837,-4.029113997634406,0.0
-44.74169813144463,-6.410252521948604,5.403075686165875,-8.063267809026863,0.0
-29.224550596379245,-14.99243212351274,5.65153031155033,-9.67349448025983,0.0
-32.54404739156489,-12.547760864201338,8.918098524219007,-6.674043650758401,0.0
-26.531793406361807,-10.153962882046912,7.946821352358258,-8.74629222119709,0.0
-37.646913595165316,-8.424347716621504,10.941871503782039,-8.792535183658684,0.0
-16.196565684596706,2.1543673265639613,7.889730167381636,-8.898115508547573,0.0
-32.71921168177209,2.8140391116840586,16.85174030912833,-3.870994285023761,0.0
-35.81088147506638,14.084481791101972,14.781414327970609,-3.038630608424337,0.0
-24.63296821169257,6.048680519138475,8.030940346186973,4.965600058705405,0.0
0.813467318680555,-0.6502410325738213,7.86335760928633,1.9522676529583836,0.0
-15.300296246244443,7.592669775445753,10.595457153321636,-5.608841100814794,0.0
-20.494058120153728,2.3785838769051177,4.879196453202701,-2.027890618759595,0.0
10.88514860279972,-7.8077118025139995,8.576700751373703,0.8582449142806858,0.0
11.397936999186085,3.1259647004077316,7.584889787461495,6.224750548008275,0.0
26.63189041561982,6.168564482739788,-3.67515215783091,8.304075654476826,0.0
22.542209990823466,12.172554179658912,4.400829700769549,4.818913866336511,0.0
28.07392748808295,7.901192194260874,5.8242653107254085,1.4202629973166037,0.0
23.64510542177341,3.174975767699493,11.627036349123973,10.302498386996588,0.0
21.23736967814853,-2.3210775586949035,13.388237466182048,7.158786662885332,0.0
26.924292015440155,5.044419949569033,14.469785520732472,6.047316543965282,0.0
12.758202615258213,-0.6093031269290539,11.759729885584532,5.891100008426351,0.0
17.20761299817726,5.1323174470717845,7.113572342376791,9.150170897375325,0.0
22.690247436063764,13.535981898550588,5.824624943526432,11.5932614027433,0.0
10.920430715800588,0.4062362528438821,-2.237579585583651,13.395589748533528,0.0
19.307460470143802,-4.087030391319305,-0.7787160636877304,12.662992984392407,0.0
7.7295215143363905,-0.8076351907216683,-1.8376707797290397,12.537871589804782,0.0
2.7033958500705726,-1.5159779856820008,7.9817709637908045,1.4944923319540222,0.0
8.015740506548582,-7.055498568947258,4.04700210437098,1.39826241317195,0.0
4.136487672865234,-8.12423365404723,4.396318116590155,9.601502438305872,0.0
14.486454844358333,-14.860709413602777,15.987836419549556,2.7155086861626168,0.0
-14.47356092954784,-1.872469049241531,6.216288334477048,2.5893967267885616,0.0
12.54489514601817,-0.5984372519510277,-4.1810625865818425,-2.554707361932345,0.0
7.12066018331565,-4.62502136775716,0.5977888956257704,-0.16363486742851396,0.0
17.830163838151464,-8.67821855496928,2.383142355709454,0.1790267482091712,0.0
30.315780333576058,-13.040654821179226,1.1006539486316687,0.7902532868714787,0.0
25.90750526176445,-7.7942527949927864,-6.409400575178093,2.7077400810351238,0.0
48.81550107170848,-14.899320138086523,-2.1364906573693445,-1.414230461000899,0.0
33.452097803268266,-4.054602726284252,1.299023021852431,9.75934680438336,0.0
32.562016793804695,-5.527553074169438,6.109819603212701,9.703884115804335,0.0
36.10144199778525,-3.4462704272979,8.539264958753042,0.7089997263279795,0.0
13.161035420307421,9.089606449012802,6.019436868687279,5.185166563393295,0.0
13.34514783012983,-0.6246933072656118,3.325957011177538,1.390888433544109,0.0
18.440952624752835,2.7781929300524206,3.753373724897972,6.137722360632918,0.0
26.10112073875302,-1.7160142983233846,9.725667364208,12.913094122168602,0.0
38.14689845537444,-0.7826204695215777,9.955575910753016,6.982265678264557,0.0
33.08648752049183,-1.2560791183228694,17.155023236276307,4.198990791791948,0.0
21.845491853459137,-1.212492764170456,10.19935823232376,10.575621132283281,0.0
16.89199849718546,-6.74489945824042,9.942593010388684,9.87264677001929,0.0
24.072059876673762,-10.67142959958564,10.229963978490792,2.5581981411566996,0.0
28.888479809768853,-7.233979335097367,8.186356098578585,-0.9659581950435832,0.0
35.974760420078674,-2.834368274076851,7.538697642781427,-9.1686073099215,0.0
37.794781858442846,-6.772267280307103,-2.8311429066428886,-5.873691255066413,0.0
28.427649735832176,-2.2107920217299304,-0.9943334122369301,-7.253238764518413,0.0
19.89571902305714,-3.085973314941022,15.491359183870966,-2.200916010112918,0.0
20.21298836133988,1.141280910997983,20.164050492162623,0.8818718103260696,0.0
3.273671132276359,3.8291783024518633,11.458926575679014,-5.396089389643473,0.0
-4.293245543244124,-2.6076687953986433,4.015583992653927,-0.8387396556514988,0.0
11.581571561882743,-10.397846405823456,7.47307387002185,-3.143939262027178,0.0
13.569490066810207,-7.702035394535216,6.109363079166199,-5.475694561915729,0.0
21.43496767375052,-7.76425740561085,4.739514238586863,1.6948718682308441,0.0
13.78888496938805,-5.6724560424031365,13.595982296080415,0.07184221408310432,0.0
-7.340410826921442,7.011221892895577,12.11672061454273,5.262535614059599,0.0
-18.58238012078146,9.120603786472241,5.692828032902407,3.819449359267371,0.0
-29.883414590425804,3.78900219677208,4.2726604914354205,2.2984873105754597,0.0
-38.920498879432856,11.070850037824263,0.344406173310281,-6.332676354496565,0.0
-24.676754497743307,-3.838299089259716,-6.002843283387795,-1.546990855540304,0.0
-35.662844609921805,-6.1808151683071815,12.555401489777347,-9.380880483397537,0.0
-20.960675964412296,-2.6288820634464525,9.782778732294318,-10.786153331055568,0.0
-21.413981373865827,-5.4503712023719375,2.0040677615828804,-3.9776539928607777,0.0
-13.443068464206089,-13.079416781172018,3.6014794054368533,-11.654909613436473,0.0
-14.18984642578293,-17.572575025315913,7.014306329544713,-10.26707025211461,0.0
-9.981951226686832,-12.252225087180985,9.477808057911345,-1.9974561230567947,0.0
-0.1374966016507546,-15.91340765294446,13.990853683889952,-3.373093345918155,0.0
-16.192174401013723,-5.43844619496661,11.227417129354897,-7.471128172354422,0.0
-30.075760749645504,-10.320332913683027,-6.196096346117034,-2.2004063115667516,0.0
-16.885400498265458,-7.413658881829508,-3.221127077286585,0.38628137726122436,0.0
-19.644604621898125,0.7371361573974391,1.950077756612509,-1.1966872689769508,0.0
-20.281205913291224,-3.1832248524936646,5.151607419101689,-3.8730054386185095,0.0
-13.769677082695623,-4.833135049797712,-1.4342128861001804,-9.795604933227548,0.0
-8.50236905728312,-14.689659794231009,2.690833505330614,-9.118552331362046,0.0
-20.383948466942346,-15.740561957372861,3.503309998665445,-7.155770348722227,0.0
-11.294636853478742,-13.046474233480877,0.08337537193333411,-1.6453318454468664,0.0
-15.87808543701745,-2.5287686595785077,12.659680324146162,-2.431395553844259,0.0
-24.633244085954836,-4.76024430095624,15.32239851526333,-0.9936745932020692,0.0
-17.00964655780409,4.151858289270176,18.466264249036076,-1.3481171465159543,0.0
-34.6988716316733,1.0239182007383474,11.408823277946166,8.199210823147347,0.0
-35.50816407624883,-11.777553893984498,12.365507508712506,2.7505217715971053,0.0
-22.2854113989722,-10.175040161947235,8.911099592334502,-2.2502898067988797,0.0
-12.268370605861158,-20.690972891184327,2.3119952409855244,-3.395664105424236,0.0
-12.57174505367215,-12.8011521734228,9.142461220730233,-8.070557791896608,0.0
-0.42352924002494063,-9.631049356774518,2.7233925941396766,1.4040542526464501,0.0
-20.59128549713382,-2.409290045620314,-0.6437012321389215,1.6202024062322053,0.0
-19.328706815948824,-1.6413986619446175,2.224587073511744,-7.472980080680218,0.0
-8.922939294664943,-1.4282944870647665,9.866304621186256,-6.861423455403027,0.0
-9.470180314323423,-12.777070093644303,6.430629223824994,-9.384748230936154,0.0
-23.910147107245,-13.367984321029198,6.945738873769655,-4.978032333662773,0.0
-24.482700756953097,-6.385116548270847,17.11957540404252,-1.3886301768653597,0.0
-14.984910429445842,-4.187626346841029,15.5191950302203,4.600018450533641,0.0
-7.974080025181401,-2.4533588538628877,18.70906329457212,4.98279962387687,0.0
-22.93699929203283,2.9301213378152364,8.9504902072981,4.635979649674707,0.0
-18.555356508993306,3.147108949165146,4.681156455342913,10.837985713766853,0.0
-43.950007216493184,10.57979134529555,0.2534614798295882,5.158713638639066,0.0
-32.250187072026606,9.956923714191348,10.538632462772574,2.6331249186739827,0.0
-37.225571981649175,-0.624649472981091,11.227395616418764,7.1822904398493055,0.0
-35.809623437569385,0.9926168802330069,3.5075557315647767,2.0982293728840844,0.0
-19.957946954116327,-9.538683602342527,13.999306696470125,-0.1739348792074118,0.0
-42.24316487962328,-4.675403484906784,13.782793632627737,0.5437677754784862,0.0
-29.807043785418884,-10.78931209251814,9.852901727356222,-1.221408254330755,0.0
-19.899809669796483,-4.4197238632276505,2.9129424409883597,-0.29568138334858896,0.0
-16.785116104904365,-9.843259317612368,3.6058292601486777,-6.000791364092169,0.0
-15.59826951683504,-1.082240267512364,8.225668578555855,-3.9685025772003177,0.0
-16.670957545619103,-9.755482059183723,5.389981332631352,1.2018095063125345,0.0
28.48339659268155,-7.8299267046085195,3.78639265662628,-3.6868749208040623,0.0
32.45801787806813,-1.8436924045714276,7.559788403855516,8.754380724050257,0.0
22.06969257524855,5.795757235585902,8.281445467124064,6.497931675551545,0.0
15.828110018982454,3.858678449199191,10.287919096511008,2.6687075364720463,0.0
25.984212722324383,-1.3434270777461101,8.011502403777563,2.2364375465968584,0.0
24.41306884413816,-1.5111380783885235,4.80988186946319,3.912439315479853,0.0
19.46109985939127,-3.999974000808802,10.18288975324747,1.452478111870596,0.0
8.865998272743663,6.391447556656841,11.256504488705719,5.228268668605827,0.0
15.23813142309427,0.6741917563049191,10.339553688631872,0.25994530220487944,0.0
14.67137755336309,-0.46503086869178833,17.495337841679074,4.056346623662214,0.0
15.412766859454646,-8.343463941317502,16.48916315060403,9.643545503927703,0.0
19.64545771263915,-2.033174291725692,16.562949274947822,9.059796474451236,0.0
15.33488277945796,-12.48068981774752,12.362867787367435,8.066480449341686,0.0
18.03288985530188,-7.3006415129819295,5.9263019658461324,11.80431941255906,0.0
19.60791512593544,3.1227112452419963,12.753138304825221,-1.8634669545697835,0.0
36.22206309187901,-14.271722733463776,15.898964877252729,-2.5513750529227033,0.0
25.356849660026484,-9.319995654340008,6.857548010819565,-13.348988392070469,0.0
25.37388159231581,-15.232200354519723,-0.0659988616132452,-2.8924650349659995,0.0
18.068459675790926,-2.4838430216186156,2.5441080958939244,5.809723041454111,0.0
26.378977264673136,-7.208944510598515,4.76626836089649,7.20440891226121,0.0
10.687074777957287,-3.412093197917823,5.400183191202506,4.51112197107218,0.0
18.934212745423224,3.6111158666920127,-0.9917995342602612,3.268260274289043,0.0
16.26492272792771,-14.221039164467278,0.7553192322759301,8.059857102286685,0.0
12.716713827214896,-2.2124992026044534,5.720053601758411,15.592709903531542,0.0
12.37934072712164,2.626630768882285,6.797151558103583,3.021508244113895,0.0
5.597692667918134,-4.629833027415124,11.105835777435127,3.0181219963123445,0.0
12.082203468234207,-14.995039961102332,5.322559569013176,10.15824884871121,0.0
18.6520431417959,-6.522016532804387,7.642135947383588,5.3396581802179846,0.0
19.2438893684985,-0.9748148497503428,8.376956923248912,-3.9397563624044984,0.0
22.224065796229524,6.76106192395187,11.311695853630988,3.5854320941817055,0.0
12.039142642601487,2.041111725249888,9.022879322116275,0.67630456792402,0.0
45.922540398125506,0.7268985975153204,8.841667361814807,-2.501026756319782,0.0
42.04759075783565,6.505534667058793,16.392090282530766,-2.3578850579347566,0.0
27.773313611917757,-1.4539979208721159,10.208217619436972,-3.3322163020707514,0.0
0.18690044121150073,-5.8933771041697565,3.4141485968016543,5.686574752387533,0.0
26.815740366981277,-0.1458161308541186,-0.8111984606564464,12.397172612520691,0.0
34.01866809394584,1.5951049697064228,0.6985259126801511,11.806787211774312,0.0
-3.144650354579909,-13.351737036595972,-3.128026100323936,4.478244804163976,0.0
11.368141286579732,-2.77217246383975,4.602315983622276,7.99393839247602,0.0
10.674928812946552,8.107044490121716,0.9156058866058308,3.7436245182686414,0.0
17.838687326956073,-2.444992968530914,10.024681482482041,0.18285575230783024,0.0
19.219625082267367,-6.596644768552925,17.346125888870766,5.791906495720916,0.0
6.46605182762128,-8.372070642902484,13.384094674488985,0.5882415612179586,0.0
25.1067556268857,-0.4125327351506485,15.819488110714396,2.2618451530339154,0.0
40.54723077644932,-2.703867080376127,11.865434781828604,9.437957030259971,0.0
46.275956931385394,-9.518694892118525,16.941774503167828,9.198692037639857,0.0
41.770965500038926,-14.789729252945095,13.142300553419261,9.198103942685512,0.0
42.28404972201204,-8.171812857891865,10.4395492806851,10.804180713786728,0.0
48.68060147617143,-5.974207108203618,14.150234731957891,5.014217950097966,0.0
32.358547453479545,3.321526032761449,-0.7902648761277309,10.075307083638394,0.0
-51.59945351993248,10.462994306404578,-3.060022489491769,-0.1006555343704707,0.0
-70.76729117100403,1.8961712346268627,9.18162617891251,-0.06879542145565543,0.0
-57.016191016734794,-6.311237215412319,9.13630624140757,-2.752958701623944,0.0
-31.644471320737637,-4.1497239198870615,9.117032455862187,-2.336694962288014,0.0
-7.917516537073059,-17.688349163526418,9.151846423204574,-3.682093587255475,0.0
-14.80338526709468,-13.522472748551042,3.247401120689723,0.8254851122284597,0.0
-4.511077635240831,-5.316826816551946,8.472225979934041,5.936876557947656,0.0
-21.05871828379629,2.9549021224666423,8.190711539516053,-1.7381615943957425,0.0
-42.73162090182349,-1.103108841397686,3.731470563614212,6.159176491027541,0.0
-29.185337389352057,-9.217229007203176,13.610491628138323,0.24350211926891419,0.0
-5.414753245685958,-17.253742914517925,5.6566902430530055,-9.05178726165801,0.0
-4.145017708958061,-14.449132392923726,11.543714624364059,-8.611063008728841,0.0
6.527962132339123,-7.0526617097315025,23.300548781359495,-14.054890481055565,0.0
-0.7642000755227691,-4.331993053534207,13.07747430380494,-5.296375859399623,0.0
-3.8207048241887414,-5.981032680327298,7.105931272243117,-1.1648266212116105,0.0
-11.274464387795804,-2.963874538257539,1.5848269633783358,-6.417314954833945,0.0
-14.974723727223656,-16.49530641059082,9.493671557301061,-8.669948757794389,0.0
-20.775219369754304,-9.983936639004627,14.837095288465067,2.1618026202302287,0.0
-21.53813813087249,-7.555344501448099,11.777019712768508,-5.728276695444361,0.0
-8.828948155765776,5.760961015511646,15.688570554723615,0.49956387940417435,0.0
-12.837001238555171,0.16116921382774474,12.002142372771157,-4.7850803153414025,0.0
-14.977239283810814,-0.42621671136571937,4.440398056677736,-0.9207319231489604,0.0
-28.36870530096478,-0.9666357814505449,3.7082938835764185,7.912993428900963,0.0
-34.022142087869405,0.8907696503560789,4.0471465357776415,3.6994261928973478,0.0
-5.498991167780465,12.31527092911987,12.591449940114408,6.646080646453669,0.0
-13.187272287967504,5.165999329979873,6.810392996528591,6.45552291922068,0.0
-20.40348680281976,13.000225580221427,12.917973454565955,-6.15557433293941,0.0
-8.293784457951519,11.088798945978777,15.236780527208008,-6.545683649723101,0.0
-0.3001600922711347,5.7681514835499215,4.885518513483037,-0.820751003332834,0.0
-16.538795985667186,-4.575530185557681,13.086720198310669,-3.1847397423617583,0.0
-12.75493510126542,-3.055315913671506,6.554858396933859,-3.4772183504674232,0.0
-11.272389660678318,-7.509432456060839,4.410225583882259,-0.8612951394627628,0.0
-5.257357731139702,-7.740517180274917,7.694092092078185,-4.684476237443487,0.0
-19.722340006253827,1.1120409792621189,10.157297796235996,-7.761839211385059,0.0
-40.102742370925306,-3.1560435561629565,7.069116501614708,-8.552261385309917,0.0
-22.440563405167723,-9.60150082993899,0.8907066305862337,-4.265161478489893,0.0
-29.666583751214777,-6.61708227864338,2.939490240307764,-3.393841016779992,0.0
-21.85949454744884,-6.116865326952205,5.71930018601128,-1.9348069030229218,0.0
-17.189496502220138,-9.902278097318423,7.055283491098666,1.0601591702838111,0.0
-16.35187487813876,-11.035767325356785,11.002419467372018,8.189744605224666,0.0
-16.59843084855848,-4.3907882073261355,5.0342149241926215,0.2028730466712485,0.0
-21.013559643205042,-0.5165001497680684,11.312801102348399,-6.178912739491364,0.0
-12.430043119025635,5.454401580965962,6.366224560169406,-10.760941640879604,0.0
-40.5560044583287,-1.5303373108773575,9.672870660974176,-2.6519800612154136,0.0
-42.65785921793584,3.0528211307758726,11.188959442322885,-1.6729158302222178,0.0
-41.562767078694655,5.618226216792945,-0.020647983924606095,4.297713669148026,0.0
-11.964689765527527,2.4307918758816633,4.972845624136026,-1.6247753454652836,0.0
-21.858593561738004,-3.180131749503806,9.167607465794855,-4.500202168258657,0.0
1.4296880423808425,-1.428853967963077,8.822515888261684,-0.9963108978244484,0.0
6.05911649565153,1.4270500172023253,9.057847700407024,2.11465355303143,0.0
36.84996254826424,-4.629826017569087,3.8034195400129844,0.629129680234465,0.0
22.40926060194572,-4.595493271994735,3.083396346400576,4.287359962625566,0.0
7.16728778264657,-2.191517161140605,5.000932541794515,-0.5339542787609435,0.0
17.14682455134381,2.360241385838077,4.646000344662328,-4.1675831159017935,0.0
18.96595398884135,7.5759126099922005,3.1145426823915052,1.4224431452481827,0.0
25.835155034759495,-0.725453453676355,-2.322240220279252,1.3338939265013168,0.0
-5.250013012487408,-1.4426705313358934,3.1883933434427334,-1.1567600249606815,0.0
14.186469735138376,-0.13157761708173055,6.585958638233748,-2.7757606828991266,0.0
23.33433916895566,2.6674365305837338,10.734823435739354,-6.576153832688661,0.0
35.76814965694842,9.2332595635943,5.693309755300411,4.8392555382298355,0.0
16.844138960947276,18.31616536381027,3.2319172481724507,11.281639995415276,0.0
21.056394618108648,4.10025606771594,6.785935505373812,11.20727735038446,0.0
-9.377495315939314,-9.213384022593349,3.8450597412522285,13.970776845224837,0.0
-13.697833137465391,-7.14024243953412,7.515952217101352,3.4812211705907443,0.0
-19.347148495369897,-9.84730675205184,5.456563161502217,1.2626728933747025,0.0
8.743215085366302,-14.173946213089875,4.882443427579279,-1.4065208129362485,0.0
14.024701724122421,-15.185589704656046,3.410555062166276,-2.32436792722809,0.0
26.618182282255624,-4.086053494882861,11.590539315837884,-3.4086304224183923,0.0
38.2079795262976,2.187656684396617,1.9411858002385705,-1.252710322981284,0.0
20.993877167284708,0.40959037817198984,6.235579614958883,1.2099595433904335,0.0
7.081493161030626,-3.391425494734975,2.2940161561996786,2.6933194154837192,0.0
21.954648353381973,0.38684449926624165,1.2724895980833408,2.1262541536494153,0.0
16.020345158868317,-5.985731290827511,-4.068952760665139,-0.2620737966529564,0.0
5.005895121484148,-3.3678030116877844,3.8312490734897375,2.067709914592053,0.0
20.80249656467189,-12.538153296058718,5.943112513390951,8.657191614312405,0.0
6.315857701643978,-15.196847951190062,13.074305727050909,6.181041703987573,0.0
20.39925669695786,-18.042575662576887,9.778830811044536,9.012822900635728,0.0
2.0281123656665585,-8.858188728543901,9.353373535479534,4.756263877569653,0.0
-3.7587223520936988,-13.170726979276738,8.520704131965973,8.599731815886994,0.0
8.691000630079534,-12.379121661090007,8.769480390512975,8.952656654502547,0.0
11.451805015398188,-6.815582297154258,4.669381975813175,9.314382750006882,0.0
7.106987977364348,-9.241824156105846,6.070929677494248,11.753650964076577,0.0
21.411961250537765,-16.76822540807002,10.055506993755007,14.461608872445062,0.0
12.733966172131788,-15.17876550428473,14.87973609263286,3.6667164346109056,0.0
6.218905432768363,-4.957307908283575,14.061608143087795,4.390854085836878,0.0
19.18342019222103,-6.640979698995945,12.964712197054306,2.8461993215727817,0.0
-4.1554363589902295,-6.746461202595107,6.4352374578371085,5.733646896532612,0.0
10.974748253818639,-7.793881351070594,8.291805506556155,6.5494974343549615,0.0
21.543611399240405,-20.00193627084915,8.070688322578025,13.008955164144723,0.0
11.089526157122659,-13.300525277732989,7.800939460521848,6.107801929516357,0.0
6.883598151776855,-12.455390120919283,-0.10344831868402338,3.582415601237203,0.0
5.575192082054251,-11.459273975704246,1.2327946885591343,6.719794788378159,0.0
28.150450886943734,-7.285881272027284,-3.952880501718056,13.72224297678985,0.0
10.99988288370781,-8.41416185894564,-0.6939921439561498,9.66226576376015,0.0
20.964675698493004,0.056165234208636505,3.8816726356252005,9.517865005706943,0.0
25.536529647572223,-4.2688905004564965,10.374639952722866,13.850657777260578,0.0
15.405304267929125,3.9682972548325894,9.180122727296734,5.556658100141862,0.0
21.48701121931387,5.277632250842315,6.055809302021748,1.7612574027554855,0.0
13.150734028083269,6.157282827204771,6.445409406897139,10.92301268181042,0.0
16.39944894562127,-7.55971903556837,0.06116867290432726,7.15114153696795,0.0
-18.882332839817437,0.8953861666367544,7.921518049863214,-0.8203282502461002,0.0
-12.957849489166218,-11.356652394820967,18.22441479400994,-1.1100443869750005,0.0
-20.138443399190024,-1.300968722735064,12.726242265159705,-3.7031000868274493,0.0
-33.03314779985415,-5.099044700084983,12.949547115355399,-4.441321875890035,0.0
-18.260152673865335,-3.7870161418667045,12.246809257165346,-7.19537637066415,0.0
-18.807422670250723,-4.940460458437773,11.783076369283641,-4.325769634385238,0.0
-10.977446798589996,4.23619769178364,8.632459674669471,1.3304891078055796,0.0
-11.986389404992059,-0.7429844192781732,6.951576338518139,-2.286615205475469,0.0
-13.644474440761314,-7.537322183898995,4.112004978890631,6.076133203966876,0.0
-9.987885954435148,-8.44130152609642,5.27078367427404,0.7455981427911345,0.0
-26.55570807343356,-7.749708801294577,11.451478941257069,-0.726906458593066,0.0
-27.776482156301142,2.5726245039815847,3.1895944279193027,-1.6144027562822814,0.0
-32.475390605456404,13.18301276918128,5.669451837573308,3.3243280152515853,0.0
-15.260756958233227,6.168623494398769,3.454171019209944,1.493395274996979,0.0
-0.0783936753067227,0.25159976806754436,2.1785927424192524,1.0859900952309214,0.0
-16.560884554398335,-1.319002762901277,6.290260171546598,5.281498416244036,0.0
-10.947507385093406,-5.10423617658793,5.043464459354751,5.451237514089486,0.0
-2.5012924387464714,-5.819138971760411,6.889690443486998,-3.3166065397444253,0.0
-5.6847458566358995,-8.494857888583649,9.006399433899357,-5.038166778622297,0.0
-28.122056045693068,-10.933151425495444,0.8436909872668501,-5.780093372315344,0.0
-31.458745837382175,-6.555301521234258,1.6345322091159877,-12.820273409772923,0.0
-30.69481732611907,1.2925080161461875,6.409075780470996,-10.427738701696677,0.0
-26.70295648204341,1.2332292536185205,3.297182796559902,-8.97372400903048,0.0
-3.755196698968156,-3.426629630280327,6.353852230359159,-3.5462255295405813,0.0
-6.621032483176556,-5.510994434371949,10.178318953541794,-13.560393943406922,0.0
-21.69882531223319,2.948944148324504,15.047160534333104,-14.217318858406784,0.0
-30.43008503414238,6.910777508196599,14.931564543246889,-9.605966558509241,0.0
-31.366540515223676,2.9522793464749966,9.9785999330332,0.750286028234942,0.0
-24.530850369472894,-6.556900416900729,10.151891474060509,-1.7129110149838438,0.0
-44.02931459695482,-11.044782073057473,9.251315428920115,-4.209404103764433,0.0
-47.82466596778172,-0.7159805376304806,5.961301259431222,-2.686960044202507,0.0
-62.10841351137739,-2.4401745174198792,0.8437213917993907,8.269591750332369,0.0
-28.61898703893717,1.0139436921067526,0.3387482582240713,8.356996997020316,0.0
-23.960640488058107,-0.1394731491611978,0.37132548818673117,0.9714849065564288,0.0
-15.186934976084954,-15.738156871921984,3.6838897862475,-2.6985874037833044,0.0
-26.689962276086902,-5.075692823942456,14.029639359979221,-6.705650170452303,0.0
-23.98677100995451,-9.174470720841954,6.895011673829726,0.47657862832221465,0.0
-20.241020434546733,-10.854318518936696,8.591092587663399,0.31130024990143834,0.0
-20.403479297930957,-0.8989439911934576,15.384185817100773,-5.712374364764509,0.0
-16.34736431509542,-10.464749135993065,9.748268271651812,-7.345767320383963,0.0
-19.574554290437206,-6.953022153189953,5.486261537902073,-13.268638054747147,0.0
-6.520577431714505,-4.697809393687805,6.677172187454439,5.366231245151845,0.0
-22.668714546978666,1.8711609938538964,5.029494308568418,8.48061916574158,0.0
-18.024280335515368,-3.656732155076075,6.410187993157756,5.9717965027718165,0.0
-12.536427015020292,-11.191198640762074,10.429635454701874,1.7477463911177062,0.0
-21.676907833706494,-2.5299556497453812,10.851151892983996,4.585068508095981,0.0
-20.523834780878936,-6.287310169174546,6.866507038739181,3.7092339791635194,0.0
-9.984250673317607,-0.35120142470851423,0.008253228734178997,3.9318368914199606,0.0
-28.82686820267226,-7.325141059736801,7.3098712201310985,-1.750906038992825,0.0
-32.38764788506397,0.8163564485350596,11.257820635105585,-0.2990552657405461,0.0
17.15840799250879,-12.067091026667661,9.548287159506305,4.154676907130887,0.0
26.76914505599948,-15.943494923962946,11.243619172049332,-1.6391021655036768,0.0
17.407577326333854,-4.690167443041858,15.640443974509344,2.3939694341541164,0.0
39.403247310072814,-5.593340821475727,9.841088503842002,-4.149679779680615,0.0
26.082319328130684,2.4729090993152227,12.991803055852175,1.545793485321358,0.0
9.015924441464806,-0.30625607465363913,7.3083961383423794,3.3503846953453853,0.0
24.404404040026087,-9.31808172432767,10.264204884620348,4.970498382814376,0.0
27.343222238038518,-3.381496701629416,9.009248797074928,-2.5967798184230926,0.0
34.75737323287409,-0.3120757793515381,14.66055581396547,0.37834097305191516,0.0
19.49447728040077,5.562898050164286,1.309286980918932,-0.6559247803938253,0.0
20.554344476678214,7.946699917394893,3.211174266861347,1.4078112239736653,0.0
12.22023140911043,3.5401602908807863,8.473553365499873,5.80412191277123,0.0
15.337147780338718,-8.026311994514888,13.767888896368065,5.999254359902955,0.0
31.344472352713026,-4.61424948459122,7.427026087881263,8.329160620775252,0.0
26.727764015166027,3.1672715817750356,5.719439764279123,8.70702482872548,0.0
17.48054603048464,-11.887297174993638,5.100176777645868,7.104768159282679,0.0
30.157366978615553,-11.866000029441508,3.9916243773621405,7.523179629452278,0.0
14.183078562564075,-13.36701068463288,4.38706627097333,-3.1325202481712964,0.0
20.467456704473655,-10.084325970602038,10.046065908421546,6.01230236990896,0.0
25.208206882827948,-12.590706963724466,1.461108112598044,6.979158284081521,0.0
19.565109043085762,-5.839424784128817,7.194566092455226,6.936721850076211,0.0
20.129417024342597,-11.339103280360206,8.885477864196519,11.37736437621064,0.0
13.002156180144034,-14.754949857663883,9.002447806747558,16.832641036912946,0.0
6.4606302646267935,-11.638254958082802,17.524338224555073,7.171950662031181,0.0
19.118818115647237,-10.115766512691247,8.676074900605244,5.726677259516162,0.0
5.579935332990803,-5.17030260651919,13.010158318076087,-1.0801463973461294,0.0
13.36192869689362,-1.1053421197400373,7.0700359051632775,1.3295822944052882,0.0
3.2721218669951733,-3.387807859754454,9.075704155459167,-4.10956632256314,0.0
6.070538096378586,-3.962174908113888,8.758622276234673,-2.076203285721544,0.0
22.422798174372122,-1.339018122288269,14.411802338316008,3.4918981975185464,0.0
34.88260181552191,-14.582149627794918,14.018926882352677,7.934828036975027,0.0
29.69605558060603,-7.730277971518661,13.79362933166231,11.776326414087698,0.0
4.8720887167487525,-5.1165819425254995,9.769496838520599,10.255160088016941,0.0
7.544617846558886,-4.699172194683026,5.038425583992858,2.4007052475821835,0.0
12.27795465094718,-1.7706298471727822,1.871417117434242,11.976234131789298,0.0
26.030063675574453,-5.7985800229111,5.2173566683285255,10.109287071213686,0.0
29.0055014932605,-4.7148163322288505,9.593331875775817,-1.3028277906283492,0.0
19.93040514856318,-7.530405138659941,15.690884646196094,-6.406399504905657,0.0
29.704709796005574,-4.988293016711368,8.902464471159268,-5.631605624845424,0.0
24.961249933199447,-6.905018312425778,18.94472778483965,3.9557332585930944,0.0
29.07671442347673,2.1880942837866906,14.871392032025922,4.919165309277281,0.0
39.822343203625145,-6.202114419827254,12.125114832194376,5.629003519807819,0.0
28.466762312161954,-0.5055036035335179,13.803447471112914,1.3725438044639249,0.0
14.091461052802938,-11.622016495917677,12.422952878468374,-4.502451020349319,0.0
3.1130229995561614,-11.141145091067425,14.54765688634237,-7.1689563392330005,0.0
19.183912904508787,4.60322735176885,7.947188114814685,-5.058855850419121,0.0
19.055226913076083,1.7925086110910815,4.269741751615431,1.7381968961667653,0.0
27.938325836076043,9.296773450698232,5.489105378433408,2.516380418429554,0.0
11.026202570881349,1.8471207861791235,0.892576978041089,3.463094631229068,0.0
18.162312197039476,13.625617996871693,0.3357993743301684,2.451242356725186,0.0
-20.512322637011124,10.669220153433855,8.382821493669946,-0.8656193977820923,0.0
-29.856011301000358,5.2391299167056475,13.534831353528505,-2.6940296708631504,0.0
-19.564993682538407,1.4210410876978967,10.739597425934868,2.1302941370542756,0.0
-16.645373748755627,0.9111565595284006,-1.365559926764135,-9.824329709366761,0.0
-16.93612546369245,-10.16032146793193,3.6820981671138204,-3.746520422612715,0.0
-17.93856252417353,-15.742233594239156,1.4754534110248922,-0.20632155864912338,0.0
-25.162057230737112,-8.317144189831136,7.7611164361124585,-9.209120995258512,0.0
-31.318914482016346,-3.9363651355717897,4.206178591263951,-0.8686783507885494,0.0
-25.71555545391579,4.25837550663579,4.880765545318252,-8.333733880511254,0.0
-31.39874026284376,14.590859998771673,1.3020284891839058,-6.821554005979291,0.0
-27.54214897205101,3.1938752170321933,7.261941034980966,-0.5859199695419286,0.0
-25.078234875926857,-14.54884531914089,12.306386399845632,-1.7061981693110768,0.0
-47.805359213076585,-7.715401696119681,7.138539172241716,-7.159314904703897,0.0
-33.9158346740536,-6.526035215914505,11.071954796773392,-7.19993625252679,0.0
-40.447867574954515,0.35347214259290993,10.260754748289129,-8.197670418973754,0.0
-26.192554536902406,-6.270087067221052,11.833174175451108,-6.484914255326103,0.0
-28.783415819703034,-3.1118096498994294,10.901604613333873,-12.569272705710194,0.0
-11.867088559670272,-1.949886311391758,5.449987136278432,-13.531109652754594,0.0
-14.196080713712101,7.124984269536452,5.261320631402933,-10.84643561933034,0.0
-30.02976073813942,12.682303948429837,5.991849484025014,-4.026956717511644,0.0
-16.585193651905797,13.46242077178685,19.185362715855078,-9.007375757739185,0.0
-6.221911563721836,-2.778693230019135,10.210039619874555,-7.313331208989582,0.0
-20.680906334705384,4.65593374835418,10.25897196650276,-6.397296425154812,0.0
-41.43754766338288,-1.718071192076735,15.842625297035152,-6.749658147241961,0.0
-16.323595768004907,-1.477371651637597,9.647416053109247,-11.699910812127214,0.0
-27.004969691707693,0.34011088168667847,11.905440355462115,-7.638081389374213,0.0
-29.619272164506363,-7.975075326646877,12.497672995631788,-6.618480432322607,0.0
-24.499189185791852,-8.579221073418633,10.781173488216435,4.488032088061138,0.0
-12.092565779515137,-6.588299380690438,10.00854027712119,-4.332273016971929,0.0
-21.801825027265075,-5.319188488690715,12.82855156448085,4.32394078095337,0.0
-14.397998270655886,-6.894858119745958,6.236528167663435,-2.678481037467344,0.0
-19.660663646753644,3.815944683051802,3.5408324078061035,0.7295598041424995,0.0
-10.510084387947096,-2.999824149611993,11.026099909499603,-7.350681832333487,0.0
-13.398999169896417,-3.1540769793343983,16.953034746094467,-4.311711217878593,0.0
-17.560657805199863,-2.513839947720945,12.911786373729075,-8.444097148274517,0.0
-11.201587419280145,-3.666679440402281,18.89577189495128,-12.556176925056286,0.0
-36.60119927030415,-12.720740711764755,5.116948335219079,-7.521480904045211,0.0
-37.21426878581519,-5.224405414892271,13.014950150562633,-10.039546004160908,0.0
-15.191995434483566,-13.403145157095022,14.836646191848176,-5.942093749508281,0.0
-18.516953067380083,0.7832207380983633,5.075348764116235,-4.343544276938619,0.0
-27.606266700418367,-7.4109644053557595,12.280933435348382,-7.681760876369167,0.0
-14.56781855443875,-15.102204281902639,10.639311295911654,-2.3436229060151983,0.0
0.6698480394172037,-7.716620142811099,8.187326965078329,-8.251566390512492,0.0
6.3315105613846505,5.00011343586309,18.031581452771814,-8.324031596226016,0.0
-10.84885249720165,-2.326609908204571,18.92631604138588,-8.92323095678531,0.0
-26.0938919333188,-4.081365077263033,16.715076317947965,-3.9603537199529386,0.0
-25.202919331604505,1.2763874501314456,11.947866333647234,-2.323717599459094,0.0
-26.264154033507868,-9.093508269648092,9.57771708793422,-4.332846254912461,0.0
-22.27593266864563,-3.9272562600451155,7.217349604618308,-5.204544729955654,0.0
-21.75292470573875,-9.52015999783913,13.199619492075826,-10.028541845860577,0.0
16.90850869754757,0.24143831745763666,16.688249293295783,0.24315496182488605,0.0
25.214464459798506,-8.129910474484138,9.887137567010669,2.383797999009355,0.0
8.300437713073691,-8.647630932413923,5.182850912299113,4.193909717507279,0.0
7.472196333881154,-10.202847031040385,7.982346136120904,0.05046260225639121,0.0
8.066984734840075,-13.247257344928114,11.450870136984749,1.0032292785132042,0.0
18.434945453246765,-11.412388210203158,11.216549045803367,0.7678255970522625,0.0
-13.334922677938373,-3.4078596353638075,14.896007292074033,3.1570116125159347,0.0
-9.942175211830467,-4.053819712492383,7.985241286462621,4.125655292410728,0.0
2.6701118534202806,1.604051008451652,5.630644340239622,-0.9006278250923185,0.0
24.102824384134934,1.0026282636413706,5.308954514889487,-2.951555602004202,0.0
32.796090746279035,-4.454133485764506,7.391075616193618,3.951208004720514,0.0
21.410505708147806,-2.5941034901182363,5.978208142799697,3.015266520220467,0.0
11.34826406633863,-1.6120940043549536,13.08045540490032,2.321333100384286,0.0
28.843223924367734,-0.05414998204691335,7.374988738948245,14.07983606688508,0.0
27.551641105527153,1.4551516517160668,9.08519659530415,8.610622632913412,0.0
18.23329378926339,-3.8766242653188647,6.490844177544259,-1.0053947860708639,0.0
9.864792267700135,1.8759149880241681,6.54744797045068,-8.219641141461647,0.0
36.181802108001484,-8.691368579221958,6.1210252314150475,-5.984364514502006,0.0
22.709792177128385,-16.2782387127436,2.9947752100270653,3.2002150150025765,0.0
27.55905192332189,-13.292380062031366,8.996218051669866,4.750178645478757,0.0
3.0411359976344343,-5.382410468329354,0.14733823184344708,6.633940996557721,0.0
5.874056183316549,4.863767385013914,-1.616124297212437,6.201147947462095,0.0
16.256851044240186,-2.9117343133117832,-1.1695918021213352,9.37962439577869,0.0
12.442925253748461,-9.62790586449303,-3.7185522976549326,-0.06763158600733643,0.0
-7.057430553174328,1.3171561330925323,4.001170609964081,8.421402257506317,0.0
14.821668527073696,-6.038109706238247,10.256462242378305,3.0355065614499432,0.0
11.411803803896625,7.8066687504923316,11.839042478825398,3.1549195703645263,0.0
24.5459037782515,9.411910676195266,9.99801482521169,2.3143785258161795,0.0
9.553178972323028,7.428992343739569,4.717992054897001,11.19782448415859,0.0
18.771047335500626,-1.392373047401931,6.885958907428102,-0.01064057766135118,0.0
26.42705172786137,-6.424457388194098,11.392687341908681,7.545339473392065,0.0
38.277924227480426,-6.560017726809447,10.513005371147042,8.614871529059169,0.0
24.476153140485074,-5.219522728331145,13.764202933324341,2.083121917443396,0.0
6.071424418058598,-2.088698635056546,18.856097215016465,4.490148634286967,0.0
9.26706926519686,-10.29297357709163,14.789120150114744,2.184121005026522,0.0
13.03487766006952,-16.75115214903158,17.92800097969574,1.8739109552488813,0.0
4.002373466463602,-7.423085976818964,16.523307814207854,-1.708683841735076,0.0
4.9715294293145895,-9.026483972306632,10.095574467952545,0.7055403067547186,0.0
12.355335959067503,-11.297724612494022,6.919701136211953,4.467811816181515,0.0
37.07269094394211,-1.9497604009689997,10.30357482794054,4.0902404219007416,0.0
20.784792690478266,-8.564243229158533,4.403584074930213,-4.161615863145324,0.0
15.08824205108435,-12.7512473396173,2.8651247480617212,5.187342926718157,0.0
23.24134608926694,-10.195935624237196,9.937162203795808,2.5935978732402085,0.0
38.64357464833401,-6.707576849982723,6.560352229839825,0.4709986133352668,0.0
32.829450841230994,6.29700428505821,10.395029672417806,2.975289792408792,0.0
27.97461804752772,9.805693060340971,8.152953853975777,0.12071888688446819,0.0
47.84537704152417,5.46881597453256,11.924088206952515,-0.5106584226176691,0.0
40.7369166854556,-2.6660383968605412,12.073009894617957,-4.542185017006192,0.0
32.14455075533765,-0.3754025071361706,11.735340298325983,-5.54582643243658,0.0
19.542749749886575,-1.9212397943834978,3.539164842376889,-4.083787293714033,0.0
-43.033628797183084,-9.540447092079763,1.988243128566058,-6.727380128421467,0.0
-29.67888073326884,-5.857663420196431,-0.8838077332823424,-4.484423283151369,0.0
-22.278710503500665,1.513400991733353,4.543338717698067,0.06113620608289416,0.0
-12.48830465301808,-5.874619619309179,2.4886446735640817,-2.315346483239453,0.0
-18.424932906826182,0.032408746033314006,11.186914068478043,-0.2685106208860244,0.0
-32.518817041718876,4.082657095799448,16.558469565370316,-7.158755484037393,0.0
-26.188391193353972,5.375046156858064,11.621328763383309,6.062928689421398,0.0
-14.458423541144867,9.552474553892354,11.030817177948272,-2.1534594242177922,0.0
-16.614242200379707,-0.8495935473477805,4.708019881659403,1.0123586626082004,0.0
-20.412323585921886,-8.046350965030815,0.15280821315393123,10.142198728097574,0.0
-32.29330074030736,-4.766830853418014,4.339745291789028,5.703164033374458,0.0
-19.208653832546993,-7.6488647703308,7.96311244390935,6.065394064083831,0.0
-26.949483596979103,-11.179985972139558,10.428158101420696,2.3350502555443233,0.0
-17.531868834751382,-1.1754196806138628,3.1947128565042533,3.5435588910083706,0.0
-8.782182262894409,4.854981197421466,6.077817933128672,6.223697402494162,0.0
-1.510679859256653,-2.0753673435581534,7.201315042683837,1.199497795843845,0.0
-10.8348375540439,-14.928794444627451,8.803085144018816,-1.6820034614477568,0.0
-5.387981805743937,0.22776005105829622,4.571295216258582,-3.6908342988653136,0.0
-7.222287781403029,-11.311722576081657,9.372357850812453,-4.062122083068333,0.0
-17.530012228148806,-9.237956667164688,7.951206463003264,-7.706461914031895,0.0
-13.406261532792609,0.8737044633114568,2.501632506676529,-0.49461461100266746,0.0
-13.734099506232354,-10.219324477358413,-6.5732220601702736,3.4440843520397832,0.0
-18.845514315831508,-1.8118252772442278,-1.2887205044285661,-0.749877120865758,0.0
-13.557955302595923,-7.913248735348326,-3.1087651346863874,1.3840502023597985,0.0
-25.155805679583278,0.47190085377996027,5.054008281147471,2.57635837388774,0.0
-25.616326481477934,-4.113699216888017,4.294315145285785,-0.9291340377496524,0.0
-24.415595616721298,-3.1784784002948854,2.5287083057688324,-1.625410859686644,0.0
-31.138745851839115,-7.50084357396522,-6.656296852806188,-4.669852247486398,0.0
-16.826502424621268,-11.831552190062453,-0.6948247028239782,-3.414351630496052,0.0
-12.970642106333699,-12.073732181227006,9.263879382426502,5.890054291300876,0.0
-21.137876965188656,-7.154229258570712,16.28481860290567,6.04773002590072,0.0
-34.16692939921309,-14.653290263107483,18.14833584290056,2.961362336262253,0.0
-28.296687078741435,1.425097730692325,10.12368089463363,1.8590403681457457,0.0
-30.120757665456733,-6.511528281676353,13.7223257929306,2.3119156503338383,0.0
-16.28133166683302,-8.337053921542168,9.028124525923674,6.110605728896766,0.0
-11.527950729153124,-2.1988798727200622,14.740712091198285,-1.8438565771431072,0.0
-10.465324280147847,-8.835466759742928,6.940496584176648,-8.522289956677664,0.0
-5.50190011380916,-8.78421166782356,8.419650602902154,-3.416568892227051,0.0
-20.337304544498572,-7.249069493277492,10.615449218000789,-13.038273207455711,0.0
3.0718578988216603,-6.659501801251244,17.391615311149252,-9.33803772987051,0.0
-2.3989239628535373,-4.851459567784019,9.502373172831838,-6.175414822902553,0.0
-12.538710966155069,-8.651714116970755,4.169295702938194,0.2876058466811613,0.0
-1.7714788768016891,-10.40932743861218,7.5601344439537685,-12.824118645284207,0.0
-9.09278978376636,-18.17681667420504,8.324739213293768,-11.3538848076917,0.0
-4.61345668237993,-16.83286311263948,6.280346267148664,-10.23355661916369,0.0
-9.096517404515238,-14.734276724168064,21.331428771283157,-2.6744274135687567,0.0
-40.98840951192922,-11.11956430336887,20.00627752606404,-6.140744447254293,0.0
-30.72502424126148,-9.47956429163797,10.260069765869996,-4.9667639259604,0.0
-33.430239413810085,-11.089372256098265,4.72607118320269,-7.725729049154416,0.0
-37.92278496674993,-12.305874486845433,6.454329607915651,-7.444706669390856,0.0
25.62397228349497,-18.126391502600494,16.06770373206748,4.291558045563654,0.0
20.139821837996934,-4.27405948448795,18.568198744052157,3.0444801498246434,0.0
22.920076927149847,-12.498702415486683,11.105379725082127,5.049716919053129,0.0
2.5463842769805254,-12.531090581844886,15.96123219309876,-1.4854883354099897,0.0
22.47132232419713,-19.85396019139103,7.9168468716554905,2.13884329951362,0.0
11.94021217755764,-17.0999279173442,17.742667223602247,7.670878539640392,0.0
6.6242897966693945,-17.931393409318545,12.598483674384667,3.282157668484122,0.0
16.785159179511837,-10.68821129496049,15.689661583797928,-4.733761912933586,0.0
13.944468165852088,-13.354047581856213,1.396331386444574,-1.8016089931577424,0.0
30.475401467810293,-10.735909804900515,-3.050523705546211,-7.951730381700782,0.0
26.360951045678398,-1.0049603561666764,-6.899732397926854,-4.151803162648779,0.0
22.12676602912114,-13.545913123412822,3.211497781530496,3.8675976822302593,0.0
25.731905276235516,-14.364505303017886,11.821894627667685,2.7509022626178394,0.0
26.617508070559346,-23.326561880990972,3.980956164379468,1.1952182621336607,0.0
15.708749666235382,-18.99433533045748,3.274816979712545,-0.9220910608067157,0.0
12.800699794572155,-12.640143622146663,9.672340984037326,-0.5081930726373836,0.0
4.443419014411948,-13.060575190269288,11.280820686775126,2.7832841732410025,0.0
-0.8898244494179615,-15.014426292236953,9.140572612919975,16.537831617935083,0.0
9.561496583015463,-7.676615977346385,11.157994250569672,20.724482230298925,0.0
4.962405218285922,-3.1578687645722177,11.958548142081003,22.384418751117416,0.0
4.222361483993904,3.2913819253040373,5.007445190583164,9.674502272073974,0.0
1.8839512691983042,-4.470368970111257,8.845962830709832,3.08265608976544,0.0
6.434235259574448,-2.67702378235147,7.74028578922729,6.638629208650468,0.0
17.75655018186098,-5.380259815973787,7.9254654636560495,11.381736667458007,0.0
15.775382273583741,-5.128008122730819,13.259381426483078,13.803260277301863,0.0
7.377487058959513,-10.70860730365986,9.364906682291755,5.6369052621748015,0.0
6.617814353937167,-11.038132234964365,15.100183636050357,0.6480315140419353,0.0
5.763899263757754,8.58591718662975,-0.5064298685720932,6.0206793787554815,0.0
14.795904305790161,-10.819780474902974,7.019543679062156,-0.7483295128675476,0.0
10.880206435324535,-9.716563221692624,2.466811544297517,4.703135041521686,0.0
25.13206694750561,-7.252912798837289,9.200874536105044,6.528010944541485,0.0
38.694769689490876,-7.742522357739025,18.333606015242047,2.242814514044686,0.0
23.388812217811985,-11.979425664068,17.08363061392405,3.508646446160717,0.0
29.42223693667792,-2.4463838756448446,6.030766195248947,6.044236868077472,0.0
20.226104092398497,3.302284963394799,1.8394334960317105,9.895808553518897,0.0
21.063581399380613,-4.299193572349771,14.95189534617473,5.033173649328442,0.0
8.40484611048365,-7.58669285965949,9.093525704815061,-0.8746372942972567,0.0
0.4074879205170774,-12.501372927370918,6.606164584682045,0.8825475949693984,0.0
-5.43471405470857,-3.4541106098015852,9.649512194163433,-3.887604103340604,0.0
15.763992896879797,-6.323456382938099,6.032627144517903,4.9317147152560175,0.0
3.546934727626912,7.475586218611422,4.425434495172713,-1.3228424936326004,0.0
20.86905243326111,3.166144822772555,8.81414147334003,1.365522408054674,0.0
20.334421090754862,3.7746513132947417,9.01367451396627,-0.8515186423686121,0.0
22.41215773760713,2.3871966777759868,11.747727189662285,2.4388501694619893,0.0
12.85554389423082,-9.554017064294605,13.433916029436023,-0.7305229161900417,0.0
13.066714443201931,-1.1540891861002494,9.121203138258522,-1.5738537410347595,0.0
7.886167808549761,-3.0902533570095203,10.047484731073512,5.453291425991879,0.0
-5.438222094956572,-8.11579021427676,8.941419234086935,-4.341882710552948,0.0
-7.586172623364433,1.691161508912366,10.47999784258403,-7.228123131037452,0.0
-17.814613757258417,-0.0644956811549251,14.349503663135263,-5.40142278152268,0.0
-33.434550634932506,-8.333075412786195,11.369130157975647,10.500189341213092,0.0
-19.930702085995957,-1.832629735785639,11.545606855934864,-1.0068966658124787,0.0
-22.961115425827693,0.3675322164368553,17.68219133030033,4.6858518058810565,0.0
-16.47616415478996,2.1533973400749717,13.255378900729642,6.96571825689145,0.0
-9.80927017562835,1.5106165964057028,11.900839523197066,-2.7517771541271268,0.0
-25.28126377029433,-3.7585346149926364,9.10037795350998,-10.259701738482192,0.0
-27.742846468213752,-5.686054120703866,17.531823393799545,-16.085739080319083,0.0
-10.241482247204708,-6.996848035289459,15.260161001261876,-10.733382644349593,0.0
-30.863877599029195,-15.46216883728976,20.883647050728598,-5.39862973647644,0.0
-27.46490863247509,-6.789708172745179,12.352323004632973,-1.9013904414658818,0.0
-34.8172558859908,-1.12739920750835,6.810337799832647,-5.3569898905746465,0.0
-35.0590532360048,-6.122811525631219,14.98404395831753,-6.870933446223516,0.0
-17.448978513478824,3.5160802194597753,13.595476442901164,-4.072520802408212,0.0
-17.020706437073176,-6.115183001321889,7.894068604708147,-1.11550012295933,0.0
-34.03506303595942,-1.4875562821699866,10.019904720483066,-2.465227826726711,0.0
-22.383626838104632,0.9386722580139493,6.267502400143121,-6.748367921977276,0.0
-24.485750792375946,-0.7790535733085475,5.928594757670685,-6.109090944178115,0.0
-15.166623616354897,-2.3572794828040378,10.417317482173019,-15.124574447758192,0.0
-6.524391801280505,5.040785979703681,15.615814177283589,-7.118003589791446,0.0
-6.003263007724858,6.995220214062309,9.553875941319959,-1.7124827521149024,0.0
-6.154936363218004,0.4507635479959915,12.334014879891923,-6.197710568257121,0.0
-6.534098823948633,-5.413005494896371,7.0341988667338535,-5.712828715560779,0.0
0.8425244189034089,0.38251505824524035,7.992150273185018,-9.42790901174185,0.0
3.47654297727928,0.7986116891007855,10.103119655417018,-7.039197599706738,0.0
-0.8386488090375579,2.2742814451445366,13.37588040734787,-7.40999394692651,0.0
-5.232927035795268,4.8338176381951605,19.552353095749723,-7.941305115190104,0.0
-20.836553691288223,2.996497093954619,10.996237568918007,-8.054363651105817,0.0
-32.08424124228203,11.94962253281092,5.117589298308978,-3.1597752628631817,0.0
-10.070673298267543,8.687071910231495,10.020871627196403,1.7381451407888209,0.0
-10.469100619439203,1.1991472706649424,5.8667644707418365,-7.53458107024172,0.0
-27.874015644464453,-1.628994027592352,5.163450071147983,-0.08994916047327894,0.0
-11.308881156298659,-8.398727253889627,1.1360734236177414,2.3720537821746293,0.0
-7.595607874131041,-13.12930493093642,13.137612453079118,-1.5657947633693026,0.0
-20.234377977085252,0.17421925928968296,8.507700406332145,0.1822597779145216,0.0
-0.45723941673162827,-7.089751512430936,12.068640530389189,2.0146601588889452,0.0
9.703106768793631,-11.756586312856115,13.323263329522256,0.7080083987114982,0.0
-9.879635164513802,0.294358408121004,14.135474431832776,-4.565368096276242,0.0
-8.922260729433056,-1.1216266396985386,14.641265431411917,-6.997102574762553,0.0
-14.44586367054984,-8.99534654945132,16.35684999331621,-7.485029468309479,0.0
-25.2892709622028,-13.155898433928805,15.9630514544847,3.992100111069558,0.0
-25.93789644903931,-4.699818192936117,16.27310993640269,5.502551069041504,0.0
-19.231601989178387,5.15962484201672,12.275004282914267,-3.143212307486014,0.0
-21.81723636295248,0.11991753143141626,3.2330909033448387,1.0954140206345748,0.0
-25.739348151588434,-2.959648594152566,16.638389123469487,0.6201254964217577,0.0
-29.443712430782572,-2.2187167304576056,5.651554590092591,-1.5735806278506337,0.0
-13.11274645672376,-3.2432033824917337,6.857933492881329,-3.526156045882112,0.0
-7.380142575876583,-6.998511664437186,5.647796938652944,-6.970102274136609,0.0
7.234709931564819,-5.615505952919876,9.089516280019453,-4.416916572886516,0.0
0.4299838317285829,-12.478392955693053,17.189526313622434,1.3805926494086038,0.0
3.545505309752148,-8.920222463947603,4.474445675276672,-3.916460998820506,0.0
25.465553224625335,-8.90930659796523,-5.194816376523597,-7.057009727830558,0.0
17.345445611644482,-1.1858379757379844,0.1418183990074624,-4.553454659463155,0.0
22.643744009135798,-0.2644619029002975,0.9583044977593458,7.911426642060904,0.0
20.834321685785582,-6.158535792327314,6.721155157375198,12.11048827499615,0.0
0.004963136614785313,0.6558739838482577,4.926350972991525,21.062580555622414,0.0
28.950433314792512,-7.836775091388849,12.393488116034941,28.16447169094085,0.0
28.564001908097683,-9.443179889071406,10.891202662528219,19.30498784591745,0.0
6.201615604849962,-0.014882099503708668,8.461146404407106,14.01872329129921,0.0
16.149674057445853,-4.689586132096508,7.7000169012527735,9.194592506828798,0.0
31.951889714065445,4.733519116768581,-0.18218245734332417,1.4981203190781764,0.0
34.53969191848512,3.5814917692595944,9.851267344489266,-4.853848931499526,0.0
30.341713274472802,-3.315982572255689,3.0140404693824836,1.8662299403646978,0.0
8.2717902781115,-3.2733948378926567,4.929288889581193,1.965088357571259,0.0
29.095497307072076,-2.894487726363495,3.2031276916910647,1.3386139073040182,0.0
16.2846053621438,-1.779581969919995,11.239723267877162,-3.7234802841795838,0.0
4.3650113616782225,8.472752704246268,0.7449090497460027,1.2237941338332927,0.0
31.173623012689134,3.5843535194615925,1.3016603349658888,5.623743347524238,0.0
24.797102447913716,-3.0380762983709415,4.4220782670084,11.53284520827329,0.0
21.228870469343583,-3.462050983070971,4.422629436423999,16.36998543143754,0.0
8.529781085460387,13.471527825123466,4.3419905429028445,11.026529296110771,0.0
5.28584472868574,7.256701160498004,10.752779958137841,8.274642404410033,0.0
1.6074870799206344,-3.220884782278479,6.726449427012213,10.49358754192029,0.0
7.933927430828459,2.7398363675449464,20.606777328290413,6.054246755557129,0.0
25.26237001773908,5.6492602965388095,15.942885044128538,4.846585798172501,0.0
11.986907576206315,-6.1901466419739,14.7389940320426,-1.8718951970997098,0.0
12.808934524528048,-4.603088236894527,16.251409541099502,1.4442542163873422,0.0
17.912597465795358,0.18729874456854978,9.057862571544852,-0.28707960553880296,0.0
25.17046307505446,1.3148043274470846,6.268999518087775,2.3828921343046603,0.0
25.35203336857453,-2.8238629929254566,7.397148086456672,-1.3422061880566192,0.0
33.54116171036203,-7.190137689216017,18.59464830620079,4.59986721871401,0.0
15.341357369659395,-8.610619707025933,12.769110987574729,9.640704709510869,0.0
28.26159551514199,-9.475151032147853,11.85606982810525,7.903549647889142,0.0
34.19165317276865,-5.569711992723556,6.703479291428664,6.5172970425594245,0.0
27.32726408632012,1.7279299428121053,1.8850742326829542,7.796034093611913,0.0
25.917000501610033,-2.277356910525228,6.72342875154594,4.785019139240795,0.0
7.14239342610739,3.8949694303385822,7.579692817147517,13.020061260842915,0.0
11.042844500698106,-3.026864613429522,3.033000319546244,10.369616870701972,0.0
9.660207462489993,-6.917615482294122,11.372785779683095,3.023438372502481,0.0
17.210221040605088,-12.329234705212208,6.270252453429883,1.3602310723580047,0.0
37.0765631482217,-5.293359921929489,1.1936956912101495,-1.2896333484484193,0.0
45.60343126215763,-3.534146578275438,6.539000876889913,-1.633043111998437,0.0
41.85071260980736,-9.530585427774545,11.169190932131546,4.495629334123092,0.0
44.35059542079904,6.52115354742833,5.551454386063323,5.499150085821872,0.0
42.60750357038677,9.212744106893469,7.3579420136774285,2.2673250544705854,0.0
44.340090971699894,2.614657591232822,2.7930490895111113,9.452904520373814,0.0
29.9979973324927,5.053634846558341,7.574634823991716,3.7534811681890803,0.0
20.338341303434227,-6.349505585755513,3.31546710661096,2.0586725031211577,0.0
23.19136860584416,-2.9374547845326786,4.038268515367351,7.901990836681547,0.0
20.124394863113352,-4.213593384894776,7.560049136039765,10.256476297231519,0.0
5.949739588315257,1.2387339785817773,12.712348191489033,3.7152983626953557,0.0
-11.794413873846324,15.877520577956332,-26.376420270860535,10.842057677005421,3.0
-13.189487568496594,10.375847329362914,-26.87286575003302,12.140138591676493,3.0
-17.57130887089604,22.814854884726902,-23.79929764220129,13.36126995586904,3.0
-21.04445006496814,11.691580222307637,-23.435394320994476,13.625912777254326,3.0
-17.03050371269071,12.615876014968858,-20.22672202066692,13.781846097886953,3.0
-13.145323122171323,13.921943061757986,-20.700656171435266,7.635613927934474,3.0
-6.192812705083018,21.59067040704585,-15.874497645364876,7.641156716247309,3.0
-15.110608498242193,14.405948143996312,-27.369336012481277,13.624127563635186,3.0
-14.922142801488476,21.058227536705267,-25.119432730883418,9.62471893928358,3.0
-10.273415681823261,25.914168474927084,-23.138024705950095,3.555306851667324,3.0
-10.714325493946276,16.189968897313463,-22.646658871226293,10.581313315975015,3.0
-6.718534383399765,18.05329459833496,-21.24468352252937,8.80561909430745,3.0
-8.81845327632141,15.28497401675778,-23.258070980400273,15.539479785673622,3.0
-14.048252152274284,32.025519123487314,-27.225395349830528,17.764388769873165,3.0
-4.305752214534352,8.320597212213253,-17.328774414402673,15.259386674117662,3.0
-4.008762685951671,14.64766263151147,-25.108944330541384,17.699571215606756,3.0
-8.934824950217905,4.5758150963490145,-13.559337839239584,15.897816306555729,3.0
-6.938673195737497,-1.503247009823518,-21.606507935506354,13.803184740276073,3.0
-10.660696940352397,3.498811554130011,-14.083459486707762,11.718963722330335,3.0
-7.266379255113321,8.434725762171817,-21.669348989343234,14.39766610874108,3.0
-10.838837875009776,18.21009604297047,-24.425037505057716,11.08367552128863,3.0
-8.931323595295684,19.245657054815087,-29.08270146085414,5.756002456957502,3.0
-9.403373371336674,21.157637413122586,-25.786572933972526,6.058986849945235,3.0
-14.575334425629967,22.53157204202172,-22.009246459140055,6.733532707426563,3.0
-11.657101215047978,12.908214343045225,-16.395498113181173,12.861682387181018,3.0
-4.850992539299936,8.22350465854787,-17.783889881001674,10.75054164650603,3.0
0.8162942702739446,9.584911872917495,-23.901376973434306,12.995280303595006,3.0
-6.450332637231055,21.224975201193992,-24.820531701755097,9.699333014284445,3.0
-9.97183724778244,21.9298021854186,-28.978109875841355,17.200075056157626,3.0
-13.174976212390899,29.99846580851689,-30.59996031179469,10.900160290311346,3.0
-8.98671305540515,18.638524666212323,-23.546586475372276,8.223842264517044,3.0
-16.92936558032904,11.805902431423203,-20.238687721813168,10.274983718320083,3.0
-15.260304127919003,17.252552955590247,-16.84577844902847,11.240250142341079,3.0
-7.858586343281367,23.34384665565756,-14.361139606417776,9.735144452444155,3.0
-2.6411863225529517,16.149940404362578,-12.702008262608036,11.614147827334481,3.0
-7.540113844291576,17.26603098946608,-23.048188250035224,11.557756685564932,3.0
-11.658839423762064,26.049938025998063,-32.24161076740033,9.946066697892736,3.0
-14.317473786233958,33.79964652531778,-24.549713215248467,6.878164030281448,3.0
-11.549636715521551,18.410451678473216,-25.13902926792867,7.723083268803954,3.0
-17.339043321678627,16.931786134666105,-26.443659619788548,12.484491472025177,3.0
-18.044564836200934,16.01234649241657,-16.981753487957512,8.634932562372121,3.0
-20.592724388186923,10.846553421368688,-15.528142626854669,17.06893215092859,3.0
-17.836146229697388,6.989404764611692,-20.086983474501043,18.29152353857025,3.0
-16.9586932187324,5.749086271961966,-27.778646545779473,15.712628765792957,3.0
-14.534357523724532,10.367697381041095,-26.013442658909717,18.675501454894064,3.0
-11.244037227548224,7.003673563043084,-23.820703650136153,17.086686910985804,3.0
-9.239676853609827,15.570765145511285,-18.293385260789222,10.773843678785385,3.0
-17.206426638901895,19.45911624528094,-10.987474743164542,4.534443394765395,3.0
-19.005662345963508,32.433213807462764,-16.61352408561375,9.54996217500733,3.0
-15.568890567660793,26.352169298313324,-16.128330366655916,13.721212661872151,3.0
-1.483327280256387,4.222156008222191,-10.25530938527388,6.31315810834284,3.0
2.0359615202265076,10.96863707395228,-19.52318137271223,8.375644309194511,3.0
12.33918431786373,19.97228090887615,-14.961925726376606,10.624954063237197,3.0
7.515825807171517,11.00470884108626,-23.993267210414867,9.828016881516515,3.0
7.12384071640676,8.273502777752075,-32.09334321069683,8.939656370577126,3.0
13.529134543658925,-0.06121951570701967,-26.844330772284195,11.78072455686244,3.0
10.57486052088193,7.91693537539545,-27.870643860298493,3.6476734112455356,3.0
8.870368840691876,22.427128849326962,-26.904124286835007,4.423866627473641,3.0
9.26032798286231,18.094414167582798,-20.184031575645463,3.5928836832566367,3.0
5.746008289992611,24.719809517686574,-24.47483963598979,7.58402738096583,3.0
8.910257235144611,30.515805410879036,-25.48565342470265,7.062930714065745,3.0
12.490728524833223,30.877360472587007,-30.404286866846977,10.257712171260819,3.0
9.997251517170852,25.099338211776775,-23.10782816680016,5.792933405163777,3.0
16.572707132099357,16.923054482410823,-19.99174356045802,2.322109133509643,3.0
18.599706571884525,25.65641916666265,-16.950708274749292,-2.8258635641970473,3.0
15.26660271367215,26.6802243935429,-16.495589131708957,-3.6864626642550142,3.0
10.655365822242135,24.024484860015292,-12.975099645961071,-2.1039502802211105,3.0
11.104803279600128,24.441933586059765,-11.366050468780053,-1.0603556574486213,3.0
5.336647332575751,27.847764722129654,-9.86580153967531,1.159620796154372,3.0
1.257317832196712,31.15857935462826,-17.577722560361877,0.15199711801206472,3.0
5.908338971477831,16.645507811046485,-17.805285599916985,2.7819524196337593,3.0
5.01406975234004,15.16402287869302,-20.026383392160113,1.6613306895499957,3.0
10.462577143305381,16.6532793398169,-18.606065453681904,1.4962712476702342,3.0
4.324025737119187,17.62180680198672,-9.415060274118659,8.038349562324724,3.0
13.789714171833118,15.220536134027277,-14.385798203800723,6.253868126670927,3.0
20.57366154979848,12.275629030664513,-18.207896626381842,6.0977648051134725,3.0
20.68576415716965,17.237011261121232,-23.404994545035038,4.748797954621914,3.0
16.286917791319503,11.041252305295837,-27.86206893920599,8.369943947908595,3.0
18.66623991915948,17.93156086082469,-19.537609067520116,6.67254626149365,3.0
9.434048465829168,19.471695615841405,-18.664776415433764,4.90681933398198,3.0
14.187809945141344,14.268750176295118,-16.880854841884656,-0.17203091277220572,3.0
9.459532858285124,10.059280370608997,-18.57441327403138,5.396414535204629,3.0
14.390262453544223,13.42542253975407,-4.637285830592276,9.34885688074802,3.0
3.377611674488308,22.92122760300029,-20.982610932671058,4.067457463787793,3.0
0.5573987854554652,18.587934548460883,-19.343645891815477,-2.5859679588838826,3.0
8.344746288322252,11.477543311371177,-21.16613346619592,-8.509027855258916,3.0
5.722965860285093,3.413408260978292,-32.254178242876065,0.008623782074516306,3.0
1.0080362225470507,16.150339867033043,-29.137524108026785,-4.872092477541367,3.0
5.051046457042871,21.13787898146149,-21.90893637457876,1.7713277985530376,3.0
4.9324317200532075,27.761127342664683,-16.920130549416626,-1.3730311112461888,3.0
8.384759277450257,31.16862702439039,-23.500700793612825,6.108730558016385,3.0
16.592074894759328,18.98486156869798,-14.608683913045182,7.701938919270811,3.0
11.235664066785969,21.105710172611488,-18.425633885784137,8.978297847712895,3.0
11.907699071610704,7.347088366739321,-17.931025848960857,5.578676573106708,3.0
19.070440368927457,9.430687697222584,-20.81627111483531,5.2693668289444915,3.0
8.592051688584384,6.201200630240179,-25.482350390436952,1.8375236390818097,3.0
11.824454992076747,23.541187401761615,-19.549835988073077,1.8385418491457295,3.0
15.2715786442395,26.351647346117275,-22.839569424032085,1.398972934779639,3.0
11.920488374974783,31.163319617834787,-17.4093429060199,6.4706722416135225,3.0
13.168041441473083,23.410920917950378,-21.379020626270133,3.6023958234996227,3.0
12.850846642124885,18.596458355832308,-28.830300837505135,5.701214519373132,3.0
29.312531658033983,9.593645755187119,-23.071998737081323,3.4907907917924668,3.0
28.735825003999512,15.539054557341599,-20.647937665582035,5.65944471777021,3.0
31.211323603851604,12.229793008298437,-18.530022013367557,6.136917050166948,3.0
11.967977145926632,20.638121484501617,-10.331685884061892,-4.0924126180615295,3.0
41.52559673343451,17.573660482262248,-20.852051586096255,7.476041444520241,3.0
27.39152262655798,19.93625539923334,-23.491368494672766,11.802004772724821,3.0
10.88606545288777,16.747544326108915,-29.80843318029344,6.80113237338079,3.0
32.43774545589056,17.309267661781753,-24.134426260780725,-3.5871473898994832,3.0
7.363231897802855,17.69852980403666,-26.61377669224678,1.2759564755336954,3.0
11.928975678605358,15.709861620005292,-29.869761876481377,-4.889573809071899,3.0
21.10034870439069,20.918828686971903,-21.2978082547955,-6.147148511094684,3.0
9.520435153624723,21.784284282442513,-21.92763652863656,-1.0416679832713098,3.0
17.645447261411956,24.985724718987644,-28.526990153374793,-6.0491625124183885,3.0
7.304178817119491,22.85117567478173,-27.374461723731088,1.5490167584219505,3.0
20.70889773664282,25.087035746108874,-23.626908419096814,4.625263472482217,3.0
17.316056870935284,32.34606403084053,-23.61055591429555,-3.4916645970952738,3.0
1.077835047340164,30.008683362704225,-22.53802340546535,4.867787532607363,3.0
13.165877480793483,26.1599673758845,-22.647187932376504,1.7641059472742313,3.0
15.777643330452815,27.140214866226685,-13.797304201746755,-0.42304211639100253,3.0
12.340821971010257,21.09429455188983,-13.85953490838249,3.250794310200293,3.0
18.074783133457167,10.955423376926959,-17.424143070944357,-1.3883624743093852,3.0
14.849975261272224,23.443045999793462,-17.73146685986714,-0.5633500333213108,3.0
21.23069730058494,13.5638733413288,-17.185117268276244,12.559769613281425,3.0
26.128858510728072,11.57509182773612,-19.441348701003168,11.848733854130016,3.0
4.1050731108073215,23.42054320903241,-21.939577458327484,11.296165754668086,3.0
40.26678920663532,21.088962129917036,-18.454577683247766,5.779155733723766,3.0
31.818835660845725,21.65442031197221,-21.266925124139977,3.66913908574296,3.0
25.587590220337674,18.88870484451834,-25.704024039991545,-3.5792016748927695,3.0
19.550645105752515,12.1072649431397,-15.789066452104311,-1.2961398243806581,3.0
22.927630444660718,2.6360600675765387,-12.58466441441026,-4.3819627585392285,3.0
15.004393728617309,7.673061952961854,-18.442077103752826,3.6097147520710786,3.0
28.20548783516099,22.920495636664658,-18.998677886605222,17.277461318713588,3.0
45.201853074112066,22.245699022081677,-18.186081235431647,4.935652698538453,3.0
36.67581474539827,11.385671454154032,-20.992531681956123,-0.05061010180212144,3.0
36.759744870436556,16.82307109105817,-31.853946585473796,0.4783300259088952,3.0
27.01735109086391,17.38995389082615,-32.05165720131221,4.127948918944843,3.0
14.632326040020331,15.99849467995515,-23.0439480860939,-4.09980869934457,3.0
9.49452624476653,7.337101154092876,-19.4675748004159,-2.2477186520016597,3.0
9.766816141677362,7.636429916078028,-21.91706817322581,6.227649388677093,3.0
17.759287803415535,1.8974977335059062,-22.535814972222575,4.660535763858217,3.0
5.666982365060697,15.372668559410883,-20.359287392362695,8.538157273604957,3.0
0.6372350528949919,11.056522045384694,-23.009444386575918,8.829322883531525,3.0
15.750000427410765,25.973406327505057,-24.594637801374933,5.795197595828017,3.0
-7.50607330559744,19.84748760810391,-24.015406613784148,-3.9505043647687255,3.0
7.776296468508429,21.768397644799336,-21.509444163711382,0.2150156310736029,3.0
39.50471621047091,9.67447505645816,-12.912517553805408,6.774097734519098,3.0
30.434520191699058,23.19963622135792,-20.6529466752004,-0.4246724608165775,3.0
17.46350501916025,19.434096398096404,-22.551102730230387,-6.530465982706673,3.0
23.03901080288192,19.893621429409457,-27.314516790614817,-2.361164445339815,3.0
-23.40997261169573,17.85733266799555,-25.17763640766942,-0.929531117319492,3.0
-41.59062408731987,7.225412831629219,-19.587478544281257,-4.086826528171867,3.0
-24.59740630199318,4.412959993921911,-18.918116888906965,-1.3929763077509214,3.0
-14.4117620380422,13.944594879952234,-18.948932510017382,2.4762614934548797,3.0
-21.808684650993058,10.090296649618654,-12.868837672280272,-2.7543008441725974,3.0
-12.013891013050102,12.517623333070901,-17.630886674376523,1.058828482936022,3.0
-3.457371061137149,23.421175169073273,-15.90532347375624,-5.336914749956847,3.0
-22.99691440826828,16.374562134665155,-19.371724981998348,-4.212756467569452,3.0
-9.555553349877519,13.936872725990515,-14.170966387558416,-1.389881416698299,3.0
-1.7476904008421421,16.58774906401576,-11.313254030844384,-0.8834985393569701,3.0
-5.056368657691298,18.747477357780227,-21.389893220552196,1.105667052784117,3.0
-10.151995823618064,16.27025706727344,-18.76225125038723,-6.262770992951353,3.0
-30.930295576004553,8.628446285681905,-23.14739441146053,-10.611233171942686,3.0
-39.32464757009559,8.43600799599697,-19.005445625173863,-6.737623784907784,3.0
-40.24242203264792,12.385443140513118,-23.065478923277126,-10.62417776946349,3.0
-14.835527430939084,8.089980047484614,-19.910819682976324,-7.205388142333594,3.0
-22.12145392848723,27.80566275201953,-15.105616519996966,-0.8581896887666214,3.0
-9.268844352901523,17.816086311644526,-12.34125522096782,-0.34865515727267393,3.0
-18.414424720367993,16.667454863618204,-19.056555506683324,2.4201804690093938,3.0
3.998757770879916,18.42542019008477,-17.855168867988773,-4.8711230630359275,3.0
-6.326411379276376,17.816405677820597,-18.99520363692231,-3.303844187048914,3.0
-19.10620807331443,19.05596145462767,-20.559231543344108,-7.093560609063168,3.0
-35.846399365910685,7.190278350006626,-22.22473994227514,-4.557499434317639,3.0
-34.43944404216489,10.387398958574195,-24.308014315537832,0.8256852008512046,3.0
-45.244931050128685,12.875406217252033,-17.43439280822697,4.871916871880575,3.0
-46.068712400069685,28.819719735285503,-18.8817879844416,5.185098487542776,3.0
-42.402635575976184,12.337418141524047,-23.324860795595356,2.5267187272901066,3.0
-34.66711602345137,10.668625385903365,-21.838987966964087,9.864364640652461,3.0
-24.143844666713647,5.780767926907668,-23.019198406044236,11.757122855906152,3.0
-36.2999918445254,7.282506870251915,-24.341347749377878,2.6313066086657404,3.0
-23.32774836958263,14.716803070372242,-23.338712946388842,-2.7736359095237697,3.0
-19.26325915895648,17.124714766025864,-18.041240800667158,-5.109877445946607,3.0
-26.094325423660592,14.378854159068434,-21.571108670778923,-2.5633700257656455,3.0
-22.888781750197282,15.722272742268732,-24.709834222543808,-1.8056736013309749,3.0
-37.16796455926515,27.349428443369735,-28.99950973766807,-11.77846937826614,3.0
-41.43252904708453,18.18674532831863,-25.372631124988448,1.943061715146932,3.0
-45.06643890612269,14.264016147628269,-27.250038542261663,2.4560464401019466,3.0
-19.63223813826029,25.953977232795225,-29.963088678005956,1.3869363499330463,3.0
-30.398716281809193,7.256358301905069,-24.23856899422529,-5.25578105116084,3.0
-39.63066642067777,1.838972191193072,-14.522258078294463,-3.2042863249098965,3.0
-34.26379820222307,5.830607821227012,-15.436838643345602,-8.255076534753648,3.0
-7.8829164024072265,11.80465383232588,-15.712534078700886,-7.078959034556126,3.0
-7.0271223088483,14.874951560145082,-17.12953235995129,-6.921453552033019,3.0
-6.372039385704925,17.858788909201223,-17.341139248234093,-11.017917164124722,3.0
-21.616015939689024,29.027304900777025,-22.19871631589575,-5.753551089337291,3.0
-24.89707893259762,17.9274965012634,-32.22931739045623,-0.7016200257560903,3.0
-5.481417227346956,17.548346184240962,-29.5106874133266,9.037965994996018,3.0
-6.949774212772173,26.596457290063825,-19.009806655078066,-8.856150888765098,3.0
-9.163078557122049,14.504363254707048,-18.928402293733853,-10.482370098528271,3.0
-11.479537350313745,18.922871619122592,-20.70363304063687,-11.008626094276861,3.0
27.99933733851109,20.711058049272516,-27.820400614648793,9.786822084471986,3.0
29.137381901625233,13.125580776426487,-17.667051018543685,13.670820969435155,3.0
9.869460223269297,11.37850272421807,-18.898259673086766,9.981705351341532,3.0
9.17673721049417,21.622466685685964,-17.649691219171274,1.7300799611678346,3.0
31.13509604150534,12.104220202648587,-23.29352307151008,8.596886113877375,3.0
19.987200386962343,17.467368040214968,-22.64595964992646,3.0757535634406468,3.0
21.996322756293015,12.619513723946087,-21.698933995395574,-5.726915917860777,3.0
18.066216589354966,14.079492427531523,-25.514285557669915,-5.283086252820372,3.0
29.953499660702334,6.59735621682141,-23.970354479743442,-1.9008353455250075,3.0
34.07234310411408,15.288130699445087,-27.011960806368666,7.976685354192448,3.0
27.28656895311094,4.93485165192925,-22.077351386102052,11.403512672687482,3.0
25.417775156655416,22.14783311407878,-25.20899015663619,12.023985458988605,3.0
32.24488632254396,32.89599536628708,-21.25457810918906,6.833692276948208,3.0
27.95353928475879,27.465009240774116,-29.28035940421089,2.030145653619889,3.0
17.634825857320436,37.08689310597431,-26.4003514166893,-4.007781014604152,3.0
10.715333521915916,21.32258626208878,-23.081280399580947,-7.631138367917822,3.0
20.19444764901646,21.097313868690577,-20.815691972373482,-1.9439548542194602,3.0
15.867571051327849,17.59218757133579,-25.16806037538323,1.4219683709986617,3.0
5.362209472810338,10.430353250464629,-21.85123907126708,-2.0330176554368036,3.0
10.693291505448775,16.380945124767937,-18.895161009924664,8.42209262118504,3.0
16.273128006758135,23.448495804877382,-20.723268970781444,8.177671305326486,3.0
17.28048360661485,21.684041848121495,-20.892418050059277,14.072785880816742,3.0
26.644837530516043,28.483360296390302,-20.058538235417927,11.506113084132036,3.0
8.735179909466005,34.55465275941699,-22.11605172011499,6.826534340008278,3.0
4.547309757324701,16.586233805567996,-17.255428513565857,2.8152971935823325,3.0
22.028474746743512,10.243068214442994,-18.463670239640404,8.236847324252611,3.0
10.989359947907896,26.08512546969591,-14.593353953556516,5.2439274347071425,3.0
18.79993017465783,29.536310709951366,-11.92184070258196,11.322439361216905,3.0
22.763814678254214,12.061827711692708,-15.148746354846125,1.3473751030395178,3.0
19.858481663055155,18.77437614468399,-10.25403273617233,3.770005159007334,3.0
12.599706070890035,19.31566493941497,-1.3653284176792742,10.506439174787992,3.0
18.918300362245052,21.480804856008156,-11.698476720819142,1.651172917351718,3.0
26.57237931405834,19.52507507805202,-22.038179386918635,5.858049880166126,3.0
22.950416615014305,17.264176251711365,-24.349323799758128,5.142660316477677,3.0
21.44081241142923,20.164365456062818,-19.00012677075604,9.824216297140815,3.0
10.297476480295733,15.020488185257827,-14.071289638101787,10.753194980379623,3.0
11.99778693944636,11.749016945880447,-13.49078020570485,10.073546447472136,3.0
18.259078533874128,15.354724279849034,-14.611416128651786,1.9617264997632349,3.0
24.939064529368643,16.919058900186982,-13.950509777446431,-0.08258773238547157,3.0
34.80540771565191,20.695814886742582,-15.52118256305043,4.722550698626302,3.0
28.998759675085193,23.679718779044816,-17.965967017095295,10.064024564175678,3.0
34.300915916656436,16.924809844010028,-20.207986606876435,5.0346174898628835,3.0
27.79590479530216,21.6408165043741,-21.696019167818317,15.106635928223309,3.0
24.310652159222684,24.80101501099689,-12.856472101286357,9.96566960384163,3.0
21.16111797387669,17.591698266786356,-15.821009599605643,3.1813325575541787,3.0
27.470952354744675,19.465154182926558,-19.34786535910901,2.5872282096327845,3.0
4.501095127736898,18.639145152877504,-10.018203979309467,6.34671159328372,3.0
2.5362231542202824,17.850268936175244,-13.064158467302091,3.374400411158334,3.0
5.405640929778369,13.184452801142726,-16.865504669695227,-1.6092718506277794,3.0
24.43554920830639,20.046472427822486,-20.856802280225992,-0.13678260215584404,3.0
-22.57608360645646,18.447463893835316,-22.671109751568356,-6.997121425366649,3.0
-26.51254142708798,33.53397082545865,-25.811705087227384,-0.28249357244864637,3.0
-19.258284769695166,31.848142614940585,-17.221862918326114,-5.7340635424097135,3.0
-18.398834973715314,24.369450548306745,-15.693335455406432,-5.821260182020465,3.0
-7.754534259303631,27.408923510187996,-23.892331755815878,-7.85655855688495,3.0
-23.766190702439975,20.186149731295107,-26.279443584239488,-5.870767186967969,3.0
-20.317391461572903,12.847834270347706,-27.16744862831671,-10.5545683641979,3.0
-16.37852178012559,24.916551125180835,-20.543298959338117,-14.255342935663872,3.0
-20.07500522966829,29.8538271722723,-15.785867703040758,-8.25993335148276,3.0
-38.71731416525259,26.905899137465738,-21.66004607505996,-7.315997458514442,3.0
-24.204702293369248,11.208820663023285,-21.745112917374104,-1.865146595766733,3.0
-50.00254450569274,20.56546222275364,-14.11599047981154,-9.437076288982576,3.0
-29.52639861282792,12.469186165346905,-18.75861329701779,-6.279018361419864,3.0
-12.545033774635522,9.82706959594287,-15.130277993835753,-3.4593489922468494,3.0
-6.328446155550942,14.76601393470299,-24.289778324538783,-0.38705761446714826,3.0
-11.474625551213922,11.814454426250801,-22.700380391261596,-3.4294894877351503,3.0
-30.46935397159565,10.397182671603009,-12.959878886830452,-0.6469762891470734,3.0
-23.01654248322354,23.651857943525812,-16.519963682323016,-2.1091507263229987,3.0
-25.223331004658988,11.781893344656119,-12.148929498326579,1.626804113347716,3.0
-23.882228223028292,-4.9723876817547215,-11.65843686600731,-8.24050353593012,3.0
-37.978455511333955,5.58560534428482,-15.521695002572628,-9.331249367646878,3.0
-22.88842472931564,6.92056887499742,-17.614115224267277,-1.0078709117992561,3.0
-23.299848719257064,15.408447733000454,-19.275948146743847,2.5866066562114733,3.0
-3.743573852356821,26.363168597834047,-14.967669860370863,-1.6885008676952793,3.0
10.450486520315831,20.576909371184563,-23.09150087028231,-4.92287106137087,3.0
-3.505399523650416,17.69762879302871,-23.539923894373498,-5.818847743437335,3.0
-6.241622092338947,19.0030109231691,-23.410574009619776,-6.386618996291238,3.0
-10.676446385149424,13.986516001522045,-31.00614091442931,-0.42691482552181004,3.0
-23.724922428809187,20.671087839896643,-23.78931690528189,5.316665472310339,3.0
-35.70119047622558,13.014494866360202,-24.56714479068413,-4.920558489124313,3.0
-26.380880694795426,13.48252120321053,-20.57553973745537,-3.91772512560418,3.0
-15.131108921782726,18.390107863932386,-20.605892925112936,-1.7352998261239252,3.0
-31.492021967579795,10.269301274818554,-20.420701924628403,0.4444647493980587,3.0
-22.792628668862996,23.913844141748413,-25.313077501426612,-6.243662787282145,3.0
1.469727965270824,18.470170932443608,-19.626168178632195,-3.0404523917377944,3.0
-17.31183503844032,19.32586860473971,-14.892258799727575,-2.4018168952082943,3.0
-2.1706699509977234,7.818698408867437,-11.64982202548688,-7.362283167776644,3.0
-31.567322324501745,16.431033900642134,-12.86050033460656,-4.927888916007178,3.0
-32.71705358981178,24.241600244531362,-10.612353152893782,-0.040988479983081305,3.0
-24.598885169846476,25.828826672693204,-12.910166782789473,-3.9922902805182563,3.0
-26.19123952662096,17.405171316806193,-19.56797207732442,10.33056198048318,3.0
-15.555803025100419,7.335404676047135,-13.620268147785021,6.767328894961032,3.0
-5.644570099240992,17.243297282606495,-18.61669662919367,-1.0889481165192216,3.0
-8.45493046285837,17.48981966639566,-17.70208799876886,-5.134193287182374,3.0
6.918297910092377,14.1153997626676,-15.147434823984835,-3.0234785891358507,3.0
-3.9101542050708815,12.392341795219938,-25.190896677539993,-6.437296539936911,3.0
-14.274341193291564,19.58485510522791,-17.883782427142762,-8.407880910593839,3.0
-20.482795974907955,21.347626330010677,-24.75152872740288,-13.085653223565927,3.0
-18.227144726582775,16.047116489401418,-23.788963843996612,-11.255918948812718,3.0
-5.738229775577963,28.227982371447442,-18.163395916463763,-5.80170074700847,3.0
34.496684583977995,25.472361104924087,-16.84151144854964,4.616468482994867,3.0
42.94927646240681,17.67045449378189,-16.157924791382726,1.2276082126749226,3.0
44.06834980740253,14.173078439294365,-18.907963234985058,1.1900325795548712,3.0
38.57573536717642,13.465129655383327,-15.723339581380738,11.210381005962212,3.0
16.01049346461004,11.48786542383721,-18.92544100319935,9.302913811392024,3.0
-5.897843552582039,16.2248170754886,-23.742791073778186,6.735890516796196,3.0
14.80047961315202,17.79551873858176,-29.295409379140796,3.1109685375593665,3.0
16.388743221225354,10.894635673406725,-26.12333353992361,12.003050694770584,3.0
26.202768781639072,7.15584244771382,-20.551614401737872,6.753426977924574,3.0
17.123079704721768,11.591386632866733,-19.31896808718604,13.29983639619933,3.0
-0.8237853734718925,4.3598813093761635,-14.8821775361141,1.0452259051075674,3.0
17.395420001500206,10.297446912502224,-18.917372263048254,5.987123884472708,3.0
35.86423723611526,8.237732237971947,-27.80304002107533,6.581226839108989,3.0
21.827382173086907,25.266010467968776,-29.558322136486858,-0.911353363078343,3.0
30.240806227258346,11.109762084378708,-28.69886567023133,-5.24818333976854,3.0
17.94694495646671,28.974462291319078,-21.002550880740685,1.06731134442422,3.0
35.68818526821297,16.635681303165725,-21.19927632067866,-4.106106338974134,3.0
20.154666476105575,6.533960498293431,-24.257026509255127,-7.893295999752603,3.0
-3.784965614945129,12.034594928343655,-20.574754799553933,-4.982144318186398,3.0
2.6763448409769435,21.74748869908339,-20.610808443836916,-1.8320560186257842,3.0
29.574633144977607,18.174026724473336,-19.590287911410424,2.348782485358814,3.0
29.774086644729042,23.41228818950896,-22.305467049191527,5.094503508126586,3.0
40.00452821842599,13.187164707293277,-19.350476316891978,0.4888983044548061,3.0
42.25961808662669,15.986340887418748,-18.528618319065647,1.9883110252509333,3.0
29.431578619314173,14.102485114700018,-17.87495060326666,0.9363934060417614,3.0
36.932659197195576,9.084305582033014,-20.57150544027359,-7.021319584294381,3.0
39.000863549521945,16.737956726704986,-18.937256858939076,0.26901056336518536,3.0
27.812131350565586,17.91091767630018,-20.02860398550465,-0.820085728126986,3.0
29.821898986495814,15.893673884522102,-30.00775074757498,0.1925416164871958,3.0
29.43723258226317,19.591313889108505,-19.832660811485493,5.313067517815265,3.0
26.058039414659437,19.306605038586632,-25.643650079060656,11.398096023894174,3.0
32.7232058909529,10.497838451291704,-27.74896857735362,10.593240308866182,3.0
18.306295693458278,12.31925886334853,-25.080907960076967,10.864197453532787,3.0
22.38836757114124,10.661478072443,-22.37707828325659,4.591982902911109,3.0
20.387903164075496,19.063164976023586,-17.699703865137927,5.433206151421918,3.0
18.45997037971145,12.226049936725627,-22.4178899494686,6.241146810219666,3.0
13.308828644625557,20.62745050606038,-24.271194324494214,7.6132115333193155,3.0
17.208892122198748,15.717218967118335,-20.694933722190463,-0.8192067328495569,3.0
23.160532026983176,11.478678414419464,-14.63949408914427,7.187559239690904,3.0
40.56708823110689,5.65869150205174,-17.340382270004582,9.140786882902443,3.0
26.01290159960879,6.063958745206325,-26.258016779202407,2.313217492063103,3.0
25.31977608798576,14.32817881629195,-22.215480229568595,-0.02527262789984075,3.0
33.397561116185905,18.60690391589421,-17.39954985136007,-2.3725788151187475,3.0
20.943980178206143,11.41530373525143,-23.550617332520893,8.762774792509479,3.0
24.631353470699842,24.113862523733165,-21.03699023797102,3.3587265029126137,3.0
18.69643803240576,22.532170133570958,-16.82865969690586,7.710887280452663,3.0
29.315809566600525,23.7304880165675,-14.425007450346452,5.709663090066263,3.0
27.026981451002477,29.28461105056902,-10.778008901448619,-1.9234320929691777,3.0
30.427712012957397,26.58209904216028,-16.456769101675206,3.6683201054778776,3.0
41.98735836778688,24.03536915181636,-15.99754240104814,2.716612982490633,3.0
-30.89118837563343,23.64546622496492,-20.95935709518721,-8.623814984932048,3.0
-16.184403036312617,10.716027503086451,-19.339694181650056,-4.5859516848963855,3.0
-32.948432881267664,8.43645098954315,-28.472120241954407,-3.024518376828157,3.0
-21.917289221022678,13.710118707749622,-21.618873725552984,-8.33180111047731,3.0
-1.9211639644419627,20.042655751537183,-22.997759374322968,-0.2534128077285853,3.0
0.1471074717942784,12.675030678208707,-16.984817091334936,-16.647004867891262,3.0
-17.145836367677767,23.413228240663248,-27.622613067259945,-10.932587021515202,3.0
-13.267397263158967,16.662862916314044,-25.143352480711023,-3.8010086011423683,3.0
-20.88030333741458,27.724329905901882,-28.49990218913579,-5.7666077901402755,3.0
-28.325896191177087,27.389204089350045,-20.94316125391954,-7.056345308226923,3.0
-35.87772528484294,28.021388891753197,-22.63218918003028,-7.505826411259873,3.0
-26.318284647972618,27.36123374880283,-19.431043425818977,-10.654726879837924,3.0
-53.91528556929423,24.876687294800938,-20.676100041856195,-3.1197741168541993,3.0
-29.34268550008153,23.77003540065833,-21.656707314019556,-10.917490828919993,3.0
-23.788209617998525,20.279795232275266,-22.49871062957006,-7.4546516835038075,3.0
-25.432372693953287,26.81427709461549,-24.170948231317222,0.3173280080625722,3.0
-26.83192509384527,25.430894141128878,-16.430698306958334,-3.1740709376785707,3.0
-28.187126467737045,26.48019132915932,-19.507941193652087,-10.191123878650338,3.0
-6.043485836996245,24.57235798997819,-21.32401957529283,-6.865845187586894,3.0
14.0169478163854,19.20494611295182,-16.28474648812277,-9.970665300985166,3.0
-12.640229675306813,23.118523748076882,-21.35217670409577,-10.770927927629348,3.0
-13.311797991238103,30.1299920039106,-13.040953747672742,-8.02090647100809,3.0
-13.40454325020195,28.260714159238407,-23.716941723234243,-9.327982743660414,3.0
-13.9830935298701,12.817612395846893,-18.96781008972211,-6.4383136432005195,3.0
-13.594555395819313,27.76623251075273,-14.96221251113176,1.161290759105749,3.0
-21.312907791798718,10.062048780864316,-22.65713897860278,-6.295344377638235,3.0
-28.343191408509405,9.619959211964003,-18.596123067338457,-0.08206443423740062,3.0
-21.977270608104035,25.130895811206248,-21.57250906334778,0.8897923436333106,3.0
-17.764614530176686,25.478361879207796,-22.38073543192668,0.208227281059032,3.0
-22.666077656222008,14.927220055565579,-26.877771219091976,1.2792553167112413,3.0
-15.68882965090742,12.064726299551808,-18.130879725372182,2.066395004958681,3.0
-13.750621173582449,16.968123355482327,-14.203286010004208,2.2660636739881515,3.0
0.36612438910836076,23.258776262918232,-12.274950785421382,4.157149740260334,3.0
-0.7285410760877458,24.085312924807827,-22.03102311141864,12.163519873736863,3.0
-18.385603614651096,20.661649975178857,-14.212305668762458,-0.959583928240683,3.0
-9.973842693585222,19.502880423481244,-24.76818984507506,-6.8345141975435375,3.0
-20.813836179093958,21.539674666041588,-23.90926798910677,-7.892735305217868,3.0
-19.121934225284264,13.07012767593898,-19.47302666174892,-4.474611670601698,3.0
-27.34356737998944,13.197654582676664,-16.55159273384759,1.227224333582364,3.0
-3.4635104195628337,19.43787843133073,-28.596232781532578,-2.2323177903351126,3.0
-24.64375960625698,18.445321714958602,-24.689945917902392,-6.715182436051599,3.0
-32.30927051572281,12.747014343539444,-15.981943353595135,-5.8908964993423485,3.0
-32.04274522198886,12.665772779735429,-18.47720607451775,-6.1043839997937495,3.0
-15.072601642131984,15.460764898232453,-20.55695822015428,-7.587174117525079,3.0
-13.376011000063432,27.543937141352636,-17.74392686438751,-0.9979251984548849,3.0
0.5597640441763367,12.326878739457158,-29.718368918849727,-4.669905418576763,3.0
-3.8374966157727286,7.208926557456101,-28.414919888775934,-10.406090005129295,3.0
-37.25792941082051,9.27621485069999,-16.52873563220892,-4.657297031911081,3.0
-29.614210138229865,24.155137271806847,-13.554806622123937,-6.968113667533824,3.0
-43.00989175904206,17.24051190360714,-17.925258655502894,-7.351864923193897,3.0
15.59128126392556,22.939381001745108,-24.443866206798045,5.184986829360296,3.0
16.170801586642284,24.5123716369166,-23.5299994049037,4.269154871653834,3.0
25.111737521798368,20.888058634634493,-21.0069986562141,7.338697126043044,3.0
41.1419944465416,20.992983795241603,-23.105475632061733,0.7525002997719339,3.0
26.761045253446618,16.81433938298376,-22.1374602625125,4.176133473891836,3.0
17.21072406097983,12.896915740011618,-28.91714396461396,-0.2634107148831135,3.0
25.029171310669476,26.711388530397542,-18.93117929839287,-0.8100911775979647,3.0
19.396620723253754,26.384733900661622,-13.760784100763445,-1.4567493865825263,3.0
18.501435727899167,23.076456443255836,-12.16699705181923,0.6554886416762038,3.0
22.047716450295418,15.627381440791153,-14.494417021067754,-1.519056793943896,3.0
27.753293502293772,26.484680347744824,-19.52287214028759,-0.4290294417684395,3.0
40.60685980035561,14.418552624518057,-13.41462404111565,-1.132063440589926,3.0
17.96194619480125,17.363201237162293,-22.728972857992122,5.477422289179272,3.0
14.31420218562328,29.18360337579021,-20.378703085773907,1.5159927465751584,3.0
20.24168428814976,30.15372845741478,-22.027111213744888,6.920662925165475,3.0
18.919915986981387,20.168572021935283,-16.13786169072186,4.560606641877714,3.0
2.6455925820418926,10.950250012463083,-17.43713610831116,0.40174093920333664,3.0
4.136628536909377,24.641232922227033,-20.021883713960722,1.6176095807445265,3.0
-4.926288574696198,21.959636459800137,-23.15438047652545,-0.9072246231469587,3.0
15.272767958190965,24.913863660194476,-20.06880275423471,-1.0207414634988945,3.0
22.75630366899545,29.446424393486737,-21.010137097662373,7.437739294525833,3.0
21.136456384280212,10.897512938207315,-20.315990251718887,5.672392253683697,3.0
28.751161952110436,11.757960940374854,-14.627140654628807,0.26061679579312946,3.0
25.66804287626065,17.248520092864197,-14.881265710789183,6.794269042749791,3.0
29.637070915525406,13.296819976385898,-7.61057610750926,7.315147152522919,3.0
31.469886270884704,14.860545318831912,-7.982698572602903,9.784844607254668,3.0
27.87140442279548,11.376803803113527,-16.620323503583712,6.577763636003136,3.0
32.989264038246034,5.125133985637033,-9.85683312565471,3.0264464943938236,3.0
24.318694133028945,4.884930087624626,-12.462344300103572,1.999158339485584,3.0
27.33978142883092,6.215834938590138,-11.147325371280685,12.521773416129651,3.0
31.11586863723838,7.029188001770695,-28.179031907420548,12.36546953286507,3.0
35.06259919320631,9.771294821143773,-22.35769556482512,15.774778367247018,3.0
23.601501510957444,11.708192149032346,-23.609920336945894,10.191777845256704,3.0
48.41010995604639,32.42442624069627,-27.670860939497402,-3.2911912705539748,3.0
38.85730754012679,24.148101335186624,-34.5746569216841,-4.399284152531528,3.0
45.97926485474653,20.21682429410995,-25.268918229063907,3.863100634346986,3.0
24.30768820097753,20.418122456670634,-23.560530091504123,8.80418225608246,3.0
27.637725028697318,13.572980018115024,-29.660535887638886,6.4172825670615925,3.0
29.424624151255337,14.560320570517444,-27.940692262578118,7.994800667897678,3.0
21.670681491158643,13.080529210030777,-20.447314817476812,8.813898525714505,3.0
6.635145113149178,17.927362810212585,-14.514725378608487,-1.7986343434654177,3.0
12.842261172085319,8.751967962127361,-21.030946349863612,1.9591395840025934,3.0
16.722747407373678,11.43251144129379,-27.062748182730793,2.221177655473948,3.0
11.11605319424663,16.184065782177548,-25.074280844172026,5.087096205185481,3.0
8.762103892594025,28.72423686086932,-16.60768302499403,1.0558805698491338,3.0
24.361551130983234,16.838442389698667,-11.895588054692855,2.4862709756438814,3.0
20.150851312083752,1.9315829700056923,-17.062247303758404,3.3723650457608074,3.0
25.57529551742121,9.299749937646325,-28.858029656969638,-3.151175055756444,3.0
36.585380369624396,6.860556043800747,-19.667726992956155,2.1550651542385357,3.0
26.701189482088566,16.924299080001692,-21.4140209697494,9.711977283383693,3.0
-19.09020896665836,23.700559952091176,-25.91407800918316,-2.830985944514555,3.0
-12.517270227259955,18.821922736011054,-22.550982209945168,-5.1699950310463585,3.0
-20.648545220651826,17.13180211640479,-23.593353979247325,-6.636223967086698,3.0
-32.781180067422255,22.88337559095411,-15.556860995288233,-11.723959077787612,3.0
-19.378232922988307,15.483718137896647,-13.799158139727737,-5.0799201311354105,3.0
-15.396258557475443,10.999657086357958,-22.670516606095475,-2.253127530177517,3.0
-12.604021330555028,-0.42996522282023975,-22.632691918070787,-0.6103980139724989,3.0
-11.823254668117086,6.889409448041587,-25.044944539189885,-12.345536544967697,3.0
-33.87225351625279,14.536377430744832,-24.68293229767924,-4.074818569382947,3.0
-21.487854444693617,18.33608045004051,-16.869733560575025,-7.565678927050051,3.0
-6.747407038881262,21.784036905068845,-15.339303002774882,-10.843453277359657,3.0
-28.369820183758726,15.98679393995669,-9.110433948770847,-8.448210798886869,3.0
-25.451480842030126,11.061512808860828,-11.738696466364805,-7.484596960630576,3.0
-29.677273573234835,5.742251231473368,-24.800280716411127,-1.0487724546517079,3.0
-11.220329649956446,21.060164344598185,-21.89743225534462,-5.286818621715867,3.0
-38.06857817061943,21.770114071917067,-26.34907218835128,-1.4279486651649034,3.0
-24.646230973869688,15.315156416529627,-29.555283281554964,-4.903316575512109,3.0
-30.608309310501223,25.93667533585296,-29.080598315355147,-1.994627237557533,3.0
-19.022399625522528,34.16928736333409,-21.569760538239443,-0.764447100091288,3.0
-28.812542513334922,33.846255851322375,-27.8083175013323,2.471161418388205,3.0
-1.0543256441019828,25.99087239907108,-20.860097444317063,-4.950885672009619,3.0
-6.100449555402495,9.525680000696829,-29.37356449142559,-4.123124894840047,3.0
-20.307392647317947,24.278079720474487,-23.05791108588925,-2.1630534100752956,3.0
-0.016190941353769972,18.65447701898332,-29.099496435228154,-2.7110836533342733,3.0
-1.3156397841146017,17.586976385440423,-27.961832588403656,0.457569737885704,3.0
-19.232469124370645,16.649099209125048,-27.418119171687035,8.491228438509761,3.0
-3.814119348607626,3.246387115580589,-26.840182354592436,2.538975192854958,3.0
-12.891022407833876,3.4039450947674705,-19.002404908776413,0.6589137996771406,3.0
-22.021528463920372,7.066160869460178,-15.610755677933525,-2.140446581107989,3.0
-22.960365470076415,9.531865171777348,-13.947311285012313,0.18670062497513484,3.0
-5.853777261291736,15.668852347099731,-13.944993072332805,-2.19111512751485,3.0
-5.777291122771967,9.798437744613071,-14.870124616401547,-5.073512267278123,3.0
-5.14548815641632,8.640889873147813,-12.560537826295079,-13.606834411936024,3.0
-14.393722054348041,16.327636854989663,-12.469360376136654,-14.474343444416808,3.0
-19.790986287927762,16.751999455683734,-16.966658330038474,-9.491657845963946,3.0
-11.457232108944995,17.7755291497226,-20.724885464366555,2.5277243510256424,3.0
-14.589143167815443,23.05566415903271,-20.130908325870603,4.953398866167351,3.0
-5.952350766027996,25.031773367689787,-18.400703457799242,5.534832089224101,3.0
-21.977155462128138,25.992841546267407,-21.832579168009573,-3.6463324586060084,3.0
-13.09238600212239,36.83369764306579,-14.995839581452259,-1.1340886706786075,3.0
-10.708333018946533,27.07263647659469,-9.861762109149499,5.44415198966069,3.0
-14.069107813661187,33.11375583033012,-10.625641929610193,3.5973491528680936,3.0
-23.966759531946245,33.504639688099104,-16.988825227718184,-0.46463441526931426,3.0
-5.093264495982689,18.858998172598557,-18.644931436674018,-1.577040880368661,3.0
-12.857647805018592,19.03372697157451,-22.78924425528946,-7.729500449465807,3.0
-21.244185322848036,20.87787288350125,-14.319055984999848,-12.936875948874878,3.0
-19.065127102941965,25.03488680240866,-24.220957044773588,-10.799898867932455,3.0
-2.4561270774239325,28.918136670627582,-19.263282782388195,-3.9201097993618146,3.0
-19.335690020559973,29.677533956417776,-22.59110713440123,-0.4016915190999084,3.0
-23.851545999348403,23.091339653855453,-22.678034079759524,3.977771378944226,3.0
28.672584094330883,24.866942408225594,-12.523781080279912,0.3404815114266979,3.0
14.486345227855484,24.603142198792945,-14.85669878770717,-0.5414755435809235,3.0
18.359874941232174,17.4399997329827,-16.65863318098051,3.4944433354318902,3.0
32.84028585482978,24.99692519819449,-15.023250795784218,-1.8024537457710146,3.0
34.66256275156612,29.780997985826392,-18.479073917176425,-3.1311208613597414,3.0
42.141060786124555,21.388652419804302,-21.54286971317753,-1.270907707834101,3.0
24.337326043872096,26.856168982571937,-27.82845144968408,3.2366545823820623,3.0
23.708354596615486,26.377322063242588,-23.192768836917985,13.625626471446747,3.0
18.94825384017465,25.612713790789456,-28.61300162637509,7.282891731730628,3.0
0.25033774553606847,26.642778277854653,-26.222831217712365,0.09135441483698381,3.0
-2.280743649400513,19.993365871889374,-26.414602177703525,0.8800171657618829,3.0
1.0971597920276501,15.953611726394506,-21.53632624584572,3.5141726212913684,3.0
20.65489156194446,10.319417899035829,-27.912678320469716,3.7451234619082956,3.0
8.217848671030442,13.303064713283915,-26.67953444065092,4.935716474478719,3.0
18.75120315929981,13.456026290694238,-22.85279520513127,5.044058929285576,3.0
3.9405661760023634,16.909705967768357,-24.27159401016286,8.748687507006476,3.0
15.052612310796729,16.24603784001141,-19.238959446987124,8.750877645376523,3.0
34.232307961528726,25.046823682074024,-20.705446527681968,3.8459164984629686,3.0
41.5916891880392,5.5444439215955335,-22.373783240440954,4.207403452608318,3.0
8.312832060026954,8.193322697503522,-17.789283751313885,2.800460138187402,3.0
21.00937806148727,14.07571771094265,-14.334699244436704,-0.7028319340973619,3.0
0.43911928965847125,30.984569283110037,-15.94584847773844,-3.540908268930748,3.0
15.267902248311335,22.742488704166625,-14.237159143561753,-2.7812889614420966,3.0
18.430109239651365,11.54093301608467,-20.142802873730677,11.537932993951193,3.0
1.7784451997021389,20.483631136055244,-18.332544581773664,10.924611190075447,3.0
4.903776601981557,16.03002069126088,-20.299625074344014,-1.987422155349468,3.0
22.519039451592956,2.358390651689831,-21.21776835162743,1.7651105602660913,3.0
8.17309029301363,17.58301892155133,-18.332533476762475,3.5385951930932897,3.0
5.458067993697641,3.787822026100212,-17.84411760120011,0.14316545543449855,3.0
24.99982532962585,-2.73317480876295,-21.29132920682776,-0.4578870449110919,3.0
27.077362815916672,5.7787330914958055,-16.40184992571637,2.705172711684652,3.0
32.772726268075274,8.570067142970142,-20.47320135675007,-0.35443485328088586,3.0
32.28843372300701,9.647694025049677,-13.717838236619777,4.136533661635023,3.0
33.60606462548153,8.750780883989183,-9.986077958803808,6.439979994311836,3.0
14.08328951227011,19.334146679077005,-13.677493311110972,7.422717088407813,3.0
31.280114868142196,21.945314759752517,-10.252356432839468,-1.7850058149951904,3.0
33.87149456699589,18.18146617984214,-18.759186959958868,0.03964349244690801,3.0
19.792880069369858,16.114999621404483,-20.706502934744172,10.415695596808757,3.0
3.628723546665605,25.213122869640607,-19.138050246264843,-6.894129621624197,3.0
-1.5607382408763364,15.006686234623476,-23.751435344913183,-9.137701935910284,3.0
-1.2205042040671188,25.865131163463253,-19.012443787577126,-7.9972488180853825,3.0
3.6071260206601856,14.448612097371527,-20.813949173515898,-1.2645586716192367,3.0
3.550453346623639,19.484001185352184,-18.68080874352824,-3.2038241933544755,3.0
-0.09697889541041071,20.129260103005006,-9.202259273081957,-1.6367432233954387,3.0
-6.2513528130259,24.6447918106879,-10.072122363255328,-5.367652433047928,3.0
20.309183338107115,18.798361758934632,-5.618059556566848,-12.00095606346274,3.0
32.90674832176263,27.069550657177956,-14.665480822329936,2.086531523442166,3.0
39.342527489361615,9.356360376728832,-25.09099614958466,9.323961872809942,3.0
40.91049413685047,11.914849624591586,-29.200462320753108,4.342902215476572,3.0
20.4416120590324,7.091860248807706,-27.006041178835446,10.969241143270487,3.0
-30.057979594650412,10.783913656386826,-19.755712144278533,5.4368815262963635,3.0
-28.26958309045297,18.61972900936714,-17.906675482626053,1.9312757560202636,3.0
-14.068397848850207,21.6482074687318,-20.1372880462782,5.280668008223415,3.0
-16.339504654698626,29.53924294345043,-24.83216330564065,7.8547878135163325,3.0
-18.816182015825326,25.231127978621505,-22.72561845583763,0.9935110871626551,3.0
-19.386041949775947,21.329953848548573,-24.757489182849223,7.318947385080455,3.0
-18.50689480267246,28.15494253906421,-19.848452285480175,12.548872760069209,3.0
-38.18556998937325,16.130466341925803,-12.940406407216315,0.46407245185330703,3.0
-9.612546105794681,15.55798365547371,-22.47306353967718,-6.2454721771828705,3.0
-0.9591693772818974,16.76988555974244,-24.26033122659338,9.026643553906691,3.0
-8.436073347512371,15.59685105988313,-23.887447854995568,4.388712033264563,3.0
-0.994652478787053,8.333635991527954,-17.793843202675628,3.992154656573392,3.0
-10.438889813990496,12.994998802179452,-27.76294330924324,-8.017767215319235,3.0
-34.951600922503815,14.593034452570606,-22.7550342493018,-8.441047057030074,3.0
-25.20444872372179,1.099868426564809,-25.8551391828656,-4.999195698811107,3.0
-23.040038268981988,19.379436114184063,-14.86618575734696,-8.099099374017124,3.0
-22.91600136607171,14.957139275874749,-21.92806572393664,-8.25980504289543,3.0
-26.59381633343395,27.100181216131162,-22.863211450219488,-4.989583912176352,3.0
-17.905376910381236,33.57245027052532,-21.80354751621526,-4.146652760231126,3.0
-16.25276085985576,28.78413685423166,-16.524489647955622,-7.354142619515764,3.0
-18.821107194734754,23.622303198007778,-16.680499801370992,-2.3121612531563343,3.0
-35.334199650693016,36.18351931389193,-18.161646521458987,-1.3974478035361593,3.0
-28.768424468097592,25.775836605462082,-19.825518258203847,-3.386344647185096,3.0
-20.844237530331064,16.234448337761517,-16.60242355774583,0.9468655342185581,3.0
-15.965719712734188,23.473096190868805,-15.631012118156548,-3.078191679809452,3.0
-23.37612592704386,11.587488205546807,-15.663411769499717,-7.853723448847047,3.0
-9.008208608128097,17.44814287360974,-22.471301645005564,-5.650459541188397,3.0
-24.438396639560107,14.317694317176807,-19.986842508068374,2.781669927546455,3.0
-17.093054570570878,30.142359892486112,-21.477317029456067,1.1750270188054117,3.0
-21.70695875875049,24.606086309169932,-21.209518363137605,-8.968464911497588,3.0
-30.849976053867742,12.703237040076846,-14.678909340244202,0.32603675013259004,3.0
-26.440156852873457,11.689725420257359,-14.199606548425123,3.858837460661342,3.0
-36.60965646092369,9.769753606887846,-20.293042422360234,-2.121897577910624,3.0
-22.788938299122805,1.712763070843355,-22.33462827915209,-1.2248415086033506,3.0
-26.768574216230256,8.84286256606709,-25.215714197631705,-7.130753704142268,3.0
-32.48336413176685,18.88440549839044,-28.67838736766231,-6.724158510869678,3.0
-38.01625295908998,12.758010205144444,-29.898748680924673,0.5227018918801565,3.0
-23.303555599221276,17.04000272035333,-27.01925744584253,-1.4356554125651122,3.0
-19.880320235404646,9.180037029238107,-33.25668197304314,-1.6436670765043897,3.0
-30.819358858518235,6.454526336515382,-30.543289867884376,-1.638443280802563,3.0
-29.773956620318728,9.51581563295843,-27.15393513019336,4.106409790255841,3.0
-36.51080093801064,22.765468513224064,-29.541392566598127,-7.301569134886522,3.0
-29.501434146959177,4.708808580884652,-26.826749252620306,1.0631214179951671,3.0
-7.60433272272995,14.67824258220588,-22.30938134686607,6.770141544036479,3.0
-19.63679759673251,15.453041921601832,-25.323842843024572,-7.062477828551346,3.0
-10.783896974881507,12.529800547006163,-22.442750664596804,-1.7221045362553908,3.0
-16.660276897523925,10.752346403169119,-20.877388011913144,2.0659610909084116,3.0
-13.901752289899314,22.562460311414334,-18.852425407183457,8.46624032136585,3.0
-13.123665377949415,24.958360893713547,-15.852785030043183,-1.2369162907917974,3.0
-22.430749822711558,10.246200618247004,-18.559578924635222,-1.3191314479909986,3.0
8.467608012641435,11.681891525649839,-33.09241244455038,-1.8635903882126739,3.0
31.9791731335671,-0.2939622524007639,-34.0902786649483,-3.136933034043559,3.0
39.13621413556958,13.52603135993931,-25.51036304336934,-2.5739720186384245,3.0
44.006664960300654,9.782676393186321,-27.011552411405596,-7.511486133984147,3.0
23.33805749354565,14.418371176661935,-9.415126685389033,-6.4125513325069345,3.0
21.622039842884377,25.314923408509703,-17.643435903189932,3.6983158335046555,3.0
32.6691217352381,27.382736013494046,-21.36135581171136,1.838785026086374,3.0
29.179719671866305,12.342851822548191,-25.646690153307322,-3.7283410146979,3.0
7.790543508749618,11.177821802905552,-36.59735512520366,9.07441745158199,3.0
19.03268545062724,16.70706805261396,-30.298152889118242,11.619571000262646,3.0
23.911557712676043,17.28894303924552,-16.870585532181714,0.7648928020385899,3.0
21.271997742666493,24.350427679645648,-14.635034484253431,2.8916429588801433,3.0
15.969066438005763,13.731057250251862,-17.290781339899826,-6.09212902831133,3.0
-13.77120941968338,14.029792832551923,-19.343593404236746,-0.23142278081236078,3.0
10.94872111284333,18.689922399059057,-11.050670701447272,-1.053812351304913,3.0
14.55227207824322,30.56363038956846,-19.714662528666192,-4.200158860712617,3.0
35.951666556497045,25.25298774647202,-15.829336011674961,-8.784083311806956,3.0
27.080491590663435,30.968451853461247,-20.685182831432883,-1.836339576034798,3.0
28.75971642233369,26.511014585624253,-23.916763073626196,6.2707886437171085,3.0
22.337208214808022,15.000398972282635,-23.248152409954603,4.983629461764816,3.0
13.511588863594058,15.273056560941958,-30.071865000237825,5.006125240963652,3.0
12.305161369011829,20.510334928256373,-17.258421021583576,-1.8211785462837602,3.0
14.134034219528884,23.415860577774097,-22.502837635566287,4.162916518847187,3.0
21.981103867672466,34.355291986784295,-18.311007499345354,-4.1865807454335044,3.0
20.07806411200888,32.91636272097868,-18.871215066880165,-6.8771418489567875,3.0
5.9397662765822075,31.61896082966794,-23.38950051816483,-3.3255784563275146,3.0
12.07887636700324,34.17424763929009,-17.5144076296135,4.463021353164377,3.0
2.844402556979073,30.411605710508283,-15.438541699652747,6.787465130015147,3.0
-0.3612387883935462,8.581882802652846,-28.92882827331344,7.105857248930049,3.0
-10.173233583292344,20.888870098499012,-23.283879434811865,5.408364249689533,3.0
13.17837694864221,28.724989985946333,-25.34681831100257,6.051014858111516,3.0
6.322348956814533,21.37185308589541,-21.767635074974102,8.524892216231983,3.0
16.165503010467546,2.809979878753542,-24.31057348684459,9.301762253056221,3.0
5.812059690032534,9.01694810025423,-21.356768812009953,11.358294489338292,3.0
17.66876617367023,11.818329131275865,-15.90738015515597,3.119249995862338,3.0
23.482591626498248,17.583327919679927,-17.36396834121678,7.766940557931654,3.0
20.951109252537176,13.70451845328975,-24.565351047665235,-4.166125346922475,3.0
13.41814624823471,11.457110352690274,-22.960757862904888,-8.620012780936236,3.0
32.11364419779122,22.336242410031268,-22.223688671289565,-3.816287451006545,3.0
16.532975901775043,24.76363968350388,-22.942223433128223,-4.535909877945339,3.0
9.605479029692345,10.818394763369161,-31.042069418643784,2.568514864871489,3.0
19.09412096223575,15.948637985849071,-28.32071468964748,3.8551134209414126,3.0
14.205399435097384,18.55002654603064,-20.241255114226966,1.6777434519732966,3.0
13.213151406088334,7.223653312648469,-22.84733559462704,2.712894283950267,3.0
19.91482945790156,17.84919770090785,-18.68250669041666,2.2237959644987804,3.0
11.145712646426842,16.040298790150263,-19.487680501683446,6.028031080670637,3.0
-0.6305806407664889,14.03426475910398,-17.908457309698612,-4.683815993276156,3.0
10.505267683691761,7.99672893449006,-26.71433803557265,0.35721663172637075,3.0
15.645257352421828,6.370149199189235,-26.690914309932985,1.0322031301555687,3.0
10.974281569468111,16.300217010042687,-27.507110670584375,3.2755046703229986,3.0
-43.10799560107991,31.566121811117696,-30.70854558408414,8.9545114525035,3.0
-38.285802073253386,27.34762243249334,-28.095536425107163,8.458535855178791,3.0
-25.370908741923387,24.84110368662732,-18.647483928132004,0.33888917807459373,3.0
-27.528145421783414,28.611245370870485,-22.53540131441017,-1.954058199492831,3.0
-17.845837692765343,16.537138013276486,-18.671600571176487,-1.9454310344380294,3.0
-9.435294922614926,16.888614905990323,-23.243521247524086,-11.378833902004446,3.0
-4.406706532388144,17.207501004377125,-21.115766681570104,3.853356023156892,3.0
-5.458930977016841,21.91971539503943,-19.75668423499907,1.925306348281567,3.0
-16.036599206118044,16.120536161883727,-17.281973072861458,10.825693556146618,3.0
-29.084194117543138,9.537301667197532,-17.459747900099593,-0.7954159779278669,3.0
-28.33603483420031,8.83176291215168,-22.538064625406747,-2.8369926280875863,3.0
-23.90352050202726,15.336915739891428,-25.91642547093545,-3.979264663091362,3.0
-29.08705478799247,5.65898333491757,-21.78570775164867,-11.404161541361356,3.0
-29.88111258013704,7.24175260103303,-22.373174758132702,-4.801573608458773,3.0
-12.930823597857799,11.578487127436192,-25.275784535993957,-9.445222109069217,3.0
-3.311815178491722,12.879385309635046,-22.74960569935688,-5.919611582559316,3.0
3.0330768232280665,15.214105427922302,-21.040186773524525,1.0257310408904854,3.0
2.412017810779698,20.629385863577433,-11.868313743666741,-7.3597540331370235,3.0
14.341728296487156,27.353502192830568,-13.978170886721047,-7.503030219271874,3.0
-8.741931174508247,24.01372640912272,-8.890827750650535,-3.3038364545569276,3.0
-4.436426855959297,22.022425748418463,-13.62307198730551,-0.6626620624374118,3.0
-28.650272119533824,17.485859277050885,-15.204876991647781,-7.3478415363037595,3.0
-7.68445924804571,20.668118763897095,-8.339515996537994,-7.123934709476204,3.0
-5.231411083733063,9.179002181284236,-16.586590540891027,-1.529971852443993,3.0
-14.09241233765189,17.424560672808184,-25.95236970783693,2.164328352874957,3.0
-0.27864553306233475,10.147213629243693,-24.086856231274894,0.9625227833458512,3.0
0.25085158631182125,12.116046330333152,-14.972566466231065,-1.1395878532746586,3.0
-15.371057063408788,3.0551651948540304,-18.116937289203232,-11.82413705253216,3.0
-22.6466099022977,5.7528301598623095,-18.23205150478455,-13.744031326659169,3.0
-20.77827446803945,5.628015438220837,-13.591441174387239,-8.815748224204476,3.0
-10.06063437724077,19.121759789781137,-16.663078045231266,-6.691983003428922,3.0
-13.84922290598191,27.50346978797361,-19.70770032667921,-5.886200961550902,3.0
-21.587002952633007,17.323296995130992,-16.26624700581747,-9.900862230913079,3.0
-24.85055286560067,8.899788330657817,-18.421386762728705,-2.3634077356574825,3.0
-11.769900557888846,1.7515637256090084,-27.334843153378937,-10.58144111897129,3.0
-3.971213409615551,15.065008235942337,-30.89583014725772,-11.51524987980903,3.0
-12.225378858222161,19.319506908686666,-27.892846219571396,-10.859527686918046,3.0
-14.943061771068244,12.464184190501667,-22.400562772856127,-1.1010612761740441,3.0
-5.811384946178519,9.912865493335149,-19.108584993827403,0.42133598628603286,3.0
-3.3056635530723986,10.501935687463662,-21.424646245221577,-0.7357896391160685,3.0
-17.589765823381107,6.852474774889535,-25.055484837848688,3.159866096006553,3.0
-21.4442543264855,16.399919556892854,-23.094382750956406,1.18720147986362,3.0
-15.245708664875234,20.474057292259786,-21.671075537123716,-6.412674456400995,3.0
-21.578784384633312,17.426379102310257,-23.839844777320213,6.243079435027053,3.0
-13.64634726609906,10.198915428695434,-24.114753949005138,-3.2204877539524923,3.0
-24.749151443666644,9.98776334016205,-21.898730177555755,2.761300507753065,3.0
-36.31683549767939,13.514391766858317,-16.08252182153822,4.432559730144241,3.0
-15.575934265149012,20.908030484298397,-22.254954399337937,1.3109615167170618,3.0
-21.97453340620649,24.941454337205464,-24.40532055542451,0.9793627488641334,3.0
-18.234148461017035,21.575891470997053,-21.675688932928352,-7.950384916011966,3.0
14.331237999772496,25.268391012760627,-16.474762045769886,5.468727721549039,3.0
24.750255119952758,28.75998262912445,-20.551841633746516,8.192739499307587,3.0
24.120650767156288,14.017615328083586,-21.684564806917635,0.6670178110810601,3.0
19.352107497826243,27.143070369901288,-18.660537455944684,0.25034009185953465,3.0
19.49270681101692,29.115280941937517,-13.36830068845228,5.0531313938452485,3.0
27.680602895651106,14.152866271255226,-12.87840525932609,4.116888411235001,3.0
19.4659248870488,8.5418119766967,-16.330620315377267,8.756425327977274,3.0
-2.015239915180235,7.219802776644849,-21.100703443073947,3.8740429346059866,3.0
4.816979294726407,-3.837494344375047,-22.977594633204987,6.263989965636762,3.0
16.756229545898112,6.860505622498518,-25.196850958209033,6.329630253838703,3.0
5.491910405797512,6.533843800569316,-32.820125750878915,-0.7092773375413193,3.0
15.245602257824284,21.567938223190147,-33.41664817955899,-9.356959077787465,3.0
-2.881947527011251,20.948368396164376,-25.686250935551122,-12.862832888156627,3.0
21.146254849516247,17.409912575721208,-27.959971992571003,-1.224394081964863,3.0
9.329809053225972,24.989965365949104,-20.262693891215356,2.0541489639406123,3.0
12.244075691470526,18.77403279214319,-16.652005866736836,5.352478089621612,3.0
-4.353078618295903,15.862514488498956,-14.92655306608943,4.022885557219241,3.0
1.5772379359413322,11.56176856927634,-18.59911916814298,-1.6607700216160908,3.0
-2.561541844649172,20.14219910056898,-23.480917695356613,-2.2874836440477697,3.0
-1.1434758357901735,11.658789073469357,-19.661906746910965,1.7167579004882276,3.0
7.572606145163661,20.828210217065234,-13.759920638571629,-0.9193043803842404,3.0
8.372981215452564,21.41507799849608,-11.08917930716828,6.025573563425375,3.0
12.132193878513576,21.205454439931668,-21.360219321667646,7.9835911103292,3.0
14.328215569776479,23.517623503744744,-24.38918394718769,2.8424114791170254,3.0
25.363987214184416,10.529396817535778,-25.296965737480573,5.805310906459902,3.0
9.804976753439774,19.9562210353222,-16.02930689573926,-4.474602329634688,3.0
10.160767780611405,22.28126704653527,-22.647183678989954,4.335536278348947,3.0
24.793801488759556,15.880939799250864,-22.224855165133192,2.940064208462406,3.0
8.391124056369666,15.062846984382578,-26.275965565704084,9.057524200714553,3.0
3.3259117449080158,22.058275678345385,-31.234913068550608,7.366452712153901,3.0
8.41403888504366,19.95138139284781,-27.172987848651577,8.478171633270378,3.0
12.091354576411995,24.71122577654215,-18.231582737274724,-1.278485819374863,3.0
16.26097250288406,21.78852651086695,-25.117476044730353,4.509552686564688,3.0
14.225265265183806,19.76855405815529,-27.883544487296604,0.061051453989118265,3.0
4.443164502997181,22.790207134580108,-20.679814439012098,4.448204236151709,3.0
23.460622584869938,13.467635019317113,-21.08746134789428,-1.541305841514959,3.0
19.270251872893212,8.561812513523286,-11.745114051371935,3.323224279957131,3.0
21.641910775547256,12.18630419351336,-13.606091935425761,7.776994022813172,3.0
12.63682011036967,5.465854689312353,-12.109583281952647,7.487154264062163,3.0
34.87731337080332,8.397182062519668,-18.504369462417635,7.121747062886343,3.0
15.994480685849716,5.407058252885786,-14.679906266174896,10.765282850836298,3.0
21.31952015284205,3.6229818495649315,-18.64165838523291,0.04555507380932067,3.0
23.030796347841644,11.538908713518541,-24.81393673589216,0.0783264368011003,3.0
5.561123718854581,8.875384238188516,-15.975450812420661,0.4930299595458161,3.0
-4.062350068655327,11.410634576614427,-12.169242248810939,4.496144788342704,3.0
12.076102930833045,16.22675116229316,-18.52384680863159,6.440076612017367,3.0
-5.461950033556178,11.34074328318937,-25.714091153960563,-0.34218645187677843,3.0
12.769686760918667,12.016418644629237,-25.235334301986153,-0.29800640497173747,3.0
33.017746368049394,5.1440274962052825,-27.40559858615739,-0.48905479977896427,3.0
34.09339804946717,11.135915977948883,-26.211402488815324,-1.571366547881082,3.0
-32.53306967773007,14.66160294678966,-16.741153868102657,-1.2587471381376303,3.0
-15.24697985346968,10.962241826358488,-23.8045941900481,-4.7049056874343345,3.0
-23.1805149404401,12.272557729527806,-16.87840811926251,-4.333173710456131,3.0
-23.12336866537635,18.47009293451049,-18.908216688345245,4.1416336060791785,3.0
-12.149498985669277,19.124153152947343,-26.017328048808423,5.060075461574861,3.0
-20.533697613601767,10.787544889411354,-14.956479208709418,-0.8966408081703485,3.0
-22.761043446813346,16.801978340953042,-7.280592676642186,-4.440528801254032,3.0
-22.64157473158377,18.91660771669985,-16.61757630050272,-1.6991458253845595,3.0
-12.81150896973793,14.38164834507048,-17.436300702855398,-9.713474486431739,3.0
-8.241442011452213,14.099218746265247,-21.460344623031965,-3.5138044779122337,3.0
-26.250262884253402,20.46879215680248,-17.187757251835663,-4.551022405393667,3.0
-8.146046657285499,26.506136105359065,-16.622015977983363,-5.5912520592155195,3.0
-7.9990651163798105,24.306566908393684,-19.352829138036764,-7.95454061341344,3.0
-23.283771665852477,23.680658718351026,-23.626096888609627,-14.911963119326348,3.0
-33.805985158760755,25.3845253082615,-16.74920069915865,-16.203828754075868,3.0
-43.993082260472505,13.217685329738426,-21.667276997468036,-17.20719242368441,3.0
-24.357790874243744,15.119931819414374,-15.45862870017703,-16.817180952150174,3.0
-21.57856890390067,12.999845095519582,-19.20176881653499,-9.868405860330128,3.0
-18.049197307640554,15.634874245502463,-15.262521539594673,-6.354650046931677,3.0
-27.295654287802257,27.59210698776703,-20.471403605026907,-7.414291810023301,3.0
-13.602826222385083,17.933484533612067,-17.09738656292935,0.6523307168650052,3.0
-21.757803315994188,19.66868835781875,-18.073286409740014,2.880072046783441,3.0
-25.64574142840086,17.01291376829265,-15.733057853803686,-7.969246145412395,3.0
-31.52823171561476,12.540986533493193,-15.510743693128626,-1.4483925022932984,3.0
-31.720946567077938,8.474557256103287,-14.719807821091335,-4.454735969760139,3.0
-26.15149669633289,20.614087879428702,-13.783403880755108,0.5502345912045783,3.0
4.045388092429121,13.908130518354913,-14.05251686938136,-0.8821585746466982,3.0
-6.923640948445744,20.9575283188794,-6.040898196871465,0.7954470007172962,3.0
-8.442396005781003,14.599622204345744,-9.648627217636509,-3.4020281673387993,3.0
-13.78890688340458,16.297486960888154,-19.462931172663513,-3.7693458050280455,3.0
-10.587922911406498,14.126433604122287,-20.09946068852908,2.83740000304745,3.0
-19.59752092871212,25.92046938677215,-23.9359390393233,1.8713433866589484,3.0
-11.500932189750804,21.539637135015983,-21.763933345404205,-4.339874795759551,3.0
-23.580441442281437,24.477404222137448,-15.146972588578016,-12.373040159670808,3.0
-31.37477742086515,22.18491430253747,-14.9281047999836,-1.2924118683111239,3.0
-22.435558992378322,20.876680046173426,-14.2271311423033,-9.745993487050422,3.0
-10.597929535244337,23.887621914850314,-13.290328879405473,-12.457494400835671,3.0
-22.259318012046897,27.029478895459317,-16.645930669099066,-5.253462371496305,3.0
-19.102798277157987,21.01888581047613,-28.39044315501304,-6.307267078996595,3.0
-32.8322830956963,30.4551288122701,-14.954503384810796,-8.058771870012855,3.0
-25.98916576051692,31.368500962960816,-17.314090827548746,-1.8412875376578137,3.0
-28.356038672983708,31.347520243493893,-21.833511376661214,-5.989672607195953,3.0
-28.9913845917991,18.3767374405599,-19.01718240075621,-8.482983264642606,3.0
-37.69001353393658,26.673363906436556,-23.55273581260424,-11.82777880035173,3.0
-7.72672656719284,14.93433871982511,-15.47928150966128,-7.275587326784136,3.0
-3.6570033396339428,17.153932623189295,-27.96475926009053,-12.245911057115215,3.0
-21.70785453881553,21.697662302311144,-20.640343683615164,-9.215989787194605,3.0
-1.1223666429916594,30.45101651230683,-13.968655722103666,-0.8984739212837747,3.0
-29.967561142729906,12.551407906104245,-13.689275425204258,2.1627385135407984,3.0
-34.34475529762431,7.372596132141126,-4.6605219062353225,-8.95009916156765,3.0
13.073469227132232,18.589831080317435,0.23088943090024472,6.288306695813942,3.0
15.770392247173813,20.54958557897208,-11.970604495538714,4.834231179507322,3.0
20.660337482777912,22.303711831884268,-13.969216034944552,9.474476579298393,3.0
16.28705606573053,13.657095831603998,-14.124884850798113,4.610476191042514,3.0
-5.04677974152812,15.206030387166518,-19.808040922291983,5.131802138558019,3.0
12.459578226234756,17.641358287825433,-13.048362017776263,0.49602648556773676,3.0
-0.6824272142414092,21.616843006342457,-15.008628853894528,1.2668853128564166,3.0
0.13152338551764942,23.40299957635128,-7.507154486470004,5.524834110425776,3.0
10.256348677700435,12.045945909965317,-18.333729110612428,3.57653751991548,3.0
12.596211582941775,10.576198578097834,-15.42136239998992,-0.16304172818138252,3.0
7.267394318746554,13.355529518822875,-14.557948908293056,-1.8739244981824972,3.0
18.80725448730321,15.208454365289906,-23.325096752897423,-7.188148279595664,3.0
18.619825649760447,17.779215800172963,-20.96719444948235,1.798804733514098,3.0
9.988601388721593,14.71552564033862,-21.803618293928025,4.031290397323799,3.0
24.450090400151325,13.383098514683436,-14.163932967560124,7.2474553745907,3.0
28.215749908225455,5.0310318278051085,-12.958457896044617,0.26363180584596524,3.0
39.3863792507955,9.458570791386304,-7.904907441383431,1.4962790216072053,3.0
30.185908412098932,19.26954732033055,-14.18765370297859,3.0324835552667073,3.0
26.37722019195533,13.45307475260719,-17.329724228231314,-1.0618750393995726,3.0
4.518357644503926,11.927541836003396,-18.037841552131948,0.7891865936040201,3.0
-14.316219122947892,15.408538214542187,-10.28560734359355,1.854773750550021,3.0
-13.762380871290866,4.186191033127054,-17.13318631887505,1.509349388668048,3.0
-3.0738940296964685,23.424413168895885,-23.287407030726772,-4.8232052898939575,3.0
7.086324627677428,17.971948889882455,-17.80572617170739,0.019579559388352763,3.0
14.419129239835161,19.825246736049415,-15.688053169519236,-7.6674505661082595,3.0
14.334056157410197,23.675129790654747,-18.09907753027679,3.568542496716593,3.0
18.56272298777499,17.07309119299977,-21.504437885213022,-3.4624213157991486,3.0
31.53569632418879,26.569380088539965,-13.728510937364382,-5.943345587019083,3.0
17.34726915322888,25.250886696607182,-16.804221818291367,-5.903090328072152,3.0
18.59070702897842,38.39715006939443,-13.629101718577083,1.0873498654079237,3.0
26.908756673981777,28.61770204113335,-11.27326737501642,1.5784225518076624,3.0
40.159721638451174,44.43879087172188,-19.806349296827925,-1.1053440441765257,3.0
28.38631296438339,43.33945036516334,-23.535982172340265,12.163379430449718,3.0
12.363306440884022,22.61515896111473,-24.290288104174177,11.03339626546046,3.0
2.2621631236128756,29.259463611161664,-24.84547225314434,10.063357563594822,3.0
-2.769035657048393,35.05589295005504,-19.65801653723152,2.7196861063725244,3.0
2.1581752659872357,38.12967062121458,-22.737228579206718,3.0592995170539155,3.0
7.148952478435425,34.3511141375915,-26.484177620081784,4.109353709210417,3.0
31.347225421315336,35.10133789578005,-14.750402666651011,1.6104043395731151,3.0
28.39728071648525,33.35408633890334,-19.73050090412013,3.1023581717995152,3.0
31.053197717888427,25.60561331493433,-19.045246216689407,3.1064097204759396,3.0
16.379431271711592,16.432108706425126,-14.142036564962908,5.705877057513496,3.0
34.53962567676857,23.541082937157046,-16.13933476740908,1.524920837120027,3.0
22.554668906455422,26.968794750997105,-21.14026760444649,10.549150857282907,3.0
27.506088067454545,28.785047376667062,-26.922458638362848,13.696270806413924,3.0
17.95464326397296,20.150326354220148,-23.917248908274505,5.640767113277196,3.0
21.07868455377545,16.27149444451461,-25.052056637338787,6.561667471339369,3.0
2.963080298346892,25.380899966847903,-15.157491680134887,-0.9791857103186112,3.0
12.72658821307298,6.9196609479271025,-26.450745553671247,-2.2143012401839988,3.0
25.10893956948178,14.917520073571438,-18.953777107114615,3.5741698785233136,3.0
-24.28778502182742,24.226109507090136,-19.864018697761534,-5.996880079851216,3.0
-15.5641318694754,27.360348103425345,-16.185532541166502,2.205457837793825,3.0
-21.28697668158805,18.7034321739772,-20.789631071689115,-3.0021304791019157,3.0
-12.880459564190552,25.753300401256478,-16.594033233899225,-1.435354174956541,3.0
-17.7397637657055,16.797450601254617,-16.441788147005003,1.3243458359631899,3.0
-20.91629278971689,4.888375487654518,-20.486278542670444,3.631073764989665,3.0
-41.09465490458183,9.02863134448138,-20.093562541900948,1.8824909698012586,3.0
-39.26925977318057,20.853167121130834,-24.09427662065153,1.126806709370026,3.0
-42.542770600985605,19.624988574349462,-23.453164798869494,-5.161613949918858,3.0
-41.56081058929752,23.045614828625833,-25.948809126908497,-8.033591804571994,3.0
-15.368263839901482,23.83311472930923,-27.749517263711724,-0.5782871142523054,3.0
-16.47704847709105,24.15888950594204,-23.02383886905655,-2.2148272113712366,3.0
4.5181714744479,17.621422737960774,-25.725786830394235,-8.322589214724019,3.0
-12.25851147952578,15.793327910835087,-14.974480497792186,-10.888618600789734,3.0
-2.521064810299981,-1.3814489912758674,-20.939754948189155,-11.051245167085433,3.0
-14.842549715755013,14.148866143060989,-23.533704671189668,-9.350057163992826,3.0
-10.94146809608873,10.514140817453162,-17.458572772738105,-2.702797532045829,3.0
-1.5671765374414317,12.686176538523874,-19.08914697260331,-7.2442443001272805,3.0
-23.041656383058083,18.291193592733023,-25.789180684183613,-5.6722124769761075,3.0
-19.480935289514587,15.319669467969415,-21.313732590416205,-6.338869597406038,3.0
-23.869992856207098,19.36559468834244,-18.952821108027855,-5.3100534111858275,3.0
-14.525225663087241,22.577194671851643,-15.378659580355453,-6.694861902490336,3.0
-5.6300911023706455,22.54810209668834,-16.60844716496035,-9.294086993969378,3.0
-12.598053578635138,22.102170279362166,-19.498057614232433,1.6449951172810846,3.0
-16.09752999913246,28.876858197556952,-20.080567314489407,-1.353996402319348,3.0
-5.667435023614074,18.875809152418025,-14.1722936560407,-5.769249812948136,3.0
-2.465209014744591,29.070118290109342,-16.16267429441227,-5.471260000532196,3.0
-7.992884360128878,17.821713398155982,-23.1027126866958,-6.631038040512151,3.0
-26.499419298541298,14.33781255692887,-25.687128285434834,-6.654545591685257,3.0
-19.84866368703111,11.447840284953575,-29.941236251542307,-3.916153688798447,3.0
-30.68790531113775,6.432736263032128,-24.290040879296726,0.31933547817804353,3.0
-32.04732687601958,5.023773053658537,-9.28869138415567,5.192492161584395,3.0
-17.37754581196809,9.615149549596177,-13.90419369588974,3.150255441094185,3.0
-19.648061638248418,19.040872784744593,-16.324246268798632,-5.916156496256579,3.0
-22.898234766183958,29.16300521262725,-24.44435123583024,-9.80262537357013,3.0
-31.202383035095156,26.69184299235004,-19.804605748033246,-9.969057344351093,3.0
-27.660489573532736,29.095962678596056,-21.08530982831408,-2.1836606069269138,3.0
-32.17304639325721,12.192861349125195,-21.61257464402586,-1.253930986778685,3.0
-22.764525306423895,17.22772478768689,-26.343147056171794,5.6478773972729215,3.0
-16.297872597238154,12.546957197532405,-27.283405989890355,-1.1852955255963384,3.0
-12.538972475590352,23.030547248902405,-23.842096212332134,-3.481427517678727,3.0
-11.113582756749793,11.891897862822344,-19.130067829949635,-2.984399570580147,3.0
-20.54856276935799,23.865115836191784,-27.39292269946697,0.019659709603324416,3.0
-23.1733571106714,25.47501254763255,-21.881961908829222,2.9923409569700232,3.0
-27.88949224328016,10.31724969014997,-19.53499115885868,2.2873389898526115,3.0
-11.992152585713907,23.81296417461703,-32.851091154069955,5.831742768135686,3.0
-7.7426933807598735,20.48481548180712,-30.437931239657097,2.3526208088163996,3.0
-2.813745976138714,13.19117267398299,-25.689696289216343,-1.2273422334918218,3.0
6.59117884526483,27.441755560318974,-23.153787040269044,-4.8495174770633716,3.0
-41.00255147845509,23.20779334561076,-24.193780027952712,-0.22239037625939684,3.0
20.596651133832594,19.17445586088765,-27.994058240943197,4.567890407726866,3.0
41.271187734219524,15.273455442617884,-21.539998293853102,-1.1047976284268322,3.0
36.34893212851569,5.371993164051705,-18.33273781817668,-8.681689540931297,3.0
30.912787297929405,5.451587271919738,-19.00870818779224,-7.175459157089467,3.0
18.81569870726556,10.230814536641908,-23.711650106869637,2.610019378225495,3.0
24.598171070852775,30.882416950427626,-21.447173331202826,8.458529609259308,3.0
14.89914775015213,18.1813468021932,-26.16677713295958,3.39217246374132,3.0
14.758298185387517,14.197345063893392,-33.523628319372094,-3.032174820358641,3.0
11.239203593873148,16.07478644096129,-31.21902473217621,4.745904199857794,3.0
11.848800698507567,23.395466218289577,-36.47009002851448,1.727359982361606,3.0
13.161088086741422,24.22859125129201,-30.38956613607207,5.466378457013139,3.0
15.399127519309774,29.561329326676287,-20.210050769964752,-0.19979265320768214,3.0
24.755187592309603,9.579475537971252,-16.553689296826242,-4.478236674067551,3.0
15.408429705789459,8.99726885350725,-21.25692287587335,-5.1094869791846005,3.0
27.221295959745213,33.97525183067573,-17.358686364156572,-6.8929439117385645,3.0
18.328531102727823,26.050179410590857,-16.925971162352063,-3.0967097948779485,3.0
27.254911610287227,22.462236193785703,-17.471329432059377,-9.70795711921179,3.0
12.385276455099422,19.091839866667403,-19.580976408924908,6.219376237064313,3.0
13.981408756138793,14.370430151805719,-26.148756071098948,3.8229606807598646,3.0
22.85214585493089,17.79550594312857,-24.03958338268646,15.943416839879632,3.0
11.154207522052578,31.5760563913408,-18.263687477514353,8.12117246172408,3.0
14.488392900194555,22.742128610133697,-20.74398619918804,6.659531501095897,3.0
5.516283692038176,18.811111631445602,-16.647522496108564,13.341337153671812,3.0
23.41795739296345,13.626968924102814,-26.23869531395345,6.325299729486064,3.0
3.4524874844315363,18.788847819147673,-20.203660213303472,7.4360962774854045,3.0
20.569547774218464,23.341211361592983,-21.94095527288282,4.591926891956933,3.0
21.174015587850228,18.71470655184643,-28.583840906594677,5.437306177802315,3.0
20.916679921250736,21.961737083605996,-24.936254173234367,0.9703128064897579,3.0
33.28028610602069,24.487654363323127,-21.335459621159938,0.7392180209720145,3.0
25.116793194831782,22.106893584627002,-26.604673529251166,2.5792119398609215,3.0
30.9625089654438,19.078577477826776,-24.970598514001814,-3.509243735689613,3.0
30.168717205761276,8.745512483239976,-16.384960645395847,0.8768142425404908,3.0
24.18328955880285,15.484102613505595,-11.634418056000072,4.349658133845795,3.0
39.53244767898656,12.932210620261685,-20.07509481124011,5.127089537492388,3.0
30.314022734816703,9.160140049791234,-20.547464201657153,7.052050086169292,3.0
21.006736273571263,14.46819769847838,-15.430573447801276,7.759407250814511,3.0
12.057939649941808,13.641447473913534,-10.943331700298168,5.845914299456696,3.0
26.174456144623576,19.46704858711478,-8.207507571887625,6.008410928270536,3.0
42.78061164807376,16.720919389106726,-13.647557209439094,10.074839760895879,3.0
26.562635010382053,29.502851147273653,-17.848570002519526,-0.15297890519209378,3.0
7.116755188409826,27.282435281734706,-13.193373409302653,-1.4425913176244824,3.0
5.006482508295138,28.35346012612141,-21.16782879357264,-0.6639959414411054,3.0
15.76783904863566,29.84493464016316,-22.72621663734672,-4.2342632251426835,3.0
25.464663260751447,16.194834354111446,-23.48102587642835,-2.377013836664053,3.0
29.227091201064653,20.942001475322602,-23.53402349784089,-2.5519715646119963,3.0
42.248585735150186,9.23543907285534,-16.40615764236726,6.411442606326011,3.0
30.441996275314736,17.35080364930207,-18.56966802166704,-0.07329774676620149,3.0
24.915825410312088,8.572550621890944,-12.482639735932487,1.327396594129902,3.0
9.2213345357753,17.44759411080227,-19.33847233926794,7.799967800646981,3.0
11.057870752627405,26.058225140746124,-22.57445781648101,4.340800817119232,3.0
-16.357031169547614,3.45233232039618,-12.724431264109006,-19.782851277872663,2.0
-17.621107826513104,5.585703940522851,-6.420350290810338,-16.821884219450222,2.0
-9.893204927006266,-4.872536546471776,-17.707932940198056,-20.157828449684317,2.0
-18.595465303933054,-7.495760867404972,-17.627111376331083,-20.95852152250444,2.0
-16.810694547252957,-6.605817711323129,-12.760435542929175,-20.1282121567463,2.0
-23.617010321113277,-8.269185303585163,-10.439344124887505,-22.253007772721034,2.0
-19.2459395462044,-6.4821185394524194,-24.360659044958886,-21.193762531879802,2.0
-11.85868296798742,-4.75776227788057,-16.818656710530455,-14.986591734697505,2.0
-14.912274028707673,-17.073850959104238,-18.810973564325515,-24.76675410633801,2.0
-20.542539533975237,9.737313805506163,-21.200228332103325,-19.625165621794643,2.0
-17.913376830336578,7.113266308037644,-12.953979377480525,-22.579749951735977,2.0
-21.3441676395854,9.318423051318824,-14.141028422521947,-22.288219657246334,2.0
-26.278503893632184,3.376465026725138,-29.379951866968,-17.745324959764154,2.0
-33.69703281809879,-0.8652399603577035,-15.79558710467496,-15.733930243929635,2.0
-25.233843533681988,-5.38872905625207,-8.438777976671847,-20.053653184917994,2.0
-14.31324701450782,-6.522498727564322,-6.528822244318636,-16.81446942689097,2.0
-11.161590829766977,-4.8968999660832315,-21.378566907926192,-18.115227412813432,2.0
-5.6967022260063835,-7.818513802524348,-20.43143577408398,-15.788815030340636,2.0
-15.021619360447984,-5.242105820128558,-16.5324040254181,-13.2270680165949,2.0
-15.479772456256693,-20.487821608611412,7.670900167620811,-18.317626093233542,2.0
-9.957102455683495,-8.984109062128267,-14.26098062505059,-19.20003005097214,2.0
-15.006576317060361,7.944053462525928,-7.4265230190897045,-17.134430254316165,2.0
-16.98447652413833,-6.778436726872005,-18.070747889824773,-15.784844080496184,2.0
-16.57376744652875,-14.1432989073286,-19.666808817262936,-16.919408254547626,2.0
-13.199519684758663,-20.509922632578647,-20.6060616298639,-16.071449340614258,2.0
-12.841279329762989,-15.155229345663551,-21.508521509007277,-17.618320497999175,2.0
-12.109569179187583,-11.684790634906802,-24.38412526320891,-13.432884625626189,2.0
-16.388928175426972,-4.703531343730984,-19.370510244012554,-18.25323767006597,2.0
-16.30369835685416,5.9374905023933255,-0.06309145992189258,-21.363903235166653,2.0
-8.946615812381756,-0.37305426653820284,-7.277830029815265,-17.142714063314916,2.0
-10.82702578687267,-15.201887899563562,-23.292337152958684,-16.501578333447522,2.0
-10.458953106109064,-3.7336319538888616,-22.036853682963105,-18.73777024846136,2.0
-6.068052759399789,-1.3181153319605614,-9.439416065673665,-13.0250810558842,2.0
-22.020468755045098,12.712031795614767,-9.670830098727565,-14.627362208459793,2.0
-18.153750226524586,0.7945441340730359,-23.267957589944917,-15.766985329208389,2.0
-17.16860068401672,-14.661490009607617,-21.957573695913258,-17.91971856973616,2.0
-20.218141549456757,-18.133000870190898,-17.112256361002142,-14.61673672280674,2.0
-26.877362175948733,-7.580595346280436,-18.704291625429484,-15.142388573879309,2.0
-6.892634953065957,-7.247050894160928,-9.680230084144657,-18.543083292096643,2.0
-1.6878045981949423,-1.5258221265410565,-15.222173036142825,-19.865758152359106,2.0
-5.810167849190298,-1.8838444029871173,-11.724168628050414,-15.966695577450905,2.0
-4.433301303310861,-13.138692439383876,-9.361018654873453,-18.784893633248952,2.0
-5.111976463936758,-10.048435561222988,-8.387784904141103,-19.19492242913659,2.0
-6.64830217892478,-9.675171255083832,-12.077133779222436,-17.057128595433834,2.0
-16.888209591692856,-2.512998584509271,-14.096293678901855,-18.677477671642826,2.0
-33.221723903093185,6.258598228388614,-32.13852607774574,-17.647416476102144,2.0
-34.42884813419859,5.923523523302759,-24.554831274785514,-14.401017980057055,2.0
-27.708996287869756,13.997773837550799,-25.726219923370707,-16.741493640411683,2.0
-24.789601005580984,0.6742824651903838,-1.5539276982534682,-16.262105250226163,2.0
-20.14938069645166,-2.130461229947583,-6.695954646901992,-18.29173023200485,2.0
-9.725593968793724,0.2911627816350695,-3.594297985024845,-10.654884996931806,2.0
-8.01624501745546,-7.272899061150894,-3.979467114152813,-11.655731060853528,2.0
-0.6334027558574231,-4.2039462595251,1.2972261193693804,-9.77258761958663,2.0
6.690006566089615,5.241567780978864,-10.182972689086505,-5.689513207367371,2.0
13.078873296801014,-2.95501940834205,-17.3015098807485,-8.852053025608276,2.0
9.913145739547957,4.617497693251192,-28.786505169006183,-9.133152808632246,2.0
10.710144689740183,16.44030552916547,-18.520653940875352,-9.948912108815495,2.0
9.900758650343676,20.795427723704403,-27.21144662823661,-7.633548453687595,2.0
21.027137919765277,20.102048724916997,-29.71960432531296,-7.4364387359428985,2.0
22.136344598333437,8.00968328324985,-16.456860204078083,-5.735049480583716,2.0
24.154065173989345,4.583116330423973,-20.646615411082994,-6.361049099458885,2.0
25.88429685784443,6.384990990958596,-20.345881941520833,-10.554367240019092,2.0
16.203170063363356,15.60649381017102,-18.186548712757116,-9.1905643100816,2.0
13.022027472153471,18.726571682921197,-9.864026689524307,-10.90883694935868,2.0
13.02590643575277,22.756074745057724,-13.627082024260687,-9.481416194159339,2.0
11.919927470121982,14.677368123314956,-7.787193806691636,-5.7775420390882966,2.0
17.414252942145666,16.20883288231261,-24.132723166320392,-4.192877589673068,2.0
17.842436945874205,6.291280467893458,-15.760525665418612,-7.618531492256807,2.0
12.525402157504285,10.005975279720293,-22.65968259757736,-8.700007386717724,2.0
17.650400610057606,2.954085192739271,0.19384338359453324,-11.810421875667563,2.0
20.9302432821138,-10.823131160263674,-5.430520631078519,-9.194075708271315,2.0
22.805865398461222,-9.591334480553197,-13.347008907952292,-11.152740664371589,2.0
20.342214520080738,3.0844834408939032,-32.0137824028119,-4.125536134921072,2.0
26.678066283912997,-5.795576808848907,-25.656290207565746,-6.523793378258536,2.0
6.2461882787054614,-16.78801620390942,-28.005842660534906,-4.421322625440076,2.0
8.163816531842286,-4.889073967958647,-27.340603482570465,-4.304606604037598,2.0
4.114708598068802,2.5119562592275413,-12.233094423482644,-7.327165548341437,2.0
8.165381655265595,0.20987885956902907,-15.142527653150118,-9.002175270656112,2.0
20.346201205873783,13.73573927445738,-5.340063669627542,-7.778618105128226,2.0
23.846164401166654,4.8123615708111345,-8.552029062603312,-9.373969113237159,2.0
22.673471869176016,2.7627953388236275,-9.87013957400568,-10.078870607468357,2.0
20.046214696291837,4.989149166911896,-13.142365301853882,-7.182829926394669,2.0
15.528286517338028,-2.771369690629891,-17.31735491528398,-8.282089407953382,2.0
16.119676365671655,-14.80276854866508,-40.14981027737622,-8.452377932048414,2.0
10.309089828146828,-6.701151332525693,-20.39372788423138,-7.133770140502472,2.0
11.156697211323651,-12.113023180739393,-22.681336479297194,-9.675281153703862,2.0
18.432525678006048,-2.872700371286273,-16.07079912007823,-8.002416691431895,2.0
16.481140801619322,7.9991473121458085,-10.014135120498375,-6.332589748763595,2.0
16.300102135600618,-12.751066025959823,-34.128895162934555,-5.577525141140548,2.0
17.0873240223392,-5.779819631278098,-21.589398297210124,-9.118800574272088,2.0
8.517219589434038,-5.086479254617226,-16.77688698435247,-5.830020458933848,2.0
16.700882941363552,0.4217292860795032,-4.250187027321429,-6.231504922149014,2.0
11.878931682815548,7.110731075467786,-13.037293661064787,-5.308050642888878,2.0
8.523801354068034,2.6969683206025996,-3.4883079793763905,-8.8528856229827,2.0
14.347305735671977,9.557565681387862,-3.636084908405678,-9.485548588143411,2.0
21.312311804245976,-3.450695348110952,-21.82143520173021,-5.367055453512631,2.0
6.003516314657565,-7.598434234754849,-32.51077536390069,-7.989576279588277,2.0
-2.743746354849314,-3.3644803564693015,-26.992276303158448,-9.865747965076771,2.0
15.394002875439133,8.508433306396316,-25.15270922779595,-12.332994111420614,2.0
4.033293081520851,5.800734307154693,-19.136173959254467,-11.331699040455803,2.0
25.347854948435824,5.513107012128071,-25.918876147276606,0.9020545844247003,2.0
22.56227910912178,3.7698751176579153,-11.404946809421876,5.23292315497309,2.0
8.109315107220954,7.266795547514542,0.4652059376572897,6.696306599651994,2.0
17.521569307476053,-7.0856835843717105,-23.768439423379657,-0.7240674275628549,2.0
7.760979558524227,2.793903232057894,-15.147162049130738,-1.1137348363510058,2.0
15.61260741752893,4.974591738077642,-23.5684428734788,2.1578754685802597,2.0
22.96410110293922,14.66064193201582,-22.50556701317471,2.78132222765295,2.0
13.101128137066915,3.398692422565275,-18.016330582054103,13.81106146213137,2.0
24.2497968670042,10.729172812970582,-11.346211460850016,1.1759153944125527,2.0
25.440554174275594,11.166013558567029,-17.456990975428084,1.0360965832955948,2.0
20.739635657912554,20.103035572907395,-9.873023601108597,-1.7664764640973867,2.0
30.326312060399076,0.940780626862816,-20.125919254419102,5.005156762377402,2.0
36.207209469330394,8.795393020394602,-19.91323614512147,1.5256886291461185,2.0
44.928770024573176,8.430773730010888,-16.941729720660366,2.136602690013664,2.0
29.51512832652122,-18.87737437186469,-11.90024486193148,-1.5600745455374123,2.0
19.853580052815833,-21.01263277795307,-10.175447415811556,-2.898033186320378,2.0
15.35092358034152,-1.8728750476481668,-19.648873160143776,-0.935745323957569,2.0
26.895018295004984,9.438732255363309,-26.928877792031177,9.769597601655454,2.0
45.892583601052166,15.826954746561917,-16.404813146483914,3.801344584890224,2.0
13.491259821602782,32.576693110901246,-20.99468258943534,2.177043546807283,2.0
11.474229740821443,13.579290417693631,-15.836995514833294,6.3792413452375385,2.0
13.843078017138566,28.391597745344143,-5.181160134330003,-0.007136204825044956,2.0
11.240975392882747,4.066655805270342,-13.884854948670377,-7.193325277282175,2.0
9.301330188333466,-5.961041486120882,-22.80810446242446,1.692956018980277,2.0
-4.189182330210247,4.826332712938738,-33.916104884788794,1.3134720041972003,2.0
9.50749183425394,-16.411617634125015,-20.177294808604085,0.687229039519911,2.0
21.59686962859551,15.948740769356611,-8.765353141041311,2.253955043656523,2.0
24.277813154755783,25.78534761598332,-6.880716570071421,2.1038464531226264,2.0
17.334225447136568,39.55095507834236,-21.828301631679494,-0.2500090284814753,2.0
1.571643650412728,32.182085129511236,-23.606236721591188,3.6136518655513825,2.0
8.955193739806928,6.391935303022597,-10.690492012580943,5.584964264906724,2.0
14.742643675707544,7.26790208744082,-15.910421113307793,5.444254589534928,2.0
15.78527688384293,3.084105640935862,-15.811058889713884,6.3799340039396615,2.0
19.580718562877273,0.7710731433717861,2.1704008130117565,5.5649272596970825,2.0
4.936196258669276,8.782660803176004,-18.069916177985938,2.856976119760237,2.0
26.260617417260768,-3.569323443004212,-15.820373822797986,2.4090482120326606,2.0
18.958543549790846,5.145008063989978,-28.126534689258648,0.8045070908850966,2.0
26.863452196092737,-3.307727265257725,-24.141802430810294,-7.400197917764853,2.0
21.80351807418526,9.5911626645591,-28.823043032847742,2.2978160904474727,2.0
40.713911235802044,8.74651469915647,-24.426017673040043,4.050905066535406,2.0
21.505088573855154,-4.742219401633371,-31.92448742091655,3.2623415138672796,2.0
21.6122425112791,-0.21697675146267736,-17.37350724213244,0.3882504909933062,2.0
11.752241853007288,1.182795195412035,-17.04522730511357,0.002395770622062976,2.0
21.752382126511062,12.104904355036844,-15.193938763261562,4.324591449921897,2.0
27.034104707759077,4.745878795902758,-34.75402981310008,2.733089887600939,2.0
21.429553730510257,15.492357326747527,-27.74390361254944,0.28510666159773823,2.0
-5.654626723556795,-3.3544890101707896,-19.4603507641589,3.293984358162659,2.0
-3.7697951007872277,-5.579105127644259,-16.00693487945086,8.99904836223576,2.0
-1.19048390983256,-6.721628459420952,-20.845419827008477,7.267763691635082,2.0
6.3890991896661316,-2.9049690971073057,-13.174355648768781,4.107480033044494,2.0
-43.44956064560749,3.8019183300548702,-27.532693218920592,1.5771791006915878,2.0
-7.188483516314328,9.692385957617056,-30.677353061173235,2.9796476397242535,2.0
-10.142078239909067,-9.846578681360986,-15.383312971387195,-0.4008152768700517,2.0
-24.782898526512973,-17.256468574315885,-4.321443562151067,-2.971238924666506,2.0
-20.195467831221464,-18.64850761195087,-14.8464718840502,-9.209655137804193,2.0
-39.87592270330172,3.0150796771430155,-14.77677703499241,-7.817225903210803,2.0
-34.54152929963794,16.020540157430073,-7.172548448616213,-5.478508083105947,2.0
-26.52754945458735,4.859591391853789,-21.518085445945925,-5.364255355484504,2.0
-28.44351689306098,-1.2975846008723737,-16.33547600892477,2.0860133777458083,2.0
-16.19024423399776,-6.615054887430299,-11.4160095140926,0.6778058785246399,2.0
-33.20770416706444,-5.610348485160664,-15.963095316940807,-2.7199053228492005,2.0
-36.686110247172024,-0.7638069363823607,-19.853484521946697,-7.017294287629552,2.0
-27.335627649293222,-0.25806653359411325,-14.783026880481248,-6.882061407455474,2.0
-14.9376494306938,1.5465553651737574,-16.429518952841864,-9.831797413001517,2.0
-18.067150021475804,-17.630507940655573,-11.496739446203481,-5.865896284713705,2.0
-12.021078902399324,-14.569601714807568,-15.300601723740682,-4.667966272111647,2.0
-32.23786781046421,-13.363314694246476,-18.873109784322406,-3.030213761942777,2.0
-39.94069426681679,-4.380188151039887,-14.799109044988949,-9.531324839852624,2.0
-24.554794574609673,8.344250342887618,-29.864924028282033,4.233244079541111,2.0
-23.90011140475394,-1.0903672392995705,-34.811199274737646,-2.77635522176347,2.0
-16.65135112105257,-1.3663535068616663,-24.882608415244835,6.4045412850966095,2.0
-6.294861686978649,-9.155100448631535,-4.880019029263561,1.72199582747285,2.0
-24.349304660984217,-15.125387125568839,-4.646192068504645,4.652255628038648,2.0
5.652947025764888,-0.3223456672862408,-24.432662153635803,-1.382282359413511,2.0
-9.533852665800683,8.385415035252159,-24.799855695765725,3.2835433736568618,2.0
-23.127620188293097,1.622133091602362,-25.528420860759045,8.01942195354237,2.0
-18.259864628620253,10.542033298225828,-33.51164795172715,2.78502546715733,2.0
-34.00644275587084,5.998112696487668,-29.75872728395572,2.735849241108629,2.0
-25.823267853062728,4.022799958096862,-26.657492112367517,-5.588868567621234,2.0
-30.995687773481183,6.322936233068391,-24.62368813461001,0.3882741379215906,2.0
-33.859489310282214,4.765406032613967,-23.58421547023584,4.510598842525741,2.0
-19.55829783245342,-1.912517334799979,-6.2846725977565185,2.6219600871009474,2.0
-38.990539885055284,0.9060306629481003,7.858591506316552,0.18954453079313915,2.0
-12.525928631930356,-13.435946799879428,-10.439999556669306,-0.027497359240812314,2.0
-29.710449051146234,-4.9718527800615,-3.709337195968274,2.84050045754832,2.0
-58.862179715557595,9.491654618737872,-9.989457519956682,-0.21878157883894822,2.0
-31.69002078171795,5.337799624170569,-8.845984993170708,-2.6848915489370526,2.0
-38.3694572026367,-12.974287004622369,-21.01305032871291,-3.256953564293976,2.0
-53.22310908273033,-18.135590564170798,-18.359296997942884,-1.7672295490420824,2.0
-40.71250659891655,-7.251373406768954,-19.988875024839928,-7.747979034906763,2.0
-22.419779823672346,-21.203379729719526,-11.390370357390983,-3.1415235682573517,2.0
-23.57346584962965,-1.8231795932258663,-14.989234521778036,-12.85866190495986,2.0
-30.453391146614106,7.7147091295840955,-0.6071528697993429,-9.840053031320327,2.0
-19.15027485334236,5.511474242175925,-17.943247754829287,-5.204760319075566,2.0
-21.84238678588992,0.4411894708264401,-8.3358812428873,-10.556982584183277,2.0
-15.500917487409055,6.247317390434125,-7.014072431723292,-6.558225993261864,2.0
-9.72840404932519,9.03897085579402,0.3071667297601426,-6.114821350821044,2.0
-20.814390550239366,9.128699843826675,-6.111681804115028,-1.4331884511804636,2.0
-14.6454035088382,7.370391799175938,-11.721804876612126,-0.6905990034356209,2.0
-5.048395837430686,4.85052914121288,-19.745619287172584,-6.15520795784558,2.0
18.025725815540273,11.751061267302326,-19.75522892815868,4.116426519002983,2.0
28.83258142169805,4.883978780565567,-12.880215880784476,2.270343589133905,2.0
21.502756773398378,-8.45867589201889,-16.334262589145887,6.227841484388151,2.0
21.779908423331534,-11.933576301365024,-19.503330687542594,-0.9323532765594584,2.0
12.583032436318316,4.355580035416203,-14.295633335371946,-3.790098461931287,2.0
16.175185607068734,-9.713428183879165,-1.3061860521524231,-0.19414887560523808,2.0
11.887616455339673,6.232458585888567,-11.23360312092742,0.4948252719647819,2.0
4.526812071349035,11.317338120567271,-19.86497480426298,0.2862405480647352,2.0
19.011403972593865,3.232071644733927,-18.092529307623106,-2.0240795183124782,2.0
8.367693526103874,-18.895532244518513,-12.754155157785162,4.492588017349478,2.0
21.162340742753244,-3.9510518653772495,-16.613002065746468,4.237004217635262,2.0
28.60163060666798,-2.073262714580553,-29.659693135411004,8.535148834556926,2.0
24.907524148901057,-20.30955066497306,-11.395196283273815,6.940841101595899,2.0
14.984302095049282,-3.448649722229132,-9.335250672272068,6.646816654309674,2.0
12.721020115185112,-18.32829281140745,-10.864858906252254,4.921503480830287,2.0
5.795508190831496,-4.087248435065882,-7.34516069755254,7.127388663836224,2.0
4.162586374449661,-5.544579885683984,-1.7405922161368146,-3.1522811296178292,2.0
18.758409102715614,-18.42530071500226,-11.450720002984694,-3.384046424941387,2.0
19.73596539681093,-5.374034692953416,-27.419377340343623,-1.0806598880039209,2.0
31.11471214680232,-6.532348133701544,-25.346241520733546,4.800649057111832,2.0
28.785671240383216,4.05411435608621,-5.5358218698915564,7.292414735693285,2.0
24.218346859883823,6.244753855703438,-7.1390024254821824,0.9625754239302631,2.0
46.29699573776787,-11.016861353478042,-8.885794095074544,2.33971039412913,2.0
21.233466492927036,12.959137154842331,-17.745120250067423,5.199697980660548,2.0
34.75551399236376,11.29964397185227,-11.572289636831275,1.041336772820614,2.0
22.232923398234597,13.418653137039449,-21.16844273838657,3.277382638274307,2.0
12.40919487842611,20.8588141398727,-21.105109627482438,8.854927444711375,2.0
6.41214585213371,26.173609601772956,-23.297679866170363,5.629761583163667,2.0
13.049280523319966,19.13978181633164,9.196889775001493,7.990353816416409,2.0
29.18420902880636,25.59044085855118,4.234133476239396,7.889518366494531,2.0
27.55348091982765,19.374370638148942,1.953639451556839,6.023736217080644,2.0
35.77162037513684,22.68175259412554,-12.00045433982916,13.779091790139157,2.0
25.142573998002298,29.340696526781286,-19.70225911327597,7.6922691903365035,2.0
7.146806708940069,33.73727886763616,-34.417681764081905,16.31839972107727,2.0
29.407468024435996,25.508026619285115,-34.512823557568495,8.530331674062921,2.0
35.857441044615186,25.678940055281032,-25.151084109720067,6.341595018582765,2.0
34.77815081539973,17.92435000269184,-17.81651409165462,12.528771205942594,2.0
18.573472936742846,19.142425068761607,-3.027698826312646,14.991727042278214,2.0
22.72154426640912,5.543491438341016,-14.084657625453604,8.555842289862262,2.0
19.012143561999853,0.9820623306730965,-4.199108397283219,12.191200877064464,2.0
20.21435463535363,10.016196222799682,-4.700521517119609,2.7644178004270703,2.0
11.681365415704626,-12.306785959994075,-12.774919422186116,9.201525316212557,2.0
16.106308129199682,-1.3777984986067056,-16.301875766998766,6.810200803128669,2.0
28.158028221594652,-5.352228389454549,-15.772749028538664,-1.7537057451015592,2.0
15.55772703542949,-8.680926949029232,-13.01743829419121,5.925741426591997,2.0
28.094276149028065,-3.3287203090179704,-14.931832171958632,2.6399000417367304,2.0
13.081053676605404,-5.284211531896285,-34.756990255357586,7.400890888572878,2.0
24.765226565102864,-0.09207448380877348,-35.72795654205252,2.8304713068882155,2.0
38.52095830991187,8.748393804749892,-28.708253787200746,-4.91147601685986,2.0
44.865295499043825,2.721180680609048,-41.68749832515081,4.124307837281209,2.0
-27.972842825147918,-1.1157663964894544,-40.317886868556684,8.542433303255754,2.0
-28.68896294622822,8.71644027729856,-30.72249545921339,-1.2128503008607903,2.0
-12.241062604464231,14.549360845263491,-21.85535706824312,0.4012344440863195,2.0
-21.999290107062134,8.477209307652611,-4.472976640891167,1.9159672524579108,2.0
-24.364218372324476,13.54358984252275,-24.155497339669218,-0.6565699363446789,2.0
-17.901798277050162,0.5869922698937218,-19.643690576323202,3.9459687646467088,2.0
-20.90247298965103,-12.785428007788756,-15.698420208380842,4.11175260280711,2.0
-29.80732507626766,7.188785287963793,-17.858915754223016,-1.051283788477824,2.0
-8.25926964852566,-9.375663727561268,-21.142435930916342,-3.3184349450386836,2.0
-19.535666370369693,-5.070710725487014,-13.952917534141914,0.8738894318810839,2.0
-12.821871367007628,-6.492993580881503,-4.453769904328746,8.655081601843001,2.0
0.38054257445153894,-1.275549955737218,-11.223593497496715,4.804097334691148,2.0
-10.777033496364567,1.9956827061457387,-27.353363317100083,4.190400429982514,2.0
-16.81230675673011,10.565945824429006,-46.44268278799114,3.4839681534752023,2.0
-2.5029826034120646,15.567506423651368,-32.41979174522616,0.29653863345609155,2.0
-34.802917661465614,1.8337449645861885,-17.420640985189884,-2.727859388656671,2.0
-29.73563675208341,12.198457036676057,-19.105468077896575,-4.177988678809586,2.0
-20.19512076827792,28.806183680307573,-13.855692089104572,-2.5791207906267406,2.0
-15.227960651725988,23.836133514181782,-18.02845643859851,-4.427213716469171,2.0
-20.749120314532068,15.373252520437514,-22.82414124602427,2.876703806411655,2.0
-19.72265065323347,12.640156738087406,-22.24371444283951,-1.6746548158141712,2.0
-9.825534738629873,-4.963725858301492,-30.66758495367531,-5.067833952057166,2.0
-28.45727085234123,-1.5688417970765993,-31.85890456678798,-6.944099562490361,2.0
-34.22611237856398,-9.009712471278352,-32.100943742355724,-1.4266807630548501,2.0
-14.620659813793237,-1.7883890182991493,-29.790471666145454,-0.2385100011005229,2.0
-5.905064413084876,0.4975653310590813,-32.03918948463874,-8.956536885998236,2.0
-14.21852009277799,12.030530803281838,-29.655728977296807,6.407160013090693,2.0
-19.662086831160085,9.060664998289017,-25.334580691369517,8.07180339588345,2.0
-22.130926038624658,-12.095838474972012,-30.31189250458926,5.327277164703819,2.0
-16.123750533093965,-10.756657711709323,-19.585994556073377,0.10290909289087269,2.0
-24.860103507678396,-3.4460801146421773,-14.087398587643246,4.6330936123527335,2.0
-19.351064790174245,-12.253533528296973,-24.15314243046311,-6.5688805344909404,2.0
-16.51588207968699,-16.502320696624988,-18.674761613887878,-6.79440571442627,2.0
-10.169100178668224,-13.269997437454156,-17.95784920159149,-7.658287339395489,2.0
-10.286255154186682,-1.9277088666874225,-17.09505260408395,-0.21690696943633103,2.0
-35.835072585358745,4.065645158833983,-16.37746324961893,-3.75020199163172,2.0
-31.065655107131235,-10.967859603821074,-6.272192070006601,-2.9637125087958758,2.0
-39.85721832704391,18.061567234481355,-9.621356089072995,-7.756177670199667,2.0
-29.934330492326374,13.387404175458364,-28.74207518081163,-3.165670886517333,2.0
-31.020533618296763,22.17045085189094,-25.772409141569753,1.2181872990323446,2.0
-21.1519722968387,19.8170509454185,-28.490838059347382,5.966735936635627,2.0
-36.11821676297594,9.8242771467919,-20.848536185115528,8.737747176591828,2.0
-44.7710833758419,7.829113291130506,-22.444303465637113,-4.450364735175608,2.0
-36.866376543324506,8.10922149558694,-19.12592797544098,-3.8591591124965268,2.0
-25.931705804523194,1.887605404237346,-23.617342972661,-8.216764135316426,2.0
-33.829495267922795,-3.5669532734051645,-21.921029380073065,-11.169843635957294,2.0
-27.594210264474093,5.078609437542513,-13.252127075454464,-9.604505310309563,2.0
-19.2634521769987,-10.984600824075631,-19.525691028880736,0.022942877296262765,2.0
-23.521061493674914,-18.244658881855173,-20.85880023961012,-8.295898008869715,2.0
-14.33324911692889,-10.221750974266955,-29.22738185452112,-1.6170066108918997,2.0
18.5108314093032,-17.093161075137214,-18.53358228100724,8.292655537116927,2.0
7.993687757127054,-11.780902910745993,-14.928647498469171,9.724246312419599,2.0
3.830646955302578,-12.180496828408167,-14.959705507562663,1.2746262466291425,2.0
-12.44653814875454,-16.113739606198173,-23.95706144636123,-0.12841787791843906,2.0
-5.454914481617678,-9.070643306004808,-15.326036641491124,5.161226023857292,2.0
1.9113409976755946,4.310802841157695,-18.12340512989944,7.540375348820788,2.0
-5.655787554487073,4.591544978551478,-16.85108913079912,8.519623085594503,2.0
4.853069474899852,10.797531947314532,-6.533625485261414,0.2761804591263033,2.0
-1.3646366483626782,6.782096334703036,-11.123499015856982,0.8671384985811992,2.0
-3.54059475544312,-0.7290803319843787,-7.622199172814827,4.386110843799942,2.0
-13.453843926010482,-0.38891937898607476,-6.048980718937836,2.7970530574996766,2.0
9.829753473341093,-0.8422716132658388,-17.89766546514775,8.139507716814157,2.0
23.542486920211303,-1.3518528976834674,-15.847772315349259,-1.1568422266138394,2.0
24.476321529906066,1.9841533619675848,-14.647071506749278,4.781222796460973,2.0
14.032173911597917,15.000502590150022,-12.94727954626141,1.539244576117837,2.0
9.645206425614898,9.612095029152151,-14.65126086981098,3.7515231432850054,2.0
6.346344870310768,6.753746868818318,-14.488498347395224,12.482909892305992,2.0
3.7289615135609644,-0.7804249635991645,-16.17010575222141,1.7380807051060114,2.0
15.946047703795365,-8.486331055685174,-14.917820952891262,-5.481962788020185,2.0
15.642239050413671,-8.96213095351505,-10.665349533498102,-2.241476149744116,2.0
17.5769452675596,-6.0158447368093,-17.731761537085994,-8.306374311819546,2.0
4.057432885792508,13.213404365335368,-10.997971139214537,-8.556041516938814,2.0
28.106777245507914,17.853322675005163,-29.25712684932709,-9.207190686683038,2.0
43.612705663491546,-12.865504504838874,-14.726810473302873,-2.103048649987991,2.0
27.75994840630109,-10.82223282630779,-24.18154517089012,-6.1707500105922275,2.0
47.13684868249554,-0.6362188195119085,-25.85130029281244,4.059876224358057,2.0
26.68052588450113,4.472387244299644,-26.942705499685204,1.268288815313574,2.0
28.72989056091231,0.4488038576168877,-16.915730737817782,-1.8176884663884252,2.0
28.671332515493695,15.757715487754405,-19.236476661616507,3.9408881534146425,2.0
26.348945975371983,5.2910544237596975,-19.4503761572114,5.382152087842547,2.0
20.59078405526212,19.654555967509175,-21.952129482429378,-1.2974174554167544,2.0
7.419981604756222,19.185361083303594,-16.908968447355324,4.8476054223228875,2.0
22.731127046273482,14.309847296939603,-35.98232803341164,3.7545030057569706,2.0
16.717000729095183,8.286284961712838,-26.81562657993724,-0.4903150737842741,2.0
11.831325658232934,10.11742793849271,-24.455267891706114,1.7549805644106793,2.0
22.474910789193615,17.680515424241147,-30.340729882590054,7.701736484763243,2.0
30.0606994065772,6.813000493148185,-35.599609660362766,4.998953056271818,2.0
37.479983558580685,12.133508488825624,-33.452542362872336,3.4916977510632154,2.0
31.929103193479648,3.406240061125777,-26.129381357063764,4.288308046429636,2.0
23.832875767231492,-1.425246461419638,-11.950113613626158,6.598465778884378,2.0
34.81526780861485,-12.148252277212478,-14.575745459514494,3.731957990753865,2.0
33.915874998347796,-1.9369921233846465,-9.193013248471928,7.400626895249825,2.0
31.36603097655276,-15.52630304100064,-16.062495463490585,-0.4469072624874446,2.0
36.91148571684238,-16.84877523284623,-18.580022369789152,-0.7871781908868125,2.0
30.52980504232069,-29.766482756022327,-12.72191869582624,1.8500007813082489,2.0
25.284049642563993,-24.788351906202394,-29.888121782068417,6.728596084876649,2.0
36.53937138736259,4.417528959934084,-9.189191823389672,1.8894361645658622,2.0
15.63800521244069,12.391848720829705,-16.397456487514305,1.2845961062508184,2.0
8.135314767727248,15.006146287225217,-24.2404620224875,8.120363116745484,2.0
24.424095013246703,2.357814338224018,-22.976167487102046,10.243659123125585,2.0
-34.90332415625631,-8.229679184584754,-33.45336081847787,-0.8407077778984346,2.0
-35.52608188355823,-25.43286942385435,-17.245981728119688,-6.419200679513546,2.0
-18.007852039665774,6.141385296733336,-23.65683053828807,-6.3975849694983555,2.0
-20.45382148240495,16.254004141781785,-26.34684303242362,-12.407272646526035,2.0
-31.534072087407463,13.041773127024232,-25.653435106123695,-11.590240533293187,2.0
-33.9247992055037,1.7540170340685446,-22.463597504077793,-4.735756725012189,2.0
-23.920798367431015,1.8294176112275728,-13.786097647641837,-1.5486405925549507,2.0
-11.790071100569381,9.739408674785803,-28.003950626385567,-0.9709432741328858,2.0
-16.303526716227985,9.117153078481728,-24.067313568434667,-8.049586651759816,2.0
-28.733229616981067,7.168488641279369,-28.025716428977702,-3.459907468147321,2.0
-14.101594729051193,1.0917154776027616,-12.818510342365387,-6.618496200084765,2.0
-13.525881699411494,4.341166462476597,-10.557331840973085,-1.20791720158861,2.0
-21.43344751185795,-1.6658451040615319,-11.808233120152124,-2.9028941143872915,2.0
-23.017885425777905,3.1391035746489937,-4.3333935104319075,-11.499655494739331,2.0
-22.191505939611076,-10.36410244496242,-17.743324216314903,-14.784675905275865,2.0
-31.689841759070728,3.282019209360384,-16.14067120448765,-10.313627832759487,2.0
-34.22725821622602,19.456454243173894,-11.305535207738917,-4.026111802012895,2.0
-33.8333333532014,15.67734872054336,0.7345281948791218,1.3924728975603227,2.0
-19.446192173994994,6.284702742205264,-7.511451680712197,2.570646452128339,2.0
-14.888740484684853,21.505878078137986,-28.443017978144834,0.9137073345707618,2.0
-29.884980238415977,4.196905346162869,-23.63908789055278,-7.0590231239460905,2.0
-5.842909204869704,-3.4893543593407657,-33.610333169642715,-5.690776956454373,2.0
-18.549484558228972,3.6498885248602044,-26.246860957250803,-9.457765064580215,2.0
-24.5050136593554,2.8937185191720656,-19.793610648758584,3.2654499185431956,2.0
-44.2814419622563,11.803526130988049,-21.502770679683145,-1.4917231604777026,2.0
-23.10035506389107,19.843219172485853,-17.36837379637978,-2.0598941706304066,2.0
-23.39499822238764,10.238058370703296,-13.230741081058511,-0.11220705368780637,2.0
-20.952475488937438,-3.60223442463543,-10.252335895616643,-9.278753815960886,2.0
-32.61926470052631,-6.6825589473554174,-13.184120073566296,-6.62429554749999,2.0
-13.36313596156323,-2.3993611490460616,-13.009499678381143,-4.639746928138887,2.0
-15.825825201030046,14.346887256973577,-22.276426091198,-7.256311617386801,2.0
-30.880062520833008,17.505834597804373,-8.869565911539429,-12.095165812526005,2.0
-43.36417268548568,12.548741290150826,-1.6170141908041096,-13.408140045264048,2.0
-45.16103872637652,-3.1102570874849254,-10.41733440901811,-7.778140212570179,2.0
-34.41113320439744,-6.361990792899739,-26.03562527219054,-1.2866658395723485,2.0
-20.205355155233743,1.1415555652990337,-38.5365633582452,-2.9890950728210464,2.0
-17.82441391944361,10.684619820363144,-23.331350797430222,-0.1549148719217197,2.0
-17.004633661671093,14.50035820007799,-30.48235842098645,0.3173236873608811,2.0
-17.916045520576816,16.952234339346127,-3.0991613557839752,6.637848944048919,2.0
-9.650891348797309,19.945846332501894,-3.831529240789969,-4.616008938688875,2.0
-29.362919237869818,-0.045324162891041464,-16.6516736076271,-0.009739864262619857,2.0
-22.767174281154404,-1.0460616355634003,-13.602499969930427,-1.6517765130997004,2.0
-36.562183421163496,-11.237638191250994,-9.329655074403298,0.6841059932696452,2.0
-15.912203064080055,1.7639819951314986,-21.595473289741292,2.1774252855216947,2.0
-20.141956339386628,-1.8218921366477567,-19.944756986268224,-0.8180041512634304,2.0
3.6738479338168766,-2.801805364997569,-19.13636957031704,-7.120313390397255,2.0
7.806539995662352,11.931216348875708,-24.474793405351672,-4.780656615275661,2.0
-7.201712822854954,0.7024508510579279,-31.94057489850013,-3.7643673881155295,2.0
-29.9557612629038,7.674093388891219,-18.23149421176126,-6.593612538880636,2.0
-28.383821729531043,4.5524824987234425,-26.96311748469285,4.40484710431933,2.0
7.097053537939096,20.700564028517295,-27.22455832198794,-2.364867745004558,2.0
6.890856766272732,0.7412157274371443,-20.025384681507955,6.4019746101701305,2.0
19.881591127971667,-8.48168026247405,-22.274968946265602,2.9363437038968767,2.0
30.811600108831122,17.58499543004559,-12.219208845391067,-3.5922085608667365,2.0
39.30978963362658,20.870090569707223,-19.686042498744918,-1.0646424403098633,2.0
25.26021050866909,19.256733578522812,-32.307867583106116,5.209147077940168,2.0
23.564390514637623,11.462490806374618,-35.501438295420925,3.089514767099509,2.0
42.13229609431801,-0.4663517560527968,-9.133591812787902,6.868674479351753,2.0
28.59110985760362,-0.47698092701244965,-2.330324606117454,6.871922814887469,2.0
31.1651135356269,-0.28526815488325385,-11.60493358053529,13.777236131093986,2.0
26.381911066324342,-6.00526276385572,-9.999483393751504,8.456363977412241,2.0
2.043896383779339,-4.433158505496113,-9.852597938688,1.5649447365426856,2.0
3.946441880089438,0.46672300728586436,-26.9488099778289,7.595579719474862,2.0
17.374045490506663,6.466824222249324,-17.194127571466733,7.216076302717503,2.0
17.45780632430405,5.36476932303628,-19.527824089913455,-2.2197832090237997,2.0
14.824026554861515,-1.8209235298701558,-19.64484513885705,5.750666261225184,2.0
27.299094756883306,-6.169760998356193,-5.085411507604576,9.228342525395185,2.0
28.768263892644487,0.6665750659888169,-16.160453348598082,5.256987990259649,2.0
32.461071613336244,0.675556881405484,-12.83020077754042,2.9678691424650623,2.0
27.27297052391564,8.710839679511349,-0.7353628025180665,0.41827878187469203,2.0
27.150487722690787,12.925721801038488,-21.714637810683698,3.1621490567542936,2.0
17.611408643956015,-3.3448515168440065,-15.187813672337747,3.432451894114935,2.0
25.990179103025568,5.0349682220521235,-22.540837956885003,4.763660534822505,2.0
29.684662177658137,8.19697675180316,-17.269037157801353,-2.8778416383862586,2.0
19.50648409338861,3.7808926592669985,-17.662458999854845,2.1230752215503674,2.0
11.062014654218288,4.541865302554343,-13.181601481393152,5.537653257064615,2.0
3.6492767658767207,0.596255763773339,-22.28726292072963,13.02751832015902,2.0
7.66677476076328,-3.068449606242659,-21.833520915948647,5.795308073674575,2.0
6.038825267021192,-2.933458954132057,-19.280809579762924,10.593679891782982,2.0
12.686100690114271,-11.798264639888952,-8.255737604077877,9.165103871375665,2.0
0.7593616810922228,4.674415968858368,-14.996960886750422,-1.0635153926798193,2.0
13.357511425459652,-14.327852012696304,-14.498633786878699,4.924256256863693,2.0
-7.152905739957468,2.598811896374294,-5.718667915777723,1.0238875818960356,2.0
35.259549274174574,0.3754703592740185,-8.200239276240127,-1.390378881110927,2.0
24.0758734803595,7.70608074752941,-0.961835446860575,6.1459593587896855,2.0
32.39948670885543,3.116557273093534,-4.160669227735031,5.428521617554017,2.0
30.918931052412958,5.596464343174636,-12.034555580397555,7.472519229223957,2.0
5.2405849603896115,6.010138217280545,-11.977111532402509,6.578898014713802,2.0
20.789838702866845,-11.201454159746028,-11.395996145104831,4.304720642700758,2.0
25.12126406281584,4.786385403237176,-22.696495513898,5.141317142669134,2.0
41.41417477094369,6.001588797038024,-27.343335600309814,7.337760730752473,2.0
57.120705714040085,6.703124045176822,-21.874307471097623,9.96792633207362,2.0
32.145891315613454,6.877052029360293,-13.973582710336938,9.427669934889096,2.0
31.901517009462648,7.860262775267371,5.522953225591628,7.751844950764582,2.0
25.991721470982334,7.723407570380366,1.4259933898029722,13.053484862271105,2.0
12.387247544231844,3.8922790953325803,-4.130438144925469,14.761931575775389,2.0
23.517208671727495,18.327645392774976,-11.689153979703814,16.012249606745257,2.0
-1.4154277302643639,4.860815472392439,-16.04324575948244,8.340581407093563,2.0
10.836419023803403,-1.132803968678619,-18.067882068984833,10.389872729488541,2.0
15.048405521440916,-2.5665805755907227,-20.819315301695827,9.155333602644419,2.0
-35.82347580209573,-4.66601160194735,-23.852285303576494,0.8088869720879321,2.0
-23.417335320190332,9.742310134057464,-19.783838732686178,10.712758101061459,2.0
-21.349748705759442,-0.053241486941354665,-22.604765895662588,2.342258217301847,2.0
-15.673298293523244,5.166628342728761,-20.950410089960613,-0.4684271542660863,2.0
2.3067804720980334,-7.565292206533236,-25.578147676963667,0.28956468565039817,2.0
-19.010233826007138,6.91503324254187,-28.105661973040114,-1.8614816719469705,2.0
-27.03781809567929,2.8109922274345136,-21.49841427065521,-3.861445416117001,2.0
-25.521229377313094,14.381929206375663,-20.53487085556297,-5.647275598859046,2.0
-14.266171250658983,7.818427882611477,-14.099503129043995,-0.5294908296360834,2.0
-4.300066731942458,-7.999634735822164,-11.884292433867564,-1.1187185755997762,2.0
-12.934536161243546,-16.32641344482035,-20.770598436752508,-1.0582201343343294,2.0
-13.941256709876885,-9.924627558095516,-17.097470942759244,-6.859361490647253,2.0
-18.382065614017147,-3.8195652574622656,-21.56510981040971,-11.967310088194026,2.0
-9.336280859234613,10.6586552639348,-16.118523261205027,-3.2216261809172657,2.0
-10.198464060524936,-18.831741020114325,-25.335424072468292,-3.673068013481874,2.0
-32.504770424393584,-12.67083982437958,-29.93397494251821,-3.24035568124113,2.0
-30.695303712418674,-2.8123758812812154,-21.26377062964779,1.2912306023976243,2.0
-24.700312285675018,-5.54319837446994,-18.539505373535455,-5.103269118990557,2.0
-13.508341461068099,9.582766084417994,-14.286138095208123,0.9118301396929867,2.0
-11.85119567231926,10.482764670184949,-23.605392762098013,-4.009460013633239,2.0
-13.36080384897372,8.039572844962814,-2.9762493511090575,1.5396560479077328,2.0
-14.421084975946755,3.1707139610796866,-20.31632692741528,-2.974616270034704,2.0
-12.54780605905545,0.5756489327360272,-13.975726427210736,-2.0715658833020942,2.0
-2.4742038288973482,9.903443686900973,-14.89457253731667,-8.551369686398985,2.0
-9.411843466968925,-3.307754487205354,-17.42844816197819,-10.812208355395585,2.0
-24.28778490641429,7.2670971083068885,-6.588922563737327,-5.920965093244024,2.0
-0.33824270774239196,7.888815960142111,-16.49441851649719,-3.533434232194497,2.0
-12.906880701746243,4.085577501813972,-13.078522251687703,-3.489179605075939,2.0
0.34760486460271167,-3.7467416665467264,-12.470167955437734,-2.143744357428476,2.0
-10.214508542179173,-6.419637977162029,-10.006185055623845,-8.606632036859134,2.0
-12.2727006510166,13.83970914492033,-2.1383807597215085,-5.420234552675192,2.0
-4.40460681689232,8.007524718752457,-2.928360210651796,-4.84943618385547,2.0
-14.104871647796408,5.692911779067122,-5.077277925382006,-5.9356229777791985,2.0
-3.9926616509694774,11.273800718256869,-18.843600057348862,-2.8901827001848517,2.0
-14.57773489849642,16.882571858714023,-17.277735887471476,-2.337853896704079,2.0
-31.171737476476665,-11.48759609392846,-23.296621594407767,-3.1567842229349665,2.0
-39.40038317793632,-8.649516123751516,-38.05613900792624,4.189795214887093,2.0
-35.14524271324025,-12.789388190084063,-34.41667613369932,-7.492260215063124,2.0
-12.238358226844902,-20.589502625527793,-17.25084268723107,-8.835685698742317,2.0
-22.494491159516965,-5.860204931516481,-14.851450569612869,-12.413839841468903,2.0
-28.430973014282635,3.367655793623916,-5.332635268952107,-4.6954006301513775,2.0
-22.399084556797856,-7.471839484667787,-8.297483985090025,-4.1021904509279885,2.0
-37.3011924464054,-19.339519560409506,-13.47379101389345,2.1528659748864802,2.0
-5.678473149032813,-12.165116717042789,-15.594372621496088,-2.1034488634436483,2.0
-23.45316019535503,-10.823227743043708,-20.042870113477726,-3.637923079498782,2.0
-26.687011891492496,0.9469771762950574,-12.73136924052934,-3.0275971989508776,2.0
-10.084917771865427,6.500973283855341,-6.679138052709202,-5.911244765345817,2.0
-5.868502467602955,8.37379323978054,-14.627975258557957,-1.46516175725559,2.0
10.718678328675814,16.36408678582774,-25.730034398151986,8.499067681981431,2.0
6.459726378426954,6.434841039604284,-11.6468448718302,-2.6363105230713013,2.0
10.063741986974756,6.667004702305533,-26.425010261118224,0.31960125528911654,2.0
21.20772629020943,0.1541307310124438,-19.887701449994573,-3.2166994928783614,2.0
23.388233887071273,5.002554521151353,-11.408607075204898,-2.767125072770249,2.0
19.538548491176154,0.8283571802639214,-3.475596944131736,-5.228199088924667,2.0
22.539320138274835,-12.142650329912964,-0.46181054384895504,-7.907350081990561,2.0
8.804167577001751,-9.071237630613076,-9.21993215706393,3.946279193440752,2.0
28.47916090098554,-6.428726780541752,-7.931144212055682,1.0244829393691823,2.0
34.539348322816245,8.035521801731154,-1.494850331238755,4.1288870721756386,2.0
22.371044505730055,-1.0698839208025603,-0.08517440495866069,2.1492628518763137,2.0
19.975061529475695,-6.735503934839317,-9.601422992908345,-1.5089539730361405,2.0
34.526203030334344,5.18407058358815,-19.826941200766605,-1.241956971050513,2.0
51.352992089480296,1.1880281580420187,-14.434519689607326,-1.559301218589348,2.0
39.04019768791376,8.072420703596524,-16.98072429040609,-9.24654154078021,2.0
33.44446497467954,15.85023081982694,-24.25133962482593,0.2857439553768826,2.0
24.07482529584553,15.172848120840884,-26.468375355408252,-0.8697211263390354,2.0
36.02706216278941,-1.7922047712813163,-25.99715178943499,4.625179715081869,2.0
38.793632112880566,10.350582291953328,-22.177861395750664,0.9892184925782388,2.0
57.931164853992996,6.829484200107306,-18.563522456940717,5.693216571185333,2.0
37.073467704438215,1.2462483325913443,-24.696446122189055,0.10396421887015306,2.0
33.84878402620572,-25.491863856449466,-20.80821756758837,-1.1825486232734115,2.0
22.0286225316622,-16.285485982336933,-38.35693514864008,0.8511611208779123,2.0
11.938940788996225,2.24219729065225,-21.649257116106426,4.593052851817753,2.0
12.16516872611651,8.352661370539725,-25.45146799222217,7.814195772819127,2.0
16.84423086696477,8.739100028078969,-21.206506985657605,7.943653433300464,2.0
23.208390042983766,14.427470323317172,-25.542543903566038,2.1714265904645362,2.0
43.07730725287122,17.093367345453537,-27.79990865097593,-6.555956407818119,2.0
34.60032856729336,-1.7994762589327635,-30.491274713090597,-8.319380275245287,2.0
19.997935935702934,-6.6935014694597275,-17.189250955394225,-2.3159294906572523,2.0
9.566245949025229,-7.258852121813938,-13.004886063131007,12.628035721966382,2.0
-5.164594957008962,-4.127423037352139,-16.90205983007389,14.004859629399123,2.0
11.898325314337436,7.911940000704993,-35.519806306289,14.429985297663668,2.0
30.244242898406707,13.26937955295175,-19.17080858399473,4.163836519566918,2.0
38.19698969175796,9.56185057866357,-7.821436389515302,-1.514539483508735,2.0
33.32393255442379,-0.622700915688557,-18.093996523728364,-4.081521194512671,2.0
27.38605530240754,10.145624027423592,-34.3745598168534,-0.6618060279816294,2.0
24.981025985178093,-3.1550460908927036,-20.729252796848712,-1.3108629750710235,2.0
11.534998501631645,-8.424653239780936,-21.664235563727946,2.935960188666993,2.0
10.04723154840149,-0.34252258911940636,-21.709065067742607,3.244593022779859,2.0
14.954163411117086,-4.079066069098378,-20.482111258030432,7.591006962229262,2.0
28.407074490511846,4.66725890800786,-3.1715835971596746,5.017352198098742,2.0
14.498391779198748,0.03269219784048438,2.1368602047185696,-5.915447590738063,2.0
2.799456720717657,1.9127804261859982,-13.516329143510411,-2.945868247278709,2.0
9.40240002838759,3.1509433286370307,-26.218608141022052,0.5154494632694862,2.0
26.430219309078854,-8.255813787019296,-10.14479937568843,3.6183873766696517,2.0
17.175751343913877,-0.370549735532677,-22.148336993580134,8.418796638015829,2.0
6.800153462419974,-2.404435034998933,-18.231687322441967,0.2618700373542113,2.0
0.59565051201308,-16.792083427076395,-7.838516355405121,1.9710857694368356,2.0
18.021162776611966,-7.444830299672426,-19.710681518030785,0.9009165993124828,2.0
7.351086659181327,-8.828720833823146,-16.244976164773053,3.004419640583616,2.0
-4.268757603522879,-15.619401718148431,-15.426087199501183,6.422243116988359,2.0
-32.01202258660541,-5.140478843915659,-23.861742130105977,-1.8470299274495643,2.0
-38.1557084131656,9.056205744021062,-26.061456761560557,-3.5778392414193876,2.0
-40.755484057968594,4.270598167489174,-32.55379256098342,-11.940455109972977,2.0
-36.68866434837287,-5.745381730031116,-24.405406308335415,-2.1491170916097277,2.0
-33.19062230299552,-3.862105410409798,-30.33388706750552,-2.7553938332211283,2.0
-18.780570022149586,9.756037236409048,-17.66186009920849,2.353140093677132,2.0
-30.953679610176508,-1.4651038559580467,-7.852766467083022,2.169609388220852,2.0
-33.49533245924353,8.437159023245771,-7.638522873972676,-3.9403069179453816,2.0
-45.00261358385944,2.6727649688871877,-9.664496217940492,-6.999992245500912,2.0
-25.916294974441804,-2.311443927033505,-13.066511234395662,-3.9857623677015472,2.0
-22.57743791019128,10.226849162627127,-20.4929448807978,-0.548701380563956,2.0
-23.46230827091176,-8.695022107717161,-12.338198912121296,-1.6813011091324888,2.0
-17.26805712249346,-11.719884410744593,-17.12696919526271,-4.099154711606468,2.0
-13.23400292249621,12.407134110190256,-27.941264660029212,-3.1298183159439774,2.0
-25.40672276074568,15.691000447654678,-6.660964427283663,1.9871312191749326,2.0
-35.590533451478834,9.949421400040706,-7.745567968572409,-9.213304352762623,2.0
-34.13958249582802,5.204007373380368,-13.464277739675762,-1.7020134007913552,2.0
-33.25992631862756,5.747711296641363,-20.29758038584378,-6.0796436538693674,2.0
-31.02768955643072,11.560272679623834,-12.762559541733406,-2.4745762876887936,2.0
-1.1379377822275067,11.880294731358234,-13.108998606967393,-6.9858952228643,2.0
-3.6040593510923316,7.042847114430854,-23.9160658412551,-9.773273579054035,2.0
-8.007624108087041,19.314361033842673,-36.46955834554758,-14.713923098880489,2.0
-17.546351403597946,13.365782768362218,-36.532494895215734,-16.747106387611126,2.0
-19.781691301439356,6.613427596563711,-33.4127644516352,-14.645321775490764,2.0
-21.47609457341443,3.701406070565455,-34.0101539245061,-13.20683322985127,2.0
-21.92664438514589,11.18657410311572,-30.85009763722113,-17.04618283095012,2.0
-6.069835906550383,7.9456015623267415,-30.575840559056743,-12.665175251267474,2.0
-4.079494102169913,15.537098511734543,-37.920120424661036,-9.522613934045204,2.0
-5.1467773232636205,15.38407155961426,-45.41337022988601,-8.1972812689204,2.0
-17.760821787331967,11.35094374420231,-32.24978223416336,-17.731488707303143,2.0
-22.842854288670797,16.080482167279595,-18.57142497846874,-14.362790285611307,2.0
-25.200135372580327,-5.168673957511324,-21.28939272448536,-9.619474448828184,2.0
-28.037625311742296,-3.3447178801816007,-17.175373925791497,-9.976748766477613,2.0
-17.269317082336695,-2.7602712242243155,-7.8829239495769166,-7.62002018669491,2.0
-5.966288738509681,-13.758172907300242,0.9980377757731986,-2.069929057094032,2.0
-2.7291751149576946,-10.027436255358083,-20.908246660954806,-1.1528902268545491,2.0
-14.41652229445041,-10.58760071836559,-21.836227654674357,5.144810379359894,2.0
-23.802640775252144,-7.762750329320996,0.21862169827790368,3.793143445491064,2.0
-31.34337371866201,9.714640815564609,-15.853903542895397,1.3832706356937523,2.0
-25.690143975115888,3.341159331976168,-15.619811624462844,-0.04600589027401458,2.0
-31.337129547814076,4.676995121128814,-22.559035820065446,-2.0514975963213202,2.0
-25.55178937068006,6.565238072231662,-30.47862163033443,-9.927335721830659,2.0
-25.613997558717703,0.2055059213990158,-27.99378199623443,-10.547443887393259,2.0
1.4005834845970142,-0.4311577145582306,-24.794292351376214,-6.807606149608899,2.0
-32.68701076229151,6.824666596028618,-24.982473945320645,-8.55059430105405,2.0
-17.908134896311807,2.0365722555297614,-23.853002129896204,-4.719328454827954,2.0
-22.075026931836014,7.848480239739485,-26.238858080206132,-3.8444302171896485,2.0
-34.68844188679884,3.1575278293490996,-17.49545410414293,5.118855602007459,2.0
-19.21126771675295,3.0250472363128527,-26.568651511408444,3.2982661043372428,2.0
-26.896106430876188,4.654646553633898,-30.033643903677316,5.584548100667231,2.0
9.903478390025754,10.836283225565627,-29.500598044951943,10.758750078461096,2.0
-6.135832196618509,5.210269930814276,-40.18687065244829,4.527679654320924,2.0
8.31118727324364,14.804295574275532,-37.273652090128266,3.7340493526583542,2.0
4.460835032147331,21.828734478204236,-16.121719316384922,-2.737118404193887,2.0
35.06531188506421,22.02336269329074,-14.46006031851621,-1.9308137323121017,2.0
8.617099012260017,9.104234629544223,-14.99036117337189,0.9139746801968931,2.0
26.180117957100325,22.056637383976792,-14.376159074525567,7.019457493158418,2.0
16.116815752687398,1.4247234388090124,-26.04987155317297,10.355523866597423,2.0
18.9815707129847,12.117015876335042,-37.13285390112636,10.284346829029282,2.0
19.173113865748626,-20.072545701783053,-37.77458924400552,-0.14969637091731336,2.0
1.5041007542135478,-11.950443924206759,-29.574572722705867,-2.8037702355225536,2.0
13.213539649152697,-3.4040384716225267,-32.994667673583066,0.41707165730665885,2.0
5.889633944756139,2.575966202672852,-43.613831013595636,-0.4224715248301152,2.0
19.650158328969333,8.176209717757892,-38.18054282281595,3.220745145420312,2.0
20.235835610543855,0.4260244047759909,-23.564873960319716,2.617203363402938,2.0
27.38071517817422,2.9402753307262293,-38.16778324985981,3.341959864959497,2.0
21.29678729544007,-9.486925069735204,-29.43379589655209,6.630930588158275,2.0
22.12572135550548,-8.487623410649018,-22.01156350265877,9.070114770595861,2.0
29.01507249278807,10.905776249028012,-25.732892704680776,5.3300484590400625,2.0
15.694598718671026,8.100732527607128,-10.622636396906387,1.223553816099824,2.0
28.742973170132124,9.242912324246008,-20.089530925312804,0.943661975688765,2.0
23.02963262660569,6.749352274982502,-30.48814709612671,0.07516074634507985,2.0
35.65866778488439,12.760382938057802,-29.862269083383342,4.7255469487363015,2.0
50.62745575854109,-1.1985556125419254,-21.113996224154057,-2.297701020127773,2.0
30.83516039845844,-5.529084002272542,-9.103647916035893,-7.6023629815935045,2.0
15.596587926326333,-3.017512429911143,-14.092558897272765,6.583466456500333,2.0
10.383105692884183,3.4651666997880586,-21.08200225849655,2.4090339591011993,2.0
13.09018480141303,4.713167046314137,-17.31079416902136,4.256546909701687,2.0
18.99367238017375,-7.534999533463153,-8.349850054465385,-1.1183497342673308,2.0
26.7705711797959,-3.2170774652036984,-5.078361815951775,-0.8448808796344149,2.0
27.28608728651432,10.001646180883535,-7.041495732649603,3.2631101060390852,2.0
25.7893392410204,20.476598582097637,-5.502954469541049,5.3199281966388074,2.0
21.43268726405461,7.241036243702703,0.5339787634798778,11.5872613804546,2.0
22.89321021882052,10.088942715460467,-17.02405419732135,11.281576409767073,2.0
7.959608644820264,16.415313107534175,-13.411402706366008,-1.1808870630227233,2.0
10.873394480781748,21.32617789384136,-7.696956441495537,4.29743147105946,2.0
3.710612791249268,6.0464433576055825,-6.4893372102797215,-0.8399253222298166,2.0
10.660150578394733,-4.884930766875213,6.947873595922491,-1.0455956798233637,2.0
9.421457286922905,-0.2692459172823791,17.506698542855858,4.99221146662581,2.0
0.5468363137193322,-4.86596835704116,0.23180569761978198,5.124705789159065,2.0
31.15690398964758,-1.5042410793333398,-10.080853111877529,10.14286808454284,2.0
37.572825152353815,-7.538750578379433,-23.438394720872683,13.508011413256533,2.0
30.38543175165219,11.16879269522959,-28.539447576827513,9.058160008081016,2.0
32.390222682501495,11.463758937386846,-12.620221079977092,5.5281666696974385,2.0
29.16510978457752,-7.955083456385017,-19.175088213116386,2.7157897535194686,2.0
30.456449934240155,-2.8336681310041216,-24.701550567353966,5.742688876065374,2.0
28.6886857434691,18.1208081497334,-39.522742868890944,6.826050460042882,2.0
19.707540187152773,6.1240352430275635,-22.07961039927185,2.362067968540366,2.0
2.8624650468930604,1.9205396495329894,-37.47761944711014,-0.9670473193061218,2.0
14.229888065246325,5.622518464527166,-20.70825184986419,2.7865016812855643,2.0
-41.67024645910413,2.1604501228100137,-27.960146632790405,0.47994018027977314,2.0
-18.74764137045945,11.451878454312812,-26.254194620983164,-1.4938582040844097,2.0
-19.19068750134598,-0.3678941060917209,-19.280478454076444,-0.7415132709160838,2.0
-20.531126445907653,-4.704528038387888,-13.134507665578841,3.446664149632597,2.0
-6.584272115335157,-10.097649887644943,-19.157244321037073,4.811018249131497,2.0
-22.19930281989694,-23.644800922625112,-22.685870967983597,-2.5375343665702177,2.0
-9.694793760180982,-26.426848867078455,-33.018314500199736,-0.07096831059363673,2.0
-21.149231935902343,-9.11395481740838,-25.56648402094995,-1.3717694200938286,2.0
-18.493832830608635,-1.6003829067557716,-16.670168169243052,-7.84691321480381,2.0
-11.324505120775562,6.115299028962115,-10.703704116323612,-6.350750269929069,2.0
-37.25039178674767,7.713007477510047,-16.450409416471913,1.896645634652801,2.0
-36.50646936465725,7.716262276422025,-18.82913100247515,-11.152444874008921,2.0
-33.67134762860715,3.6970663049223376,-13.433278266974813,-10.875155017977438,2.0
-18.43201389048895,5.063645581382047,-10.698983634492937,-16.383903488053647,2.0
-20.354759394654746,8.48067152387734,-20.341915127937117,-2.616308684223639,2.0
-1.6339309866516434,9.561770794562108,-25.35733748254517,4.3175753860930985,2.0
-25.342266832961066,0.3229557211215561,-18.040542076172258,9.47490127442171,2.0
-25.198628380232496,10.62476486492592,-28.106251130965752,2.246033841259984,2.0
-34.74470376638364,10.558270447256268,-9.534485069138455,-10.682025099532705,2.0
-20.295990180863186,-1.6245711756815577,-5.627883521918605,-14.779965792849922,2.0
-3.73701739431824,-11.354644159815319,-2.7083400829757505,-8.407520414179034,2.0
-16.10377710705371,0.22871462109350615,-18.471906824277887,-3.139747027169842,2.0
-7.7937636063039335,14.425835313522871,-10.72618361655162,-5.322318828304766,2.0
-19.130881537569646,-0.7481398995236868,-9.110312639277103,1.8459655653923388,2.0
-28.60040123214784,-0.998671878674438,-19.935858224914597,0.12273209656880102,2.0
-31.02570592184134,6.275913111582354,-35.40336084496133,-0.7325739300272998,2.0
-43.84326649016393,-1.5738123739739986,-23.577760274026094,-4.707524570943701,2.0
-25.72116964262781,-0.6921161331911128,-20.941203246429424,-4.857684201266823,2.0
-32.72485793967029,-4.312182066444331,-24.133233084733313,-4.746162122278319,2.0
-9.220995820666017,-3.73043556732601,-1.032874952228287,-7.3117657678116705,2.0
-41.268732174112586,-1.76754807789887,-7.205904592962333,-11.325552716687433,2.0
-33.87835864402847,6.991304906569555,-22.611160416057295,-11.755410412494204,2.0
-28.982080217262,7.837546458057429,-18.822784502588547,-1.194196587635357,2.0
-41.300690476991605,-5.493311272292718,-17.48450150917857,-3.800549460589477,2.0
-12.939294236314407,-7.315562172738084,-15.185900307434872,0.08108873475370437,2.0
-28.133833613106024,-3.1325450363642,-10.978012844341734,-1.079549375617618,2.0
-24.158028991910967,6.14889402491885,-20.94759536776204,-4.06509312065093,2.0
-26.568131864871845,11.563007010894049,-18.227563004382535,-2.9755436255418424,2.0
-14.621045905494093,0.35359131089287765,-22.580618640503083,1.1890290992415316,2.0
-1.1663729529992999,11.815024280094908,4.079473220969973,0.6908679824583164,2.0
-14.95043424136777,9.239774448109442,-0.030587507031661687,-6.421161161056416,2.0
-13.011672162625466,-9.910650085073181,-10.316115234995586,-4.524641061154035,2.0
-5.2448718968129455,-8.475721725654404,-27.799317620839,-1.9172546161033601,2.0
-7.531369315877233,-10.398298880616544,-29.152537631942742,-6.81842968213993,2.0
-3.402217857255831,-14.310431407530803,-29.724864523803852,-5.526042379827207,2.0
-12.19023797641266,-18.398782056119842,-18.20407516274583,-7.239117395320843,2.0
-18.475654135359434,-4.916951197988012,-7.266968815282962,-4.223728182850422,2.0
-14.787738231605035,-12.118822799403638,-13.370680906718352,5.939576630246207,2.0
-1.6518026194339708,-2.9210170669331226,-22.254546575175933,6.417289857658527,2.0
-5.2075609833065375,8.44167298241485,-29.75591165405848,0.6520938292637122,2.0
41.23213440786155,17.425937832598148,-25.98687056641424,4.2729188033873555,2.0
28.06185950842878,11.920672097338798,-23.581319929723264,-2.4064980054578706,2.0
17.505478509883716,15.234067770882108,-23.996996222477502,0.8882206785441464,2.0
22.891654976971154,7.301783012028905,-23.28263191911106,2.3728273124017067,2.0
13.128282014958675,-5.212469013923421,-18.73792659735345,-4.882455884998429,2.0
28.868784354304694,2.4629047502651105,-21.34779734946266,0.5736923390091784,2.0
8.060545148581234,5.577830805347784,-16.90615141153771,2.5868579365302624,2.0
7.323436969202389,15.428727562575416,-3.371004009612337,8.05051134053709,2.0
19.04066694316564,17.907421899433878,-1.3019135607797914,5.911780808504847,2.0
16.72251257538908,-4.975269149053661,8.720337736231178,5.753382151755742,2.0
23.879393330571293,16.036172756040912,3.9179641544357793,2.6261776511249715,2.0
40.47444841543382,2.8519821218878647,-5.992672949380838,4.532567423059754,2.0
41.255552581289265,-4.365659204422363,-22.540616783067755,4.65556635429112,2.0
15.418059290489861,5.782225528891072,-18.213052135059094,1.8470086999048527,2.0
9.05558680476876,28.073084187325506,-16.871510249145032,9.43986723709666,2.0
1.9957342842725208,0.904282304214548,-8.785532390361686,13.395115305775857,2.0
-5.443863152496178,3.280714523517176,-8.650645010226182,17.995461582832704,2.0
14.199608901785918,-7.896365605663442,-12.871435223666197,1.151073149735839,2.0
15.152682442456136,0.6700605494284533,-32.57568210208617,8.651766734079086,2.0
8.065753275656931,-0.6683455221505661,-21.019430953510316,10.774343060658076,2.0
21.968513488726927,-8.89842494499469,-28.729228574519915,8.147386406252709,2.0
8.03452190235626,-4.141346408491274,-26.42756092000293,11.475621719177798,2.0
18.949366771224014,-2.1927144481308027,-8.544205128415733,19.614181293152345,2.0
15.453246615878886,4.934962701380133,-19.18353496771009,14.258876937266304,2.0
40.58027905980713,-2.220752559674257,-9.437156665446967,5.133156268746613,2.0
29.524388633215366,-2.1567561726897466,-19.284945252628617,3.9697329759723643,2.0
6.859592538437173,7.85562575147198,-5.66095981154002,2.4876088186940075,2.0
14.788991454591411,-3.098915234225889,-6.22065558938537,-3.5574404799417367,2.0
3.8853799124660764,11.559421230577783,-10.92897972408206,5.7183462890375525,2.0
1.6072333218251504,15.02470814768622,-13.312295025576127,0.19090819621332544,2.0
-6.368938374887426,8.241151178949838,-12.873291038774909,5.806524691728905,2.0
3.5263727501523903,7.986345947530598,-8.28142115960812,-0.2688980896847353,2.0
8.143545825289177,0.26611793229366576,-16.696908324313032,4.722218183447534,2.0
19.81490873160875,-2.9727311226172475,-25.577476395892806,8.140670953455157,2.0
17.5135551306965,-3.742276212991323,-23.05226800192498,2.702283325840538,2.0
11.95857641649437,-7.053371529356276,-23.48994001132695,9.08536280692709,2.0
3.496679815243402,2.1981701633042237,-16.008858547776313,7.278748690890455,2.0
11.653836681300085,8.020916732635985,-19.21614748708417,5.808709581272102,2.0
17.262429854561333,14.242004278472812,-17.831648968828144,1.4386889440325974,2.0
20.52953367035053,15.602337971834814,-28.384693217816853,5.997950084553166,2.0
10.829396466387088,24.149668845554714,-9.664360025566602,9.721159046696645,2.0
29.83300770742383,5.226963135778002,-10.5920137498442,4.479846768172752,2.0
29.220629610821668,-5.681850852953105,-23.93618418568293,3.546016410591741,2.0
21.31992619199133,-21.251000871140356,-27.336176900084567,4.28497510624678,2.0
18.244729672919785,-19.9023531723594,-24.74136993803917,-3.47467064825379,2.0
19.42823184356641,-3.0035625369929466,-16.692844946535256,-0.4255456399120465,2.0
18.93928241933769,9.760679763784847,-20.09975230863325,2.2143441531325587,2.0
24.153200582813184,12.263527772256365,-16.306517482547452,8.3536289267546,2.0
9.61803744056629,11.288239714933663,-25.211187316933625,5.967174243826487,2.0
15.439703783342278,-18.143775104014505,-14.267227615285641,3.649077790897667,2.0
-31.46027012067494,-14.50924131359627,-15.994051849143384,2.4732061230116216,2.0
-39.615596695684985,-0.6708308569981156,-11.290543946725048,0.994015322112408,2.0
-31.60362601050754,-2.66673027204458,-21.28048230471145,-4.320969460294659,2.0
-23.507854783252505,3.470586837621867,-23.853230811846913,-7.294119800788352,2.0
-20.411567428930873,11.803947771164538,-21.12956714313932,-3.2970115785261513,2.0
-20.887141154340526,9.20166387631151,-25.746639092641068,-2.0855157629732006,2.0
-26.567454159183406,-11.522035922464394,-31.007345094456692,-2.9091701367289984,2.0
-22.524326070346294,-4.510555280886214,-19.170913150826458,-0.6633361857171227,2.0
-27.260743932334275,4.794669234706761,-19.646787813122057,-7.087208390277354,2.0
-36.009818942285264,3.1577089439025094,-19.784013162376453,-15.180458243650303,2.0
1.7497440786338476,1.3016339709316274,-8.908368101677878,-9.192980049798228,2.0
9.757630514930822,-6.867424616236622,-14.376205553978913,-9.275309690407852,2.0
-19.250121901999137,13.45067221258061,-17.888009467005766,-15.491496868759066,2.0
-8.796294713506793,-1.5534515330196004,-17.8569474523766,-10.104385665048248,2.0
-5.545456290083001,11.152494443160089,-15.288479980735191,-6.5772330217904145,2.0
-0.751506277515297,0.0746469776821801,-6.87895409333726,-7.662506552163308,2.0
-15.766074085259442,-6.691643233922042,-20.69480086051957,-0.12369383369806108,2.0
-5.583273863388384,-2.809738039229245,-19.934257366999887,-0.5475678468904137,2.0
-12.604904157386972,3.9645235114955266,-34.07972572107084,3.456321874254733,2.0
-22.190248229985897,-10.245374915893734,-26.963650389450716,-12.463293128408665,2.0
-10.911962272503342,-0.9822772001070188,-23.718834066121165,-4.577498247166947,2.0
-13.026995660641587,8.557386851312947,-12.426014877274358,-11.739864537382491,2.0
-29.086192968377166,-4.013428379760369,-23.78988283396064,-5.556323757650423,2.0
-0.6061973147233868,-12.138508102089341,-20.752267079132974,8.716599275881284,2.0
7.136713053355667,-12.718866804748108,-27.46925560600537,3.0887047593556627,2.0
-7.0909325021876075,-10.620732061236309,-21.56052322324384,3.0855752749368164,2.0
-17.178607028296412,7.633520534672821,-22.503567324399075,-5.411714308337743,2.0
-23.46531488105359,15.505602194504103,-33.18691402504133,-3.476586589812604,2.0
-10.418150931277479,-10.921964623898663,-39.52215139702269,-4.826162050679656,2.0
-18.841848209090443,-10.792896357169187,-26.526396403247265,-2.827669906319003,2.0
-6.687533006988474,-14.926969825878366,-32.17131547268655,-1.4510935458730363,2.0
-19.810833333209573,-6.012966033601904,-29.88358408307973,-0.09128627667346123,2.0
-6.13038625530001,-2.9260517775183352,-17.034410310927576,-0.42685929667296385,2.0
-11.041924404560195,-12.713386816258577,-17.58006967124284,8.217429566095577,2.0
-18.02769806074012,-13.942205538399364,-30.344349775078054,2.13361598221221,2.0
-25.5611907104146,-0.311637450835768,-19.019371160615467,2.138714764214728,2.0
-29.980592122737384,-6.9024873924304,-10.644824655412435,-2.4542295728654704,2.0
-23.61492522002552,0.48507383884354693,-11.16272453165837,4.24854235640908,2.0
-15.180356027264583,-2.8796851633314313,-13.357093997712102,0.45892093909146503,2.0
-13.144977435823035,-0.39094802995675515,-15.724020750480427,-2.8663110563656344,2.0
-19.656045437604714,-11.887616949034868,-7.81012450288433,-1.522844222452522,2.0
-21.992413120292,5.2896259744699226,-18.058329837470357,-7.934111788354272,2.0
-25.177312168099554,-13.598181105429855,-18.885444950821654,-11.466864049585372,2.0
-23.43161380643322,-1.029308750607976,-9.038711705297493,-10.422867881403633,2.0
-36.94118480108775,1.0339065594403625,-4.776607734928843,-16.485220807181864,2.0
-23.069322608728974,-21.934739635720497,-8.394261686673861,-20.888369362783056,2.0
-33.90295525981228,-1.0320969049141215,-11.598649169699707,-17.052844257724043,2.0
-30.471639498849957,9.950889331309721,-19.18754719062722,-13.736069970997885,2.0
-25.32617914789708,-6.605103425184524,-20.67536851871766,1.782736425131156,2.0
-13.258104344879392,-6.371197314502294,-20.541559134052044,2.613065705718891,2.0
30.56602256276763,-12.981456489683532,-13.680596107359872,8.695634161303785,2.0
20.75598290543309,7.675994821386752,-20.763158808820833,9.975149864426022,2.0
23.538172876531473,4.32336319053424,-20.620031412931375,-0.2654994882775106,2.0
11.923131862690148,10.144096819958168,-9.841142361095056,-1.470593124515462,2.0
14.674587134049712,2.943471129535945,-14.803848318953072,-2.49683081849769,2.0
-17.695337885798153,9.217046034509677,-30.91812111333605,-2.213405196986758,2.0
-7.342334870102631,9.197940122259817,-10.533566602372671,11.74472361491351,2.0
2.396300046838225,4.175085433664228,-15.576573201734186,1.610320865672891,2.0
0.5580795303196151,12.874872444695397,-8.7619974360083,-2.3934878016466152,2.0
4.561413201524191,16.8004273910229,-17.317277158858673,-0.4971957800263258,2.0
11.711614730475826,19.283758907005527,-22.517816802076343,8.882567635543296,2.0
30.100574329560537,1.388872624116372,-17.458358528485164,2.206359941132961,2.0
19.453898590551518,10.693050644341483,-29.404814887499352,-4.430508978609217,2.0
17.942909132089323,-1.2238183786623582,-33.13725792250142,-2.141947620259227,2.0
15.39459838146801,-0.3687066466034902,-27.552406427862294,0.5898917573553693,2.0
10.52669260833489,16.090138204649705,-31.871941984103415,2.7292626711058245,2.0
4.433292086556715,3.4552342634608633,-29.462510678535104,5.984683471160531,2.0
-3.3017086557416047,-1.974137815269022,-13.212394255242351,6.6328345934351205,2.0
10.515381966224608,1.3188272743348843,-6.045564256262676,11.233334542555426,2.0
-1.3475332892046943,-0.7227015971242801,0.8493340671333698,7.554606230129021,2.0
3.2750186032323008,12.296125155592474,2.4252143395868195,4.953389523759348,2.0
7.991152129588016,4.390086360026799,-7.178780768767682,2.2737876040403964,2.0
5.549369104040224,2.2736591341738617,-18.79404184967631,0.7008478369032671,2.0
25.959902910239528,5.488567976349296,-5.630339796092547,9.703361202982743,2.0
24.128540878285477,12.589579170221695,-17.281553387688703,0.767097129107805,2.0
26.932625485545852,24.565248372922092,-15.316881705585388,3.5835288138281642,2.0
27.84149079770325,21.41881323790612,-14.938225068190102,8.043648806940627,2.0
35.70154854196523,15.308060776177209,-18.374029776467808,9.2146413094623,2.0
32.266297257435916,-4.501141782839248,-10.228771618622055,4.910937292327763,2.0
23.2933646176149,-1.4308127096006,-2.1077169830417457,0.059793152590844834,2.0
16.844438993804317,-1.4920134253068262,-14.758736318464845,5.337201570051287,2.0
18.284690928722704,-9.503417409696223,-4.647909191468617,3.682376296091721,2.0
11.743554507271362,3.918842069578651,-19.235463110231265,3.8019572872341927,2.0
23.559995262392132,1.4748443226033319,-21.763582161221464,8.562090828372938,2.0
11.167482282665881,3.7936087520084403,-0.40275552303859286,8.21712284448359,2.0
18.901821510420977,-15.083681846180157,-27.419001048756172,14.887697406290933,2.0
26.613663257989998,18.861274201000924,-9.148732660794604,11.137215460943018,2.0
4.443064779550474,17.503343392287217,-20.90346106060914,6.630436459493094,2.0
0.5095035008017703,15.82924869530849,-6.414498428891658,5.346731453562311,2.0
-0.5923450484802615,16.81459400544958,-15.072030367547935,5.282690398668533,2.0
0.6974467071885364,17.382132506907674,-30.77800513677432,1.4067948269314772,2.0
4.850076191376836,25.344386961844137,-10.106364509860603,-0.23820034786966238,2.0
-3.0169420903277953,3.1583737158043697,-19.01569758995125,0.7274964497701211,2.0
15.95439731919614,-2.2225355247936722,-21.09595356795724,4.490018917833635,2.0
18.19307635278083,3.73528253751355,-17.101999010305345,3.8864213908572722,2.0
19.28021013199632,-2.8293287613066718,-4.950252039068689,-3.2451947810213744,2.0
12.724548431984655,-0.8340670194540369,-13.404591262071616,3.42916023967527,2.0
16.53126661402109,-1.246399814958436,-20.576119876246533,5.88328298807155,2.0
17.640757738537552,-9.529380663658133,-7.35086403003242,2.7163917465679934,2.0
22.639239678950727,-0.41832889828740605,-21.196090818892408,4.168004733833555,2.0
-48.42320843141893,-5.486330214088176,-24.09358192555383,5.617570314320548,2.0
-32.36728013832586,6.714355279535295,-26.53159172689871,3.5404393941135313,2.0
-36.03605305137245,-4.852662942907606,-13.629888447094377,0.6685473395756394,2.0
-21.819421709355222,-10.756149114546751,-28.81086421382393,4.452360949645843,2.0
-34.755279381071595,-7.558378805159632,-21.629324142156737,5.024051869044939,2.0
-22.543083961460958,-4.357995552359253,-49.04541537913269,-1.7676935684564592,2.0
-28.58455539948405,-0.4267817765628108,-45.02363305026225,1.6257143121178084,2.0
-35.47426328017569,-8.525487884093316,-38.82311707222085,-5.7010176693796035,2.0
-31.050592868760365,4.716004319813822,-21.666305253869588,-1.47769932874529,2.0
-23.506796844443542,13.244411478559922,-16.785624975142277,-5.251034912951951,2.0
-3.4246512265673026,3.775363870147938,-22.537368312069045,-2.601007143716286,2.0
-26.299015096023222,10.168653817221749,-31.408891495675032,-0.25221904005116036,2.0
-23.8154390438566,4.963834315658289,-29.663803084849558,-1.478625504929655,2.0
-34.48003020480231,17.489318755420875,-19.770271682002196,-4.837004729605344,2.0
-19.56053580416846,20.13000712503286,-19.784009247862155,-4.275321997677622,2.0
-24.448000252777028,6.298719919455003,-11.211925174022292,-2.0585970613242104,2.0
-23.35872368208167,9.276584706610615,-13.360164863412804,-6.689189110608562,2.0
-13.064129419768625,2.5221329613928942,-17.143303768886568,-9.824642648449744,2.0
-6.2157360556843955,-14.832386984354322,-13.25044393984379,-9.209671205233565,2.0
-19.28468629708005,-17.456734701218252,-5.207953235043792,-2.195531499003625,2.0
-14.181029020325637,-10.266321982668774,-10.95073592159938,-4.12415898008917,2.0
-5.272208120920897,-6.348587285050002,-23.37627886386739,-3.1127669758336234,2.0
-1.4384440707448682,-7.3276626627984385,-16.93640981345904,-0.39769351212244985,2.0
-6.685962959354887,2.71125920256567,-17.20456925550568,1.8705877029204807,2.0
-35.16977028810538,-15.755862892846531,-13.735355524244802,-1.9589096227184144,2.0
-29.331973872522095,2.384346195915949,-23.596987177248078,-9.50620537614385,2.0
-35.87566651955497,4.696435485164534,-17.140764186239103,-7.718779567854308,2.0
-31.557196419174787,3.603795530452893,-11.511572005903517,-13.199261359635113,2.0
-24.925258578951023,10.018558876143056,-18.700696075914244,-12.92608466616963,2.0
-22.98995227308641,25.6071528142657,-10.434096230817328,-9.78114076519306,2.0
-8.340153639931033,18.772176272975074,-2.717351514062967,-1.752844595487609,2.0
-31.0456035078882,1.6423926010852794,-3.376346433979988,-4.049070641435134,2.0
-23.11847912212411,15.705684914353713,-1.4604581321373065,-5.495891493564271,2.0
-34.43713996708332,5.603718183089011,-5.477105967948468,-6.144002882170266,2.0
-30.648762052741063,23.686331020641614,-7.20157294010802,-3.1686262710765902,2.0
-21.3859145895133,13.080680827651426,-12.44726935466598,-9.479825127666755,2.0
-19.933680348781436,17.705662860478075,-19.656441198144858,-5.312169407311,2.0
-13.44565921757777,8.94348821233976,-20.575380564795584,-5.326542534254429,2.0
-19.381391046209544,-2.2539604806201328,-20.077263344539823,-3.9711255539864267,2.0
-20.035156904248016,-2.5585396932272264,-10.81744145728433,-5.0483233616684124,2.0
-49.79143014118413,-6.172417170904767,-4.49305580071783,-7.4839239281130014,2.0
-37.601595986478294,0.9732673247723946,-16.66637622021122,-2.435596439518034,2.0
-15.739186707540696,6.029345827187935,-15.823035707617832,-5.547240582956926,2.0
-40.51169488560974,1.8953354033814769,-21.033241328309632,-4.622239796402072,2.0
-30.1252674228264,12.54640400485946,-5.630645435073987,-0.8375644731940355,2.0
-7.675546426750834,19.049657060296486,-12.911261686323568,9.682154119262334,2.0
1.8389341023352657,10.291687552533654,-35.690872752497654,-3.0298683575637795,2.0
22.640256445506914,4.0179526112899655,-36.69547444160152,-1.3788911545058364,2.0
5.158034458792226,-4.900429164773935,-31.32502414702508,3.795565807808188,2.0
6.815743729416241,-2.825092539608436,-27.479856620435644,5.10861546522575,2.0
15.41745424564101,-1.8361305241008772,27.73161707112687,-8.481867972551372,1.0
10.706623085244406,-3.6820279887646308,37.70414978162149,2.1348058576955733,1.0
10.169158539968397,-4.002992550032581,6.342702207007893,-2.0154326222446124,1.0
10.208733019009724,-4.645012200167088,7.328820316432505,6.99875962685874,1.0
17.36214625102611,-4.409980548889682,8.138782080798698,-5.167438558484461,1.0
20.78198549147634,-4.440623745918593,2.3344810440228625,-8.68541252216093,1.0
18.23336575533982,-4.9971945452606015,-9.81060338938834,-3.8482924695733702,1.0
26.935665068013336,-5.193621004557908,-0.7691503490474156,-5.818893911362581,1.0
21.7534178822022,1.6031995703635626,9.116726430296158,-3.807047907579721,1.0
13.40808351580928,-1.179705071496771,8.901420825780644,-7.130266583593648,1.0
17.379623784769382,0.4305528445866278,9.320895118925572,-8.517438095146483,1.0
19.85413295982545,-1.9118291028341106,-4.263194648934409,-4.1368338490831436,1.0
14.473534844110064,-3.7760811386181206,-8.770322173456517,-3.3271354251287324,1.0
20.622931257450205,-1.2646823555918587,6.087934712133297,-3.9456177150178338,1.0
15.853933600966442,-4.195168443233062,20.235884116538827,-5.7083606787096475,1.0
20.82045858056163,-3.7639503851241978,3.9077656529680356,-1.3662974170302922,1.0
13.310181675370902,0.7942523155086074,20.995623198675915,-6.076183746140866,1.0
7.611279758461794,-0.6999675782094208,24.44407161477388,-5.918408696932833,1.0
5.357472191672272,-3.941201800407036,21.877198950108976,-8.883576803996384,1.0
8.649888742979666,-9.597956218406308,3.282397837001346,-5.691883117132281,1.0
10.18181115766653,-6.175993585743042,-10.243823564344325,2.320035446056643,1.0
10.200385593475811,-8.638018345583914,-8.642521948673274,3.7552985610497984,1.0
14.72059376481362,-8.767571739032899,6.258281640076087,5.067781243576377,1.0
22.553227979275647,-8.075074951371365,14.440359739698645,2.3362166953171646,1.0
21.846141352488715,-6.448614691136735,22.831198672368895,-1.844291828988593,1.0
10.338329297034921,-6.3561971653542155,20.606109837746516,6.720700202269292,1.0
11.690156141181296,-5.8366920742736585,19.560505895747582,6.086240816138045,1.0
12.038627142544192,-9.333741152019854,0.19213015668531241,3.274188350632344,1.0
28.294985831870545,-7.88022880567042,-2.762981973320537,1.9702187571860805,1.0
26.53529902025686,-0.8353754549739913,11.964032635216299,2.550154902642504,1.0
29.29630622531858,2.6668753306414237,13.0651470535642,4.124167481581839,1.0
23.755568020387404,-2.893800114661516,4.534181385778908,2.8335229807055615,1.0
31.215434344177993,-5.188688783925439,8.298037320239033,-2.35307890314658,1.0
30.867269562382702,-5.776936276074522,13.250502197229773,-4.451677946222102,1.0
22.645417343486333,-10.275640201802158,9.776770592857382,-4.363505946831519,1.0
17.17423822734328,-6.674674643020057,-1.939101817085307,7.298697699764781,1.0
16.760572715682418,-9.180736382614715,7.654389264247474,1.546655043349308,1.0
22.942604256318624,-3.962357453948244,15.371292327420147,-0.8728180626896629,1.0
22.62866790540471,0.10007246367884548,14.48222297312397,0.5611669020706316,1.0
25.894439166593507,-1.891542857372581,12.072316551979053,-6.71806150607643,1.0
22.856727238831233,-1.1027030736726728,13.613161441089556,-6.859673067952883,1.0
11.424495361986514,-3.800913253080856,17.504509318068074,-4.026564114858574,1.0
18.76032875424094,-5.277848814871186,12.76436564583703,-6.700235618136537,1.0
16.01064508109471,-4.166345209707451,-2.964871542736983,-2.545406671040505,1.0
22.540833401825292,-6.905468959317539,3.841147832339475,-3.661696228682308,1.0
20.652942866636607,-7.224226368692905,15.805149613078472,1.130679519171904,1.0
23.700835735926706,-7.382645608792102,16.603868900285576,6.751383676139477,1.0
18.27586382114521,-5.9196821509092725,12.493838506468206,1.9962259468208334,1.0
8.571238038084859,-3.2557837395800626,-9.432267680309597,-6.133253862511782,1.0
13.711643193580658,-4.424966262779284,0.7874615640245608,-5.339899941840674,1.0
6.307073752764466,-2.942964334178534,17.951397110067234,-7.7077850193849216,1.0
-10.367215673395714,-1.6459038549886391,21.83962778620426,-3.7412930148825474,1.0
-3.4752036187303785,-3.6267660180514496,22.345970929413873,0.192026015936138,1.0
-1.4913073462879205,-5.153588722820604,7.3750916489970875,-4.726207511249783,1.0
-4.0389127907959415,-3.389810869236957,-6.734287037373161,-10.018943252113008,1.0
-1.1805949497394845,-5.016984268726969,22.172924632806108,-8.04462995052606,1.0
-9.497359190965147,-6.864461482388163,14.18099133692539,-6.780089803861453,1.0
-6.669838758141214,-10.908868643386043,22.104052333424185,-7.019987432779373,1.0
-4.685096459139676,-7.447452548818904,11.886482826505677,-15.329022644381059,1.0
-2.231642838927429,-9.862110326177582,14.611778878642339,-8.62488017232343,1.0
4.616208374787626,-5.548875643231881,15.95061266391361,-13.07007194667609,1.0
0.9725976756687968,-6.388070340760592,22.213272545541013,-9.414754042000139,1.0
6.488955084125673,-5.728336900757071,13.088245776999099,-8.176439262718953,1.0
0.3808002303222233,-2.8814400309081685,28.639931801107856,-11.858113499855051,1.0
-6.9127790841367,-0.48326674836161265,5.468926537509425,-11.487986091018461,1.0
-7.8788149753607115,-6.18260356802744,-5.204218885998482,-5.302907167291127,1.0
-2.618393402042221,-5.285256803321224,15.486902423491879,-6.340353926931929,1.0
3.2373657204638757,-8.231599246360533,8.528537174116988,-6.68372434553245,1.0
13.257977785397362,-7.876073920803533,14.062915770953136,-16.08535292918863,1.0
9.463226913979348,-5.21957109533086,12.397029533316443,-15.9079894564389,1.0
3.6882038699825017,-4.637453950625984,7.565431337358349,-13.329024264891522,1.0
2.8583314573448124,0.6678626397670162,22.695104767504745,-12.783089780196613,1.0
-1.7668056072910643,-5.057018806403497,3.3129331327620957,-10.099800023478272,1.0
2.781739655606037,-0.6542105087521626,10.648735147085791,-18.03546990975312,1.0
12.597113986217758,-5.86103867275181,11.789787250380403,-10.933891359370975,1.0
2.4605327975990887,-6.733698469698844,20.256245457433394,-15.932537448577206,1.0
-0.43521006543590823,-1.2734463194355516,25.459308499711483,-13.75067339171397,1.0
2.243574497745667,-5.691974899901139,9.621096949600226,-6.363333851749712,1.0
-12.077796595902097,1.810361723565367,3.5245705570721952,-3.6057091899929254,1.0
2.65919940746845,1.606211887866115,11.967980789161839,4.148602407880601,1.0
-3.3045815781562182,1.0868204530446421,4.0346399254341865,-6.541158097861454,1.0
2.5056020638485124,-0.7909111816581538,9.320353899291137,-7.392018388288556,1.0
-3.3387931546113645,-0.1748798491145962,2.6810556900612186,-4.178432412298408,1.0
-3.0027733327616066,-5.634114949338711,15.97091676455434,-13.822733015698317,1.0
-5.635139709487361,-5.630028507382467,3.3229478594104016,-10.787890168537341,1.0
-8.751861256573505,-6.623653516093936,13.333740098293493,-17.943606081240674,1.0
-5.627363585182446,-4.468330358208062,13.068134602686614,-12.414961803441486,1.0
-1.6292035745497593,-3.9564789519505847,-0.17725273045046563,-13.049050323047473,1.0
0.50211883862134,-6.400313044983471,-12.511764600835438,-9.545300564143119,1.0
-10.852287764181165,-5.241750501394626,1.7793076863460815,-10.164857323066848,1.0
-7.477401427821842,-0.316003054457203,17.27134204799185,-20.383053709455556,1.0
-2.743799954637323,5.6300112019288715,8.070698012502447,-10.480676910989935,1.0
-18.47606727284718,-0.9963411588565498,25.86040346443353,-5.832569938444035,1.0
-10.722958912803554,-2.825013568558684,15.370777711494087,-7.313218791431233,1.0
-14.447259351357621,-2.9547285543152917,7.249300411974774,-5.694284934216891,1.0
-20.644913055999222,-2.074371285002726,18.899061717201597,-8.61295536213059,1.0
-4.378420535946775,-2.8050691420835605,7.685978898010182,-8.803908755559991,1.0
-8.850997824275668,-4.013329300866026,-15.6817809610709,-9.050005036342553,1.0
-4.047222042471972,-5.285775437088479,-5.500220821765145,-9.31743355894466,1.0
0.4052273620217852,-9.301116732063559,3.443652132076627,-12.492414831698898,1.0
28.225253054176854,-6.632849229254366,8.670287694609527,2.1777225876808277,1.0
29.339461497172227,-5.589976438637613,15.39064870095215,0.2824166681979482,1.0
32.7440225090336,-8.180843257017397,15.39002773556218,-2.3062044920864633,1.0
22.511269046558755,-4.7168576983684645,17.678368970708256,-5.826302330723906,1.0
15.760265486427539,-4.3409302801889105,4.3650039065263915,0.17220429651360858,1.0
6.051159023969236,-4.833002036090626,11.208875493150764,-0.8599108306182797,1.0
16.963835687975255,-6.6700653228573,2.826875891940494,6.995401493365755,1.0
24.78376917225454,-3.4482538555471463,2.653308075009342,3.37065158884042,1.0
11.545479704732479,-5.752671742280523,1.5979832547542703,0.8234943677656603,1.0
9.062428626623683,-2.2013110603553487,-18.042411986043604,3.4982232685750967,1.0
0.6877527129510952,-3.8093818004368187,2.2797007991420473,0.16903112947651233,1.0
6.183127559578967,-8.327770160832145,16.108425041169284,0.7522822633678712,1.0
22.01710782770951,-5.17091642093882,16.138250519547512,3.6213667827179465,1.0
10.133277110889917,-2.998484744761109,6.7650202115325015,1.442171473116272,1.0
6.633591015067539,-0.6582200140534473,11.62416637184095,0.9830970955509812,1.0
19.154573257227252,0.8278562427241765,-17.795131250842452,5.175758900093351,1.0
32.352515755044934,-1.7617310101200279,-10.263737768625536,9.452739513847748,1.0
29.0485535875993,-0.5098235871545542,6.758265203408576,12.02929067451488,1.0
29.36104116492277,-1.2841508828909072,-5.661002358011053,13.200167925044067,1.0
28.87342519616641,3.572837870629573,-12.20255082904224,11.85073658906442,1.0
38.34049511193639,-3.1207420489368896,8.825189607685491,11.073537479667824,1.0
16.449349146529336,-6.488591952854781,-14.712546309276286,-0.40069161923370356,1.0
16.786639629827526,-4.553764485086954,-10.63918692426305,-1.5049696378070587,1.0
46.44959208262125,-2.484937484703094,3.7434549483855974,0.5663796956668703,1.0
36.48966514445065,-6.736999445904284,20.074183073952184,10.891454221939766,1.0
41.46771900355197,-7.57319107461268,23.79572144584896,5.552648943257895,1.0
51.10972463907473,-5.8025059990822605,11.529798803319988,7.795606830045498,1.0
56.98194492730794,-5.01536619791428,2.7076423015834443,4.4954830290215835,1.0
28.133168458791243,-2.9028059122593532,7.528969186832175,-6.718947894560017,1.0
10.563446040999354,-3.5403751594592894,4.390548710960358,-4.167492337649238,1.0
0.36693320215124814,-4.003735443013629,-0.2206976294061711,5.3606749915937355,1.0
11.68461044831504,-4.481711425246025,-6.9390468508547265,-2.4869933269375313,1.0
24.48376126063652,-5.795251597678613,-15.971032476208231,-1.070145206553867,1.0
12.57615056132043,-7.716862201925399,-12.074610440363669,3.0973523518487864,1.0
10.049568872821197,-5.007770470959855,-6.06845823389244,13.06810876864894,1.0
-0.21275332358793975,-4.365693538092842,3.6669259806226298,13.52943018101902,1.0
7.9907336188532945,-5.932665535910669,0.5521531853694308,5.812306262028855,1.0
23.774067486865302,-3.0671754317193893,4.290360479392619,0.8319377259504084,1.0
35.92587736962463,-7.405881642810355,9.926599438267324,3.4308189476607778,1.0
33.04529559562161,-5.462423072063464,13.982493324991204,3.877501168092847,1.0
19.55278895508963,-9.11735164125922,5.5081678129843255,4.054712215905502,1.0
-1.0335185980795067,-3.114625196554169,17.162510429115088,8.739621910389964,1.0
2.8303645224059526,-4.353481575538831,8.212969078265125,-2.6196805526609355,1.0
4.617652883431104,-1.221210379352064,23.814600821872403,1.503035635800562,1.0
-7.113891364407836,-3.131946470067481,26.963893520709192,5.156005212447189,1.0
-8.017496868819801,-0.6987546795706998,7.439583589789724,-2.5081479221357657,1.0
4.79832726897685,-4.005023443655211,-7.391345659529055,-2.3117177648478657,1.0
11.633126985645802,-3.542185595808422,14.30727165748276,2.0294325831058257,1.0
13.276734721940745,-3.1487364893541443,11.896563125476382,2.6631666186040444,1.0
-0.04627222151440513,-3.3414536160024992,24.972541519019448,0.8083373345055409,1.0
-31.884021880828904,-7.214406057683219,15.1805313412563,5.7662558345689945,1.0
-28.146267442908915,-6.350502120381105,12.584965057084705,-5.569204774032551,1.0
-9.655908329275611,-0.6168479767741681,3.3840049913925063,-2.9448270812160247,1.0
-6.297938335021499,-4.276635798613198,-2.7236446483490893,-7.491308063201646,1.0
-3.065567573071963,-3.7521849277742314,-7.905703564595925,-6.736719988463277,1.0
-25.18516876673647,0.4614049128398321,2.5154619074158076,-12.078402169971742,1.0
-0.4448993392009921,2.296530048547706,29.15675400614024,-11.134656921814136,1.0
-11.254255590019643,1.3810228444800803,23.845208172057227,-10.285585895164717,1.0
-5.738481947365893,-2.68330333911803,21.56947137552604,-12.58380896831517,1.0
-21.946547857073135,-5.258114602608451,31.547886612959736,-4.049248780316262,1.0
-21.57554332256377,-6.761214061055308,3.591099291886308,-4.901408650530365,1.0
-20.596377045302177,-8.931592577776746,4.171657167791555,-10.160022772019927,1.0
-20.724690338508587,-2.848445096492302,-5.1024107810467045,-1.3287759913656036,1.0
-10.249172733740972,-5.438331961793238,7.634687989383961,3.70353089544182,1.0
-16.852176820038096,-2.5311615289552023,36.86619661138246,-5.146338682136387,1.0
-22.01961887071602,-4.259128419030345,31.633150309468782,-8.460102644335155,1.0
-17.08838111370912,-6.321515097948325,23.01855601404604,-4.569189540109496,1.0
-18.411473628494193,-2.1602084703381434,0.7283599127601788,-8.834836783429788,1.0
-40.58251246181253,-2.5733425884544605,7.619829542233125,-3.343427264731533,1.0
-27.51526910782283,-6.609328993941666,8.146196134850609,-5.65548035605578,1.0
-16.766881487641857,-2.469570167450142,1.3044142146703308,-9.141280127811186,1.0
0.39275528054183795,-4.725151975906359,20.6722042961922,-5.926495468765608,1.0
-20.556665076072,-5.806427967190658,30.261430167078522,-8.963246304620446,1.0
-22.36652362949871,-2.8695546161508374,28.145423583800532,-10.572184055413022,1.0
-28.340813433556303,-5.51156047407189,8.795387923262881,-8.110461438859762,1.0
-10.153100364342835,-8.049518258815416,12.176567469437105,-9.773581709660878,1.0
-5.3139026234546805,-11.46454309790846,6.2433660389683645,-14.733951897984634,1.0
0.42517575384969675,-8.12254624862856,20.259735761205896,-4.0551052300756245,1.0
-19.334263053127646,-2.819263073753705,21.111010206447986,-2.5347286279007895,1.0
-4.853303885050398,-1.1077903788836423,7.947697319731734,-1.4109219271067546,1.0
-10.842842995960682,2.14465100347765,20.457729754295293,-4.970142282189246,1.0
-20.801488726554048,-3.160069451346395,23.426030996486535,-0.08426664838119935,1.0
-18.610988615320675,-1.442892324610316,6.553646844138521,-3.1944729807988907,1.0
-8.626672594578597,-4.761312992500274,-9.983405998436531,-6.822133008258775,1.0
-17.273781190784486,-10.081991278827395,-4.373379313537681,-8.012545244444874,1.0
-21.751442644551616,-5.409706690398933,6.433061580387813,-4.0764835606056,1.0
-19.038414361405906,-7.022878055637067,-17.10305508849612,7.133832869596189,1.0
-18.148943227279467,-4.152773788482989,-5.124471475240583,-11.173963861933126,1.0
-41.386700187261724,-4.752176635238056,14.845673426370805,-6.103966160753995,1.0
-23.822097350986056,-2.6506135464198284,13.444221901622598,-7.5121908663172015,1.0
-12.87494696316406,-3.3489223500254837,20.356523386026193,-11.56919273211397,1.0
-21.816067956815882,-8.675305963915935,27.603431688689376,-12.092791199535064,1.0
-22.895888277757713,-6.1778575224919,16.46589898592808,-9.114447868190968,1.0
-16.662259281676857,-3.9046541959855787,18.207029453112717,-0.7284257433455132,1.0
-20.934364989719946,-4.292156296693621,23.375228554311782,-2.177678437323549,1.0
-16.942225199323317,-3.020122773085263,13.197158292557845,2.1294865028430365,1.0
-13.328771516861742,-5.463179545320724,14.782402536983916,-4.879022146268508,1.0
-18.844359471424983,-6.645551557737102,18.932685042761722,-10.06057039173545,1.0
-9.248698590728479,-7.712002505758217,24.886235305292985,-14.906147371642158,1.0
-12.987563220231927,-5.022585773033857,18.372676755833997,-11.295687664603626,1.0
2.4124779595957495,-2.8688660598881297,13.58127308222062,-0.9744691933235976,1.0
25.78918720050922,-5.276920178665357,22.277536549836185,-7.303456574202544,1.0
39.17059187908608,-5.575601527347071,26.770427676251863,-1.1076156418356622,1.0
38.833863344688,-2.6408142600694493,23.34818133671683,-1.254634987114437,1.0
47.132823833366906,-0.8021549758352093,7.528818717970271,7.553849813578342,1.0
36.41723000608971,-2.578816102986813,25.730067070567387,-1.1641224404397805,1.0
37.69610918186369,-10.077142777608124,13.707815933645486,-0.38567916546686387,1.0
14.864717665594243,-6.12542357383217,26.455199194170746,5.412282397951509,1.0
13.585457641133651,-3.7485683335641804,12.936483740534987,3.7624391391436607,1.0
15.057162274095873,-1.6020125365477411,-15.797227735908228,2.685038827250268,1.0
20.71007154991326,-4.54266253591483,12.294967385479552,5.345407650729246,1.0
7.409415553288261,-4.844203823759591,23.495060355627068,2.201070626777511,1.0
25.348828915242464,-5.473181292083826,18.52083627377271,3.9431252717410574,1.0
19.815541530827396,-7.2365478760715805,-1.8668813820225445,0.8990456462385127,1.0
7.778280474970681,-4.191255165097434,13.441767699386318,-0.3090066319739836,1.0
3.2868350623768645,-4.440290300722417,10.273317004784051,11.530716295107126,1.0
0.19226299307663552,-3.827670211557286,1.9512255509652512,7.855051536832475,1.0
9.022272120585942,-4.053214623963021,-1.726665850159641,5.617076649186825,1.0
6.099558281272456,-2.8766387956970476,2.574565015923943,0.12988672826543102,1.0
10.583275570043087,-3.3506483143373216,2.9449854790560437,2.4291948223117217,1.0
0.09342487205875472,-0.5537579339634799,10.581281086947907,6.382936725086045,1.0
0.9038907815692738,1.4851589986661802,2.3293708767929537,2.03156441012424,1.0
21.003025939976027,-2.408222978382691,6.192744817958159,6.256295040154216,1.0
4.060894341030508,-3.7067709824990853,-7.008732302303645,0.6242318587894431,1.0
24.39984834798591,-2.1891634503923827,9.254256927521359,8.012582957830507,1.0
19.251281046429945,-0.643610204618871,-0.8853937220707273,10.834357871141627,1.0
24.154735232676714,-2.5870518304906502,-2.3060601400126135,5.1726159604854125,1.0
31.10637952146803,-4.405915042296398,-15.690546436843718,6.213662103578332,1.0
28.314583968355166,-2.828155717560774,-1.9504541814158598,-1.2336515223932252,1.0
31.082632273660217,-1.356337208326532,5.399788211984549,2.0715310226893915,1.0
23.238619097863523,-2.6672317167982893,15.144159490730841,7.973838101638486,1.0
19.147938398690712,-5.04476994416418,-9.581222409580864,13.225827376125794,1.0
23.956852149576275,-3.020873715324129,4.838519822255812,7.617447724035245,1.0
35.36302928014835,1.3134271922080778,16.182068981541313,9.658858531520362,1.0
29.068771614018353,-0.8746178874962371,-1.152435706723404,11.13077403706352,1.0
19.204472215199953,-3.018989128437561,19.750793628358554,9.700901171478904,1.0
21.316700139296195,0.3373783207412071,33.273554338151826,3.8283162713810377,1.0
23.781321907091908,0.3849998290646752,2.924626915028112,2.656665309815296,1.0
27.662433162311864,-2.951413349466123,18.960853255618815,1.2669783384881068,1.0
12.466524148917687,-2.8627004218986634,15.518017091271705,1.3383505039766428,1.0
10.988591168515235,-6.261432590354037,9.279194580109849,7.5993175729238125,1.0
6.992195605016981,-3.5611228499683443,16.095004593876943,5.454971858781459,1.0
16.877952178160893,-4.531075320052208,6.773751663389643,-5.831050629787642,1.0
23.73995389600134,-7.122700837108119,-2.8781161242972093,-5.731029964187927,1.0
5.335651650950794,-6.118690646456192,-8.134039447080593,-3.9332093184187906,1.0
-5.644097678572187,-5.578199304644169,1.8377440499615978,-4.696655976345256,1.0
-12.903402742706511,-9.346324739412621,-6.539941615534064,-1.2868910191080758,1.0
-1.649758738920461,-5.069913384225884,11.457703942081547,-0.9744700560047599,1.0
19.44367403275425,-5.323539558351673,26.1108502538702,-0.7618192093103053,1.0
11.271402316687038,1.8369015066253953,14.894099647870657,4.04231856767584,1.0
-31.486474207431577,2.310803876801139,-2.9171922417901746,5.99736991138219,1.0
-22.86645380848877,-1.0178600001372384,-1.4441317973432906,-4.787725525603817,1.0
9.372001643525259,-4.373548398572932,15.91095451072794,-10.449153201148661,1.0
-7.270373144059922,-6.445421453258288,12.728912264329356,-4.417549780263281,1.0
1.0206417753047816,-3.87995748404739,-7.0226100402845795,-4.126211088398547,1.0
-11.574332289083394,-3.9881116136180514,-4.863220766701058,-4.84187890967838,1.0
-15.921964253486252,-4.862395787539445,9.699266622701558,-0.8812312242511899,1.0
-26.27662534480664,-7.8688167910226285,15.493410660916016,-7.64343009313111,1.0
-17.945875704912943,-4.849753590014316,13.416856118687868,-8.738598801617302,1.0
-13.849681723650576,-5.031670254560758,1.671244128963406,-5.320132267712369,1.0
-18.20010540073067,-6.709741179955064,10.098798967788937,-0.9714331844242317,1.0
2.87635865451486,-2.4047324241428836,5.777829511117277,-3.933247172181677,1.0
-15.391009967297283,-1.6493591849666238,-0.6474293887027855,-1.3872541758585495,1.0
-16.786345196206206,-6.793244565329694,11.78595815805722,-4.955313960629271,1.0
-10.578592323853403,-4.755245296340736,23.60140869282387,-10.816898773311342,1.0
-15.125202465316208,-2.661455370298439,10.635802872774747,-2.8284773540036965,1.0
-23.0879088848826,-1.162067910008024,7.426393616622725,-4.127232550203488,1.0
-21.267983226072467,-2.5686573740760825,-8.212620155000685,2.6770083252251293,1.0
-2.487899053701648,-4.8015151965025975,-4.308425507003051,-1.6432895642484846,1.0
-1.3504687315476005,-6.750065938047571,13.704082684023515,3.424742062356648,1.0
-7.778905086453889,-3.963891909341874,20.78497110776213,1.3016261439677237,1.0
-0.9842827316798761,-2.3108976460223967,23.739908829221008,-2.143536435575242,1.0
8.333710450278753,-4.07492317468933,24.237289636402224,-5.6217305857840145,1.0
-14.262774574099554,0.3461257164183378,29.148506530531353,-0.6511068303365461,1.0
-15.814597288012493,-1.9624638869729891,25.0802388932194,1.2165084827126051,1.0
-13.228488292934745,-1.649738620143897,32.19034483924402,-2.05171190794475,1.0
-11.844601954813669,-0.6627582334765503,34.31674516639411,1.3357892504534379,1.0
-8.002156742514536,-1.007099075726948,26.681445494224462,-0.4131284928361678,1.0
-26.662798771186964,-0.6892824758707953,8.247428795934212,2.5832268338353686,1.0
-17.542862893090085,-1.960025487463705,11.21059052345223,-7.188905276120607,1.0
-28.38160228092751,0.4701114278243703,-0.33422003167536474,-1.3660304526753126,1.0
-17.08569624740898,-1.2637778807650024,11.294871078897355,-3.217704141953346,1.0
-20.887262496908757,-7.658970689321521,16.8394282707157,-6.11799437447206,1.0
-14.899871874606607,-6.0475676921002925,20.495831374561263,3.4369944041998854,1.0
-5.577886159680462,-2.6318797801090743,26.302275545582543,-5.058984996954605,1.0
-9.462992487095132,-2.2652818870421965,16.685813385174065,-5.469158376620708,1.0
-22.70982673830022,-2.918309119239031,-0.8430420248053192,2.299230082264758,1.0
-30.468208242223675,-2.102066911120672,0.1895815420600595,-0.8013926132710221,1.0
-28.119448452080842,-4.961685293589861,8.67061524978174,3.686700943002561,1.0
-27.26094447160763,-4.263315894055845,-1.2822186187611724,0.6208368405966789,1.0
-22.73304296617262,-2.3432239157201096,-17.494794412061065,1.863137452154087,1.0
-16.073128091905392,-8.613770975971958,4.908562902679627,-0.018083333097578036,1.0
-22.52916569460284,-2.8812613845360326,3.663804882941689,-0.5348362527306538,1.0
-18.811853429992674,-6.506330989569376,24.72712834642848,-2.6934364712938272,1.0
-23.371504631503793,-6.069090216643752,24.101747180705715,-5.437701405012204,1.0
-37.55254022880513,-7.438142583783298,11.471424697782407,-4.340361754349781,1.0
-25.989077300747553,-11.335926882277832,-0.8750171798784265,3.5598803384787074,1.0
-36.82822547079596,-11.608411988991264,12.933031942388205,-5.4737840314824995,1.0
-44.30457880315235,-7.450784841043296,16.648864240171825,-5.490496098115229,1.0
-25.500588247553473,-5.211293337336114,-0.8766674054677113,-1.857236877707333,1.0
39.31466626559826,-2.741201140684632,11.341364206345894,15.956258940216257,1.0
15.45165857344189,-3.002652824632427,-6.155087941405228,8.914454859316056,1.0
17.43739715516239,-2.660345254624125,-11.768672101421243,11.635148201150066,1.0
15.097187283659826,-2.4015038278779186,2.0638353172616313,13.08601416091155,1.0
20.039196982102517,-3.5015482226058574,-5.856251839950078,13.925319776742597,1.0
44.81833916924032,-5.271939188419136,1.9446212402625598,8.397767167893189,1.0
23.984073851823187,-1.9940733964804909,-2.809278499360917,3.445607357035017,1.0
15.587930502793052,-7.058482763072253,6.229259501516277,-1.510052353341012,1.0
21.574976854121182,-8.492895381752687,11.13185209407257,2.6898937368861056,1.0
31.051265162052044,-10.48165815209326,10.829608059970358,0.916997632818739,1.0
21.712753959771838,-6.642317777721127,-12.558487215734619,-3.054237513293453,1.0
21.72141341820304,-7.4726349647787185,4.465607492846041,0.8508634149408728,1.0
20.889861300128594,-3.7211560581375647,-5.528285103019325,-5.382338988103075,1.0
9.199266358026065,-4.916268437599358,-16.741446172581483,0.5891666136023366,1.0
33.76558719401718,-6.556901778099009,4.063739227559804,8.251623995595693,1.0
31.09109068438509,-8.211616840570406,22.21913142096564,8.725227396206694,1.0
34.990232240014116,-4.999052452084949,19.21840510435262,5.128473260791922,1.0
33.82158462906817,-4.477574724863465,20.6005193695982,6.657952598543317,1.0
39.3658089556635,-9.304555525588937,6.37092224340881,0.7228584390030575,1.0
34.56798950151086,-7.3316053570582795,3.4964321812973043,-0.5766358331420602,1.0
33.31900109907604,-8.198595377441144,19.808235270403898,3.15060043216815,1.0
20.361489744332083,-5.050990853760356,-7.34342211531464,-2.4230504082864086,1.0
27.371743529541767,-2.746057188625758,2.8980377783758087,-5.488604343572736,1.0
24.763346286429453,-1.8476350781076913,3.956842218127239,-3.13486742375684,1.0
29.58273797957259,-3.8137909563341443,-8.184911665315678,-1.2777854877310615,1.0
28.339634707972195,-3.7470335417781033,-16.813914269599525,-8.07131959539521,1.0
30.419642512266375,-6.33711591647048,6.390168365083909,-6.199967707520587,1.0
23.826769370840672,-5.425204943417348,22.108386542629074,2.3170353909914807,1.0
22.990544205897532,-4.733248962448741,18.105714095187302,-4.792206191823894,1.0
29.994137096565666,-8.06295906133581,6.035332122193716,-1.5244057002541185,1.0
25.838573949189104,-6.586301106176314,18.24669929479295,-4.347781393349692,1.0
14.55831391494396,-5.646904703870846,2.6110664134169763,1.3998158128241016,1.0
12.2882469375173,-2.8724044352962648,-1.4227651944484232,-1.4757378301171982,1.0
10.556633301726729,-1.5981699569545569,-13.898895471636216,-1.8403476588607508,1.0
7.702441133364788,-2.8420539461093104,-4.185224637696642,4.549607920348873,1.0
22.54125628006585,-3.0787794789098104,18.78787994962213,-1.1685956867498848,1.0
26.202591378881056,-4.938802953949351,1.8880123624933436,-2.545506342053506,1.0
25.69336292053992,-5.049177111853037,-3.4622195664597477,-0.7196065261610851,1.0
15.457202469313206,-1.4442985877907901,-5.566377301550125,6.910875935100408,1.0
20.633659069531777,-1.4895626796099508,-1.1730376504560018,2.5542331308265145,1.0
3.031974249389158,-1.5262754810545687,2.5501748899527565,3.109234109875987,1.0
19.270575608513802,-4.776263224891631,-10.5314333356674,-10.409244632273403,1.0
24.678481079742046,-7.784582400107366,-1.5528701161482281,0.10386510006679295,1.0
27.3013236221561,-8.183597286894544,10.724665556528338,5.213924833535886,1.0
8.582112692477422,-3.9479539490849844,9.611032434499215,-2.3926751114744147,1.0
11.8614224877828,-2.966967091173799,-4.007616415140209,6.062724876173994,1.0
24.106248705523516,-6.984873945573579,-12.178411664935116,3.940007761951483,1.0
18.278709724100633,-8.396042597596704,-15.914301555451573,5.76844082695834,1.0
18.06651601845535,-5.743899345394476,11.374374543198766,-0.687728874764296,1.0
25.613256772279016,-3.657452088431525,21.87053270638689,2.0141931257690597,1.0
-25.469136545070143,-6.878059786126849,16.83901413604619,-6.751869354528533,1.0
-17.57700278441417,-8.36931364040425,-0.16266020786962887,-9.245993739596017,1.0
-21.69641401372014,-4.643606881148765,-5.743714488961892,-9.714691114576084,1.0
-33.503179489691036,-3.656316299441122,17.292929484532937,-6.53807286325326,1.0
-32.345961011081414,-3.559899135718699,16.250278767808958,-2.1634857606492868,1.0
-30.364817230740613,1.5988773721391496,11.888837769230339,-6.934553830486937,1.0
-34.434445833820575,-1.6791820453905935,15.798761747448083,2.307957212436406,1.0
-44.14642755084982,1.3624845644675863,20.360425723502093,-2.244322014311159,1.0
-20.603563813681088,-0.34984825603920333,2.3534638477649796,2.623443537183528,1.0
-28.523616867285718,-4.323526805237647,8.39395760883076,4.88244805669521,1.0
-23.947204420490962,-4.921247165331897,8.693159438063702,3.801759222340925,1.0
-30.27421164464465,-5.027602727929912,6.420736121115866,-1.4582012057426113,1.0
-32.27622450852663,-2.782027853153963,-1.104713084692289,-1.6804427684801713,1.0
-6.3862239082455226,-5.670634293033543,12.53995995272182,-3.7871406175052327,1.0
3.1657362624896592,-5.229630525770663,7.231190691889163,-0.17202319343111494,1.0
-20.34706572899682,-1.3040746727067454,9.948896119969623,-1.145073286879319,1.0
-23.584193422080915,-0.07597418935372335,18.364424874340912,-7.442447933930259,1.0
-25.932439690117025,-2.0590592192182466,5.735809485974228,-5.3859178538712715,1.0
-20.3863152371257,-3.0794222363712205,-1.3141625260700476,-5.682717633421062,1.0
3.318475013441688,-3.41300588386229,6.710029614359545,-2.6820769913101743,1.0
-6.290384247919863,-3.8179156807518497,3.304122664634132,-4.837211865523051,1.0
-15.958860306279162,-0.6443471501519544,-3.0293230792336647,-10.881482378380746,1.0
-8.614478164761694,-0.35886290975735236,21.232644972980978,-8.18079093523886,1.0
-6.61390738609429,-1.6176521154627328,3.215212716751048,0.8110517288271786,1.0
-11.32743737445924,-3.6573193911564807,20.32552702236733,-8.234778326733078,1.0
-21.88252837237205,-5.4753032552117435,4.460029293098877,-11.700347140145203,1.0
-29.430927127891803,-4.712369024606023,15.88954976042831,-2.2458290348814107,1.0
-18.991935481127243,-0.5540599048460475,9.469275041390427,-5.071779589165947,1.0
-20.236462644061696,-1.3875049799771793,9.270693797109578,-6.850491798526226,1.0
-18.86471202209829,-2.4031966266840756,26.529220336745666,-9.0629018614154,1.0
-21.983593235051465,-4.494333327793608,4.030078220715939,-12.319104534754448,1.0
-17.598651515154884,-4.358957871891588,-6.690664190153953,-11.074958086399153,1.0
-24.657909906057554,-4.787348792408962,12.27360684929183,-6.880801725073729,1.0
-16.69786920655814,-5.974734055868472,13.548158193812775,-16.251679128844167,1.0
-12.56558964101913,-7.933952289054352,19.73545539576041,-12.636439237500054,1.0
-17.61149818645215,-8.521373913037213,18.01839273185566,-2.690493779943753,1.0
-20.268023825632525,-5.654655177558745,4.299909366444385,-10.721063907472521,1.0
-30.281405949109217,-4.712983194796907,19.315487239232798,-8.421778554033976,1.0
-41.552720061963576,-3.6010644140938375,2.6106392333452213,-1.9228573889717286,1.0
-41.11518302558485,-0.7220733347951245,-3.9573300757198657,3.6354786680725675,1.0
-29.864266887777156,-1.3801425806017904,10.146440974890766,3.4197048259985454,1.0
-33.025343769478795,-1.3477900740154158,-12.55819460271536,0.10211418491052626,1.0
-14.142175989742128,-2.377469113992502,4.56619390532685,-5.699727321053385,1.0
-3.2422206391861046,-0.23130761625400886,8.680444634759203,-0.2823967117460146,1.0
-6.325204336983218,-0.9748813293141865,12.866394604319154,4.442020638361361,1.0
-9.960845707864932,-0.7604038320364763,18.539014222685275,6.159985177166986,1.0
4.624377731346012,-1.5941664808061136,6.052804500737624,1.4159656081351697,1.0
10.659766591611165,-3.428137597779566,7.474723176105467,-10.673768247801506,1.0
13.996398636603157,-4.974079934571002,2.3993351575542636,-12.9231006922964,1.0
-12.521846387057415,-3.8339343989809733,0.11401284255391175,-10.04784940140354,1.0
6.329803632906984,-5.7686893464010085,-9.63904405483829,4.879264105790646,1.0
26.72050975165506,-6.725325723345026,-7.781364312638232,14.654353035969663,1.0
2.990131917441756,-7.152531043205556,-23.422944945188842,14.564782028023824,1.0
31.28550198465655,-0.337214827068852,-15.807035353513873,6.048175537920949,1.0
28.130895192942134,0.32870934757785353,-5.285498395990901,3.4464509114403703,1.0
17.72194105881765,-0.22669845517206255,8.34779846498795,17.38319783017971,1.0
32.824870448257805,-5.190366913834826,21.045934619920732,7.600508298392619,1.0
29.780354341868403,-4.054960275476178,18.60223650346998,10.038828478261781,1.0
20.866412808693973,-1.7196262064059937,3.4081056802752254,7.302682832907043,1.0
25.10278889307527,-2.9230825203790376,-1.3594096473348394,3.1451979490352167,1.0
29.218374786690543,-0.48799244317036905,-1.5570878591458914,3.0907951857186733,1.0
45.1949545027464,-0.29066716182206953,1.6388084513085968,-1.1715283079694052,1.0
35.08249103251304,-6.211186163235964,14.09075616908962,3.19829323356853,1.0
17.67598820426346,-3.2883381956819706,6.996116592856501,-5.36091928937458,1.0
-12.91266260874042,-6.022720969118337,12.865203059423548,-4.799068936688242,1.0
-6.3255549101593544,-6.206668252774483,18.339907994299686,5.181338180275869,1.0
8.121331339806591,-5.267973164743799,23.554755447069134,4.527352651190303,1.0
10.376092653137905,-1.979535409350424,6.021545078085586,-1.7259612679892111,1.0
21.992251480332946,-4.230104729113808,0.34062735760031515,-3.588773997817671,1.0
22.686408628737425,-1.4240065044973813,3.306461488624656,9.816415349910727,1.0
10.467912209173154,-3.452748689452666,-12.524429777369672,14.527090894859892,1.0
30.838719697460306,-4.548584224101877,11.444030603899762,7.479994478484312,1.0
17.8508235365911,-6.06354397587667,39.20972559811051,9.068896210494271,1.0
11.429975701597286,-5.408051425316633,26.948597379050867,6.30663958502485,1.0
36.5612536797063,-2.4581460241154085,14.090437333988884,5.009655388307971,1.0
5.129435345196708,-4.264109089911367,2.3152304486276467,6.296867952491825,1.0
11.029473595830293,-3.7958761659287545,0.7815407681252964,6.375513973870655,1.0
7.980307381255349,-3.638326942106529,-1.6632371210157437,7.307711056030756,1.0
14.78577216384024,-2.9821695645234767,-9.706214417580464,3.874999577920372,1.0
22.267065592730173,-3.022889160496989,12.067705277389702,0.5208396296445441,1.0
3.729897154597772,-5.1031146628377435,7.503873987103985,-0.7206092368361849,1.0
10.781152103405091,-5.78487893502923,14.928604183682076,-1.6267247165511853,1.0
30.50939675834247,-2.2953431509319024,0.060762789551674246,-5.068330269112348,1.0
13.434809933404559,-4.655347050814104,8.587758227742926,-4.933083188125298,1.0
39.34537407278597,-4.061850194563317,-3.104774048885038,0.7293607918311609,1.0
27.33134377185798,-5.0367409511726855,5.9475508335871226,2.0301391245665354,1.0
24.276943723559505,-8.18634601849872,11.501969492781026,-2.8946359346402626,1.0
23.878733748766255,-4.209231385910102,2.16266042187368,7.604037662819041,1.0
2.5384526759757655,-1.5107540683862526,19.60147302271117,1.6418752520191198,1.0
-1.2510867863210464,-0.23272633025123302,12.342075478805711,-0.23616188414866301,1.0
1.1805033191321286,-3.3605739952694966,-2.9973883821346945,9.071245249913893,1.0
15.104743992523236,-1.1043640703033537,-8.50198946253876,3.198053697940557,1.0
-6.225335372839549,-3.041172057479776,-3.959334120693484,2.9238876293098843,1.0
8.171516702027766,-5.165610848557601,3.7580659338479228,4.775570000676913,1.0
1.2915826415079046,-2.869813261751033,12.829824511272266,0.2584256884972238,1.0
10.085175289627427,-4.076763731543314,5.0654007895538955,-3.263443024843185,1.0
15.866453550467703,-6.295389821351318,0.5321784922433253,-1.2704028235899907,1.0
20.51645337630602,-8.978450705114426,2.9429312518929187,12.150727892639166,1.0
30.394447375693574,-1.7803297607032853,-3.568016928518757,4.456842314574947,1.0
25.728567789364615,-6.792839708609352,8.783577205406484,1.0888398551265108,1.0
-36.273153707481605,-10.13099558954588,20.806570695301943,1.9722029500037,1.0
-37.59182225446742,-9.071356565235991,7.004179829176262,-2.2154919040298626,1.0
-33.99879464000115,-5.735566230340737,5.141430826892677,1.994121128962121,1.0
-30.268169265671858,-3.9105933233958234,12.075156061269713,-0.6923350322555921,1.0
-21.26019482129738,-1.2058009439141322,23.482848873081853,-7.839559948878259,1.0
-20.01502544320871,-1.964078467736258,-2.8101781766726024,-0.1701109956925957,1.0
-27.79161433356611,1.443092102508659,1.5549416561786007,-7.475308369728641,1.0
-22.16826405096281,-2.927896076761148,15.913654917708175,-3.5770860561850215,1.0
-19.926634485042552,-1.7753587685774836,18.398135561781178,1.6838048958083718,1.0
-33.0479927378025,-3.0371248960100057,3.319636610267226,7.870374812318434,1.0
-14.720026939323663,-2.7761571543198187,8.687985259285716,1.9560717929330456,1.0
-15.325711355363131,-3.6772784082069623,-0.09566727463885805,-3.7777087781018963,1.0
-4.769033024255264,-6.549811047829354,13.549371171975448,-2.4168924905052087,1.0
-15.51975639737292,-8.014838974611207,23.95249740702735,-5.8131292875685805,1.0
-9.258046276933658,-3.4332619805590747,29.446276468324857,3.896042687007367,1.0
-19.252582301636316,-2.0115079111430556,3.2757868116555366,-3.559897462293283,1.0
-7.241854939926652,-1.69215595920779,8.032714103553378,4.800241879854807,1.0
-21.585459667997494,-2.2045266130640715,11.431194526792016,-2.046847175867616,1.0
-7.754451542273044,-3.944962657504102,9.765063965580357,0.6796012844775383,1.0
-40.93394949963157,-4.7533574436047665,18.68301984601275,0.3138658397113525,1.0
-28.621898287662205,-5.809606203452025,17.73662876486854,2.4846498841169113,1.0
-0.38415899373474005,-7.0808850658442735,1.8277175327136224,4.940188521438175,1.0
-7.42172327111216,-7.6552885320972965,6.755798635417134,3.689566580001312,1.0
-25.557950272027593,-6.761319955119358,22.360842471523974,-2.1041674280164555,1.0
-25.282099573581156,-7.3855509003054856,13.784047198381375,-6.791246289952651,1.0
-19.283413116393316,-5.85798470602292,20.947241930370385,1.0784880218677189,1.0
-0.5079442833216952,-3.604576596801562,-9.674672499443371,1.1324432198764223,1.0
3.699438238622691,-2.79601282292848,2.969390425773039,-4.709995368747249,1.0
-11.817801224281776,-5.616011529865141,15.360891080830207,0.02917498009568842,1.0
-27.557779655768726,-3.4044697878894143,14.386533784116262,-5.113513827047213,1.0
-16.347771292072636,-7.269795662815113,-8.864849219630141,-4.84424992255257,1.0
-29.32421367464469,-10.464036506828425,0.002038488436342689,0.41809892479200617,1.0
-25.13226214133023,-9.37799581754597,4.29768268611687,3.5162631816507357,1.0
-31.416075090699707,-7.102517746201776,7.766636033165103,0.8588997899051956,1.0
-41.77388109449812,-6.154352549237158,10.567639110031104,-0.523212025303954,1.0
-24.59043762353217,-5.962824005435676,0.8565121808920431,-2.12787745860836,1.0
-42.09919281823514,-3.701721280493171,-2.013015203431862,-0.2506141038587786,1.0
-13.984403305364516,-2.340222780714365,-21.161146366123315,-3.2331861463297704,1.0
-25.105391570432143,-5.438035223909443,1.6478983783089427,2.0123608796208217,1.0
-5.84829185959442,-0.5898706891303684,2.7922055952261684,-1.979216282361147,1.0
-25.039402524750887,-2.622029305389138,0.8691103383444423,-2.129141274746355,1.0
-22.32009728771072,-3.2042191501450055,23.457814789387445,-12.390732444117607,1.0
-21.97572392351229,-2.7605613466554075,13.808316551802754,-5.552190272982395,1.0
-11.26217358403519,1.3136180558294805,16.287125042696346,-1.9129263599090547,1.0
-16.93398568835024,-2.6198595435077543,20.089404218144633,-7.165539892714415,1.0
0.7625972415183231,-2.235682292078184,12.230776022473151,-5.605251789197348,1.0
-14.328772596639123,-2.3833820954745475,11.231416646428372,-6.651974706867412,1.0
-29.808823504505845,-3.5358879586890573,-12.39578137474465,-7.00454332189347,1.0
-39.3350183212483,-3.3846906239951475,2.6336924807376487,-8.877852248904691,1.0
-24.80789473448047,-1.6726012424477996,22.63693040632269,-1.0364854725130068,1.0
8.054401710150131,-7.611651746874414,1.0048802641456032,1.9677436571811402,1.0
23.881495650351685,-8.70790684671772,3.9831133157878362,-9.818810196570087,1.0
24.078477439190184,-5.423810818828766,-2.78620357979246,-4.416705718798321,1.0
30.169911365846804,-7.740625389654909,7.857524620051225,1.3132195812655292,1.0
14.48699584810327,-7.628371378212981,2.8429168177510733,-1.4298299597346196,1.0
14.555034532059695,-6.689763453564771,8.974054509175348,2.8604555343418574,1.0
27.486826283233707,-3.646530481866598,-6.080236911461224,2.8343086553564385,1.0
27.550258363321905,-4.61802909407081,-14.231193453785973,2.2128028889881888,1.0
19.515102606981376,0.2671638489669417,-5.606098629192168,5.505774660003983,1.0
20.2448396755108,0.31064024827585435,5.638684945681494,3.618268379004671,1.0
38.53599564747915,-4.357019271515448,6.981968831589336,5.073287738381628,1.0
30.60351442646018,-4.522247566878068,8.86052570446254,11.300666780774208,1.0
7.29740521107232,-8.547402204910727,16.560664591200172,6.960207614108279,1.0
13.355044311710335,-5.498713588489301,5.514653994831807,8.270983081930712,1.0
17.176593993478104,-4.66992025081479,4.414122832056951,1.0043679687685914,1.0
18.833649318527154,-5.006617860098354,15.141401966385637,0.276501124314799,1.0
26.846793638738028,-4.14177086398662,12.821704392782106,-4.9158280250061015,1.0
13.544813637248046,-3.1076536602300777,16.950855065392457,-6.90429815877167,1.0
12.277974237216263,-1.8100250502294681,12.61880183825813,-1.2415774688514745,1.0
16.678746436290115,1.3416638000967733,-3.639852037405574,-2.57074472178218,1.0
14.75468033163797,-1.2183378770408755,9.232589631891354,4.887784951916311,1.0
11.64628749621535,0.2740898385274706,32.58614079007474,-4.885338608555876,1.0
7.142972713570018,-2.8468442912321885,14.758720123550786,-6.644886597651491,1.0
11.140566200939375,-1.2864665466781378,8.593200819969207,-7.584216078514451,1.0
12.510876831237981,-2.4707659597357896,7.595092861335999,6.995434586071492,1.0
6.695842324677123,0.49894106606761035,-2.4558635333846333,6.8648075166658185,1.0
12.79544834441241,-0.24653170336186392,1.9036534601269892,4.67211562303906,1.0
13.525380963767194,-1.0267085278178723,23.355989130727824,5.238954633794949,1.0
19.143798777608566,-2.0537627723739016,32.629461432049936,1.059821764761272,1.0
30.832448869575405,0.2221431754298293,5.567084174792807,2.5779737097034348,1.0
8.731137317688475,-3.180116159871126,8.5275546220812,-3.342911719002089,1.0
20.702248232599665,-3.3067546998692516,19.37223104388185,-2.6974805534041923,1.0
23.813159274166303,0.6716825106937145,18.68250643766209,-1.9637513582662536,1.0
28.1179153728963,-4.783165480726607,20.572540655147833,0.8958727722839068,1.0
25.86308045080957,-7.550059371232475,12.302857246255037,4.952385444721558,1.0
19.095321487953782,-4.591753319328679,13.428287776647096,9.169065748761714,1.0
8.129998175789568,-3.8268270704948217,9.722286112691954,4.41272997406456,1.0
26.911225263011026,-3.034420285474111,14.630600902304442,6.507875034634083,1.0
29.918363610175298,-2.4682138345367735,-0.357005288700881,4.4373661140626,1.0
19.446594093289463,-3.364692178299155,4.182882354064962,1.8641356808913085,1.0
29.25700047009068,-5.880287045144035,16.476122036188663,9.062968130134747,1.0
20.978517922589116,-5.459139716051525,13.433618171470059,7.006129877401221,1.0
19.234885690714357,-2.4455166431354782,1.6508196431164368,2.9250419479353766,1.0
40.44123012919191,0.6883512465344075,9.01217127364597,3.31041876499246,1.0
25.554861639207104,-2.5315993801475147,20.96351640656618,0.4445009980889041,1.0
24.34786059094742,1.5319273081543248,27.558936351400945,-6.807104334603258,1.0
34.74665123805782,-3.0181113440069716,32.2857687335141,-2.385034207208277,1.0
21.789226140685972,-5.81186543919188,35.38489455291089,5.8304799657389745,1.0
17.968694837051995,-6.544322135032566,21.614554745002064,4.84750095486522,1.0
9.141369826248617,-6.590113518043113,6.383687099895306,7.469468935994863,1.0
-27.363976144277967,-3.1374096274426804,-0.430645268603441,0.40223467060626206,1.0
-31.33979058786708,-4.965264295965521,-0.6184205029083819,4.165524864972076,1.0
-26.269450609412633,-4.141209179658477,13.305014459720592,1.2517415707703154,1.0
-29.509608447114637,-4.408534406417456,9.86450444804333,-3.1187333329734663,1.0
-40.54403168963273,-3.0550571728161784,15.52980550289244,-6.935043575390631,1.0
-32.54279988999461,-3.587835794183743,2.2356373927322792,-10.198440678588836,1.0
-26.025441002804232,-3.223341195455589,5.625953099136691,-5.095313014840897,1.0
-20.07062940952619,-4.296575138878065,-1.6830893679170387,-14.6764389392311,1.0
-19.78749662753585,-2.325709404710843,13.031890851734243,-18.520991274512184,1.0
-19.66044672964413,-2.7411129027255,-5.1915310807335455,-10.562360116651789,1.0
-14.99827547554412,-5.744445759916784,3.034884930419703,-9.648945737021496,1.0
-14.48526478799516,-6.700989316999675,10.341247328675111,-5.565899908239315,1.0
-16.386706967397128,-6.317367027725672,-1.0989297973624286,-2.4220667000157428,1.0
-22.779985839174543,-6.192806878421573,-3.0699603525056265,-0.049187653594702674,1.0
-22.45222106799156,-5.938740054984791,17.728245143751007,-6.2831186427792405,1.0
-18.97712909271306,-2.0696003737992528,12.173105309231207,-8.064117404854931,1.0
-14.871999477653684,-0.4606623587844072,13.191658845184419,-2.1358278328713656,1.0
-9.714077072905873,0.9532322388174999,23.345606041056833,-0.44762292351001376,1.0
-30.726099413566146,-5.150845575011351,34.81830766376894,-6.087528143510803,1.0
-15.553806266445626,-7.791251632395181,24.223057112021664,0.03367849524052269,1.0
-23.624428011940008,-4.497080571971298,13.581708231965191,3.350742364938319,1.0
-31.122250604830427,-5.941134101751519,15.39059319145597,0.05738644925704817,1.0
-21.35091728052022,-5.081380820164126,4.742970799625857,-4.802238646313872,1.0
-27.20029045280946,-4.454352653234661,-7.004320501720791,-3.552773304867274,1.0
-26.11045920849108,-4.925562623352645,7.286673875982131,1.137348784359384,1.0
-24.32124148711443,-6.220157682632195,8.332237146741015,-6.082063276681697,1.0
-43.13297604118948,-5.558778128190647,1.1081236224042854,-9.322388092416793,1.0
-36.73932427181563,-4.058468057947372,-0.749095723629563,-5.424071902381758,1.0
-41.33530401004248,-1.2651962146182805,14.31425667803808,2.4615120573255806,1.0
-42.85002572513331,-4.14642913146821,18.386327800679698,-3.10425034443304,1.0
-24.745752867965464,-3.067556800356599,29.093683535190728,-2.2378537147537068,1.0
-37.00789130200925,-7.335025285945826,3.981995368250513,-4.826767811573649,1.0
-31.245674960426946,-9.0415832976167,-3.2177893512996985,-4.576962658742036,1.0
-21.815192089934563,-7.5921569188019635,-13.385682594481914,6.166239691702103,1.0
-29.18245107610472,-8.11229631865854,-4.487684696897739,3.755487500368182,1.0
-8.569861698621928,-5.180972954552431,-2.4009389150837315,-2.0054753248573958,1.0
-4.019702032428656,-8.259840208509782,-11.984999784728483,4.350326923903981,1.0
-13.861978945620294,-5.06175099788441,-6.191699445160291,4.024435776628375,1.0
-13.736675020060543,-4.861848979522591,-8.035657748599885,-1.674364055361616,1.0
-19.143193959995834,-5.24528487920637,-5.282265921265077,-3.0876136961461524,1.0
1.2553327796190565,-5.350749522704107,3.9307381860930786,0.8689683049270989,1.0
-11.831509298620444,-2.1849391644096645,2.310873931177691,-4.390742713095224,1.0
-21.818202759832232,-4.977625302405039,2.313935068221,13.262943559332953,1.0
-9.232775353965296,-6.8175346826302805,14.95834302742684,2.606093305454487,1.0
-20.466525303306476,-2.221879663543865,14.824436161974498,-2.9964831281735815,1.0
-28.317480221716423,-4.405410211468235,22.786284639108008,-0.7426150200199847,1.0
-14.677960287579099,-4.313450227571867,17.838930864422558,-8.30988736085989,1.0
-14.877756833009855,-2.307208545672311,7.759932313812505,-11.500659938761702,1.0
-20.396369144994498,-2.3143732925282934,2.2374775555041317,-5.8183347939147385,1.0
-24.622609194556034,-5.681934525062542,3.31126044517758,-6.645578321113655,1.0
21.509463365821603,-5.003823259801014,17.396131678554646,-1.3244418028691003,1.0
24.754976914042295,-2.898453850832618,20.991246560877464,4.025884766531877,1.0
20.30443081315886,-0.8544875888210077,-3.2382255629991112,6.744584080121988,1.0
13.639578338737527,-5.2707791279937135,-4.511705265441298,10.263622169175747,1.0
12.185754092522703,-3.6619263495131444,15.678315873553018,2.5079126888353627,1.0
18.69252478865496,-5.9414337618091935,1.6440386244360825,10.542902509373679,1.0
24.32783175715634,-7.888889445629334,-2.5432945538601004,1.2625459832211163,1.0
-8.22020065191845,-5.293812145343473,18.147608388318353,1.3560100164064801,1.0
-17.012215620981216,-3.5666353214578725,15.603357905271153,0.2194540514758394,1.0
17.06189172964422,-6.421832531535447,8.694735240273657,2.838402612961155,1.0
33.98791605124713,-3.7376468283720627,4.424906918611379,8.271300512494626,1.0
26.245847545700634,-7.298072754935288,4.26154014842872,8.898544576560544,1.0
27.137153718700738,-6.529168870849563,7.579282545903139,2.6123266651608334,1.0
28.346860709031198,-3.245206111821439,14.5765228705678,2.8233482766243982,1.0
27.118378330833753,-1.9398148334273846,22.01464407132362,3.7484089346074625,1.0
3.0946582553563466,-0.4236568848679254,6.437268090592211,8.662175772331608,1.0
8.077378499041968,-3.461303394132557,12.85819811488312,16.403319784930567,1.0
3.767669761188266,-5.166593003110803,31.387729731656194,2.4288513632852538,1.0
2.297530615995079,-4.616699806733948,1.089946024869306,3.084798933791868,1.0
-2.1491163344847735,-4.603304205920889,0.5723582299722558,3.631570692624985,1.0
7.589653896135534,-6.352705111164961,2.507469818694873,10.007662284001354,1.0
8.656533762744555,-6.217053798544347,13.038923561786977,14.485754513588162,1.0
0.4222880949658858,-2.7940010260546746,-7.576568495829395,14.124642334879406,1.0
26.844174600034037,-0.5316054731433657,2.3154863977085025,3.758342318508381,1.0
23.22233387620011,-0.8442806586686835,6.0968776695852895,-5.114526550570311,1.0
15.071563972974912,-3.1346082650092737,14.886340307767172,2.233903722245702,1.0
24.78236848155302,0.3092709913685132,27.580101318090247,1.5075395712883444,1.0
14.850288422759085,0.8897619569058826,18.481516877584077,8.591314766991053,1.0
37.148499191931975,-1.67739758208685,20.804110820932614,6.748165290692248,1.0
35.3530657271076,-0.2817182731842245,19.174819894079867,10.13249247977927,1.0
43.44811318419126,-0.8202729838533313,3.03604436384874,-7.959080294393882,1.0
35.042742704839895,-4.381953343675416,17.5137385682851,0.33195595733421435,1.0
18.27921313987772,-7.882425994490805,15.784809687653787,1.237447056219338,1.0
25.314234975719245,-3.8703679377421523,19.283388809239618,4.606949198914853,1.0
30.408801156443083,-1.5381269341613373,15.412340434717423,4.038999955630693,1.0
26.833402393695476,-4.474690919550914,6.82695647432787,4.935190875065246,1.0
27.148435610648242,-4.4786710800663245,10.154924838994576,-0.4929942883059981,1.0
4.7139527205733565,-2.880545165334338,29.20142682567547,-0.1893966401383924,1.0
31.338789163619303,-8.807149646046078,23.328041280441298,3.1989155261362194,1.0
38.10648319442474,-2.781357516441031,31.48231793885131,1.7362834038500319,1.0
38.53907946807479,-4.458174469526906,15.159014114207064,-2.8204986245233954,1.0
31.077103198401268,-2.8191541300309866,22.45944610467101,7.246081500792739,1.0
32.19629685990977,-3.9087344159118222,37.078853472465056,2.8791511545156743,1.0
14.925312817592328,-3.9442618678873047,25.76545740818115,7.1570250564031515,1.0
0.8797619538403616,-2.4684254176621927,-9.049859301475053,1.442097302857872,1.0
-7.082582032127718,-9.818069558733143,9.1479279230775,2.719500762487798,1.0
-8.410244241638836,-8.616129730513208,4.137947428018387,-0.17618888308544722,1.0
-6.835513710056874,-13.011891422674019,12.507613077399276,6.570645808246741,1.0
-1.675003140599241,-7.056478328195518,19.599713802804647,6.823642475484297,1.0
-5.053872991725473,-7.3986592936416935,31.367635738380216,11.90554499658601,1.0
-29.863124180911257,-4.181345717995027,4.994110865257327,-2.033529386481912,1.0
-9.88484970706959,-2.0052297240138923,13.118380227302088,-5.6821748952089814,1.0
-23.30591326158666,0.48365987951098344,6.107742450325586,-1.1569108608850704,1.0
-17.788776627258443,-0.26530529679265413,-3.4646895481685283,0.27586651081333313,1.0
-13.533772190549666,-2.913301861900046,-2.3543076791551782,-3.4049407313966684,1.0
-10.023427753159783,-2.6747033337952306,-1.4411307212321445,-1.3921244060566234,1.0
8.048575927597945,-3.9283501029497527,11.758861224920544,-4.667052996644422,1.0
-7.338981871054301,-7.103974064895103,25.752010671963596,-11.831860415111898,1.0
-18.935566200365088,-4.216592993816841,25.259099394386702,-5.132767642494359,1.0
-29.195690855746427,-7.4001810264140575,17.547710614714763,-4.130161728928491,1.0
-31.111409342582157,-11.480014854130406,10.237178750846585,-3.2260517186932316,1.0
-25.857183085314006,-6.401664055588742,24.169029543225086,-4.3163246380342954,1.0
-32.321334852088945,-5.174949079213468,22.40586161337393,-4.522701650289784,1.0
-24.926354429114383,-3.458994690092272,16.10498357686029,-7.921349721073993,1.0
-26.644387493714447,-2.517796341868203,-1.142042517231662,1.0712569079718985,1.0
-31.745966053819405,-5.222985345263956,-9.66613328579728,5.00958450227943,1.0
-18.255853066494783,-3.8730488568856813,3.991221966510751,6.979949345057667,1.0
-6.332115066205658,-5.836477090505873,13.547786699865274,7.507274833450864,1.0
-9.076068760811768,-7.510780753728385,20.42775632222591,4.258600183812913,1.0
3.8294487662113585,-4.487466044142272,17.788330821346925,10.889053690435242,1.0
-24.40207745015869,-1.0246842488700505,6.567928988551631,0.8709159660615935,1.0
-30.833321034471545,-2.973567032444233,8.481570436131364,-3.414976806604268,1.0
-29.422113904808747,-0.6334596890612469,11.760717311619905,-1.0978871810262065,1.0
-39.47882799166486,-1.9052783704714296,25.157298738188494,-5.553506157072425,1.0
-34.89741809206353,-2.202988931711835,11.712777853999356,0.9347837295466417,1.0
-25.93027399928648,-1.7736958263517808,15.872556687331041,-10.894762648166957,1.0
-25.0419008923094,-4.586531548592117,10.40357846287204,-10.096777749049629,1.0
-30.340067952921537,-1.769752042509486,21.025643287463133,-7.041358809604588,1.0
-11.152476221175988,-0.7163972772852021,25.372629915917376,-6.7346998260563105,1.0
-28.492960959844872,-4.138085946332431,29.610904421460376,-7.158381071573697,1.0
-43.792140176669776,-7.160318673333954,13.651702082581217,-14.480228072522218,1.0
-59.32587392683051,-5.427826403331563,-5.441595975614808,-10.86135368740064,1.0
-32.42450815462543,-6.04484959260254,3.805610604328546,0.0840268247793734,1.0
-16.269224434562915,-5.187619585538826,5.9091171377709735,-6.648092118634053,1.0
-9.582366142652265,-6.638656891215216,9.296480680621396,-5.891030650798423,1.0
-19.449249364719996,-3.0773005496799684,28.457668267476343,-2.7572830953921947,1.0
-26.099053562946672,-5.517066090915982,13.839363352799413,-0.6108003354896137,1.0
-26.184430720422803,-6.599187574468672,10.488783505568074,-1.4444337150762374,1.0
-13.768312650163004,-11.019851786911666,13.405825711713394,0.020809570439991987,1.0
-19.834042847304328,-5.538137050898742,0.18949541004349513,1.2967608748052584,1.0
-9.57257792538125,-1.5554486051966636,25.024558934148068,-5.803048142828224,1.0
-7.472447157146167,-1.2153320123332483,11.658006593775816,5.677018151300166,1.0
-19.190371967705303,-0.728960232955699,17.18797695005304,-4.007554424594246,1.0
-33.46330211512063,-0.24740960980217608,16.687186949103847,-2.0464843585380574,1.0
-11.08977771945075,-1.1270493053572443,8.842310349703082,-3.6101073171652045,1.0
-23.764613372302286,-0.3002804297239887,3.7126538591923657,-10.01693566376791,1.0
-25.733802491229994,-1.5343340990536758,6.282539245398423,-9.26230168690913,1.0
-28.746529948299873,-4.381502583068063,-4.113701876024265,0.18687719662439806,1.0
-27.996958088553598,-4.870325389018346,3.7347169658182695,-1.6986575857530455,1.0
-37.814743138157255,-2.6141425814723247,-10.994326917565957,1.2558143015133205,1.0
9.152407904655563,-5.445064121444035,-24.61704118319379,-3.938674491462271,1.0
9.15983851929698,-1.1162370927030763,-29.064444182774757,-5.43621283134823,1.0
3.8087333459352806,-4.769128143335982,-11.581318446636292,-4.444509982652856,1.0
18.476508263635047,-2.8226370791433113,-1.313880174238852,-0.05946787905736817,1.0
23.768969385325896,-1.7779043508660188,9.40538829122399,0.38113187751243005,1.0
22.37608705465231,0.10099828769665642,4.753106510612739,7.783330118529163,1.0
17.519168002967284,-4.672623792540518,9.295940495800219,3.3984721736863275,1.0
39.53140902279446,1.2197537161811454,4.687852207744931,2.5930543915708903,1.0
24.498954580273633,0.16305454124325802,1.8516015664580863,4.329808473248886,1.0
27.626147327151116,-1.3864684744347584,-2.3616247706371123,2.4610722484810217,1.0
7.737214302844944,-2.4541035988170528,3.244327046498384,3.6182284073089255,1.0
23.112239495678352,-0.14269376616547458,-6.797920523181519,3.846390797654121,1.0
9.7885382911384,-3.643214416828121,5.815213683841926,1.0201178916515152,1.0
-7.199752258267939,-5.023801277711322,10.869885887563854,8.791047605352388,1.0
18.34065391550075,-4.660542995107139,33.55560420814585,10.518121642400002,1.0
11.908326944725951,-5.055289502729255,9.866341796632877,12.787487459848878,1.0
15.998776392784714,-4.7738335926326485,1.1295560874037855,9.398228959404797,1.0
34.30861760390707,-5.661352251294521,14.490994596574778,4.273590483037283,1.0
40.69988724758738,-2.6961480437159224,6.916978751678704,2.497828228179559,1.0
14.766447584840108,-1.689513308532137,5.268866305682672,0.44904760129690535,1.0
8.226730199816426,-4.745837201132242,29.285640804715293,11.1256204963472,1.0
8.54133071439286,-0.842424589053593,8.36057802017997,11.511696396038582,1.0
5.126666463627743,-5.054519526776719,14.151283868468273,14.367359772280562,1.0
20.50351446479191,-5.890564568388086,22.321217857413096,13.19826275892742,1.0
24.203839201320633,-8.503104574060854,12.978510009125973,-2.8643558298430802,1.0
24.689546387589687,-5.0489708391626635,-0.6514093383136608,1.6322947727370083,1.0
25.430921004922787,0.7795114892434669,20.484223809598227,2.956992638405479,1.0
5.1530702925947915,-1.0530801606472129,22.62572566726454,9.39770665397591,1.0
15.151947454562308,-5.468808636190703,1.8136328386543923,-0.6524387253951422,1.0
42.187184449453994,-7.37153732433654,-8.801105703627298,6.331684378182697,1.0
35.268116489219416,0.44055221078758633,10.659750867855767,8.342501835854744,1.0
31.32770141289928,-3.1800664546288067,8.63383352225062,6.407035011956663,1.0
14.713471809659291,-3.260427581675345,10.052979071938625,9.170029729586862,1.0
8.760414654573825,-6.024959259117947,14.420333803744143,5.2935698940283435,1.0
-0.15716148494171378,-8.274150563675478,-1.5420426785076256,7.2222782546927125,1.0
22.416213696815003,-6.999359529306829,14.142316750290368,-7.651267733539166,1.0
19.39962696090719,-7.05862306311985,1.8936234210158727,5.27503765150718,1.0
12.624699709044458,-6.3149392267200355,5.859005160866543,-2.530303485460401,1.0
8.31878461804159,-5.051772273336372,18.263521238178175,2.671264457086495,1.0
4.384995684817272,-6.016996542851393,26.310035925629208,0.28851361004028364,1.0
32.8586445287444,-9.590834711858541,12.536030847040466,1.0689850790498172,1.0
16.569620232180384,-5.030684818974676,6.333686773297761,5.316589352478027,1.0
20.804510331714283,-6.343232951568986,9.170767052119055,3.5366606070950644,1.0
-4.487118568118518,-7.637277347695756,10.20098463956669,6.594400695692013,1.0
7.250218874663875,-2.727223331398384,-3.484223900118109,7.197584999623051,1.0
11.41701469814776,-1.823442151207031,1.647020959021452,3.171826869953378,1.0
2.818035920574067,-0.4371045350487348,15.689707602859531,9.022314966384924,1.0
21.41937550065794,-1.2764713954447677,12.126005459382874,6.936420297410441,1.0
17.62871741614174,-3.7645995608776417,7.878710303928871,6.832067925524731,1.0
4.2359790199197,-6.00610909141942,7.29718548670141,1.7710246970596406,1.0
-25.852129417057142,-4.878139876547487,22.89294789429949,-2.254060976799878,1.0
-13.834133633526262,-2.026307178383936,7.847558080947498,-3.694465787529394,1.0
-16.251818837352346,-4.455089924633751,10.180870258336956,-2.36910848523688,1.0
-25.619212447485236,-5.67294720653204,10.870798695803032,-3.9646809052615644,1.0
-27.07860580606051,-5.173499064291281,20.540740572479642,-8.732651452006294,1.0
-16.397997801296654,-5.902312664145752,25.51197384293144,-0.7562529693584281,1.0
-21.319775914198292,-5.179391233537939,18.012306658499806,-0.5794860278966203,1.0
-24.363516695347663,-5.624641198854899,14.845390365340014,-1.392685950500002,1.0
-4.848558603653101,-4.23813838074547,29.13826753405794,-1.8627308769213262,1.0
-22.839698911062772,-4.712409936065641,15.177677701950849,-1.191486768899984,1.0
-12.836336447314261,-3.068308392546271,11.311463217275557,3.842457203220162,1.0
-26.857123187757598,2.169332470573177,23.640876935225805,1.3382589966641194,1.0
-12.088237251730027,0.07135486273606251,17.475806583084623,-9.056157341489598,1.0
-29.888525369273054,1.7353024188559831,1.3309751234519105,-9.300324009898501,1.0
-36.938616396978546,-1.967027786304712,28.439375927035137,-8.971065399223319,1.0
-22.883022030511025,-6.204035431136958,24.53958559044417,-9.164717661491997,1.0
-32.50727380805709,-5.602155132941363,24.760553794310777,-10.820825020700072,1.0
-25.013455373359545,-4.36640472630884,-0.7196548502510485,-3.841290828268812,1.0
-26.88535048100306,-9.838670764458648,8.42038014822996,1.1575500286275195,1.0
-36.89028064252133,-1.2455942255922894,2.741964517018964,-5.327266540394919,1.0
-21.882050605684746,-2.768612318700675,7.40542135796165,-2.0354141768451637,1.0
-25.18516361905314,-0.6040452413814732,13.698445144500605,-1.5724803654281532,1.0
-24.075198487800986,-2.8460859381219037,16.407792441462533,-0.4297531119488962,1.0
-39.05887356585838,-1.1709729741652872,16.956586643348544,-8.038402084901744,1.0
-29.953353430921,-1.9654477861282562,7.532524541453426,-3.030515730832556,1.0
-23.01802520737208,0.28853552950563177,-0.4743962717764578,-4.351819944130185,1.0
-15.457405871030467,-2.4395901789194268,-15.987105760940793,2.6761190920156483,1.0
-12.577971933271987,-7.927727577147175,-9.376930326735,-3.254778253331931,1.0
-29.713609461051668,-4.738470103958375,9.922431361609036,2.8544502170820625,1.0
-28.381797660030365,-3.2751661350436945,10.120454963239622,-6.096713374266285,1.0
-1.929337111420132,-5.981660940359028,8.423087468554526,-4.49641734655523,1.0
4.463425422982134,-7.340837251030936,2.935186642772665,-7.406147681137111,1.0
15.277358947412047,-5.602219370977705,9.114926962099462,-1.3146970204563564,1.0
-24.851816261686025,-0.7379320804620657,16.129883021408304,0.5469277811317577,1.0
-29.625253345247692,2.6154047274984356,20.83235912835338,0.6749884236934891,1.0
-41.97368874653175,-3.2874855483435153,14.606242544542335,3.7722511011662934,1.0
-22.14660167161949,-4.489922585960083,19.957588345111347,5.565372392961556,1.0
-18.087964719742182,-6.604183863431558,28.265776480421067,-6.504492150920492,1.0
-24.316724910528666,-6.949279200950002,39.45719404009459,-0.8630260536719521,1.0
-14.85154838273093,-5.170283369285908,29.144670707600554,-1.4419013263144524,1.0
-28.85683159970053,-3.368371165635094,24.037827878733296,-2.013460697892425,1.0
-10.175859631245114,-3.8073408424417003,12.774705212580871,-2.404962299317631,1.0
-18.043747226608698,-4.844844203153856,15.54154736302267,-8.86603648080752,1.0
-29.832948989561807,-2.0365879285135517,25.85048186961467,-13.119058760988912,1.0
-42.11750845546153,-5.900474477634259,29.863128226619985,-13.027801197268678,1.0
-30.765467864149826,-5.837301273134058,34.33438574426948,-16.039593228037848,1.0
-25.259041454638833,-4.800285804057307,12.12267595720644,-16.663977564255667,1.0
-27.837260722359446,-5.578054958256205,1.9375006153952192,-5.930102075020832,1.0
-19.860310414283585,-3.1331380542767606,2.599767954615352,-3.2991762020966835,1.0
-28.388306067089662,-2.8706063473096357,3.7152827511658373,-0.45652202017389154,1.0
11.475659743267801,-2.1854963062438895,-2.9718000441522197,-2.188963129085843,1.0
40.915776642490044,-3.7166954522035054,-7.700075749041986,7.852949188336167,1.0
33.3856711445912,-2.140243848844018,4.916040498416951,0.3870504563900239,1.0
28.136357544429398,-6.175175945848228,24.89000603257143,0.4059300472673528,1.0
13.192159164256115,-3.810188725518904,12.313163046679195,-2.4689140314445224,1.0
17.135158507545295,-2.5327989218607305,0.38811185945563054,-5.09957648462032,1.0
13.007303189147951,-3.1955025974406936,-5.770785446709406,-2.2148360207355795,1.0
20.40250513917568,-4.049889085945188,16.92595120087603,0.5564385201290916,1.0
8.477027284301872,-5.089546005132425,19.797454430683338,-3.105231213655498,1.0
13.924438133043381,-5.4479006411882995,12.399182638994423,-8.186511410902009,1.0
19.98802074598427,-2.7200756476443537,15.191005228351438,-4.33468872523526,1.0
23.446683854582577,-3.27743183819337,6.747306072463645,-1.1668378345578576,1.0
25.731586401903208,-4.557404125136891,17.443315973451423,-1.3050453198520642,1.0
37.3061510779514,-7.29871137204732,10.579643290749843,-4.28071274021433,1.0
20.912687080780735,-5.5099178173297005,-5.283646549846454,2.798783249079443,1.0
4.3784094756959995,-8.902246009824184,-10.735812996691198,-2.532504273603867,1.0
-1.8741180914892306,-3.9033914552233764,9.598107366871641,3.7376394257569263,1.0
9.532600404618256,-7.519336252594441,9.17684841364126,2.0699761846747204,1.0
3.9229512774094255,-4.757972352460994,-7.9541015145634795,7.372957394367377,1.0
6.052116421518283,-11.895182952665369,14.044066237221852,-0.5227444883297006,1.0
-0.998210122577408,-12.963337228392321,-4.277921305706755,-3.6154339463779173,1.0
4.721462522922469,-9.606616866476518,0.8825555036044488,-3.603530122341177,1.0
10.421365385809768,-9.044100390088694,10.579486088588377,-5.395048193909312,1.0
21.11701347079469,-6.621271162037875,12.253113959536226,-2.239883617797244,1.0
29.70940112254668,-9.499112362708612,15.312692943788743,4.5687716368417295,1.0
13.071966364950818,-5.539228298260431,21.506247739755068,7.198631244838433,1.0
27.95465383381257,-4.087446473895192,16.658798193152954,3.3053990347378703,1.0
27.825116396426615,-2.9370832948073016,-2.46919067044683,2.4196628682735914,1.0
22.042424232253417,-5.251769310703729,4.533418940711224,7.268104365769766,1.0
25.55401156204759,-6.2125808703918555,14.877756232279483,0.5147389531777582,1.0
27.042923195613852,-6.364830192217967,6.843160402102291,0.7610407730808858,1.0
12.97000802972882,-4.955393364235655,13.85224987081265,-0.8226015617801119,1.0
19.740545564047494,-2.175579418178712,19.354496773373576,-6.612173467346355,1.0
16.12926097530838,-5.690396963353528,18.087228469208693,-4.119183178050916,1.0
11.63176982294085,-4.524873441451043,13.167272180935578,1.2273905320737928,1.0
20.297568620767734,-6.236189707129895,12.25280097324784,11.964272646790086,1.0
6.360286773272076,-1.6881188003938181,6.98989064761035,5.607691095126011,1.0
22.47124650197472,-9.804808173283671,0.09536821353283287,-2.8664705540679725,1.0
23.573129491865814,-5.325680707436115,-9.010916125314898,-10.173312238967117,1.0
-0.7915082694361004,-4.8404199812661295,-8.899522302618756,-12.113680602190321,1.0
11.41963215204091,-7.493502422706898,-9.943602559759432,-5.521940249767416,1.0
11.021623557627702,-8.58423669423918,11.52545781987607,-2.9040338364135376,1.0
16.740755519393417,-6.1164805245924345,13.914625653330077,-2.6189823947879747,1.0
29.925737265073405,-3.0732430403635074,-5.438396442406428,-1.6964076169276718,1.0
21.7674100929386,-4.6890733329089205,16.273824499589487,0.487351424162604,1.0
20.125501432722853,-2.840231548157089,21.502941492373274,-3.7065491316563266,1.0
8.698057528988482,-2.629084179755077,22.060311720860085,-2.6721542446330595,1.0
5.276042273313973,-1.3868763243870488,5.111767090701626,-3.318312615560096,1.0
25.343316694994407,-3.7780199825526855,7.612755325434099,-1.3249727935152276,1.0
22.87388675423759,-1.049364503280133,12.796386900521028,-3.251714932734419,1.0
-54.22281394643439,1.452507208208162,16.379835835738916,-8.847671909685968,1.0
-49.648099531785334,-0.9447379230299919,16.041385589798292,-9.441216208707615,1.0
-40.32603129412344,-6.640644925997579,-2.6303547793752315,-3.2672191431606015,1.0
-35.61346683834934,-8.564511733030646,8.666252762368638,-3.0751542416489674,1.0
-31.127601798899363,-4.90044197066584,9.274003758126007,-1.5273453569072437,1.0
-27.392047170445522,-3.3482369674379457,19.78587380964727,-3.298931103780659,1.0
-16.464889034303337,-1.0526799770716053,5.502405574606821,-7.519984852047405,1.0
-36.28101455547103,-3.962356597964196,20.589080784665057,-15.313993848454416,1.0
-34.79840657064229,-7.383871833152085,4.31763623115579,-4.218961283701586,1.0
-38.782928607435665,-8.127095104130381,7.328271389911244,0.42486418280266347,1.0
-29.088407900496875,-8.925861745164454,2.798040674649778,-9.631323813040858,1.0
-30.244864835709723,-9.39482754196509,6.107971394775814,-1.0263390541680124,1.0
-28.275104611121385,-2.829704924923549,-7.184540767393873,-2.116918323388699,1.0
-28.321852789505485,-5.354675740786267,3.6110466244616735,-2.3835439117175676,1.0
-24.90595566209224,-4.318225154474087,-7.265950832925787,-4.116384899927516,1.0
-32.23882435447122,-4.130581382602248,0.9448193833791656,-10.965317841619857,1.0
-16.104274457100566,-1.3436111450658803,20.846225786939705,-7.961585288976685,1.0
-23.945574206015383,-3.7129646809719863,4.312527853514485,-6.168403778166892,1.0
-34.12990977412527,-4.184454405380231,11.18734166344641,-5.027863662434191,1.0
-22.60920282111236,-2.2633556836844164,21.909101028336526,4.068892995820544,1.0
-11.415242845722862,-5.928367053307435,22.72391596270061,-4.050416685545628,1.0
-26.648887046723978,-5.271961287605761,22.699993732474155,-8.449004352615344,1.0
-37.96791393721793,-2.4735160665997977,21.972818794456174,-4.381842550331471,1.0
-5.637234083057734,-2.430931900257326,10.973106963430878,5.106583819057437,1.0
-12.537957509777264,1.6377137679390374,4.820443434165987,2.4911572351044304,1.0
8.788442900903895,-7.447157903680596,-3.447553227355179,-1.481966104108239,1.0
-4.015937893923864,-4.734548507430683,8.447846529232715,-0.5757245468835226,1.0
0.03104681594846248,-5.221597331312207,-1.4589395517213974,-3.5356108555282613,1.0
0.6705814291141294,-0.6693787711423993,16.940579519037158,0.6773075160109727,1.0
13.269769513700279,-2.8562963786027735,20.827646395721157,-6.949603577881166,1.0
3.294397945321066,-3.1164595758191522,14.594862257990027,-0.8369433709767597,1.0
-8.682185918701798,-2.976681319236346,16.41929671857295,-1.998684337620247,1.0
1.6552406281114962,-4.7412894221939945,17.75277671363432,6.68101552552504,1.0
5.502172055966085,-4.892231715539056,3.5241918115173982,1.1513850296336017,1.0
-14.047064295397803,-1.1186905821540325,13.065413810839935,7.993565047512007,1.0
-2.9694650250527292,-1.322771643380419,5.7514292443048625,1.4931420685139125,1.0
-28.892534236634816,0.5798346665779359,11.482811883237101,1.761219900509344,1.0
-18.621369879821923,-1.388921712864792,18.799537236091602,-6.400877367942297,1.0
-23.789424085896762,-3.5356606704904303,21.45133775801276,-2.27290941478443,1.0
-30.862245894732048,-2.0347579510213025,17.765864909516857,-8.756092957854442,1.0
-17.08501211721983,-1.5257802532634082,-9.038873736996402,-9.003179308772623,1.0
-17.70296570746683,-3.3848405888358557,7.0175444304393855,-7.542868058275049,1.0
-29.7823597816404,-4.143407765466845,13.81485537799829,-8.028657046648357,1.0
-21.484390350160954,-2.0782001960414833,6.126514273746688,1.591484611159389,1.0
-22.635782013988774,-4.561065277475501,14.834382587380873,-4.0945023564775385,1.0
-14.533424603609475,-5.849724020377372,22.447195138640147,-3.794910741396526,1.0
-9.215226813273846,-3.153609461837103,6.156865534135455,-5.707117369542268,1.0
-23.119897014322323,-4.161565259750887,-3.233059479249304,-9.50461033940657,1.0
-22.14120626271641,-4.905873184795638,5.819043321293474,-7.527048722593796,1.0
-31.581549026321298,-6.196332008046009,-13.957905184507245,-10.03249419665527,1.0
9.213767144568191,-4.562034903563181,1.7601072378509723,4.967205965730518,1.0
7.95961496089471,-3.1943553524084423,6.11722824242138,5.539058979500527,1.0
41.85654693829251,-3.3131228794831955,10.27169464439664,2.928701295214874,1.0
41.83603350323803,-4.4876177364348795,19.99105910138838,1.0750027438603347,1.0
28.716101543259406,-6.823523954486093,20.252275270151763,5.215312756087263,1.0
36.23678656918153,-4.380727149721704,13.049692348917457,-0.26275215692310727,1.0
21.798539658227384,-5.9520972933246155,-2.3201275867258673,-3.294158654386365,1.0
25.810083613933664,-3.17382606954619,-12.252707752606245,-2.9568214378322475,1.0
27.75921738096239,-3.1371548609807762,2.6738156967697133,0.8415711287393028,1.0
11.388238010509983,-0.161135396393703,-18.278203452611333,5.850817931668066,1.0
13.28076372558697,-3.1766768799791083,-8.615124311199725,5.59759519856059,1.0
22.023882088158217,-1.368065377864084,23.186425052347737,6.742423113912664,1.0
18.443040593484476,-4.3056310576703085,23.33337665064595,3.2308434211650527,1.0
34.80053098398015,-7.205193693694392,-1.589394120697813,1.8649309297225405,1.0
13.782864038794472,-2.090862618977087,-3.7789386293348013,1.883955829589618,1.0
17.673956587509828,-2.6081847175735478,-7.632935138486138,-3.92693367031891,1.0
-4.896675433699,-3.287412743059462,-7.796368748928359,-5.159751663142729,1.0
-3.6342067576930113,-3.95449846260664,13.782816013342302,0.6972618363831118,1.0
11.058114870727334,-1.1459344219252374,11.974601651384528,2.6196488015925885,1.0
24.729301014267577,-2.201430400355527,29.395460196907187,5.801924564440663,1.0
13.646718304875282,-2.3317084676210382,0.028641153608246483,1.580663138788446,1.0
9.85027286752906,-6.261736486011666,11.931250542646914,9.991160213420088,1.0
-1.5062229797765134,-8.087153194573531,11.956956357340916,3.2785236695638678,1.0
-1.5912759592660866,-10.601799519161949,16.9123998121722,7.37764438199465,1.0
-0.7742496175884508,-8.324774845912817,-8.216688945793983,-1.9685599633833917,1.0
11.068285115562084,-2.5051089841379124,16.556170269179823,0.8543285480036757,1.0
2.621174139678633,-5.559242172131721,28.130473874268105,-2.589374294172008,1.0
-3.03806839858677,-5.06275276700881,15.109098773698015,6.3160684178405795,1.0
30.742416878539693,-4.270895853119862,24.032649072796453,-1.0862259594957178,1.0
29.53098124536686,-1.1100162625987644,15.586159070180095,0.7614608414107977,1.0
21.33837234490733,-3.9366188792039445,-1.0888753443277528,1.6858591379042958,1.0
39.09881954047176,-2.818331478827322,0.7927837534508768,8.675754114529086,1.0
40.62935587537602,-2.627134155013416,1.106971607943902,4.527728232761985,1.0
35.7361952330553,-3.084692590010455,31.325161405411688,4.0218847726395035,1.0
26.25723703386968,-7.279161493313839,9.634721498622518,2.740491818274414,1.0
20.17695370102079,-7.1439463628561155,16.749763214555923,6.358588458301991,1.0
22.9330926672786,-6.545010186821234,20.388558639769116,3.1033538988224536,1.0
1.471851754543291,-2.2839596287302406,39.35862632633121,12.260426545117697,1.0
9.711751855928403,-3.67618272774435,34.15879906677136,5.608057089230879,1.0
10.637296128174192,-8.249796802878006,12.837721896171889,6.592902245492962,1.0
15.817942654066268,-6.432459401420987,10.99565357658939,5.506422463100918,1.0
20.84655067491548,-3.127301280374676,5.359688913368522,5.357521967894989,1.0
11.078488871965698,-4.649617022147754,1.53147289574816,9.389150092024646,1.0
18.593818245599824,-0.6846772492901463,12.98546002598363,-3.233785152420875,1.0
14.299016049090655,-2.0601288676584577,12.310315241429354,-0.6014630383559112,1.0
10.77818932769411,-2.853332229883551,9.1963211181784,-7.6978493340182,1.0
19.322278303572304,-5.435951298797993,14.301568760580118,-0.8755547762940825,1.0
13.871663468860483,-2.621837052833509,23.728364405136922,8.088119375358296,1.0
11.9304238178275,-5.381644096041596,32.58236577927576,-4.671314079618622,1.0
-2.618484631341474,-5.420337405711573,15.70721371253342,1.450274300786396,1.0
